2026-08-31T09:30:04 | INFO     | root | Logging configured | level=INFO | dir=logs | handlers=6 | session_redirected=True
2026-08-31T09:30:07 | INFO     | app.brokers.factory | Creating broker adapter | broker=alpaca | live=False
2026-08-31T09:30:07 | INFO     | app.brokers.alpaca_broker | AlpacaBroker initialised | paper=True | trade_url=https://paper-api.alpaca.markets | data_url=https://data.alpaca.markets
2026-08-31T09:30:07 | INFO     | app.utils.alerting | AlertService: No channels configured — alerts suppressed
2026-08-31T09:30:07 | INFO     | session_runner | RSITrendStrategy config | rsi_period=14 | rsi_oversold=35.0 | rsi_overbought=65.0 | trend_ema_period=50 | min_bars_required=55 | bar_interval=5m | mode=standard
2026-08-31T09:30:07 | INFO     | session_runner | Session runner starting | mode=PAPER | symbols=['SPY'] | universe=grouped | poll=30s
2026-08-31T09:30:07 | WARNING  | session_runner | Scaled cohort guardrails_v3_shadow_validation | broker entries blocked symbols=QQQ strategies=vwap_reclaim,orb | DTE=2-8 | delta_required=True | signal_age=10min | exit_variants=True

════════════════════════════════════════════════════════════
  Session Runner — 2026-08-31  [PAPER]
  Market: 09:30 – 16:00 ET
  EOD exit: 12:30 ET  |  Poll: every 30s
════════════════════════════════════════════════════════════

2026-08-31T09:30:08 | INFO     | app.evaluation.pre_session | pre_session [PASS] paper_mode_confirmed: Live trading disabled — paper mode confirmed
2026-08-31T09:30:08 | INFO     | app.evaluation.pre_session | pre_session [PASS] kill_switch_inactive: Kill switch inactive
2026-08-31T09:30:08 | INFO     | app.evaluation.pre_session | pre_session [PASS] market_day: Today is Monday 2026-08-31 — trading day
2026-08-31T09:30:08 | INFO     | app.evaluation.pre_session | pre_session [PASS] broker_reachable: Broker reachable — paper=True
2026-08-31T09:30:08 | INFO     | app.evaluation.pre_session | pre_session [PASS] db_writable: Database accessible and writable
2026-08-31T09:30:08 | INFO     | app.evaluation.pre_session | pre_session [PASS] logs_writable: Log directory writable: logs
2026-08-31T09:30:08 | INFO     | app.evaluation.pre_session | pre_session [PASS] daily_loss_reset: Daily PnL at zero — fresh session
2026-08-31T09:30:08 | INFO     | app.evaluation.pre_session | pre_session [PASS] no_stale_pending_orders: No stale pending orders from prior sessions
2026-08-31T09:30:08 | INFO     | app.evaluation.pre_session | pre_session [PASS] data_feed_fresh: No prior session log today — first run of the day
Pre-session checklist:
  ✓  [required]  paper_mode_confirmed            Live trading disabled — paper mode confirmed
  ✓  [required]  kill_switch_inactive            Kill switch inactive
  ✓  [advisory]  market_day                      Today is Monday 2026-08-31 — trading day
  ✓  [required]  broker_reachable                Broker reachable — paper=True
  ✓  [required]  db_writable                     Database accessible and writable
  ✓  [required]  logs_writable                   Log directory writable: logs
  ✓  [required]  daily_loss_reset                Daily PnL at zero — fresh session
  ✓  [required]  no_stale_pending_orders         No stale pending orders from prior sessions
  ✓  [advisory]  data_feed_fresh                 No prior session log today — first run of the day

  Result: PASS
2026-08-31T09:30:08 | INFO     | session_runner | Pre-session checklist results:
Pre-session checklist:
  ✓  [required]  paper_mode_confirmed            Live trading disabled — paper mode confirmed
  ✓  [required]  kill_switch_inactive            Kill switch inactive
  ✓  [advisory]  market_day                      Today is Monday 2026-08-31 — trading day
  ✓  [required]  broker_reachable                Broker reachable — paper=True
  ✓  [required]  db_writable                     Database accessible and writable
  ✓  [required]  logs_writable                   Log directory writable: logs
  ✓  [required]  daily_loss_reset                Daily PnL at zero — fresh session
  ✓  [required]  no_stale_pending_orders         No stale pending orders from prior sessions
  ✓  [advisory]  data_feed_fresh                 No prior session log today — first run of the day

  Result: PASS
2026-08-31T09:30:08 | INFO     | session_runner | Pre-session checks PASSED — proceeding
2026-08-31T09:30:08 | INFO     | app.risk.risk_manager | RiskManager: new session 2026-08-31 | starting_equity=98461.40
2026-08-31T09:30:08 | INFO     | session_runner | Account: equity=98461.40 paper=True
2026-08-31T09:30:08 | INFO     | session_runner | Paper endpoint verified | hostname=paper-api.alpaca.markets key_prefix=PK
2026-08-31T09:30:08 | INFO     | app.trading.session_recovery | Recovery: _pending_entries set to 0 (broker-confirmed open orders; DB had 0 rows)
2026-08-31T09:30:08 | INFO     | app.risk.risk_manager | RiskManager: counters restored from DB | entries 0→0 | pending 0→0 | losses=0 | pnl 0.00
2026-08-31T09:30:08 | INFO     | app.trading.session_recovery | Recovery complete: 0 pending orders, 0 broker positions, 0 warnings, 0 errors
2026-08-31T09:30:08 | INFO     | session_runner | Running pre-session universe scan (mode=grouped) …
2026-08-31T09:30:08 | INFO     | app.scanning.universe_loader | UniverseLoader: loaded 5 groups (13 flat symbols) from config/ticker_universe.yaml (blacklist=0)
2026-08-31T09:30:08 | INFO     | app.scanning.universe_loader | UniverseLoader: 38 symbols from 4 group(s) (blacklist=0)
2026-08-31T09:30:08 | INFO     | session_runner | Universe scan: 38 symbols from 4 group(s) | max_active=6
2026-08-31T09:30:10 | WARNING  | app.scanning.yfinance_scanner | AlpacaScanner: no daily data for 1/38 symbols: ['SQ']
2026-08-31T09:30:10 | WARNING  | app.scanning.yfinance_scanner | YFinanceScanner: SPY intraday data stale (age=3308s, threshold=1200s)
2026-08-31T09:30:10 | WARNING  | app.scanning.yfinance_scanner | YFinanceScanner: IWM intraday data stale (age=2108s, threshold=1200s)
2026-08-31T09:30:10 | WARNING  | app.scanning.yfinance_scanner | YFinanceScanner: failed for XLK: 'RangeIndex' object has no attribute 'date'
2026-08-31T09:30:10 | WARNING  | app.scanning.yfinance_scanner | YFinanceScanner: failed for XLF: 'RangeIndex' object has no attribute 'date'
2026-08-31T09:30:10 | WARNING  | app.scanning.yfinance_scanner | YFinanceScanner: DIA intraday data stale (age=3308s, threshold=1200s)
2026-08-31T09:30:10 | WARNING  | app.scanning.yfinance_scanner | YFinanceScanner: failed for XLE: 'RangeIndex' object has no attribute 'date'
2026-08-31T09:30:10 | WARNING  | app.scanning.yfinance_scanner | YFinanceScanner: failed for XLY: 'RangeIndex' object has no attribute 'date'
2026-08-31T09:30:10 | WARNING  | app.scanning.yfinance_scanner | YFinanceScanner: AAPL intraday data stale (age=1208s, threshold=1200s)
2026-08-31T09:30:10 | WARNING  | app.scanning.yfinance_scanner | YFinanceScanner: SMH intraday data stale (age=1508s, threshold=1200s)
2026-08-31T09:30:10 | WARNING  | app.scanning.yfinance_scanner | YFinanceScanner: failed for MSFT: 'RangeIndex' object has no attribute 'date'
2026-08-31T09:30:10 | WARNING  | app.scanning.yfinance_scanner | YFinanceScanner: AMZN intraday data stale (age=1208s, threshold=1200s)
2026-08-31T09:30:10 | WARNING  | app.scanning.yfinance_scanner | YFinanceScanner: META intraday data stale (age=1508s, threshold=1200s)
2026-08-31T09:30:11 | WARNING  | app.scanning.yfinance_scanner | YFinanceScanner: failed for AMD: 'RangeIndex' object has no attribute 'date'
2026-08-31T09:30:11 | WARNING  | app.scanning.yfinance_scanner | YFinanceScanner: failed for ARM: 'RangeIndex' object has no attribute 'date'
2026-08-31T09:30:11 | WARNING  | app.scanning.yfinance_scanner | YFinanceScanner: failed for TSLA: 'RangeIndex' object has no attribute 'date'
2026-08-31T09:30:11 | WARNING  | app.scanning.yfinance_scanner | YFinanceScanner: AVGO intraday data stale (age=3308s, threshold=1200s)
2026-08-31T09:30:11 | WARNING  | app.scanning.yfinance_scanner | YFinanceScanner: failed for MSTR: 'RangeIndex' object has no attribute 'date'
2026-08-31T09:30:11 | WARNING  | app.scanning.yfinance_scanner | YFinanceScanner: failed for COIN: 'RangeIndex' object has no attribute 'date'
2026-08-31T09:30:11 | WARNING  | app.scanning.yfinance_scanner | YFinanceScanner: PLTR intraday data stale (age=5108s, threshold=1200s)
2026-08-31T09:30:11 | WARNING  | app.scanning.yfinance_scanner | YFinanceScanner: failed for SNOW: 'RangeIndex' object has no attribute 'date'
2026-08-31T09:30:11 | WARNING  | app.scanning.yfinance_scanner | YFinanceScanner: CRWD intraday data stale (age=5108s, threshold=1200s)
2026-08-31T09:30:11 | WARNING  | app.scanning.yfinance_scanner | YFinanceScanner: failed for SHOP: 'RangeIndex' object has no attribute 'date'
2026-08-31T09:30:11 | WARNING  | app.scanning.yfinance_scanner | YFinanceScanner: failed for NET: 'RangeIndex' object has no attribute 'date'
2026-08-31T09:30:11 | WARNING  | app.scanning.yfinance_scanner | YFinanceScanner: failed for DDOG: 'RangeIndex' object has no attribute 'date'
2026-08-31T09:30:11 | WARNING  | app.scanning.yfinance_scanner | YFinanceScanner: failed for SOFI: 'RangeIndex' object has no attribute 'date'
2026-08-31T09:30:11 | WARNING  | app.scanning.yfinance_scanner | YFinanceScanner: failed for HOOD: 'RangeIndex' object has no attribute 'date'
2026-08-31T09:30:11 | WARNING  | app.scanning.yfinance_scanner | YFinanceScanner: failed for RIVN: 'RangeIndex' object has no attribute 'date'
2026-08-31T09:30:11 | WARNING  | app.scanning.yfinance_scanner | YFinanceScanner: failed for RIOT: 'RangeIndex' object has no attribute 'date'
2026-08-31T09:30:11 | WARNING  | app.scanning.yfinance_scanner | YFinanceScanner: failed for SQ: No daily data returned for SQ
2026-08-31T09:30:11 | WARNING  | app.scanning.yfinance_scanner | YFinanceScanner: failed for ROKU: 'RangeIndex' object has no attribute 'date'
2026-08-31T09:30:11 | WARNING  | app.scanning.yfinance_scanner | YFinanceScanner: failed for UBER: 'RangeIndex' object has no attribute 'date'
2026-08-31T09:30:11 | WARNING  | app.scanning.yfinance_scanner | YFinanceScanner: failed for DKNG: 'RangeIndex' object has no attribute 'date'
2026-08-31T09:30:11 | WARNING  | app.scanning.yfinance_scanner | YFinanceScanner: failed for LYFT: 'RangeIndex' object has no attribute 'date'
2026-08-31T09:30:12 | WARNING  | app.scanning.yfinance_scanner | YFinanceScanner: failed for AFRM: 'RangeIndex' object has no attribute 'date'
2026-08-31T09:30:12 | INFO     | session_runner | Scan: 1 passed, 37 rejected
2026-08-31T09:30:12 | INFO     | session_runner |   QQQ     score=43.0  signal=NEUTRAL  reasons: rvol=1.24x (normal), atr=1.25% (good range), near_orb_level
2026-08-31T09:30:12 | INFO     | session_runner |   AAPL    score=50.0  signal=LONG     REJECTED: scanner_data_stale, low_volume_chop
2026-08-31T09:30:12 | INFO     | session_runner |   MARA    score=50.0  signal=SHORT    REJECTED: low_volume_chop
2026-08-31T09:30:12 | INFO     | session_runner |   SMH     score=48.0  signal=SHORT    REJECTED: scanner_data_stale, low_volume_chop, insufficient_underlying_volume
2026-08-31T09:30:12 | INFO     | session_runner |   CRWD    score=48.0  signal=LONG     REJECTED: scanner_data_stale, low_volume_chop, insufficient_underlying_volume
2026-08-31T09:30:12 | INFO     | session_runner | AlpacaConfirmer: 0 confirmed symbols: []
2026-08-31T09:30:12 | WARNING  | session_runner | Scan returned no confirmed symbols — falling back to ['SPY']
2026-08-31T09:30:12 | INFO     | session_runner | [cycle 1] 09:30:12 ET | positions=0 | entries=0
2026-08-31T09:30:12 | INFO     | app.trading.reconciler | Reconciliation done: broker_pos=0 local_pos=0 broker_orders=0 local_pending=0 repaired=0 flagged=0 orders_confirmed=True positions_confirmed=True
2026-08-31T09:30:12 | INFO     | session_runner | Broad-market regime | SPY=short
2026-08-31T09:30:12 | INFO     | session_runner | [bridge:SPY] rsi_trend ready: sufficient bars
2026-08-31T09:30:42 | INFO     | session_runner | [cycle 2] 09:30:42 ET | positions=0 | entries=0
2026-08-31T09:30:43 | INFO     | session_runner | [bridge:SPY] rsi_trend ready: sufficient bars
2026-08-31T09:31:13 | INFO     | session_runner | [cycle 3] 09:31:13 ET | positions=0 | entries=0
2026-08-31T09:31:13 | INFO     | session_runner | [bridge:SPY] rsi_trend ready: sufficient bars
2026-08-31T09:31:43 | INFO     | session_runner | [cycle 4] 09:31:43 ET | positions=0 | entries=0
2026-08-31T09:31:43 | INFO     | session_runner | [bridge:SPY] rsi_trend ready: sufficient bars
2026-08-31T09:32:13 | INFO     | session_runner | [cycle 5] 09:32:13 ET | positions=0 | entries=0
2026-08-31T09:32:13 | INFO     | session_runner | [bridge:SPY] rsi_trend ready: sufficient bars
2026-08-31T09:32:43 | INFO     | session_runner | [cycle 6] 09:32:43 ET | positions=0 | entries=0
2026-08-31T09:32:44 | INFO     | session_runner | [bridge:SPY] rsi_trend ready: sufficient bars
2026-08-31T09:33:14 | INFO     | session_runner | [cycle 7] 09:33:14 ET | positions=0 | entries=0
2026-08-31T09:33:14 | INFO     | session_runner | [bridge:SPY] rsi_trend ready: sufficient bars
2026-08-31T09:33:44 | INFO     | session_runner | [cycle 8] 09:33:44 ET | positions=0 | entries=0
2026-08-31T09:33:44 | INFO     | session_runner | [bridge:SPY] rsi_trend ready: sufficient bars
2026-08-31T09:34:14 | INFO     | session_runner | [cycle 9] 09:34:14 ET | positions=0 | entries=0
2026-08-31T09:34:14 | INFO     | session_runner | [bridge:SPY] rsi_trend ready: sufficient bars
2026-08-31T09:34:44 | INFO     | session_runner | [cycle 10] 09:34:44 ET | positions=0 | entries=0
2026-08-31T09:34:45 | INFO     | session_runner | [bridge:SPY] rsi_trend ready: sufficient bars
2026-08-31T09:35:15 | INFO     | session_runner | [cycle 11] 09:35:15 ET | positions=0 | entries=0
2026-08-31T09:35:15 | INFO     | session_runner | Periodic universe re-scan …
2026-08-31T09:35:15 | INFO     | app.scanning.universe_loader | UniverseLoader: loaded 5 groups (13 flat symbols) from config/ticker_universe.yaml (blacklist=0)
2026-08-31T09:35:15 | INFO     | app.scanning.universe_loader | UniverseLoader: 38 symbols from 4 group(s) (blacklist=0)
2026-08-31T09:35:15 | INFO     | session_runner | Universe scan: 38 symbols from 4 group(s) | max_active=6
2026-08-31T09:35:17 | WARNING  | app.scanning.yfinance_scanner | AlpacaScanner: no daily data for 1/38 symbols: ['SQ']
2026-08-31T09:35:18 | WARNING  | app.scanning.yfinance_scanner | YFinanceScanner: failed for SQ: No daily data returned for SQ
2026-08-31T09:35:19 | INFO     | session_runner | Scan: 20 passed, 18 rejected
2026-08-31T09:35:19 | INFO     | session_runner |   AAPL    score=80.0  signal=SHORT    reasons: rvol=3.30x (high), atr=1.92% (wide-range), near_orb_level
2026-08-31T09:35:19 | INFO     | session_runner |   NVDA    score=75.0  signal=SHORT    reasons: rvol=2.21x (high), atr=3.46% (wide-range), near_orb_level
2026-08-31T09:35:19 | INFO     | session_runner |   AMZN    score=75.0  signal=SHORT    reasons: rvol=3.06x (high), atr=2.36% (wide-range), near_orb_level
2026-08-31T09:35:19 | INFO     | session_runner |   XLE     score=73.0  signal=LONG     reasons: rvol=3.75x (high), atr=1.77% (wide-range), near_orb_level
2026-08-31T09:35:19 | INFO     | session_runner |   META    score=73.0  signal=SHORT    reasons: rvol=1.86x (elevated), atr=3.00% (wide-range), near_orb_level
2026-08-31T09:35:19 | INFO     | app.strategies.liquidity_filter | LiquidityFilter: selected RIVN260904C00016500 | delta=0.423 | spread_pct=0.087 | OI=3147 | vol=9177
2026-08-31T09:35:19 | INFO     | app.scanning.alpaca_confirmer | AlpacaConfirmer: confirmed RIVN | RIVN260904C00016500 | exp=2026-09-04 | spread=8.70% | OI=3147 | vol=9177
2026-08-31T09:35:19 | INFO     | app.strategies.liquidity_filter | LiquidityFilter: selected SOFI260904P00017500 | delta=-0.388 | spread_pct=0.033 | OI=2998 | vol=5133
2026-08-31T09:35:19 | INFO     | app.scanning.alpaca_confirmer | AlpacaConfirmer: confirmed SOFI | SOFI260904P00017500 | exp=2026-09-04 | spread=3.28% | OI=2998 | vol=5133
2026-08-31T09:35:19 | INFO     | app.strategies.liquidity_filter | LiquidityFilter: no qualifying contracts for XLE SignalDirection.LONG | total_candidates=31
2026-08-31T09:35:19 | INFO     | app.scanning.alpaca_confirmer | AlpacaConfirmer: no liquid contract for XLE (signal=LONG)
2026-08-31T09:35:19 | INFO     | app.strategies.liquidity_filter | LiquidityFilter: no qualifying contracts for AAPL SignalDirection.SHORT | total_candidates=56
2026-08-31T09:35:19 | INFO     | app.scanning.alpaca_confirmer | AlpacaConfirmer: no liquid contract for AAPL (signal=SHORT)
2026-08-31T09:35:19 | INFO     | app.strategies.liquidity_filter | LiquidityFilter: selected AMZN260902P00260000 | delta=-0.375 | spread_pct=0.049 | OI=162 | vol=3217
2026-08-31T09:35:19 | INFO     | app.scanning.alpaca_confirmer | AlpacaConfirmer: confirmed AMZN | AMZN260902P00260000 | exp=2026-09-02 | spread=4.90% | OI=162 | vol=3217
2026-08-31T09:35:19 | INFO     | app.strategies.liquidity_filter | LiquidityFilter: selected HOOD260904P00100000 | delta=-0.389 | spread_pct=0.054 | OI=2312 | vol=5576
2026-08-31T09:35:19 | INFO     | app.scanning.alpaca_confirmer | AlpacaConfirmer: confirmed HOOD | HOOD260904P00100000 | exp=2026-09-04 | spread=5.38% | OI=2312 | vol=5576
2026-08-31T09:35:19 | INFO     | app.strategies.liquidity_filter | LiquidityFilter: no qualifying contracts for MSFT SignalDirection.LONG | total_candidates=80
2026-08-31T09:35:19 | INFO     | app.scanning.alpaca_confirmer | AlpacaConfirmer: no liquid contract for MSFT (signal=LONG)
2026-08-31T09:35:19 | INFO     | app.strategies.liquidity_filter | LiquidityFilter: selected NVDA260902P00215000 | delta=-0.403 | spread_pct=0.010 | OI=1308 | vol=7392
2026-08-31T09:35:19 | INFO     | app.scanning.alpaca_confirmer | AlpacaConfirmer: confirmed NVDA | NVDA260902P00215000 | exp=2026-09-02 | spread=0.99% | OI=1308 | vol=7392
2026-08-31T09:35:19 | INFO     | app.strategies.liquidity_filter | LiquidityFilter: no qualifying contracts for META SignalDirection.SHORT | total_candidates=134
2026-08-31T09:35:19 | INFO     | app.scanning.alpaca_confirmer | AlpacaConfirmer: no liquid contract for META (signal=SHORT)
2026-08-31T09:35:19 | INFO     | app.strategies.liquidity_filter | LiquidityFilter: selected TSLA260902C00355000 | delta=0.423 | spread_pct=0.022 | OI=793 | vol=6274
2026-08-31T09:35:19 | INFO     | app.scanning.alpaca_confirmer | AlpacaConfirmer: confirmed TSLA | TSLA260902C00355000 | exp=2026-09-02 | spread=2.24% | OI=793 | vol=6274
2026-08-31T09:35:19 | INFO     | session_runner | AlpacaConfirmer: 6 confirmed symbols: ['NVDA', 'AMZN', 'TSLA', 'SOFI', 'HOOD', 'RIVN']
2026-08-31T09:35:19 | INFO     | session_runner | Re-scan updated active symbols: ['NVDA', 'AMZN', 'TSLA', 'SOFI', 'HOOD', 'RIVN']
2026-08-31T09:35:19 | INFO     | session_runner | Broad-market regime | SPY=short
2026-08-31T09:35:20 | INFO     | session_runner | [bridge:AMZN] rsi_trend ready: sufficient bars
2026-08-31T09:35:20 | INFO     | session_runner | [bridge:NVDA] rsi_trend ready: sufficient bars
2026-08-31T09:35:20 | INFO     | session_runner | [bridge:HOOD] rsi_trend ready: sufficient bars
2026-08-31T09:35:20 | INFO     | session_runner | [bridge:TSLA] rsi_trend ready: sufficient bars
2026-08-31T09:35:20 | INFO     | session_runner | [bridge:SOFI] rsi_trend ready: sufficient bars
2026-08-31T09:35:20 | INFO     | session_runner | [bridge:RIVN] rsi_trend ready: sufficient bars
2026-08-31T09:35:50 | INFO     | session_runner | [cycle 12] 09:35:50 ET | positions=0 | entries=0
2026-08-31T09:35:51 | INFO     | session_runner | [bridge:AMZN] rsi_trend ready: sufficient bars
2026-08-31T09:35:51 | INFO     | session_runner | [bridge:NVDA] rsi_trend ready: sufficient bars
2026-08-31T09:35:51 | INFO     | session_runner | [bridge:HOOD] rsi_trend ready: sufficient bars
2026-08-31T09:35:51 | INFO     | session_runner | [bridge:TSLA] rsi_trend ready: sufficient bars
2026-08-31T09:35:51 | INFO     | session_runner | [bridge:SOFI] rsi_trend ready: sufficient bars
2026-08-31T09:35:51 | INFO     | session_runner | [bridge:RIVN] rsi_trend ready: sufficient bars
2026-08-31T09:36:21 | INFO     | session_runner | [cycle 13] 09:36:21 ET | positions=0 | entries=0
2026-08-31T09:36:22 | INFO     | session_runner | [bridge:AMZN] rsi_trend ready: sufficient bars
2026-08-31T09:36:22 | INFO     | session_runner | [bridge:NVDA] rsi_trend ready: sufficient bars
2026-08-31T09:36:22 | INFO     | session_runner | [bridge:HOOD] rsi_trend ready: sufficient bars
2026-08-31T09:36:22 | INFO     | session_runner | [bridge:TSLA] rsi_trend ready: sufficient bars
2026-08-31T09:36:22 | INFO     | session_runner | [bridge:SOFI] rsi_trend ready: sufficient bars
2026-08-31T09:36:22 | INFO     | session_runner | [bridge:RIVN] rsi_trend ready: sufficient bars
2026-08-31T09:36:52 | INFO     | session_runner | [cycle 14] 09:36:52 ET | positions=0 | entries=0
2026-08-31T09:36:53 | INFO     | session_runner | [bridge:AMZN] rsi_trend ready: sufficient bars
2026-08-31T09:36:53 | INFO     | session_runner | [bridge:NVDA] rsi_trend ready: sufficient bars
2026-08-31T09:36:53 | INFO     | session_runner | [bridge:HOOD] rsi_trend ready: sufficient bars
2026-08-31T09:36:53 | INFO     | session_runner | [bridge:TSLA] rsi_trend ready: sufficient bars
2026-08-31T09:36:53 | INFO     | session_runner | [bridge:SOFI] rsi_trend ready: sufficient bars
2026-08-31T09:36:53 | INFO     | session_runner | [bridge:RIVN] rsi_trend ready: sufficient bars
2026-08-31T09:37:23 | INFO     | session_runner | [cycle 15] 09:37:23 ET | positions=0 | entries=0
2026-08-31T09:37:24 | INFO     | session_runner | [bridge:AMZN] rsi_trend ready: sufficient bars
2026-08-31T09:37:24 | INFO     | session_runner | [bridge:NVDA] rsi_trend ready: sufficient bars
2026-08-31T09:37:24 | INFO     | session_runner | [bridge:HOOD] rsi_trend ready: sufficient bars
2026-08-31T09:37:24 | INFO     | session_runner | [bridge:TSLA] rsi_trend ready: sufficient bars
2026-08-31T09:37:24 | INFO     | session_runner | [bridge:SOFI] rsi_trend ready: sufficient bars
2026-08-31T09:37:25 | INFO     | session_runner | [bridge:RIVN] rsi_trend ready: sufficient bars
2026-08-31T09:37:55 | INFO     | session_runner | [cycle 16] 09:37:55 ET | positions=0 | entries=0
2026-08-31T09:37:55 | INFO     | session_runner | [bridge:AMZN] rsi_trend ready: sufficient bars
2026-08-31T09:37:55 | INFO     | session_runner | [bridge:NVDA] rsi_trend ready: sufficient bars
2026-08-31T09:37:55 | INFO     | session_runner | [bridge:HOOD] rsi_trend ready: sufficient bars
2026-08-31T09:37:55 | INFO     | session_runner | [bridge:TSLA] rsi_trend ready: sufficient bars
2026-08-31T09:37:55 | INFO     | session_runner | [bridge:SOFI] rsi_trend ready: sufficient bars
2026-08-31T09:37:56 | INFO     | session_runner | [bridge:RIVN] rsi_trend ready: sufficient bars
2026-08-31T09:38:26 | INFO     | session_runner | [cycle 17] 09:38:26 ET | positions=0 | entries=0
2026-08-31T09:38:26 | INFO     | session_runner | [bridge:AMZN] rsi_trend ready: sufficient bars
2026-08-31T09:38:26 | INFO     | session_runner | [bridge:NVDA] rsi_trend ready: sufficient bars
2026-08-31T09:38:26 | INFO     | session_runner | [bridge:HOOD] rsi_trend ready: sufficient bars
2026-08-31T09:38:26 | INFO     | session_runner | [bridge:TSLA] rsi_trend ready: sufficient bars
2026-08-31T09:38:26 | INFO     | session_runner | [bridge:SOFI] rsi_trend ready: sufficient bars
2026-08-31T09:38:26 | INFO     | session_runner | [bridge:RIVN] rsi_trend ready: sufficient bars
2026-08-31T09:38:56 | INFO     | session_runner | [cycle 18] 09:38:56 ET | positions=0 | entries=0
2026-08-31T09:38:57 | INFO     | session_runner | [bridge:AMZN] rsi_trend ready: sufficient bars
2026-08-31T09:38:57 | INFO     | session_runner | [bridge:NVDA] rsi_trend ready: sufficient bars
2026-08-31T09:38:57 | INFO     | session_runner | [bridge:HOOD] rsi_trend ready: sufficient bars
2026-08-31T09:38:57 | INFO     | session_runner | [bridge:TSLA] rsi_trend ready: sufficient bars
2026-08-31T09:38:57 | INFO     | session_runner | [bridge:SOFI] rsi_trend ready: sufficient bars
2026-08-31T09:38:57 | INFO     | session_runner | [bridge:RIVN] rsi_trend ready: sufficient bars
2026-08-31T09:39:27 | INFO     | session_runner | [cycle 19] 09:39:27 ET | positions=0 | entries=0
2026-08-31T09:39:28 | INFO     | session_runner | [bridge:AMZN] rsi_trend ready: sufficient bars
2026-08-31T09:39:28 | INFO     | session_runner | [bridge:NVDA] rsi_trend ready: sufficient bars
2026-08-31T09:39:28 | INFO     | session_runner | [bridge:HOOD] rsi_trend ready: sufficient bars
2026-08-31T09:39:28 | INFO     | session_runner | [bridge:TSLA] rsi_trend ready: sufficient bars
2026-08-31T09:39:28 | INFO     | session_runner | [bridge:SOFI] rsi_trend ready: sufficient bars
2026-08-31T09:39:28 | INFO     | session_runner | [bridge:RIVN] rsi_trend ready: sufficient bars
2026-08-31T09:39:58 | INFO     | session_runner | [cycle 20] 09:39:58 ET | positions=0 | entries=0
2026-08-31T09:39:59 | INFO     | session_runner | [bridge:AMZN] rsi_trend ready: sufficient bars
2026-08-31T09:39:59 | INFO     | session_runner | [bridge:NVDA] rsi_trend ready: sufficient bars
2026-08-31T09:39:59 | INFO     | session_runner | [bridge:HOOD] rsi_trend ready: sufficient bars
2026-08-31T09:39:59 | INFO     | session_runner | [bridge:TSLA] rsi_trend ready: sufficient bars
2026-08-31T09:39:59 | INFO     | session_runner | [bridge:SOFI] rsi_trend ready: sufficient bars
2026-08-31T09:39:59 | INFO     | session_runner | [bridge:RIVN] rsi_trend ready: sufficient bars
2026-08-31T09:40:29 | INFO     | session_runner | [cycle 21] 09:40:29 ET | positions=0 | entries=0
2026-08-31T09:40:29 | INFO     | app.trading.reconciler | Reconciliation done: broker_pos=0 local_pos=0 broker_orders=0 local_pending=0 repaired=0 flagged=0 orders_confirmed=True positions_confirmed=True
2026-08-31T09:40:29 | INFO     | session_runner | Periodic universe re-scan …
2026-08-31T09:40:29 | INFO     | app.scanning.universe_loader | UniverseLoader: loaded 5 groups (13 flat symbols) from config/ticker_universe.yaml (blacklist=0)
2026-08-31T09:40:29 | INFO     | app.scanning.universe_loader | UniverseLoader: 38 symbols from 4 group(s) (blacklist=0)
2026-08-31T09:40:29 | INFO     | session_runner | Universe scan: 38 symbols from 4 group(s) | max_active=6
2026-08-31T09:40:30 | WARNING  | app.scanning.yfinance_scanner | AlpacaScanner: no daily data for 1/38 symbols: ['SQ']
2026-08-31T09:40:32 | WARNING  | app.scanning.yfinance_scanner | YFinanceScanner: failed for SQ: No daily data returned for SQ
2026-08-31T09:40:32 | INFO     | session_runner | Scan: 20 passed, 18 rejected
2026-08-31T09:40:32 | INFO     | session_runner |   AMZN    score=75.0  signal=SHORT    reasons: rvol=2.81x (high), atr=2.38% (wide-range), near_orb_level
2026-08-31T09:40:32 | INFO     | session_runner |   AMD     score=75.0  signal=SHORT    reasons: rvol=2.00x (high), atr=4.06% (wide-range), trend_down
2026-08-31T09:40:32 | INFO     | session_runner |   AVGO    score=75.0  signal=SHORT    reasons: rvol=2.76x (high), atr=3.18% (wide-range), near_orb_level
2026-08-31T09:40:32 | INFO     | session_runner |   QQQ     score=73.0  signal=SHORT    reasons: rvol=3.14x (high), atr=1.14% (good range), near_orb_level
2026-08-31T09:40:32 | INFO     | session_runner |   GOOGL   score=73.0  signal=SHORT    reasons: rvol=1.54x (elevated), atr=2.00% (wide-range), near_orb_level
2026-08-31T09:40:33 | INFO     | app.strategies.liquidity_filter | LiquidityFilter: no qualifying contracts for XLE SignalDirection.LONG | total_candidates=31
2026-08-31T09:40:33 | INFO     | app.scanning.alpaca_confirmer | AlpacaConfirmer: no liquid contract for XLE (signal=LONG)
2026-08-31T09:40:33 | INFO     | app.strategies.liquidity_filter | LiquidityFilter: selected SOFI260904P00017500 | delta=-0.357 | spread_pct=0.083 | OI=2998 | vol=5133
2026-08-31T09:40:33 | INFO     | app.scanning.alpaca_confirmer | AlpacaConfirmer: confirmed SOFI | SOFI260904P00017500 | exp=2026-09-04 | spread=8.33% | OI=2998 | vol=5133
2026-08-31T09:40:33 | INFO     | app.strategies.liquidity_filter | LiquidityFilter: no qualifying contracts for AVGO SignalDirection.SHORT | total_candidates=4
2026-08-31T09:40:33 | INFO     | app.scanning.alpaca_confirmer | AlpacaConfirmer: no liquid contract for AVGO (signal=SHORT)
2026-08-31T09:40:33 | INFO     | app.strategies.liquidity_filter | LiquidityFilter: selected AMZN260902P00260000 | delta=-0.367 | spread_pct=0.012 | OI=162 | vol=3217
2026-08-31T09:40:33 | INFO     | app.scanning.alpaca_confirmer | AlpacaConfirmer: confirmed AMZN | AMZN260902P00260000 | exp=2026-09-02 | spread=1.19% | OI=162 | vol=3217
2026-08-31T09:40:33 | INFO     | app.strategies.liquidity_filter | LiquidityFilter: selected GOOGL260902P00340000 | delta=-0.413 | spread_pct=0.020 | OI=324 | vol=379
2026-08-31T09:40:33 | INFO     | app.scanning.alpaca_confirmer | AlpacaConfirmer: confirmed GOOGL | GOOGL260902P00340000 | exp=2026-09-02 | spread=1.98% | OI=324 | vol=379
2026-08-31T09:40:33 | INFO     | app.strategies.liquidity_filter | LiquidityFilter: selected TSLA260902C00357500 | delta=0.428 | spread_pct=0.046 | OI=283 | vol=2239
2026-08-31T09:40:33 | INFO     | app.scanning.alpaca_confirmer | AlpacaConfirmer: confirmed TSLA | TSLA260902C00357500 | exp=2026-09-02 | spread=4.61% | OI=283 | vol=2239
2026-08-31T09:40:33 | INFO     | app.strategies.liquidity_filter | LiquidityFilter: selected HOOD260904P00101000 | delta=-0.399 | spread_pct=0.049 | OI=211 | vol=538
2026-08-31T09:40:33 | INFO     | app.scanning.alpaca_confirmer | AlpacaConfirmer: confirmed HOOD | HOOD260904P00101000 | exp=2026-09-04 | spread=4.90% | OI=211 | vol=538
2026-08-31T09:40:33 | INFO     | app.strategies.liquidity_filter | LiquidityFilter: no qualifying contracts for NVDA SignalDirection.SHORT | total_candidates=65
2026-08-31T09:40:33 | INFO     | app.scanning.alpaca_confirmer | AlpacaConfirmer: no liquid contract for NVDA (signal=SHORT)
2026-08-31T09:40:33 | INFO     | app.strategies.liquidity_filter | LiquidityFilter: no qualifying contracts for AMD SignalDirection.SHORT | total_candidates=141
2026-08-31T09:40:33 | INFO     | app.scanning.alpaca_confirmer | AlpacaConfirmer: no liquid contract for AMD (signal=SHORT)
2026-08-31T09:40:33 | INFO     | app.strategies.liquidity_filter | LiquidityFilter: selected QQQ260902P00713000 | delta=-0.416 | spread_pct=0.013 | OI=409 | vol=652
2026-08-31T09:40:33 | INFO     | app.scanning.alpaca_confirmer | AlpacaConfirmer: confirmed QQQ | QQQ260902P00713000 | exp=2026-09-02 | spread=1.29% | OI=409 | vol=652
2026-08-31T09:40:33 | INFO     | session_runner | AlpacaConfirmer: 6 confirmed symbols: ['AMZN', 'QQQ', 'GOOGL', 'TSLA', 'HOOD', 'SOFI']
2026-08-31T09:40:33 | INFO     | session_runner | Re-scan updated active symbols: ['AMZN', 'QQQ', 'GOOGL', 'TSLA', 'HOOD', 'SOFI']
2026-08-31T09:40:33 | INFO     | session_runner | Broad-market regime | SPY=short
2026-08-31T09:40:33 | INFO     | session_runner | [bridge:AMZN] rsi_trend ready: sufficient bars
2026-08-31T09:40:34 | INFO     | session_runner | [bridge:QQQ] rsi_trend ready: sufficient bars
2026-08-31T09:40:34 | INFO     | session_runner | Stale signal: QQQ/vwap_reclaim age=20 min > max 10 min — skipped
2026-08-31T09:40:34 | INFO     | session_runner | [bridge:GOOGL] rsi_trend ready: sufficient bars
2026-08-31T09:40:34 | INFO     | session_runner | [bridge:TSLA] rsi_trend ready: sufficient bars
2026-08-31T09:40:34 | INFO     | session_runner | [bridge:HOOD] rsi_trend ready: sufficient bars
2026-08-31T09:40:34 | INFO     | session_runner | [bridge:SOFI] rsi_trend ready: sufficient bars
2026-08-31T09:41:04 | INFO     | session_runner | [cycle 22] 09:41:04 ET | positions=0 | entries=0
2026-08-31T09:41:05 | INFO     | session_runner | [bridge:AMZN] rsi_trend ready: sufficient bars
2026-08-31T09:41:05 | INFO     | session_runner | [bridge:QQQ] rsi_trend ready: sufficient bars
2026-08-31T09:41:05 | INFO     | session_runner | Stale signal: QQQ/vwap_reclaim age=21 min > max 10 min — skipped
2026-08-31T09:41:05 | INFO     | session_runner | [bridge:GOOGL] rsi_trend ready: sufficient bars
2026-08-31T09:41:05 | INFO     | session_runner | [bridge:TSLA] rsi_trend ready: sufficient bars
2026-08-31T09:41:05 | INFO     | session_runner | [bridge:HOOD] rsi_trend ready: sufficient bars
2026-08-31T09:41:05 | INFO     | session_runner | [bridge:SOFI] rsi_trend ready: sufficient bars
2026-08-31T09:41:35 | INFO     | session_runner | [cycle 23] 09:41:35 ET | positions=0 | entries=0
2026-08-31T09:41:36 | INFO     | session_runner | [bridge:AMZN] rsi_trend ready: sufficient bars
2026-08-31T09:41:36 | INFO     | session_runner | [bridge:QQQ] rsi_trend ready: sufficient bars
2026-08-31T09:41:36 | INFO     | session_runner | Stale signal: QQQ/vwap_reclaim age=22 min > max 10 min — skipped
2026-08-31T09:41:36 | INFO     | session_runner | [bridge:GOOGL] rsi_trend ready: sufficient bars
2026-08-31T09:41:36 | INFO     | session_runner | [bridge:TSLA] rsi_trend ready: sufficient bars
2026-08-31T09:41:36 | INFO     | session_runner | [bridge:HOOD] rsi_trend ready: sufficient bars
2026-08-31T09:41:36 | INFO     | session_runner | [bridge:SOFI] rsi_trend ready: sufficient bars
2026-08-31T09:42:06 | INFO     | session_runner | [cycle 24] 09:42:06 ET | positions=0 | entries=0
2026-08-31T09:42:07 | INFO     | session_runner | [bridge:AMZN] rsi_trend ready: sufficient bars
2026-08-31T09:42:07 | INFO     | session_runner | [bridge:QQQ] rsi_trend ready: sufficient bars
2026-08-31T09:42:07 | INFO     | session_runner | Stale signal: QQQ/vwap_reclaim age=22 min > max 10 min — skipped
2026-08-31T09:42:07 | INFO     | session_runner | [bridge:GOOGL] rsi_trend ready: sufficient bars
2026-08-31T09:42:07 | INFO     | session_runner | [bridge:TSLA] rsi_trend ready: sufficient bars
2026-08-31T09:42:07 | INFO     | session_runner | [bridge:HOOD] rsi_trend ready: sufficient bars
2026-08-31T09:42:07 | INFO     | session_runner | [bridge:SOFI] rsi_trend ready: sufficient bars
2026-08-31T09:42:38 | INFO     | session_runner | [cycle 25] 09:42:38 ET | positions=0 | entries=0
2026-08-31T09:42:38 | INFO     | session_runner | [bridge:AMZN] rsi_trend ready: sufficient bars
2026-08-31T09:42:38 | INFO     | session_runner | [bridge:QQQ] rsi_trend ready: sufficient bars
2026-08-31T09:42:38 | INFO     | session_runner | Stale signal: QQQ/vwap_reclaim age=23 min > max 10 min — skipped
2026-08-31T09:42:38 | INFO     | session_runner | [bridge:GOOGL] rsi_trend ready: sufficient bars
2026-08-31T09:42:38 | INFO     | session_runner | [bridge:TSLA] rsi_trend ready: sufficient bars
2026-08-31T09:42:38 | INFO     | session_runner | [bridge:HOOD] rsi_trend ready: sufficient bars
2026-08-31T09:42:39 | INFO     | session_runner | [bridge:SOFI] rsi_trend ready: sufficient bars
2026-08-31T09:43:09 | INFO     | session_runner | [cycle 26] 09:43:09 ET | positions=0 | entries=0
2026-08-31T09:43:09 | INFO     | session_runner | [bridge:AMZN] rsi_trend ready: sufficient bars
2026-08-31T09:43:09 | INFO     | session_runner | [bridge:QQQ] rsi_trend ready: sufficient bars
2026-08-31T09:43:09 | INFO     | session_runner | Stale signal: QQQ/vwap_reclaim age=23 min > max 10 min — skipped
2026-08-31T09:43:09 | INFO     | session_runner | [bridge:GOOGL] rsi_trend ready: sufficient bars
2026-08-31T09:43:09 | INFO     | session_runner | [bridge:TSLA] rsi_trend ready: sufficient bars
2026-08-31T09:43:09 | INFO     | session_runner | [bridge:HOOD] rsi_trend ready: sufficient bars
2026-08-31T09:43:09 | INFO     | session_runner | [bridge:SOFI] rsi_trend ready: sufficient bars
2026-08-31T09:43:39 | INFO     | session_runner | [cycle 27] 09:43:39 ET | positions=0 | entries=0
2026-08-31T09:43:40 | INFO     | session_runner | [bridge:AMZN] rsi_trend ready: sufficient bars
2026-08-31T09:43:40 | INFO     | session_runner | [bridge:QQQ] rsi_trend ready: sufficient bars
2026-08-31T09:43:40 | INFO     | session_runner | Stale signal: QQQ/vwap_reclaim age=24 min > max 10 min — skipped
2026-08-31T09:43:40 | INFO     | session_runner | [bridge:GOOGL] rsi_trend ready: sufficient bars
2026-08-31T09:43:40 | INFO     | session_runner | [bridge:TSLA] rsi_trend ready: sufficient bars
2026-08-31T09:43:40 | INFO     | session_runner | [bridge:HOOD] rsi_trend ready: sufficient bars
2026-08-31T09:43:40 | INFO     | session_runner | [bridge:SOFI] rsi_trend ready: sufficient bars
2026-08-31T09:44:10 | INFO     | session_runner | [cycle 28] 09:44:10 ET | positions=0 | entries=0
2026-08-31T09:44:11 | INFO     | session_runner | [bridge:AMZN] rsi_trend ready: sufficient bars
2026-08-31T09:44:11 | INFO     | session_runner | [bridge:QQQ] rsi_trend ready: sufficient bars
2026-08-31T09:44:11 | INFO     | session_runner | Stale signal: QQQ/vwap_reclaim age=24 min > max 10 min — skipped
2026-08-31T09:44:11 | INFO     | session_runner | [bridge:GOOGL] rsi_trend ready: sufficient bars
2026-08-31T09:44:11 | INFO     | session_runner | [bridge:TSLA] rsi_trend ready: sufficient bars
2026-08-31T09:44:11 | INFO     | session_runner | [bridge:HOOD] rsi_trend ready: sufficient bars
2026-08-31T09:44:11 | INFO     | session_runner | [bridge:SOFI] rsi_trend ready: sufficient bars
2026-08-31T09:44:41 | INFO     | session_runner | [cycle 29] 09:44:41 ET | positions=0 | entries=0
2026-08-31T09:44:42 | INFO     | session_runner | [bridge:AMZN] rsi_trend ready: sufficient bars
2026-08-31T09:44:42 | INFO     | session_runner | [bridge:QQQ] rsi_trend ready: sufficient bars
2026-08-31T09:44:42 | INFO     | session_runner | Stale signal: QQQ/vwap_reclaim age=25 min > max 10 min — skipped
2026-08-31T09:44:42 | INFO     | session_runner | [bridge:GOOGL] rsi_trend ready: sufficient bars
2026-08-31T09:44:42 | INFO     | session_runner | [bridge:TSLA] rsi_trend ready: sufficient bars
2026-08-31T09:44:42 | INFO     | session_runner | [bridge:HOOD] rsi_trend ready: sufficient bars
2026-08-31T09:44:42 | INFO     | session_runner | [bridge:SOFI] rsi_trend ready: sufficient bars
2026-08-31T09:45:12 | INFO     | session_runner | [cycle 30] 09:45:12 ET | positions=0 | entries=0
2026-08-31T09:45:13 | INFO     | session_runner | [bridge:AMZN] rsi_trend ready: sufficient bars
2026-08-31T09:45:13 | INFO     | session_runner | [bridge:QQQ] rsi_trend ready: sufficient bars
2026-08-31T09:45:13 | INFO     | session_runner | Stale signal: QQQ/vwap_reclaim age=25 min > max 10 min — skipped
2026-08-31T09:45:13 | INFO     | session_runner | [bridge:GOOGL] rsi_trend ready: sufficient bars
2026-08-31T09:45:13 | INFO     | session_runner | Signal quality blocked | GOOGL/vwap_reclaim score=1.0 < 3.0
2026-08-31T09:45:13 | INFO     | app.strategies.liquidity_filter | LiquidityFilter: no qualifying contracts for GOOGL SignalDirection.SHORT | total_candidates=49
2026-08-31T09:45:13 | INFO     | app.evaluation.shadow_book | ShadowBook: 20260831-4513-GOOGL-vwap_reclaim blocked (signal_quality_below_min) but not priceable — signal logged, no simulation
2026-08-31T09:45:13 | INFO     | app.evaluation.shadow_book | ShadowBook: 20260831-4514-GOOGL-vwap_reclaim-breakeven-25 blocked (exit_policy_counterfactual) but not priceable — signal logged, no simulation
2026-08-31T09:45:13 | INFO     | app.evaluation.shadow_book | ShadowBook: 20260831-4515-GOOGL-vwap_reclaim-partial-25-breakeven blocked (exit_policy_counterfactual) but not priceable — signal logged, no simulation
2026-08-31T09:45:13 | INFO     | app.strategies.liquidity_filter | LiquidityFilter: selected GOOGL260902C00342500 | delta=0.421 | spread_pct=0.044 | OI=252 | vol=363
2026-08-31T09:45:13 | INFO     | app.evaluation.shadow_book | ShadowBook: simulating vwap_reclaim/inverted GOOGL260902C00342500 @ 2.5600 (blocked: inverted_direction_counterfactual, fill-validated at entry)
2026-08-31T09:45:14 | INFO     | session_runner | [bridge:TSLA] rsi_trend ready: sufficient bars
2026-08-31T09:45:14 | INFO     | session_runner | [bridge:HOOD] rsi_trend ready: sufficient bars
2026-08-31T09:45:14 | INFO     | session_runner | [bridge:SOFI] rsi_trend ready: sufficient bars
2026-08-31T09:45:44 | INFO     | session_runner | [cycle 31] 09:45:44 ET | positions=0 | entries=0
2026-08-31T09:45:44 | INFO     | session_runner | Periodic universe re-scan …
2026-08-31T09:45:44 | INFO     | app.scanning.universe_loader | UniverseLoader: loaded 5 groups (13 flat symbols) from config/ticker_universe.yaml (blacklist=0)
2026-08-31T09:45:44 | INFO     | app.scanning.universe_loader | UniverseLoader: 38 symbols from 4 group(s) (blacklist=0)
2026-08-31T09:45:44 | INFO     | session_runner | Universe scan: 38 symbols from 4 group(s) | max_active=6
2026-08-31T09:45:46 | WARNING  | app.scanning.yfinance_scanner | AlpacaScanner: no daily data for 1/38 symbols: ['SQ']
2026-08-31T09:45:48 | WARNING  | app.scanning.yfinance_scanner | YFinanceScanner: failed for SQ: No daily data returned for SQ
2026-08-31T09:45:48 | INFO     | session_runner | Scan: 19 passed, 19 rejected
2026-08-31T09:45:48 | INFO     | session_runner |   AAPL    score=80.0  signal=SHORT    reasons: rvol=2.13x (high), atr=1.98% (wide-range), near_orb_level
2026-08-31T09:45:48 | INFO     | session_runner |   AMZN    score=75.0  signal=SHORT    reasons: rvol=2.34x (high), atr=2.40% (wide-range), near_orb_level
2026-08-31T09:45:48 | INFO     | session_runner |   TSLA    score=75.0  signal=LONG     reasons: rvol=3.54x (high), atr=3.30% (wide-range), near_orb_level
2026-08-31T09:45:48 | INFO     | session_runner |   AVGO    score=75.0  signal=SHORT    reasons: rvol=2.25x (high), atr=3.20% (wide-range), near_orb_level
2026-08-31T09:45:48 | INFO     | session_runner |   SOFI    score=75.0  signal=SHORT    reasons: rvol=2.84x (high), atr=4.81% (wide-range), near_orb_level
2026-08-31T09:45:48 | INFO     | app.strategies.liquidity_filter | LiquidityFilter: no qualifying contracts for AVGO SignalDirection.SHORT | total_candidates=4
2026-08-31T09:45:48 | INFO     | app.scanning.alpaca_confirmer | AlpacaConfirmer: no liquid contract for AVGO (signal=SHORT)
2026-08-31T09:45:48 | INFO     | app.strategies.liquidity_filter | LiquidityFilter: no qualifying contracts for XLE SignalDirection.LONG | total_candidates=31
2026-08-31T09:45:48 | INFO     | app.scanning.alpaca_confirmer | AlpacaConfirmer: no liquid contract for XLE (signal=LONG)
2026-08-31T09:45:48 | INFO     | app.strategies.liquidity_filter | LiquidityFilter: no qualifying contracts for SOFI SignalDirection.SHORT | total_candidates=31
2026-08-31T09:45:48 | INFO     | app.scanning.alpaca_confirmer | AlpacaConfirmer: no liquid contract for SOFI (signal=SHORT)
2026-08-31T09:45:48 | INFO     | app.strategies.liquidity_filter | LiquidityFilter: no qualifying contracts for GOOGL SignalDirection.SHORT | total_candidates=49
2026-08-31T09:45:48 | INFO     | app.scanning.alpaca_confirmer | AlpacaConfirmer: no liquid contract for GOOGL (signal=SHORT)
2026-08-31T09:45:49 | INFO     | app.strategies.liquidity_filter | LiquidityFilter: selected HOOD260904P00100000 | delta=-0.378 | spread_pct=0.015 | OI=2312 | vol=114
2026-08-31T09:45:49 | INFO     | app.scanning.alpaca_confirmer | AlpacaConfirmer: confirmed HOOD | HOOD260904P00100000 | exp=2026-09-04 | spread=1.51% | OI=2312 | vol=114
2026-08-31T09:45:49 | INFO     | app.strategies.liquidity_filter | LiquidityFilter: no qualifying contracts for AAPL SignalDirection.SHORT | total_candidates=56
2026-08-31T09:45:49 | INFO     | app.scanning.alpaca_confirmer | AlpacaConfirmer: no liquid contract for AAPL (signal=SHORT)
2026-08-31T09:45:49 | INFO     | app.strategies.liquidity_filter | LiquidityFilter: selected TSLA260902C00360000 | delta=0.415 | spread_pct=0.037 | OI=1120 | vol=352
2026-08-31T09:45:49 | INFO     | app.scanning.alpaca_confirmer | AlpacaConfirmer: confirmed TSLA | TSLA260902C00360000 | exp=2026-09-02 | spread=3.75% | OI=1120 | vol=352
2026-08-31T09:45:49 | INFO     | app.strategies.liquidity_filter | LiquidityFilter: selected AMZN260902P00260000 | delta=-0.406 | spread_pct=0.047 | OI=162 | vol=118
2026-08-31T09:45:49 | INFO     | app.scanning.alpaca_confirmer | AlpacaConfirmer: confirmed AMZN | AMZN260902P00260000 | exp=2026-09-02 | spread=4.65% | OI=162 | vol=118
2026-08-31T09:45:49 | INFO     | app.strategies.liquidity_filter | LiquidityFilter: no qualifying contracts for IWM SignalDirection.SHORT | total_candidates=85
2026-08-31T09:45:49 | INFO     | app.scanning.alpaca_confirmer | AlpacaConfirmer: no liquid contract for IWM (signal=SHORT)
2026-08-31T09:45:49 | INFO     | app.strategies.liquidity_filter | LiquidityFilter: no qualifying contracts for AMD SignalDirection.SHORT | total_candidates=141
2026-08-31T09:45:49 | INFO     | app.scanning.alpaca_confirmer | AlpacaConfirmer: no liquid contract for AMD (signal=SHORT)
2026-08-31T09:45:49 | INFO     | app.strategies.liquidity_filter | LiquidityFilter: no qualifying contracts for META SignalDirection.SHORT | total_candidates=134
2026-08-31T09:45:49 | INFO     | app.scanning.alpaca_confirmer | AlpacaConfirmer: no liquid contract for META (signal=SHORT)
2026-08-31T09:45:49 | INFO     | session_runner | AlpacaConfirmer: 3 confirmed symbols: ['AMZN', 'TSLA', 'HOOD']
2026-08-31T09:45:49 | INFO     | session_runner | Re-scan updated active symbols: ['AMZN', 'TSLA', 'HOOD']
2026-08-31T09:45:49 | INFO     | session_runner | Broad-market regime | SPY=short
2026-08-31T09:45:49 | INFO     | session_runner | [bridge:TSLA] rsi_trend ready: sufficient bars
2026-08-31T09:45:49 | INFO     | session_runner | [bridge:AMZN] rsi_trend ready: sufficient bars
2026-08-31T09:45:49 | INFO     | session_runner | [bridge:HOOD] rsi_trend ready: sufficient bars
2026-08-31T09:46:19 | INFO     | session_runner | [cycle 32] 09:46:19 ET | positions=0 | entries=0
2026-08-31T09:46:20 | INFO     | session_runner | [bridge:TSLA] rsi_trend ready: sufficient bars
2026-08-31T09:46:20 | INFO     | session_runner | [bridge:AMZN] rsi_trend ready: sufficient bars
2026-08-31T09:46:20 | INFO     | session_runner | [bridge:HOOD] rsi_trend ready: sufficient bars
2026-08-31T09:46:50 | INFO     | session_runner | [cycle 33] 09:46:50 ET | positions=0 | entries=0
2026-08-31T09:46:50 | INFO     | session_runner | [bridge:TSLA] rsi_trend ready: sufficient bars
2026-08-31T09:46:50 | INFO     | session_runner | [bridge:AMZN] rsi_trend ready: sufficient bars
2026-08-31T09:46:50 | INFO     | session_runner | [bridge:HOOD] rsi_trend ready: sufficient bars
2026-08-31T09:47:20 | INFO     | session_runner | [cycle 34] 09:47:20 ET | positions=0 | entries=0
2026-08-31T09:47:21 | INFO     | session_runner | [bridge:TSLA] rsi_trend ready: sufficient bars
2026-08-31T09:47:21 | INFO     | session_runner | [bridge:AMZN] rsi_trend ready: sufficient bars
2026-08-31T09:47:21 | INFO     | session_runner | [bridge:HOOD] rsi_trend ready: sufficient bars
2026-08-31T09:47:51 | INFO     | session_runner | [cycle 35] 09:47:51 ET | positions=0 | entries=0
2026-08-31T09:47:51 | INFO     | session_runner | [bridge:TSLA] rsi_trend ready: sufficient bars
2026-08-31T09:47:51 | INFO     | session_runner | [bridge:AMZN] rsi_trend ready: sufficient bars
2026-08-31T09:47:51 | INFO     | session_runner | [bridge:HOOD] rsi_trend ready: sufficient bars
2026-08-31T09:48:21 | INFO     | session_runner | [cycle 36] 09:48:21 ET | positions=0 | entries=0
2026-08-31T09:48:22 | INFO     | session_runner | [bridge:TSLA] rsi_trend ready: sufficient bars
2026-08-31T09:48:22 | INFO     | session_runner | [bridge:AMZN] rsi_trend ready: sufficient bars
2026-08-31T09:48:23 | INFO     | session_runner | [bridge:HOOD] rsi_trend ready: sufficient bars
2026-08-31T09:48:53 | INFO     | session_runner | [cycle 37] 09:48:53 ET | positions=0 | entries=0
2026-08-31T09:48:53 | INFO     | session_runner | [bridge:TSLA] rsi_trend ready: sufficient bars
2026-08-31T09:48:53 | INFO     | session_runner | [bridge:AMZN] rsi_trend ready: sufficient bars
2026-08-31T09:48:53 | INFO     | session_runner | [bridge:HOOD] rsi_trend ready: sufficient bars
2026-08-31T09:49:23 | INFO     | session_runner | [cycle 38] 09:49:23 ET | positions=0 | entries=0
2026-08-31T09:49:24 | INFO     | session_runner | [bridge:TSLA] rsi_trend ready: sufficient bars
2026-08-31T09:49:24 | INFO     | session_runner | [bridge:AMZN] rsi_trend ready: sufficient bars
2026-08-31T09:49:24 | INFO     | session_runner | [bridge:HOOD] rsi_trend ready: sufficient bars
2026-08-31T09:49:54 | INFO     | session_runner | [cycle 39] 09:49:54 ET | positions=0 | entries=0
2026-08-31T09:49:54 | INFO     | session_runner | [bridge:TSLA] rsi_trend ready: sufficient bars
2026-08-31T09:49:54 | INFO     | session_runner | [bridge:AMZN] rsi_trend ready: sufficient bars
2026-08-31T09:49:54 | INFO     | session_runner | [bridge:HOOD] rsi_trend ready: sufficient bars
2026-08-31T09:50:24 | INFO     | session_runner | [cycle 40] 09:50:24 ET | positions=0 | entries=0
2026-08-31T09:50:25 | INFO     | session_runner | [bridge:TSLA] rsi_trend ready: sufficient bars
2026-08-31T09:50:25 | INFO     | session_runner | [bridge:AMZN] rsi_trend ready: sufficient bars
2026-08-31T09:50:25 | INFO     | session_runner | [bridge:HOOD] rsi_trend ready: sufficient bars
2026-08-31T09:50:55 | INFO     | session_runner | [cycle 41] 09:50:55 ET | positions=0 | entries=0
2026-08-31T09:50:55 | INFO     | app.trading.reconciler | Reconciliation done: broker_pos=0 local_pos=0 broker_orders=0 local_pending=0 repaired=0 flagged=0 orders_confirmed=True positions_confirmed=True
2026-08-31T09:50:55 | INFO     | session_runner | Periodic universe re-scan …
2026-08-31T09:50:55 | INFO     | app.scanning.universe_loader | UniverseLoader: loaded 5 groups (13 flat symbols) from config/ticker_universe.yaml (blacklist=0)
2026-08-31T09:50:55 | INFO     | app.scanning.universe_loader | UniverseLoader: 38 symbols from 4 group(s) (blacklist=0)
2026-08-31T09:50:55 | INFO     | session_runner | Universe scan: 38 symbols from 4 group(s) | max_active=6
2026-08-31T09:50:56 | WARNING  | app.scanning.yfinance_scanner | AlpacaScanner: no daily data for 1/38 symbols: ['SQ']
2026-08-31T09:50:58 | WARNING  | app.scanning.yfinance_scanner | YFinanceScanner: failed for SQ: No daily data returned for SQ
2026-08-31T09:50:58 | INFO     | session_runner | Scan: 22 passed, 16 rejected
2026-08-31T09:50:58 | INFO     | session_runner |   TSLA    score=87.0  signal=LONG     reasons: rvol=3.21x (high), atr=3.40% (wide-range), orb_breakout
2026-08-31T09:50:58 | INFO     | session_runner |   IWM     score=80.0  signal=SHORT    reasons: rvol=2.97x (high), atr=0.99% (good range), orb_breakdown
2026-08-31T09:50:58 | INFO     | session_runner |   AMD     score=75.0  signal=SHORT    reasons: rvol=2.10x (high), atr=4.04% (wide-range), trend_down
2026-08-31T09:50:58 | INFO     | session_runner |   SOFI    score=75.0  signal=SHORT    reasons: rvol=2.70x (high), atr=4.84% (wide-range), near_orb_level
2026-08-31T09:50:58 | INFO     | session_runner |   AAPL    score=70.0  signal=SHORT    reasons: rvol=1.90x (elevated), atr=1.99% (wide-range), near_orb_level
2026-08-31T09:50:59 | INFO     | app.strategies.liquidity_filter | LiquidityFilter: selected TSLA260902C00362500 | delta=0.416 | spread_pct=0.031 | OI=479 | vol=331
2026-08-31T09:50:59 | INFO     | app.scanning.alpaca_confirmer | AlpacaConfirmer: confirmed TSLA | TSLA260902C00362500 | exp=2026-09-02 | spread=3.08% | OI=479 | vol=331
2026-08-31T09:50:59 | INFO     | app.strategies.liquidity_filter | LiquidityFilter: selected SOFI260904P00017500 | delta=-0.439 | spread_pct=0.027 | OI=2998 | vol=926
2026-08-31T09:50:59 | INFO     | app.scanning.alpaca_confirmer | AlpacaConfirmer: confirmed SOFI | SOFI260904P00017500 | exp=2026-09-04 | spread=2.74% | OI=2998 | vol=926
2026-08-31T09:50:59 | INFO     | app.strategies.liquidity_filter | LiquidityFilter: no qualifying contracts for XLE SignalDirection.LONG | total_candidates=31
2026-08-31T09:50:59 | INFO     | app.scanning.alpaca_confirmer | AlpacaConfirmer: no liquid contract for XLE (signal=LONG)
2026-08-31T09:50:59 | INFO     | app.strategies.liquidity_filter | LiquidityFilter: selected GOOGL260902P00340000 | delta=-0.445 | spread_pct=0.046 | OI=324 | vol=228
2026-08-31T09:50:59 | INFO     | app.scanning.alpaca_confirmer | AlpacaConfirmer: confirmed GOOGL | GOOGL260902P00340000 | exp=2026-09-02 | spread=4.56% | OI=324 | vol=228
2026-08-31T09:50:59 | INFO     | app.strategies.liquidity_filter | LiquidityFilter: no qualifying contracts for LYFT SignalDirection.SHORT | total_candidates=35
2026-08-31T09:50:59 | INFO     | app.scanning.alpaca_confirmer | AlpacaConfirmer: no liquid contract for LYFT (signal=SHORT)
2026-08-31T09:50:59 | INFO     | app.strategies.liquidity_filter | LiquidityFilter: no qualifying contracts for MARA SignalDirection.SHORT | total_candidates=34
2026-08-31T09:50:59 | INFO     | app.scanning.alpaca_confirmer | AlpacaConfirmer: no liquid contract for MARA (signal=SHORT)
2026-08-31T09:50:59 | INFO     | app.strategies.liquidity_filter | LiquidityFilter: selected AAPL260902P00315000 | delta=-0.354 | spread_pct=0.025 | OI=350 | vol=325
2026-08-31T09:50:59 | INFO     | app.scanning.alpaca_confirmer | AlpacaConfirmer: confirmed AAPL | AAPL260902P00315000 | exp=2026-09-02 | spread=2.50% | OI=350 | vol=325
2026-08-31T09:50:59 | INFO     | app.strategies.liquidity_filter | LiquidityFilter: selected IWM260902P00292000 | delta=-0.352 | spread_pct=0.022 | OI=148 | vol=61
2026-08-31T09:50:59 | INFO     | app.scanning.alpaca_confirmer | AlpacaConfirmer: confirmed IWM | IWM260902P00292000 | exp=2026-09-02 | spread=2.17% | OI=148 | vol=61
2026-08-31T09:50:59 | INFO     | app.strategies.liquidity_filter | LiquidityFilter: selected AMZN260902P00260000 | delta=-0.367 | spread_pct=0.054 | OI=162 | vol=598
2026-08-31T09:50:59 | INFO     | app.scanning.alpaca_confirmer | AlpacaConfirmer: confirmed AMZN | AMZN260902P00260000 | exp=2026-09-02 | spread=5.44% | OI=162 | vol=598
2026-08-31T09:50:59 | INFO     | app.strategies.liquidity_filter | LiquidityFilter: selected HOOD260904P00100000 | delta=-0.394 | spread_pct=0.035 | OI=2312 | vol=886
2026-08-31T09:50:59 | INFO     | app.scanning.alpaca_confirmer | AlpacaConfirmer: confirmed HOOD | HOOD260904P00100000 | exp=2026-09-04 | spread=3.47% | OI=2312 | vol=886
2026-08-31T09:50:59 | INFO     | app.strategies.liquidity_filter | LiquidityFilter: no qualifying contracts for AMD SignalDirection.SHORT | total_candidates=141
2026-08-31T09:50:59 | INFO     | app.scanning.alpaca_confirmer | AlpacaConfirmer: no liquid contract for AMD (signal=SHORT)
2026-08-31T09:50:59 | INFO     | session_runner | AlpacaConfirmer: 6 confirmed symbols: ['TSLA', 'IWM', 'SOFI', 'AAPL', 'AMZN', 'HOOD']
2026-08-31T09:50:59 | INFO     | session_runner | Re-scan updated active symbols: ['TSLA', 'IWM', 'SOFI', 'AAPL', 'AMZN', 'HOOD']
2026-08-31T09:50:59 | INFO     | session_runner | Broad-market regime | SPY=short
2026-08-31T09:50:59 | INFO     | session_runner | [bridge:TSLA] rsi_trend ready: sufficient bars
2026-08-31T09:50:59 | INFO     | session_runner | [bridge:IWM] rsi_trend ready: sufficient bars
2026-08-31T09:50:59 | INFO     | session_runner | [bridge:SOFI] rsi_trend ready: sufficient bars
2026-08-31T09:51:00 | INFO     | session_runner | [bridge:AAPL] rsi_trend ready: sufficient bars
2026-08-31T09:51:00 | INFO     | session_runner | [bridge:HOOD] rsi_trend ready: sufficient bars
2026-08-31T09:51:00 | INFO     | session_runner | [bridge:AMZN] rsi_trend ready: sufficient bars
2026-08-31T09:51:30 | INFO     | session_runner | [cycle 42] 09:51:30 ET | positions=0 | entries=0
2026-08-31T09:51:30 | INFO     | session_runner | [bridge:TSLA] rsi_trend ready: sufficient bars
2026-08-31T09:51:30 | INFO     | session_runner | [bridge:IWM] rsi_trend ready: sufficient bars
2026-08-31T09:51:31 | INFO     | session_runner | [bridge:SOFI] rsi_trend ready: sufficient bars
2026-08-31T09:51:31 | INFO     | session_runner | [bridge:AAPL] rsi_trend ready: sufficient bars
2026-08-31T09:51:31 | INFO     | session_runner | [bridge:HOOD] rsi_trend ready: sufficient bars
2026-08-31T09:51:31 | INFO     | session_runner | [bridge:AMZN] rsi_trend ready: sufficient bars
2026-08-31T09:52:01 | INFO     | session_runner | [cycle 43] 09:52:01 ET | positions=0 | entries=0
2026-08-31T09:52:01 | INFO     | session_runner | [bridge:TSLA] rsi_trend ready: sufficient bars
2026-08-31T09:52:02 | INFO     | session_runner | [bridge:IWM] rsi_trend ready: sufficient bars
2026-08-31T09:52:02 | INFO     | session_runner | [bridge:SOFI] rsi_trend ready: sufficient bars
2026-08-31T09:52:02 | INFO     | session_runner | [bridge:AAPL] rsi_trend ready: sufficient bars
2026-08-31T09:52:02 | INFO     | session_runner | [bridge:HOOD] rsi_trend ready: sufficient bars
2026-08-31T09:52:02 | INFO     | session_runner | [bridge:AMZN] rsi_trend ready: sufficient bars
2026-08-31T09:52:32 | INFO     | session_runner | [cycle 44] 09:52:32 ET | positions=0 | entries=0
2026-08-31T09:52:32 | INFO     | session_runner | [bridge:TSLA] rsi_trend ready: sufficient bars
2026-08-31T09:52:33 | INFO     | session_runner | [bridge:IWM] rsi_trend ready: sufficient bars
2026-08-31T09:52:33 | INFO     | session_runner | [bridge:SOFI] rsi_trend ready: sufficient bars
2026-08-31T09:52:33 | INFO     | session_runner | [bridge:AAPL] rsi_trend ready: sufficient bars
2026-08-31T09:52:33 | INFO     | session_runner | [bridge:HOOD] rsi_trend ready: sufficient bars
2026-08-31T09:52:33 | INFO     | session_runner | [bridge:AMZN] rsi_trend ready: sufficient bars
2026-08-31T09:53:03 | INFO     | session_runner | [cycle 45] 09:53:03 ET | positions=0 | entries=0
2026-08-31T09:53:03 | INFO     | session_runner | [bridge:TSLA] rsi_trend ready: sufficient bars
2026-08-31T09:53:03 | INFO     | session_runner | [bridge:IWM] rsi_trend ready: sufficient bars
2026-08-31T09:53:04 | INFO     | session_runner | [bridge:SOFI] rsi_trend ready: sufficient bars
2026-08-31T09:53:04 | INFO     | session_runner | [bridge:AAPL] rsi_trend ready: sufficient bars
2026-08-31T09:53:04 | INFO     | session_runner | [bridge:HOOD] rsi_trend ready: sufficient bars
2026-08-31T09:53:04 | INFO     | session_runner | [bridge:AMZN] rsi_trend ready: sufficient bars
2026-08-31T09:53:34 | INFO     | session_runner | [cycle 46] 09:53:34 ET | positions=0 | entries=0
2026-08-31T09:53:34 | INFO     | session_runner | [bridge:TSLA] rsi_trend ready: sufficient bars
2026-08-31T09:53:34 | INFO     | session_runner | [bridge:IWM] rsi_trend ready: sufficient bars
2026-08-31T09:53:35 | INFO     | session_runner | [bridge:SOFI] rsi_trend ready: sufficient bars
2026-08-31T09:53:35 | INFO     | session_runner | [bridge:AAPL] rsi_trend ready: sufficient bars
2026-08-31T09:53:35 | INFO     | session_runner | [bridge:HOOD] rsi_trend ready: sufficient bars
2026-08-31T09:53:35 | INFO     | session_runner | [bridge:AMZN] rsi_trend ready: sufficient bars
2026-08-31T09:54:05 | INFO     | session_runner | [cycle 47] 09:54:05 ET | positions=0 | entries=0
2026-08-31T09:54:05 | INFO     | session_runner | [bridge:TSLA] rsi_trend ready: sufficient bars
2026-08-31T09:54:05 | INFO     | session_runner | [bridge:IWM] rsi_trend ready: sufficient bars
2026-08-31T09:54:05 | INFO     | session_runner | [bridge:SOFI] rsi_trend ready: sufficient bars
2026-08-31T09:54:06 | INFO     | session_runner | [bridge:AAPL] rsi_trend ready: sufficient bars
2026-08-31T09:54:06 | INFO     | session_runner | [bridge:HOOD] rsi_trend ready: sufficient bars
2026-08-31T09:54:06 | INFO     | session_runner | [bridge:AMZN] rsi_trend ready: sufficient bars
2026-08-31T09:54:36 | INFO     | session_runner | [cycle 48] 09:54:36 ET | positions=0 | entries=0
2026-08-31T09:54:36 | INFO     | session_runner | [bridge:TSLA] rsi_trend ready: sufficient bars
2026-08-31T09:54:36 | INFO     | session_runner | [bridge:IWM] rsi_trend ready: sufficient bars
2026-08-31T09:54:36 | INFO     | session_runner | [bridge:SOFI] rsi_trend ready: sufficient bars
2026-08-31T09:54:37 | INFO     | session_runner | [bridge:AAPL] rsi_trend ready: sufficient bars
2026-08-31T09:54:37 | INFO     | session_runner | [bridge:HOOD] rsi_trend ready: sufficient bars
2026-08-31T09:54:37 | INFO     | session_runner | [bridge:AMZN] rsi_trend ready: sufficient bars
2026-08-31T09:55:07 | INFO     | session_runner | [cycle 49] 09:55:07 ET | positions=0 | entries=0
2026-08-31T09:55:07 | INFO     | session_runner | [bridge:TSLA] rsi_trend ready: sufficient bars
2026-08-31T09:55:07 | INFO     | session_runner | [bridge:IWM] rsi_trend ready: sufficient bars
2026-08-31T09:55:07 | INFO     | session_runner | Scaled cohort broker entry blocked | IWM/orb | strategy_shadow_only
2026-08-31T09:55:07 | INFO     | app.strategies.liquidity_filter | LiquidityFilter: selected IWM260902P00293000 | delta=-0.417 | spread_pct=0.018 | OI=154 | vol=203
2026-08-31T09:55:07 | INFO     | app.evaluation.shadow_book | ShadowBook: simulating orb/baseline IWM260902P00293000 @ 1.1200 (blocked: strategy_shadow_only, fill-validated at entry)
2026-08-31T09:55:07 | INFO     | app.evaluation.shadow_book | ShadowBook: simulating orb/breakeven_25 IWM260902P00293000 @ 1.1200 (blocked: exit_policy_counterfactual, fill-validated at entry)
2026-08-31T09:55:07 | INFO     | app.evaluation.shadow_book | ShadowBook: simulating orb/partial_25_breakeven IWM260902P00293000 @ 1.1200 (blocked: exit_policy_counterfactual, fill-validated at entry)
2026-08-31T09:55:08 | INFO     | app.strategies.liquidity_filter | LiquidityFilter: no qualifying contracts for IWM SignalDirection.LONG | total_candidates=85
2026-08-31T09:55:08 | INFO     | app.evaluation.shadow_book | ShadowBook: 20260831-4520-IWM-orb-inverted blocked (inverted_direction_counterfactual) but not priceable — signal logged, no simulation
2026-08-31T09:55:08 | INFO     | session_runner | [bridge:SOFI] rsi_trend ready: sufficient bars
2026-08-31T09:55:08 | INFO     | session_runner | [bridge:AAPL] rsi_trend ready: sufficient bars
2026-08-31T09:55:08 | INFO     | session_runner | [bridge:HOOD] rsi_trend ready: sufficient bars
2026-08-31T09:55:08 | INFO     | session_runner | [bridge:AMZN] rsi_trend ready: sufficient bars
2026-08-31T09:55:38 | INFO     | session_runner | [cycle 50] 09:55:38 ET | positions=0 | entries=0
2026-08-31T09:55:39 | INFO     | session_runner | [bridge:TSLA] rsi_trend ready: sufficient bars
2026-08-31T09:55:39 | INFO     | session_runner | [bridge:IWM] rsi_trend ready: sufficient bars
2026-08-31T09:55:39 | INFO     | session_runner | Scaled cohort broker entry blocked | IWM/orb | strategy_shadow_only
2026-08-31T09:55:39 | INFO     | app.strategies.liquidity_filter | LiquidityFilter: selected IWM260902P00293000 | delta=-0.419 | spread_pct=0.018 | OI=154 | vol=203
2026-08-31T09:55:39 | INFO     | session_runner | [bridge:SOFI] rsi_trend ready: sufficient bars
2026-08-31T09:55:39 | INFO     | session_runner | [bridge:AAPL] rsi_trend ready: sufficient bars
2026-08-31T09:55:39 | INFO     | session_runner | [bridge:HOOD] rsi_trend ready: sufficient bars
2026-08-31T09:55:40 | INFO     | session_runner | [bridge:AMZN] rsi_trend ready: sufficient bars
2026-08-31T09:56:10 | INFO     | session_runner | [cycle 51] 09:56:10 ET | positions=0 | entries=0
2026-08-31T09:56:10 | INFO     | session_runner | Periodic universe re-scan …
2026-08-31T09:56:10 | INFO     | app.scanning.universe_loader | UniverseLoader: loaded 5 groups (13 flat symbols) from config/ticker_universe.yaml (blacklist=0)
2026-08-31T09:56:10 | INFO     | app.scanning.universe_loader | UniverseLoader: 38 symbols from 4 group(s) (blacklist=0)
2026-08-31T09:56:10 | INFO     | session_runner | Universe scan: 38 symbols from 4 group(s) | max_active=6
2026-08-31T09:56:10 | WARNING  | app.scanning.yfinance_scanner | AlpacaScanner: no daily data for 1/38 symbols: ['SQ']
2026-08-31T09:56:12 | WARNING  | app.scanning.yfinance_scanner | YFinanceScanner: failed for SQ: No daily data returned for SQ
2026-08-31T09:56:12 | INFO     | session_runner | Scan: 16 passed, 22 rejected
2026-08-31T09:56:12 | INFO     | session_runner |   TSLA    score=87.0  signal=LONG     reasons: rvol=2.93x (high), atr=3.45% (wide-range), orb_breakout
2026-08-31T09:56:12 | INFO     | session_runner |   SOFI    score=87.0  signal=SHORT    reasons: rvol=2.24x (high), atr=4.88% (wide-range), orb_breakdown
2026-08-31T09:56:12 | INFO     | session_runner |   HOOD    score=87.0  signal=SHORT    reasons: rvol=2.54x (high), atr=5.75% (wide-range), orb_breakdown
2026-08-31T09:56:12 | INFO     | session_runner |   LYFT    score=87.0  signal=SHORT    reasons: rvol=2.09x (high), atr=3.54% (wide-range), orb_breakdown
2026-08-31T09:56:12 | INFO     | session_runner |   IWM     score=80.0  signal=SHORT    reasons: rvol=2.51x (high), atr=1.00% (good range), orb_breakdown
2026-08-31T09:56:13 | INFO     | app.strategies.liquidity_filter | LiquidityFilter: no qualifying contracts for LYFT SignalDirection.SHORT | total_candidates=35
2026-08-31T09:56:13 | INFO     | app.scanning.alpaca_confirmer | AlpacaConfirmer: no liquid contract for LYFT (signal=SHORT)
2026-08-31T09:56:13 | INFO     | app.strategies.liquidity_filter | LiquidityFilter: no qualifying contracts for SOFI SignalDirection.SHORT | total_candidates=31
2026-08-31T09:56:13 | INFO     | app.scanning.alpaca_confirmer | AlpacaConfirmer: no liquid contract for SOFI (signal=SHORT)
2026-08-31T09:56:13 | INFO     | app.strategies.liquidity_filter | LiquidityFilter: no qualifying contracts for XLE SignalDirection.LONG | total_candidates=31
2026-08-31T09:56:13 | INFO     | app.scanning.alpaca_confirmer | AlpacaConfirmer: no liquid contract for XLE (signal=LONG)
2026-08-31T09:56:13 | INFO     | app.strategies.liquidity_filter | LiquidityFilter: selected GOOGL260902P00340000 | delta=-0.439 | spread_pct=0.098 | OI=324 | vol=567
2026-08-31T09:56:13 | INFO     | app.scanning.alpaca_confirmer | AlpacaConfirmer: confirmed GOOGL | GOOGL260902P00340000 | exp=2026-09-02 | spread=9.76% | OI=324 | vol=567
2026-08-31T09:56:13 | INFO     | app.strategies.liquidity_filter | LiquidityFilter: no qualifying contracts for MARA SignalDirection.SHORT | total_candidates=34
2026-08-31T09:56:13 | INFO     | app.scanning.alpaca_confirmer | AlpacaConfirmer: no liquid contract for MARA (signal=SHORT)
2026-08-31T09:56:13 | INFO     | app.strategies.liquidity_filter | LiquidityFilter: selected UBER260904P00075000 | delta=-0.383 | spread_pct=0.045 | OI=1590 | vol=221
2026-08-31T09:56:13 | INFO     | app.scanning.alpaca_confirmer | AlpacaConfirmer: confirmed UBER | UBER260904P00075000 | exp=2026-09-04 | spread=4.49% | OI=1590 | vol=221
2026-08-31T09:56:13 | INFO     | app.strategies.liquidity_filter | LiquidityFilter: no qualifying contracts for AAPL SignalDirection.SHORT | total_candidates=56
2026-08-31T09:56:13 | INFO     | app.scanning.alpaca_confirmer | AlpacaConfirmer: no liquid contract for AAPL (signal=SHORT)
2026-08-31T09:56:13 | INFO     | app.strategies.liquidity_filter | LiquidityFilter: selected IWM260902P00293000 | delta=-0.421 | spread_pct=0.009 | OI=154 | vol=240
2026-08-31T09:56:13 | INFO     | app.scanning.alpaca_confirmer | AlpacaConfirmer: confirmed IWM | IWM260902P00293000 | exp=2026-09-02 | spread=0.87% | OI=154 | vol=240
2026-08-31T09:56:13 | INFO     | app.strategies.liquidity_filter | LiquidityFilter: selected MSTR260904C00130000 | delta=0.423 | spread_pct=0.086 | OI=2321 | vol=680
2026-08-31T09:56:13 | INFO     | app.scanning.alpaca_confirmer | AlpacaConfirmer: confirmed MSTR | MSTR260904C00130000 | exp=2026-09-04 | spread=8.59% | OI=2321 | vol=680
2026-08-31T09:56:13 | INFO     | app.strategies.liquidity_filter | LiquidityFilter: selected HOOD260904P00100000 | delta=-0.424 | spread_pct=0.031 | OI=2312 | vol=1194
2026-08-31T09:56:13 | INFO     | app.scanning.alpaca_confirmer | AlpacaConfirmer: confirmed HOOD | HOOD260904P00100000 | exp=2026-09-04 | spread=3.12% | OI=2312 | vol=1194
2026-08-31T09:56:13 | INFO     | app.strategies.liquidity_filter | LiquidityFilter: selected TSLA260902C00362500 | delta=0.427 | spread_pct=0.025 | OI=479 | vol=560
2026-08-31T09:56:13 | INFO     | app.scanning.alpaca_confirmer | AlpacaConfirmer: confirmed TSLA | TSLA260902C00362500 | exp=2026-09-02 | spread=2.49% | OI=479 | vol=560
2026-08-31T09:56:13 | INFO     | app.strategies.liquidity_filter | LiquidityFilter: selected QQQ260902C00718000 | delta=0.410 | spread_pct=0.011 | OI=351 | vol=113
2026-08-31T09:56:13 | INFO     | app.scanning.alpaca_confirmer | AlpacaConfirmer: confirmed QQQ | QQQ260902C00718000 | exp=2026-09-02 | spread=1.10% | OI=351 | vol=113
2026-08-31T09:56:13 | INFO     | session_runner | AlpacaConfirmer: 6 confirmed symbols: ['TSLA', 'HOOD', 'IWM', 'UBER', 'QQQ', 'GOOGL']
2026-08-31T09:56:13 | INFO     | session_runner | Re-scan updated active symbols: ['TSLA', 'HOOD', 'IWM', 'UBER', 'QQQ', 'GOOGL']
2026-08-31T09:56:13 | INFO     | session_runner | Broad-market regime | SPY=neutral
2026-08-31T09:56:13 | INFO     | session_runner | [bridge:TSLA] rsi_trend ready: sufficient bars
2026-08-31T09:56:13 | INFO     | session_runner | [bridge:HOOD] rsi_trend ready: sufficient bars
2026-08-31T09:56:13 | INFO     | session_runner | [bridge:IWM] rsi_trend ready: sufficient bars
2026-08-31T09:56:13 | INFO     | session_runner | Market regime blocked | IWM/orb direction=short regime=neutral
2026-08-31T09:56:13 | INFO     | app.strategies.liquidity_filter | LiquidityFilter: selected IWM260902P00293000 | delta=-0.421 | spread_pct=0.017 | OI=154 | vol=240
2026-08-31T09:56:14 | INFO     | session_runner | [bridge:UBER] rsi_trend ready: sufficient bars
2026-08-31T09:56:14 | INFO     | session_runner | Market regime blocked | UBER/orb direction=short regime=neutral
2026-08-31T09:56:14 | INFO     | app.strategies.liquidity_filter | LiquidityFilter: selected UBER260904P00075000 | delta=-0.384 | spread_pct=0.045 | OI=1590 | vol=221
2026-08-31T09:56:14 | INFO     | app.evaluation.shadow_book | ShadowBook: simulating orb/baseline UBER260904P00075000 @ 0.9100 (blocked: market_regime_mismatch, fill-validated at entry)
2026-08-31T09:56:14 | INFO     | app.evaluation.shadow_book | ShadowBook: simulating orb/breakeven_25 UBER260904P00075000 @ 0.9100 (blocked: exit_policy_counterfactual, fill-validated at entry)
2026-08-31T09:56:14 | INFO     | app.evaluation.shadow_book | ShadowBook: simulating orb/partial_25_breakeven UBER260904P00075000 @ 0.9100 (blocked: exit_policy_counterfactual, fill-validated at entry)
2026-08-31T09:56:14 | INFO     | app.strategies.liquidity_filter | LiquidityFilter: no qualifying contracts for UBER SignalDirection.LONG | total_candidates=41
2026-08-31T09:56:14 | INFO     | app.evaluation.shadow_book | ShadowBook: 20260831-4526-UBER-orb-inverted blocked (inverted_direction_counterfactual) but not priceable — signal logged, no simulation
2026-08-31T09:56:14 | INFO     | session_runner | [bridge:QQQ] rsi_trend ready: sufficient bars
2026-08-31T09:56:14 | INFO     | session_runner | Stale signal: QQQ/vwap_reclaim age=36 min > max 10 min — skipped
2026-08-31T09:56:14 | INFO     | session_runner | [bridge:GOOGL] rsi_trend ready: sufficient bars
2026-08-31T09:56:14 | INFO     | session_runner | Stale signal: GOOGL/vwap_reclaim age=16 min > max 10 min — skipped
2026-08-31T09:56:44 | INFO     | session_runner | [cycle 52] 09:56:44 ET | positions=0 | entries=0
2026-08-31T09:56:45 | INFO     | session_runner | [bridge:TSLA] rsi_trend ready: sufficient bars
2026-08-31T09:56:45 | INFO     | session_runner | [bridge:HOOD] rsi_trend ready: sufficient bars
2026-08-31T09:56:45 | INFO     | session_runner | [bridge:IWM] rsi_trend ready: sufficient bars
2026-08-31T09:56:45 | INFO     | session_runner | Market regime blocked | IWM/orb direction=short regime=neutral
2026-08-31T09:56:45 | INFO     | app.strategies.liquidity_filter | LiquidityFilter: selected IWM260902P00293000 | delta=-0.420 | spread_pct=0.017 | OI=154 | vol=240
2026-08-31T09:56:45 | INFO     | session_runner | [bridge:UBER] rsi_trend ready: sufficient bars
2026-08-31T09:56:45 | INFO     | session_runner | Market regime blocked | UBER/orb direction=short regime=neutral
2026-08-31T09:56:45 | INFO     | app.strategies.liquidity_filter | LiquidityFilter: selected UBER260904P00075000 | delta=-0.368 | spread_pct=0.048 | OI=1590 | vol=221
2026-08-31T09:56:45 | INFO     | session_runner | [bridge:QQQ] rsi_trend ready: sufficient bars
2026-08-31T09:56:45 | INFO     | session_runner | Stale signal: QQQ/vwap_reclaim age=37 min > max 10 min — skipped
2026-08-31T09:56:45 | INFO     | session_runner | [bridge:GOOGL] rsi_trend ready: sufficient bars
2026-08-31T09:56:45 | INFO     | session_runner | Stale signal: GOOGL/vwap_reclaim age=17 min > max 10 min — skipped
2026-08-31T09:57:16 | INFO     | session_runner | [cycle 53] 09:57:16 ET | positions=0 | entries=0
2026-08-31T09:57:16 | INFO     | session_runner | [bridge:TSLA] rsi_trend ready: sufficient bars
2026-08-31T09:57:16 | INFO     | session_runner | [bridge:HOOD] rsi_trend ready: sufficient bars
2026-08-31T09:57:17 | INFO     | session_runner | [bridge:IWM] rsi_trend ready: sufficient bars
2026-08-31T09:57:17 | INFO     | session_runner | Market regime blocked | IWM/orb direction=short regime=neutral
2026-08-31T09:57:17 | INFO     | app.strategies.liquidity_filter | LiquidityFilter: selected IWM260902P00293000 | delta=-0.413 | spread_pct=0.009 | OI=154 | vol=252
2026-08-31T09:57:17 | INFO     | session_runner | [bridge:UBER] rsi_trend ready: sufficient bars
2026-08-31T09:57:17 | INFO     | session_runner | Market regime blocked | UBER/orb direction=short regime=neutral
2026-08-31T09:57:17 | INFO     | app.strategies.liquidity_filter | LiquidityFilter: selected UBER260904P00075000 | delta=-0.359 | spread_pct=0.025 | OI=1590 | vol=380
2026-08-31T09:57:17 | INFO     | session_runner | [bridge:QQQ] rsi_trend ready: sufficient bars
2026-08-31T09:57:17 | INFO     | session_runner | Stale signal: QQQ/vwap_reclaim age=37 min > max 10 min — skipped
2026-08-31T09:57:17 | INFO     | session_runner | [bridge:GOOGL] rsi_trend ready: sufficient bars
2026-08-31T09:57:17 | INFO     | session_runner | Stale signal: GOOGL/vwap_reclaim age=17 min > max 10 min — skipped
2026-08-31T09:57:47 | INFO     | session_runner | [cycle 54] 09:57:47 ET | positions=0 | entries=0
2026-08-31T09:57:49 | INFO     | session_runner | [bridge:TSLA] rsi_trend ready: sufficient bars
2026-08-31T09:57:49 | INFO     | session_runner | [bridge:HOOD] rsi_trend ready: sufficient bars
2026-08-31T09:57:49 | INFO     | session_runner | [bridge:IWM] rsi_trend ready: sufficient bars
2026-08-31T09:57:49 | INFO     | session_runner | Market regime blocked | IWM/orb direction=short regime=neutral
2026-08-31T09:57:49 | INFO     | app.strategies.liquidity_filter | LiquidityFilter: selected IWM260902P00293000 | delta=-0.423 | spread_pct=0.044 | OI=154 | vol=252
2026-08-31T09:57:49 | INFO     | session_runner | [bridge:UBER] rsi_trend ready: sufficient bars
2026-08-31T09:57:49 | INFO     | session_runner | Market regime blocked | UBER/orb direction=short regime=neutral
2026-08-31T09:57:49 | INFO     | app.strategies.liquidity_filter | LiquidityFilter: selected UBER260904P00075000 | delta=-0.359 | spread_pct=0.037 | OI=1590 | vol=380
2026-08-31T09:57:49 | INFO     | session_runner | [bridge:QQQ] rsi_trend ready: sufficient bars
2026-08-31T09:57:49 | INFO     | session_runner | Stale signal: QQQ/vwap_reclaim age=38 min > max 10 min — skipped
2026-08-31T09:57:50 | INFO     | session_runner | [bridge:GOOGL] rsi_trend ready: sufficient bars
2026-08-31T09:57:50 | INFO     | session_runner | Stale signal: GOOGL/vwap_reclaim age=18 min > max 10 min — skipped
2026-08-31T09:58:20 | INFO     | session_runner | [cycle 55] 09:58:20 ET | positions=0 | entries=0
2026-08-31T09:58:20 | INFO     | session_runner | [bridge:TSLA] rsi_trend ready: sufficient bars
2026-08-31T09:58:21 | INFO     | session_runner | [bridge:HOOD] rsi_trend ready: sufficient bars
2026-08-31T09:58:21 | INFO     | session_runner | [bridge:IWM] rsi_trend ready: sufficient bars
2026-08-31T09:58:21 | INFO     | session_runner | Market regime blocked | IWM/orb direction=short regime=neutral
2026-08-31T09:58:21 | INFO     | app.strategies.liquidity_filter | LiquidityFilter: selected IWM260902P00293000 | delta=-0.435 | spread_pct=0.009 | OI=154 | vol=255
2026-08-31T09:58:21 | INFO     | session_runner | [bridge:UBER] rsi_trend ready: sufficient bars
2026-08-31T09:58:21 | INFO     | session_runner | Market regime blocked | UBER/orb direction=short regime=neutral
2026-08-31T09:58:21 | INFO     | app.strategies.liquidity_filter | LiquidityFilter: selected UBER260904P00075000 | delta=-0.369 | spread_pct=0.074 | OI=1590 | vol=545
2026-08-31T09:58:21 | INFO     | session_runner | [bridge:QQQ] rsi_trend ready: sufficient bars
2026-08-31T09:58:21 | INFO     | session_runner | Stale signal: QQQ/vwap_reclaim age=38 min > max 10 min — skipped
2026-08-31T09:58:21 | INFO     | session_runner | [bridge:GOOGL] rsi_trend ready: sufficient bars
2026-08-31T09:58:21 | INFO     | session_runner | Stale signal: GOOGL/vwap_reclaim age=18 min > max 10 min — skipped
2026-08-31T09:58:51 | INFO     | session_runner | [cycle 56] 09:58:51 ET | positions=0 | entries=0
2026-08-31T09:58:52 | INFO     | session_runner | [bridge:TSLA] rsi_trend ready: sufficient bars
2026-08-31T09:58:52 | INFO     | session_runner | [bridge:HOOD] rsi_trend ready: sufficient bars
2026-08-31T09:58:52 | INFO     | session_runner | [bridge:IWM] rsi_trend ready: sufficient bars
2026-08-31T09:58:52 | INFO     | session_runner | Market regime blocked | IWM/orb direction=short regime=neutral
2026-08-31T09:58:52 | INFO     | app.strategies.liquidity_filter | LiquidityFilter: selected IWM260902P00293000 | delta=-0.428 | spread_pct=0.009 | OI=154 | vol=255
2026-08-31T09:58:52 | INFO     | session_runner | [bridge:UBER] rsi_trend ready: sufficient bars
2026-08-31T09:58:52 | INFO     | session_runner | Market regime blocked | UBER/orb direction=short regime=neutral
2026-08-31T09:58:52 | INFO     | app.strategies.liquidity_filter | LiquidityFilter: selected UBER260904P00075000 | delta=-0.364 | spread_pct=0.062 | OI=1590 | vol=545
2026-08-31T09:58:53 | INFO     | session_runner | [bridge:QQQ] rsi_trend ready: sufficient bars
2026-08-31T09:58:53 | INFO     | session_runner | Stale signal: QQQ/vwap_reclaim age=39 min > max 10 min — skipped
2026-08-31T09:58:53 | INFO     | session_runner | [bridge:GOOGL] rsi_trend ready: sufficient bars
2026-08-31T09:58:53 | INFO     | session_runner | Stale signal: GOOGL/vwap_reclaim age=19 min > max 10 min — skipped
2026-08-31T09:59:23 | INFO     | session_runner | [cycle 57] 09:59:23 ET | positions=0 | entries=0
2026-08-31T09:59:23 | INFO     | session_runner | [bridge:TSLA] rsi_trend ready: sufficient bars
2026-08-31T09:59:24 | INFO     | session_runner | [bridge:HOOD] rsi_trend ready: sufficient bars
2026-08-31T09:59:24 | INFO     | session_runner | [bridge:IWM] rsi_trend ready: sufficient bars
2026-08-31T09:59:24 | INFO     | session_runner | Market regime blocked | IWM/orb direction=short regime=neutral
2026-08-31T09:59:24 | INFO     | app.strategies.liquidity_filter | LiquidityFilter: selected IWM260902P00293000 | delta=-0.441 | spread_pct=0.016 | OI=154 | vol=277
2026-08-31T09:59:24 | INFO     | session_runner | [bridge:UBER] rsi_trend ready: sufficient bars
2026-08-31T09:59:24 | INFO     | session_runner | Market regime blocked | UBER/orb direction=short regime=neutral
2026-08-31T09:59:24 | INFO     | app.strategies.liquidity_filter | LiquidityFilter: selected UBER260904P00075000 | delta=-0.373 | spread_pct=0.024 | OI=1590 | vol=547
2026-08-31T09:59:24 | INFO     | session_runner | [bridge:QQQ] rsi_trend ready: sufficient bars
2026-08-31T09:59:24 | INFO     | session_runner | Stale signal: QQQ/vwap_reclaim age=39 min > max 10 min — skipped
2026-08-31T09:59:24 | INFO     | session_runner | [bridge:GOOGL] rsi_trend ready: sufficient bars
2026-08-31T09:59:24 | INFO     | session_runner | Stale signal: GOOGL/vwap_reclaim age=19 min > max 10 min — skipped
2026-08-31T09:59:54 | INFO     | session_runner | [cycle 58] 09:59:54 ET | positions=0 | entries=0
2026-08-31T09:59:55 | INFO     | session_runner | [bridge:TSLA] rsi_trend ready: sufficient bars
2026-08-31T09:59:55 | INFO     | session_runner | [bridge:HOOD] rsi_trend ready: sufficient bars
2026-08-31T09:59:55 | INFO     | session_runner | [bridge:IWM] rsi_trend ready: sufficient bars
2026-08-31T09:59:55 | INFO     | session_runner | Market regime blocked | IWM/orb direction=short regime=neutral
2026-08-31T09:59:55 | INFO     | app.strategies.liquidity_filter | LiquidityFilter: selected IWM260902P00293000 | delta=-0.442 | spread_pct=0.017 | OI=154 | vol=277
2026-08-31T09:59:56 | INFO     | session_runner | [bridge:UBER] rsi_trend ready: sufficient bars
2026-08-31T09:59:56 | INFO     | session_runner | Market regime blocked | UBER/orb direction=short regime=neutral
2026-08-31T09:59:56 | INFO     | app.strategies.liquidity_filter | LiquidityFilter: selected UBER260904P00075000 | delta=-0.365 | spread_pct=0.061 | OI=1590 | vol=547
2026-08-31T09:59:56 | INFO     | session_runner | [bridge:QQQ] rsi_trend ready: sufficient bars
2026-08-31T09:59:56 | INFO     | session_runner | Stale signal: QQQ/vwap_reclaim age=40 min > max 10 min — skipped
2026-08-31T09:59:56 | INFO     | session_runner | [bridge:GOOGL] rsi_trend ready: sufficient bars
2026-08-31T09:59:56 | INFO     | session_runner | Stale signal: GOOGL/vwap_reclaim age=20 min > max 10 min — skipped
2026-08-31T10:00:26 | INFO     | session_runner | [cycle 59] 10:00:26 ET | positions=0 | entries=0
2026-08-31T10:00:27 | INFO     | session_runner | [bridge:TSLA] rsi_trend ready: sufficient bars
2026-08-31T10:00:27 | INFO     | session_runner | Market regime blocked | TSLA/orb direction=long regime=neutral
2026-08-31T10:00:28 | INFO     | app.strategies.liquidity_filter | LiquidityFilter: selected TSLA260902C00365000 | delta=0.386 | spread_pct=0.016 | OI=746 | vol=1689
2026-08-31T10:00:28 | INFO     | app.evaluation.shadow_book | ShadowBook: simulating orb/baseline TSLA260902C00365000 @ 3.8300 (blocked: market_regime_mismatch, fill-validated at entry)
2026-08-31T10:00:28 | INFO     | app.evaluation.shadow_book | ShadowBook: simulating orb/breakeven_25 TSLA260902C00365000 @ 3.8300 (blocked: exit_policy_counterfactual, fill-validated at entry)
2026-08-31T10:00:28 | INFO     | app.evaluation.shadow_book | ShadowBook: simulating orb/partial_25_breakeven TSLA260902C00365000 @ 3.8300 (blocked: exit_policy_counterfactual, fill-validated at entry)
2026-08-31T10:00:28 | INFO     | app.strategies.liquidity_filter | LiquidityFilter: selected TSLA260902P00357500 | delta=-0.405 | spread_pct=0.031 | OI=296 | vol=73
2026-08-31T10:00:28 | INFO     | app.evaluation.shadow_book | ShadowBook: simulating orb/inverted TSLA260902P00357500 @ 4.2200 (blocked: inverted_direction_counterfactual, fill-validated at entry)
2026-08-31T10:00:28 | INFO     | session_runner | [bridge:HOOD] rsi_trend ready: sufficient bars
2026-08-31T10:00:28 | INFO     | session_runner | Signal quality blocked | HOOD/orb score=2.0 < 3.0
2026-08-31T10:00:29 | INFO     | app.strategies.liquidity_filter | LiquidityFilter: selected HOOD260904P00100000 | delta=-0.398 | spread_pct=0.034 | OI=2312 | vol=1411
2026-08-31T10:00:29 | INFO     | app.evaluation.shadow_book | ShadowBook: simulating orb/baseline HOOD260904P00100000 @ 2.1000 (blocked: signal_quality_below_min, fill-validated at entry)
2026-08-31T10:00:29 | INFO     | app.evaluation.shadow_book | ShadowBook: simulating orb/breakeven_25 HOOD260904P00100000 @ 2.1000 (blocked: exit_policy_counterfactual, fill-validated at entry)
2026-08-31T10:00:29 | INFO     | app.evaluation.shadow_book | ShadowBook: simulating orb/partial_25_breakeven HOOD260904P00100000 @ 2.1000 (blocked: exit_policy_counterfactual, fill-validated at entry)
2026-08-31T10:00:29 | INFO     | app.strategies.liquidity_filter | LiquidityFilter: selected HOOD260904C00103000 | delta=0.431 | spread_pct=0.029 | OI=305 | vol=751
2026-08-31T10:00:29 | INFO     | app.evaluation.shadow_book | ShadowBook: simulating orb/inverted HOOD260904C00103000 @ 2.1200 (blocked: inverted_direction_counterfactual, fill-validated at entry)
2026-08-31T10:00:29 | INFO     | session_runner | [bridge:IWM] rsi_trend ready: sufficient bars
2026-08-31T10:00:29 | INFO     | session_runner | Stale signal: IWM/orb age=10 min > max 10 min — skipped
2026-08-31T10:00:29 | INFO     | session_runner | [bridge:UBER] rsi_trend ready: sufficient bars
2026-08-31T10:00:29 | INFO     | session_runner | Stale signal: UBER/orb age=10 min > max 10 min — skipped
2026-08-31T10:00:29 | INFO     | session_runner | [bridge:QQQ] rsi_trend ready: sufficient bars
2026-08-31T10:00:29 | INFO     | session_runner | Stale signal: QQQ/vwap_reclaim age=40 min > max 10 min — skipped
2026-08-31T10:00:29 | INFO     | session_runner | Signal quality blocked | QQQ/vwap_reclaim score=0.0 < 3.0
2026-08-31T10:00:30 | INFO     | app.strategies.liquidity_filter | LiquidityFilter: selected QQQ260902C00718000 | delta=0.391 | spread_pct=0.032 | OI=351 | vol=152
2026-08-31T10:00:30 | INFO     | app.evaluation.shadow_book | ShadowBook: simulating vwap_reclaim/baseline QQQ260902C00718000 @ 2.5100 (blocked: signal_quality_below_min, fill-validated at entry)
2026-08-31T10:00:30 | INFO     | app.evaluation.shadow_book | ShadowBook: simulating vwap_reclaim/breakeven_25 QQQ260902C00718000 @ 2.5100 (blocked: exit_policy_counterfactual, fill-validated at entry)
2026-08-31T10:00:30 | INFO     | app.evaluation.shadow_book | ShadowBook: simulating vwap_reclaim/partial_25_breakeven QQQ260902C00718000 @ 2.5100 (blocked: exit_policy_counterfactual, fill-validated at entry)
2026-08-31T10:00:31 | INFO     | app.strategies.liquidity_filter | LiquidityFilter: selected QQQ260902P00713000 | delta=-0.393 | spread_pct=0.034 | OI=409 | vol=295
2026-08-31T10:00:31 | INFO     | app.evaluation.shadow_book | ShadowBook: simulating vwap_reclaim/inverted QQQ260902P00713000 @ 2.7200 (blocked: inverted_direction_counterfactual, fill-validated at entry)
2026-08-31T10:00:31 | INFO     | session_runner | [bridge:GOOGL] rsi_trend ready: sufficient bars
2026-08-31T10:00:31 | INFO     | session_runner | Stale signal: GOOGL/vwap_reclaim age=20 min > max 10 min — skipped
2026-08-31T10:01:01 | INFO     | session_runner | [cycle 60] 10:01:01 ET | positions=0 | entries=0
2026-08-31T10:01:01 | INFO     | app.trading.reconciler | Reconciliation done: broker_pos=0 local_pos=0 broker_orders=0 local_pending=0 repaired=0 flagged=0 orders_confirmed=True positions_confirmed=True
2026-08-31T10:01:03 | INFO     | session_runner | [bridge:TSLA] rsi_trend ready: sufficient bars
2026-08-31T10:01:03 | INFO     | session_runner | Market regime blocked | TSLA/orb direction=long regime=neutral
2026-08-31T10:01:03 | INFO     | app.strategies.liquidity_filter | LiquidityFilter: selected TSLA260902C00365000 | delta=0.377 | spread_pct=0.030 | OI=746 | vol=1817
2026-08-31T10:01:03 | INFO     | session_runner | [bridge:HOOD] rsi_trend ready: sufficient bars
2026-08-31T10:01:03 | INFO     | session_runner | Signal quality blocked | HOOD/orb score=2.0 < 3.0
2026-08-31T10:01:03 | INFO     | app.strategies.liquidity_filter | LiquidityFilter: selected HOOD260904P00100000 | delta=-0.403 | spread_pct=0.058 | OI=2312 | vol=1437
2026-08-31T10:01:04 | INFO     | session_runner | [bridge:IWM] rsi_trend ready: sufficient bars
2026-08-31T10:01:04 | INFO     | session_runner | Stale signal: IWM/orb age=11 min > max 10 min — skipped
2026-08-31T10:01:04 | INFO     | session_runner | [bridge:UBER] rsi_trend ready: sufficient bars
2026-08-31T10:01:04 | INFO     | session_runner | Stale signal: UBER/orb age=11 min > max 10 min — skipped
2026-08-31T10:01:04 | INFO     | session_runner | [bridge:QQQ] rsi_trend ready: sufficient bars
2026-08-31T10:01:04 | INFO     | session_runner | Stale signal: QQQ/vwap_reclaim age=41 min > max 10 min — skipped
2026-08-31T10:01:04 | INFO     | session_runner | Signal quality blocked | QQQ/vwap_reclaim score=0.0 < 3.0
2026-08-31T10:01:04 | INFO     | app.strategies.liquidity_filter | LiquidityFilter: selected QQQ260902C00718000 | delta=0.385 | spread_pct=0.012 | OI=351 | vol=154
2026-08-31T10:01:05 | INFO     | session_runner | [bridge:GOOGL] rsi_trend ready: sufficient bars
2026-08-31T10:01:05 | INFO     | session_runner | Stale signal: GOOGL/vwap_reclaim age=21 min > max 10 min — skipped
2026-08-31T10:01:35 | INFO     | session_runner | [cycle 61] 10:01:35 ET | positions=0 | entries=0
2026-08-31T10:01:35 | INFO     | app.evaluation.shadow_book | ShadowBook: closed vwap_reclaim GOOGL260902C00342500 @ 1.9200 → -64.00 (trailing_stop, fill-validated)
2026-08-31T10:01:36 | INFO     | session_runner | Periodic universe re-scan …
2026-08-31T10:01:36 | INFO     | app.scanning.universe_loader | UniverseLoader: loaded 5 groups (13 flat symbols) from config/ticker_universe.yaml (blacklist=0)
2026-08-31T10:01:36 | INFO     | app.scanning.universe_loader | UniverseLoader: 38 symbols from 4 group(s) (blacklist=0)
2026-08-31T10:01:36 | INFO     | session_runner | Universe scan: 38 symbols from 4 group(s) | max_active=6
2026-08-31T10:01:38 | WARNING  | app.scanning.yfinance_scanner | AlpacaScanner: no daily data for 1/38 symbols: ['SQ']
2026-08-31T10:01:39 | WARNING  | app.scanning.yfinance_scanner | YFinanceScanner: failed for SQ: No daily data returned for SQ
2026-08-31T10:01:40 | INFO     | session_runner | Scan: 16 passed, 22 rejected
2026-08-31T10:01:40 | INFO     | session_runner |   TSLA    score=87.0  signal=LONG     reasons: rvol=2.85x (high), atr=3.45% (wide-range), orb_breakout
2026-08-31T10:01:40 | INFO     | session_runner |   SOFI    score=87.0  signal=SHORT    reasons: rvol=2.11x (high), atr=4.88% (wide-range), orb_breakdown
2026-08-31T10:01:40 | INFO     | session_runner |   HOOD    score=87.0  signal=SHORT    reasons: rvol=2.41x (high), atr=5.73% (wide-range), orb_breakdown
2026-08-31T10:01:40 | INFO     | session_runner |   LYFT    score=87.0  signal=SHORT    reasons: rvol=2.03x (high), atr=3.56% (wide-range), orb_breakdown
2026-08-31T10:01:40 | INFO     | session_runner |   AAPL    score=82.0  signal=SHORT    reasons: rvol=1.60x (elevated), atr=1.99% (wide-range), orb_breakdown
2026-08-31T10:01:40 | INFO     | app.strategies.liquidity_filter | LiquidityFilter: no qualifying contracts for LYFT SignalDirection.SHORT | total_candidates=35
2026-08-31T10:01:40 | INFO     | app.scanning.alpaca_confirmer | AlpacaConfirmer: no liquid contract for LYFT (signal=SHORT)
2026-08-31T10:01:40 | INFO     | app.strategies.liquidity_filter | LiquidityFilter: selected SOFI260904P00017500 | delta=-0.449 | spread_pct=0.027 | OI=2998 | vol=2402
2026-08-31T10:01:40 | INFO     | app.scanning.alpaca_confirmer | AlpacaConfirmer: confirmed SOFI | SOFI260904P00017500 | exp=2026-09-04 | spread=2.74% | OI=2998 | vol=2402
2026-08-31T10:01:40 | INFO     | app.strategies.liquidity_filter | LiquidityFilter: selected GOOGL260902P00337500 | delta=-0.375 | spread_pct=0.045 | OI=152 | vol=65
2026-08-31T10:01:40 | INFO     | app.scanning.alpaca_confirmer | AlpacaConfirmer: confirmed GOOGL | GOOGL260902P00337500 | exp=2026-09-02 | spread=4.48% | OI=152 | vol=65
2026-08-31T10:01:40 | INFO     | app.strategies.liquidity_filter | LiquidityFilter: selected HOOD260904P00100000 | delta=-0.394 | spread_pct=0.035 | OI=2312 | vol=1437
2026-08-31T10:01:40 | INFO     | app.scanning.alpaca_confirmer | AlpacaConfirmer: confirmed HOOD | HOOD260904P00100000 | exp=2026-09-04 | spread=3.53% | OI=2312 | vol=1437
2026-08-31T10:01:40 | INFO     | app.strategies.liquidity_filter | LiquidityFilter: no qualifying contracts for MARA SignalDirection.SHORT | total_candidates=34
2026-08-31T10:01:40 | INFO     | app.scanning.alpaca_confirmer | AlpacaConfirmer: no liquid contract for MARA (signal=SHORT)
2026-08-31T10:01:40 | INFO     | app.strategies.liquidity_filter | LiquidityFilter: selected IWM260902P00293000 | delta=-0.432 | spread_pct=0.052 | OI=154 | vol=304
2026-08-31T10:01:40 | INFO     | app.scanning.alpaca_confirmer | AlpacaConfirmer: confirmed IWM | IWM260902P00293000 | exp=2026-09-02 | spread=5.17% | OI=154 | vol=304
2026-08-31T10:01:40 | INFO     | app.strategies.liquidity_filter | LiquidityFilter: selected AAPL260902P00315000 | delta=-0.388 | spread_pct=0.006 | OI=350 | vol=1070
2026-08-31T10:01:40 | INFO     | app.scanning.alpaca_confirmer | AlpacaConfirmer: confirmed AAPL | AAPL260902P00315000 | exp=2026-09-02 | spread=0.56% | OI=350 | vol=1070
2026-08-31T10:01:40 | INFO     | app.strategies.liquidity_filter | LiquidityFilter: selected NVDA260902C00220000 | delta=0.439 | spread_pct=0.005 | OI=3836 | vol=3727
2026-08-31T10:01:40 | INFO     | app.scanning.alpaca_confirmer | AlpacaConfirmer: confirmed NVDA | NVDA260902C00220000 | exp=2026-09-02 | spread=0.49% | OI=3836 | vol=3727
2026-08-31T10:01:40 | INFO     | app.strategies.liquidity_filter | LiquidityFilter: selected UBER260904P00075000 | delta=-0.382 | spread_pct=0.046 | OI=1590 | vol=574
2026-08-31T10:01:40 | INFO     | app.scanning.alpaca_confirmer | AlpacaConfirmer: confirmed UBER | UBER260904P00075000 | exp=2026-09-04 | spread=4.60% | OI=1590 | vol=574
2026-08-31T10:01:40 | INFO     | app.strategies.liquidity_filter | LiquidityFilter: no qualifying contracts for AMZN SignalDirection.SHORT | total_candidates=53
2026-08-31T10:01:40 | INFO     | app.scanning.alpaca_confirmer | AlpacaConfirmer: no liquid contract for AMZN (signal=SHORT)
2026-08-31T10:01:40 | INFO     | app.strategies.liquidity_filter | LiquidityFilter: no qualifying contracts for META SignalDirection.SHORT | total_candidates=134
2026-08-31T10:01:40 | INFO     | app.scanning.alpaca_confirmer | AlpacaConfirmer: no liquid contract for META (signal=SHORT)
2026-08-31T10:01:41 | INFO     | app.strategies.liquidity_filter | LiquidityFilter: selected TSLA260902C00365000 | delta=0.381 | spread_pct=0.016 | OI=746 | vol=1817
2026-08-31T10:01:41 | INFO     | app.scanning.alpaca_confirmer | AlpacaConfirmer: confirmed TSLA | TSLA260902C00365000 | exp=2026-09-02 | spread=1.62% | OI=746 | vol=1817
2026-08-31T10:01:41 | INFO     | session_runner | AlpacaConfirmer: 6 confirmed symbols: ['TSLA', 'SOFI', 'HOOD', 'AAPL', 'IWM', 'GOOGL']
2026-08-31T10:01:41 | INFO     | session_runner | Re-scan updated active symbols: ['TSLA', 'SOFI', 'HOOD', 'AAPL', 'IWM', 'GOOGL']
2026-08-31T10:01:41 | INFO     | session_runner | Broad-market regime | SPY=short
2026-08-31T10:01:41 | INFO     | session_runner | [bridge:TSLA] rsi_trend ready: sufficient bars
2026-08-31T10:01:41 | INFO     | session_runner | Market regime blocked | TSLA/orb direction=long regime=short
2026-08-31T10:01:41 | INFO     | app.strategies.liquidity_filter | LiquidityFilter: selected TSLA260902C00365000 | delta=0.381 | spread_pct=0.016 | OI=746 | vol=1817
2026-08-31T10:01:41 | INFO     | session_runner | [bridge:HOOD] rsi_trend ready: sufficient bars
2026-08-31T10:01:41 | INFO     | session_runner | Signal quality blocked | HOOD/orb score=2.0 < 3.0
2026-08-31T10:01:41 | INFO     | app.strategies.liquidity_filter | LiquidityFilter: selected HOOD260904P00100000 | delta=-0.392 | spread_pct=0.035 | OI=2312 | vol=1437
2026-08-31T10:01:41 | INFO     | session_runner | [bridge:SOFI] rsi_trend ready: sufficient bars
2026-08-31T10:01:42 | INFO     | session_runner | [bridge:AAPL] rsi_trend ready: sufficient bars
2026-08-31T10:01:42 | INFO     | session_runner | [bridge:IWM] rsi_trend ready: sufficient bars
2026-08-31T10:01:42 | INFO     | session_runner | Stale signal: IWM/orb age=12 min > max 10 min — skipped
2026-08-31T10:01:42 | INFO     | session_runner | [bridge:GOOGL] rsi_trend ready: sufficient bars
2026-08-31T10:01:42 | INFO     | session_runner | Stale signal: GOOGL/vwap_reclaim age=22 min > max 10 min — skipped
2026-08-31T10:02:12 | INFO     | session_runner | [cycle 62] 10:02:12 ET | positions=0 | entries=0
2026-08-31T10:02:13 | INFO     | session_runner | [bridge:TSLA] rsi_trend ready: sufficient bars
2026-08-31T10:02:13 | INFO     | session_runner | Market regime blocked | TSLA/orb direction=long regime=short
2026-08-31T10:02:13 | INFO     | app.strategies.liquidity_filter | LiquidityFilter: selected TSLA260902C00365000 | delta=0.387 | spread_pct=0.030 | OI=746 | vol=1817
2026-08-31T10:02:13 | INFO     | session_runner | [bridge:HOOD] rsi_trend ready: sufficient bars
2026-08-31T10:02:13 | INFO     | session_runner | Signal quality blocked | HOOD/orb score=2.0 < 3.0
2026-08-31T10:02:13 | INFO     | app.strategies.liquidity_filter | LiquidityFilter: selected HOOD260904P00100000 | delta=-0.390 | spread_pct=0.055 | OI=2312 | vol=1441
2026-08-31T10:02:14 | INFO     | session_runner | [bridge:SOFI] rsi_trend ready: sufficient bars
2026-08-31T10:02:14 | INFO     | session_runner | [bridge:AAPL] rsi_trend ready: sufficient bars
2026-08-31T10:02:14 | INFO     | session_runner | [bridge:IWM] rsi_trend ready: sufficient bars
2026-08-31T10:02:14 | INFO     | session_runner | Stale signal: IWM/orb age=12 min > max 10 min — skipped
2026-08-31T10:02:14 | INFO     | session_runner | [bridge:GOOGL] rsi_trend ready: sufficient bars
2026-08-31T10:02:14 | INFO     | session_runner | Stale signal: GOOGL/vwap_reclaim age=22 min > max 10 min — skipped
2026-08-31T10:02:44 | INFO     | session_runner | [cycle 63] 10:02:44 ET | positions=0 | entries=0
2026-08-31T10:02:45 | INFO     | session_runner | [bridge:TSLA] rsi_trend ready: sufficient bars
2026-08-31T10:02:45 | INFO     | session_runner | Market regime blocked | TSLA/orb direction=long regime=short
2026-08-31T10:02:45 | INFO     | app.strategies.liquidity_filter | LiquidityFilter: selected TSLA260902C00365000 | delta=0.394 | spread_pct=0.005 | OI=746 | vol=1817
2026-08-31T10:02:45 | INFO     | session_runner | [bridge:HOOD] rsi_trend ready: sufficient bars
2026-08-31T10:02:45 | INFO     | session_runner | Signal quality blocked | HOOD/orb score=2.0 < 3.0
2026-08-31T10:02:45 | INFO     | app.strategies.liquidity_filter | LiquidityFilter: selected HOOD260904P00100000 | delta=-0.385 | spread_pct=0.046 | OI=2312 | vol=1441
2026-08-31T10:02:45 | INFO     | session_runner | [bridge:SOFI] rsi_trend ready: sufficient bars
2026-08-31T10:02:46 | INFO     | session_runner | [bridge:AAPL] rsi_trend ready: sufficient bars
2026-08-31T10:02:46 | INFO     | session_runner | [bridge:IWM] rsi_trend ready: sufficient bars
2026-08-31T10:02:46 | INFO     | session_runner | Stale signal: IWM/orb age=13 min > max 10 min — skipped
2026-08-31T10:02:46 | INFO     | session_runner | [bridge:GOOGL] rsi_trend ready: sufficient bars
2026-08-31T10:02:46 | INFO     | session_runner | Stale signal: GOOGL/vwap_reclaim age=23 min > max 10 min — skipped
2026-08-31T10:03:16 | INFO     | session_runner | [cycle 64] 10:03:16 ET | positions=0 | entries=0
2026-08-31T10:03:17 | INFO     | session_runner | [bridge:TSLA] rsi_trend ready: sufficient bars
2026-08-31T10:03:17 | INFO     | session_runner | Market regime blocked | TSLA/orb direction=long regime=short
2026-08-31T10:03:17 | INFO     | app.strategies.liquidity_filter | LiquidityFilter: selected TSLA260902C00365000 | delta=0.388 | spread_pct=0.026 | OI=746 | vol=1817
2026-08-31T10:03:17 | INFO     | session_runner | [bridge:HOOD] rsi_trend ready: sufficient bars
2026-08-31T10:03:17 | INFO     | session_runner | Signal quality blocked | HOOD/orb score=2.0 < 3.0
2026-08-31T10:03:17 | INFO     | app.strategies.liquidity_filter | LiquidityFilter: selected HOOD260904P00100000 | delta=-0.382 | spread_pct=0.016 | OI=2312 | vol=1475
2026-08-31T10:03:18 | INFO     | session_runner | [bridge:SOFI] rsi_trend ready: sufficient bars
2026-08-31T10:03:18 | INFO     | session_runner | [bridge:AAPL] rsi_trend ready: sufficient bars
2026-08-31T10:03:18 | INFO     | session_runner | [bridge:IWM] rsi_trend ready: sufficient bars
2026-08-31T10:03:18 | INFO     | session_runner | Stale signal: IWM/orb age=13 min > max 10 min — skipped
2026-08-31T10:03:18 | INFO     | session_runner | [bridge:GOOGL] rsi_trend ready: sufficient bars
2026-08-31T10:03:18 | INFO     | session_runner | Stale signal: GOOGL/vwap_reclaim age=23 min > max 10 min — skipped
2026-08-31T10:03:48 | INFO     | session_runner | [cycle 65] 10:03:48 ET | positions=0 | entries=0
2026-08-31T10:03:49 | INFO     | session_runner | [bridge:TSLA] rsi_trend ready: sufficient bars
2026-08-31T10:03:49 | INFO     | session_runner | Market regime blocked | TSLA/orb direction=long regime=short
2026-08-31T10:03:49 | INFO     | app.strategies.liquidity_filter | LiquidityFilter: selected TSLA260902C00365000 | delta=0.394 | spread_pct=0.026 | OI=746 | vol=1817
2026-08-31T10:03:49 | INFO     | session_runner | [bridge:HOOD] rsi_trend ready: sufficient bars
2026-08-31T10:03:49 | INFO     | session_runner | Signal quality blocked | HOOD/orb score=2.0 < 3.0
2026-08-31T10:03:49 | INFO     | app.strategies.liquidity_filter | LiquidityFilter: selected HOOD260904P00100000 | delta=-0.380 | spread_pct=0.016 | OI=2312 | vol=1475
2026-08-31T10:03:50 | INFO     | session_runner | [bridge:SOFI] rsi_trend ready: sufficient bars
2026-08-31T10:03:50 | INFO     | session_runner | [bridge:AAPL] rsi_trend ready: sufficient bars
2026-08-31T10:03:50 | INFO     | session_runner | [bridge:IWM] rsi_trend ready: sufficient bars
2026-08-31T10:03:50 | INFO     | session_runner | Stale signal: IWM/orb age=14 min > max 10 min — skipped
2026-08-31T10:03:50 | INFO     | session_runner | [bridge:GOOGL] rsi_trend ready: sufficient bars
2026-08-31T10:03:50 | INFO     | session_runner | Stale signal: GOOGL/vwap_reclaim age=24 min > max 10 min — skipped
2026-08-31T10:04:20 | INFO     | session_runner | [cycle 66] 10:04:20 ET | positions=0 | entries=0
2026-08-31T10:04:21 | INFO     | session_runner | [bridge:TSLA] rsi_trend ready: sufficient bars
2026-08-31T10:04:21 | INFO     | session_runner | Market regime blocked | TSLA/orb direction=long regime=short
2026-08-31T10:04:21 | INFO     | app.strategies.liquidity_filter | LiquidityFilter: selected TSLA260902C00365000 | delta=0.388 | spread_pct=0.042 | OI=746 | vol=2007
2026-08-31T10:04:21 | INFO     | session_runner | [bridge:HOOD] rsi_trend ready: sufficient bars
2026-08-31T10:04:21 | INFO     | session_runner | Signal quality blocked | HOOD/orb score=2.0 < 3.0
2026-08-31T10:04:21 | INFO     | app.strategies.liquidity_filter | LiquidityFilter: selected HOOD260904P00100000 | delta=-0.385 | spread_pct=0.052 | OI=2312 | vol=1498
2026-08-31T10:04:22 | INFO     | session_runner | [bridge:SOFI] rsi_trend ready: sufficient bars
2026-08-31T10:04:22 | INFO     | session_runner | [bridge:AAPL] rsi_trend ready: sufficient bars
2026-08-31T10:04:22 | INFO     | session_runner | [bridge:IWM] rsi_trend ready: sufficient bars
2026-08-31T10:04:22 | INFO     | session_runner | Stale signal: IWM/orb age=14 min > max 10 min — skipped
2026-08-31T10:04:22 | INFO     | session_runner | [bridge:GOOGL] rsi_trend ready: sufficient bars
2026-08-31T10:04:22 | INFO     | session_runner | Stale signal: GOOGL/vwap_reclaim age=24 min > max 10 min — skipped
2026-08-31T10:04:52 | INFO     | session_runner | [cycle 67] 10:04:52 ET | positions=0 | entries=0
2026-08-31T10:04:53 | INFO     | session_runner | [bridge:TSLA] rsi_trend ready: sufficient bars
2026-08-31T10:04:53 | INFO     | session_runner | Market regime blocked | TSLA/orb direction=long regime=short
2026-08-31T10:04:54 | INFO     | app.strategies.liquidity_filter | LiquidityFilter: selected TSLA260902C00365000 | delta=0.392 | spread_pct=0.023 | OI=746 | vol=2007
2026-08-31T10:04:54 | INFO     | session_runner | [bridge:HOOD] rsi_trend ready: sufficient bars
2026-08-31T10:04:54 | INFO     | session_runner | Signal quality blocked | HOOD/orb score=2.0 < 3.0
2026-08-31T10:04:54 | INFO     | app.strategies.liquidity_filter | LiquidityFilter: selected HOOD260904P00100000 | delta=-0.387 | spread_pct=0.057 | OI=2312 | vol=1498
2026-08-31T10:04:55 | INFO     | session_runner | [bridge:SOFI] rsi_trend ready: sufficient bars
2026-08-31T10:04:56 | INFO     | session_runner | [bridge:AAPL] rsi_trend ready: sufficient bars
2026-08-31T10:04:56 | INFO     | session_runner | [bridge:IWM] rsi_trend ready: sufficient bars
2026-08-31T10:04:56 | INFO     | session_runner | Stale signal: IWM/orb age=15 min > max 10 min — skipped
2026-08-31T10:04:56 | INFO     | session_runner | [bridge:GOOGL] rsi_trend ready: sufficient bars
2026-08-31T10:04:56 | INFO     | session_runner | Stale signal: GOOGL/vwap_reclaim age=25 min > max 10 min — skipped
2026-08-31T10:05:26 | INFO     | session_runner | [cycle 68] 10:05:26 ET | positions=0 | entries=0
2026-08-31T10:05:27 | INFO     | session_runner | [bridge:TSLA] rsi_trend ready: sufficient bars
2026-08-31T10:05:27 | INFO     | session_runner | Stale signal: TSLA/orb age=10 min > max 10 min — skipped
2026-08-31T10:05:27 | INFO     | session_runner | [bridge:HOOD] rsi_trend ready: sufficient bars
2026-08-31T10:05:27 | INFO     | session_runner | Stale signal: HOOD/orb age=10 min > max 10 min — skipped
2026-08-31T10:05:27 | INFO     | session_runner | [bridge:SOFI] rsi_trend ready: sufficient bars
2026-08-31T10:05:27 | INFO     | session_runner | [bridge:AAPL] rsi_trend ready: sufficient bars
2026-08-31T10:05:28 | INFO     | session_runner | [bridge:IWM] rsi_trend ready: sufficient bars
2026-08-31T10:05:28 | INFO     | session_runner | Stale signal: IWM/orb age=15 min > max 10 min — skipped
2026-08-31T10:05:28 | INFO     | session_runner | [bridge:GOOGL] rsi_trend ready: sufficient bars
2026-08-31T10:05:28 | INFO     | session_runner | Stale signal: GOOGL/vwap_reclaim age=25 min > max 10 min — skipped
2026-08-31T10:05:58 | INFO     | session_runner | [cycle 69] 10:05:58 ET | positions=0 | entries=0
2026-08-31T10:05:58 | INFO     | session_runner | [bridge:TSLA] rsi_trend ready: sufficient bars
2026-08-31T10:05:58 | INFO     | session_runner | Stale signal: TSLA/orb age=11 min > max 10 min — skipped
2026-08-31T10:05:59 | INFO     | session_runner | [bridge:HOOD] rsi_trend ready: sufficient bars
2026-08-31T10:05:59 | INFO     | session_runner | Stale signal: HOOD/orb age=11 min > max 10 min — skipped
2026-08-31T10:05:59 | INFO     | session_runner | [bridge:SOFI] rsi_trend ready: sufficient bars
2026-08-31T10:05:59 | INFO     | session_runner | [bridge:AAPL] rsi_trend ready: sufficient bars
2026-08-31T10:05:59 | INFO     | session_runner | [bridge:IWM] rsi_trend ready: sufficient bars
2026-08-31T10:05:59 | INFO     | session_runner | Stale signal: IWM/orb age=16 min > max 10 min — skipped
2026-08-31T10:05:59 | INFO     | session_runner | [bridge:GOOGL] rsi_trend ready: sufficient bars
2026-08-31T10:05:59 | INFO     | session_runner | Stale signal: GOOGL/vwap_reclaim age=26 min > max 10 min — skipped
2026-08-31T10:06:29 | INFO     | session_runner | [cycle 70] 10:06:29 ET | positions=0 | entries=0
2026-08-31T10:06:31 | INFO     | session_runner | [bridge:TSLA] rsi_trend ready: sufficient bars
2026-08-31T10:06:31 | INFO     | session_runner | Stale signal: TSLA/orb age=11 min > max 10 min — skipped
2026-08-31T10:06:31 | INFO     | session_runner | [bridge:HOOD] rsi_trend ready: sufficient bars
2026-08-31T10:06:31 | INFO     | session_runner | Stale signal: HOOD/orb age=11 min > max 10 min — skipped
2026-08-31T10:06:31 | INFO     | session_runner | [bridge:SOFI] rsi_trend ready: sufficient bars
2026-08-31T10:06:31 | INFO     | session_runner | [bridge:AAPL] rsi_trend ready: sufficient bars
2026-08-31T10:06:32 | INFO     | session_runner | [bridge:IWM] rsi_trend ready: sufficient bars
2026-08-31T10:06:32 | INFO     | session_runner | Stale signal: IWM/orb age=16 min > max 10 min — skipped
2026-08-31T10:06:32 | INFO     | session_runner | [bridge:GOOGL] rsi_trend ready: sufficient bars
2026-08-31T10:06:32 | INFO     | session_runner | Stale signal: GOOGL/vwap_reclaim age=26 min > max 10 min — skipped
2026-08-31T10:07:02 | INFO     | session_runner | [cycle 71] 10:07:02 ET | positions=0 | entries=0
2026-08-31T10:07:03 | INFO     | session_runner | Periodic universe re-scan …
2026-08-31T10:07:03 | INFO     | app.scanning.universe_loader | UniverseLoader: loaded 5 groups (13 flat symbols) from config/ticker_universe.yaml (blacklist=0)
2026-08-31T10:07:03 | INFO     | app.scanning.universe_loader | UniverseLoader: 38 symbols from 4 group(s) (blacklist=0)
2026-08-31T10:07:03 | INFO     | session_runner | Universe scan: 38 symbols from 4 group(s) | max_active=6
2026-08-31T10:07:04 | WARNING  | app.scanning.yfinance_scanner | AlpacaScanner: no daily data for 1/38 symbols: ['SQ']
2026-08-31T10:07:06 | WARNING  | app.scanning.yfinance_scanner | YFinanceScanner: failed for SQ: No daily data returned for SQ
2026-08-31T10:07:06 | INFO     | session_runner | Scan: 19 passed, 19 rejected
2026-08-31T10:07:06 | INFO     | session_runner |   TSLA    score=87.0  signal=LONG     reasons: rvol=3.04x (high), atr=3.45% (wide-range), orb_breakout
2026-08-31T10:07:06 | INFO     | session_runner |   HOOD    score=87.0  signal=SHORT    reasons: rvol=2.25x (high), atr=5.73% (wide-range), orb_breakdown
2026-08-31T10:07:06 | INFO     | session_runner |   AAPL    score=82.0  signal=SHORT    reasons: rvol=1.50x (elevated), atr=2.02% (wide-range), orb_breakdown
2026-08-31T10:07:06 | INFO     | session_runner |   IWM     score=80.0  signal=SHORT    reasons: rvol=2.31x (high), atr=1.00% (good range), orb_breakdown
2026-08-31T10:07:06 | INFO     | session_runner |   AMZN    score=77.0  signal=SHORT    reasons: rvol=1.66x (elevated), atr=2.46% (wide-range), orb_breakdown
2026-08-31T10:07:06 | INFO     | app.strategies.liquidity_filter | LiquidityFilter: no qualifying contracts for LYFT SignalDirection.SHORT | total_candidates=35
2026-08-31T10:07:06 | INFO     | app.scanning.alpaca_confirmer | AlpacaConfirmer: no liquid contract for LYFT (signal=SHORT)
2026-08-31T10:07:06 | INFO     | app.strategies.liquidity_filter | LiquidityFilter: selected AAPL260902P00315000 | delta=-0.408 | spread_pct=0.038 | OI=350 | vol=1284
2026-08-31T10:07:06 | INFO     | app.scanning.alpaca_confirmer | AlpacaConfirmer: confirmed AAPL | AAPL260902P00315000 | exp=2026-09-02 | spread=3.77% | OI=350 | vol=1284
2026-08-31T10:07:06 | INFO     | app.strategies.liquidity_filter | LiquidityFilter: no qualifying contracts for MARA SignalDirection.SHORT | total_candidates=34
2026-08-31T10:07:06 | INFO     | app.scanning.alpaca_confirmer | AlpacaConfirmer: no liquid contract for MARA (signal=SHORT)
2026-08-31T10:07:06 | INFO     | app.strategies.liquidity_filter | LiquidityFilter: no qualifying contracts for AMZN SignalDirection.SHORT | total_candidates=53
2026-08-31T10:07:06 | INFO     | app.scanning.alpaca_confirmer | AlpacaConfirmer: no liquid contract for AMZN (signal=SHORT)
2026-08-31T10:07:06 | INFO     | app.strategies.liquidity_filter | LiquidityFilter: selected SOFI260904P00017500 | delta=-0.424 | spread_pct=0.030 | OI=2998 | vol=5807
2026-08-31T10:07:06 | INFO     | app.scanning.alpaca_confirmer | AlpacaConfirmer: confirmed SOFI | SOFI260904P00017500 | exp=2026-09-04 | spread=2.99% | OI=2998 | vol=5807
2026-08-31T10:07:06 | INFO     | app.strategies.liquidity_filter | LiquidityFilter: selected GOOGL260902P00337500 | delta=-0.431 | spread_pct=0.077 | OI=152 | vol=123
2026-08-31T10:07:06 | INFO     | app.scanning.alpaca_confirmer | AlpacaConfirmer: confirmed GOOGL | GOOGL260902P00337500 | exp=2026-09-02 | spread=7.74% | OI=152 | vol=123
2026-08-31T10:07:06 | INFO     | app.strategies.liquidity_filter | LiquidityFilter: selected HOOD260904P00100000 | delta=-0.404 | spread_pct=0.039 | OI=2312 | vol=1645
2026-08-31T10:07:06 | INFO     | app.scanning.alpaca_confirmer | AlpacaConfirmer: confirmed HOOD | HOOD260904P00100000 | exp=2026-09-04 | spread=3.88% | OI=2312 | vol=1645
2026-08-31T10:07:07 | INFO     | app.strategies.liquidity_filter | LiquidityFilter: selected IWM260902P00292000 | delta=-0.350 | spread_pct=0.067 | OI=148 | vol=93
2026-08-31T10:07:07 | INFO     | app.scanning.alpaca_confirmer | AlpacaConfirmer: confirmed IWM | IWM260902P00292000 | exp=2026-09-02 | spread=6.74% | OI=148 | vol=93
2026-08-31T10:07:07 | INFO     | app.strategies.liquidity_filter | LiquidityFilter: selected NVDA260902C00220000 | delta=0.444 | spread_pct=0.010 | OI=3836 | vol=5699
2026-08-31T10:07:07 | INFO     | app.scanning.alpaca_confirmer | AlpacaConfirmer: confirmed NVDA | NVDA260902C00220000 | exp=2026-09-02 | spread=0.97% | OI=3836 | vol=5699
2026-08-31T10:07:07 | INFO     | app.strategies.liquidity_filter | LiquidityFilter: no qualifying contracts for META SignalDirection.SHORT | total_candidates=134
2026-08-31T10:07:07 | INFO     | app.scanning.alpaca_confirmer | AlpacaConfirmer: no liquid contract for META (signal=SHORT)
2026-08-31T10:07:07 | INFO     | app.strategies.liquidity_filter | LiquidityFilter: selected TSLA260902C00365000 | delta=0.392 | spread_pct=0.018 | OI=746 | vol=2557
2026-08-31T10:07:07 | INFO     | app.scanning.alpaca_confirmer | AlpacaConfirmer: confirmed TSLA | TSLA260902C00365000 | exp=2026-09-02 | spread=1.79% | OI=746 | vol=2557
2026-08-31T10:07:07 | INFO     | app.strategies.liquidity_filter | LiquidityFilter: selected QQQ260902P00712000 | delta=-0.416 | spread_pct=0.007 | OI=524 | vol=267
2026-08-31T10:07:07 | INFO     | app.scanning.alpaca_confirmer | AlpacaConfirmer: confirmed QQQ | QQQ260902P00712000 | exp=2026-09-02 | spread=0.69% | OI=524 | vol=267
2026-08-31T10:07:07 | INFO     | session_runner | AlpacaConfirmer: 6 confirmed symbols: ['TSLA', 'HOOD', 'AAPL', 'IWM', 'SOFI', 'GOOGL']
2026-08-31T10:07:07 | INFO     | session_runner | Re-scan updated active symbols: ['TSLA', 'HOOD', 'AAPL', 'IWM', 'SOFI', 'GOOGL']
2026-08-31T10:07:07 | INFO     | session_runner | Broad-market regime | SPY=short
2026-08-31T10:07:07 | INFO     | session_runner | [bridge:TSLA] rsi_trend ready: sufficient bars
2026-08-31T10:07:07 | INFO     | session_runner | Stale signal: TSLA/orb age=12 min > max 10 min — skipped
2026-08-31T10:07:07 | INFO     | session_runner | [bridge:HOOD] rsi_trend ready: sufficient bars
2026-08-31T10:07:07 | INFO     | session_runner | Stale signal: HOOD/orb age=12 min > max 10 min — skipped
2026-08-31T10:07:07 | INFO     | session_runner | [bridge:AAPL] rsi_trend ready: sufficient bars
2026-08-31T10:07:07 | INFO     | session_runner | [bridge:IWM] rsi_trend ready: sufficient bars
2026-08-31T10:07:07 | INFO     | session_runner | Stale signal: IWM/orb age=17 min > max 10 min — skipped
2026-08-31T10:07:08 | INFO     | session_runner | [bridge:SOFI] rsi_trend ready: sufficient bars
2026-08-31T10:07:08 | INFO     | session_runner | [bridge:GOOGL] rsi_trend ready: sufficient bars
2026-08-31T10:07:08 | INFO     | session_runner | Stale signal: GOOGL/vwap_reclaim age=27 min > max 10 min — skipped
2026-08-31T10:07:38 | INFO     | session_runner | [cycle 72] 10:07:38 ET | positions=0 | entries=0
2026-08-31T10:07:38 | INFO     | session_runner | [bridge:TSLA] rsi_trend ready: sufficient bars
2026-08-31T10:07:38 | INFO     | session_runner | Stale signal: TSLA/orb age=13 min > max 10 min — skipped
2026-08-31T10:07:39 | INFO     | session_runner | [bridge:HOOD] rsi_trend ready: sufficient bars
2026-08-31T10:07:39 | INFO     | session_runner | Stale signal: HOOD/orb age=13 min > max 10 min — skipped
2026-08-31T10:07:39 | INFO     | session_runner | [bridge:AAPL] rsi_trend ready: sufficient bars
2026-08-31T10:07:39 | INFO     | session_runner | [bridge:IWM] rsi_trend ready: sufficient bars
2026-08-31T10:07:39 | INFO     | session_runner | Stale signal: IWM/orb age=18 min > max 10 min — skipped
2026-08-31T10:07:39 | INFO     | session_runner | [bridge:SOFI] rsi_trend ready: sufficient bars
2026-08-31T10:07:39 | INFO     | session_runner | [bridge:GOOGL] rsi_trend ready: sufficient bars
2026-08-31T10:07:39 | INFO     | session_runner | Stale signal: GOOGL/vwap_reclaim age=28 min > max 10 min — skipped
2026-08-31T10:08:09 | INFO     | session_runner | [cycle 73] 10:08:09 ET | positions=0 | entries=0
2026-08-31T10:08:10 | INFO     | session_runner | [bridge:TSLA] rsi_trend ready: sufficient bars
2026-08-31T10:08:10 | INFO     | session_runner | Stale signal: TSLA/orb age=13 min > max 10 min — skipped
2026-08-31T10:08:11 | INFO     | session_runner | [bridge:HOOD] rsi_trend ready: sufficient bars
2026-08-31T10:08:11 | INFO     | session_runner | Stale signal: HOOD/orb age=13 min > max 10 min — skipped
2026-08-31T10:08:11 | INFO     | session_runner | [bridge:AAPL] rsi_trend ready: sufficient bars
2026-08-31T10:08:11 | INFO     | session_runner | [bridge:IWM] rsi_trend ready: sufficient bars
2026-08-31T10:08:11 | INFO     | session_runner | Stale signal: IWM/orb age=18 min > max 10 min — skipped
2026-08-31T10:08:11 | INFO     | session_runner | [bridge:SOFI] rsi_trend ready: sufficient bars
2026-08-31T10:08:11 | INFO     | session_runner | [bridge:GOOGL] rsi_trend ready: sufficient bars
2026-08-31T10:08:11 | INFO     | session_runner | Stale signal: GOOGL/vwap_reclaim age=28 min > max 10 min — skipped
2026-08-31T10:08:41 | INFO     | session_runner | [cycle 74] 10:08:41 ET | positions=0 | entries=0
2026-08-31T10:08:42 | INFO     | session_runner | [bridge:TSLA] rsi_trend ready: sufficient bars
2026-08-31T10:08:42 | INFO     | session_runner | Stale signal: TSLA/orb age=14 min > max 10 min — skipped
2026-08-31T10:08:42 | INFO     | session_runner | [bridge:HOOD] rsi_trend ready: sufficient bars
2026-08-31T10:08:42 | INFO     | session_runner | Stale signal: HOOD/orb age=14 min > max 10 min — skipped
2026-08-31T10:08:42 | INFO     | session_runner | [bridge:AAPL] rsi_trend ready: sufficient bars
2026-08-31T10:08:42 | INFO     | session_runner | [bridge:IWM] rsi_trend ready: sufficient bars
2026-08-31T10:08:42 | INFO     | session_runner | Stale signal: IWM/orb age=19 min > max 10 min — skipped
2026-08-31T10:08:43 | INFO     | session_runner | [bridge:SOFI] rsi_trend ready: sufficient bars
2026-08-31T10:08:43 | INFO     | session_runner | [bridge:GOOGL] rsi_trend ready: sufficient bars
2026-08-31T10:08:43 | INFO     | session_runner | Stale signal: GOOGL/vwap_reclaim age=29 min > max 10 min — skipped
2026-08-31T10:09:13 | INFO     | session_runner | [cycle 75] 10:09:13 ET | positions=0 | entries=0
2026-08-31T10:09:13 | INFO     | session_runner | [bridge:TSLA] rsi_trend ready: sufficient bars
2026-08-31T10:09:13 | INFO     | session_runner | Stale signal: TSLA/orb age=14 min > max 10 min — skipped
2026-08-31T10:09:13 | INFO     | session_runner | [bridge:HOOD] rsi_trend ready: sufficient bars
2026-08-31T10:09:13 | INFO     | session_runner | Stale signal: HOOD/orb age=14 min > max 10 min — skipped
2026-08-31T10:09:14 | INFO     | session_runner | [bridge:AAPL] rsi_trend ready: sufficient bars
2026-08-31T10:09:14 | INFO     | session_runner | [bridge:IWM] rsi_trend ready: sufficient bars
2026-08-31T10:09:14 | INFO     | session_runner | Stale signal: IWM/orb age=19 min > max 10 min — skipped
2026-08-31T10:09:14 | INFO     | session_runner | [bridge:SOFI] rsi_trend ready: sufficient bars
2026-08-31T10:09:14 | INFO     | session_runner | [bridge:GOOGL] rsi_trend ready: sufficient bars
2026-08-31T10:09:14 | INFO     | session_runner | Stale signal: GOOGL/vwap_reclaim age=29 min > max 10 min — skipped
2026-08-31T10:09:44 | INFO     | session_runner | [cycle 76] 10:09:44 ET | positions=0 | entries=0
2026-08-31T10:09:45 | INFO     | session_runner | [bridge:TSLA] rsi_trend ready: sufficient bars
2026-08-31T10:09:45 | INFO     | session_runner | Stale signal: TSLA/orb age=15 min > max 10 min — skipped
2026-08-31T10:09:45 | INFO     | session_runner | [bridge:HOOD] rsi_trend ready: sufficient bars
2026-08-31T10:09:45 | INFO     | session_runner | Stale signal: HOOD/orb age=15 min > max 10 min — skipped
2026-08-31T10:09:45 | INFO     | session_runner | [bridge:AAPL] rsi_trend ready: sufficient bars
2026-08-31T10:09:46 | INFO     | session_runner | [bridge:IWM] rsi_trend ready: sufficient bars
2026-08-31T10:09:46 | INFO     | session_runner | Stale signal: IWM/orb age=20 min > max 10 min — skipped
2026-08-31T10:09:46 | INFO     | session_runner | [bridge:SOFI] rsi_trend ready: sufficient bars
2026-08-31T10:09:46 | INFO     | session_runner | [bridge:GOOGL] rsi_trend ready: sufficient bars
2026-08-31T10:09:46 | INFO     | session_runner | Stale signal: GOOGL/vwap_reclaim age=30 min > max 10 min — skipped
2026-08-31T10:10:16 | INFO     | session_runner | [cycle 77] 10:10:16 ET | positions=0 | entries=0
2026-08-31T10:10:17 | INFO     | app.evaluation.shadow_book | ShadowBook: closed vwap_reclaim QQQ260902C00718000 @ 1.8700 → -64.00 (trailing_stop, fill-validated)
2026-08-31T10:10:17 | INFO     | app.evaluation.shadow_book | ShadowBook: closed vwap_reclaim QQQ260902C00718000 @ 1.8700 → -64.00 (trailing_stop, fill-validated)
2026-08-31T10:10:17 | INFO     | app.evaluation.shadow_book | ShadowBook: closed vwap_reclaim QQQ260902C00718000 @ 1.8700 → -64.00 (trailing_stop, fill-validated)
2026-08-31T10:10:17 | INFO     | session_runner | [bridge:TSLA] rsi_trend ready: sufficient bars
2026-08-31T10:10:17 | INFO     | session_runner | Stale signal: TSLA/orb age=15 min > max 10 min — skipped
2026-08-31T10:10:17 | INFO     | session_runner | [bridge:HOOD] rsi_trend ready: sufficient bars
2026-08-31T10:10:17 | INFO     | session_runner | Stale signal: HOOD/orb age=15 min > max 10 min — skipped
2026-08-31T10:10:18 | INFO     | session_runner | [bridge:AAPL] rsi_trend ready: sufficient bars
2026-08-31T10:10:18 | INFO     | session_runner | [bridge:IWM] rsi_trend ready: sufficient bars
2026-08-31T10:10:18 | INFO     | session_runner | Stale signal: IWM/orb age=20 min > max 10 min — skipped
2026-08-31T10:10:18 | INFO     | session_runner | [bridge:SOFI] rsi_trend ready: sufficient bars
2026-08-31T10:10:18 | INFO     | session_runner | [bridge:GOOGL] rsi_trend ready: sufficient bars
2026-08-31T10:10:18 | INFO     | session_runner | Stale signal: GOOGL/vwap_reclaim age=30 min > max 10 min — skipped
2026-08-31T10:10:48 | INFO     | session_runner | [cycle 78] 10:10:48 ET | positions=0 | entries=0
2026-08-31T10:10:49 | INFO     | session_runner | [bridge:TSLA] rsi_trend ready: sufficient bars
2026-08-31T10:10:49 | INFO     | session_runner | Stale signal: TSLA/orb age=16 min > max 10 min — skipped
2026-08-31T10:10:49 | INFO     | session_runner | [bridge:HOOD] rsi_trend ready: sufficient bars
2026-08-31T10:10:49 | INFO     | session_runner | Stale signal: HOOD/orb age=16 min > max 10 min — skipped
2026-08-31T10:10:49 | INFO     | session_runner | [bridge:AAPL] rsi_trend ready: sufficient bars
2026-08-31T10:10:49 | INFO     | session_runner | [bridge:IWM] rsi_trend ready: sufficient bars
2026-08-31T10:10:49 | INFO     | session_runner | Stale signal: IWM/orb age=21 min > max 10 min — skipped
2026-08-31T10:10:50 | INFO     | session_runner | [bridge:SOFI] rsi_trend ready: sufficient bars
2026-08-31T10:10:50 | INFO     | session_runner | [bridge:GOOGL] rsi_trend ready: sufficient bars
2026-08-31T10:10:50 | INFO     | session_runner | Stale signal: GOOGL/vwap_reclaim age=31 min > max 10 min — skipped
2026-08-31T10:11:20 | INFO     | session_runner | [cycle 79] 10:11:20 ET | positions=0 | entries=0
2026-08-31T10:11:20 | INFO     | app.trading.reconciler | Reconciliation done: broker_pos=0 local_pos=0 broker_orders=0 local_pending=0 repaired=0 flagged=0 orders_confirmed=True positions_confirmed=True
2026-08-31T10:11:20 | INFO     | session_runner | [bridge:TSLA] rsi_trend ready: sufficient bars
2026-08-31T10:11:20 | INFO     | session_runner | Stale signal: TSLA/orb age=16 min > max 10 min — skipped
2026-08-31T10:11:21 | INFO     | session_runner | [bridge:HOOD] rsi_trend ready: sufficient bars
2026-08-31T10:11:21 | INFO     | session_runner | Stale signal: HOOD/orb age=16 min > max 10 min — skipped
2026-08-31T10:11:21 | INFO     | session_runner | [bridge:AAPL] rsi_trend ready: sufficient bars
2026-08-31T10:11:21 | INFO     | session_runner | [bridge:IWM] rsi_trend ready: sufficient bars
2026-08-31T10:11:21 | INFO     | session_runner | Stale signal: IWM/orb age=21 min > max 10 min — skipped
2026-08-31T10:11:21 | INFO     | session_runner | [bridge:SOFI] rsi_trend ready: sufficient bars
2026-08-31T10:11:21 | INFO     | session_runner | [bridge:GOOGL] rsi_trend ready: sufficient bars
2026-08-31T10:11:21 | INFO     | session_runner | Stale signal: GOOGL/vwap_reclaim age=31 min > max 10 min — skipped
2026-08-31T10:11:51 | INFO     | session_runner | [cycle 80] 10:11:51 ET | positions=0 | entries=0
2026-08-31T10:11:52 | INFO     | session_runner | [bridge:TSLA] rsi_trend ready: sufficient bars
2026-08-31T10:11:52 | INFO     | session_runner | Stale signal: TSLA/orb age=17 min > max 10 min — skipped
2026-08-31T10:11:52 | INFO     | session_runner | [bridge:HOOD] rsi_trend ready: sufficient bars
2026-08-31T10:11:52 | INFO     | session_runner | Stale signal: HOOD/orb age=17 min > max 10 min — skipped
2026-08-31T10:11:52 | INFO     | session_runner | [bridge:AAPL] rsi_trend ready: sufficient bars
2026-08-31T10:11:52 | INFO     | session_runner | [bridge:IWM] rsi_trend ready: sufficient bars
2026-08-31T10:11:52 | INFO     | session_runner | Stale signal: IWM/orb age=22 min > max 10 min — skipped
2026-08-31T10:11:53 | INFO     | session_runner | [bridge:SOFI] rsi_trend ready: sufficient bars
2026-08-31T10:11:53 | INFO     | session_runner | [bridge:GOOGL] rsi_trend ready: sufficient bars
2026-08-31T10:11:53 | INFO     | session_runner | Stale signal: GOOGL/vwap_reclaim age=32 min > max 10 min — skipped
2026-08-31T10:12:23 | INFO     | session_runner | [cycle 81] 10:12:23 ET | positions=0 | entries=0
2026-08-31T10:12:24 | INFO     | session_runner | Periodic universe re-scan …
2026-08-31T10:12:24 | INFO     | app.scanning.universe_loader | UniverseLoader: loaded 5 groups (13 flat symbols) from config/ticker_universe.yaml (blacklist=0)
2026-08-31T10:12:24 | INFO     | app.scanning.universe_loader | UniverseLoader: 38 symbols from 4 group(s) (blacklist=0)
2026-08-31T10:12:24 | INFO     | session_runner | Universe scan: 38 symbols from 4 group(s) | max_active=6
2026-08-31T10:12:24 | WARNING  | app.scanning.yfinance_scanner | AlpacaScanner: no daily data for 1/38 symbols: ['SQ']
2026-08-31T10:12:26 | WARNING  | app.scanning.yfinance_scanner | YFinanceScanner: failed for SQ: No daily data returned for SQ
2026-08-31T10:12:26 | INFO     | session_runner | Scan: 17 passed, 21 rejected
2026-08-31T10:12:26 | INFO     | session_runner |   TSLA    score=87.0  signal=LONG     reasons: rvol=3.06x (high), atr=3.47% (wide-range), orb_breakout
2026-08-31T10:12:26 | INFO     | session_runner |   IWM     score=80.0  signal=SHORT    reasons: rvol=2.12x (high), atr=1.00% (good range), orb_breakdown
2026-08-31T10:12:26 | INFO     | session_runner |   AMZN    score=77.0  signal=SHORT    reasons: rvol=1.57x (elevated), atr=2.46% (wide-range), orb_breakdown
2026-08-31T10:12:26 | INFO     | session_runner |   LYFT    score=77.0  signal=SHORT    reasons: rvol=1.67x (elevated), atr=3.62% (wide-range), orb_breakdown
2026-08-31T10:12:26 | INFO     | session_runner |   NVDA    score=75.0  signal=LONG     reasons: rvol=1.21x (normal), atr=3.51% (wide-range), orb_breakout
2026-08-31T10:12:27 | INFO     | app.strategies.liquidity_filter | LiquidityFilter: no qualifying contracts for LYFT SignalDirection.SHORT | total_candidates=35
2026-08-31T10:12:27 | INFO     | app.scanning.alpaca_confirmer | AlpacaConfirmer: no liquid contract for LYFT (signal=SHORT)
2026-08-31T10:12:27 | INFO     | app.strategies.liquidity_filter | LiquidityFilter: selected UBER260904P00075000 | delta=-0.426 | spread_pct=0.050 | OI=1590 | vol=899
2026-08-31T10:12:27 | INFO     | app.scanning.alpaca_confirmer | AlpacaConfirmer: confirmed UBER | UBER260904P00075000 | exp=2026-09-04 | spread=4.98% | OI=1590 | vol=899
2026-08-31T10:12:27 | INFO     | app.strategies.liquidity_filter | LiquidityFilter: selected GOOGL260902P00337500 | delta=-0.439 | spread_pct=0.008 | OI=152 | vol=128
2026-08-31T10:12:27 | INFO     | app.scanning.alpaca_confirmer | AlpacaConfirmer: confirmed GOOGL | GOOGL260902P00337500 | exp=2026-09-02 | spread=0.80% | OI=152 | vol=128
2026-08-31T10:12:27 | INFO     | app.strategies.liquidity_filter | LiquidityFilter: no qualifying contracts for NVDA SignalDirection.LONG | total_candidates=65
2026-08-31T10:12:27 | INFO     | app.scanning.alpaca_confirmer | AlpacaConfirmer: liquidity_rejected_cost_cap | symbol=NVDA | option_symbol=NVDA260902C00205000 | ask=14.37 | ask_x_100=1437 | max_contract_cost=985
2026-08-31T10:12:27 | INFO     | app.scanning.alpaca_confirmer | AlpacaConfirmer: no liquid contract for NVDA (signal=LONG)
2026-08-31T10:12:27 | INFO     | app.strategies.liquidity_filter | LiquidityFilter: no qualifying contracts for SOFI SignalDirection.LONG | total_candidates=31
2026-08-31T10:12:27 | INFO     | app.scanning.alpaca_confirmer | AlpacaConfirmer: no liquid contract for SOFI (signal=LONG)
2026-08-31T10:12:27 | INFO     | app.strategies.liquidity_filter | LiquidityFilter: no qualifying contracts for AMZN SignalDirection.SHORT | total_candidates=53
2026-08-31T10:12:27 | INFO     | app.scanning.alpaca_confirmer | AlpacaConfirmer: no liquid contract for AMZN (signal=SHORT)
2026-08-31T10:12:27 | INFO     | app.strategies.liquidity_filter | LiquidityFilter: selected AAPL260902P00315000 | delta=-0.430 | spread_pct=0.045 | OI=350 | vol=1344
2026-08-31T10:12:27 | INFO     | app.scanning.alpaca_confirmer | AlpacaConfirmer: confirmed AAPL | AAPL260902P00315000 | exp=2026-09-02 | spread=4.48% | OI=350 | vol=1344
2026-08-31T10:12:27 | INFO     | app.strategies.liquidity_filter | LiquidityFilter: selected IWM260902P00293000 | delta=-0.449 | spread_pct=0.016 | OI=154 | vol=398
2026-08-31T10:12:27 | INFO     | app.scanning.alpaca_confirmer | AlpacaConfirmer: confirmed IWM | IWM260902P00293000 | exp=2026-09-02 | spread=1.59% | OI=154 | vol=398
2026-08-31T10:12:27 | INFO     | app.strategies.liquidity_filter | LiquidityFilter: selected HOOD260904P00100000 | delta=-0.401 | spread_pct=0.034 | OI=2312 | vol=2026
2026-08-31T10:12:27 | INFO     | app.scanning.alpaca_confirmer | AlpacaConfirmer: confirmed HOOD | HOOD260904P00100000 | exp=2026-09-04 | spread=3.44% | OI=2312 | vol=2026
2026-08-31T10:12:27 | INFO     | app.strategies.liquidity_filter | LiquidityFilter: no qualifying contracts for META SignalDirection.SHORT | total_candidates=134
2026-08-31T10:12:27 | INFO     | app.scanning.alpaca_confirmer | AlpacaConfirmer: no liquid contract for META (signal=SHORT)
2026-08-31T10:12:27 | INFO     | app.strategies.liquidity_filter | LiquidityFilter: no qualifying contracts for AMD SignalDirection.SHORT | total_candidates=141
2026-08-31T10:12:27 | INFO     | app.scanning.alpaca_confirmer | AlpacaConfirmer: no liquid contract for AMD (signal=SHORT)
2026-08-31T10:12:27 | INFO     | app.strategies.liquidity_filter | LiquidityFilter: selected TSLA260902C00365000 | delta=0.391 | spread_pct=0.037 | OI=746 | vol=3010
2026-08-31T10:12:27 | INFO     | app.scanning.alpaca_confirmer | AlpacaConfirmer: confirmed TSLA | TSLA260902C00365000 | exp=2026-09-02 | spread=3.73% | OI=746 | vol=3010
2026-08-31T10:12:27 | INFO     | session_runner | AlpacaConfirmer: 6 confirmed symbols: ['TSLA', 'IWM', 'HOOD', 'AAPL', 'GOOGL', 'UBER']
2026-08-31T10:12:27 | INFO     | session_runner | Re-scan updated active symbols: ['TSLA', 'IWM', 'HOOD', 'AAPL', 'GOOGL', 'UBER']
2026-08-31T10:12:27 | INFO     | session_runner | Broad-market regime | SPY=short
2026-08-31T10:12:27 | INFO     | session_runner | [bridge:TSLA] rsi_trend ready: sufficient bars
2026-08-31T10:12:27 | INFO     | session_runner | Stale signal: TSLA/orb age=17 min > max 10 min — skipped
2026-08-31T10:12:27 | INFO     | session_runner | [bridge:IWM] rsi_trend ready: sufficient bars
2026-08-31T10:12:27 | INFO     | session_runner | Stale signal: IWM/orb age=22 min > max 10 min — skipped
2026-08-31T10:12:27 | INFO     | session_runner | [bridge:HOOD] rsi_trend ready: sufficient bars
2026-08-31T10:12:27 | INFO     | session_runner | Stale signal: HOOD/orb age=17 min > max 10 min — skipped
2026-08-31T10:12:27 | INFO     | session_runner | [bridge:AAPL] rsi_trend ready: sufficient bars
2026-08-31T10:12:28 | INFO     | session_runner | [bridge:GOOGL] rsi_trend ready: sufficient bars
2026-08-31T10:12:28 | INFO     | session_runner | Stale signal: GOOGL/vwap_reclaim age=32 min > max 10 min — skipped
2026-08-31T10:12:28 | INFO     | session_runner | [bridge:UBER] rsi_trend ready: sufficient bars
2026-08-31T10:12:28 | INFO     | session_runner | Stale signal: UBER/orb age=22 min > max 10 min — skipped
2026-08-31T10:12:58 | INFO     | session_runner | [cycle 82] 10:12:58 ET | positions=0 | entries=0
2026-08-31T10:12:59 | INFO     | session_runner | [bridge:TSLA] rsi_trend ready: sufficient bars
2026-08-31T10:12:59 | INFO     | session_runner | Stale signal: TSLA/orb age=18 min > max 10 min — skipped
2026-08-31T10:12:59 | INFO     | session_runner | [bridge:IWM] rsi_trend ready: sufficient bars
2026-08-31T10:12:59 | INFO     | session_runner | Stale signal: IWM/orb age=23 min > max 10 min — skipped
2026-08-31T10:13:00 | INFO     | session_runner | [bridge:HOOD] rsi_trend ready: sufficient bars
2026-08-31T10:13:00 | INFO     | session_runner | Stale signal: HOOD/orb age=18 min > max 10 min — skipped
2026-08-31T10:13:00 | INFO     | session_runner | [bridge:AAPL] rsi_trend ready: sufficient bars
2026-08-31T10:13:00 | INFO     | session_runner | [bridge:GOOGL] rsi_trend ready: sufficient bars
2026-08-31T10:13:00 | INFO     | session_runner | Stale signal: GOOGL/vwap_reclaim age=33 min > max 10 min — skipped
2026-08-31T10:13:00 | INFO     | session_runner | [bridge:UBER] rsi_trend ready: sufficient bars
2026-08-31T10:13:00 | INFO     | session_runner | Stale signal: UBER/orb age=23 min > max 10 min — skipped
2026-08-31T10:13:31 | INFO     | session_runner | [cycle 83] 10:13:31 ET | positions=0 | entries=0
2026-08-31T10:13:32 | INFO     | session_runner | [bridge:TSLA] rsi_trend ready: sufficient bars
2026-08-31T10:13:32 | INFO     | session_runner | Stale signal: TSLA/orb age=19 min > max 10 min — skipped
2026-08-31T10:13:32 | INFO     | session_runner | [bridge:IWM] rsi_trend ready: sufficient bars
2026-08-31T10:13:32 | INFO     | session_runner | Stale signal: IWM/orb age=24 min > max 10 min — skipped
2026-08-31T10:13:32 | INFO     | session_runner | [bridge:HOOD] rsi_trend ready: sufficient bars
2026-08-31T10:13:32 | INFO     | session_runner | Stale signal: HOOD/orb age=19 min > max 10 min — skipped
2026-08-31T10:13:32 | INFO     | session_runner | [bridge:AAPL] rsi_trend ready: sufficient bars
2026-08-31T10:13:32 | INFO     | session_runner | [bridge:GOOGL] rsi_trend ready: sufficient bars
2026-08-31T10:13:32 | INFO     | session_runner | Stale signal: GOOGL/vwap_reclaim age=34 min > max 10 min — skipped
2026-08-31T10:13:32 | INFO     | session_runner | [bridge:UBER] rsi_trend ready: sufficient bars
2026-08-31T10:13:32 | INFO     | session_runner | Stale signal: UBER/orb age=24 min > max 10 min — skipped
2026-08-31T10:14:02 | INFO     | session_runner | [cycle 84] 10:14:02 ET | positions=0 | entries=0
2026-08-31T10:14:03 | INFO     | session_runner | [bridge:TSLA] rsi_trend ready: sufficient bars
2026-08-31T10:14:03 | INFO     | session_runner | Stale signal: TSLA/orb age=19 min > max 10 min — skipped
2026-08-31T10:14:03 | INFO     | session_runner | [bridge:IWM] rsi_trend ready: sufficient bars
2026-08-31T10:14:03 | INFO     | session_runner | Stale signal: IWM/orb age=24 min > max 10 min — skipped
2026-08-31T10:14:03 | INFO     | session_runner | [bridge:HOOD] rsi_trend ready: sufficient bars
2026-08-31T10:14:03 | INFO     | session_runner | Stale signal: HOOD/orb age=19 min > max 10 min — skipped
2026-08-31T10:14:04 | INFO     | session_runner | [bridge:AAPL] rsi_trend ready: sufficient bars
2026-08-31T10:14:04 | INFO     | session_runner | [bridge:GOOGL] rsi_trend ready: sufficient bars
2026-08-31T10:14:04 | INFO     | session_runner | Stale signal: GOOGL/vwap_reclaim age=34 min > max 10 min — skipped
2026-08-31T10:14:04 | INFO     | session_runner | [bridge:UBER] rsi_trend ready: sufficient bars
2026-08-31T10:14:04 | INFO     | session_runner | Stale signal: UBER/orb age=24 min > max 10 min — skipped
2026-08-31T10:14:34 | INFO     | session_runner | [cycle 85] 10:14:34 ET | positions=0 | entries=0
2026-08-31T10:14:34 | INFO     | session_runner | [bridge:TSLA] rsi_trend ready: sufficient bars
2026-08-31T10:14:34 | INFO     | session_runner | Stale signal: TSLA/orb age=20 min > max 10 min — skipped
2026-08-31T10:14:35 | INFO     | session_runner | [bridge:IWM] rsi_trend ready: sufficient bars
2026-08-31T10:14:35 | INFO     | session_runner | Stale signal: IWM/orb age=25 min > max 10 min — skipped
2026-08-31T10:14:35 | INFO     | session_runner | [bridge:HOOD] rsi_trend ready: sufficient bars
2026-08-31T10:14:35 | INFO     | session_runner | Stale signal: HOOD/orb age=20 min > max 10 min — skipped
2026-08-31T10:14:35 | INFO     | session_runner | [bridge:AAPL] rsi_trend ready: sufficient bars
2026-08-31T10:14:35 | INFO     | session_runner | [bridge:GOOGL] rsi_trend ready: sufficient bars
2026-08-31T10:14:35 | INFO     | session_runner | Stale signal: GOOGL/vwap_reclaim age=35 min > max 10 min — skipped
2026-08-31T10:14:35 | INFO     | session_runner | [bridge:UBER] rsi_trend ready: sufficient bars
2026-08-31T10:14:35 | INFO     | session_runner | Stale signal: UBER/orb age=25 min > max 10 min — skipped
2026-08-31T10:15:05 | INFO     | session_runner | [cycle 86] 10:15:05 ET | positions=0 | entries=0
2026-08-31T10:15:07 | INFO     | session_runner | [bridge:TSLA] rsi_trend ready: sufficient bars
2026-08-31T10:15:07 | INFO     | session_runner | Stale signal: TSLA/orb age=20 min > max 10 min — skipped
2026-08-31T10:15:07 | INFO     | session_runner | [bridge:IWM] rsi_trend ready: sufficient bars
2026-08-31T10:15:07 | INFO     | session_runner | Stale signal: IWM/orb age=25 min > max 10 min — skipped
2026-08-31T10:15:07 | INFO     | session_runner | [bridge:HOOD] rsi_trend ready: sufficient bars
2026-08-31T10:15:07 | INFO     | session_runner | Stale signal: HOOD/orb age=20 min > max 10 min — skipped
2026-08-31T10:15:07 | INFO     | session_runner | [bridge:AAPL] rsi_trend ready: sufficient bars
2026-08-31T10:15:07 | INFO     | session_runner | [bridge:GOOGL] rsi_trend ready: sufficient bars
2026-08-31T10:15:07 | INFO     | session_runner | Stale signal: GOOGL/vwap_reclaim age=35 min > max 10 min — skipped
2026-08-31T10:15:08 | INFO     | session_runner | [bridge:UBER] rsi_trend ready: sufficient bars
2026-08-31T10:15:08 | INFO     | session_runner | Stale signal: UBER/orb age=25 min > max 10 min — skipped
2026-08-31T10:15:38 | INFO     | session_runner | [cycle 87] 10:15:38 ET | positions=0 | entries=0
2026-08-31T10:15:39 | INFO     | session_runner | [bridge:TSLA] rsi_trend ready: sufficient bars
2026-08-31T10:15:39 | INFO     | session_runner | Stale signal: TSLA/orb age=21 min > max 10 min — skipped
2026-08-31T10:15:39 | INFO     | session_runner | [bridge:IWM] rsi_trend ready: sufficient bars
2026-08-31T10:15:39 | INFO     | session_runner | Stale signal: IWM/orb age=26 min > max 10 min — skipped
2026-08-31T10:15:39 | INFO     | session_runner | [bridge:HOOD] rsi_trend ready: sufficient bars
2026-08-31T10:15:39 | INFO     | session_runner | Stale signal: HOOD/orb age=21 min > max 10 min — skipped
2026-08-31T10:15:39 | INFO     | session_runner | [bridge:AAPL] rsi_trend ready: sufficient bars
2026-08-31T10:15:39 | INFO     | session_runner | [bridge:GOOGL] rsi_trend ready: sufficient bars
2026-08-31T10:15:39 | INFO     | session_runner | Stale signal: GOOGL/vwap_reclaim age=36 min > max 10 min — skipped
2026-08-31T10:15:40 | INFO     | session_runner | [bridge:UBER] rsi_trend ready: sufficient bars
2026-08-31T10:15:40 | INFO     | session_runner | Stale signal: UBER/orb age=26 min > max 10 min — skipped
2026-08-31T10:16:10 | INFO     | session_runner | [cycle 88] 10:16:10 ET | positions=0 | entries=0
2026-08-31T10:16:11 | INFO     | session_runner | [bridge:TSLA] rsi_trend ready: sufficient bars
2026-08-31T10:16:11 | INFO     | session_runner | Stale signal: TSLA/orb age=21 min > max 10 min — skipped
2026-08-31T10:16:11 | INFO     | session_runner | [bridge:IWM] rsi_trend ready: sufficient bars
2026-08-31T10:16:11 | INFO     | session_runner | Stale signal: IWM/orb age=26 min > max 10 min — skipped
2026-08-31T10:16:11 | INFO     | session_runner | [bridge:HOOD] rsi_trend ready: sufficient bars
2026-08-31T10:16:11 | INFO     | session_runner | Stale signal: HOOD/orb age=21 min > max 10 min — skipped
2026-08-31T10:16:11 | INFO     | session_runner | [bridge:AAPL] rsi_trend ready: sufficient bars
2026-08-31T10:16:11 | INFO     | session_runner | [bridge:GOOGL] rsi_trend ready: sufficient bars
2026-08-31T10:16:11 | INFO     | session_runner | Stale signal: GOOGL/vwap_reclaim age=36 min > max 10 min — skipped
2026-08-31T10:16:11 | INFO     | session_runner | [bridge:UBER] rsi_trend ready: sufficient bars
2026-08-31T10:16:11 | INFO     | session_runner | Stale signal: UBER/orb age=26 min > max 10 min — skipped
2026-08-31T10:16:41 | INFO     | session_runner | [cycle 89] 10:16:41 ET | positions=0 | entries=0
2026-08-31T10:16:42 | INFO     | session_runner | [bridge:TSLA] rsi_trend ready: sufficient bars
2026-08-31T10:16:42 | INFO     | session_runner | Stale signal: TSLA/orb age=22 min > max 10 min — skipped
2026-08-31T10:16:42 | INFO     | session_runner | [bridge:IWM] rsi_trend ready: sufficient bars
2026-08-31T10:16:42 | INFO     | session_runner | Stale signal: IWM/orb age=27 min > max 10 min — skipped
2026-08-31T10:16:42 | INFO     | session_runner | [bridge:HOOD] rsi_trend ready: sufficient bars
2026-08-31T10:16:42 | INFO     | session_runner | Stale signal: HOOD/orb age=22 min > max 10 min — skipped
2026-08-31T10:16:42 | INFO     | session_runner | [bridge:AAPL] rsi_trend ready: sufficient bars
2026-08-31T10:16:43 | INFO     | session_runner | [bridge:GOOGL] rsi_trend ready: sufficient bars
2026-08-31T10:16:43 | INFO     | session_runner | Stale signal: GOOGL/vwap_reclaim age=37 min > max 10 min — skipped
2026-08-31T10:16:43 | INFO     | session_runner | [bridge:UBER] rsi_trend ready: sufficient bars
2026-08-31T10:16:43 | INFO     | session_runner | Stale signal: UBER/orb age=27 min > max 10 min — skipped
2026-08-31T10:17:13 | INFO     | session_runner | [cycle 90] 10:17:13 ET | positions=0 | entries=0
2026-08-31T10:17:13 | INFO     | session_runner | [bridge:TSLA] rsi_trend ready: sufficient bars
2026-08-31T10:17:13 | INFO     | session_runner | Stale signal: TSLA/orb age=22 min > max 10 min — skipped
2026-08-31T10:17:14 | INFO     | session_runner | [bridge:IWM] rsi_trend ready: sufficient bars
2026-08-31T10:17:14 | INFO     | session_runner | Stale signal: IWM/orb age=27 min > max 10 min — skipped
2026-08-31T10:17:14 | INFO     | session_runner | [bridge:HOOD] rsi_trend ready: sufficient bars
2026-08-31T10:17:14 | INFO     | session_runner | Stale signal: HOOD/orb age=22 min > max 10 min — skipped
2026-08-31T10:17:14 | INFO     | session_runner | [bridge:AAPL] rsi_trend ready: sufficient bars
2026-08-31T10:17:14 | INFO     | session_runner | [bridge:GOOGL] rsi_trend ready: sufficient bars
2026-08-31T10:17:14 | INFO     | session_runner | Stale signal: GOOGL/vwap_reclaim age=37 min > max 10 min — skipped
2026-08-31T10:17:14 | INFO     | session_runner | [bridge:UBER] rsi_trend ready: sufficient bars
2026-08-31T10:17:14 | INFO     | session_runner | Stale signal: UBER/orb age=27 min > max 10 min — skipped
2026-08-31T10:17:44 | INFO     | session_runner | [cycle 91] 10:17:44 ET | positions=0 | entries=0
2026-08-31T10:17:45 | INFO     | session_runner | Periodic universe re-scan …
2026-08-31T10:17:45 | INFO     | app.scanning.universe_loader | UniverseLoader: loaded 5 groups (13 flat symbols) from config/ticker_universe.yaml (blacklist=0)
2026-08-31T10:17:45 | INFO     | app.scanning.universe_loader | UniverseLoader: 38 symbols from 4 group(s) (blacklist=0)
2026-08-31T10:17:45 | INFO     | session_runner | Universe scan: 38 symbols from 4 group(s) | max_active=6
2026-08-31T10:17:46 | WARNING  | app.scanning.yfinance_scanner | AlpacaScanner: no daily data for 1/38 symbols: ['SQ']
2026-08-31T10:17:47 | WARNING  | app.scanning.yfinance_scanner | YFinanceScanner: failed for SQ: No daily data returned for SQ
2026-08-31T10:17:47 | INFO     | session_runner | Scan: 17 passed, 21 rejected
2026-08-31T10:17:47 | INFO     | session_runner |   TSLA    score=87.0  signal=LONG     reasons: rvol=3.00x (high), atr=3.47% (wide-range), orb_breakout
2026-08-31T10:17:47 | INFO     | session_runner |   HOOD    score=87.0  signal=SHORT    reasons: rvol=2.04x (high), atr=5.75% (wide-range), orb_breakdown
2026-08-31T10:17:47 | INFO     | session_runner |   IWM     score=80.0  signal=SHORT    reasons: rvol=2.12x (high), atr=1.00% (good range), orb_breakdown
2026-08-31T10:17:47 | INFO     | session_runner |   AMZN    score=77.0  signal=SHORT    reasons: rvol=1.56x (elevated), atr=2.48% (wide-range), orb_breakdown
2026-08-31T10:17:47 | INFO     | session_runner |   LYFT    score=77.0  signal=SHORT    reasons: rvol=1.54x (elevated), atr=3.64% (wide-range), orb_breakdown
2026-08-31T10:17:48 | INFO     | app.strategies.liquidity_filter | LiquidityFilter: selected UBER260904P00075000 | delta=-0.420 | spread_pct=0.058 | OI=1590 | vol=2688
2026-08-31T10:17:48 | INFO     | app.scanning.alpaca_confirmer | AlpacaConfirmer: confirmed UBER | UBER260904P00075000 | exp=2026-09-04 | spread=5.83% | OI=1590 | vol=2688
2026-08-31T10:17:48 | INFO     | app.strategies.liquidity_filter | LiquidityFilter: no qualifying contracts for GOOGL SignalDirection.SHORT | total_candidates=49
2026-08-31T10:17:48 | INFO     | app.scanning.alpaca_confirmer | AlpacaConfirmer: no liquid contract for GOOGL (signal=SHORT)
2026-08-31T10:17:48 | INFO     | app.strategies.liquidity_filter | LiquidityFilter: no qualifying contracts for AMZN SignalDirection.SHORT | total_candidates=53
2026-08-31T10:17:48 | INFO     | app.scanning.alpaca_confirmer | AlpacaConfirmer: no liquid contract for AMZN (signal=SHORT)
2026-08-31T10:17:48 | INFO     | app.strategies.liquidity_filter | LiquidityFilter: no qualifying contracts for LYFT SignalDirection.SHORT | total_candidates=35
2026-08-31T10:17:48 | INFO     | app.scanning.alpaca_confirmer | AlpacaConfirmer: no liquid contract for LYFT (signal=SHORT)
2026-08-31T10:17:48 | INFO     | app.strategies.liquidity_filter | LiquidityFilter: selected HOOD260904P00100000 | delta=-0.416 | spread_pct=0.056 | OI=2312 | vol=2515
2026-08-31T10:17:48 | INFO     | app.scanning.alpaca_confirmer | AlpacaConfirmer: confirmed HOOD | HOOD260904P00100000 | exp=2026-09-04 | spread=5.56% | OI=2312 | vol=2515
2026-08-31T10:17:48 | INFO     | app.strategies.liquidity_filter | LiquidityFilter: selected NVDA260902C00222500 | delta=0.372 | spread_pct=0.006 | OI=1217 | vol=4438
2026-08-31T10:17:48 | INFO     | app.scanning.alpaca_confirmer | AlpacaConfirmer: confirmed NVDA | NVDA260902C00222500 | exp=2026-09-02 | spread=0.61% | OI=1217 | vol=4438
2026-08-31T10:17:48 | INFO     | app.strategies.liquidity_filter | LiquidityFilter: selected IWM260902P00293000 | delta=-0.449 | spread_pct=0.017 | OI=154 | vol=419
2026-08-31T10:17:48 | INFO     | app.scanning.alpaca_confirmer | AlpacaConfirmer: confirmed IWM | IWM260902P00293000 | exp=2026-09-02 | spread=1.67% | OI=154 | vol=419
2026-08-31T10:17:48 | INFO     | app.strategies.liquidity_filter | LiquidityFilter: selected MSTR260904P00124000 | delta=-0.400 | spread_pct=0.096 | OI=522 | vol=202
2026-08-31T10:17:48 | INFO     | app.scanning.alpaca_confirmer | AlpacaConfirmer: confirmed MSTR | MSTR260904P00124000 | exp=2026-09-04 | spread=9.65% | OI=522 | vol=202
2026-08-31T10:17:48 | INFO     | app.strategies.liquidity_filter | LiquidityFilter: selected AAPL260902P00315000 | delta=-0.407 | spread_pct=0.038 | OI=350 | vol=1660
2026-08-31T10:17:48 | INFO     | app.scanning.alpaca_confirmer | AlpacaConfirmer: confirmed AAPL | AAPL260902P00315000 | exp=2026-09-02 | spread=3.77% | OI=350 | vol=1660
2026-08-31T10:17:48 | INFO     | app.strategies.liquidity_filter | LiquidityFilter: selected TSLA260902C00367500 | delta=0.370 | spread_pct=0.020 | OI=319 | vol=2125
2026-08-31T10:17:48 | INFO     | app.scanning.alpaca_confirmer | AlpacaConfirmer: confirmed TSLA | TSLA260902C00367500 | exp=2026-09-02 | spread=2.00% | OI=319 | vol=2125
2026-08-31T10:17:48 | INFO     | app.strategies.liquidity_filter | LiquidityFilter: selected PLTR260904P00182500 | delta=-0.415 | spread_pct=0.019 | OI=1252 | vol=1788
2026-08-31T10:17:48 | INFO     | app.scanning.alpaca_confirmer | AlpacaConfirmer: confirmed PLTR | PLTR260904P00182500 | exp=2026-09-04 | spread=1.94% | OI=1252 | vol=1788
2026-08-31T10:17:48 | INFO     | app.strategies.liquidity_filter | LiquidityFilter: no qualifying contracts for META SignalDirection.SHORT | total_candidates=134
2026-08-31T10:17:48 | INFO     | app.scanning.alpaca_confirmer | AlpacaConfirmer: no liquid contract for META (signal=SHORT)
2026-08-31T10:17:48 | INFO     | session_runner | AlpacaConfirmer: 6 confirmed symbols: ['TSLA', 'HOOD', 'IWM', 'NVDA', 'AAPL', 'UBER']
2026-08-31T10:17:48 | INFO     | session_runner | Re-scan updated active symbols: ['TSLA', 'HOOD', 'IWM', 'NVDA', 'AAPL', 'UBER']
2026-08-31T10:17:48 | INFO     | session_runner | Broad-market regime | SPY=short
2026-08-31T10:17:48 | INFO     | session_runner | [bridge:TSLA] rsi_trend ready: sufficient bars
2026-08-31T10:17:48 | INFO     | session_runner | Stale signal: TSLA/orb age=23 min > max 10 min — skipped
2026-08-31T10:17:48 | INFO     | session_runner | [bridge:HOOD] rsi_trend ready: sufficient bars
2026-08-31T10:17:48 | INFO     | session_runner | Stale signal: HOOD/orb age=23 min > max 10 min — skipped
2026-08-31T10:17:48 | INFO     | session_runner | [bridge:IWM] rsi_trend ready: sufficient bars
2026-08-31T10:17:48 | INFO     | session_runner | Stale signal: IWM/orb age=28 min > max 10 min — skipped
2026-08-31T10:17:48 | INFO     | session_runner | [bridge:NVDA] rsi_trend ready: sufficient bars
2026-08-31T10:17:49 | INFO     | session_runner | [bridge:AAPL] rsi_trend ready: sufficient bars
2026-08-31T10:17:49 | INFO     | session_runner | [bridge:UBER] rsi_trend ready: sufficient bars
2026-08-31T10:17:49 | INFO     | session_runner | Stale signal: UBER/orb age=28 min > max 10 min — skipped
2026-08-31T10:18:19 | INFO     | session_runner | [cycle 92] 10:18:19 ET | positions=0 | entries=0
2026-08-31T10:18:19 | INFO     | session_runner | [bridge:TSLA] rsi_trend ready: sufficient bars
2026-08-31T10:18:19 | INFO     | session_runner | Stale signal: TSLA/orb age=23 min > max 10 min — skipped
2026-08-31T10:18:19 | INFO     | session_runner | [bridge:HOOD] rsi_trend ready: sufficient bars
2026-08-31T10:18:19 | INFO     | session_runner | Stale signal: HOOD/orb age=23 min > max 10 min — skipped
2026-08-31T10:18:20 | INFO     | session_runner | [bridge:IWM] rsi_trend ready: sufficient bars
2026-08-31T10:18:20 | INFO     | session_runner | Stale signal: IWM/orb age=28 min > max 10 min — skipped
2026-08-31T10:18:20 | INFO     | session_runner | [bridge:NVDA] rsi_trend ready: sufficient bars
2026-08-31T10:18:20 | INFO     | session_runner | [bridge:AAPL] rsi_trend ready: sufficient bars
2026-08-31T10:18:20 | INFO     | session_runner | [bridge:UBER] rsi_trend ready: sufficient bars
2026-08-31T10:18:20 | INFO     | session_runner | Stale signal: UBER/orb age=28 min > max 10 min — skipped
2026-08-31T10:18:50 | INFO     | session_runner | [cycle 93] 10:18:50 ET | positions=0 | entries=0
2026-08-31T10:18:51 | INFO     | session_runner | [bridge:TSLA] rsi_trend ready: sufficient bars
2026-08-31T10:18:51 | INFO     | session_runner | Stale signal: TSLA/orb age=24 min > max 10 min — skipped
2026-08-31T10:18:51 | INFO     | session_runner | [bridge:HOOD] rsi_trend ready: sufficient bars
2026-08-31T10:18:51 | INFO     | session_runner | Stale signal: HOOD/orb age=24 min > max 10 min — skipped
2026-08-31T10:18:51 | INFO     | session_runner | [bridge:IWM] rsi_trend ready: sufficient bars
2026-08-31T10:18:51 | INFO     | session_runner | Stale signal: IWM/orb age=29 min > max 10 min — skipped
2026-08-31T10:18:51 | INFO     | session_runner | [bridge:NVDA] rsi_trend ready: sufficient bars
2026-08-31T10:18:51 | INFO     | session_runner | [bridge:AAPL] rsi_trend ready: sufficient bars
2026-08-31T10:18:51 | INFO     | session_runner | [bridge:UBER] rsi_trend ready: sufficient bars
2026-08-31T10:18:51 | INFO     | session_runner | Stale signal: UBER/orb age=29 min > max 10 min — skipped
2026-08-31T10:19:21 | INFO     | session_runner | [cycle 94] 10:19:21 ET | positions=0 | entries=0
2026-08-31T10:19:22 | INFO     | session_runner | [bridge:TSLA] rsi_trend ready: sufficient bars
2026-08-31T10:19:22 | INFO     | session_runner | Stale signal: TSLA/orb age=24 min > max 10 min — skipped
2026-08-31T10:19:22 | INFO     | session_runner | [bridge:HOOD] rsi_trend ready: sufficient bars
2026-08-31T10:19:22 | INFO     | session_runner | Stale signal: HOOD/orb age=24 min > max 10 min — skipped
2026-08-31T10:19:22 | INFO     | session_runner | [bridge:IWM] rsi_trend ready: sufficient bars
2026-08-31T10:19:22 | INFO     | session_runner | Stale signal: IWM/orb age=29 min > max 10 min — skipped
2026-08-31T10:19:22 | INFO     | session_runner | [bridge:NVDA] rsi_trend ready: sufficient bars
2026-08-31T10:19:22 | INFO     | session_runner | [bridge:AAPL] rsi_trend ready: sufficient bars
2026-08-31T10:19:22 | INFO     | session_runner | [bridge:UBER] rsi_trend ready: sufficient bars
2026-08-31T10:19:22 | INFO     | session_runner | Stale signal: UBER/orb age=29 min > max 10 min — skipped
2026-08-31T10:19:53 | INFO     | session_runner | [cycle 95] 10:19:53 ET | positions=0 | entries=0
2026-08-31T10:19:53 | INFO     | session_runner | [bridge:TSLA] rsi_trend ready: sufficient bars
2026-08-31T10:19:53 | INFO     | session_runner | Stale signal: TSLA/orb age=25 min > max 10 min — skipped
2026-08-31T10:19:53 | INFO     | session_runner | [bridge:HOOD] rsi_trend ready: sufficient bars
2026-08-31T10:19:53 | INFO     | session_runner | Stale signal: HOOD/orb age=25 min > max 10 min — skipped
2026-08-31T10:19:53 | INFO     | session_runner | [bridge:IWM] rsi_trend ready: sufficient bars
2026-08-31T10:19:53 | INFO     | session_runner | Stale signal: IWM/orb age=30 min > max 10 min — skipped
2026-08-31T10:19:54 | INFO     | session_runner | [bridge:NVDA] rsi_trend ready: sufficient bars
2026-08-31T10:19:54 | INFO     | session_runner | [bridge:AAPL] rsi_trend ready: sufficient bars
2026-08-31T10:19:54 | INFO     | session_runner | [bridge:UBER] rsi_trend ready: sufficient bars
2026-08-31T10:19:54 | INFO     | session_runner | Stale signal: UBER/orb age=30 min > max 10 min — skipped
2026-08-31T10:20:24 | INFO     | session_runner | [cycle 96] 10:20:24 ET | positions=0 | entries=0
2026-08-31T10:20:25 | INFO     | session_runner | [bridge:TSLA] rsi_trend ready: sufficient bars
2026-08-31T10:20:25 | INFO     | session_runner | Stale signal: TSLA/orb age=25 min > max 10 min — skipped
2026-08-31T10:20:25 | INFO     | session_runner | [bridge:HOOD] rsi_trend ready: sufficient bars
2026-08-31T10:20:25 | INFO     | session_runner | Stale signal: HOOD/orb age=25 min > max 10 min — skipped
2026-08-31T10:20:25 | INFO     | session_runner | [bridge:IWM] rsi_trend ready: sufficient bars
2026-08-31T10:20:25 | INFO     | session_runner | Stale signal: IWM/orb age=30 min > max 10 min — skipped
2026-08-31T10:20:25 | INFO     | session_runner | [bridge:NVDA] rsi_trend ready: sufficient bars
2026-08-31T10:20:25 | INFO     | session_runner | [bridge:AAPL] rsi_trend ready: sufficient bars
2026-08-31T10:20:26 | INFO     | session_runner | [bridge:UBER] rsi_trend ready: sufficient bars
2026-08-31T10:20:26 | INFO     | session_runner | Stale signal: UBER/orb age=30 min > max 10 min — skipped
2026-08-31T10:20:56 | INFO     | session_runner | [cycle 97] 10:20:56 ET | positions=0 | entries=0
2026-08-31T10:20:56 | INFO     | session_runner | [bridge:TSLA] rsi_trend ready: sufficient bars
2026-08-31T10:20:56 | INFO     | session_runner | Stale signal: TSLA/orb age=26 min > max 10 min — skipped
2026-08-31T10:20:56 | INFO     | session_runner | [bridge:HOOD] rsi_trend ready: sufficient bars
2026-08-31T10:20:56 | INFO     | session_runner | Stale signal: HOOD/orb age=26 min > max 10 min — skipped
2026-08-31T10:20:56 | INFO     | session_runner | [bridge:IWM] rsi_trend ready: sufficient bars
2026-08-31T10:20:56 | INFO     | session_runner | Stale signal: IWM/orb age=31 min > max 10 min — skipped
2026-08-31T10:20:57 | INFO     | session_runner | [bridge:NVDA] rsi_trend ready: sufficient bars
2026-08-31T10:20:57 | INFO     | session_runner | [bridge:AAPL] rsi_trend ready: sufficient bars
2026-08-31T10:20:57 | INFO     | session_runner | [bridge:UBER] rsi_trend ready: sufficient bars
2026-08-31T10:20:57 | INFO     | session_runner | Stale signal: UBER/orb age=31 min > max 10 min — skipped
2026-08-31T10:21:27 | INFO     | session_runner | [cycle 98] 10:21:27 ET | positions=0 | entries=0
2026-08-31T10:21:27 | INFO     | app.trading.reconciler | Reconciliation done: broker_pos=0 local_pos=0 broker_orders=0 local_pending=0 repaired=0 flagged=0 orders_confirmed=True positions_confirmed=True
2026-08-31T10:21:28 | INFO     | session_runner | [bridge:TSLA] rsi_trend ready: sufficient bars
2026-08-31T10:21:28 | INFO     | session_runner | Stale signal: TSLA/orb age=26 min > max 10 min — skipped
2026-08-31T10:21:28 | INFO     | session_runner | [bridge:HOOD] rsi_trend ready: sufficient bars
2026-08-31T10:21:28 | INFO     | session_runner | Stale signal: HOOD/orb age=26 min > max 10 min — skipped
2026-08-31T10:21:28 | INFO     | session_runner | [bridge:IWM] rsi_trend ready: sufficient bars
2026-08-31T10:21:28 | INFO     | session_runner | Stale signal: IWM/orb age=31 min > max 10 min — skipped
2026-08-31T10:21:29 | INFO     | session_runner | [bridge:NVDA] rsi_trend ready: sufficient bars
2026-08-31T10:21:29 | INFO     | session_runner | [bridge:AAPL] rsi_trend ready: sufficient bars
2026-08-31T10:21:29 | INFO     | session_runner | [bridge:UBER] rsi_trend ready: sufficient bars
2026-08-31T10:21:29 | INFO     | session_runner | Stale signal: UBER/orb age=31 min > max 10 min — skipped
2026-08-31T10:21:59 | INFO     | session_runner | [cycle 99] 10:21:59 ET | positions=0 | entries=0
2026-08-31T10:22:00 | INFO     | session_runner | [bridge:TSLA] rsi_trend ready: sufficient bars
2026-08-31T10:22:00 | INFO     | session_runner | Stale signal: TSLA/orb age=27 min > max 10 min — skipped
2026-08-31T10:22:00 | INFO     | session_runner | [bridge:HOOD] rsi_trend ready: sufficient bars
2026-08-31T10:22:00 | INFO     | session_runner | Stale signal: HOOD/orb age=27 min > max 10 min — skipped
2026-08-31T10:22:00 | INFO     | session_runner | [bridge:IWM] rsi_trend ready: sufficient bars
2026-08-31T10:22:00 | INFO     | session_runner | Stale signal: IWM/orb age=32 min > max 10 min — skipped
2026-08-31T10:22:00 | INFO     | session_runner | [bridge:NVDA] rsi_trend ready: sufficient bars
2026-08-31T10:22:00 | INFO     | session_runner | [bridge:AAPL] rsi_trend ready: sufficient bars
2026-08-31T10:22:00 | INFO     | session_runner | [bridge:UBER] rsi_trend ready: sufficient bars
2026-08-31T10:22:00 | INFO     | session_runner | Stale signal: UBER/orb age=32 min > max 10 min — skipped
2026-08-31T10:22:31 | INFO     | session_runner | [cycle 100] 10:22:31 ET | positions=0 | entries=0
2026-08-31T10:22:31 | INFO     | app.evaluation.shadow_book | ShadowBook: closed orb TSLA260902P00357500 @ 3.1600 → -106.00 (trailing_stop, fill-validated)
2026-08-31T10:22:31 | INFO     | session_runner | [bridge:TSLA] rsi_trend ready: sufficient bars
2026-08-31T10:22:31 | INFO     | session_runner | Stale signal: TSLA/orb age=28 min > max 10 min — skipped
2026-08-31T10:22:31 | INFO     | session_runner | [bridge:HOOD] rsi_trend ready: sufficient bars
2026-08-31T10:22:31 | INFO     | session_runner | Stale signal: HOOD/orb age=28 min > max 10 min — skipped
2026-08-31T10:22:31 | INFO     | session_runner | [bridge:IWM] rsi_trend ready: sufficient bars
2026-08-31T10:22:31 | INFO     | session_runner | Stale signal: IWM/orb age=33 min > max 10 min — skipped
2026-08-31T10:22:31 | INFO     | session_runner | [bridge:NVDA] rsi_trend ready: sufficient bars
2026-08-31T10:22:32 | INFO     | session_runner | [bridge:AAPL] rsi_trend ready: sufficient bars
2026-08-31T10:22:32 | INFO     | session_runner | [bridge:UBER] rsi_trend ready: sufficient bars
2026-08-31T10:22:32 | INFO     | session_runner | Stale signal: UBER/orb age=33 min > max 10 min — skipped
2026-08-31T10:23:02 | INFO     | session_runner | [cycle 101] 10:23:02 ET | positions=0 | entries=0
2026-08-31T10:23:02 | INFO     | session_runner | Periodic universe re-scan …
2026-08-31T10:23:02 | INFO     | app.scanning.universe_loader | UniverseLoader: loaded 5 groups (13 flat symbols) from config/ticker_universe.yaml (blacklist=0)
2026-08-31T10:23:02 | INFO     | app.scanning.universe_loader | UniverseLoader: 38 symbols from 4 group(s) (blacklist=0)
2026-08-31T10:23:02 | INFO     | session_runner | Universe scan: 38 symbols from 4 group(s) | max_active=6
2026-08-31T10:23:03 | WARNING  | app.scanning.yfinance_scanner | AlpacaScanner: no daily data for 1/38 symbols: ['SQ']
2026-08-31T10:23:05 | WARNING  | app.scanning.yfinance_scanner | YFinanceScanner: failed for SQ: No daily data returned for SQ
2026-08-31T10:23:06 | INFO     | session_runner | Scan: 16 passed, 22 rejected
2026-08-31T10:23:06 | INFO     | session_runner |   TSLA    score=87.0  signal=LONG     reasons: rvol=3.10x (high), atr=3.50% (wide-range), orb_breakout
2026-08-31T10:23:06 | INFO     | session_runner |   IWM     score=80.0  signal=SHORT    reasons: rvol=2.05x (high), atr=1.00% (good range), orb_breakdown
2026-08-31T10:23:06 | INFO     | session_runner |   AMZN    score=77.0  signal=SHORT    reasons: rvol=1.55x (elevated), atr=2.48% (wide-range), orb_breakdown
2026-08-31T10:23:06 | INFO     | session_runner |   HOOD    score=77.0  signal=SHORT    reasons: rvol=1.91x (elevated), atr=5.73% (wide-range), orb_breakdown
2026-08-31T10:23:06 | INFO     | session_runner |   NVDA    score=75.0  signal=LONG     reasons: rvol=1.15x (normal), atr=3.53% (wide-range), orb_breakout
2026-08-31T10:23:06 | INFO     | app.strategies.liquidity_filter | LiquidityFilter: selected NVDA260902C00222500 | delta=0.353 | spread_pct=0.041 | OI=1217 | vol=5363
2026-08-31T10:23:06 | INFO     | app.scanning.alpaca_confirmer | AlpacaConfirmer: confirmed NVDA | NVDA260902C00222500 | exp=2026-09-02 | spread=4.05% | OI=1217 | vol=5363
2026-08-31T10:23:06 | INFO     | app.strategies.liquidity_filter | LiquidityFilter: no qualifying contracts for LYFT SignalDirection.SHORT | total_candidates=35
2026-08-31T10:23:06 | INFO     | app.scanning.alpaca_confirmer | AlpacaConfirmer: no liquid contract for LYFT (signal=SHORT)
2026-08-31T10:23:06 | INFO     | app.strategies.liquidity_filter | LiquidityFilter: selected UBER260904P00075000 | delta=-0.410 | spread_pct=0.011 | OI=1590 | vol=2832
2026-08-31T10:23:06 | INFO     | app.scanning.alpaca_confirmer | AlpacaConfirmer: confirmed UBER | UBER260904P00075000 | exp=2026-09-04 | spread=1.06% | OI=1590 | vol=2832
2026-08-31T10:23:06 | INFO     | app.strategies.liquidity_filter | LiquidityFilter: selected IWM260902P00293000 | delta=-0.448 | spread_pct=0.008 | OI=154 | vol=440
2026-08-31T10:23:06 | INFO     | app.scanning.alpaca_confirmer | AlpacaConfirmer: confirmed IWM | IWM260902P00293000 | exp=2026-09-02 | spread=0.82% | OI=154 | vol=440
2026-08-31T10:23:06 | INFO     | app.strategies.liquidity_filter | LiquidityFilter: no qualifying contracts for GOOGL SignalDirection.SHORT | total_candidates=49
2026-08-31T10:23:06 | INFO     | app.scanning.alpaca_confirmer | AlpacaConfirmer: no liquid contract for GOOGL (signal=SHORT)
2026-08-31T10:23:06 | INFO     | app.strategies.liquidity_filter | LiquidityFilter: no qualifying contracts for AAPL SignalDirection.SHORT | total_candidates=56
2026-08-31T10:23:06 | INFO     | app.scanning.alpaca_confirmer | AlpacaConfirmer: no liquid contract for AAPL (signal=SHORT)
2026-08-31T10:23:06 | INFO     | app.strategies.liquidity_filter | LiquidityFilter: selected RIVN260904C00016500 | delta=0.424 | spread_pct=0.033 | OI=3147 | vol=1433
2026-08-31T10:23:06 | INFO     | app.scanning.alpaca_confirmer | AlpacaConfirmer: confirmed RIVN | RIVN260904C00016500 | exp=2026-09-04 | spread=3.28% | OI=3147 | vol=1433
2026-08-31T10:23:06 | INFO     | app.strategies.liquidity_filter | LiquidityFilter: selected SOFI260904C00018000 | delta=0.434 | spread_pct=0.030 | OI=4202 | vol=5510
2026-08-31T10:23:06 | INFO     | app.scanning.alpaca_confirmer | AlpacaConfirmer: confirmed SOFI | SOFI260904C00018000 | exp=2026-09-04 | spread=2.99% | OI=4202 | vol=5510
2026-08-31T10:23:06 | INFO     | app.strategies.liquidity_filter | LiquidityFilter: no qualifying contracts for AMZN SignalDirection.SHORT | total_candidates=53
2026-08-31T10:23:06 | INFO     | app.scanning.alpaca_confirmer | AlpacaConfirmer: no liquid contract for AMZN (signal=SHORT)
2026-08-31T10:23:06 | INFO     | app.strategies.liquidity_filter | LiquidityFilter: selected HOOD260904P00100000 | delta=-0.405 | spread_pct=0.048 | OI=2312 | vol=2744
2026-08-31T10:23:06 | INFO     | app.scanning.alpaca_confirmer | AlpacaConfirmer: confirmed HOOD | HOOD260904P00100000 | exp=2026-09-04 | spread=4.83% | OI=2312 | vol=2744
2026-08-31T10:23:06 | INFO     | app.strategies.liquidity_filter | LiquidityFilter: selected TSLA260902C00365000 | delta=0.427 | spread_pct=0.042 | OI=746 | vol=5506
2026-08-31T10:23:06 | INFO     | app.scanning.alpaca_confirmer | AlpacaConfirmer: confirmed TSLA | TSLA260902C00365000 | exp=2026-09-02 | spread=4.22% | OI=746 | vol=5506
2026-08-31T10:23:06 | INFO     | app.strategies.liquidity_filter | LiquidityFilter: no qualifying contracts for META SignalDirection.SHORT | total_candidates=134
2026-08-31T10:23:06 | INFO     | app.scanning.alpaca_confirmer | AlpacaConfirmer: no liquid contract for META (signal=SHORT)
2026-08-31T10:23:06 | INFO     | session_runner | AlpacaConfirmer: 6 confirmed symbols: ['TSLA', 'IWM', 'HOOD', 'NVDA', 'UBER', 'SOFI']
2026-08-31T10:23:06 | INFO     | session_runner | Re-scan updated active symbols: ['TSLA', 'IWM', 'HOOD', 'NVDA', 'UBER', 'SOFI']
2026-08-31T10:23:07 | INFO     | session_runner | Broad-market regime | SPY=short
2026-08-31T10:23:07 | INFO     | session_runner | [bridge:TSLA] rsi_trend ready: sufficient bars
2026-08-31T10:23:07 | INFO     | session_runner | Stale signal: TSLA/orb age=28 min > max 10 min — skipped
2026-08-31T10:23:07 | INFO     | session_runner | [bridge:IWM] rsi_trend ready: sufficient bars
2026-08-31T10:23:07 | INFO     | session_runner | Stale signal: IWM/orb age=33 min > max 10 min — skipped
2026-08-31T10:23:07 | INFO     | session_runner | [bridge:HOOD] rsi_trend ready: sufficient bars
2026-08-31T10:23:07 | INFO     | session_runner | Stale signal: HOOD/orb age=28 min > max 10 min — skipped
2026-08-31T10:23:07 | INFO     | session_runner | [bridge:NVDA] rsi_trend ready: sufficient bars
2026-08-31T10:23:07 | INFO     | session_runner | [bridge:UBER] rsi_trend ready: sufficient bars
2026-08-31T10:23:07 | INFO     | session_runner | Stale signal: UBER/orb age=33 min > max 10 min — skipped
2026-08-31T10:23:08 | INFO     | session_runner | [bridge:SOFI] rsi_trend ready: sufficient bars
2026-08-31T10:23:08 | INFO     | session_runner | Signal quality blocked | SOFI/vwap_reclaim score=2.0 < 3.0
2026-08-31T10:23:08 | INFO     | app.strategies.liquidity_filter | LiquidityFilter: no qualifying contracts for SOFI SignalDirection.LONG | total_candidates=31
2026-08-31T10:23:08 | INFO     | app.evaluation.shadow_book | ShadowBook: 20260831-4570-SOFI-vwap_reclaim blocked (signal_quality_below_min) but not priceable — signal logged, no simulation
2026-08-31T10:23:08 | INFO     | app.evaluation.shadow_book | ShadowBook: 20260831-4571-SOFI-vwap_reclaim-breakeven-25 blocked (exit_policy_counterfactual) but not priceable — signal logged, no simulation
2026-08-31T10:23:08 | INFO     | app.evaluation.shadow_book | ShadowBook: 20260831-4572-SOFI-vwap_reclaim-partial-25-breakeven blocked (exit_policy_counterfactual) but not priceable — signal logged, no simulation
2026-08-31T10:23:08 | INFO     | app.strategies.liquidity_filter | LiquidityFilter: selected SOFI260904P00017500 | delta=-0.377 | spread_pct=0.035 | OI=2998 | vol=7166
2026-08-31T10:23:08 | INFO     | app.evaluation.shadow_book | ShadowBook: simulating vwap_reclaim/inverted SOFI260904P00017500 @ 0.2900 (blocked: inverted_direction_counterfactual, fill-validated at entry)
2026-08-31T10:23:38 | INFO     | session_runner | [cycle 102] 10:23:38 ET | positions=0 | entries=0
2026-08-31T10:23:38 | INFO     | session_runner | [bridge:TSLA] rsi_trend ready: sufficient bars
2026-08-31T10:23:38 | INFO     | session_runner | Stale signal: TSLA/orb age=29 min > max 10 min — skipped
2026-08-31T10:23:39 | INFO     | session_runner | [bridge:IWM] rsi_trend ready: sufficient bars
2026-08-31T10:23:39 | INFO     | session_runner | Stale signal: IWM/orb age=34 min > max 10 min — skipped
2026-08-31T10:23:39 | INFO     | session_runner | [bridge:HOOD] rsi_trend ready: sufficient bars
2026-08-31T10:23:39 | INFO     | session_runner | Stale signal: HOOD/orb age=29 min > max 10 min — skipped
2026-08-31T10:23:39 | INFO     | session_runner | [bridge:NVDA] rsi_trend ready: sufficient bars
2026-08-31T10:23:39 | INFO     | session_runner | [bridge:UBER] rsi_trend ready: sufficient bars
2026-08-31T10:23:39 | INFO     | session_runner | Stale signal: UBER/orb age=34 min > max 10 min — skipped
2026-08-31T10:23:39 | INFO     | session_runner | [bridge:SOFI] rsi_trend ready: sufficient bars
2026-08-31T10:23:39 | INFO     | session_runner | Signal quality blocked | SOFI/vwap_reclaim score=2.0 < 3.0
2026-08-31T10:23:39 | INFO     | app.strategies.liquidity_filter | LiquidityFilter: selected SOFI260904C00018000 | delta=0.426 | spread_pct=0.031 | OI=4202 | vol=5510
2026-08-31T10:24:09 | INFO     | session_runner | [cycle 103] 10:24:09 ET | positions=0 | entries=0
2026-08-31T10:24:10 | INFO     | session_runner | [bridge:TSLA] rsi_trend ready: sufficient bars
2026-08-31T10:24:10 | INFO     | session_runner | Stale signal: TSLA/orb age=29 min > max 10 min — skipped
2026-08-31T10:24:10 | INFO     | session_runner | [bridge:IWM] rsi_trend ready: sufficient bars
2026-08-31T10:24:10 | INFO     | session_runner | Stale signal: IWM/orb age=34 min > max 10 min — skipped
2026-08-31T10:24:10 | INFO     | session_runner | [bridge:HOOD] rsi_trend ready: sufficient bars
2026-08-31T10:24:10 | INFO     | session_runner | Stale signal: HOOD/orb age=29 min > max 10 min — skipped
2026-08-31T10:24:10 | INFO     | session_runner | [bridge:NVDA] rsi_trend ready: sufficient bars
2026-08-31T10:24:10 | INFO     | session_runner | [bridge:UBER] rsi_trend ready: sufficient bars
2026-08-31T10:24:10 | INFO     | session_runner | Stale signal: UBER/orb age=34 min > max 10 min — skipped
2026-08-31T10:24:11 | INFO     | session_runner | [bridge:SOFI] rsi_trend ready: sufficient bars
2026-08-31T10:24:11 | INFO     | session_runner | Signal quality blocked | SOFI/vwap_reclaim score=2.0 < 3.0
2026-08-31T10:24:11 | INFO     | app.strategies.liquidity_filter | LiquidityFilter: selected SOFI260904C00018000 | delta=0.433 | spread_pct=0.061 | OI=4202 | vol=5564
2026-08-31T10:24:41 | INFO     | session_runner | [cycle 104] 10:24:41 ET | positions=0 | entries=0
2026-08-31T10:24:41 | INFO     | session_runner | [bridge:TSLA] rsi_trend ready: sufficient bars
2026-08-31T10:24:41 | INFO     | session_runner | Stale signal: TSLA/orb age=30 min > max 10 min — skipped
2026-08-31T10:24:41 | INFO     | session_runner | [bridge:IWM] rsi_trend ready: sufficient bars
2026-08-31T10:24:41 | INFO     | session_runner | Stale signal: IWM/orb age=35 min > max 10 min — skipped
2026-08-31T10:24:42 | INFO     | session_runner | [bridge:HOOD] rsi_trend ready: sufficient bars
2026-08-31T10:24:42 | INFO     | session_runner | Stale signal: HOOD/orb age=30 min > max 10 min — skipped
2026-08-31T10:24:42 | INFO     | session_runner | [bridge:NVDA] rsi_trend ready: sufficient bars
2026-08-31T10:24:42 | INFO     | session_runner | [bridge:UBER] rsi_trend ready: sufficient bars
2026-08-31T10:24:42 | INFO     | session_runner | Stale signal: UBER/orb age=35 min > max 10 min — skipped
2026-08-31T10:24:42 | INFO     | session_runner | [bridge:SOFI] rsi_trend ready: sufficient bars
2026-08-31T10:24:42 | INFO     | session_runner | Signal quality blocked | SOFI/vwap_reclaim score=2.0 < 3.0
2026-08-31T10:24:42 | INFO     | app.strategies.liquidity_filter | LiquidityFilter: selected SOFI260904C00018000 | delta=0.415 | spread_pct=0.035 | OI=4202 | vol=5564
2026-08-31T10:25:12 | INFO     | session_runner | [cycle 105] 10:25:12 ET | positions=0 | entries=0
2026-08-31T10:25:13 | INFO     | session_runner | [bridge:TSLA] rsi_trend ready: sufficient bars
2026-08-31T10:25:13 | INFO     | session_runner | Stale signal: TSLA/orb age=30 min > max 10 min — skipped
2026-08-31T10:25:13 | INFO     | session_runner | [bridge:IWM] rsi_trend ready: sufficient bars
2026-08-31T10:25:13 | INFO     | session_runner | Stale signal: IWM/orb age=35 min > max 10 min — skipped
2026-08-31T10:25:13 | INFO     | session_runner | [bridge:HOOD] rsi_trend ready: sufficient bars
2026-08-31T10:25:13 | INFO     | session_runner | Stale signal: HOOD/orb age=30 min > max 10 min — skipped
2026-08-31T10:25:13 | INFO     | session_runner | [bridge:NVDA] rsi_trend ready: sufficient bars
2026-08-31T10:25:14 | INFO     | session_runner | [bridge:UBER] rsi_trend ready: sufficient bars
2026-08-31T10:25:14 | INFO     | session_runner | Stale signal: UBER/orb age=35 min > max 10 min — skipped
2026-08-31T10:25:14 | INFO     | session_runner | [bridge:SOFI] rsi_trend ready: sufficient bars
2026-08-31T10:25:14 | INFO     | session_runner | Stale signal: SOFI/vwap_reclaim age=10 min > max 10 min — skipped
2026-08-31T10:25:44 | INFO     | session_runner | [cycle 106] 10:25:44 ET | positions=0 | entries=0
2026-08-31T10:25:45 | INFO     | session_runner | [bridge:TSLA] rsi_trend ready: sufficient bars
2026-08-31T10:25:45 | INFO     | session_runner | Stale signal: TSLA/orb age=31 min > max 10 min — skipped
2026-08-31T10:25:45 | INFO     | session_runner | [bridge:IWM] rsi_trend ready: sufficient bars
2026-08-31T10:25:45 | INFO     | session_runner | Stale signal: IWM/orb age=36 min > max 10 min — skipped
2026-08-31T10:25:45 | INFO     | session_runner | [bridge:HOOD] rsi_trend ready: sufficient bars
2026-08-31T10:25:45 | INFO     | session_runner | Stale signal: HOOD/orb age=31 min > max 10 min — skipped
2026-08-31T10:25:45 | INFO     | session_runner | [bridge:NVDA] rsi_trend ready: sufficient bars
2026-08-31T10:25:45 | INFO     | session_runner | [bridge:UBER] rsi_trend ready: sufficient bars
2026-08-31T10:25:45 | INFO     | session_runner | Stale signal: UBER/orb age=36 min > max 10 min — skipped
2026-08-31T10:25:45 | INFO     | session_runner | [bridge:SOFI] rsi_trend ready: sufficient bars
2026-08-31T10:25:45 | INFO     | session_runner | Stale signal: SOFI/vwap_reclaim age=11 min > max 10 min — skipped
2026-08-31T10:26:15 | INFO     | session_runner | [cycle 107] 10:26:15 ET | positions=0 | entries=0
2026-08-31T10:26:16 | INFO     | session_runner | [bridge:TSLA] rsi_trend ready: sufficient bars
2026-08-31T10:26:16 | INFO     | session_runner | Stale signal: TSLA/orb age=31 min > max 10 min — skipped
2026-08-31T10:26:16 | INFO     | session_runner | [bridge:IWM] rsi_trend ready: sufficient bars
2026-08-31T10:26:16 | INFO     | session_runner | Stale signal: IWM/orb age=36 min > max 10 min — skipped
2026-08-31T10:26:17 | INFO     | session_runner | [bridge:HOOD] rsi_trend ready: sufficient bars
2026-08-31T10:26:17 | INFO     | session_runner | Stale signal: HOOD/orb age=31 min > max 10 min — skipped
2026-08-31T10:26:17 | INFO     | session_runner | [bridge:NVDA] rsi_trend ready: sufficient bars
2026-08-31T10:26:17 | INFO     | session_runner | [bridge:UBER] rsi_trend ready: sufficient bars
2026-08-31T10:26:17 | INFO     | session_runner | Stale signal: UBER/orb age=36 min > max 10 min — skipped
2026-08-31T10:26:17 | INFO     | session_runner | [bridge:SOFI] rsi_trend ready: sufficient bars
2026-08-31T10:26:17 | INFO     | session_runner | Stale signal: SOFI/vwap_reclaim age=11 min > max 10 min — skipped
2026-08-31T10:26:47 | INFO     | session_runner | [cycle 108] 10:26:47 ET | positions=0 | entries=0
2026-08-31T10:26:48 | INFO     | session_runner | [bridge:TSLA] rsi_trend ready: sufficient bars
2026-08-31T10:26:48 | INFO     | session_runner | Stale signal: TSLA/orb age=32 min > max 10 min — skipped
2026-08-31T10:26:48 | INFO     | session_runner | [bridge:IWM] rsi_trend ready: sufficient bars
2026-08-31T10:26:48 | INFO     | session_runner | Stale signal: IWM/orb age=37 min > max 10 min — skipped
2026-08-31T10:26:48 | INFO     | session_runner | [bridge:HOOD] rsi_trend ready: sufficient bars
2026-08-31T10:26:48 | INFO     | session_runner | Stale signal: HOOD/orb age=32 min > max 10 min — skipped
2026-08-31T10:26:48 | INFO     | session_runner | [bridge:NVDA] rsi_trend ready: sufficient bars
2026-08-31T10:26:48 | INFO     | session_runner | [bridge:UBER] rsi_trend ready: sufficient bars
2026-08-31T10:26:48 | INFO     | session_runner | Stale signal: UBER/orb age=37 min > max 10 min — skipped
2026-08-31T10:26:49 | INFO     | session_runner | [bridge:SOFI] rsi_trend ready: sufficient bars
2026-08-31T10:26:49 | INFO     | session_runner | Stale signal: SOFI/vwap_reclaim age=12 min > max 10 min — skipped
2026-08-31T10:27:19 | INFO     | session_runner | [cycle 109] 10:27:19 ET | positions=0 | entries=0
2026-08-31T10:27:19 | INFO     | session_runner | [bridge:TSLA] rsi_trend ready: sufficient bars
2026-08-31T10:27:19 | INFO     | session_runner | Stale signal: TSLA/orb age=32 min > max 10 min — skipped
2026-08-31T10:27:19 | INFO     | session_runner | [bridge:IWM] rsi_trend ready: sufficient bars
2026-08-31T10:27:19 | INFO     | session_runner | Stale signal: IWM/orb age=37 min > max 10 min — skipped
2026-08-31T10:27:20 | INFO     | session_runner | [bridge:HOOD] rsi_trend ready: sufficient bars
2026-08-31T10:27:20 | INFO     | session_runner | Stale signal: HOOD/orb age=32 min > max 10 min — skipped
2026-08-31T10:27:20 | INFO     | session_runner | [bridge:NVDA] rsi_trend ready: sufficient bars
2026-08-31T10:27:20 | INFO     | session_runner | [bridge:UBER] rsi_trend ready: sufficient bars
2026-08-31T10:27:20 | INFO     | session_runner | Stale signal: UBER/orb age=37 min > max 10 min — skipped
2026-08-31T10:27:20 | INFO     | session_runner | [bridge:SOFI] rsi_trend ready: sufficient bars
2026-08-31T10:27:20 | INFO     | session_runner | Stale signal: SOFI/vwap_reclaim age=12 min > max 10 min — skipped
2026-08-31T10:27:50 | INFO     | session_runner | [cycle 110] 10:27:50 ET | positions=0 | entries=0
2026-08-31T10:27:50 | INFO     | app.evaluation.shadow_book | ShadowBook: partial-profit variant took 50% of TSLA260902C00365000 @ 4.8400
2026-08-31T10:27:51 | INFO     | session_runner | [bridge:TSLA] rsi_trend ready: sufficient bars
2026-08-31T10:27:51 | INFO     | session_runner | Stale signal: TSLA/orb age=33 min > max 10 min — skipped
2026-08-31T10:27:51 | INFO     | session_runner | [bridge:IWM] rsi_trend ready: sufficient bars
2026-08-31T10:27:51 | INFO     | session_runner | Stale signal: IWM/orb age=38 min > max 10 min — skipped
2026-08-31T10:27:51 | INFO     | session_runner | [bridge:HOOD] rsi_trend ready: sufficient bars
2026-08-31T10:27:51 | INFO     | session_runner | Stale signal: HOOD/orb age=33 min > max 10 min — skipped
2026-08-31T10:27:51 | INFO     | session_runner | [bridge:NVDA] rsi_trend ready: sufficient bars
2026-08-31T10:27:51 | INFO     | session_runner | [bridge:UBER] rsi_trend ready: sufficient bars
2026-08-31T10:27:51 | INFO     | session_runner | Stale signal: UBER/orb age=38 min > max 10 min — skipped
2026-08-31T10:27:51 | INFO     | session_runner | [bridge:SOFI] rsi_trend ready: sufficient bars
2026-08-31T10:27:51 | INFO     | session_runner | Stale signal: SOFI/vwap_reclaim age=13 min > max 10 min — skipped
2026-08-31T10:28:21 | INFO     | session_runner | [cycle 111] 10:28:21 ET | positions=0 | entries=0
2026-08-31T10:28:22 | INFO     | session_runner | Periodic universe re-scan …
2026-08-31T10:28:22 | INFO     | app.scanning.universe_loader | UniverseLoader: loaded 5 groups (13 flat symbols) from config/ticker_universe.yaml (blacklist=0)
2026-08-31T10:28:22 | INFO     | app.scanning.universe_loader | UniverseLoader: 38 symbols from 4 group(s) (blacklist=0)
2026-08-31T10:28:22 | INFO     | session_runner | Universe scan: 38 symbols from 4 group(s) | max_active=6
2026-08-31T10:28:22 | WARNING  | app.scanning.yfinance_scanner | AlpacaScanner: no daily data for 1/38 symbols: ['SQ']
2026-08-31T10:28:24 | WARNING  | app.scanning.yfinance_scanner | YFinanceScanner: failed for SQ: No daily data returned for SQ
2026-08-31T10:28:24 | INFO     | session_runner | Scan: 18 passed, 20 rejected
2026-08-31T10:28:24 | INFO     | session_runner |   TSLA    score=87.0  signal=LONG     reasons: rvol=3.07x (high), atr=3.51% (wide-range), orb_breakout
2026-08-31T10:28:24 | INFO     | session_runner |   AMZN    score=77.0  signal=SHORT    reasons: rvol=1.52x (elevated), atr=2.50% (wide-range), orb_breakdown
2026-08-31T10:28:24 | INFO     | session_runner |   HOOD    score=77.0  signal=SHORT    reasons: rvol=1.83x (elevated), atr=5.75% (wide-range), orb_breakdown
2026-08-31T10:28:24 | INFO     | session_runner |   NVDA    score=75.0  signal=LONG     reasons: rvol=1.12x (normal), atr=3.54% (wide-range), orb_breakout
2026-08-31T10:28:24 | INFO     | session_runner |   AAPL    score=72.0  signal=SHORT    reasons: rvol=1.24x (normal), atr=2.06% (wide-range), orb_breakdown
2026-08-31T10:28:25 | INFO     | app.strategies.liquidity_filter | LiquidityFilter: selected LYFT260904P00017000 | delta=-0.407 | spread_pct=0.071 | OI=333 | vol=212
2026-08-31T10:28:25 | INFO     | app.scanning.alpaca_confirmer | AlpacaConfirmer: confirmed LYFT | LYFT260904P00017000 | exp=2026-09-04 | spread=7.14% | OI=333 | vol=212
2026-08-31T10:28:25 | INFO     | app.strategies.liquidity_filter | LiquidityFilter: selected AAPL260902P00315000 | delta=-0.442 | spread_pct=0.034 | OI=350 | vol=2324
2026-08-31T10:28:25 | INFO     | app.scanning.alpaca_confirmer | AlpacaConfirmer: confirmed AAPL | AAPL260902P00315000 | exp=2026-09-02 | spread=3.41% | OI=350 | vol=2324
2026-08-31T10:28:25 | INFO     | app.strategies.liquidity_filter | LiquidityFilter: selected NVDA260902C00222500 | delta=0.352 | spread_pct=0.013 | OI=1217 | vol=6391
2026-08-31T10:28:25 | INFO     | app.scanning.alpaca_confirmer | AlpacaConfirmer: confirmed NVDA | NVDA260902C00222500 | exp=2026-09-02 | spread=1.34% | OI=1217 | vol=6391
2026-08-31T10:28:25 | INFO     | app.strategies.liquidity_filter | LiquidityFilter: no qualifying contracts for RIVN SignalDirection.LONG | total_candidates=32
2026-08-31T10:28:25 | INFO     | app.scanning.alpaca_confirmer | AlpacaConfirmer: no liquid contract for RIVN (signal=LONG)
2026-08-31T10:28:25 | INFO     | app.strategies.liquidity_filter | LiquidityFilter: selected IWM260902P00292000 | delta=-0.365 | spread_pct=0.011 | OI=148 | vol=171
2026-08-31T10:28:25 | INFO     | app.scanning.alpaca_confirmer | AlpacaConfirmer: confirmed IWM | IWM260902P00292000 | exp=2026-09-02 | spread=1.10% | OI=148 | vol=171
2026-08-31T10:28:25 | INFO     | app.strategies.liquidity_filter | LiquidityFilter: no qualifying contracts for UBER SignalDirection.SHORT | total_candidates=41
2026-08-31T10:28:25 | INFO     | app.scanning.alpaca_confirmer | AlpacaConfirmer: no liquid contract for UBER (signal=SHORT)
2026-08-31T10:28:25 | INFO     | app.strategies.liquidity_filter | LiquidityFilter: selected GOOGL260902P00335000 | delta=-0.362 | spread_pct=0.043 | OI=203 | vol=1527
2026-08-31T10:28:25 | INFO     | app.scanning.alpaca_confirmer | AlpacaConfirmer: confirmed GOOGL | GOOGL260902P00335000 | exp=2026-09-02 | spread=4.32% | OI=203 | vol=1527
2026-08-31T10:28:25 | INFO     | app.strategies.liquidity_filter | LiquidityFilter: no qualifying contracts for AMZN SignalDirection.SHORT | total_candidates=53
2026-08-31T10:28:25 | INFO     | app.scanning.alpaca_confirmer | AlpacaConfirmer: no liquid contract for AMZN (signal=SHORT)
2026-08-31T10:28:25 | INFO     | app.strategies.liquidity_filter | LiquidityFilter: selected HOOD260904P00100000 | delta=-0.409 | spread_pct=0.039 | OI=2312 | vol=2852
2026-08-31T10:28:25 | INFO     | app.scanning.alpaca_confirmer | AlpacaConfirmer: confirmed HOOD | HOOD260904P00100000 | exp=2026-09-04 | spread=3.88% | OI=2312 | vol=2852
2026-08-31T10:28:25 | INFO     | app.strategies.liquidity_filter | LiquidityFilter: selected TSLA260902C00367500 | delta=0.419 | spread_pct=0.017 | OI=319 | vol=2437
2026-08-31T10:28:25 | INFO     | app.scanning.alpaca_confirmer | AlpacaConfirmer: confirmed TSLA | TSLA260902C00367500 | exp=2026-09-02 | spread=1.68% | OI=319 | vol=2437
2026-08-31T10:28:25 | INFO     | app.strategies.liquidity_filter | LiquidityFilter: selected QQQ260902P00712000 | delta=-0.419 | spread_pct=0.014 | OI=524 | vol=646
2026-08-31T10:28:25 | INFO     | app.scanning.alpaca_confirmer | AlpacaConfirmer: confirmed QQQ | QQQ260902P00712000 | exp=2026-09-02 | spread=1.35% | OI=524 | vol=646
2026-08-31T10:28:25 | INFO     | app.strategies.liquidity_filter | LiquidityFilter: no qualifying contracts for META SignalDirection.SHORT | total_candidates=134
2026-08-31T10:28:25 | INFO     | app.scanning.alpaca_confirmer | AlpacaConfirmer: no liquid contract for META (signal=SHORT)
2026-08-31T10:28:25 | INFO     | session_runner | AlpacaConfirmer: 6 confirmed symbols: ['TSLA', 'HOOD', 'NVDA', 'AAPL', 'IWM', 'GOOGL']
2026-08-31T10:28:25 | INFO     | session_runner | Re-scan updated active symbols: ['TSLA', 'HOOD', 'NVDA', 'AAPL', 'IWM', 'GOOGL']
2026-08-31T10:28:25 | INFO     | session_runner | Broad-market regime | SPY=short
2026-08-31T10:28:25 | INFO     | session_runner | [bridge:TSLA] rsi_trend ready: sufficient bars
2026-08-31T10:28:25 | INFO     | session_runner | Stale signal: TSLA/orb age=33 min > max 10 min — skipped
2026-08-31T10:28:25 | INFO     | session_runner | [bridge:HOOD] rsi_trend ready: sufficient bars
2026-08-31T10:28:25 | INFO     | session_runner | Stale signal: HOOD/orb age=33 min > max 10 min — skipped
2026-08-31T10:28:26 | INFO     | session_runner | [bridge:NVDA] rsi_trend ready: sufficient bars
2026-08-31T10:28:26 | INFO     | session_runner | [bridge:AAPL] rsi_trend ready: sufficient bars
2026-08-31T10:28:26 | INFO     | session_runner | [bridge:IWM] rsi_trend ready: sufficient bars
2026-08-31T10:28:26 | INFO     | session_runner | Stale signal: IWM/orb age=38 min > max 10 min — skipped
2026-08-31T10:28:26 | INFO     | session_runner | [bridge:GOOGL] rsi_trend ready: sufficient bars
2026-08-31T10:28:26 | INFO     | session_runner | Stale signal: GOOGL/vwap_reclaim age=48 min > max 10 min — skipped
2026-08-31T10:28:56 | INFO     | session_runner | [cycle 112] 10:28:56 ET | positions=0 | entries=0
2026-08-31T10:28:57 | INFO     | session_runner | [bridge:TSLA] rsi_trend ready: sufficient bars
2026-08-31T10:28:57 | INFO     | session_runner | Stale signal: TSLA/orb age=34 min > max 10 min — skipped
2026-08-31T10:28:57 | INFO     | session_runner | [bridge:HOOD] rsi_trend ready: sufficient bars
2026-08-31T10:28:57 | INFO     | session_runner | Stale signal: HOOD/orb age=34 min > max 10 min — skipped
2026-08-31T10:28:57 | INFO     | session_runner | [bridge:NVDA] rsi_trend ready: sufficient bars
2026-08-31T10:28:57 | INFO     | session_runner | [bridge:AAPL] rsi_trend ready: sufficient bars
2026-08-31T10:28:57 | INFO     | session_runner | [bridge:IWM] rsi_trend ready: sufficient bars
2026-08-31T10:28:57 | INFO     | session_runner | Stale signal: IWM/orb age=39 min > max 10 min — skipped
2026-08-31T10:28:57 | INFO     | session_runner | [bridge:GOOGL] rsi_trend ready: sufficient bars
2026-08-31T10:28:57 | INFO     | session_runner | Stale signal: GOOGL/vwap_reclaim age=49 min > max 10 min — skipped
2026-08-31T10:29:27 | INFO     | session_runner | [cycle 113] 10:29:27 ET | positions=0 | entries=0
2026-08-31T10:29:28 | INFO     | session_runner | [bridge:TSLA] rsi_trend ready: sufficient bars
2026-08-31T10:29:28 | INFO     | session_runner | Stale signal: TSLA/orb age=34 min > max 10 min — skipped
2026-08-31T10:29:28 | INFO     | session_runner | [bridge:HOOD] rsi_trend ready: sufficient bars
2026-08-31T10:29:28 | INFO     | session_runner | Stale signal: HOOD/orb age=34 min > max 10 min — skipped
2026-08-31T10:29:28 | INFO     | session_runner | [bridge:NVDA] rsi_trend ready: sufficient bars
2026-08-31T10:29:28 | INFO     | session_runner | [bridge:AAPL] rsi_trend ready: sufficient bars
2026-08-31T10:29:28 | INFO     | session_runner | [bridge:IWM] rsi_trend ready: sufficient bars
2026-08-31T10:29:28 | INFO     | session_runner | Stale signal: IWM/orb age=39 min > max 10 min — skipped
2026-08-31T10:29:29 | INFO     | session_runner | [bridge:GOOGL] rsi_trend ready: sufficient bars
2026-08-31T10:29:29 | INFO     | session_runner | Stale signal: GOOGL/vwap_reclaim age=49 min > max 10 min — skipped
2026-08-31T10:29:59 | INFO     | session_runner | [cycle 114] 10:29:59 ET | positions=0 | entries=0
2026-08-31T10:29:59 | INFO     | session_runner | [bridge:TSLA] rsi_trend ready: sufficient bars
2026-08-31T10:29:59 | INFO     | session_runner | Stale signal: TSLA/orb age=35 min > max 10 min — skipped
2026-08-31T10:29:59 | INFO     | session_runner | [bridge:HOOD] rsi_trend ready: sufficient bars
2026-08-31T10:29:59 | INFO     | session_runner | Stale signal: HOOD/orb age=35 min > max 10 min — skipped
2026-08-31T10:29:59 | INFO     | session_runner | [bridge:NVDA] rsi_trend ready: sufficient bars
2026-08-31T10:30:00 | INFO     | session_runner | [bridge:AAPL] rsi_trend ready: sufficient bars
2026-08-31T10:30:00 | INFO     | session_runner | [bridge:IWM] rsi_trend ready: sufficient bars
2026-08-31T10:30:00 | INFO     | session_runner | Stale signal: IWM/orb age=40 min > max 10 min — skipped
2026-08-31T10:30:00 | INFO     | session_runner | [bridge:GOOGL] rsi_trend ready: sufficient bars
2026-08-31T10:30:00 | INFO     | session_runner | Stale signal: GOOGL/vwap_reclaim age=50 min > max 10 min — skipped
2026-08-31T10:30:30 | INFO     | session_runner | [cycle 115] 10:30:30 ET | positions=0 | entries=0
2026-08-31T10:30:32 | INFO     | session_runner | [bridge:TSLA] rsi_trend ready: sufficient bars
2026-08-31T10:30:32 | INFO     | session_runner | Stale signal: TSLA/orb age=36 min > max 10 min — skipped
2026-08-31T10:30:32 | INFO     | session_runner | [bridge:HOOD] rsi_trend ready: sufficient bars
2026-08-31T10:30:32 | INFO     | session_runner | Stale signal: HOOD/orb age=36 min > max 10 min — skipped
2026-08-31T10:30:33 | INFO     | session_runner | [bridge:NVDA] rsi_trend ready: sufficient bars
2026-08-31T10:30:33 | INFO     | session_runner | [bridge:AAPL] rsi_trend ready: sufficient bars
2026-08-31T10:30:33 | INFO     | session_runner | [bridge:IWM] rsi_trend ready: sufficient bars
2026-08-31T10:30:33 | INFO     | session_runner | Stale signal: IWM/orb age=41 min > max 10 min — skipped
2026-08-31T10:30:33 | INFO     | session_runner | [bridge:GOOGL] rsi_trend ready: sufficient bars
2026-08-31T10:30:33 | INFO     | session_runner | Stale signal: GOOGL/vwap_reclaim age=51 min > max 10 min — skipped
2026-08-31T10:31:03 | INFO     | session_runner | [cycle 116] 10:31:03 ET | positions=0 | entries=0
2026-08-31T10:31:04 | INFO     | session_runner | [bridge:TSLA] rsi_trend ready: sufficient bars
2026-08-31T10:31:04 | INFO     | session_runner | Stale signal: TSLA/orb age=36 min > max 10 min — skipped
2026-08-31T10:31:04 | INFO     | session_runner | [bridge:HOOD] rsi_trend ready: sufficient bars
2026-08-31T10:31:04 | INFO     | session_runner | Stale signal: HOOD/orb age=36 min > max 10 min — skipped
2026-08-31T10:31:04 | INFO     | session_runner | [bridge:NVDA] rsi_trend ready: sufficient bars
2026-08-31T10:31:05 | INFO     | session_runner | [bridge:AAPL] rsi_trend ready: sufficient bars
2026-08-31T10:31:05 | INFO     | session_runner | [bridge:IWM] rsi_trend ready: sufficient bars
2026-08-31T10:31:05 | INFO     | session_runner | Stale signal: IWM/orb age=41 min > max 10 min — skipped
2026-08-31T10:31:05 | INFO     | session_runner | [bridge:GOOGL] rsi_trend ready: sufficient bars
2026-08-31T10:31:05 | INFO     | session_runner | Stale signal: GOOGL/vwap_reclaim age=51 min > max 10 min — skipped
2026-08-31T10:31:35 | INFO     | session_runner | [cycle 117] 10:31:35 ET | positions=0 | entries=0
2026-08-31T10:31:35 | INFO     | app.trading.reconciler | Reconciliation done: broker_pos=0 local_pos=0 broker_orders=0 local_pending=0 repaired=0 flagged=0 orders_confirmed=True positions_confirmed=True
2026-08-31T10:31:36 | INFO     | session_runner | [bridge:TSLA] rsi_trend ready: sufficient bars
2026-08-31T10:31:36 | INFO     | session_runner | Stale signal: TSLA/orb age=37 min > max 10 min — skipped
2026-08-31T10:31:36 | INFO     | session_runner | [bridge:HOOD] rsi_trend ready: sufficient bars
2026-08-31T10:31:36 | INFO     | session_runner | Stale signal: HOOD/orb age=37 min > max 10 min — skipped
2026-08-31T10:31:36 | INFO     | session_runner | [bridge:NVDA] rsi_trend ready: sufficient bars
2026-08-31T10:31:36 | INFO     | session_runner | [bridge:AAPL] rsi_trend ready: sufficient bars
2026-08-31T10:31:36 | INFO     | session_runner | [bridge:IWM] rsi_trend ready: sufficient bars
2026-08-31T10:31:36 | INFO     | session_runner | Stale signal: IWM/orb age=42 min > max 10 min — skipped
2026-08-31T10:31:37 | INFO     | session_runner | [bridge:GOOGL] rsi_trend ready: sufficient bars
2026-08-31T10:31:37 | INFO     | session_runner | Stale signal: GOOGL/vwap_reclaim age=52 min > max 10 min — skipped
2026-08-31T10:32:07 | INFO     | session_runner | [cycle 118] 10:32:07 ET | positions=0 | entries=0
2026-08-31T10:32:08 | INFO     | session_runner | [bridge:TSLA] rsi_trend ready: sufficient bars
2026-08-31T10:32:08 | INFO     | session_runner | Stale signal: TSLA/orb age=37 min > max 10 min — skipped
2026-08-31T10:32:08 | INFO     | session_runner | [bridge:HOOD] rsi_trend ready: sufficient bars
2026-08-31T10:32:08 | INFO     | session_runner | Stale signal: HOOD/orb age=37 min > max 10 min — skipped
2026-08-31T10:32:08 | INFO     | session_runner | [bridge:NVDA] rsi_trend ready: sufficient bars
2026-08-31T10:32:08 | INFO     | session_runner | [bridge:AAPL] rsi_trend ready: sufficient bars
2026-08-31T10:32:08 | INFO     | session_runner | [bridge:IWM] rsi_trend ready: sufficient bars
2026-08-31T10:32:08 | INFO     | session_runner | Stale signal: IWM/orb age=42 min > max 10 min — skipped
2026-08-31T10:32:08 | INFO     | session_runner | [bridge:GOOGL] rsi_trend ready: sufficient bars
2026-08-31T10:32:08 | INFO     | session_runner | Stale signal: GOOGL/vwap_reclaim age=52 min > max 10 min — skipped
2026-08-31T10:32:38 | INFO     | session_runner | [cycle 119] 10:32:38 ET | positions=0 | entries=0
2026-08-31T10:32:39 | INFO     | session_runner | [bridge:TSLA] rsi_trend ready: sufficient bars
2026-08-31T10:32:39 | INFO     | session_runner | Stale signal: TSLA/orb age=38 min > max 10 min — skipped
2026-08-31T10:32:39 | INFO     | session_runner | [bridge:HOOD] rsi_trend ready: sufficient bars
2026-08-31T10:32:39 | INFO     | session_runner | Stale signal: HOOD/orb age=38 min > max 10 min — skipped
2026-08-31T10:32:39 | INFO     | session_runner | [bridge:NVDA] rsi_trend ready: sufficient bars
2026-08-31T10:32:39 | INFO     | session_runner | [bridge:AAPL] rsi_trend ready: sufficient bars
2026-08-31T10:32:39 | INFO     | session_runner | [bridge:IWM] rsi_trend ready: sufficient bars
2026-08-31T10:32:39 | INFO     | session_runner | Stale signal: IWM/orb age=43 min > max 10 min — skipped
2026-08-31T10:32:40 | INFO     | session_runner | [bridge:GOOGL] rsi_trend ready: sufficient bars
2026-08-31T10:32:40 | INFO     | session_runner | Stale signal: GOOGL/vwap_reclaim age=53 min > max 10 min — skipped
2026-08-31T10:33:10 | INFO     | session_runner | [cycle 120] 10:33:10 ET | positions=0 | entries=0
2026-08-31T10:33:11 | INFO     | session_runner | [bridge:TSLA] rsi_trend ready: sufficient bars
2026-08-31T10:33:11 | INFO     | session_runner | Stale signal: TSLA/orb age=38 min > max 10 min — skipped
2026-08-31T10:33:11 | INFO     | session_runner | [bridge:HOOD] rsi_trend ready: sufficient bars
2026-08-31T10:33:11 | INFO     | session_runner | Stale signal: HOOD/orb age=38 min > max 10 min — skipped
2026-08-31T10:33:11 | INFO     | session_runner | [bridge:NVDA] rsi_trend ready: sufficient bars
2026-08-31T10:33:11 | INFO     | session_runner | [bridge:AAPL] rsi_trend ready: sufficient bars
2026-08-31T10:33:12 | INFO     | session_runner | [bridge:IWM] rsi_trend ready: sufficient bars
2026-08-31T10:33:12 | INFO     | session_runner | Stale signal: IWM/orb age=43 min > max 10 min — skipped
2026-08-31T10:33:12 | INFO     | session_runner | [bridge:GOOGL] rsi_trend ready: sufficient bars
2026-08-31T10:33:12 | INFO     | session_runner | Stale signal: GOOGL/vwap_reclaim age=53 min > max 10 min — skipped
2026-08-31T10:33:42 | INFO     | session_runner | [cycle 121] 10:33:42 ET | positions=0 | entries=0
2026-08-31T10:33:43 | INFO     | session_runner | Periodic universe re-scan …
2026-08-31T10:33:43 | INFO     | app.scanning.universe_loader | UniverseLoader: loaded 5 groups (13 flat symbols) from config/ticker_universe.yaml (blacklist=0)
2026-08-31T10:33:43 | INFO     | app.scanning.universe_loader | UniverseLoader: 38 symbols from 4 group(s) (blacklist=0)
2026-08-31T10:33:43 | INFO     | session_runner | Universe scan: 38 symbols from 4 group(s) | max_active=6
2026-08-31T10:33:44 | WARNING  | app.scanning.yfinance_scanner | AlpacaScanner: no daily data for 1/38 symbols: ['SQ']
2026-08-31T10:33:46 | WARNING  | app.scanning.yfinance_scanner | YFinanceScanner: failed for SQ: No daily data returned for SQ
2026-08-31T10:33:46 | INFO     | session_runner | Scan: 19 passed, 19 rejected
2026-08-31T10:33:46 | INFO     | session_runner |   TSLA    score=87.0  signal=LONG     reasons: rvol=3.04x (high), atr=3.55% (wide-range), orb_breakout
2026-08-31T10:33:46 | INFO     | session_runner |   HOOD    score=77.0  signal=SHORT    reasons: rvol=1.80x (elevated), atr=5.73% (wide-range), orb_breakdown
2026-08-31T10:33:46 | INFO     | session_runner |   NVDA    score=75.0  signal=LONG     reasons: rvol=1.09x (normal), atr=3.53% (wide-range), orb_breakout
2026-08-31T10:33:46 | INFO     | session_runner |   AAPL    score=72.0  signal=SHORT    reasons: rvol=1.18x (normal), atr=2.08% (wide-range), orb_breakdown
2026-08-31T10:33:46 | INFO     | session_runner |   IWM     score=70.0  signal=SHORT    reasons: rvol=1.91x (elevated), atr=1.01% (good range), orb_breakdown
2026-08-31T10:33:46 | INFO     | app.strategies.liquidity_filter | LiquidityFilter: no qualifying contracts for AAPL SignalDirection.SHORT | total_candidates=56
2026-08-31T10:33:46 | INFO     | app.scanning.alpaca_confirmer | AlpacaConfirmer: no liquid contract for AAPL (signal=SHORT)
2026-08-31T10:33:46 | INFO     | app.strategies.liquidity_filter | LiquidityFilter: no qualifying contracts for GOOGL SignalDirection.SHORT | total_candidates=49
2026-08-31T10:33:46 | INFO     | app.scanning.alpaca_confirmer | AlpacaConfirmer: no liquid contract for GOOGL (signal=SHORT)
2026-08-31T10:33:46 | INFO     | app.strategies.liquidity_filter | LiquidityFilter: no qualifying contracts for LYFT SignalDirection.SHORT | total_candidates=35
2026-08-31T10:33:46 | INFO     | app.scanning.alpaca_confirmer | AlpacaConfirmer: no liquid contract for LYFT (signal=SHORT)
2026-08-31T10:33:46 | INFO     | app.strategies.liquidity_filter | LiquidityFilter: selected IWM260902P00292000 | delta=-0.375 | spread_pct=0.052 | OI=148 | vol=179
2026-08-31T10:33:46 | INFO     | app.scanning.alpaca_confirmer | AlpacaConfirmer: confirmed IWM | IWM260902P00292000 | exp=2026-09-02 | spread=5.24% | OI=148 | vol=179
2026-08-31T10:33:46 | INFO     | app.strategies.liquidity_filter | LiquidityFilter: selected NVDA260902C00222500 | delta=0.368 | spread_pct=0.006 | OI=1217 | vol=8196
2026-08-31T10:33:46 | INFO     | app.scanning.alpaca_confirmer | AlpacaConfirmer: confirmed NVDA | NVDA260902C00222500 | exp=2026-09-02 | spread=0.64% | OI=1217 | vol=8196
2026-08-31T10:33:46 | INFO     | app.strategies.liquidity_filter | LiquidityFilter: selected UBER260904P00075000 | delta=-0.403 | spread_pct=0.087 | OI=1590 | vol=2949
2026-08-31T10:33:46 | INFO     | app.scanning.alpaca_confirmer | AlpacaConfirmer: confirmed UBER | UBER260904P00075000 | exp=2026-09-04 | spread=8.70% | OI=1590 | vol=2949
2026-08-31T10:33:46 | INFO     | app.strategies.liquidity_filter | LiquidityFilter: selected HOOD260904P00100000 | delta=-0.394 | spread_pct=0.030 | OI=2312 | vol=2952
2026-08-31T10:33:46 | INFO     | app.scanning.alpaca_confirmer | AlpacaConfirmer: confirmed HOOD | HOOD260904P00100000 | exp=2026-09-04 | spread=3.02% | OI=2312 | vol=2952
2026-08-31T10:33:46 | INFO     | app.strategies.liquidity_filter | LiquidityFilter: no qualifying contracts for AMZN SignalDirection.SHORT | total_candidates=53
2026-08-31T10:33:46 | INFO     | app.scanning.alpaca_confirmer | AlpacaConfirmer: no liquid contract for AMZN (signal=SHORT)
2026-08-31T10:33:46 | INFO     | app.strategies.liquidity_filter | LiquidityFilter: no qualifying contracts for META SignalDirection.SHORT | total_candidates=134
2026-08-31T10:33:46 | INFO     | app.scanning.alpaca_confirmer | AlpacaConfirmer: no liquid contract for META (signal=SHORT)
2026-08-31T10:33:46 | INFO     | app.strategies.liquidity_filter | LiquidityFilter: selected TSLA260902C00367500 | delta=0.421 | spread_pct=0.049 | OI=319 | vol=2568
2026-08-31T10:33:46 | INFO     | app.scanning.alpaca_confirmer | AlpacaConfirmer: confirmed TSLA | TSLA260902C00367500 | exp=2026-09-02 | spread=4.91% | OI=319 | vol=2568
2026-08-31T10:33:46 | INFO     | app.strategies.liquidity_filter | LiquidityFilter: selected MSTR260904P00124000 | delta=-0.384 | spread_pct=0.082 | OI=522 | vol=330
2026-08-31T10:33:46 | INFO     | app.scanning.alpaca_confirmer | AlpacaConfirmer: confirmed MSTR | MSTR260904P00124000 | exp=2026-09-04 | spread=8.19% | OI=522 | vol=330
2026-08-31T10:33:46 | INFO     | app.strategies.liquidity_filter | LiquidityFilter: selected QQQ260902P00712000 | delta=-0.419 | spread_pct=0.021 | OI=524 | vol=670
2026-08-31T10:33:46 | INFO     | app.scanning.alpaca_confirmer | AlpacaConfirmer: confirmed QQQ | QQQ260902P00712000 | exp=2026-09-02 | spread=2.07% | OI=524 | vol=670
2026-08-31T10:33:46 | INFO     | session_runner | AlpacaConfirmer: 6 confirmed symbols: ['TSLA', 'HOOD', 'NVDA', 'IWM', 'QQQ', 'UBER']
2026-08-31T10:33:46 | INFO     | session_runner | Re-scan updated active symbols: ['TSLA', 'HOOD', 'NVDA', 'IWM', 'QQQ', 'UBER']
2026-08-31T10:33:46 | INFO     | session_runner | Broad-market regime | SPY=short
2026-08-31T10:33:47 | INFO     | session_runner | [bridge:TSLA] rsi_trend ready: sufficient bars
2026-08-31T10:33:47 | INFO     | session_runner | Stale signal: TSLA/orb age=39 min > max 10 min — skipped
2026-08-31T10:33:47 | INFO     | session_runner | [bridge:HOOD] rsi_trend ready: sufficient bars
2026-08-31T10:33:47 | INFO     | session_runner | Stale signal: HOOD/orb age=39 min > max 10 min — skipped
2026-08-31T10:33:47 | INFO     | session_runner | [bridge:NVDA] rsi_trend ready: sufficient bars
2026-08-31T10:33:47 | INFO     | session_runner | [bridge:IWM] rsi_trend ready: sufficient bars
2026-08-31T10:33:47 | INFO     | session_runner | Stale signal: IWM/orb age=44 min > max 10 min — skipped
2026-08-31T10:33:48 | INFO     | session_runner | [bridge:QQQ] rsi_trend ready: sufficient bars
2026-08-31T10:33:48 | INFO     | session_runner | Stale signal: QQQ/vwap_reclaim age=24 min > max 10 min — skipped
2026-08-31T10:33:48 | INFO     | session_runner | Stale signal: QQQ/vwap_reclaim age=74 min > max 10 min — skipped
2026-08-31T10:33:48 | INFO     | session_runner | Stale signal: QQQ/vwap_reclaim age=39 min > max 10 min — skipped
2026-08-31T10:33:48 | INFO     | session_runner | [bridge:UBER] rsi_trend ready: sufficient bars
2026-08-31T10:33:48 | INFO     | session_runner | Stale signal: UBER/orb age=44 min > max 10 min — skipped
2026-08-31T10:34:18 | INFO     | session_runner | [cycle 122] 10:34:18 ET | positions=0 | entries=0
2026-08-31T10:34:18 | INFO     | session_runner | [bridge:TSLA] rsi_trend ready: sufficient bars
2026-08-31T10:34:18 | INFO     | session_runner | Stale signal: TSLA/orb age=39 min > max 10 min — skipped
2026-08-31T10:34:18 | INFO     | session_runner | [bridge:HOOD] rsi_trend ready: sufficient bars
2026-08-31T10:34:18 | INFO     | session_runner | Stale signal: HOOD/orb age=39 min > max 10 min — skipped
2026-08-31T10:34:19 | INFO     | session_runner | [bridge:NVDA] rsi_trend ready: sufficient bars
2026-08-31T10:34:19 | INFO     | session_runner | [bridge:IWM] rsi_trend ready: sufficient bars
2026-08-31T10:34:19 | INFO     | session_runner | Stale signal: IWM/orb age=44 min > max 10 min — skipped
2026-08-31T10:34:19 | INFO     | session_runner | [bridge:QQQ] rsi_trend ready: sufficient bars
2026-08-31T10:34:19 | INFO     | session_runner | Stale signal: QQQ/vwap_reclaim age=24 min > max 10 min — skipped
2026-08-31T10:34:19 | INFO     | session_runner | Stale signal: QQQ/vwap_reclaim age=74 min > max 10 min — skipped
2026-08-31T10:34:19 | INFO     | session_runner | Stale signal: QQQ/vwap_reclaim age=39 min > max 10 min — skipped
2026-08-31T10:34:19 | INFO     | session_runner | [bridge:UBER] rsi_trend ready: sufficient bars
2026-08-31T10:34:19 | INFO     | session_runner | Stale signal: UBER/orb age=44 min > max 10 min — skipped
2026-08-31T10:34:49 | INFO     | session_runner | [cycle 123] 10:34:49 ET | positions=0 | entries=0
2026-08-31T10:34:50 | INFO     | session_runner | [bridge:TSLA] rsi_trend ready: sufficient bars
2026-08-31T10:34:50 | INFO     | session_runner | Stale signal: TSLA/orb age=40 min > max 10 min — skipped
2026-08-31T10:34:50 | INFO     | session_runner | [bridge:HOOD] rsi_trend ready: sufficient bars
2026-08-31T10:34:50 | INFO     | session_runner | Stale signal: HOOD/orb age=40 min > max 10 min — skipped
2026-08-31T10:34:50 | INFO     | session_runner | [bridge:NVDA] rsi_trend ready: sufficient bars
2026-08-31T10:34:50 | INFO     | session_runner | [bridge:IWM] rsi_trend ready: sufficient bars
2026-08-31T10:34:50 | INFO     | session_runner | Stale signal: IWM/orb age=45 min > max 10 min — skipped
2026-08-31T10:34:50 | INFO     | session_runner | [bridge:QQQ] rsi_trend ready: sufficient bars
2026-08-31T10:34:50 | INFO     | session_runner | Stale signal: QQQ/vwap_reclaim age=25 min > max 10 min — skipped
2026-08-31T10:34:50 | INFO     | session_runner | Stale signal: QQQ/vwap_reclaim age=75 min > max 10 min — skipped
2026-08-31T10:34:50 | INFO     | session_runner | Stale signal: QQQ/vwap_reclaim age=40 min > max 10 min — skipped
2026-08-31T10:34:51 | INFO     | session_runner | [bridge:UBER] rsi_trend ready: sufficient bars
2026-08-31T10:34:51 | INFO     | session_runner | Stale signal: UBER/orb age=45 min > max 10 min — skipped
2026-08-31T10:35:21 | INFO     | session_runner | [cycle 124] 10:35:21 ET | positions=0 | entries=0
2026-08-31T10:35:23 | INFO     | session_runner | [bridge:TSLA] rsi_trend ready: sufficient bars
2026-08-31T10:35:23 | INFO     | session_runner | Stale signal: TSLA/orb age=40 min > max 10 min — skipped
2026-08-31T10:35:23 | INFO     | session_runner | [bridge:HOOD] rsi_trend ready: sufficient bars
2026-08-31T10:35:23 | INFO     | session_runner | Stale signal: HOOD/orb age=40 min > max 10 min — skipped
2026-08-31T10:35:23 | INFO     | session_runner | [bridge:NVDA] rsi_trend ready: sufficient bars
2026-08-31T10:35:23 | INFO     | session_runner | [bridge:IWM] rsi_trend ready: sufficient bars
2026-08-31T10:35:23 | INFO     | session_runner | Stale signal: IWM/orb age=45 min > max 10 min — skipped
2026-08-31T10:35:23 | INFO     | session_runner | [bridge:QQQ] rsi_trend ready: sufficient bars
2026-08-31T10:35:23 | INFO     | session_runner | Stale signal: QQQ/vwap_reclaim age=25 min > max 10 min — skipped
2026-08-31T10:35:23 | INFO     | session_runner | Stale signal: QQQ/vwap_reclaim age=75 min > max 10 min — skipped
2026-08-31T10:35:23 | INFO     | session_runner | Stale signal: QQQ/vwap_reclaim age=40 min > max 10 min — skipped
2026-08-31T10:35:23 | INFO     | session_runner | [bridge:UBER] rsi_trend ready: sufficient bars
2026-08-31T10:35:23 | INFO     | session_runner | Stale signal: UBER/orb age=45 min > max 10 min — skipped
2026-08-31T10:35:53 | INFO     | session_runner | [cycle 125] 10:35:53 ET | positions=0 | entries=0
2026-08-31T10:35:54 | INFO     | session_runner | [bridge:TSLA] rsi_trend ready: sufficient bars
2026-08-31T10:35:54 | INFO     | session_runner | Stale signal: TSLA/orb age=41 min > max 10 min — skipped
2026-08-31T10:35:54 | INFO     | session_runner | [bridge:HOOD] rsi_trend ready: sufficient bars
2026-08-31T10:35:54 | INFO     | session_runner | Stale signal: HOOD/orb age=41 min > max 10 min — skipped
2026-08-31T10:35:54 | INFO     | session_runner | [bridge:NVDA] rsi_trend ready: sufficient bars
2026-08-31T10:35:54 | INFO     | session_runner | [bridge:IWM] rsi_trend ready: sufficient bars
2026-08-31T10:35:54 | INFO     | session_runner | Stale signal: IWM/orb age=46 min > max 10 min — skipped
2026-08-31T10:35:55 | INFO     | session_runner | [bridge:QQQ] rsi_trend ready: sufficient bars
2026-08-31T10:35:55 | INFO     | session_runner | Stale signal: QQQ/vwap_reclaim age=26 min > max 10 min — skipped
2026-08-31T10:35:55 | INFO     | session_runner | Stale signal: QQQ/vwap_reclaim age=76 min > max 10 min — skipped
2026-08-31T10:35:55 | INFO     | session_runner | Stale signal: QQQ/vwap_reclaim age=41 min > max 10 min — skipped
2026-08-31T10:35:55 | INFO     | session_runner | [bridge:UBER] rsi_trend ready: sufficient bars
2026-08-31T10:35:55 | INFO     | session_runner | Stale signal: UBER/orb age=46 min > max 10 min — skipped
2026-08-31T10:36:25 | INFO     | session_runner | [cycle 126] 10:36:25 ET | positions=0 | entries=0
2026-08-31T10:36:25 | INFO     | session_runner | [bridge:TSLA] rsi_trend ready: sufficient bars
2026-08-31T10:36:25 | INFO     | session_runner | Stale signal: TSLA/orb age=41 min > max 10 min — skipped
2026-08-31T10:36:26 | INFO     | session_runner | [bridge:HOOD] rsi_trend ready: sufficient bars
2026-08-31T10:36:26 | INFO     | session_runner | Stale signal: HOOD/orb age=41 min > max 10 min — skipped
2026-08-31T10:36:26 | INFO     | session_runner | [bridge:NVDA] rsi_trend ready: sufficient bars
2026-08-31T10:36:26 | INFO     | session_runner | [bridge:IWM] rsi_trend ready: sufficient bars
2026-08-31T10:36:26 | INFO     | session_runner | Stale signal: IWM/orb age=46 min > max 10 min — skipped
2026-08-31T10:36:26 | INFO     | session_runner | [bridge:QQQ] rsi_trend ready: sufficient bars
2026-08-31T10:36:26 | INFO     | session_runner | Stale signal: QQQ/vwap_reclaim age=26 min > max 10 min — skipped
2026-08-31T10:36:26 | INFO     | session_runner | Stale signal: QQQ/vwap_reclaim age=76 min > max 10 min — skipped
2026-08-31T10:36:26 | INFO     | session_runner | Stale signal: QQQ/vwap_reclaim age=41 min > max 10 min — skipped
2026-08-31T10:36:26 | INFO     | session_runner | [bridge:UBER] rsi_trend ready: sufficient bars
2026-08-31T10:36:26 | INFO     | session_runner | Stale signal: UBER/orb age=46 min > max 10 min — skipped
2026-08-31T10:36:56 | INFO     | session_runner | [cycle 127] 10:36:56 ET | positions=0 | entries=0
2026-08-31T10:36:57 | INFO     | session_runner | [bridge:TSLA] rsi_trend ready: sufficient bars
2026-08-31T10:36:57 | INFO     | session_runner | Stale signal: TSLA/orb age=42 min > max 10 min — skipped
2026-08-31T10:36:57 | INFO     | session_runner | [bridge:HOOD] rsi_trend ready: sufficient bars
2026-08-31T10:36:57 | INFO     | session_runner | Stale signal: HOOD/orb age=42 min > max 10 min — skipped
2026-08-31T10:36:57 | INFO     | session_runner | [bridge:NVDA] rsi_trend ready: sufficient bars
2026-08-31T10:36:57 | INFO     | session_runner | [bridge:IWM] rsi_trend ready: sufficient bars
2026-08-31T10:36:57 | INFO     | session_runner | Stale signal: IWM/orb age=47 min > max 10 min — skipped
2026-08-31T10:36:57 | INFO     | session_runner | [bridge:QQQ] rsi_trend ready: sufficient bars
2026-08-31T10:36:57 | INFO     | session_runner | Stale signal: QQQ/vwap_reclaim age=27 min > max 10 min — skipped
2026-08-31T10:36:57 | INFO     | session_runner | Stale signal: QQQ/vwap_reclaim age=77 min > max 10 min — skipped
2026-08-31T10:36:57 | INFO     | session_runner | Stale signal: QQQ/vwap_reclaim age=42 min > max 10 min — skipped
2026-08-31T10:36:58 | INFO     | session_runner | [bridge:UBER] rsi_trend ready: sufficient bars
2026-08-31T10:36:58 | INFO     | session_runner | Stale signal: UBER/orb age=47 min > max 10 min — skipped
2026-08-31T10:37:28 | INFO     | session_runner | [cycle 128] 10:37:28 ET | positions=0 | entries=0
2026-08-31T10:37:29 | INFO     | session_runner | [bridge:TSLA] rsi_trend ready: sufficient bars
2026-08-31T10:37:29 | INFO     | session_runner | Stale signal: TSLA/orb age=42 min > max 10 min — skipped
2026-08-31T10:37:29 | INFO     | session_runner | [bridge:HOOD] rsi_trend ready: sufficient bars
2026-08-31T10:37:29 | INFO     | session_runner | Stale signal: HOOD/orb age=42 min > max 10 min — skipped
2026-08-31T10:37:29 | INFO     | session_runner | [bridge:NVDA] rsi_trend ready: sufficient bars
2026-08-31T10:37:29 | INFO     | session_runner | [bridge:IWM] rsi_trend ready: sufficient bars
2026-08-31T10:37:29 | INFO     | session_runner | Stale signal: IWM/orb age=47 min > max 10 min — skipped
2026-08-31T10:37:29 | INFO     | session_runner | [bridge:QQQ] rsi_trend ready: sufficient bars
2026-08-31T10:37:29 | INFO     | session_runner | Stale signal: QQQ/vwap_reclaim age=27 min > max 10 min — skipped
2026-08-31T10:37:29 | INFO     | session_runner | Stale signal: QQQ/vwap_reclaim age=77 min > max 10 min — skipped
2026-08-31T10:37:29 | INFO     | session_runner | Stale signal: QQQ/vwap_reclaim age=42 min > max 10 min — skipped
2026-08-31T10:37:29 | INFO     | session_runner | [bridge:UBER] rsi_trend ready: sufficient bars
2026-08-31T10:37:29 | INFO     | session_runner | Stale signal: UBER/orb age=47 min > max 10 min — skipped
2026-08-31T10:38:00 | INFO     | session_runner | [cycle 129] 10:38:00 ET | positions=0 | entries=0
2026-08-31T10:38:01 | INFO     | session_runner | [bridge:TSLA] rsi_trend ready: sufficient bars
2026-08-31T10:38:01 | INFO     | session_runner | Stale signal: TSLA/orb age=43 min > max 10 min — skipped
2026-08-31T10:38:01 | INFO     | session_runner | [bridge:HOOD] rsi_trend ready: sufficient bars
2026-08-31T10:38:01 | INFO     | session_runner | Stale signal: HOOD/orb age=43 min > max 10 min — skipped
2026-08-31T10:38:01 | INFO     | session_runner | [bridge:NVDA] rsi_trend ready: sufficient bars
2026-08-31T10:38:02 | INFO     | session_runner | [bridge:IWM] rsi_trend ready: sufficient bars
2026-08-31T10:38:02 | INFO     | session_runner | Stale signal: IWM/orb age=48 min > max 10 min — skipped
2026-08-31T10:38:02 | INFO     | session_runner | [bridge:QQQ] rsi_trend ready: sufficient bars
2026-08-31T10:38:02 | INFO     | session_runner | Stale signal: QQQ/vwap_reclaim age=28 min > max 10 min — skipped
2026-08-31T10:38:02 | INFO     | session_runner | Stale signal: QQQ/vwap_reclaim age=78 min > max 10 min — skipped
2026-08-31T10:38:02 | INFO     | session_runner | Stale signal: QQQ/vwap_reclaim age=43 min > max 10 min — skipped
2026-08-31T10:38:02 | INFO     | session_runner | [bridge:UBER] rsi_trend ready: sufficient bars
2026-08-31T10:38:02 | INFO     | session_runner | Stale signal: UBER/orb age=48 min > max 10 min — skipped
2026-08-31T10:38:33 | INFO     | session_runner | [cycle 130] 10:38:33 ET | positions=0 | entries=0
2026-08-31T10:38:33 | INFO     | session_runner | [bridge:TSLA] rsi_trend ready: sufficient bars
2026-08-31T10:38:33 | INFO     | session_runner | Stale signal: TSLA/orb age=44 min > max 10 min — skipped
2026-08-31T10:38:33 | INFO     | session_runner | [bridge:HOOD] rsi_trend ready: sufficient bars
2026-08-31T10:38:33 | INFO     | session_runner | Stale signal: HOOD/orb age=44 min > max 10 min — skipped
2026-08-31T10:38:34 | INFO     | session_runner | [bridge:NVDA] rsi_trend ready: sufficient bars
2026-08-31T10:38:34 | INFO     | session_runner | [bridge:IWM] rsi_trend ready: sufficient bars
2026-08-31T10:38:34 | INFO     | session_runner | Stale signal: IWM/orb age=49 min > max 10 min — skipped
2026-08-31T10:38:34 | INFO     | session_runner | [bridge:QQQ] rsi_trend ready: sufficient bars
2026-08-31T10:38:34 | INFO     | session_runner | Stale signal: QQQ/vwap_reclaim age=29 min > max 10 min — skipped
2026-08-31T10:38:34 | INFO     | session_runner | Stale signal: QQQ/vwap_reclaim age=79 min > max 10 min — skipped
2026-08-31T10:38:34 | INFO     | session_runner | Stale signal: QQQ/vwap_reclaim age=44 min > max 10 min — skipped
2026-08-31T10:38:34 | INFO     | session_runner | [bridge:UBER] rsi_trend ready: sufficient bars
2026-08-31T10:38:34 | INFO     | session_runner | Stale signal: UBER/orb age=49 min > max 10 min — skipped
2026-08-31T10:39:04 | INFO     | session_runner | [cycle 131] 10:39:04 ET | positions=0 | entries=0
2026-08-31T10:39:05 | INFO     | session_runner | Periodic universe re-scan …
2026-08-31T10:39:05 | INFO     | app.scanning.universe_loader | UniverseLoader: loaded 5 groups (13 flat symbols) from config/ticker_universe.yaml (blacklist=0)
2026-08-31T10:39:05 | INFO     | app.scanning.universe_loader | UniverseLoader: 38 symbols from 4 group(s) (blacklist=0)
2026-08-31T10:39:05 | INFO     | session_runner | Universe scan: 38 symbols from 4 group(s) | max_active=6
2026-08-31T10:39:06 | WARNING  | app.scanning.yfinance_scanner | AlpacaScanner: no daily data for 1/38 symbols: ['SQ']
2026-08-31T10:39:07 | WARNING  | app.scanning.yfinance_scanner | YFinanceScanner: failed for SQ: No daily data returned for SQ
2026-08-31T10:39:08 | INFO     | session_runner | Scan: 18 passed, 20 rejected
2026-08-31T10:39:08 | INFO     | session_runner |   TSLA    score=87.0  signal=LONG     reasons: rvol=2.97x (high), atr=3.58% (wide-range), orb_breakout
2026-08-31T10:39:08 | INFO     | session_runner |   NVDA    score=75.0  signal=LONG     reasons: rvol=1.09x (normal), atr=3.55% (wide-range), orb_breakout
2026-08-31T10:39:08 | INFO     | session_runner |   AAPL    score=72.0  signal=SHORT    reasons: rvol=1.20x (normal), atr=2.11% (wide-range), orb_breakdown
2026-08-31T10:39:08 | INFO     | session_runner |   IWM     score=70.0  signal=SHORT    reasons: rvol=1.92x (elevated), atr=1.01% (good range), orb_breakdown
2026-08-31T10:39:08 | INFO     | session_runner |   META    score=70.0  signal=SHORT    reasons: atr=3.08% (wide-range), orb_breakdown, trend_down
2026-08-31T10:39:08 | INFO     | app.strategies.liquidity_filter | LiquidityFilter: no qualifying contracts for GOOGL SignalDirection.SHORT | total_candidates=49
2026-08-31T10:39:08 | INFO     | app.scanning.alpaca_confirmer | AlpacaConfirmer: no liquid contract for GOOGL (signal=SHORT)
2026-08-31T10:39:08 | INFO     | app.strategies.liquidity_filter | LiquidityFilter: no qualifying contracts for UBER SignalDirection.SHORT | total_candidates=41
2026-08-31T10:39:08 | INFO     | app.scanning.alpaca_confirmer | AlpacaConfirmer: no liquid contract for UBER (signal=SHORT)
2026-08-31T10:39:08 | INFO     | app.strategies.liquidity_filter | LiquidityFilter: no qualifying contracts for LYFT SignalDirection.SHORT | total_candidates=35
2026-08-31T10:39:08 | INFO     | app.scanning.alpaca_confirmer | AlpacaConfirmer: no liquid contract for LYFT (signal=SHORT)
2026-08-31T10:39:08 | INFO     | app.strategies.liquidity_filter | LiquidityFilter: no qualifying contracts for NVDA SignalDirection.LONG | total_candidates=65
2026-08-31T10:39:08 | INFO     | app.scanning.alpaca_confirmer | AlpacaConfirmer: liquidity_rejected_cost_cap | symbol=NVDA | option_symbol=NVDA260902C00205000 | ask=15.22 | ask_x_100=1522 | max_contract_cost=985
2026-08-31T10:39:08 | INFO     | app.scanning.alpaca_confirmer | AlpacaConfirmer: no liquid contract for NVDA (signal=LONG)
2026-08-31T10:39:08 | INFO     | app.strategies.liquidity_filter | LiquidityFilter: no qualifying contracts for AAPL SignalDirection.SHORT | total_candidates=56
2026-08-31T10:39:08 | INFO     | app.scanning.alpaca_confirmer | AlpacaConfirmer: no liquid contract for AAPL (signal=SHORT)
2026-08-31T10:39:08 | INFO     | app.strategies.liquidity_filter | LiquidityFilter: no qualifying contracts for SOFI SignalDirection.LONG | total_candidates=31
2026-08-31T10:39:08 | INFO     | app.scanning.alpaca_confirmer | AlpacaConfirmer: no liquid contract for SOFI (signal=LONG)
2026-08-31T10:39:08 | INFO     | app.strategies.liquidity_filter | LiquidityFilter: selected IWM260902P00292000 | delta=-0.356 | spread_pct=0.022 | OI=148 | vol=186
2026-08-31T10:39:08 | INFO     | app.scanning.alpaca_confirmer | AlpacaConfirmer: confirmed IWM | IWM260902P00292000 | exp=2026-09-02 | spread=2.22% | OI=148 | vol=186
2026-08-31T10:39:08 | INFO     | app.strategies.liquidity_filter | LiquidityFilter: no qualifying contracts for AMZN SignalDirection.SHORT | total_candidates=53
2026-08-31T10:39:08 | INFO     | app.scanning.alpaca_confirmer | AlpacaConfirmer: no liquid contract for AMZN (signal=SHORT)
2026-08-31T10:39:08 | INFO     | app.strategies.liquidity_filter | LiquidityFilter: selected HOOD260904C00104000 | delta=0.390 | spread_pct=0.060 | OI=644 | vol=289
2026-08-31T10:39:08 | INFO     | app.scanning.alpaca_confirmer | AlpacaConfirmer: confirmed HOOD | HOOD260904C00104000 | exp=2026-09-04 | spread=6.03% | OI=644 | vol=289
2026-08-31T10:39:08 | INFO     | app.strategies.liquidity_filter | LiquidityFilter: no qualifying contracts for AMD SignalDirection.SHORT | total_candidates=141
2026-08-31T10:39:08 | INFO     | app.scanning.alpaca_confirmer | AlpacaConfirmer: no liquid contract for AMD (signal=SHORT)
2026-08-31T10:39:08 | INFO     | app.strategies.liquidity_filter | LiquidityFilter: no qualifying contracts for META SignalDirection.SHORT | total_candidates=134
2026-08-31T10:39:08 | INFO     | app.scanning.alpaca_confirmer | AlpacaConfirmer: no liquid contract for META (signal=SHORT)
2026-08-31T10:39:08 | INFO     | app.strategies.liquidity_filter | LiquidityFilter: selected TSLA260902C00367500 | delta=0.418 | spread_pct=0.012 | OI=319 | vol=2698
2026-08-31T10:39:08 | INFO     | app.scanning.alpaca_confirmer | AlpacaConfirmer: confirmed TSLA | TSLA260902C00367500 | exp=2026-09-02 | spread=1.19% | OI=319 | vol=2698
2026-08-31T10:39:08 | INFO     | session_runner | AlpacaConfirmer: 3 confirmed symbols: ['TSLA', 'IWM', 'HOOD']
2026-08-31T10:39:08 | INFO     | session_runner | Re-scan updated active symbols: ['TSLA', 'IWM', 'HOOD']
2026-08-31T10:39:08 | INFO     | session_runner | Broad-market regime | SPY=short
2026-08-31T10:39:08 | INFO     | session_runner | [bridge:TSLA] rsi_trend ready: sufficient bars
2026-08-31T10:39:08 | INFO     | session_runner | Stale signal: TSLA/orb age=44 min > max 10 min — skipped
2026-08-31T10:39:08 | INFO     | session_runner | [bridge:IWM] rsi_trend ready: sufficient bars
2026-08-31T10:39:08 | INFO     | session_runner | Stale signal: IWM/orb age=49 min > max 10 min — skipped
2026-08-31T10:39:09 | INFO     | session_runner | [bridge:HOOD] rsi_trend ready: sufficient bars
2026-08-31T10:39:09 | INFO     | session_runner | Stale signal: HOOD/orb age=44 min > max 10 min — skipped
2026-08-31T10:39:39 | INFO     | session_runner | [cycle 132] 10:39:39 ET | positions=0 | entries=0
2026-08-31T10:39:39 | INFO     | session_runner | [bridge:TSLA] rsi_trend ready: sufficient bars
2026-08-31T10:39:39 | INFO     | session_runner | Stale signal: TSLA/orb age=45 min > max 10 min — skipped
2026-08-31T10:39:40 | INFO     | session_runner | [bridge:IWM] rsi_trend ready: sufficient bars
2026-08-31T10:39:40 | INFO     | session_runner | Stale signal: IWM/orb age=50 min > max 10 min — skipped
2026-08-31T10:39:40 | INFO     | session_runner | [bridge:HOOD] rsi_trend ready: sufficient bars
2026-08-31T10:39:40 | INFO     | session_runner | Stale signal: HOOD/orb age=45 min > max 10 min — skipped
2026-08-31T10:40:10 | INFO     | session_runner | [cycle 133] 10:40:10 ET | positions=0 | entries=0
2026-08-31T10:40:10 | INFO     | app.evaluation.shadow_book | ShadowBook: closed orb TSLA260902C00365000 @ 4.5100 → +68.00 (trailing_stop, fill-validated)
2026-08-31T10:40:10 | INFO     | app.evaluation.shadow_book | ShadowBook: closed orb TSLA260902C00365000 @ 4.5100 → +84.50 (trailing_stop, fill-validated)
2026-08-31T10:40:11 | INFO     | session_runner | [bridge:TSLA] rsi_trend ready: sufficient bars
2026-08-31T10:40:11 | INFO     | session_runner | Stale signal: TSLA/orb age=45 min > max 10 min — skipped
2026-08-31T10:40:11 | INFO     | session_runner | [bridge:IWM] rsi_trend ready: sufficient bars
2026-08-31T10:40:11 | INFO     | session_runner | Stale signal: IWM/orb age=50 min > max 10 min — skipped
2026-08-31T10:40:11 | INFO     | session_runner | [bridge:HOOD] rsi_trend ready: sufficient bars
2026-08-31T10:40:11 | INFO     | session_runner | Stale signal: HOOD/orb age=45 min > max 10 min — skipped
2026-08-31T10:40:41 | INFO     | session_runner | [cycle 134] 10:40:41 ET | positions=0 | entries=0
2026-08-31T10:40:42 | INFO     | app.evaluation.shadow_book | ShadowBook: closed vwap_reclaim QQQ260902P00713000 @ 2.7000 → -2.00 (trailing_stop, fill-validated)
2026-08-31T10:40:42 | INFO     | session_runner | [bridge:TSLA] rsi_trend ready: sufficient bars
2026-08-31T10:40:42 | INFO     | session_runner | Stale signal: TSLA/orb age=46 min > max 10 min — skipped
2026-08-31T10:40:42 | INFO     | session_runner | [bridge:IWM] rsi_trend ready: sufficient bars
2026-08-31T10:40:42 | INFO     | session_runner | Stale signal: IWM/orb age=51 min > max 10 min — skipped
2026-08-31T10:40:42 | INFO     | session_runner | [bridge:HOOD] rsi_trend ready: sufficient bars
2026-08-31T10:40:42 | INFO     | session_runner | Stale signal: HOOD/orb age=46 min > max 10 min — skipped
2026-08-31T10:41:12 | INFO     | session_runner | [cycle 135] 10:41:12 ET | positions=0 | entries=0
2026-08-31T10:41:13 | INFO     | session_runner | [bridge:TSLA] rsi_trend ready: sufficient bars
2026-08-31T10:41:13 | INFO     | session_runner | Stale signal: TSLA/orb age=46 min > max 10 min — skipped
2026-08-31T10:41:13 | INFO     | session_runner | [bridge:IWM] rsi_trend ready: sufficient bars
2026-08-31T10:41:13 | INFO     | session_runner | Stale signal: IWM/orb age=51 min > max 10 min — skipped
2026-08-31T10:41:13 | INFO     | session_runner | [bridge:HOOD] rsi_trend ready: sufficient bars
2026-08-31T10:41:13 | INFO     | session_runner | Stale signal: HOOD/orb age=46 min > max 10 min — skipped
2026-08-31T10:41:43 | INFO     | session_runner | [cycle 136] 10:41:43 ET | positions=0 | entries=0
2026-08-31T10:41:43 | INFO     | app.trading.reconciler | Reconciliation done: broker_pos=0 local_pos=0 broker_orders=0 local_pending=0 repaired=0 flagged=0 orders_confirmed=True positions_confirmed=True
2026-08-31T10:41:44 | INFO     | session_runner | [bridge:TSLA] rsi_trend ready: sufficient bars
2026-08-31T10:41:44 | INFO     | session_runner | Stale signal: TSLA/orb age=47 min > max 10 min — skipped
2026-08-31T10:41:44 | INFO     | session_runner | [bridge:IWM] rsi_trend ready: sufficient bars
2026-08-31T10:41:44 | INFO     | session_runner | Stale signal: IWM/orb age=52 min > max 10 min — skipped
2026-08-31T10:41:44 | INFO     | session_runner | [bridge:HOOD] rsi_trend ready: sufficient bars
2026-08-31T10:41:44 | INFO     | session_runner | Stale signal: HOOD/orb age=47 min > max 10 min — skipped
2026-08-31T10:42:14 | INFO     | session_runner | [cycle 137] 10:42:14 ET | positions=0 | entries=0
2026-08-31T10:42:15 | INFO     | session_runner | [bridge:TSLA] rsi_trend ready: sufficient bars
2026-08-31T10:42:15 | INFO     | session_runner | Stale signal: TSLA/orb age=47 min > max 10 min — skipped
2026-08-31T10:42:15 | INFO     | session_runner | [bridge:IWM] rsi_trend ready: sufficient bars
2026-08-31T10:42:15 | INFO     | session_runner | Stale signal: IWM/orb age=52 min > max 10 min — skipped
2026-08-31T10:42:15 | INFO     | session_runner | [bridge:HOOD] rsi_trend ready: sufficient bars
2026-08-31T10:42:15 | INFO     | session_runner | Stale signal: HOOD/orb age=47 min > max 10 min — skipped
2026-08-31T10:42:45 | INFO     | session_runner | [cycle 138] 10:42:45 ET | positions=0 | entries=0
2026-08-31T10:42:46 | INFO     | app.evaluation.shadow_book | ShadowBook: closed orb HOOD260904P00100000 @ 1.6000 → -50.00 (trailing_stop, fill-validated)
2026-08-31T10:42:46 | INFO     | app.evaluation.shadow_book | ShadowBook: closed orb HOOD260904P00100000 @ 1.6000 → -50.00 (trailing_stop, fill-validated)
2026-08-31T10:42:46 | INFO     | app.evaluation.shadow_book | ShadowBook: closed orb HOOD260904P00100000 @ 1.6000 → -50.00 (trailing_stop, fill-validated)
2026-08-31T10:42:46 | INFO     | session_runner | [bridge:TSLA] rsi_trend ready: sufficient bars
2026-08-31T10:42:46 | INFO     | session_runner | Stale signal: TSLA/orb age=48 min > max 10 min — skipped
2026-08-31T10:42:46 | INFO     | session_runner | [bridge:IWM] rsi_trend ready: sufficient bars
2026-08-31T10:42:46 | INFO     | session_runner | Stale signal: IWM/orb age=53 min > max 10 min — skipped
2026-08-31T10:42:46 | INFO     | session_runner | [bridge:HOOD] rsi_trend ready: sufficient bars
2026-08-31T10:42:46 | INFO     | session_runner | Stale signal: HOOD/orb age=48 min > max 10 min — skipped
2026-08-31T10:43:16 | INFO     | session_runner | [cycle 139] 10:43:16 ET | positions=0 | entries=0
2026-08-31T10:43:17 | INFO     | session_runner | [bridge:TSLA] rsi_trend ready: sufficient bars
2026-08-31T10:43:17 | INFO     | session_runner | Stale signal: TSLA/orb age=48 min > max 10 min — skipped
2026-08-31T10:43:17 | INFO     | session_runner | [bridge:IWM] rsi_trend ready: sufficient bars
2026-08-31T10:43:17 | INFO     | session_runner | Stale signal: IWM/orb age=53 min > max 10 min — skipped
2026-08-31T10:43:17 | INFO     | session_runner | [bridge:HOOD] rsi_trend ready: sufficient bars
2026-08-31T10:43:17 | INFO     | session_runner | Stale signal: HOOD/orb age=48 min > max 10 min — skipped
2026-08-31T10:43:47 | INFO     | session_runner | [cycle 140] 10:43:47 ET | positions=0 | entries=0
2026-08-31T10:43:48 | INFO     | session_runner | [bridge:TSLA] rsi_trend ready: sufficient bars
2026-08-31T10:43:48 | INFO     | session_runner | Stale signal: TSLA/orb age=49 min > max 10 min — skipped
2026-08-31T10:43:48 | INFO     | session_runner | [bridge:IWM] rsi_trend ready: sufficient bars
2026-08-31T10:43:48 | INFO     | session_runner | Stale signal: IWM/orb age=54 min > max 10 min — skipped
2026-08-31T10:43:48 | INFO     | session_runner | [bridge:HOOD] rsi_trend ready: sufficient bars
2026-08-31T10:43:48 | INFO     | session_runner | Stale signal: HOOD/orb age=49 min > max 10 min — skipped
2026-08-31T10:44:18 | INFO     | session_runner | [cycle 141] 10:44:18 ET | positions=0 | entries=0
2026-08-31T10:44:18 | INFO     | app.evaluation.shadow_book | ShadowBook: closed orb UBER260904P00075000 @ 0.8100 → -10.00 (trailing_stop, fill-validated)
2026-08-31T10:44:18 | INFO     | app.evaluation.shadow_book | ShadowBook: closed orb UBER260904P00075000 @ 0.8100 → -10.00 (trailing_stop, fill-validated)
2026-08-31T10:44:18 | INFO     | app.evaluation.shadow_book | ShadowBook: closed orb UBER260904P00075000 @ 0.8100 → -10.00 (trailing_stop, fill-validated)
2026-08-31T10:44:18 | INFO     | session_runner | Periodic universe re-scan …
2026-08-31T10:44:18 | INFO     | app.scanning.universe_loader | UniverseLoader: loaded 5 groups (13 flat symbols) from config/ticker_universe.yaml (blacklist=0)
2026-08-31T10:44:19 | INFO     | app.scanning.universe_loader | UniverseLoader: 38 symbols from 4 group(s) (blacklist=0)
2026-08-31T10:44:19 | INFO     | session_runner | Universe scan: 38 symbols from 4 group(s) | max_active=6
2026-08-31T10:44:19 | WARNING  | app.scanning.yfinance_scanner | AlpacaScanner: no daily data for 1/38 symbols: ['SQ']
2026-08-31T10:44:20 | WARNING  | app.scanning.yfinance_scanner | YFinanceScanner: failed for SQ: No daily data returned for SQ
2026-08-31T10:44:21 | INFO     | session_runner | Scan: 16 passed, 22 rejected
2026-08-31T10:44:21 | INFO     | session_runner |   TSLA    score=82.0  signal=LONG     reasons: rvol=2.91x (high), atr=3.57% (wide-range), orb_breakout
2026-08-31T10:44:21 | INFO     | session_runner |   NVDA    score=75.0  signal=LONG     reasons: rvol=1.06x (normal), atr=3.55% (wide-range), orb_breakout
2026-08-31T10:44:21 | INFO     | session_runner |   AAPL    score=72.0  signal=SHORT    reasons: rvol=1.16x (normal), atr=2.11% (wide-range), orb_breakdown
2026-08-31T10:44:21 | INFO     | session_runner |   GOOGL   score=70.0  signal=SHORT    reasons: atr=2.18% (wide-range), orb_breakdown, trend_down
2026-08-31T10:44:21 | INFO     | session_runner |   MSTR    score=70.0  signal=LONG     reasons: rvol=1.05x (normal), atr=6.37% (wide-range), orb_breakout
2026-08-31T10:44:21 | INFO     | app.strategies.liquidity_filter | LiquidityFilter: no qualifying contracts for XLE SignalDirection.SHORT | total_candidates=31
2026-08-31T10:44:21 | INFO     | app.scanning.alpaca_confirmer | AlpacaConfirmer: no liquid contract for XLE (signal=SHORT)
2026-08-31T10:44:21 | INFO     | app.strategies.liquidity_filter | LiquidityFilter: no qualifying contracts for AMZN SignalDirection.SHORT | total_candidates=53
2026-08-31T10:44:21 | INFO     | app.scanning.alpaca_confirmer | AlpacaConfirmer: no liquid contract for AMZN (signal=SHORT)
2026-08-31T10:44:21 | INFO     | app.strategies.liquidity_filter | LiquidityFilter: no qualifying contracts for LYFT SignalDirection.SHORT | total_candidates=35
2026-08-31T10:44:21 | INFO     | app.scanning.alpaca_confirmer | AlpacaConfirmer: no liquid contract for LYFT (signal=SHORT)
2026-08-31T10:44:21 | INFO     | app.strategies.liquidity_filter | LiquidityFilter: selected HOOD260904C00105000 | delta=0.364 | spread_pct=0.012 | OI=1874 | vol=1512
2026-08-31T10:44:21 | INFO     | app.scanning.alpaca_confirmer | AlpacaConfirmer: confirmed HOOD | HOOD260904C00105000 | exp=2026-09-04 | spread=1.18% | OI=1874 | vol=1512
2026-08-31T10:44:21 | INFO     | app.strategies.liquidity_filter | LiquidityFilter: no qualifying contracts for GOOGL SignalDirection.SHORT | total_candidates=49
2026-08-31T10:44:21 | INFO     | app.scanning.alpaca_confirmer | AlpacaConfirmer: no liquid contract for GOOGL (signal=SHORT)
2026-08-31T10:44:21 | INFO     | app.strategies.liquidity_filter | LiquidityFilter: no qualifying contracts for AAPL SignalDirection.SHORT | total_candidates=56
2026-08-31T10:44:21 | INFO     | app.scanning.alpaca_confirmer | AlpacaConfirmer: no liquid contract for AAPL (signal=SHORT)
2026-08-31T10:44:21 | INFO     | app.strategies.liquidity_filter | LiquidityFilter: selected UBER260904P00075000 | delta=-0.387 | spread_pct=0.046 | OI=1590 | vol=3154
2026-08-31T10:44:21 | INFO     | app.scanning.alpaca_confirmer | AlpacaConfirmer: confirmed UBER | UBER260904P00075000 | exp=2026-09-04 | spread=4.60% | OI=1590 | vol=3154
2026-08-31T10:44:21 | INFO     | app.strategies.liquidity_filter | LiquidityFilter: selected MSTR260904C00132000 | delta=0.411 | spread_pct=0.025 | OI=586 | vol=145
2026-08-31T10:44:21 | INFO     | app.scanning.alpaca_confirmer | AlpacaConfirmer: confirmed MSTR | MSTR260904C00132000 | exp=2026-09-04 | spread=2.45% | OI=586 | vol=145
2026-08-31T10:44:21 | INFO     | app.strategies.liquidity_filter | LiquidityFilter: no qualifying contracts for IWM SignalDirection.SHORT | total_candidates=85
2026-08-31T10:44:21 | INFO     | app.scanning.alpaca_confirmer | AlpacaConfirmer: no liquid contract for IWM (signal=SHORT)
2026-08-31T10:44:21 | INFO     | app.strategies.liquidity_filter | LiquidityFilter: selected NVDA260902C00222500 | delta=0.350 | spread_pct=0.014 | OI=1217 | vol=10235
2026-08-31T10:44:21 | INFO     | app.scanning.alpaca_confirmer | AlpacaConfirmer: confirmed NVDA | NVDA260902C00222500 | exp=2026-09-02 | spread=1.42% | OI=1217 | vol=10235
2026-08-31T10:44:21 | INFO     | app.strategies.liquidity_filter | LiquidityFilter: no qualifying contracts for META SignalDirection.SHORT | total_candidates=134
2026-08-31T10:44:21 | INFO     | app.scanning.alpaca_confirmer | AlpacaConfirmer: no liquid contract for META (signal=SHORT)
2026-08-31T10:44:21 | INFO     | app.strategies.liquidity_filter | LiquidityFilter: selected TSLA260902C00370000 | delta=0.378 | spread_pct=0.016 | OI=1572 | vol=7878
2026-08-31T10:44:21 | INFO     | app.scanning.alpaca_confirmer | AlpacaConfirmer: confirmed TSLA | TSLA260902C00370000 | exp=2026-09-02 | spread=1.64% | OI=1572 | vol=7878
2026-08-31T10:44:21 | INFO     | session_runner | AlpacaConfirmer: 5 confirmed symbols: ['TSLA', 'NVDA', 'MSTR', 'UBER', 'HOOD']
2026-08-31T10:44:21 | INFO     | session_runner | Re-scan updated active symbols: ['TSLA', 'NVDA', 'MSTR', 'UBER', 'HOOD']
2026-08-31T10:44:21 | INFO     | session_runner | Broad-market regime | SPY=short
2026-08-31T10:44:21 | INFO     | session_runner | [bridge:TSLA] rsi_trend ready: sufficient bars
2026-08-31T10:44:21 | INFO     | session_runner | Stale signal: TSLA/orb age=49 min > max 10 min — skipped
2026-08-31T10:44:22 | INFO     | session_runner | [bridge:NVDA] rsi_trend ready: sufficient bars
2026-08-31T10:44:22 | INFO     | session_runner | [bridge:MSTR] rsi_trend ready: sufficient bars
2026-08-31T10:44:22 | INFO     | session_runner | [bridge:UBER] rsi_trend ready: sufficient bars
2026-08-31T10:44:22 | INFO     | session_runner | Stale signal: UBER/orb age=54 min > max 10 min — skipped
2026-08-31T10:44:22 | INFO     | session_runner | [bridge:HOOD] rsi_trend ready: sufficient bars
2026-08-31T10:44:22 | INFO     | session_runner | Stale signal: HOOD/orb age=49 min > max 10 min — skipped
2026-08-31T10:44:52 | INFO     | session_runner | [cycle 142] 10:44:52 ET | positions=0 | entries=0
2026-08-31T10:44:52 | INFO     | app.evaluation.shadow_book | ShadowBook: closed vwap_reclaim SOFI260904P00017500 @ 0.2100 → -8.00 (trailing_stop, fill-validated)
2026-08-31T10:44:52 | INFO     | session_runner | [bridge:TSLA] rsi_trend ready: sufficient bars
2026-08-31T10:44:52 | INFO     | session_runner | Stale signal: TSLA/orb age=50 min > max 10 min — skipped
2026-08-31T10:44:52 | INFO     | session_runner | [bridge:NVDA] rsi_trend ready: sufficient bars
2026-08-31T10:44:53 | INFO     | session_runner | [bridge:MSTR] rsi_trend ready: sufficient bars
2026-08-31T10:44:53 | INFO     | session_runner | [bridge:UBER] rsi_trend ready: sufficient bars
2026-08-31T10:44:53 | INFO     | session_runner | Stale signal: UBER/orb age=55 min > max 10 min — skipped
2026-08-31T10:44:53 | INFO     | session_runner | [bridge:HOOD] rsi_trend ready: sufficient bars
2026-08-31T10:44:53 | INFO     | session_runner | Stale signal: HOOD/orb age=50 min > max 10 min — skipped
2026-08-31T10:45:23 | INFO     | session_runner | [cycle 143] 10:45:23 ET | positions=0 | entries=0
2026-08-31T10:45:23 | INFO     | session_runner | [bridge:TSLA] rsi_trend ready: sufficient bars
2026-08-31T10:45:23 | INFO     | session_runner | Stale signal: TSLA/orb age=50 min > max 10 min — skipped
2026-08-31T10:45:24 | INFO     | session_runner | [bridge:NVDA] rsi_trend ready: sufficient bars
2026-08-31T10:45:24 | INFO     | session_runner | [bridge:MSTR] rsi_trend ready: sufficient bars
2026-08-31T10:45:24 | INFO     | session_runner | [bridge:UBER] rsi_trend ready: sufficient bars
2026-08-31T10:45:24 | INFO     | session_runner | Stale signal: UBER/orb age=55 min > max 10 min — skipped
2026-08-31T10:45:24 | INFO     | session_runner | [bridge:HOOD] rsi_trend ready: sufficient bars
2026-08-31T10:45:24 | INFO     | session_runner | Stale signal: HOOD/orb age=50 min > max 10 min — skipped
2026-08-31T10:45:54 | INFO     | session_runner | [cycle 144] 10:45:54 ET | positions=0 | entries=0
2026-08-31T10:45:55 | INFO     | session_runner | [bridge:TSLA] rsi_trend ready: sufficient bars
2026-08-31T10:45:55 | INFO     | session_runner | Stale signal: TSLA/orb age=51 min > max 10 min — skipped
2026-08-31T10:45:55 | INFO     | session_runner | [bridge:NVDA] rsi_trend ready: sufficient bars
2026-08-31T10:45:55 | INFO     | session_runner | [bridge:MSTR] rsi_trend ready: sufficient bars
2026-08-31T10:45:55 | INFO     | session_runner | [bridge:UBER] rsi_trend ready: sufficient bars
2026-08-31T10:45:55 | INFO     | session_runner | Stale signal: UBER/orb age=56 min > max 10 min — skipped
2026-08-31T10:45:55 | INFO     | session_runner | [bridge:HOOD] rsi_trend ready: sufficient bars
2026-08-31T10:45:55 | INFO     | session_runner | Stale signal: HOOD/orb age=51 min > max 10 min — skipped
2026-08-31T10:46:25 | INFO     | session_runner | [cycle 145] 10:46:25 ET | positions=0 | entries=0
2026-08-31T10:46:26 | INFO     | session_runner | [bridge:TSLA] rsi_trend ready: sufficient bars
2026-08-31T10:46:26 | INFO     | session_runner | Stale signal: TSLA/orb age=51 min > max 10 min — skipped
2026-08-31T10:46:26 | INFO     | session_runner | [bridge:NVDA] rsi_trend ready: sufficient bars
2026-08-31T10:46:26 | INFO     | session_runner | [bridge:MSTR] rsi_trend ready: sufficient bars
2026-08-31T10:46:26 | INFO     | session_runner | [bridge:UBER] rsi_trend ready: sufficient bars
2026-08-31T10:46:26 | INFO     | session_runner | Stale signal: UBER/orb age=56 min > max 10 min — skipped
2026-08-31T10:46:26 | INFO     | session_runner | [bridge:HOOD] rsi_trend ready: sufficient bars
2026-08-31T10:46:26 | INFO     | session_runner | Stale signal: HOOD/orb age=51 min > max 10 min — skipped
2026-08-31T10:46:56 | INFO     | session_runner | [cycle 146] 10:46:56 ET | positions=0 | entries=0
2026-08-31T10:46:57 | INFO     | session_runner | [bridge:TSLA] rsi_trend ready: sufficient bars
2026-08-31T10:46:57 | INFO     | session_runner | Stale signal: TSLA/orb age=52 min > max 10 min — skipped
2026-08-31T10:46:57 | INFO     | session_runner | [bridge:NVDA] rsi_trend ready: sufficient bars
2026-08-31T10:46:57 | INFO     | session_runner | [bridge:MSTR] rsi_trend ready: sufficient bars
2026-08-31T10:46:57 | INFO     | session_runner | [bridge:UBER] rsi_trend ready: sufficient bars
2026-08-31T10:46:57 | INFO     | session_runner | Stale signal: UBER/orb age=57 min > max 10 min — skipped
2026-08-31T10:46:57 | INFO     | session_runner | [bridge:HOOD] rsi_trend ready: sufficient bars
2026-08-31T10:46:57 | INFO     | session_runner | Stale signal: HOOD/orb age=52 min > max 10 min — skipped
2026-08-31T10:47:27 | INFO     | session_runner | [cycle 147] 10:47:27 ET | positions=0 | entries=0
2026-08-31T10:47:28 | INFO     | session_runner | [bridge:TSLA] rsi_trend ready: sufficient bars
2026-08-31T10:47:28 | INFO     | session_runner | Stale signal: TSLA/orb age=52 min > max 10 min — skipped
2026-08-31T10:47:28 | INFO     | session_runner | [bridge:NVDA] rsi_trend ready: sufficient bars
2026-08-31T10:47:28 | INFO     | session_runner | [bridge:MSTR] rsi_trend ready: sufficient bars
2026-08-31T10:47:28 | INFO     | session_runner | [bridge:UBER] rsi_trend ready: sufficient bars
2026-08-31T10:47:28 | INFO     | session_runner | Stale signal: UBER/orb age=57 min > max 10 min — skipped
2026-08-31T10:47:29 | INFO     | session_runner | [bridge:HOOD] rsi_trend ready: sufficient bars
2026-08-31T10:47:29 | INFO     | session_runner | Stale signal: HOOD/orb age=52 min > max 10 min — skipped
2026-08-31T10:47:59 | INFO     | session_runner | [cycle 148] 10:47:59 ET | positions=0 | entries=0
2026-08-31T10:47:59 | INFO     | session_runner | [bridge:TSLA] rsi_trend ready: sufficient bars
2026-08-31T10:47:59 | INFO     | session_runner | Stale signal: TSLA/orb age=53 min > max 10 min — skipped
2026-08-31T10:47:59 | INFO     | session_runner | [bridge:NVDA] rsi_trend ready: sufficient bars
2026-08-31T10:47:59 | INFO     | session_runner | [bridge:MSTR] rsi_trend ready: sufficient bars
2026-08-31T10:47:59 | INFO     | session_runner | [bridge:UBER] rsi_trend ready: sufficient bars
2026-08-31T10:47:59 | INFO     | session_runner | Stale signal: UBER/orb age=58 min > max 10 min — skipped
2026-08-31T10:48:00 | INFO     | session_runner | [bridge:HOOD] rsi_trend ready: sufficient bars
2026-08-31T10:48:00 | INFO     | session_runner | Stale signal: HOOD/orb age=53 min > max 10 min — skipped
2026-08-31T10:48:30 | INFO     | session_runner | [cycle 149] 10:48:30 ET | positions=0 | entries=0
2026-08-31T10:48:30 | INFO     | session_runner | [bridge:TSLA] rsi_trend ready: sufficient bars
2026-08-31T10:48:30 | INFO     | session_runner | Stale signal: TSLA/orb age=54 min > max 10 min — skipped
2026-08-31T10:48:30 | INFO     | session_runner | [bridge:NVDA] rsi_trend ready: sufficient bars
2026-08-31T10:48:30 | INFO     | session_runner | [bridge:MSTR] rsi_trend ready: sufficient bars
2026-08-31T10:48:30 | INFO     | session_runner | [bridge:UBER] rsi_trend ready: sufficient bars
2026-08-31T10:48:30 | INFO     | session_runner | Stale signal: UBER/orb age=59 min > max 10 min — skipped
2026-08-31T10:48:31 | INFO     | session_runner | [bridge:HOOD] rsi_trend ready: sufficient bars
2026-08-31T10:48:31 | INFO     | session_runner | Stale signal: HOOD/orb age=54 min > max 10 min — skipped
2026-08-31T10:49:01 | INFO     | session_runner | [cycle 150] 10:49:01 ET | positions=0 | entries=0
2026-08-31T10:49:01 | INFO     | session_runner | [bridge:TSLA] rsi_trend ready: sufficient bars
2026-08-31T10:49:01 | INFO     | session_runner | Stale signal: TSLA/orb age=54 min > max 10 min — skipped
2026-08-31T10:49:01 | INFO     | session_runner | [bridge:NVDA] rsi_trend ready: sufficient bars
2026-08-31T10:49:01 | INFO     | session_runner | [bridge:MSTR] rsi_trend ready: sufficient bars
2026-08-31T10:49:01 | INFO     | session_runner | [bridge:UBER] rsi_trend ready: sufficient bars
2026-08-31T10:49:01 | INFO     | session_runner | Stale signal: UBER/orb age=59 min > max 10 min — skipped
2026-08-31T10:49:01 | INFO     | session_runner | [bridge:HOOD] rsi_trend ready: sufficient bars
2026-08-31T10:49:01 | INFO     | session_runner | Stale signal: HOOD/orb age=54 min > max 10 min — skipped
2026-08-31T10:49:32 | INFO     | session_runner | [cycle 151] 10:49:32 ET | positions=0 | entries=0
2026-08-31T10:49:32 | INFO     | session_runner | Periodic universe re-scan …
2026-08-31T10:49:32 | INFO     | app.scanning.universe_loader | UniverseLoader: loaded 5 groups (13 flat symbols) from config/ticker_universe.yaml (blacklist=0)
2026-08-31T10:49:32 | INFO     | app.scanning.universe_loader | UniverseLoader: 38 symbols from 4 group(s) (blacklist=0)
2026-08-31T10:49:32 | INFO     | session_runner | Universe scan: 38 symbols from 4 group(s) | max_active=6
2026-08-31T10:49:32 | WARNING  | app.scanning.yfinance_scanner | AlpacaScanner: no daily data for 1/38 symbols: ['SQ']
2026-08-31T10:49:34 | WARNING  | app.scanning.yfinance_scanner | YFinanceScanner: failed for SQ: No daily data returned for SQ
2026-08-31T10:49:34 | INFO     | session_runner | Scan: 18 passed, 20 rejected
2026-08-31T10:49:34 | INFO     | session_runner |   TSLA    score=87.0  signal=LONG     reasons: rvol=2.92x (high), atr=3.58% (wide-range), orb_breakout
2026-08-31T10:49:34 | INFO     | session_runner |   NVDA    score=75.0  signal=LONG     reasons: rvol=1.05x (normal), atr=3.55% (wide-range), orb_breakout
2026-08-31T10:49:34 | INFO     | session_runner |   AAPL    score=72.0  signal=SHORT    reasons: rvol=1.15x (normal), atr=2.10% (wide-range), orb_breakdown
2026-08-31T10:49:34 | INFO     | session_runner |   IWM     score=70.0  signal=SHORT    reasons: rvol=1.82x (elevated), atr=1.01% (good range), orb_breakdown
2026-08-31T10:49:34 | INFO     | session_runner |   META    score=70.0  signal=SHORT    reasons: atr=3.08% (wide-range), orb_breakdown, trend_down
2026-08-31T10:49:35 | INFO     | app.strategies.liquidity_filter | LiquidityFilter: no qualifying contracts for GOOGL SignalDirection.SHORT | total_candidates=49
2026-08-31T10:49:35 | INFO     | app.scanning.alpaca_confirmer | AlpacaConfirmer: no liquid contract for GOOGL (signal=SHORT)
2026-08-31T10:49:35 | INFO     | app.strategies.liquidity_filter | LiquidityFilter: selected IWM260902P00292000 | delta=-0.365 | spread_pct=0.011 | OI=148 | vol=198
2026-08-31T10:49:35 | INFO     | app.scanning.alpaca_confirmer | AlpacaConfirmer: confirmed IWM | IWM260902P00292000 | exp=2026-09-02 | spread=1.08% | OI=148 | vol=198
2026-08-31T10:49:35 | INFO     | app.strategies.liquidity_filter | LiquidityFilter: no qualifying contracts for LYFT SignalDirection.SHORT | total_candidates=35
2026-08-31T10:49:35 | INFO     | app.scanning.alpaca_confirmer | AlpacaConfirmer: no liquid contract for LYFT (signal=SHORT)
2026-08-31T10:49:35 | INFO     | app.strategies.liquidity_filter | LiquidityFilter: no qualifying contracts for UBER SignalDirection.SHORT | total_candidates=41
2026-08-31T10:49:35 | INFO     | app.scanning.alpaca_confirmer | AlpacaConfirmer: no liquid contract for UBER (signal=SHORT)
2026-08-31T10:49:35 | INFO     | app.strategies.liquidity_filter | LiquidityFilter: no qualifying contracts for AMZN SignalDirection.SHORT | total_candidates=53
2026-08-31T10:49:35 | INFO     | app.scanning.alpaca_confirmer | AlpacaConfirmer: no liquid contract for AMZN (signal=SHORT)
2026-08-31T10:49:35 | INFO     | app.strategies.liquidity_filter | LiquidityFilter: selected HOOD260904C00104000 | delta=0.416 | spread_pct=0.058 | OI=644 | vol=294
2026-08-31T10:49:35 | INFO     | app.scanning.alpaca_confirmer | AlpacaConfirmer: confirmed HOOD | HOOD260904C00104000 | exp=2026-09-04 | spread=5.83% | OI=644 | vol=294
2026-08-31T10:49:35 | INFO     | app.strategies.liquidity_filter | LiquidityFilter: no qualifying contracts for XLE SignalDirection.SHORT | total_candidates=31
2026-08-31T10:49:35 | INFO     | app.scanning.alpaca_confirmer | AlpacaConfirmer: no liquid contract for XLE (signal=SHORT)
2026-08-31T10:49:35 | INFO     | app.strategies.liquidity_filter | LiquidityFilter: no qualifying contracts for AAPL SignalDirection.SHORT | total_candidates=56
2026-08-31T10:49:35 | INFO     | app.scanning.alpaca_confirmer | AlpacaConfirmer: no liquid contract for AAPL (signal=SHORT)
2026-08-31T10:49:35 | INFO     | app.strategies.liquidity_filter | LiquidityFilter: no qualifying contracts for AMD SignalDirection.SHORT | total_candidates=141
2026-08-31T10:49:35 | INFO     | app.scanning.alpaca_confirmer | AlpacaConfirmer: no liquid contract for AMD (signal=SHORT)
2026-08-31T10:49:35 | INFO     | app.strategies.liquidity_filter | LiquidityFilter: no qualifying contracts for NVDA SignalDirection.LONG | total_candidates=65
2026-08-31T10:49:35 | INFO     | app.scanning.alpaca_confirmer | AlpacaConfirmer: liquidity_rejected_cost_cap | symbol=NVDA | option_symbol=NVDA260902C00205000 | ask=15.34 | ask_x_100=1534 | max_contract_cost=985
2026-08-31T10:49:35 | INFO     | app.scanning.alpaca_confirmer | AlpacaConfirmer: liquidity_rejected_cost_cap | symbol=NVDA | option_symbol=NVDA260902C00210000 | ask=10.02 | ask_x_100=1002 | max_contract_cost=985
2026-08-31T10:49:35 | INFO     | app.scanning.alpaca_confirmer | AlpacaConfirmer: no liquid contract for NVDA (signal=LONG)
2026-08-31T10:49:35 | INFO     | app.strategies.liquidity_filter | LiquidityFilter: no qualifying contracts for META SignalDirection.SHORT | total_candidates=134
2026-08-31T10:49:35 | INFO     | app.scanning.alpaca_confirmer | AlpacaConfirmer: no liquid contract for META (signal=SHORT)
2026-08-31T10:49:35 | INFO     | app.strategies.liquidity_filter | LiquidityFilter: selected TSLA260902C00367500 | delta=0.413 | spread_pct=0.015 | OI=319 | vol=3079
2026-08-31T10:49:35 | INFO     | app.scanning.alpaca_confirmer | AlpacaConfirmer: confirmed TSLA | TSLA260902C00367500 | exp=2026-09-02 | spread=1.50% | OI=319 | vol=3079
2026-08-31T10:49:35 | INFO     | session_runner | AlpacaConfirmer: 3 confirmed symbols: ['TSLA', 'IWM', 'HOOD']
2026-08-31T10:49:35 | INFO     | session_runner | Re-scan updated active symbols: ['TSLA', 'IWM', 'HOOD']
2026-08-31T10:49:35 | INFO     | session_runner | Broad-market regime | SPY=short
2026-08-31T10:49:35 | INFO     | session_runner | [bridge:TSLA] rsi_trend ready: sufficient bars
2026-08-31T10:49:35 | INFO     | session_runner | Stale signal: TSLA/orb age=55 min > max 10 min — skipped
2026-08-31T10:49:35 | INFO     | session_runner | [bridge:IWM] rsi_trend ready: sufficient bars
2026-08-31T10:49:35 | INFO     | session_runner | Stale signal: IWM/orb age=60 min > max 10 min — skipped
2026-08-31T10:49:36 | INFO     | session_runner | [bridge:HOOD] rsi_trend ready: sufficient bars
2026-08-31T10:49:36 | INFO     | session_runner | Stale signal: HOOD/orb age=55 min > max 10 min — skipped
2026-08-31T10:50:06 | INFO     | session_runner | [cycle 152] 10:50:06 ET | positions=0 | entries=0
2026-08-31T10:50:07 | INFO     | session_runner | [bridge:TSLA] rsi_trend ready: sufficient bars
2026-08-31T10:50:07 | INFO     | session_runner | Stale signal: TSLA/orb age=55 min > max 10 min — skipped
2026-08-31T10:50:07 | INFO     | session_runner | [bridge:IWM] rsi_trend ready: sufficient bars
2026-08-31T10:50:07 | INFO     | session_runner | Stale signal: IWM/orb age=60 min > max 10 min — skipped
2026-08-31T10:50:07 | INFO     | session_runner | [bridge:HOOD] rsi_trend ready: sufficient bars
2026-08-31T10:50:07 | INFO     | session_runner | Signal quality blocked | HOOD/vwap_reclaim score=2.0 < 3.0
2026-08-31T10:50:07 | INFO     | app.strategies.liquidity_filter | LiquidityFilter: selected HOOD260904C00104000 | delta=0.413 | spread_pct=0.040 | OI=644 | vol=294
2026-08-31T10:50:07 | INFO     | app.evaluation.shadow_book | ShadowBook: simulating vwap_reclaim/baseline HOOD260904C00104000 @ 2.0600 (blocked: signal_quality_below_min, fill-validated at entry)
2026-08-31T10:50:07 | INFO     | app.evaluation.shadow_book | ShadowBook: simulating vwap_reclaim/breakeven_25 HOOD260904C00104000 @ 2.0600 (blocked: exit_policy_counterfactual, fill-validated at entry)
2026-08-31T10:50:07 | INFO     | app.evaluation.shadow_book | ShadowBook: simulating vwap_reclaim/partial_25_breakeven HOOD260904C00104000 @ 2.0600 (blocked: exit_policy_counterfactual, fill-validated at entry)
2026-08-31T10:50:07 | INFO     | app.strategies.liquidity_filter | LiquidityFilter: selected HOOD260904P00101000 | delta=-0.418 | spread_pct=0.027 | OI=211 | vol=776
2026-08-31T10:50:07 | INFO     | app.evaluation.shadow_book | ShadowBook: simulating vwap_reclaim/inverted HOOD260904P00101000 @ 2.2200 (blocked: inverted_direction_counterfactual, fill-validated at entry)
2026-08-31T10:50:07 | INFO     | session_runner | Stale signal: HOOD/orb age=55 min > max 10 min — skipped
2026-08-31T10:50:38 | INFO     | session_runner | [cycle 153] 10:50:38 ET | positions=0 | entries=0
2026-08-31T10:50:38 | INFO     | session_runner | [bridge:TSLA] rsi_trend ready: sufficient bars
2026-08-31T10:50:38 | INFO     | session_runner | Stale signal: TSLA/orb age=56 min > max 10 min — skipped
2026-08-31T10:50:38 | INFO     | session_runner | [bridge:IWM] rsi_trend ready: sufficient bars
2026-08-31T10:50:38 | INFO     | session_runner | Stale signal: IWM/orb age=61 min > max 10 min — skipped
2026-08-31T10:50:38 | INFO     | session_runner | [bridge:HOOD] rsi_trend ready: sufficient bars
2026-08-31T10:50:38 | INFO     | session_runner | Signal quality blocked | HOOD/vwap_reclaim score=2.0 < 3.0
2026-08-31T10:50:39 | INFO     | app.strategies.liquidity_filter | LiquidityFilter: selected HOOD260904C00104000 | delta=0.415 | spread_pct=0.034 | OI=644 | vol=294
2026-08-31T10:50:39 | INFO     | session_runner | Stale signal: HOOD/orb age=56 min > max 10 min — skipped
2026-08-31T10:51:09 | INFO     | session_runner | [cycle 154] 10:51:09 ET | positions=0 | entries=0
2026-08-31T10:51:09 | INFO     | session_runner | [bridge:TSLA] rsi_trend ready: sufficient bars
2026-08-31T10:51:09 | INFO     | session_runner | Stale signal: TSLA/orb age=56 min > max 10 min — skipped
2026-08-31T10:51:09 | INFO     | session_runner | [bridge:IWM] rsi_trend ready: sufficient bars
2026-08-31T10:51:09 | INFO     | session_runner | Stale signal: IWM/orb age=61 min > max 10 min — skipped
2026-08-31T10:51:09 | INFO     | session_runner | [bridge:HOOD] rsi_trend ready: sufficient bars
2026-08-31T10:51:09 | INFO     | session_runner | Signal quality blocked | HOOD/vwap_reclaim score=2.0 < 3.0
2026-08-31T10:51:10 | INFO     | app.strategies.liquidity_filter | LiquidityFilter: selected HOOD260904C00104000 | delta=0.410 | spread_pct=0.045 | OI=644 | vol=297
2026-08-31T10:51:10 | INFO     | session_runner | Stale signal: HOOD/orb age=56 min > max 10 min — skipped
2026-08-31T10:51:40 | INFO     | session_runner | [cycle 155] 10:51:40 ET | positions=0 | entries=0
2026-08-31T10:51:40 | INFO     | session_runner | [bridge:TSLA] rsi_trend ready: sufficient bars
2026-08-31T10:51:40 | INFO     | session_runner | Stale signal: TSLA/orb age=57 min > max 10 min — skipped
2026-08-31T10:51:40 | INFO     | session_runner | [bridge:IWM] rsi_trend ready: sufficient bars
2026-08-31T10:51:40 | INFO     | session_runner | Stale signal: IWM/orb age=62 min > max 10 min — skipped
2026-08-31T10:51:40 | INFO     | session_runner | [bridge:HOOD] rsi_trend ready: sufficient bars
2026-08-31T10:51:40 | INFO     | session_runner | Signal quality blocked | HOOD/vwap_reclaim score=2.0 < 3.0
2026-08-31T10:51:41 | INFO     | app.strategies.liquidity_filter | LiquidityFilter: selected HOOD260904C00104000 | delta=0.407 | spread_pct=0.050 | OI=644 | vol=297
2026-08-31T10:51:41 | INFO     | session_runner | Stale signal: HOOD/orb age=57 min > max 10 min — skipped
2026-08-31T10:52:11 | INFO     | session_runner | [cycle 156] 10:52:11 ET | positions=0 | entries=0
2026-08-31T10:52:11 | INFO     | app.trading.reconciler | Reconciliation done: broker_pos=0 local_pos=0 broker_orders=0 local_pending=0 repaired=0 flagged=0 orders_confirmed=True positions_confirmed=True
2026-08-31T10:52:11 | INFO     | session_runner | [bridge:TSLA] rsi_trend ready: sufficient bars
2026-08-31T10:52:11 | INFO     | session_runner | Stale signal: TSLA/orb age=57 min > max 10 min — skipped
2026-08-31T10:52:11 | INFO     | session_runner | [bridge:IWM] rsi_trend ready: sufficient bars
2026-08-31T10:52:11 | INFO     | session_runner | Stale signal: IWM/orb age=62 min > max 10 min — skipped
2026-08-31T10:52:11 | INFO     | session_runner | [bridge:HOOD] rsi_trend ready: sufficient bars
2026-08-31T10:52:11 | INFO     | session_runner | Signal quality blocked | HOOD/vwap_reclaim score=2.0 < 3.0
2026-08-31T10:52:12 | INFO     | app.strategies.liquidity_filter | LiquidityFilter: selected HOOD260904C00104000 | delta=0.408 | spread_pct=0.030 | OI=644 | vol=298
2026-08-31T10:52:12 | INFO     | session_runner | Stale signal: HOOD/orb age=57 min > max 10 min — skipped
2026-08-31T10:52:42 | INFO     | session_runner | [cycle 157] 10:52:42 ET | positions=0 | entries=0
2026-08-31T10:52:42 | INFO     | session_runner | [bridge:TSLA] rsi_trend ready: sufficient bars
2026-08-31T10:52:42 | INFO     | session_runner | Stale signal: TSLA/orb age=58 min > max 10 min — skipped
2026-08-31T10:52:42 | INFO     | session_runner | [bridge:IWM] rsi_trend ready: sufficient bars
2026-08-31T10:52:42 | INFO     | session_runner | Stale signal: IWM/orb age=63 min > max 10 min — skipped
2026-08-31T10:52:42 | INFO     | session_runner | [bridge:HOOD] rsi_trend ready: sufficient bars
2026-08-31T10:52:42 | INFO     | session_runner | Signal quality blocked | HOOD/vwap_reclaim score=2.0 < 3.0
2026-08-31T10:52:43 | INFO     | app.strategies.liquidity_filter | LiquidityFilter: selected HOOD260904C00104000 | delta=0.417 | spread_pct=0.049 | OI=644 | vol=298
2026-08-31T10:52:43 | INFO     | session_runner | Stale signal: HOOD/orb age=58 min > max 10 min — skipped
2026-08-31T10:53:13 | INFO     | session_runner | [cycle 158] 10:53:13 ET | positions=0 | entries=0
2026-08-31T10:53:13 | INFO     | app.evaluation.shadow_book | ShadowBook: closed orb TSLA260902C00365000 @ 4.5200 → +69.00 (trailing_stop, fill-validated)
2026-08-31T10:53:13 | INFO     | session_runner | [bridge:TSLA] rsi_trend ready: sufficient bars
2026-08-31T10:53:13 | INFO     | session_runner | Stale signal: TSLA/orb age=58 min > max 10 min — skipped
2026-08-31T10:53:13 | INFO     | session_runner | [bridge:IWM] rsi_trend ready: sufficient bars
2026-08-31T10:53:13 | INFO     | session_runner | Stale signal: IWM/orb age=63 min > max 10 min — skipped
2026-08-31T10:53:13 | INFO     | session_runner | [bridge:HOOD] rsi_trend ready: sufficient bars
2026-08-31T10:53:13 | INFO     | session_runner | Signal quality blocked | HOOD/vwap_reclaim score=2.0 < 3.0
2026-08-31T10:53:13 | INFO     | app.strategies.liquidity_filter | LiquidityFilter: selected HOOD260904C00104000 | delta=0.423 | spread_pct=0.038 | OI=644 | vol=299
2026-08-31T10:53:13 | INFO     | session_runner | Stale signal: HOOD/orb age=58 min > max 10 min — skipped
2026-08-31T10:53:43 | INFO     | session_runner | [cycle 159] 10:53:43 ET | positions=0 | entries=0
2026-08-31T10:53:44 | INFO     | session_runner | [bridge:TSLA] rsi_trend ready: sufficient bars
2026-08-31T10:53:44 | INFO     | session_runner | Stale signal: TSLA/orb age=59 min > max 10 min — skipped
2026-08-31T10:53:44 | INFO     | session_runner | [bridge:IWM] rsi_trend ready: sufficient bars
2026-08-31T10:53:44 | INFO     | session_runner | Stale signal: IWM/orb age=64 min > max 10 min — skipped
2026-08-31T10:53:44 | INFO     | session_runner | [bridge:HOOD] rsi_trend ready: sufficient bars
2026-08-31T10:53:44 | INFO     | session_runner | Signal quality blocked | HOOD/vwap_reclaim score=2.0 < 3.0
2026-08-31T10:53:44 | INFO     | app.strategies.liquidity_filter | LiquidityFilter: selected HOOD260904C00105000 | delta=0.365 | spread_pct=0.023 | OI=1874 | vol=1817
2026-08-31T10:53:44 | INFO     | session_runner | Stale signal: HOOD/orb age=59 min > max 10 min — skipped
2026-08-31T10:54:14 | INFO     | session_runner | [cycle 160] 10:54:14 ET | positions=0 | entries=0
2026-08-31T10:54:15 | INFO     | session_runner | [bridge:TSLA] rsi_trend ready: sufficient bars
2026-08-31T10:54:15 | INFO     | session_runner | Stale signal: TSLA/orb age=59 min > max 10 min — skipped
2026-08-31T10:54:15 | INFO     | session_runner | [bridge:IWM] rsi_trend ready: sufficient bars
2026-08-31T10:54:15 | INFO     | session_runner | Stale signal: IWM/orb age=64 min > max 10 min — skipped
2026-08-31T10:54:15 | INFO     | session_runner | [bridge:HOOD] rsi_trend ready: sufficient bars
2026-08-31T10:54:15 | INFO     | session_runner | Signal quality blocked | HOOD/vwap_reclaim score=2.0 < 3.0
2026-08-31T10:54:15 | INFO     | app.strategies.liquidity_filter | LiquidityFilter: selected HOOD260904C00104000 | delta=0.417 | spread_pct=0.005 | OI=644 | vol=304
2026-08-31T10:54:15 | INFO     | session_runner | Stale signal: HOOD/orb age=59 min > max 10 min — skipped
2026-08-31T10:54:45 | INFO     | session_runner | [cycle 161] 10:54:45 ET | positions=0 | entries=0
2026-08-31T10:54:45 | INFO     | session_runner | Periodic universe re-scan …
2026-08-31T10:54:45 | INFO     | app.scanning.universe_loader | UniverseLoader: loaded 5 groups (13 flat symbols) from config/ticker_universe.yaml (blacklist=0)
2026-08-31T10:54:45 | INFO     | app.scanning.universe_loader | UniverseLoader: 38 symbols from 4 group(s) (blacklist=0)
2026-08-31T10:54:45 | INFO     | session_runner | Universe scan: 38 symbols from 4 group(s) | max_active=6
2026-08-31T10:54:46 | WARNING  | app.scanning.yfinance_scanner | AlpacaScanner: no daily data for 1/38 symbols: ['SQ']
2026-08-31T10:54:47 | WARNING  | app.scanning.yfinance_scanner | YFinanceScanner: failed for SQ: No daily data returned for SQ
2026-08-31T10:54:48 | INFO     | session_runner | Scan: 19 passed, 19 rejected
2026-08-31T10:54:48 | INFO     | session_runner |   TSLA    score=87.0  signal=LONG     reasons: rvol=2.86x (high), atr=3.60% (wide-range), orb_breakout
2026-08-31T10:54:48 | INFO     | session_runner |   NVDA    score=75.0  signal=LONG     reasons: rvol=1.04x (normal), atr=3.56% (wide-range), orb_breakout
2026-08-31T10:54:48 | INFO     | session_runner |   AAPL    score=72.0  signal=SHORT    reasons: rvol=1.10x (normal), atr=2.11% (wide-range), orb_breakdown
2026-08-31T10:54:48 | INFO     | session_runner |   IWM     score=70.0  signal=SHORT    reasons: rvol=1.77x (elevated), atr=1.01% (good range), orb_breakdown
2026-08-31T10:54:48 | INFO     | session_runner |   META    score=70.0  signal=SHORT    reasons: atr=3.09% (wide-range), orb_breakdown, trend_down
2026-08-31T10:54:48 | INFO     | app.strategies.liquidity_filter | LiquidityFilter: no qualifying contracts for AAPL SignalDirection.SHORT | total_candidates=56
2026-08-31T10:54:48 | INFO     | app.scanning.alpaca_confirmer | AlpacaConfirmer: no liquid contract for AAPL (signal=SHORT)
2026-08-31T10:54:48 | INFO     | app.strategies.liquidity_filter | LiquidityFilter: selected GOOGL260902P00335000 | delta=-0.352 | spread_pct=0.058 | OI=203 | vol=1830
2026-08-31T10:54:48 | INFO     | app.scanning.alpaca_confirmer | AlpacaConfirmer: confirmed GOOGL | GOOGL260902P00335000 | exp=2026-09-02 | spread=5.78% | OI=203 | vol=1830
2026-08-31T10:54:48 | INFO     | app.strategies.liquidity_filter | LiquidityFilter: selected UBER260904P00075000 | delta=-0.397 | spread_pct=0.067 | OI=1590 | vol=3704
2026-08-31T10:54:48 | INFO     | app.scanning.alpaca_confirmer | AlpacaConfirmer: confirmed UBER | UBER260904P00075000 | exp=2026-09-04 | spread=6.74% | OI=1590 | vol=3704
2026-08-31T10:54:48 | INFO     | app.strategies.liquidity_filter | LiquidityFilter: selected LYFT260904P00017000 | delta=-0.436 | spread_pct=0.098 | OI=333 | vol=439
2026-08-31T10:54:48 | INFO     | app.scanning.alpaca_confirmer | AlpacaConfirmer: confirmed LYFT | LYFT260904P00017000 | exp=2026-09-04 | spread=9.84% | OI=333 | vol=439
2026-08-31T10:54:48 | INFO     | app.strategies.liquidity_filter | LiquidityFilter: no qualifying contracts for XLE SignalDirection.SHORT | total_candidates=31
2026-08-31T10:54:48 | INFO     | app.scanning.alpaca_confirmer | AlpacaConfirmer: no liquid contract for XLE (signal=SHORT)
2026-08-31T10:54:48 | INFO     | app.strategies.liquidity_filter | LiquidityFilter: selected IWM260902P00292000 | delta=-0.361 | spread_pct=0.022 | OI=148 | vol=210
2026-08-31T10:54:48 | INFO     | app.scanning.alpaca_confirmer | AlpacaConfirmer: confirmed IWM | IWM260902P00292000 | exp=2026-09-02 | spread=2.20% | OI=148 | vol=210
2026-08-31T10:54:48 | INFO     | app.strategies.liquidity_filter | LiquidityFilter: no qualifying contracts for NVDA SignalDirection.LONG | total_candidates=65
2026-08-31T10:54:48 | INFO     | app.scanning.alpaca_confirmer | AlpacaConfirmer: liquidity_rejected_cost_cap | symbol=NVDA | option_symbol=NVDA260902C00205000 | ask=14.47 | ask_x_100=1447 | max_contract_cost=985
2026-08-31T10:54:48 | INFO     | app.scanning.alpaca_confirmer | AlpacaConfirmer: no liquid contract for NVDA (signal=LONG)
2026-08-31T10:54:48 | INFO     | app.strategies.liquidity_filter | LiquidityFilter: selected AMZN260902P00260000 | delta=-0.448 | spread_pct=0.015 | OI=162 | vol=3949
2026-08-31T10:54:48 | INFO     | app.scanning.alpaca_confirmer | AlpacaConfirmer: confirmed AMZN | AMZN260902P00260000 | exp=2026-09-02 | spread=1.51% | OI=162 | vol=3949
2026-08-31T10:54:48 | INFO     | app.strategies.liquidity_filter | LiquidityFilter: selected HOOD260904C00105000 | delta=0.366 | spread_pct=0.029 | OI=1874 | vol=1861
2026-08-31T10:54:48 | INFO     | app.scanning.alpaca_confirmer | AlpacaConfirmer: confirmed HOOD | HOOD260904C00105000 | exp=2026-09-04 | spread=2.88% | OI=1874 | vol=1861
2026-08-31T10:54:48 | INFO     | app.strategies.liquidity_filter | LiquidityFilter: no qualifying contracts for META SignalDirection.SHORT | total_candidates=134
2026-08-31T10:54:48 | INFO     | app.scanning.alpaca_confirmer | AlpacaConfirmer: no liquid contract for META (signal=SHORT)
2026-08-31T10:54:48 | INFO     | app.strategies.liquidity_filter | LiquidityFilter: selected TSLA260902C00367500 | delta=0.363 | spread_pct=0.031 | OI=319 | vol=3490
2026-08-31T10:54:48 | INFO     | app.scanning.alpaca_confirmer | AlpacaConfirmer: confirmed TSLA | TSLA260902C00367500 | exp=2026-09-02 | spread=3.06% | OI=319 | vol=3490
2026-08-31T10:54:48 | INFO     | app.strategies.liquidity_filter | LiquidityFilter: selected QQQ260902P00712000 | delta=-0.384 | spread_pct=0.008 | OI=524 | vol=839
2026-08-31T10:54:48 | INFO     | app.scanning.alpaca_confirmer | AlpacaConfirmer: confirmed QQQ | QQQ260902P00712000 | exp=2026-09-02 | spread=0.81% | OI=524 | vol=839
2026-08-31T10:54:48 | INFO     | session_runner | AlpacaConfirmer: 6 confirmed symbols: ['TSLA', 'IWM', 'GOOGL', 'AMZN', 'LYFT', 'UBER']
2026-08-31T10:54:48 | INFO     | session_runner | Re-scan updated active symbols: ['TSLA', 'IWM', 'GOOGL', 'AMZN', 'LYFT', 'UBER']
2026-08-31T10:54:48 | INFO     | session_runner | Broad-market regime | SPY=short
2026-08-31T10:54:48 | INFO     | session_runner | [bridge:TSLA] rsi_trend ready: sufficient bars
2026-08-31T10:54:48 | INFO     | session_runner | Stale signal: TSLA/orb age=60 min > max 10 min — skipped
2026-08-31T10:54:49 | INFO     | session_runner | [bridge:IWM] rsi_trend ready: sufficient bars
2026-08-31T10:54:49 | INFO     | session_runner | Stale signal: IWM/orb age=65 min > max 10 min — skipped
2026-08-31T10:54:49 | INFO     | session_runner | [bridge:GOOGL] rsi_trend ready: sufficient bars
2026-08-31T10:54:49 | INFO     | session_runner | Stale signal: GOOGL/vwap_reclaim age=75 min > max 10 min — skipped
2026-08-31T10:54:49 | INFO     | session_runner | [bridge:AMZN] rsi_trend ready: sufficient bars
2026-08-31T10:54:49 | INFO     | session_runner | [bridge:LYFT] rsi_trend ready: sufficient bars
2026-08-31T10:54:49 | INFO     | session_runner | [bridge:UBER] rsi_trend ready: sufficient bars
2026-08-31T10:54:49 | INFO     | session_runner | Stale signal: UBER/orb age=65 min > max 10 min — skipped
2026-08-31T10:55:19 | INFO     | session_runner | [cycle 162] 10:55:19 ET | positions=0 | entries=0
2026-08-31T10:55:20 | INFO     | session_runner | [bridge:TSLA] rsi_trend ready: sufficient bars
2026-08-31T10:55:20 | INFO     | session_runner | Stale signal: TSLA/orb age=60 min > max 10 min — skipped
2026-08-31T10:55:20 | INFO     | session_runner | [bridge:IWM] rsi_trend ready: sufficient bars
2026-08-31T10:55:20 | INFO     | session_runner | Stale signal: IWM/orb age=65 min > max 10 min — skipped
2026-08-31T10:55:20 | INFO     | session_runner | [bridge:GOOGL] rsi_trend ready: sufficient bars
2026-08-31T10:55:20 | INFO     | session_runner | Stale signal: GOOGL/vwap_reclaim age=75 min > max 10 min — skipped
2026-08-31T10:55:20 | INFO     | session_runner | [bridge:AMZN] rsi_trend ready: sufficient bars
2026-08-31T10:55:20 | INFO     | session_runner | [bridge:LYFT] rsi_trend ready: sufficient bars
2026-08-31T10:55:21 | INFO     | session_runner | [bridge:UBER] rsi_trend ready: sufficient bars
2026-08-31T10:55:21 | INFO     | session_runner | Stale signal: UBER/orb age=65 min > max 10 min — skipped
2026-08-31T10:55:51 | INFO     | session_runner | [cycle 163] 10:55:51 ET | positions=0 | entries=0
2026-08-31T10:55:51 | INFO     | session_runner | [bridge:TSLA] rsi_trend ready: sufficient bars
2026-08-31T10:55:51 | INFO     | session_runner | Stale signal: TSLA/orb age=61 min > max 10 min — skipped
2026-08-31T10:55:51 | INFO     | session_runner | [bridge:IWM] rsi_trend ready: sufficient bars
2026-08-31T10:55:51 | INFO     | session_runner | Stale signal: IWM/orb age=66 min > max 10 min — skipped
2026-08-31T10:55:52 | INFO     | session_runner | [bridge:GOOGL] rsi_trend ready: sufficient bars
2026-08-31T10:55:52 | INFO     | session_runner | Stale signal: GOOGL/vwap_reclaim age=76 min > max 10 min — skipped
2026-08-31T10:55:52 | INFO     | session_runner | [bridge:AMZN] rsi_trend ready: sufficient bars
2026-08-31T10:55:52 | INFO     | session_runner | [bridge:LYFT] rsi_trend ready: sufficient bars
2026-08-31T10:55:52 | INFO     | session_runner | [bridge:UBER] rsi_trend ready: sufficient bars
2026-08-31T10:55:52 | INFO     | session_runner | Stale signal: UBER/orb age=66 min > max 10 min — skipped
2026-08-31T10:56:22 | INFO     | session_runner | [cycle 164] 10:56:22 ET | positions=0 | entries=0
2026-08-31T10:56:23 | INFO     | session_runner | [bridge:TSLA] rsi_trend ready: sufficient bars
2026-08-31T10:56:23 | INFO     | session_runner | Stale signal: TSLA/orb age=61 min > max 10 min — skipped
2026-08-31T10:56:23 | INFO     | session_runner | [bridge:IWM] rsi_trend ready: sufficient bars
2026-08-31T10:56:23 | INFO     | session_runner | Stale signal: IWM/orb age=66 min > max 10 min — skipped
2026-08-31T10:56:23 | INFO     | session_runner | [bridge:GOOGL] rsi_trend ready: sufficient bars
2026-08-31T10:56:23 | INFO     | session_runner | Stale signal: GOOGL/vwap_reclaim age=76 min > max 10 min — skipped
2026-08-31T10:56:23 | INFO     | session_runner | [bridge:AMZN] rsi_trend ready: sufficient bars
2026-08-31T10:56:24 | INFO     | session_runner | [bridge:LYFT] rsi_trend ready: sufficient bars
2026-08-31T10:56:24 | INFO     | session_runner | [bridge:UBER] rsi_trend ready: sufficient bars
2026-08-31T10:56:24 | INFO     | session_runner | Stale signal: UBER/orb age=66 min > max 10 min — skipped
2026-08-31T10:56:54 | INFO     | session_runner | [cycle 165] 10:56:54 ET | positions=0 | entries=0
2026-08-31T10:56:54 | INFO     | session_runner | [bridge:TSLA] rsi_trend ready: sufficient bars
2026-08-31T10:56:54 | INFO     | session_runner | Stale signal: TSLA/orb age=62 min > max 10 min — skipped
2026-08-31T10:56:54 | INFO     | session_runner | [bridge:IWM] rsi_trend ready: sufficient bars
2026-08-31T10:56:54 | INFO     | session_runner | Stale signal: IWM/orb age=67 min > max 10 min — skipped
2026-08-31T10:56:55 | INFO     | session_runner | [bridge:GOOGL] rsi_trend ready: sufficient bars
2026-08-31T10:56:55 | INFO     | session_runner | Stale signal: GOOGL/vwap_reclaim age=77 min > max 10 min — skipped
2026-08-31T10:56:55 | INFO     | session_runner | [bridge:AMZN] rsi_trend ready: sufficient bars
2026-08-31T10:56:55 | INFO     | session_runner | [bridge:LYFT] rsi_trend ready: sufficient bars
2026-08-31T10:56:55 | INFO     | session_runner | [bridge:UBER] rsi_trend ready: sufficient bars
2026-08-31T10:56:55 | INFO     | session_runner | Stale signal: UBER/orb age=67 min > max 10 min — skipped
2026-08-31T10:57:25 | INFO     | session_runner | [cycle 166] 10:57:25 ET | positions=0 | entries=0
2026-08-31T10:57:25 | INFO     | session_runner | [bridge:TSLA] rsi_trend ready: sufficient bars
2026-08-31T10:57:25 | INFO     | session_runner | Stale signal: TSLA/orb age=62 min > max 10 min — skipped
2026-08-31T10:57:26 | INFO     | session_runner | [bridge:IWM] rsi_trend ready: sufficient bars
2026-08-31T10:57:26 | INFO     | session_runner | Stale signal: IWM/orb age=67 min > max 10 min — skipped
2026-08-31T10:57:26 | INFO     | session_runner | [bridge:GOOGL] rsi_trend ready: sufficient bars
2026-08-31T10:57:26 | INFO     | session_runner | Stale signal: GOOGL/vwap_reclaim age=77 min > max 10 min — skipped
2026-08-31T10:57:26 | INFO     | session_runner | [bridge:AMZN] rsi_trend ready: sufficient bars
2026-08-31T10:57:26 | INFO     | session_runner | [bridge:LYFT] rsi_trend ready: sufficient bars
2026-08-31T10:57:26 | INFO     | session_runner | [bridge:UBER] rsi_trend ready: sufficient bars
2026-08-31T10:57:26 | INFO     | session_runner | Stale signal: UBER/orb age=67 min > max 10 min — skipped
2026-08-31T10:57:56 | INFO     | session_runner | [cycle 167] 10:57:56 ET | positions=0 | entries=0
2026-08-31T10:57:56 | INFO     | session_runner | [bridge:TSLA] rsi_trend ready: sufficient bars
2026-08-31T10:57:56 | INFO     | session_runner | Stale signal: TSLA/orb age=63 min > max 10 min — skipped
2026-08-31T10:57:57 | INFO     | session_runner | [bridge:IWM] rsi_trend ready: sufficient bars
2026-08-31T10:57:57 | INFO     | session_runner | Stale signal: IWM/orb age=68 min > max 10 min — skipped
2026-08-31T10:57:57 | INFO     | session_runner | [bridge:GOOGL] rsi_trend ready: sufficient bars
2026-08-31T10:57:57 | INFO     | session_runner | Stale signal: GOOGL/vwap_reclaim age=78 min > max 10 min — skipped
2026-08-31T10:57:57 | INFO     | session_runner | [bridge:AMZN] rsi_trend ready: sufficient bars
2026-08-31T10:57:57 | INFO     | session_runner | [bridge:LYFT] rsi_trend ready: sufficient bars
2026-08-31T10:57:57 | INFO     | session_runner | [bridge:UBER] rsi_trend ready: sufficient bars
2026-08-31T10:57:57 | INFO     | session_runner | Stale signal: UBER/orb age=68 min > max 10 min — skipped
2026-08-31T10:58:27 | INFO     | session_runner | [cycle 168] 10:58:27 ET | positions=0 | entries=0
2026-08-31T10:58:28 | INFO     | session_runner | [bridge:TSLA] rsi_trend ready: sufficient bars
2026-08-31T10:58:28 | INFO     | session_runner | Stale signal: TSLA/orb age=63 min > max 10 min — skipped
2026-08-31T10:58:28 | INFO     | session_runner | [bridge:IWM] rsi_trend ready: sufficient bars
2026-08-31T10:58:28 | INFO     | session_runner | Stale signal: IWM/orb age=68 min > max 10 min — skipped
2026-08-31T10:58:28 | INFO     | session_runner | [bridge:GOOGL] rsi_trend ready: sufficient bars
2026-08-31T10:58:28 | INFO     | session_runner | Stale signal: GOOGL/vwap_reclaim age=78 min > max 10 min — skipped
2026-08-31T10:58:28 | INFO     | session_runner | [bridge:AMZN] rsi_trend ready: sufficient bars
2026-08-31T10:58:28 | INFO     | session_runner | [bridge:LYFT] rsi_trend ready: sufficient bars
2026-08-31T10:58:29 | INFO     | session_runner | [bridge:UBER] rsi_trend ready: sufficient bars
2026-08-31T10:58:29 | INFO     | session_runner | Stale signal: UBER/orb age=68 min > max 10 min — skipped
2026-08-31T10:58:59 | INFO     | session_runner | [cycle 169] 10:58:59 ET | positions=0 | entries=0
2026-08-31T10:58:59 | INFO     | session_runner | [bridge:TSLA] rsi_trend ready: sufficient bars
2026-08-31T10:58:59 | INFO     | session_runner | Stale signal: TSLA/orb age=64 min > max 10 min — skipped
2026-08-31T10:58:59 | INFO     | session_runner | [bridge:IWM] rsi_trend ready: sufficient bars
2026-08-31T10:58:59 | INFO     | session_runner | Stale signal: IWM/orb age=69 min > max 10 min — skipped
2026-08-31T10:58:59 | INFO     | session_runner | [bridge:GOOGL] rsi_trend ready: sufficient bars
2026-08-31T10:58:59 | INFO     | session_runner | Stale signal: GOOGL/vwap_reclaim age=79 min > max 10 min — skipped
2026-08-31T10:58:59 | INFO     | session_runner | [bridge:AMZN] rsi_trend ready: sufficient bars
2026-08-31T10:59:00 | INFO     | session_runner | [bridge:LYFT] rsi_trend ready: sufficient bars
2026-08-31T10:59:00 | INFO     | session_runner | [bridge:UBER] rsi_trend ready: sufficient bars
2026-08-31T10:59:00 | INFO     | session_runner | Stale signal: UBER/orb age=69 min > max 10 min — skipped
2026-08-31T10:59:30 | INFO     | session_runner | [cycle 170] 10:59:30 ET | positions=0 | entries=0
2026-08-31T10:59:31 | INFO     | session_runner | [bridge:TSLA] rsi_trend ready: sufficient bars
2026-08-31T10:59:31 | INFO     | session_runner | Stale signal: TSLA/orb age=65 min > max 10 min — skipped
2026-08-31T10:59:31 | INFO     | session_runner | [bridge:IWM] rsi_trend ready: sufficient bars
2026-08-31T10:59:31 | INFO     | session_runner | Stale signal: IWM/orb age=70 min > max 10 min — skipped
2026-08-31T10:59:31 | INFO     | session_runner | [bridge:GOOGL] rsi_trend ready: sufficient bars
2026-08-31T10:59:31 | INFO     | session_runner | Stale signal: GOOGL/vwap_reclaim age=80 min > max 10 min — skipped
2026-08-31T10:59:31 | INFO     | session_runner | [bridge:AMZN] rsi_trend ready: sufficient bars
2026-08-31T10:59:31 | INFO     | session_runner | [bridge:LYFT] rsi_trend ready: sufficient bars
2026-08-31T10:59:32 | INFO     | session_runner | [bridge:UBER] rsi_trend ready: sufficient bars
2026-08-31T10:59:32 | INFO     | session_runner | Stale signal: UBER/orb age=70 min > max 10 min — skipped
2026-08-31T11:00:02 | INFO     | session_runner | [cycle 171] 11:00:02 ET | positions=0 | entries=0
2026-08-31T11:00:03 | INFO     | session_runner | Periodic universe re-scan …
2026-08-31T11:00:03 | INFO     | app.scanning.universe_loader | UniverseLoader: loaded 5 groups (13 flat symbols) from config/ticker_universe.yaml (blacklist=0)
2026-08-31T11:00:03 | INFO     | app.scanning.universe_loader | UniverseLoader: 38 symbols from 4 group(s) (blacklist=0)
2026-08-31T11:00:03 | INFO     | session_runner | Universe scan: 38 symbols from 4 group(s) | max_active=6
2026-08-31T11:00:05 | WARNING  | app.scanning.yfinance_scanner | AlpacaScanner: no daily data for 1/38 symbols: ['SQ']
2026-08-31T11:00:05 | WARNING  | app.scanning.yfinance_scanner | YFinanceScanner: DIA intraday data stale (age=1203s, threshold=1200s)
2026-08-31T11:00:07 | WARNING  | app.scanning.yfinance_scanner | YFinanceScanner: failed for SQ: No daily data returned for SQ
2026-08-31T11:00:07 | INFO     | session_runner | Scan: 18 passed, 20 rejected
2026-08-31T11:00:07 | INFO     | session_runner |   TSLA    score=87.0  signal=LONG     reasons: rvol=2.81x (high), atr=3.59% (wide-range), orb_breakout
2026-08-31T11:00:07 | INFO     | session_runner |   NVDA    score=75.0  signal=LONG     reasons: rvol=1.02x (normal), atr=3.55% (wide-range), orb_breakout
2026-08-31T11:00:07 | INFO     | session_runner |   AAPL    score=72.0  signal=SHORT    reasons: rvol=1.09x (normal), atr=2.10% (wide-range), orb_breakdown
2026-08-31T11:00:07 | INFO     | session_runner |   IWM     score=70.0  signal=SHORT    reasons: rvol=1.71x (elevated), atr=1.01% (good range), orb_breakdown
2026-08-31T11:00:07 | INFO     | session_runner |   GOOGL   score=70.0  signal=SHORT    reasons: atr=2.18% (wide-range), orb_breakdown, trend_down
2026-08-31T11:00:08 | INFO     | app.strategies.liquidity_filter | LiquidityFilter: no qualifying contracts for LYFT SignalDirection.SHORT | total_candidates=35
2026-08-31T11:00:08 | INFO     | app.scanning.alpaca_confirmer | AlpacaConfirmer: no liquid contract for LYFT (signal=SHORT)
2026-08-31T11:00:08 | INFO     | app.strategies.liquidity_filter | LiquidityFilter: no qualifying contracts for XLE SignalDirection.SHORT | total_candidates=31
2026-08-31T11:00:08 | INFO     | app.scanning.alpaca_confirmer | AlpacaConfirmer: no liquid contract for XLE (signal=SHORT)
2026-08-31T11:00:08 | INFO     | app.strategies.liquidity_filter | LiquidityFilter: no qualifying contracts for GOOGL SignalDirection.SHORT | total_candidates=49
2026-08-31T11:00:08 | INFO     | app.scanning.alpaca_confirmer | AlpacaConfirmer: no liquid contract for GOOGL (signal=SHORT)
2026-08-31T11:00:08 | INFO     | app.strategies.liquidity_filter | LiquidityFilter: no qualifying contracts for NVDA SignalDirection.LONG | total_candidates=65
2026-08-31T11:00:08 | INFO     | app.scanning.alpaca_confirmer | AlpacaConfirmer: liquidity_rejected_cost_cap | symbol=NVDA | option_symbol=NVDA260902C00207500 | ask=12.80 | ask_x_100=1280 | max_contract_cost=985
2026-08-31T11:00:08 | INFO     | app.scanning.alpaca_confirmer | AlpacaConfirmer: no liquid contract for NVDA (signal=LONG)
2026-08-31T11:00:08 | INFO     | app.strategies.liquidity_filter | LiquidityFilter: selected AMZN260902P00260000 | delta=-0.426 | spread_pct=0.049 | OI=162 | vol=4025
2026-08-31T11:00:08 | INFO     | app.scanning.alpaca_confirmer | AlpacaConfirmer: confirmed AMZN | AMZN260902P00260000 | exp=2026-09-02 | spread=4.93% | OI=162 | vol=4025
2026-08-31T11:00:08 | INFO     | app.strategies.liquidity_filter | LiquidityFilter: no qualifying contracts for AAPL SignalDirection.SHORT | total_candidates=56
2026-08-31T11:00:08 | INFO     | app.scanning.alpaca_confirmer | AlpacaConfirmer: no liquid contract for AAPL (signal=SHORT)
2026-08-31T11:00:08 | INFO     | app.strategies.liquidity_filter | LiquidityFilter: selected UBER260904P00075000 | delta=-0.371 | spread_pct=0.099 | OI=1590 | vol=3787
2026-08-31T11:00:08 | INFO     | app.scanning.alpaca_confirmer | AlpacaConfirmer: confirmed UBER | UBER260904P00075000 | exp=2026-09-04 | spread=9.88% | OI=1590 | vol=3787
2026-08-31T11:00:08 | INFO     | app.strategies.liquidity_filter | LiquidityFilter: selected HOOD260904C00105000 | delta=0.379 | spread_pct=0.028 | OI=1874 | vol=2155
2026-08-31T11:00:08 | INFO     | app.scanning.alpaca_confirmer | AlpacaConfirmer: confirmed HOOD | HOOD260904C00105000 | exp=2026-09-04 | spread=2.82% | OI=1874 | vol=2155
2026-08-31T11:00:08 | INFO     | app.strategies.liquidity_filter | LiquidityFilter: no qualifying contracts for MSFT SignalDirection.LONG | total_candidates=80
2026-08-31T11:00:08 | INFO     | app.scanning.alpaca_confirmer | AlpacaConfirmer: no liquid contract for MSFT (signal=LONG)
2026-08-31T11:00:08 | INFO     | app.strategies.liquidity_filter | LiquidityFilter: selected IWM260902P00293000 | delta=-0.448 | spread_pct=0.017 | OI=154 | vol=630
2026-08-31T11:00:08 | INFO     | app.scanning.alpaca_confirmer | AlpacaConfirmer: confirmed IWM | IWM260902P00293000 | exp=2026-09-02 | spread=1.68% | OI=154 | vol=630
2026-08-31T11:00:08 | INFO     | app.strategies.liquidity_filter | LiquidityFilter: selected MSTR260904C00132000 | delta=0.400 | spread_pct=0.039 | OI=586 | vol=2469
2026-08-31T11:00:08 | INFO     | app.scanning.alpaca_confirmer | AlpacaConfirmer: confirmed MSTR | MSTR260904C00132000 | exp=2026-09-04 | spread=3.92% | OI=586 | vol=2469
2026-08-31T11:00:08 | INFO     | app.strategies.liquidity_filter | LiquidityFilter: selected TSLA260902C00367500 | delta=0.404 | spread_pct=0.008 | OI=319 | vol=3856
2026-08-31T11:00:08 | INFO     | app.scanning.alpaca_confirmer | AlpacaConfirmer: confirmed TSLA | TSLA260902C00367500 | exp=2026-09-02 | spread=0.78% | OI=319 | vol=3856
2026-08-31T11:00:08 | INFO     | session_runner | AlpacaConfirmer: 6 confirmed symbols: ['TSLA', 'IWM', 'UBER', 'AMZN', 'HOOD', 'MSTR']
2026-08-31T11:00:08 | INFO     | session_runner | Re-scan updated active symbols: ['TSLA', 'IWM', 'UBER', 'AMZN', 'HOOD', 'MSTR']
2026-08-31T11:00:08 | INFO     | session_runner | Broad-market regime | SPY=neutral
2026-08-31T11:00:09 | INFO     | session_runner | [bridge:TSLA] rsi_trend ready: sufficient bars
2026-08-31T11:00:09 | INFO     | session_runner | Stale signal: TSLA/orb age=65 min > max 10 min — skipped
2026-08-31T11:00:09 | INFO     | session_runner | [bridge:IWM] rsi_trend ready: sufficient bars
2026-08-31T11:00:09 | INFO     | session_runner | Stale signal: IWM/orb age=70 min > max 10 min — skipped
2026-08-31T11:00:09 | INFO     | session_runner | [bridge:UBER] rsi_trend ready: sufficient bars
2026-08-31T11:00:09 | INFO     | session_runner | Stale signal: UBER/orb age=70 min > max 10 min — skipped
2026-08-31T11:00:09 | INFO     | session_runner | [bridge:HOOD] rsi_trend ready: sufficient bars
2026-08-31T11:00:09 | INFO     | session_runner | Stale signal: HOOD/vwap_reclaim age=15 min > max 10 min — skipped
2026-08-31T11:00:09 | INFO     | session_runner | Stale signal: HOOD/orb age=65 min > max 10 min — skipped
2026-08-31T11:00:09 | INFO     | session_runner | [bridge:AMZN] rsi_trend ready: sufficient bars
2026-08-31T11:00:10 | INFO     | session_runner | [bridge:MSTR] rsi_trend ready: sufficient bars
2026-08-31T11:00:40 | INFO     | session_runner | [cycle 172] 11:00:40 ET | positions=0 | entries=0
2026-08-31T11:00:41 | INFO     | session_runner | [bridge:TSLA] rsi_trend ready: sufficient bars
2026-08-31T11:00:41 | INFO     | session_runner | Stale signal: TSLA/orb age=66 min > max 10 min — skipped
2026-08-31T11:00:41 | INFO     | session_runner | [bridge:IWM] rsi_trend ready: sufficient bars
2026-08-31T11:00:41 | INFO     | session_runner | Stale signal: IWM/orb age=71 min > max 10 min — skipped
2026-08-31T11:00:41 | INFO     | session_runner | [bridge:UBER] rsi_trend ready: sufficient bars
2026-08-31T11:00:41 | INFO     | session_runner | Stale signal: UBER/orb age=71 min > max 10 min — skipped
2026-08-31T11:00:41 | INFO     | session_runner | [bridge:HOOD] rsi_trend ready: sufficient bars
2026-08-31T11:00:41 | INFO     | session_runner | Stale signal: HOOD/vwap_reclaim age=16 min > max 10 min — skipped
2026-08-31T11:00:41 | INFO     | session_runner | Stale signal: HOOD/orb age=66 min > max 10 min — skipped
2026-08-31T11:00:41 | INFO     | session_runner | [bridge:AMZN] rsi_trend ready: sufficient bars
2026-08-31T11:00:41 | INFO     | session_runner | [bridge:MSTR] rsi_trend ready: sufficient bars
2026-08-31T11:01:11 | INFO     | session_runner | [cycle 173] 11:01:11 ET | positions=0 | entries=0
2026-08-31T11:01:12 | INFO     | session_runner | [bridge:TSLA] rsi_trend ready: sufficient bars
2026-08-31T11:01:12 | INFO     | session_runner | Stale signal: TSLA/orb age=66 min > max 10 min — skipped
2026-08-31T11:01:12 | INFO     | session_runner | [bridge:IWM] rsi_trend ready: sufficient bars
2026-08-31T11:01:12 | INFO     | session_runner | Stale signal: IWM/orb age=71 min > max 10 min — skipped
2026-08-31T11:01:12 | INFO     | session_runner | [bridge:UBER] rsi_trend ready: sufficient bars
2026-08-31T11:01:12 | INFO     | session_runner | Stale signal: UBER/orb age=71 min > max 10 min — skipped
2026-08-31T11:01:13 | INFO     | session_runner | [bridge:HOOD] rsi_trend ready: sufficient bars
2026-08-31T11:01:13 | INFO     | session_runner | Stale signal: HOOD/vwap_reclaim age=16 min > max 10 min — skipped
2026-08-31T11:01:13 | INFO     | session_runner | Stale signal: HOOD/orb age=66 min > max 10 min — skipped
2026-08-31T11:01:13 | INFO     | session_runner | [bridge:AMZN] rsi_trend ready: sufficient bars
2026-08-31T11:01:13 | INFO     | session_runner | [bridge:MSTR] rsi_trend ready: sufficient bars
2026-08-31T11:01:43 | INFO     | session_runner | [cycle 174] 11:01:43 ET | positions=0 | entries=0
2026-08-31T11:01:43 | INFO     | session_runner | [bridge:TSLA] rsi_trend ready: sufficient bars
2026-08-31T11:01:43 | INFO     | session_runner | Stale signal: TSLA/orb age=67 min > max 10 min — skipped
2026-08-31T11:01:43 | INFO     | session_runner | [bridge:IWM] rsi_trend ready: sufficient bars
2026-08-31T11:01:43 | INFO     | session_runner | Stale signal: IWM/orb age=72 min > max 10 min — skipped
2026-08-31T11:01:44 | INFO     | session_runner | [bridge:UBER] rsi_trend ready: sufficient bars
2026-08-31T11:01:44 | INFO     | session_runner | Stale signal: UBER/orb age=72 min > max 10 min — skipped
2026-08-31T11:01:44 | INFO     | session_runner | [bridge:HOOD] rsi_trend ready: sufficient bars
2026-08-31T11:01:44 | INFO     | session_runner | Stale signal: HOOD/vwap_reclaim age=17 min > max 10 min — skipped
2026-08-31T11:01:44 | INFO     | session_runner | Stale signal: HOOD/orb age=67 min > max 10 min — skipped
2026-08-31T11:01:44 | INFO     | session_runner | [bridge:AMZN] rsi_trend ready: sufficient bars
2026-08-31T11:01:44 | INFO     | session_runner | [bridge:MSTR] rsi_trend ready: sufficient bars
2026-08-31T11:02:14 | INFO     | session_runner | [cycle 175] 11:02:14 ET | positions=0 | entries=0
2026-08-31T11:02:14 | INFO     | app.trading.reconciler | Reconciliation done: broker_pos=0 local_pos=0 broker_orders=0 local_pending=0 repaired=0 flagged=0 orders_confirmed=True positions_confirmed=True
2026-08-31T11:02:14 | INFO     | session_runner | [bridge:TSLA] rsi_trend ready: sufficient bars
2026-08-31T11:02:14 | INFO     | session_runner | Stale signal: TSLA/orb age=67 min > max 10 min — skipped
2026-08-31T11:02:15 | INFO     | session_runner | [bridge:IWM] rsi_trend ready: sufficient bars
2026-08-31T11:02:15 | INFO     | session_runner | Stale signal: IWM/orb age=72 min > max 10 min — skipped
2026-08-31T11:02:15 | INFO     | session_runner | [bridge:UBER] rsi_trend ready: sufficient bars
2026-08-31T11:02:15 | INFO     | session_runner | Stale signal: UBER/orb age=72 min > max 10 min — skipped
2026-08-31T11:02:15 | INFO     | session_runner | [bridge:HOOD] rsi_trend ready: sufficient bars
2026-08-31T11:02:15 | INFO     | session_runner | Stale signal: HOOD/vwap_reclaim age=17 min > max 10 min — skipped
2026-08-31T11:02:15 | INFO     | session_runner | Stale signal: HOOD/orb age=67 min > max 10 min — skipped
2026-08-31T11:02:15 | INFO     | session_runner | [bridge:AMZN] rsi_trend ready: sufficient bars
2026-08-31T11:02:15 | INFO     | session_runner | [bridge:MSTR] rsi_trend ready: sufficient bars
2026-08-31T11:02:45 | INFO     | session_runner | [cycle 176] 11:02:45 ET | positions=0 | entries=0
2026-08-31T11:02:46 | INFO     | session_runner | [bridge:TSLA] rsi_trend ready: sufficient bars
2026-08-31T11:02:46 | INFO     | session_runner | Stale signal: TSLA/orb age=68 min > max 10 min — skipped
2026-08-31T11:02:46 | INFO     | session_runner | [bridge:IWM] rsi_trend ready: sufficient bars
2026-08-31T11:02:46 | INFO     | session_runner | Stale signal: IWM/orb age=73 min > max 10 min — skipped
2026-08-31T11:02:46 | INFO     | session_runner | [bridge:UBER] rsi_trend ready: sufficient bars
2026-08-31T11:02:46 | INFO     | session_runner | Stale signal: UBER/orb age=73 min > max 10 min — skipped
2026-08-31T11:02:46 | INFO     | session_runner | [bridge:HOOD] rsi_trend ready: sufficient bars
2026-08-31T11:02:46 | INFO     | session_runner | Stale signal: HOOD/vwap_reclaim age=18 min > max 10 min — skipped
2026-08-31T11:02:46 | INFO     | session_runner | Stale signal: HOOD/orb age=68 min > max 10 min — skipped
2026-08-31T11:02:46 | INFO     | session_runner | [bridge:AMZN] rsi_trend ready: sufficient bars
2026-08-31T11:02:46 | INFO     | session_runner | [bridge:MSTR] rsi_trend ready: sufficient bars
2026-08-31T11:03:16 | INFO     | session_runner | [cycle 177] 11:03:16 ET | positions=0 | entries=0
2026-08-31T11:03:17 | INFO     | session_runner | [bridge:TSLA] rsi_trend ready: sufficient bars
2026-08-31T11:03:17 | INFO     | session_runner | Stale signal: TSLA/orb age=68 min > max 10 min — skipped
2026-08-31T11:03:17 | INFO     | session_runner | [bridge:IWM] rsi_trend ready: sufficient bars
2026-08-31T11:03:17 | INFO     | session_runner | Stale signal: IWM/orb age=73 min > max 10 min — skipped
2026-08-31T11:03:17 | INFO     | session_runner | [bridge:UBER] rsi_trend ready: sufficient bars
2026-08-31T11:03:17 | INFO     | session_runner | Stale signal: UBER/orb age=73 min > max 10 min — skipped
2026-08-31T11:03:17 | INFO     | session_runner | [bridge:HOOD] rsi_trend ready: sufficient bars
2026-08-31T11:03:17 | INFO     | session_runner | Stale signal: HOOD/vwap_reclaim age=18 min > max 10 min — skipped
2026-08-31T11:03:17 | INFO     | session_runner | Stale signal: HOOD/orb age=68 min > max 10 min — skipped
2026-08-31T11:03:17 | INFO     | session_runner | [bridge:AMZN] rsi_trend ready: sufficient bars
2026-08-31T11:03:17 | INFO     | session_runner | [bridge:MSTR] rsi_trend ready: sufficient bars
2026-08-31T11:03:47 | INFO     | session_runner | [cycle 178] 11:03:47 ET | positions=0 | entries=0
2026-08-31T11:03:48 | INFO     | session_runner | [bridge:TSLA] rsi_trend ready: sufficient bars
2026-08-31T11:03:48 | INFO     | session_runner | Stale signal: TSLA/orb age=69 min > max 10 min — skipped
2026-08-31T11:03:48 | INFO     | session_runner | [bridge:IWM] rsi_trend ready: sufficient bars
2026-08-31T11:03:48 | INFO     | session_runner | Stale signal: IWM/orb age=74 min > max 10 min — skipped
2026-08-31T11:03:48 | INFO     | session_runner | [bridge:UBER] rsi_trend ready: sufficient bars
2026-08-31T11:03:48 | INFO     | session_runner | Stale signal: UBER/orb age=74 min > max 10 min — skipped
2026-08-31T11:03:48 | INFO     | session_runner | [bridge:HOOD] rsi_trend ready: sufficient bars
2026-08-31T11:03:48 | INFO     | session_runner | Stale signal: HOOD/vwap_reclaim age=19 min > max 10 min — skipped
2026-08-31T11:03:48 | INFO     | session_runner | Stale signal: HOOD/orb age=69 min > max 10 min — skipped
2026-08-31T11:03:49 | INFO     | session_runner | [bridge:AMZN] rsi_trend ready: sufficient bars
2026-08-31T11:03:49 | INFO     | session_runner | [bridge:MSTR] rsi_trend ready: sufficient bars
2026-08-31T11:04:19 | INFO     | session_runner | [cycle 179] 11:04:19 ET | positions=0 | entries=0
2026-08-31T11:04:19 | INFO     | session_runner | [bridge:TSLA] rsi_trend ready: sufficient bars
2026-08-31T11:04:19 | INFO     | session_runner | Stale signal: TSLA/orb age=69 min > max 10 min — skipped
2026-08-31T11:04:19 | INFO     | session_runner | [bridge:IWM] rsi_trend ready: sufficient bars
2026-08-31T11:04:19 | INFO     | session_runner | Stale signal: IWM/orb age=74 min > max 10 min — skipped
2026-08-31T11:04:19 | INFO     | session_runner | [bridge:UBER] rsi_trend ready: sufficient bars
2026-08-31T11:04:19 | INFO     | session_runner | Stale signal: UBER/orb age=74 min > max 10 min — skipped
2026-08-31T11:04:19 | INFO     | session_runner | [bridge:HOOD] rsi_trend ready: sufficient bars
2026-08-31T11:04:19 | INFO     | session_runner | Stale signal: HOOD/vwap_reclaim age=19 min > max 10 min — skipped
2026-08-31T11:04:19 | INFO     | session_runner | Stale signal: HOOD/orb age=69 min > max 10 min — skipped
2026-08-31T11:04:20 | INFO     | session_runner | [bridge:AMZN] rsi_trend ready: sufficient bars
2026-08-31T11:04:20 | INFO     | session_runner | [bridge:MSTR] rsi_trend ready: sufficient bars
2026-08-31T11:04:50 | INFO     | session_runner | [cycle 180] 11:04:50 ET | positions=0 | entries=0
2026-08-31T11:04:50 | INFO     | session_runner | [bridge:TSLA] rsi_trend ready: sufficient bars
2026-08-31T11:04:50 | INFO     | session_runner | Stale signal: TSLA/orb age=70 min > max 10 min — skipped
2026-08-31T11:04:50 | INFO     | session_runner | [bridge:IWM] rsi_trend ready: sufficient bars
2026-08-31T11:04:50 | INFO     | session_runner | Stale signal: IWM/orb age=75 min > max 10 min — skipped
2026-08-31T11:04:50 | INFO     | session_runner | [bridge:UBER] rsi_trend ready: sufficient bars
2026-08-31T11:04:50 | INFO     | session_runner | Stale signal: UBER/orb age=75 min > max 10 min — skipped
2026-08-31T11:04:51 | INFO     | session_runner | [bridge:HOOD] rsi_trend ready: sufficient bars
2026-08-31T11:04:51 | INFO     | session_runner | Stale signal: HOOD/vwap_reclaim age=20 min > max 10 min — skipped
2026-08-31T11:04:51 | INFO     | session_runner | Stale signal: HOOD/orb age=70 min > max 10 min — skipped
2026-08-31T11:04:51 | INFO     | session_runner | [bridge:AMZN] rsi_trend ready: sufficient bars
2026-08-31T11:04:51 | INFO     | session_runner | [bridge:MSTR] rsi_trend ready: sufficient bars
2026-08-31T11:05:21 | INFO     | session_runner | [cycle 181] 11:05:21 ET | positions=0 | entries=0
2026-08-31T11:05:21 | INFO     | session_runner | Periodic universe re-scan …
2026-08-31T11:05:21 | INFO     | app.scanning.universe_loader | UniverseLoader: loaded 5 groups (13 flat symbols) from config/ticker_universe.yaml (blacklist=0)
2026-08-31T11:05:21 | INFO     | app.scanning.universe_loader | UniverseLoader: 38 symbols from 4 group(s) (blacklist=0)
2026-08-31T11:05:21 | INFO     | session_runner | Universe scan: 38 symbols from 4 group(s) | max_active=6
2026-08-31T11:05:22 | WARNING  | app.scanning.yfinance_scanner | AlpacaScanner: no daily data for 1/38 symbols: ['SQ']
2026-08-31T11:05:25 | WARNING  | app.scanning.yfinance_scanner | YFinanceScanner: failed for SQ: No daily data returned for SQ
2026-08-31T11:05:26 | INFO     | session_runner | Scan: 19 passed, 19 rejected
2026-08-31T11:05:26 | INFO     | session_runner |   TSLA    score=87.0  signal=LONG     reasons: rvol=2.76x (high), atr=3.58% (wide-range), orb_breakout
2026-08-31T11:05:26 | INFO     | session_runner |   AAPL    score=72.0  signal=SHORT    reasons: rvol=1.06x (normal), atr=2.10% (wide-range), orb_breakdown
2026-08-31T11:05:26 | INFO     | session_runner |   IWM     score=70.0  signal=SHORT    reasons: rvol=1.66x (elevated), atr=1.01% (good range), orb_breakdown
2026-08-31T11:05:26 | INFO     | session_runner |   NVDA    score=70.0  signal=LONG     reasons: atr=3.56% (wide-range), orb_breakout, trend_up
2026-08-31T11:05:26 | INFO     | session_runner |   GOOGL   score=70.0  signal=SHORT    reasons: atr=2.18% (wide-range), orb_breakdown, trend_down
2026-08-31T11:05:26 | INFO     | app.strategies.liquidity_filter | LiquidityFilter: selected IWM260902P00292000 | delta=-0.365 | spread_pct=0.056 | OI=148 | vol=222
2026-08-31T11:05:26 | INFO     | app.scanning.alpaca_confirmer | AlpacaConfirmer: confirmed IWM | IWM260902P00292000 | exp=2026-09-02 | spread=5.59% | OI=148 | vol=222
2026-08-31T11:05:26 | INFO     | app.strategies.liquidity_filter | LiquidityFilter: no qualifying contracts for UBER SignalDirection.SHORT | total_candidates=41
2026-08-31T11:05:26 | INFO     | app.scanning.alpaca_confirmer | AlpacaConfirmer: no liquid contract for UBER (signal=SHORT)
2026-08-31T11:05:26 | INFO     | app.strategies.liquidity_filter | LiquidityFilter: no qualifying contracts for LYFT SignalDirection.SHORT | total_candidates=35
2026-08-31T11:05:26 | INFO     | app.scanning.alpaca_confirmer | AlpacaConfirmer: no liquid contract for LYFT (signal=SHORT)
2026-08-31T11:05:26 | INFO     | app.strategies.liquidity_filter | LiquidityFilter: selected GOOGL260902P00337500 | delta=-0.445 | spread_pct=0.012 | OI=152 | vol=755
2026-08-31T11:05:26 | INFO     | app.scanning.alpaca_confirmer | AlpacaConfirmer: confirmed GOOGL | GOOGL260902P00337500 | exp=2026-09-02 | spread=1.25% | OI=152 | vol=755
2026-08-31T11:05:26 | INFO     | app.strategies.liquidity_filter | LiquidityFilter: no qualifying contracts for SOFI SignalDirection.LONG | total_candidates=31
2026-08-31T11:05:26 | INFO     | app.scanning.alpaca_confirmer | AlpacaConfirmer: no liquid contract for SOFI (signal=LONG)
2026-08-31T11:05:26 | INFO     | app.strategies.liquidity_filter | LiquidityFilter: no qualifying contracts for XLE SignalDirection.SHORT | total_candidates=31
2026-08-31T11:05:26 | INFO     | app.scanning.alpaca_confirmer | AlpacaConfirmer: no liquid contract for XLE (signal=SHORT)
2026-08-31T11:05:26 | INFO     | app.strategies.liquidity_filter | LiquidityFilter: selected AMZN260902P00260000 | delta=-0.409 | spread_pct=0.063 | OI=162 | vol=4073
2026-08-31T11:05:26 | INFO     | app.scanning.alpaca_confirmer | AlpacaConfirmer: confirmed AMZN | AMZN260902P00260000 | exp=2026-09-02 | spread=6.34% | OI=162 | vol=4073
2026-08-31T11:05:26 | INFO     | app.strategies.liquidity_filter | LiquidityFilter: no qualifying contracts for NVDA SignalDirection.LONG | total_candidates=65
2026-08-31T11:05:26 | INFO     | app.scanning.alpaca_confirmer | AlpacaConfirmer: liquidity_rejected_cost_cap | symbol=NVDA | option_symbol=NVDA260902C00205000 | ask=14.42 | ask_x_100=1442 | max_contract_cost=985
2026-08-31T11:05:26 | INFO     | app.scanning.alpaca_confirmer | AlpacaConfirmer: no liquid contract for NVDA (signal=LONG)
2026-08-31T11:05:26 | INFO     | app.strategies.liquidity_filter | LiquidityFilter: selected HOOD260904C00105000 | delta=0.395 | spread_pct=0.037 | OI=1874 | vol=2205
2026-08-31T11:05:26 | INFO     | app.scanning.alpaca_confirmer | AlpacaConfirmer: confirmed HOOD | HOOD260904C00105000 | exp=2026-09-04 | spread=3.71% | OI=1874 | vol=2205
2026-08-31T11:05:26 | INFO     | app.strategies.liquidity_filter | LiquidityFilter: no qualifying contracts for AAPL SignalDirection.SHORT | total_candidates=56
2026-08-31T11:05:26 | INFO     | app.scanning.alpaca_confirmer | AlpacaConfirmer: no liquid contract for AAPL (signal=SHORT)
2026-08-31T11:05:26 | INFO     | app.strategies.liquidity_filter | LiquidityFilter: no qualifying contracts for AMD SignalDirection.SHORT | total_candidates=141
2026-08-31T11:05:26 | INFO     | app.scanning.alpaca_confirmer | AlpacaConfirmer: no liquid contract for AMD (signal=SHORT)
2026-08-31T11:05:26 | INFO     | app.strategies.liquidity_filter | LiquidityFilter: selected TSLA260902C00370000 | delta=0.365 | spread_pct=0.006 | OI=1572 | vol=13410
2026-08-31T11:05:26 | INFO     | app.scanning.alpaca_confirmer | AlpacaConfirmer: confirmed TSLA | TSLA260902C00370000 | exp=2026-09-02 | spread=0.59% | OI=1572 | vol=13410
2026-08-31T11:05:26 | INFO     | session_runner | AlpacaConfirmer: 5 confirmed symbols: ['TSLA', 'IWM', 'GOOGL', 'AMZN', 'HOOD']
2026-08-31T11:05:27 | INFO     | session_runner | Re-scan updated active symbols: ['TSLA', 'IWM', 'GOOGL', 'AMZN', 'HOOD']
2026-08-31T11:05:27 | INFO     | session_runner | Broad-market regime | SPY=short
2026-08-31T11:05:27 | INFO     | session_runner | [bridge:TSLA] rsi_trend ready: sufficient bars
2026-08-31T11:05:27 | INFO     | session_runner | Stale signal: TSLA/orb age=70 min > max 10 min — skipped
2026-08-31T11:05:27 | INFO     | session_runner | [bridge:IWM] rsi_trend ready: sufficient bars
2026-08-31T11:05:27 | INFO     | session_runner | Stale signal: IWM/orb age=75 min > max 10 min — skipped
2026-08-31T11:05:27 | INFO     | session_runner | [bridge:GOOGL] rsi_trend ready: sufficient bars
2026-08-31T11:05:27 | INFO     | session_runner | Stale signal: GOOGL/vwap_reclaim age=85 min > max 10 min — skipped
2026-08-31T11:05:27 | INFO     | session_runner | [bridge:HOOD] rsi_trend ready: sufficient bars
2026-08-31T11:05:27 | INFO     | session_runner | Stale signal: HOOD/vwap_reclaim age=20 min > max 10 min — skipped
2026-08-31T11:05:27 | INFO     | session_runner | Stale signal: HOOD/orb age=70 min > max 10 min — skipped
2026-08-31T11:05:27 | INFO     | session_runner | [bridge:AMZN] rsi_trend ready: sufficient bars
2026-08-31T11:05:58 | INFO     | session_runner | [cycle 182] 11:05:58 ET | positions=0 | entries=0
2026-08-31T11:05:58 | INFO     | session_runner | [bridge:TSLA] rsi_trend ready: sufficient bars
2026-08-31T11:05:58 | INFO     | session_runner | Stale signal: TSLA/orb age=71 min > max 10 min — skipped
2026-08-31T11:05:58 | INFO     | session_runner | [bridge:IWM] rsi_trend ready: sufficient bars
2026-08-31T11:05:58 | INFO     | session_runner | Stale signal: IWM/orb age=76 min > max 10 min — skipped
2026-08-31T11:05:58 | INFO     | session_runner | [bridge:GOOGL] rsi_trend ready: sufficient bars
2026-08-31T11:05:58 | INFO     | session_runner | Stale signal: GOOGL/vwap_reclaim age=86 min > max 10 min — skipped
2026-08-31T11:05:58 | INFO     | session_runner | [bridge:HOOD] rsi_trend ready: sufficient bars
2026-08-31T11:05:58 | INFO     | session_runner | Stale signal: HOOD/vwap_reclaim age=21 min > max 10 min — skipped
2026-08-31T11:05:58 | INFO     | session_runner | Stale signal: HOOD/orb age=71 min > max 10 min — skipped
2026-08-31T11:05:59 | INFO     | session_runner | [bridge:AMZN] rsi_trend ready: sufficient bars
2026-08-31T11:06:29 | INFO     | session_runner | [cycle 183] 11:06:29 ET | positions=0 | entries=0
2026-08-31T11:06:29 | INFO     | session_runner | [bridge:TSLA] rsi_trend ready: sufficient bars
2026-08-31T11:06:29 | INFO     | session_runner | Stale signal: TSLA/orb age=71 min > max 10 min — skipped
2026-08-31T11:06:30 | INFO     | session_runner | [bridge:IWM] rsi_trend ready: sufficient bars
2026-08-31T11:06:30 | INFO     | session_runner | Stale signal: IWM/orb age=76 min > max 10 min — skipped
2026-08-31T11:06:30 | INFO     | session_runner | [bridge:GOOGL] rsi_trend ready: sufficient bars
2026-08-31T11:06:30 | INFO     | session_runner | Stale signal: GOOGL/vwap_reclaim age=86 min > max 10 min — skipped
2026-08-31T11:06:30 | INFO     | session_runner | [bridge:HOOD] rsi_trend ready: sufficient bars
2026-08-31T11:06:30 | INFO     | session_runner | Stale signal: HOOD/vwap_reclaim age=21 min > max 10 min — skipped
2026-08-31T11:06:30 | INFO     | session_runner | Stale signal: HOOD/orb age=71 min > max 10 min — skipped
2026-08-31T11:06:30 | INFO     | session_runner | [bridge:AMZN] rsi_trend ready: sufficient bars
2026-08-31T11:07:00 | INFO     | session_runner | [cycle 184] 11:07:00 ET | positions=0 | entries=0
2026-08-31T11:07:01 | INFO     | session_runner | [bridge:TSLA] rsi_trend ready: sufficient bars
2026-08-31T11:07:01 | INFO     | session_runner | Stale signal: TSLA/orb age=72 min > max 10 min — skipped
2026-08-31T11:07:01 | INFO     | session_runner | [bridge:IWM] rsi_trend ready: sufficient bars
2026-08-31T11:07:01 | INFO     | session_runner | Stale signal: IWM/orb age=77 min > max 10 min — skipped
2026-08-31T11:07:02 | INFO     | session_runner | [bridge:GOOGL] rsi_trend ready: sufficient bars
2026-08-31T11:07:02 | INFO     | session_runner | Stale signal: GOOGL/vwap_reclaim age=87 min > max 10 min — skipped
2026-08-31T11:07:02 | INFO     | session_runner | [bridge:HOOD] rsi_trend ready: sufficient bars
2026-08-31T11:07:02 | INFO     | session_runner | Stale signal: HOOD/vwap_reclaim age=22 min > max 10 min — skipped
2026-08-31T11:07:02 | INFO     | session_runner | Stale signal: HOOD/orb age=72 min > max 10 min — skipped
2026-08-31T11:07:02 | INFO     | session_runner | [bridge:AMZN] rsi_trend ready: sufficient bars
2026-08-31T11:07:33 | INFO     | session_runner | [cycle 185] 11:07:33 ET | positions=0 | entries=0
2026-08-31T11:07:34 | INFO     | session_runner | [bridge:TSLA] rsi_trend ready: sufficient bars
2026-08-31T11:07:34 | INFO     | session_runner | Stale signal: TSLA/orb age=73 min > max 10 min — skipped
2026-08-31T11:07:34 | INFO     | session_runner | [bridge:IWM] rsi_trend ready: sufficient bars
2026-08-31T11:07:34 | INFO     | session_runner | Stale signal: IWM/orb age=78 min > max 10 min — skipped
2026-08-31T11:07:34 | INFO     | session_runner | [bridge:GOOGL] rsi_trend ready: sufficient bars
2026-08-31T11:07:34 | INFO     | session_runner | Stale signal: GOOGL/vwap_reclaim age=88 min > max 10 min — skipped
2026-08-31T11:07:34 | INFO     | session_runner | [bridge:HOOD] rsi_trend ready: sufficient bars
2026-08-31T11:07:34 | INFO     | session_runner | Stale signal: HOOD/vwap_reclaim age=23 min > max 10 min — skipped
2026-08-31T11:07:34 | INFO     | session_runner | Stale signal: HOOD/orb age=73 min > max 10 min — skipped
2026-08-31T11:07:35 | INFO     | session_runner | [bridge:AMZN] rsi_trend ready: sufficient bars
2026-08-31T11:08:05 | INFO     | session_runner | [cycle 186] 11:08:05 ET | positions=0 | entries=0
2026-08-31T11:08:05 | INFO     | session_runner | [bridge:TSLA] rsi_trend ready: sufficient bars
2026-08-31T11:08:05 | INFO     | session_runner | Stale signal: TSLA/orb age=73 min > max 10 min — skipped
2026-08-31T11:08:05 | INFO     | session_runner | [bridge:IWM] rsi_trend ready: sufficient bars
2026-08-31T11:08:05 | INFO     | session_runner | Stale signal: IWM/orb age=78 min > max 10 min — skipped
2026-08-31T11:08:06 | INFO     | session_runner | [bridge:GOOGL] rsi_trend ready: sufficient bars
2026-08-31T11:08:06 | INFO     | session_runner | Stale signal: GOOGL/vwap_reclaim age=88 min > max 10 min — skipped
2026-08-31T11:08:06 | INFO     | session_runner | [bridge:HOOD] rsi_trend ready: sufficient bars
2026-08-31T11:08:06 | INFO     | session_runner | Stale signal: HOOD/vwap_reclaim age=23 min > max 10 min — skipped
2026-08-31T11:08:06 | INFO     | session_runner | Stale signal: HOOD/orb age=73 min > max 10 min — skipped
2026-08-31T11:08:06 | INFO     | session_runner | [bridge:AMZN] rsi_trend ready: sufficient bars
2026-08-31T11:08:36 | INFO     | session_runner | [cycle 187] 11:08:36 ET | positions=0 | entries=0
2026-08-31T11:08:37 | INFO     | session_runner | [bridge:TSLA] rsi_trend ready: sufficient bars
2026-08-31T11:08:37 | INFO     | session_runner | Stale signal: TSLA/orb age=74 min > max 10 min — skipped
2026-08-31T11:08:37 | INFO     | session_runner | [bridge:IWM] rsi_trend ready: sufficient bars
2026-08-31T11:08:37 | INFO     | session_runner | Stale signal: IWM/orb age=79 min > max 10 min — skipped
2026-08-31T11:08:38 | INFO     | session_runner | [bridge:GOOGL] rsi_trend ready: sufficient bars
2026-08-31T11:08:38 | INFO     | session_runner | Stale signal: GOOGL/vwap_reclaim age=89 min > max 10 min — skipped
2026-08-31T11:08:38 | INFO     | session_runner | [bridge:HOOD] rsi_trend ready: sufficient bars
2026-08-31T11:08:38 | INFO     | session_runner | Stale signal: HOOD/vwap_reclaim age=24 min > max 10 min — skipped
2026-08-31T11:08:38 | INFO     | session_runner | Stale signal: HOOD/orb age=74 min > max 10 min — skipped
2026-08-31T11:08:38 | INFO     | session_runner | [bridge:AMZN] rsi_trend ready: sufficient bars
2026-08-31T11:09:08 | INFO     | session_runner | [cycle 188] 11:09:08 ET | positions=0 | entries=0
2026-08-31T11:09:09 | INFO     | session_runner | [bridge:TSLA] rsi_trend ready: sufficient bars
2026-08-31T11:09:09 | INFO     | session_runner | Stale signal: TSLA/orb age=74 min > max 10 min — skipped
2026-08-31T11:09:09 | INFO     | session_runner | [bridge:IWM] rsi_trend ready: sufficient bars
2026-08-31T11:09:09 | INFO     | session_runner | Stale signal: IWM/orb age=79 min > max 10 min — skipped
2026-08-31T11:09:09 | INFO     | session_runner | [bridge:GOOGL] rsi_trend ready: sufficient bars
2026-08-31T11:09:09 | INFO     | session_runner | Stale signal: GOOGL/vwap_reclaim age=89 min > max 10 min — skipped
2026-08-31T11:09:09 | INFO     | session_runner | [bridge:HOOD] rsi_trend ready: sufficient bars
2026-08-31T11:09:09 | INFO     | session_runner | Stale signal: HOOD/vwap_reclaim age=24 min > max 10 min — skipped
2026-08-31T11:09:09 | INFO     | session_runner | Stale signal: HOOD/orb age=74 min > max 10 min — skipped
2026-08-31T11:09:09 | INFO     | session_runner | [bridge:AMZN] rsi_trend ready: sufficient bars
2026-08-31T11:09:39 | INFO     | session_runner | [cycle 189] 11:09:39 ET | positions=0 | entries=0
2026-08-31T11:09:40 | INFO     | session_runner | [bridge:TSLA] rsi_trend ready: sufficient bars
2026-08-31T11:09:40 | INFO     | session_runner | Stale signal: TSLA/orb age=75 min > max 10 min — skipped
2026-08-31T11:09:40 | INFO     | session_runner | [bridge:IWM] rsi_trend ready: sufficient bars
2026-08-31T11:09:40 | INFO     | session_runner | Stale signal: IWM/orb age=80 min > max 10 min — skipped
2026-08-31T11:09:40 | INFO     | session_runner | [bridge:GOOGL] rsi_trend ready: sufficient bars
2026-08-31T11:09:40 | INFO     | session_runner | Stale signal: GOOGL/vwap_reclaim age=90 min > max 10 min — skipped
2026-08-31T11:09:40 | INFO     | session_runner | [bridge:HOOD] rsi_trend ready: sufficient bars
2026-08-31T11:09:40 | INFO     | session_runner | Stale signal: HOOD/vwap_reclaim age=25 min > max 10 min — skipped
2026-08-31T11:09:40 | INFO     | session_runner | Stale signal: HOOD/orb age=75 min > max 10 min — skipped
2026-08-31T11:09:40 | INFO     | session_runner | [bridge:AMZN] rsi_trend ready: sufficient bars
2026-08-31T11:10:11 | INFO     | session_runner | [cycle 190] 11:10:11 ET | positions=0 | entries=0
2026-08-31T11:10:11 | INFO     | session_runner | [bridge:TSLA] rsi_trend ready: sufficient bars
2026-08-31T11:10:11 | INFO     | session_runner | Stale signal: TSLA/orb age=75 min > max 10 min — skipped
2026-08-31T11:10:11 | INFO     | session_runner | [bridge:IWM] rsi_trend ready: sufficient bars
2026-08-31T11:10:11 | INFO     | session_runner | Stale signal: IWM/orb age=80 min > max 10 min — skipped
2026-08-31T11:10:12 | INFO     | session_runner | [bridge:GOOGL] rsi_trend ready: sufficient bars
2026-08-31T11:10:12 | INFO     | session_runner | Stale signal: GOOGL/vwap_reclaim age=90 min > max 10 min — skipped
2026-08-31T11:10:12 | INFO     | session_runner | [bridge:HOOD] rsi_trend ready: sufficient bars
2026-08-31T11:10:12 | INFO     | session_runner | Stale signal: HOOD/vwap_reclaim age=25 min > max 10 min — skipped
2026-08-31T11:10:12 | INFO     | session_runner | Stale signal: HOOD/orb age=75 min > max 10 min — skipped
2026-08-31T11:10:12 | INFO     | session_runner | [bridge:AMZN] rsi_trend ready: sufficient bars
2026-08-31T11:10:42 | INFO     | session_runner | [cycle 191] 11:10:42 ET | positions=0 | entries=0
2026-08-31T11:10:42 | INFO     | session_runner | Periodic universe re-scan …
2026-08-31T11:10:42 | INFO     | app.scanning.universe_loader | UniverseLoader: loaded 5 groups (13 flat symbols) from config/ticker_universe.yaml (blacklist=0)
2026-08-31T11:10:42 | INFO     | app.scanning.universe_loader | UniverseLoader: 38 symbols from 4 group(s) (blacklist=0)
2026-08-31T11:10:42 | INFO     | session_runner | Universe scan: 38 symbols from 4 group(s) | max_active=6
2026-08-31T11:10:43 | WARNING  | app.scanning.yfinance_scanner | AlpacaScanner: no daily data for 1/38 symbols: ['SQ']
2026-08-31T11:10:45 | WARNING  | app.scanning.yfinance_scanner | YFinanceScanner: failed for SQ: No daily data returned for SQ
2026-08-31T11:10:45 | INFO     | session_runner | Scan: 20 passed, 18 rejected
2026-08-31T11:10:45 | INFO     | session_runner |   TSLA    score=87.0  signal=LONG     reasons: rvol=2.67x (high), atr=3.58% (wide-range), orb_breakout
2026-08-31T11:10:45 | INFO     | session_runner |   AAPL    score=72.0  signal=SHORT    reasons: rvol=1.04x (normal), atr=2.10% (wide-range), orb_breakdown
2026-08-31T11:10:45 | INFO     | session_runner |   IWM     score=70.0  signal=SHORT    reasons: rvol=1.61x (elevated), atr=1.02% (good range), orb_breakdown
2026-08-31T11:10:45 | INFO     | session_runner |   NVDA    score=70.0  signal=LONG     reasons: atr=3.56% (wide-range), orb_breakout, trend_up
2026-08-31T11:10:45 | INFO     | session_runner |   GOOGL   score=70.0  signal=SHORT    reasons: atr=2.18% (wide-range), orb_breakdown, trend_down
2026-08-31T11:10:45 | INFO     | app.strategies.liquidity_filter | LiquidityFilter: selected IWM260902P00292000 | delta=-0.368 | spread_pct=0.023 | OI=148 | vol=223
2026-08-31T11:10:45 | INFO     | app.scanning.alpaca_confirmer | AlpacaConfirmer: confirmed IWM | IWM260902P00292000 | exp=2026-09-02 | spread=2.27% | OI=148 | vol=223
2026-08-31T11:10:45 | INFO     | app.strategies.liquidity_filter | LiquidityFilter: no qualifying contracts for UBER SignalDirection.SHORT | total_candidates=41
2026-08-31T11:10:45 | INFO     | app.scanning.alpaca_confirmer | AlpacaConfirmer: no liquid contract for UBER (signal=SHORT)
2026-08-31T11:10:45 | INFO     | app.strategies.liquidity_filter | LiquidityFilter: no qualifying contracts for GOOGL SignalDirection.SHORT | total_candidates=49
2026-08-31T11:10:45 | INFO     | app.scanning.alpaca_confirmer | AlpacaConfirmer: no liquid contract for GOOGL (signal=SHORT)
2026-08-31T11:10:45 | INFO     | app.strategies.liquidity_filter | LiquidityFilter: no qualifying contracts for NVDA SignalDirection.LONG | total_candidates=65
2026-08-31T11:10:45 | INFO     | app.scanning.alpaca_confirmer | AlpacaConfirmer: liquidity_rejected_cost_cap | symbol=NVDA | option_symbol=NVDA260902C00205000 | ask=14.62 | ask_x_100=1462 | max_contract_cost=985
2026-08-31T11:10:45 | INFO     | app.scanning.alpaca_confirmer | AlpacaConfirmer: no liquid contract for NVDA (signal=LONG)
2026-08-31T11:10:45 | INFO     | app.strategies.liquidity_filter | LiquidityFilter: selected LYFT260904P00017000 | delta=-0.417 | spread_pct=0.038 | OI=333 | vol=545
2026-08-31T11:10:45 | INFO     | app.scanning.alpaca_confirmer | AlpacaConfirmer: confirmed LYFT | LYFT260904P00017000 | exp=2026-09-04 | spread=3.77% | OI=333 | vol=545
2026-08-31T11:10:45 | INFO     | app.strategies.liquidity_filter | LiquidityFilter: no qualifying contracts for XLE SignalDirection.SHORT | total_candidates=31
2026-08-31T11:10:45 | INFO     | app.scanning.alpaca_confirmer | AlpacaConfirmer: no liquid contract for XLE (signal=SHORT)
2026-08-31T11:10:45 | INFO     | app.strategies.liquidity_filter | LiquidityFilter: no qualifying contracts for AAPL SignalDirection.SHORT | total_candidates=56
2026-08-31T11:10:45 | INFO     | app.scanning.alpaca_confirmer | AlpacaConfirmer: no liquid contract for AAPL (signal=SHORT)
2026-08-31T11:10:45 | INFO     | app.strategies.liquidity_filter | LiquidityFilter: selected MSFT260902C00515000 | delta=0.385 | spread_pct=0.056 | OI=226 | vol=561
2026-08-31T11:10:45 | INFO     | app.scanning.alpaca_confirmer | AlpacaConfirmer: confirmed MSFT | MSFT260902C00515000 | exp=2026-09-02 | spread=5.63% | OI=226 | vol=561
2026-08-31T11:10:45 | INFO     | app.strategies.liquidity_filter | LiquidityFilter: selected MSTR260904C00133000 | delta=0.385 | spread_pct=0.024 | OI=472 | vol=2570
2026-08-31T11:10:45 | INFO     | app.scanning.alpaca_confirmer | AlpacaConfirmer: confirmed MSTR | MSTR260904C00133000 | exp=2026-09-04 | spread=2.43% | OI=472 | vol=2570
2026-08-31T11:10:45 | INFO     | app.strategies.liquidity_filter | LiquidityFilter: selected AMZN260902C00262500 | delta=0.442 | spread_pct=0.011 | OI=409 | vol=6613
2026-08-31T11:10:45 | INFO     | app.scanning.alpaca_confirmer | AlpacaConfirmer: confirmed AMZN | AMZN260902C00262500 | exp=2026-09-02 | spread=1.08% | OI=409 | vol=6613
2026-08-31T11:10:45 | INFO     | app.strategies.liquidity_filter | LiquidityFilter: selected TSLA260902C00370000 | delta=0.374 | spread_pct=0.037 | OI=1572 | vol=14155
2026-08-31T11:10:45 | INFO     | app.scanning.alpaca_confirmer | AlpacaConfirmer: confirmed TSLA | TSLA260902C00370000 | exp=2026-09-02 | spread=3.72% | OI=1572 | vol=14155
2026-08-31T11:10:45 | INFO     | app.strategies.liquidity_filter | LiquidityFilter: no qualifying contracts for AMD SignalDirection.SHORT | total_candidates=141
2026-08-31T11:10:45 | INFO     | app.scanning.alpaca_confirmer | AlpacaConfirmer: no liquid contract for AMD (signal=SHORT)
2026-08-31T11:10:45 | INFO     | session_runner | AlpacaConfirmer: 6 confirmed symbols: ['TSLA', 'IWM', 'MSTR', 'LYFT', 'MSFT', 'AMZN']
2026-08-31T11:10:45 | INFO     | session_runner | Re-scan updated active symbols: ['TSLA', 'IWM', 'MSTR', 'LYFT', 'MSFT', 'AMZN']
2026-08-31T11:10:45 | INFO     | session_runner | Broad-market regime | SPY=short
2026-08-31T11:10:46 | INFO     | session_runner | [bridge:TSLA] rsi_trend ready: sufficient bars
2026-08-31T11:10:46 | INFO     | session_runner | Stale signal: TSLA/orb age=76 min > max 10 min — skipped
2026-08-31T11:10:46 | INFO     | session_runner | [bridge:IWM] rsi_trend ready: sufficient bars
2026-08-31T11:10:46 | INFO     | session_runner | Stale signal: IWM/orb age=81 min > max 10 min — skipped
2026-08-31T11:10:46 | INFO     | session_runner | [bridge:MSTR] rsi_trend ready: sufficient bars
2026-08-31T11:10:46 | INFO     | session_runner | [bridge:LYFT] rsi_trend ready: sufficient bars
2026-08-31T11:10:46 | INFO     | session_runner | [bridge:MSFT] rsi_trend ready: sufficient bars
2026-08-31T11:10:46 | INFO     | session_runner | Stale signal: MSFT/vwap_reclaim age=11 min > max 10 min — skipped
2026-08-31T11:10:46 | INFO     | session_runner | Stale signal: MSFT/vwap_reclaim age=66 min > max 10 min — skipped
2026-08-31T11:10:46 | INFO     | session_runner | [bridge:AMZN] rsi_trend ready: sufficient bars
2026-08-31T11:11:16 | INFO     | session_runner | [cycle 192] 11:11:16 ET | positions=0 | entries=0
2026-08-31T11:11:17 | INFO     | session_runner | [bridge:TSLA] rsi_trend ready: sufficient bars
2026-08-31T11:11:17 | INFO     | session_runner | Stale signal: TSLA/orb age=76 min > max 10 min — skipped
2026-08-31T11:11:17 | INFO     | session_runner | [bridge:IWM] rsi_trend ready: sufficient bars
2026-08-31T11:11:17 | INFO     | session_runner | Stale signal: IWM/orb age=81 min > max 10 min — skipped
2026-08-31T11:11:17 | INFO     | session_runner | [bridge:MSTR] rsi_trend ready: sufficient bars
2026-08-31T11:11:17 | INFO     | session_runner | [bridge:LYFT] rsi_trend ready: sufficient bars
2026-08-31T11:11:18 | INFO     | session_runner | [bridge:MSFT] rsi_trend ready: sufficient bars
2026-08-31T11:11:18 | INFO     | session_runner | Stale signal: MSFT/vwap_reclaim age=11 min > max 10 min — skipped
2026-08-31T11:11:18 | INFO     | session_runner | Stale signal: MSFT/vwap_reclaim age=66 min > max 10 min — skipped
2026-08-31T11:11:18 | INFO     | session_runner | [bridge:AMZN] rsi_trend ready: sufficient bars
2026-08-31T11:11:48 | INFO     | session_runner | [cycle 193] 11:11:48 ET | positions=0 | entries=0
2026-08-31T11:11:48 | INFO     | session_runner | [bridge:TSLA] rsi_trend ready: sufficient bars
2026-08-31T11:11:48 | INFO     | session_runner | Stale signal: TSLA/orb age=77 min > max 10 min — skipped
2026-08-31T11:11:48 | INFO     | session_runner | [bridge:IWM] rsi_trend ready: sufficient bars
2026-08-31T11:11:48 | INFO     | session_runner | Stale signal: IWM/orb age=82 min > max 10 min — skipped
2026-08-31T11:11:48 | INFO     | session_runner | [bridge:MSTR] rsi_trend ready: sufficient bars
2026-08-31T11:11:49 | INFO     | session_runner | [bridge:LYFT] rsi_trend ready: sufficient bars
2026-08-31T11:11:49 | INFO     | session_runner | [bridge:MSFT] rsi_trend ready: sufficient bars
2026-08-31T11:11:49 | INFO     | session_runner | Stale signal: MSFT/vwap_reclaim age=12 min > max 10 min — skipped
2026-08-31T11:11:49 | INFO     | session_runner | Stale signal: MSFT/vwap_reclaim age=67 min > max 10 min — skipped
2026-08-31T11:11:49 | INFO     | session_runner | [bridge:AMZN] rsi_trend ready: sufficient bars
2026-08-31T11:12:19 | INFO     | session_runner | [cycle 194] 11:12:19 ET | positions=0 | entries=0
2026-08-31T11:12:19 | INFO     | app.trading.reconciler | Reconciliation done: broker_pos=0 local_pos=0 broker_orders=0 local_pending=0 repaired=0 flagged=0 orders_confirmed=True positions_confirmed=True
2026-08-31T11:12:19 | INFO     | session_runner | [bridge:TSLA] rsi_trend ready: sufficient bars
2026-08-31T11:12:19 | INFO     | session_runner | Stale signal: TSLA/orb age=77 min > max 10 min — skipped
2026-08-31T11:12:20 | INFO     | session_runner | [bridge:IWM] rsi_trend ready: sufficient bars
2026-08-31T11:12:20 | INFO     | session_runner | Stale signal: IWM/orb age=82 min > max 10 min — skipped
2026-08-31T11:12:20 | INFO     | session_runner | [bridge:MSTR] rsi_trend ready: sufficient bars
2026-08-31T11:12:20 | INFO     | session_runner | [bridge:LYFT] rsi_trend ready: sufficient bars
2026-08-31T11:12:20 | INFO     | session_runner | [bridge:MSFT] rsi_trend ready: sufficient bars
2026-08-31T11:12:20 | INFO     | session_runner | Stale signal: MSFT/vwap_reclaim age=12 min > max 10 min — skipped
2026-08-31T11:12:20 | INFO     | session_runner | Stale signal: MSFT/vwap_reclaim age=67 min > max 10 min — skipped
2026-08-31T11:12:20 | INFO     | session_runner | [bridge:AMZN] rsi_trend ready: sufficient bars
2026-08-31T11:12:50 | INFO     | session_runner | [cycle 195] 11:12:50 ET | positions=0 | entries=0
2026-08-31T11:12:51 | INFO     | session_runner | [bridge:TSLA] rsi_trend ready: sufficient bars
2026-08-31T11:12:51 | INFO     | session_runner | Stale signal: TSLA/orb age=78 min > max 10 min — skipped
2026-08-31T11:12:51 | INFO     | session_runner | [bridge:IWM] rsi_trend ready: sufficient bars
2026-08-31T11:12:51 | INFO     | session_runner | Stale signal: IWM/orb age=83 min > max 10 min — skipped
2026-08-31T11:12:51 | INFO     | session_runner | [bridge:MSTR] rsi_trend ready: sufficient bars
2026-08-31T11:12:51 | INFO     | session_runner | [bridge:LYFT] rsi_trend ready: sufficient bars
2026-08-31T11:12:51 | INFO     | session_runner | [bridge:MSFT] rsi_trend ready: sufficient bars
2026-08-31T11:12:51 | INFO     | session_runner | Stale signal: MSFT/vwap_reclaim age=13 min > max 10 min — skipped
2026-08-31T11:12:51 | INFO     | session_runner | Stale signal: MSFT/vwap_reclaim age=68 min > max 10 min — skipped
2026-08-31T11:12:51 | INFO     | session_runner | [bridge:AMZN] rsi_trend ready: sufficient bars
2026-08-31T11:13:21 | INFO     | session_runner | [cycle 196] 11:13:21 ET | positions=0 | entries=0
2026-08-31T11:13:22 | INFO     | session_runner | [bridge:TSLA] rsi_trend ready: sufficient bars
2026-08-31T11:13:22 | INFO     | session_runner | Stale signal: TSLA/orb age=78 min > max 10 min — skipped
2026-08-31T11:13:22 | INFO     | session_runner | [bridge:IWM] rsi_trend ready: sufficient bars
2026-08-31T11:13:22 | INFO     | session_runner | Stale signal: IWM/orb age=83 min > max 10 min — skipped
2026-08-31T11:13:22 | INFO     | session_runner | [bridge:MSTR] rsi_trend ready: sufficient bars
2026-08-31T11:13:22 | INFO     | session_runner | [bridge:LYFT] rsi_trend ready: sufficient bars
2026-08-31T11:13:22 | INFO     | session_runner | [bridge:MSFT] rsi_trend ready: sufficient bars
2026-08-31T11:13:22 | INFO     | session_runner | Stale signal: MSFT/vwap_reclaim age=13 min > max 10 min — skipped
2026-08-31T11:13:22 | INFO     | session_runner | Stale signal: MSFT/vwap_reclaim age=68 min > max 10 min — skipped
2026-08-31T11:13:23 | INFO     | session_runner | [bridge:AMZN] rsi_trend ready: sufficient bars
2026-08-31T11:13:53 | INFO     | session_runner | [cycle 197] 11:13:53 ET | positions=0 | entries=0
2026-08-31T11:13:53 | INFO     | session_runner | [bridge:TSLA] rsi_trend ready: sufficient bars
2026-08-31T11:13:53 | INFO     | session_runner | Stale signal: TSLA/orb age=79 min > max 10 min — skipped
2026-08-31T11:13:53 | INFO     | session_runner | [bridge:IWM] rsi_trend ready: sufficient bars
2026-08-31T11:13:53 | INFO     | session_runner | Stale signal: IWM/orb age=84 min > max 10 min — skipped
2026-08-31T11:13:53 | INFO     | session_runner | [bridge:MSTR] rsi_trend ready: sufficient bars
2026-08-31T11:13:53 | INFO     | session_runner | [bridge:LYFT] rsi_trend ready: sufficient bars
2026-08-31T11:13:54 | INFO     | session_runner | [bridge:MSFT] rsi_trend ready: sufficient bars
2026-08-31T11:13:54 | INFO     | session_runner | Stale signal: MSFT/vwap_reclaim age=14 min > max 10 min — skipped
2026-08-31T11:13:54 | INFO     | session_runner | Stale signal: MSFT/vwap_reclaim age=69 min > max 10 min — skipped
2026-08-31T11:13:54 | INFO     | session_runner | [bridge:AMZN] rsi_trend ready: sufficient bars
2026-08-31T11:14:24 | INFO     | session_runner | [cycle 198] 11:14:24 ET | positions=0 | entries=0
2026-08-31T11:14:24 | INFO     | session_runner | [bridge:TSLA] rsi_trend ready: sufficient bars
2026-08-31T11:14:24 | INFO     | session_runner | Stale signal: TSLA/orb age=79 min > max 10 min — skipped
2026-08-31T11:14:24 | INFO     | session_runner | [bridge:IWM] rsi_trend ready: sufficient bars
2026-08-31T11:14:24 | INFO     | session_runner | Stale signal: IWM/orb age=84 min > max 10 min — skipped
2026-08-31T11:14:24 | INFO     | session_runner | [bridge:MSTR] rsi_trend ready: sufficient bars
2026-08-31T11:14:24 | INFO     | session_runner | [bridge:LYFT] rsi_trend ready: sufficient bars
2026-08-31T11:14:25 | INFO     | session_runner | [bridge:MSFT] rsi_trend ready: sufficient bars
2026-08-31T11:14:25 | INFO     | session_runner | Stale signal: MSFT/vwap_reclaim age=14 min > max 10 min — skipped
2026-08-31T11:14:25 | INFO     | session_runner | Stale signal: MSFT/vwap_reclaim age=69 min > max 10 min — skipped
2026-08-31T11:14:25 | INFO     | session_runner | [bridge:AMZN] rsi_trend ready: sufficient bars
2026-08-31T11:14:55 | INFO     | session_runner | [cycle 199] 11:14:55 ET | positions=0 | entries=0
2026-08-31T11:14:55 | INFO     | session_runner | [bridge:TSLA] rsi_trend ready: sufficient bars
2026-08-31T11:14:55 | INFO     | session_runner | Stale signal: TSLA/orb age=80 min > max 10 min — skipped
2026-08-31T11:14:55 | INFO     | session_runner | [bridge:IWM] rsi_trend ready: sufficient bars
2026-08-31T11:14:55 | INFO     | session_runner | Stale signal: IWM/orb age=85 min > max 10 min — skipped
2026-08-31T11:14:55 | INFO     | session_runner | [bridge:MSTR] rsi_trend ready: sufficient bars
2026-08-31T11:14:56 | INFO     | session_runner | [bridge:LYFT] rsi_trend ready: sufficient bars
2026-08-31T11:14:56 | INFO     | session_runner | [bridge:MSFT] rsi_trend ready: sufficient bars
2026-08-31T11:14:56 | INFO     | session_runner | Stale signal: MSFT/vwap_reclaim age=15 min > max 10 min — skipped
2026-08-31T11:14:56 | INFO     | session_runner | Stale signal: MSFT/vwap_reclaim age=70 min > max 10 min — skipped
2026-08-31T11:14:56 | INFO     | session_runner | [bridge:AMZN] rsi_trend ready: sufficient bars
2026-08-31T11:15:26 | INFO     | session_runner | [cycle 200] 11:15:26 ET | positions=0 | entries=0
2026-08-31T11:15:27 | INFO     | session_runner | [bridge:TSLA] rsi_trend ready: sufficient bars
2026-08-31T11:15:27 | INFO     | session_runner | Stale signal: TSLA/orb age=80 min > max 10 min — skipped
2026-08-31T11:15:27 | INFO     | session_runner | [bridge:IWM] rsi_trend ready: sufficient bars
2026-08-31T11:15:27 | INFO     | session_runner | Stale signal: IWM/orb age=85 min > max 10 min — skipped
2026-08-31T11:15:27 | INFO     | session_runner | [bridge:MSTR] rsi_trend ready: sufficient bars
2026-08-31T11:15:27 | INFO     | session_runner | [bridge:LYFT] rsi_trend ready: sufficient bars
2026-08-31T11:15:27 | INFO     | session_runner | [bridge:MSFT] rsi_trend ready: sufficient bars
2026-08-31T11:15:27 | INFO     | session_runner | Stale signal: MSFT/vwap_reclaim age=15 min > max 10 min — skipped
2026-08-31T11:15:27 | INFO     | session_runner | Stale signal: MSFT/vwap_reclaim age=70 min > max 10 min — skipped
2026-08-31T11:15:27 | INFO     | session_runner | [bridge:AMZN] rsi_trend ready: sufficient bars
2026-08-31T11:15:27 | INFO     | session_runner | Signal quality blocked | AMZN/vwap_reclaim score=2.0 < 3.0
2026-08-31T11:15:28 | INFO     | app.strategies.liquidity_filter | LiquidityFilter: no qualifying contracts for AMZN SignalDirection.LONG | total_candidates=53
2026-08-31T11:15:28 | INFO     | app.evaluation.shadow_book | ShadowBook: 20260831-4589-AMZN-vwap_reclaim blocked (signal_quality_below_min) but not priceable — signal logged, no simulation
2026-08-31T11:15:28 | INFO     | app.evaluation.shadow_book | ShadowBook: 20260831-4590-AMZN-vwap_reclaim-breakeven-25 blocked (exit_policy_counterfactual) but not priceable — signal logged, no simulation
2026-08-31T11:15:28 | INFO     | app.evaluation.shadow_book | ShadowBook: 20260831-4591-AMZN-vwap_reclaim-partial-25-breakeven blocked (exit_policy_counterfactual) but not priceable — signal logged, no simulation
2026-08-31T11:15:28 | INFO     | app.strategies.liquidity_filter | LiquidityFilter: selected AMZN260902P00260000 | delta=-0.376 | spread_pct=0.046 | OI=162 | vol=4242
2026-08-31T11:15:28 | INFO     | app.evaluation.shadow_book | ShadowBook: simulating vwap_reclaim/inverted AMZN260902P00260000 @ 1.5600 (blocked: inverted_direction_counterfactual, fill-validated at entry)
2026-08-31T11:15:58 | INFO     | session_runner | [cycle 201] 11:15:58 ET | positions=0 | entries=0
2026-08-31T11:15:58 | INFO     | session_runner | Periodic universe re-scan …
2026-08-31T11:15:58 | INFO     | app.scanning.universe_loader | UniverseLoader: loaded 5 groups (13 flat symbols) from config/ticker_universe.yaml (blacklist=0)
2026-08-31T11:15:58 | INFO     | app.scanning.universe_loader | UniverseLoader: 38 symbols from 4 group(s) (blacklist=0)
2026-08-31T11:15:58 | INFO     | session_runner | Universe scan: 38 symbols from 4 group(s) | max_active=6
2026-08-31T11:15:59 | WARNING  | app.scanning.yfinance_scanner | AlpacaScanner: no daily data for 1/38 symbols: ['SQ']
2026-08-31T11:16:01 | WARNING  | app.scanning.yfinance_scanner | YFinanceScanner: failed for SQ: No daily data returned for SQ
2026-08-31T11:16:02 | INFO     | session_runner | Scan: 17 passed, 21 rejected
2026-08-31T11:16:02 | INFO     | session_runner |   TSLA    score=82.0  signal=LONG     reasons: rvol=2.61x (high), atr=3.58% (wide-range), orb_breakout
2026-08-31T11:16:02 | INFO     | session_runner |   AAPL    score=72.0  signal=SHORT    reasons: rvol=1.00x (normal), atr=2.10% (wide-range), orb_breakdown
2026-08-31T11:16:02 | INFO     | session_runner |   IWM     score=70.0  signal=SHORT    reasons: rvol=1.58x (elevated), atr=1.02% (good range), orb_breakdown
2026-08-31T11:16:02 | INFO     | session_runner |   GOOGL   score=70.0  signal=SHORT    reasons: atr=2.18% (wide-range), orb_breakdown, trend_down
2026-08-31T11:16:02 | INFO     | session_runner |   UBER    score=62.0  signal=SHORT    reasons: atr=3.55% (wide-range), orb_breakdown, trend_sideways
2026-08-31T11:16:02 | INFO     | app.strategies.liquidity_filter | LiquidityFilter: selected GOOGL260902P00337500 | delta=-0.409 | spread_pct=0.034 | OI=152 | vol=773
2026-08-31T11:16:02 | INFO     | app.scanning.alpaca_confirmer | AlpacaConfirmer: confirmed GOOGL | GOOGL260902P00337500 | exp=2026-09-02 | spread=3.37% | OI=152 | vol=773
2026-08-31T11:16:02 | INFO     | app.strategies.liquidity_filter | LiquidityFilter: selected UBER260904P00075000 | delta=-0.357 | spread_pct=0.078 | OI=1590 | vol=3912
2026-08-31T11:16:02 | INFO     | app.scanning.alpaca_confirmer | AlpacaConfirmer: confirmed UBER | UBER260904P00075000 | exp=2026-09-04 | spread=7.79% | OI=1590 | vol=3912
2026-08-31T11:16:02 | INFO     | app.strategies.liquidity_filter | LiquidityFilter: no qualifying contracts for LYFT SignalDirection.SHORT | total_candidates=35
2026-08-31T11:16:02 | INFO     | app.scanning.alpaca_confirmer | AlpacaConfirmer: no liquid contract for LYFT (signal=SHORT)
2026-08-31T11:16:02 | INFO     | app.strategies.liquidity_filter | LiquidityFilter: no qualifying contracts for XLE SignalDirection.SHORT | total_candidates=31
2026-08-31T11:16:02 | INFO     | app.scanning.alpaca_confirmer | AlpacaConfirmer: no liquid contract for XLE (signal=SHORT)
2026-08-31T11:16:02 | INFO     | app.strategies.liquidity_filter | LiquidityFilter: no qualifying contracts for SOFI SignalDirection.LONG | total_candidates=31
2026-08-31T11:16:02 | INFO     | app.scanning.alpaca_confirmer | AlpacaConfirmer: no liquid contract for SOFI (signal=LONG)
2026-08-31T11:16:02 | INFO     | app.strategies.liquidity_filter | LiquidityFilter: selected IWM260902P00292000 | delta=-0.370 | spread_pct=0.022 | OI=148 | vol=224
2026-08-31T11:16:02 | INFO     | app.scanning.alpaca_confirmer | AlpacaConfirmer: confirmed IWM | IWM260902P00292000 | exp=2026-09-02 | spread=2.17% | OI=148 | vol=224
2026-08-31T11:16:02 | INFO     | app.strategies.liquidity_filter | LiquidityFilter: selected AMZN260902C00262500 | delta=0.444 | spread_pct=0.021 | OI=409 | vol=7142
2026-08-31T11:16:02 | INFO     | app.scanning.alpaca_confirmer | AlpacaConfirmer: confirmed AMZN | AMZN260902C00262500 | exp=2026-09-02 | spread=2.08% | OI=409 | vol=7142
2026-08-31T11:16:02 | INFO     | app.strategies.liquidity_filter | LiquidityFilter: no qualifying contracts for NVDA SignalDirection.LONG | total_candidates=65
2026-08-31T11:16:02 | INFO     | app.scanning.alpaca_confirmer | AlpacaConfirmer: no liquid contract for NVDA (signal=LONG)
2026-08-31T11:16:02 | INFO     | app.strategies.liquidity_filter | LiquidityFilter: no qualifying contracts for AAPL SignalDirection.SHORT | total_candidates=56
2026-08-31T11:16:02 | INFO     | app.scanning.alpaca_confirmer | AlpacaConfirmer: no liquid contract for AAPL (signal=SHORT)
2026-08-31T11:16:02 | INFO     | app.strategies.liquidity_filter | LiquidityFilter: selected MSTR260904C00132000 | delta=0.403 | spread_pct=0.026 | OI=586 | vol=3007
2026-08-31T11:16:02 | INFO     | app.scanning.alpaca_confirmer | AlpacaConfirmer: confirmed MSTR | MSTR260904C00132000 | exp=2026-09-04 | spread=2.65% | OI=586 | vol=3007
2026-08-31T11:16:02 | INFO     | app.strategies.liquidity_filter | LiquidityFilter: no qualifying contracts for AMD SignalDirection.SHORT | total_candidates=141
2026-08-31T11:16:02 | INFO     | app.scanning.alpaca_confirmer | AlpacaConfirmer: no liquid contract for AMD (signal=SHORT)
2026-08-31T11:16:02 | INFO     | app.strategies.liquidity_filter | LiquidityFilter: selected TSLA260902C00370000 | delta=0.374 | spread_pct=0.031 | OI=1572 | vol=15039
2026-08-31T11:16:02 | INFO     | app.scanning.alpaca_confirmer | AlpacaConfirmer: confirmed TSLA | TSLA260902C00370000 | exp=2026-09-02 | spread=3.09% | OI=1572 | vol=15039
2026-08-31T11:16:02 | INFO     | session_runner | AlpacaConfirmer: 6 confirmed symbols: ['TSLA', 'IWM', 'GOOGL', 'UBER', 'AMZN', 'MSTR']
2026-08-31T11:16:02 | INFO     | session_runner | Re-scan updated active symbols: ['TSLA', 'IWM', 'GOOGL', 'UBER', 'AMZN', 'MSTR']
2026-08-31T11:16:02 | INFO     | session_runner | Broad-market regime | SPY=short
2026-08-31T11:16:02 | INFO     | session_runner | [bridge:TSLA] rsi_trend ready: sufficient bars
2026-08-31T11:16:02 | INFO     | session_runner | Stale signal: TSLA/orb age=81 min > max 10 min — skipped
2026-08-31T11:16:03 | INFO     | session_runner | [bridge:IWM] rsi_trend ready: sufficient bars
2026-08-31T11:16:03 | INFO     | session_runner | Stale signal: IWM/orb age=86 min > max 10 min — skipped
2026-08-31T11:16:03 | INFO     | session_runner | [bridge:GOOGL] rsi_trend ready: sufficient bars
2026-08-31T11:16:03 | INFO     | session_runner | Stale signal: GOOGL/vwap_reclaim age=96 min > max 10 min — skipped
2026-08-31T11:16:03 | INFO     | session_runner | [bridge:UBER] rsi_trend ready: sufficient bars
2026-08-31T11:16:03 | INFO     | session_runner | Stale signal: UBER/orb age=86 min > max 10 min — skipped
2026-08-31T11:16:03 | INFO     | session_runner | [bridge:AMZN] rsi_trend ready: sufficient bars
2026-08-31T11:16:03 | INFO     | session_runner | Signal quality blocked | AMZN/vwap_reclaim score=2.0 < 3.0
2026-08-31T11:16:03 | INFO     | app.strategies.liquidity_filter | LiquidityFilter: selected AMZN260902C00262500 | delta=0.443 | spread_pct=0.005 | OI=409 | vol=7142
2026-08-31T11:16:03 | INFO     | session_runner | [bridge:MSTR] rsi_trend ready: sufficient bars
2026-08-31T11:16:33 | INFO     | session_runner | [cycle 202] 11:16:33 ET | positions=0 | entries=0
2026-08-31T11:16:34 | INFO     | session_runner | [bridge:TSLA] rsi_trend ready: sufficient bars
2026-08-31T11:16:34 | INFO     | session_runner | Stale signal: TSLA/orb age=82 min > max 10 min — skipped
2026-08-31T11:16:35 | INFO     | session_runner | [bridge:IWM] rsi_trend ready: sufficient bars
2026-08-31T11:16:35 | INFO     | session_runner | Stale signal: IWM/orb age=87 min > max 10 min — skipped
2026-08-31T11:16:35 | INFO     | session_runner | [bridge:GOOGL] rsi_trend ready: sufficient bars
2026-08-31T11:16:35 | INFO     | session_runner | Stale signal: GOOGL/vwap_reclaim age=97 min > max 10 min — skipped
2026-08-31T11:16:35 | INFO     | session_runner | [bridge:UBER] rsi_trend ready: sufficient bars
2026-08-31T11:16:35 | INFO     | session_runner | Stale signal: UBER/orb age=87 min > max 10 min — skipped
2026-08-31T11:16:35 | INFO     | session_runner | [bridge:AMZN] rsi_trend ready: sufficient bars
2026-08-31T11:16:35 | INFO     | session_runner | Signal quality blocked | AMZN/vwap_reclaim score=2.0 < 3.0
2026-08-31T11:16:35 | INFO     | app.strategies.liquidity_filter | LiquidityFilter: selected AMZN260902C00262500 | delta=0.433 | spread_pct=0.044 | OI=409 | vol=7142
2026-08-31T11:16:35 | INFO     | session_runner | [bridge:MSTR] rsi_trend ready: sufficient bars
2026-08-31T11:17:05 | INFO     | session_runner | [cycle 203] 11:17:05 ET | positions=0 | entries=0
2026-08-31T11:17:06 | INFO     | session_runner | [bridge:TSLA] rsi_trend ready: sufficient bars
2026-08-31T11:17:06 | INFO     | session_runner | Stale signal: TSLA/orb age=82 min > max 10 min — skipped
2026-08-31T11:17:06 | INFO     | session_runner | [bridge:IWM] rsi_trend ready: sufficient bars
2026-08-31T11:17:06 | INFO     | session_runner | Stale signal: IWM/orb age=87 min > max 10 min — skipped
2026-08-31T11:17:06 | INFO     | session_runner | [bridge:GOOGL] rsi_trend ready: sufficient bars
2026-08-31T11:17:06 | INFO     | session_runner | Stale signal: GOOGL/vwap_reclaim age=97 min > max 10 min — skipped
2026-08-31T11:17:06 | INFO     | session_runner | [bridge:UBER] rsi_trend ready: sufficient bars
2026-08-31T11:17:06 | INFO     | session_runner | Stale signal: UBER/orb age=87 min > max 10 min — skipped
2026-08-31T11:17:07 | INFO     | session_runner | [bridge:AMZN] rsi_trend ready: sufficient bars
2026-08-31T11:17:07 | INFO     | session_runner | Signal quality blocked | AMZN/vwap_reclaim score=2.0 < 3.0
2026-08-31T11:17:07 | INFO     | app.strategies.liquidity_filter | LiquidityFilter: selected AMZN260902C00262500 | delta=0.425 | spread_pct=0.028 | OI=409 | vol=7166
2026-08-31T11:17:07 | INFO     | session_runner | [bridge:MSTR] rsi_trend ready: sufficient bars
2026-08-31T11:17:37 | INFO     | session_runner | [cycle 204] 11:17:37 ET | positions=0 | entries=0
2026-08-31T11:17:37 | INFO     | session_runner | [bridge:TSLA] rsi_trend ready: sufficient bars
2026-08-31T11:17:37 | INFO     | session_runner | Stale signal: TSLA/orb age=83 min > max 10 min — skipped
2026-08-31T11:17:37 | INFO     | session_runner | [bridge:IWM] rsi_trend ready: sufficient bars
2026-08-31T11:17:37 | INFO     | session_runner | Stale signal: IWM/orb age=88 min > max 10 min — skipped
2026-08-31T11:17:38 | INFO     | session_runner | [bridge:GOOGL] rsi_trend ready: sufficient bars
2026-08-31T11:17:38 | INFO     | session_runner | Stale signal: GOOGL/vwap_reclaim age=98 min > max 10 min — skipped
2026-08-31T11:17:38 | INFO     | session_runner | [bridge:UBER] rsi_trend ready: sufficient bars
2026-08-31T11:17:38 | INFO     | session_runner | Stale signal: UBER/orb age=88 min > max 10 min — skipped
2026-08-31T11:17:38 | INFO     | session_runner | [bridge:AMZN] rsi_trend ready: sufficient bars
2026-08-31T11:17:38 | INFO     | session_runner | Signal quality blocked | AMZN/vwap_reclaim score=2.0 < 3.0
2026-08-31T11:17:38 | INFO     | app.strategies.liquidity_filter | LiquidityFilter: selected AMZN260902C00262500 | delta=0.424 | spread_pct=0.034 | OI=409 | vol=7166
2026-08-31T11:17:38 | INFO     | session_runner | [bridge:MSTR] rsi_trend ready: sufficient bars
2026-08-31T11:18:08 | INFO     | session_runner | [cycle 205] 11:18:08 ET | positions=0 | entries=0
2026-08-31T11:18:09 | INFO     | session_runner | [bridge:TSLA] rsi_trend ready: sufficient bars
2026-08-31T11:18:09 | INFO     | session_runner | Stale signal: TSLA/orb age=83 min > max 10 min — skipped
2026-08-31T11:18:09 | INFO     | session_runner | [bridge:IWM] rsi_trend ready: sufficient bars
2026-08-31T11:18:09 | INFO     | session_runner | Stale signal: IWM/orb age=88 min > max 10 min — skipped
2026-08-31T11:18:09 | INFO     | session_runner | [bridge:GOOGL] rsi_trend ready: sufficient bars
2026-08-31T11:18:09 | INFO     | session_runner | Stale signal: GOOGL/vwap_reclaim age=98 min > max 10 min — skipped
2026-08-31T11:18:09 | INFO     | session_runner | [bridge:UBER] rsi_trend ready: sufficient bars
2026-08-31T11:18:09 | INFO     | session_runner | Stale signal: UBER/orb age=88 min > max 10 min — skipped
2026-08-31T11:18:09 | INFO     | session_runner | [bridge:AMZN] rsi_trend ready: sufficient bars
2026-08-31T11:18:09 | INFO     | session_runner | Signal quality blocked | AMZN/vwap_reclaim score=2.0 < 3.0
2026-08-31T11:18:10 | INFO     | app.strategies.liquidity_filter | LiquidityFilter: selected AMZN260902C00262500 | delta=0.431 | spread_pct=0.033 | OI=409 | vol=7183
2026-08-31T11:18:10 | INFO     | session_runner | [bridge:MSTR] rsi_trend ready: sufficient bars
2026-08-31T11:18:40 | INFO     | session_runner | [cycle 206] 11:18:40 ET | positions=0 | entries=0
2026-08-31T11:18:40 | INFO     | session_runner | [bridge:TSLA] rsi_trend ready: sufficient bars
2026-08-31T11:18:40 | INFO     | session_runner | Stale signal: TSLA/orb age=84 min > max 10 min — skipped
2026-08-31T11:18:40 | INFO     | session_runner | [bridge:IWM] rsi_trend ready: sufficient bars
2026-08-31T11:18:40 | INFO     | session_runner | Stale signal: IWM/orb age=89 min > max 10 min — skipped
2026-08-31T11:18:40 | INFO     | session_runner | [bridge:GOOGL] rsi_trend ready: sufficient bars
2026-08-31T11:18:40 | INFO     | session_runner | Stale signal: GOOGL/vwap_reclaim age=99 min > max 10 min — skipped
2026-08-31T11:18:41 | INFO     | session_runner | [bridge:UBER] rsi_trend ready: sufficient bars
2026-08-31T11:18:41 | INFO     | session_runner | Stale signal: UBER/orb age=89 min > max 10 min — skipped
2026-08-31T11:18:41 | INFO     | session_runner | [bridge:AMZN] rsi_trend ready: sufficient bars
2026-08-31T11:18:41 | INFO     | session_runner | Signal quality blocked | AMZN/vwap_reclaim score=2.0 < 3.0
2026-08-31T11:18:41 | INFO     | app.strategies.liquidity_filter | LiquidityFilter: selected AMZN260902C00262500 | delta=0.425 | spread_pct=0.011 | OI=409 | vol=7183
2026-08-31T11:18:41 | INFO     | session_runner | [bridge:MSTR] rsi_trend ready: sufficient bars
2026-08-31T11:19:11 | INFO     | session_runner | [cycle 207] 11:19:11 ET | positions=0 | entries=0
2026-08-31T11:19:11 | INFO     | session_runner | [bridge:TSLA] rsi_trend ready: sufficient bars
2026-08-31T11:19:11 | INFO     | session_runner | Stale signal: TSLA/orb age=84 min > max 10 min — skipped
2026-08-31T11:19:11 | INFO     | session_runner | [bridge:IWM] rsi_trend ready: sufficient bars
2026-08-31T11:19:11 | INFO     | session_runner | Stale signal: IWM/orb age=89 min > max 10 min — skipped
2026-08-31T11:19:12 | INFO     | session_runner | [bridge:GOOGL] rsi_trend ready: sufficient bars
2026-08-31T11:19:12 | INFO     | session_runner | Stale signal: GOOGL/vwap_reclaim age=99 min > max 10 min — skipped
2026-08-31T11:19:12 | INFO     | session_runner | [bridge:UBER] rsi_trend ready: sufficient bars
2026-08-31T11:19:12 | INFO     | session_runner | Stale signal: UBER/orb age=89 min > max 10 min — skipped
2026-08-31T11:19:12 | INFO     | session_runner | [bridge:AMZN] rsi_trend ready: sufficient bars
2026-08-31T11:19:12 | INFO     | session_runner | Signal quality blocked | AMZN/vwap_reclaim score=2.0 < 3.0
2026-08-31T11:19:12 | INFO     | app.strategies.liquidity_filter | LiquidityFilter: selected AMZN260902C00262500 | delta=0.442 | spread_pct=0.022 | OI=409 | vol=7253
2026-08-31T11:19:12 | INFO     | session_runner | [bridge:MSTR] rsi_trend ready: sufficient bars
2026-08-31T11:19:42 | INFO     | session_runner | [cycle 208] 11:19:42 ET | positions=0 | entries=0
2026-08-31T11:19:43 | INFO     | session_runner | [bridge:TSLA] rsi_trend ready: sufficient bars
2026-08-31T11:19:43 | INFO     | session_runner | Stale signal: TSLA/orb age=85 min > max 10 min — skipped
2026-08-31T11:19:43 | INFO     | session_runner | [bridge:IWM] rsi_trend ready: sufficient bars
2026-08-31T11:19:43 | INFO     | session_runner | Stale signal: IWM/orb age=90 min > max 10 min — skipped
2026-08-31T11:19:43 | INFO     | session_runner | [bridge:GOOGL] rsi_trend ready: sufficient bars
2026-08-31T11:19:43 | INFO     | session_runner | Stale signal: GOOGL/vwap_reclaim age=100 min > max 10 min — skipped
2026-08-31T11:19:43 | INFO     | session_runner | [bridge:UBER] rsi_trend ready: sufficient bars
2026-08-31T11:19:43 | INFO     | session_runner | Stale signal: UBER/orb age=90 min > max 10 min — skipped
2026-08-31T11:19:43 | INFO     | session_runner | [bridge:AMZN] rsi_trend ready: sufficient bars
2026-08-31T11:19:43 | INFO     | session_runner | Signal quality blocked | AMZN/vwap_reclaim score=2.0 < 3.0
2026-08-31T11:19:43 | INFO     | app.strategies.liquidity_filter | LiquidityFilter: selected AMZN260902C00262500 | delta=0.438 | spread_pct=0.027 | OI=409 | vol=7253
2026-08-31T11:19:43 | INFO     | session_runner | [bridge:MSTR] rsi_trend ready: sufficient bars
2026-08-31T11:20:13 | INFO     | session_runner | [cycle 209] 11:20:13 ET | positions=0 | entries=0
2026-08-31T11:20:14 | INFO     | session_runner | [bridge:TSLA] rsi_trend ready: sufficient bars
2026-08-31T11:20:14 | INFO     | session_runner | Stale signal: TSLA/orb age=85 min > max 10 min — skipped
2026-08-31T11:20:14 | INFO     | session_runner | [bridge:IWM] rsi_trend ready: sufficient bars
2026-08-31T11:20:14 | INFO     | session_runner | Stale signal: IWM/orb age=90 min > max 10 min — skipped
2026-08-31T11:20:14 | INFO     | session_runner | [bridge:GOOGL] rsi_trend ready: sufficient bars
2026-08-31T11:20:14 | INFO     | session_runner | Stale signal: GOOGL/vwap_reclaim age=100 min > max 10 min — skipped
2026-08-31T11:20:15 | INFO     | session_runner | [bridge:UBER] rsi_trend ready: sufficient bars
2026-08-31T11:20:15 | INFO     | session_runner | Stale signal: UBER/orb age=90 min > max 10 min — skipped
2026-08-31T11:20:15 | INFO     | session_runner | [bridge:AMZN] rsi_trend ready: sufficient bars
2026-08-31T11:20:15 | INFO     | session_runner | Stale signal: AMZN/vwap_reclaim age=10 min > max 10 min — skipped
2026-08-31T11:20:15 | INFO     | session_runner | [bridge:MSTR] rsi_trend ready: sufficient bars
2026-08-31T11:20:45 | INFO     | session_runner | [cycle 210] 11:20:45 ET | positions=0 | entries=0
2026-08-31T11:20:45 | INFO     | session_runner | [bridge:TSLA] rsi_trend ready: sufficient bars
2026-08-31T11:20:45 | INFO     | session_runner | Stale signal: TSLA/orb age=86 min > max 10 min — skipped
2026-08-31T11:20:46 | INFO     | session_runner | [bridge:IWM] rsi_trend ready: sufficient bars
2026-08-31T11:20:46 | INFO     | session_runner | Stale signal: IWM/orb age=91 min > max 10 min — skipped
2026-08-31T11:20:46 | INFO     | session_runner | [bridge:GOOGL] rsi_trend ready: sufficient bars
2026-08-31T11:20:46 | INFO     | session_runner | Stale signal: GOOGL/vwap_reclaim age=101 min > max 10 min — skipped
2026-08-31T11:20:46 | INFO     | session_runner | [bridge:UBER] rsi_trend ready: sufficient bars
2026-08-31T11:20:46 | INFO     | session_runner | Stale signal: UBER/orb age=91 min > max 10 min — skipped
2026-08-31T11:20:46 | INFO     | session_runner | [bridge:AMZN] rsi_trend ready: sufficient bars
2026-08-31T11:20:46 | INFO     | session_runner | Stale signal: AMZN/vwap_reclaim age=11 min > max 10 min — skipped
2026-08-31T11:20:46 | INFO     | session_runner | [bridge:MSTR] rsi_trend ready: sufficient bars
2026-08-31T11:21:16 | INFO     | session_runner | [cycle 211] 11:21:16 ET | positions=0 | entries=0
2026-08-31T11:21:17 | INFO     | session_runner | Periodic universe re-scan …
2026-08-31T11:21:17 | INFO     | app.scanning.universe_loader | UniverseLoader: loaded 5 groups (13 flat symbols) from config/ticker_universe.yaml (blacklist=0)
2026-08-31T11:21:17 | INFO     | app.scanning.universe_loader | UniverseLoader: 38 symbols from 4 group(s) (blacklist=0)
2026-08-31T11:21:17 | INFO     | session_runner | Universe scan: 38 symbols from 4 group(s) | max_active=6
2026-08-31T11:21:17 | WARNING  | app.scanning.yfinance_scanner | AlpacaScanner: no daily data for 1/38 symbols: ['SQ']
2026-08-31T11:21:19 | WARNING  | app.scanning.yfinance_scanner | YFinanceScanner: failed for SQ: No daily data returned for SQ
2026-08-31T11:21:19 | INFO     | session_runner | Scan: 16 passed, 22 rejected
2026-08-31T11:21:19 | INFO     | session_runner |   TSLA    score=87.0  signal=LONG     reasons: rvol=2.44x (high), atr=3.58% (wide-range), orb_breakout
2026-08-31T11:21:19 | INFO     | session_runner |   NVDA    score=70.0  signal=LONG     reasons: atr=3.55% (wide-range), orb_breakout, trend_up
2026-08-31T11:21:19 | INFO     | session_runner |   GOOGL   score=70.0  signal=SHORT    reasons: atr=2.18% (wide-range), orb_breakdown, trend_down
2026-08-31T11:21:19 | INFO     | session_runner |   AAPL    score=67.0  signal=SHORT    reasons: atr=2.11% (wide-range), orb_breakdown, trend_sideways
2026-08-31T11:21:19 | INFO     | session_runner |   UBER    score=62.0  signal=SHORT    reasons: atr=3.55% (wide-range), orb_breakdown, trend_sideways
2026-08-31T11:21:20 | INFO     | app.strategies.liquidity_filter | LiquidityFilter: selected GOOGL260902P00337500 | delta=-0.421 | spread_pct=0.052 | OI=152 | vol=832
2026-08-31T11:21:20 | INFO     | app.scanning.alpaca_confirmer | AlpacaConfirmer: confirmed GOOGL | GOOGL260902P00337500 | exp=2026-09-02 | spread=5.18% | OI=152 | vol=832
2026-08-31T11:21:20 | INFO     | app.strategies.liquidity_filter | LiquidityFilter: no qualifying contracts for LYFT SignalDirection.SHORT | total_candidates=35
2026-08-31T11:21:20 | INFO     | app.scanning.alpaca_confirmer | AlpacaConfirmer: no liquid contract for LYFT (signal=SHORT)
2026-08-31T11:21:20 | INFO     | app.strategies.liquidity_filter | LiquidityFilter: no qualifying contracts for UBER SignalDirection.SHORT | total_candidates=41
2026-08-31T11:21:20 | INFO     | app.scanning.alpaca_confirmer | AlpacaConfirmer: no liquid contract for UBER (signal=SHORT)
2026-08-31T11:21:20 | INFO     | app.strategies.liquidity_filter | LiquidityFilter: no qualifying contracts for XLE SignalDirection.SHORT | total_candidates=31
2026-08-31T11:21:20 | INFO     | app.scanning.alpaca_confirmer | AlpacaConfirmer: no liquid contract for XLE (signal=SHORT)
2026-08-31T11:21:20 | INFO     | app.strategies.liquidity_filter | LiquidityFilter: no qualifying contracts for AAPL SignalDirection.SHORT | total_candidates=56
2026-08-31T11:21:20 | INFO     | app.scanning.alpaca_confirmer | AlpacaConfirmer: no liquid contract for AAPL (signal=SHORT)
2026-08-31T11:21:20 | INFO     | app.strategies.liquidity_filter | LiquidityFilter: selected MSFT260902C00515000 | delta=0.359 | spread_pct=0.026 | OI=226 | vol=823
2026-08-31T11:21:20 | INFO     | app.scanning.alpaca_confirmer | AlpacaConfirmer: confirmed MSFT | MSFT260902C00515000 | exp=2026-09-02 | spread=2.55% | OI=226 | vol=823
2026-08-31T11:21:20 | INFO     | app.strategies.liquidity_filter | LiquidityFilter: no qualifying contracts for NVDA SignalDirection.LONG | total_candidates=65
2026-08-31T11:21:20 | INFO     | app.scanning.alpaca_confirmer | AlpacaConfirmer: liquidity_rejected_cost_cap | symbol=NVDA | option_symbol=NVDA260902C00205000 | ask=15.17 | ask_x_100=1517 | max_contract_cost=985
2026-08-31T11:21:20 | INFO     | app.scanning.alpaca_confirmer | AlpacaConfirmer: no liquid contract for NVDA (signal=LONG)
2026-08-31T11:21:20 | INFO     | app.strategies.liquidity_filter | LiquidityFilter: selected MSTR260904C00132000 | delta=0.393 | spread_pct=0.027 | OI=586 | vol=3137
2026-08-31T11:21:20 | INFO     | app.scanning.alpaca_confirmer | AlpacaConfirmer: confirmed MSTR | MSTR260904C00132000 | exp=2026-09-04 | spread=2.73% | OI=586 | vol=3137
2026-08-31T11:21:20 | INFO     | app.strategies.liquidity_filter | LiquidityFilter: selected IWM260902P00292000 | delta=-0.376 | spread_pct=0.054 | OI=148 | vol=225
2026-08-31T11:21:20 | INFO     | app.scanning.alpaca_confirmer | AlpacaConfirmer: confirmed IWM | IWM260902P00292000 | exp=2026-09-02 | spread=5.41% | OI=148 | vol=225
2026-08-31T11:21:20 | INFO     | app.strategies.liquidity_filter | LiquidityFilter: selected AMZN260902C00262500 | delta=0.436 | spread_pct=0.027 | OI=409 | vol=7541
2026-08-31T11:21:20 | INFO     | app.scanning.alpaca_confirmer | AlpacaConfirmer: confirmed AMZN | AMZN260902C00262500 | exp=2026-09-02 | spread=2.72% | OI=409 | vol=7541
2026-08-31T11:21:20 | INFO     | app.strategies.liquidity_filter | LiquidityFilter: selected TSLA260902C00367500 | delta=0.424 | spread_pct=0.005 | OI=319 | vol=5197
2026-08-31T11:21:20 | INFO     | app.scanning.alpaca_confirmer | AlpacaConfirmer: confirmed TSLA | TSLA260902C00367500 | exp=2026-09-02 | spread=0.49% | OI=319 | vol=5197
2026-08-31T11:21:20 | INFO     | app.strategies.liquidity_filter | LiquidityFilter: no qualifying contracts for AMD SignalDirection.SHORT | total_candidates=141
2026-08-31T11:21:20 | INFO     | app.scanning.alpaca_confirmer | AlpacaConfirmer: no liquid contract for AMD (signal=SHORT)
2026-08-31T11:21:20 | INFO     | session_runner | AlpacaConfirmer: 6 confirmed symbols: ['TSLA', 'GOOGL', 'IWM', 'MSFT', 'AMZN', 'MSTR']
2026-08-31T11:21:20 | INFO     | session_runner | Re-scan updated active symbols: ['TSLA', 'GOOGL', 'IWM', 'MSFT', 'AMZN', 'MSTR']
2026-08-31T11:21:20 | INFO     | session_runner | Broad-market regime | SPY=short
2026-08-31T11:21:20 | INFO     | session_runner | [bridge:TSLA] rsi_trend ready: sufficient bars
2026-08-31T11:21:20 | INFO     | session_runner | Stale signal: TSLA/orb age=86 min > max 10 min — skipped
2026-08-31T11:21:20 | INFO     | session_runner | [bridge:GOOGL] rsi_trend ready: sufficient bars
2026-08-31T11:21:20 | INFO     | session_runner | Stale signal: GOOGL/vwap_reclaim age=101 min > max 10 min — skipped
2026-08-31T11:21:20 | INFO     | session_runner | [bridge:IWM] rsi_trend ready: sufficient bars
2026-08-31T11:21:20 | INFO     | session_runner | Stale signal: IWM/orb age=91 min > max 10 min — skipped
2026-08-31T11:21:21 | INFO     | session_runner | [bridge:MSFT] rsi_trend ready: sufficient bars
2026-08-31T11:21:21 | INFO     | session_runner | Stale signal: MSFT/vwap_reclaim age=21 min > max 10 min — skipped
2026-08-31T11:21:21 | INFO     | session_runner | Stale signal: MSFT/vwap_reclaim age=76 min > max 10 min — skipped
2026-08-31T11:21:21 | INFO     | session_runner | [bridge:AMZN] rsi_trend ready: sufficient bars
2026-08-31T11:21:21 | INFO     | session_runner | Stale signal: AMZN/vwap_reclaim age=11 min > max 10 min — skipped
2026-08-31T11:21:21 | INFO     | session_runner | [bridge:MSTR] rsi_trend ready: sufficient bars
2026-08-31T11:21:51 | INFO     | session_runner | [cycle 212] 11:21:51 ET | positions=0 | entries=0
2026-08-31T11:21:51 | INFO     | session_runner | [bridge:TSLA] rsi_trend ready: sufficient bars
2026-08-31T11:21:51 | INFO     | session_runner | Stale signal: TSLA/orb age=87 min > max 10 min — skipped
2026-08-31T11:21:51 | INFO     | session_runner | [bridge:GOOGL] rsi_trend ready: sufficient bars
2026-08-31T11:21:51 | INFO     | session_runner | Stale signal: GOOGL/vwap_reclaim age=102 min > max 10 min — skipped
2026-08-31T11:21:51 | INFO     | session_runner | [bridge:IWM] rsi_trend ready: sufficient bars
2026-08-31T11:21:51 | INFO     | session_runner | Stale signal: IWM/orb age=92 min > max 10 min — skipped
2026-08-31T11:21:52 | INFO     | session_runner | [bridge:MSFT] rsi_trend ready: sufficient bars
2026-08-31T11:21:52 | INFO     | session_runner | Stale signal: MSFT/vwap_reclaim age=22 min > max 10 min — skipped
2026-08-31T11:21:52 | INFO     | session_runner | Stale signal: MSFT/vwap_reclaim age=77 min > max 10 min — skipped
2026-08-31T11:21:52 | INFO     | session_runner | [bridge:AMZN] rsi_trend ready: sufficient bars
2026-08-31T11:21:52 | INFO     | session_runner | Stale signal: AMZN/vwap_reclaim age=12 min > max 10 min — skipped
2026-08-31T11:21:52 | INFO     | session_runner | [bridge:MSTR] rsi_trend ready: sufficient bars
2026-08-31T11:22:22 | INFO     | session_runner | [cycle 213] 11:22:22 ET | positions=0 | entries=0
2026-08-31T11:22:22 | INFO     | app.trading.reconciler | Reconciliation done: broker_pos=0 local_pos=0 broker_orders=0 local_pending=0 repaired=0 flagged=0 orders_confirmed=True positions_confirmed=True
2026-08-31T11:22:23 | INFO     | session_runner | [bridge:TSLA] rsi_trend ready: sufficient bars
2026-08-31T11:22:23 | INFO     | session_runner | Stale signal: TSLA/orb age=87 min > max 10 min — skipped
2026-08-31T11:22:23 | INFO     | session_runner | [bridge:GOOGL] rsi_trend ready: sufficient bars
2026-08-31T11:22:23 | INFO     | session_runner | Stale signal: GOOGL/vwap_reclaim age=102 min > max 10 min — skipped
2026-08-31T11:22:23 | INFO     | session_runner | [bridge:IWM] rsi_trend ready: sufficient bars
2026-08-31T11:22:23 | INFO     | session_runner | Stale signal: IWM/orb age=92 min > max 10 min — skipped
2026-08-31T11:22:23 | INFO     | session_runner | [bridge:MSFT] rsi_trend ready: sufficient bars
2026-08-31T11:22:23 | INFO     | session_runner | Stale signal: MSFT/vwap_reclaim age=22 min > max 10 min — skipped
2026-08-31T11:22:23 | INFO     | session_runner | Stale signal: MSFT/vwap_reclaim age=77 min > max 10 min — skipped
2026-08-31T11:22:23 | INFO     | session_runner | [bridge:AMZN] rsi_trend ready: sufficient bars
2026-08-31T11:22:23 | INFO     | session_runner | Stale signal: AMZN/vwap_reclaim age=12 min > max 10 min — skipped
2026-08-31T11:22:23 | INFO     | session_runner | [bridge:MSTR] rsi_trend ready: sufficient bars
2026-08-31T11:22:53 | INFO     | session_runner | [cycle 214] 11:22:53 ET | positions=0 | entries=0
2026-08-31T11:22:54 | INFO     | session_runner | [bridge:TSLA] rsi_trend ready: sufficient bars
2026-08-31T11:22:54 | INFO     | session_runner | Stale signal: TSLA/orb age=88 min > max 10 min — skipped
2026-08-31T11:22:54 | INFO     | session_runner | [bridge:GOOGL] rsi_trend ready: sufficient bars
2026-08-31T11:22:54 | INFO     | session_runner | Stale signal: GOOGL/vwap_reclaim age=103 min > max 10 min — skipped
2026-08-31T11:22:54 | INFO     | session_runner | [bridge:IWM] rsi_trend ready: sufficient bars
2026-08-31T11:22:54 | INFO     | session_runner | Stale signal: IWM/orb age=93 min > max 10 min — skipped
2026-08-31T11:22:55 | INFO     | session_runner | [bridge:MSFT] rsi_trend ready: sufficient bars
2026-08-31T11:22:55 | INFO     | session_runner | Stale signal: MSFT/vwap_reclaim age=23 min > max 10 min — skipped
2026-08-31T11:22:55 | INFO     | session_runner | Stale signal: MSFT/vwap_reclaim age=78 min > max 10 min — skipped
2026-08-31T11:22:55 | INFO     | session_runner | [bridge:AMZN] rsi_trend ready: sufficient bars
2026-08-31T11:22:55 | INFO     | session_runner | Stale signal: AMZN/vwap_reclaim age=13 min > max 10 min — skipped
2026-08-31T11:22:55 | INFO     | session_runner | [bridge:MSTR] rsi_trend ready: sufficient bars
2026-08-31T11:23:25 | INFO     | session_runner | [cycle 215] 11:23:25 ET | positions=0 | entries=0
2026-08-31T11:23:25 | INFO     | session_runner | [bridge:TSLA] rsi_trend ready: sufficient bars
2026-08-31T11:23:25 | INFO     | session_runner | Stale signal: TSLA/orb age=88 min > max 10 min — skipped
2026-08-31T11:23:25 | INFO     | session_runner | [bridge:GOOGL] rsi_trend ready: sufficient bars
2026-08-31T11:23:25 | INFO     | session_runner | Stale signal: GOOGL/vwap_reclaim age=103 min > max 10 min — skipped
2026-08-31T11:23:25 | INFO     | session_runner | [bridge:IWM] rsi_trend ready: sufficient bars
2026-08-31T11:23:25 | INFO     | session_runner | Stale signal: IWM/orb age=93 min > max 10 min — skipped
2026-08-31T11:23:26 | INFO     | session_runner | [bridge:MSFT] rsi_trend ready: sufficient bars
2026-08-31T11:23:26 | INFO     | session_runner | Stale signal: MSFT/vwap_reclaim age=23 min > max 10 min — skipped
2026-08-31T11:23:26 | INFO     | session_runner | Stale signal: MSFT/vwap_reclaim age=78 min > max 10 min — skipped
2026-08-31T11:23:26 | INFO     | session_runner | [bridge:AMZN] rsi_trend ready: sufficient bars
2026-08-31T11:23:26 | INFO     | session_runner | Stale signal: AMZN/vwap_reclaim age=13 min > max 10 min — skipped
2026-08-31T11:23:26 | INFO     | session_runner | [bridge:MSTR] rsi_trend ready: sufficient bars
2026-08-31T11:23:56 | INFO     | session_runner | [cycle 216] 11:23:56 ET | positions=0 | entries=0
2026-08-31T11:23:57 | INFO     | session_runner | [bridge:TSLA] rsi_trend ready: sufficient bars
2026-08-31T11:23:57 | INFO     | session_runner | Stale signal: TSLA/orb age=89 min > max 10 min — skipped
2026-08-31T11:23:57 | INFO     | session_runner | [bridge:GOOGL] rsi_trend ready: sufficient bars
2026-08-31T11:23:57 | INFO     | session_runner | Stale signal: GOOGL/vwap_reclaim age=104 min > max 10 min — skipped
2026-08-31T11:23:57 | INFO     | session_runner | [bridge:IWM] rsi_trend ready: sufficient bars
2026-08-31T11:23:57 | INFO     | session_runner | Stale signal: IWM/orb age=94 min > max 10 min — skipped
2026-08-31T11:23:58 | INFO     | session_runner | [bridge:MSFT] rsi_trend ready: sufficient bars
2026-08-31T11:23:58 | INFO     | session_runner | Stale signal: MSFT/vwap_reclaim age=24 min > max 10 min — skipped
2026-08-31T11:23:58 | INFO     | session_runner | Stale signal: MSFT/vwap_reclaim age=79 min > max 10 min — skipped
2026-08-31T11:23:58 | INFO     | session_runner | [bridge:AMZN] rsi_trend ready: sufficient bars
2026-08-31T11:23:58 | INFO     | session_runner | Stale signal: AMZN/vwap_reclaim age=14 min > max 10 min — skipped
2026-08-31T11:23:58 | INFO     | session_runner | [bridge:MSTR] rsi_trend ready: sufficient bars
2026-08-31T11:24:28 | INFO     | session_runner | [cycle 217] 11:24:28 ET | positions=0 | entries=0
2026-08-31T11:24:29 | INFO     | session_runner | [bridge:TSLA] rsi_trend ready: sufficient bars
2026-08-31T11:24:29 | INFO     | session_runner | Stale signal: TSLA/orb age=89 min > max 10 min — skipped
2026-08-31T11:24:29 | INFO     | session_runner | [bridge:GOOGL] rsi_trend ready: sufficient bars
2026-08-31T11:24:29 | INFO     | session_runner | Stale signal: GOOGL/vwap_reclaim age=104 min > max 10 min — skipped
2026-08-31T11:24:29 | INFO     | session_runner | [bridge:IWM] rsi_trend ready: sufficient bars
2026-08-31T11:24:29 | INFO     | session_runner | Stale signal: IWM/orb age=94 min > max 10 min — skipped
2026-08-31T11:24:30 | INFO     | session_runner | [bridge:MSFT] rsi_trend ready: sufficient bars
2026-08-31T11:24:30 | INFO     | session_runner | Stale signal: MSFT/vwap_reclaim age=24 min > max 10 min — skipped
2026-08-31T11:24:30 | INFO     | session_runner | Stale signal: MSFT/vwap_reclaim age=79 min > max 10 min — skipped
2026-08-31T11:24:30 | INFO     | session_runner | [bridge:AMZN] rsi_trend ready: sufficient bars
2026-08-31T11:24:30 | INFO     | session_runner | Stale signal: AMZN/vwap_reclaim age=14 min > max 10 min — skipped
2026-08-31T11:24:30 | INFO     | session_runner | [bridge:MSTR] rsi_trend ready: sufficient bars
2026-08-31T11:25:00 | INFO     | session_runner | [cycle 218] 11:25:00 ET | positions=0 | entries=0
2026-08-31T11:25:00 | INFO     | session_runner | [bridge:TSLA] rsi_trend ready: sufficient bars
2026-08-31T11:25:00 | INFO     | session_runner | Stale signal: TSLA/orb age=90 min > max 10 min — skipped
2026-08-31T11:25:00 | INFO     | session_runner | [bridge:GOOGL] rsi_trend ready: sufficient bars
2026-08-31T11:25:00 | INFO     | session_runner | Stale signal: GOOGL/vwap_reclaim age=105 min > max 10 min — skipped
2026-08-31T11:25:01 | INFO     | session_runner | [bridge:IWM] rsi_trend ready: sufficient bars
2026-08-31T11:25:01 | INFO     | session_runner | Stale signal: IWM/orb age=95 min > max 10 min — skipped
2026-08-31T11:25:01 | INFO     | session_runner | [bridge:MSFT] rsi_trend ready: sufficient bars
2026-08-31T11:25:01 | INFO     | session_runner | Stale signal: MSFT/vwap_reclaim age=25 min > max 10 min — skipped
2026-08-31T11:25:01 | INFO     | session_runner | Stale signal: MSFT/vwap_reclaim age=80 min > max 10 min — skipped
2026-08-31T11:25:01 | INFO     | session_runner | [bridge:AMZN] rsi_trend ready: sufficient bars
2026-08-31T11:25:01 | INFO     | session_runner | Stale signal: AMZN/vwap_reclaim age=15 min > max 10 min — skipped
2026-08-31T11:25:01 | INFO     | session_runner | [bridge:MSTR] rsi_trend ready: sufficient bars
2026-08-31T11:25:31 | INFO     | session_runner | [cycle 219] 11:25:31 ET | positions=0 | entries=0
2026-08-31T11:25:32 | INFO     | session_runner | [bridge:TSLA] rsi_trend ready: sufficient bars
2026-08-31T11:25:32 | INFO     | session_runner | Stale signal: TSLA/orb age=91 min > max 10 min — skipped
2026-08-31T11:25:32 | INFO     | session_runner | [bridge:GOOGL] rsi_trend ready: sufficient bars
2026-08-31T11:25:32 | INFO     | session_runner | Stale signal: GOOGL/vwap_reclaim age=106 min > max 10 min — skipped
2026-08-31T11:25:32 | INFO     | session_runner | [bridge:IWM] rsi_trend ready: sufficient bars
2026-08-31T11:25:32 | INFO     | session_runner | Stale signal: IWM/orb age=96 min > max 10 min — skipped
2026-08-31T11:25:32 | INFO     | session_runner | [bridge:MSFT] rsi_trend ready: sufficient bars
2026-08-31T11:25:32 | INFO     | session_runner | Stale signal: MSFT/vwap_reclaim age=26 min > max 10 min — skipped
2026-08-31T11:25:32 | INFO     | session_runner | Stale signal: MSFT/vwap_reclaim age=81 min > max 10 min — skipped
2026-08-31T11:25:33 | INFO     | session_runner | [bridge:AMZN] rsi_trend ready: sufficient bars
2026-08-31T11:25:33 | INFO     | session_runner | Stale signal: AMZN/vwap_reclaim age=16 min > max 10 min — skipped
2026-08-31T11:25:33 | INFO     | session_runner | [bridge:MSTR] rsi_trend ready: sufficient bars
2026-08-31T11:26:03 | INFO     | session_runner | [cycle 220] 11:26:03 ET | positions=0 | entries=0
2026-08-31T11:26:03 | INFO     | session_runner | [bridge:TSLA] rsi_trend ready: sufficient bars
2026-08-31T11:26:03 | INFO     | session_runner | Stale signal: TSLA/orb age=91 min > max 10 min — skipped
2026-08-31T11:26:03 | INFO     | session_runner | [bridge:GOOGL] rsi_trend ready: sufficient bars
2026-08-31T11:26:03 | INFO     | session_runner | Stale signal: GOOGL/vwap_reclaim age=106 min > max 10 min — skipped
2026-08-31T11:26:04 | INFO     | session_runner | [bridge:IWM] rsi_trend ready: sufficient bars
2026-08-31T11:26:04 | INFO     | session_runner | Stale signal: IWM/orb age=96 min > max 10 min — skipped
2026-08-31T11:26:04 | INFO     | session_runner | [bridge:MSFT] rsi_trend ready: sufficient bars
2026-08-31T11:26:04 | INFO     | session_runner | Stale signal: MSFT/vwap_reclaim age=26 min > max 10 min — skipped
2026-08-31T11:26:04 | INFO     | session_runner | Stale signal: MSFT/vwap_reclaim age=81 min > max 10 min — skipped
2026-08-31T11:26:04 | INFO     | session_runner | [bridge:AMZN] rsi_trend ready: sufficient bars
2026-08-31T11:26:04 | INFO     | session_runner | Stale signal: AMZN/vwap_reclaim age=16 min > max 10 min — skipped
2026-08-31T11:26:04 | INFO     | session_runner | [bridge:MSTR] rsi_trend ready: sufficient bars
2026-08-31T11:26:34 | INFO     | session_runner | [cycle 221] 11:26:34 ET | positions=0 | entries=0
2026-08-31T11:26:35 | INFO     | session_runner | Periodic universe re-scan …
2026-08-31T11:26:35 | INFO     | app.scanning.universe_loader | UniverseLoader: loaded 5 groups (13 flat symbols) from config/ticker_universe.yaml (blacklist=0)
2026-08-31T11:26:35 | INFO     | app.scanning.universe_loader | UniverseLoader: 38 symbols from 4 group(s) (blacklist=0)
2026-08-31T11:26:35 | INFO     | session_runner | Universe scan: 38 symbols from 4 group(s) | max_active=6
2026-08-31T11:26:35 | WARNING  | app.scanning.yfinance_scanner | AlpacaScanner: no daily data for 1/38 symbols: ['SQ']
2026-08-31T11:26:37 | WARNING  | app.scanning.yfinance_scanner | YFinanceScanner: failed for SQ: No daily data returned for SQ
2026-08-31T11:26:37 | INFO     | session_runner | Scan: 16 passed, 22 rejected
2026-08-31T11:26:37 | INFO     | session_runner |   TSLA    score=87.0  signal=LONG     reasons: rvol=2.36x (high), atr=3.59% (wide-range), orb_breakout
2026-08-31T11:26:37 | INFO     | session_runner |   NVDA    score=70.0  signal=LONG     reasons: atr=3.55% (wide-range), orb_breakout, trend_up
2026-08-31T11:26:37 | INFO     | session_runner |   GOOGL   score=70.0  signal=SHORT    reasons: atr=2.18% (wide-range), orb_breakdown, trend_down
2026-08-31T11:26:37 | INFO     | session_runner |   AAPL    score=67.0  signal=SHORT    reasons: atr=2.11% (wide-range), orb_breakdown, trend_sideways
2026-08-31T11:26:37 | INFO     | session_runner |   MSTR    score=65.0  signal=LONG     reasons: atr=6.42% (wide-range), orb_breakout, trend_up
2026-08-31T11:26:37 | INFO     | app.strategies.liquidity_filter | LiquidityFilter: selected NVDA260902C00222500 | delta=0.357 | spread_pct=0.014 | OI=1217 | vol=14862
2026-08-31T11:26:37 | INFO     | app.scanning.alpaca_confirmer | AlpacaConfirmer: confirmed NVDA | NVDA260902C00222500 | exp=2026-09-02 | spread=1.41% | OI=1217 | vol=14862
2026-08-31T11:26:37 | INFO     | app.strategies.liquidity_filter | LiquidityFilter: no qualifying contracts for LYFT SignalDirection.SHORT | total_candidates=35
2026-08-31T11:26:37 | INFO     | app.scanning.alpaca_confirmer | AlpacaConfirmer: no liquid contract for LYFT (signal=SHORT)
2026-08-31T11:26:37 | INFO     | app.strategies.liquidity_filter | LiquidityFilter: selected GOOGL260902P00337500 | delta=-0.413 | spread_pct=0.091 | OI=152 | vol=847
2026-08-31T11:26:37 | INFO     | app.scanning.alpaca_confirmer | AlpacaConfirmer: confirmed GOOGL | GOOGL260902P00337500 | exp=2026-09-02 | spread=9.07% | OI=152 | vol=847
2026-08-31T11:26:37 | INFO     | app.strategies.liquidity_filter | LiquidityFilter: no qualifying contracts for SOFI SignalDirection.LONG | total_candidates=31
2026-08-31T11:26:37 | INFO     | app.scanning.alpaca_confirmer | AlpacaConfirmer: no liquid contract for SOFI (signal=LONG)
2026-08-31T11:26:37 | INFO     | app.strategies.liquidity_filter | LiquidityFilter: no qualifying contracts for AAPL SignalDirection.SHORT | total_candidates=56
2026-08-31T11:26:37 | INFO     | app.scanning.alpaca_confirmer | AlpacaConfirmer: no liquid contract for AAPL (signal=SHORT)
2026-08-31T11:26:37 | INFO     | app.strategies.liquidity_filter | LiquidityFilter: no qualifying contracts for UBER SignalDirection.SHORT | total_candidates=41
2026-08-31T11:26:37 | INFO     | app.scanning.alpaca_confirmer | AlpacaConfirmer: no liquid contract for UBER (signal=SHORT)
2026-08-31T11:26:37 | INFO     | app.strategies.liquidity_filter | LiquidityFilter: selected AMZN260902C00262500 | delta=0.448 | spread_pct=0.016 | OI=409 | vol=7814
2026-08-31T11:26:37 | INFO     | app.scanning.alpaca_confirmer | AlpacaConfirmer: confirmed AMZN | AMZN260902C00262500 | exp=2026-09-02 | spread=1.59% | OI=409 | vol=7814
2026-08-31T11:26:37 | INFO     | app.strategies.liquidity_filter | LiquidityFilter: no qualifying contracts for XLE SignalDirection.SHORT | total_candidates=31
2026-08-31T11:26:37 | INFO     | app.scanning.alpaca_confirmer | AlpacaConfirmer: no liquid contract for XLE (signal=SHORT)
2026-08-31T11:26:37 | INFO     | app.strategies.liquidity_filter | LiquidityFilter: selected IWM260902P00292000 | delta=-0.373 | spread_pct=0.022 | OI=148 | vol=227
2026-08-31T11:26:37 | INFO     | app.scanning.alpaca_confirmer | AlpacaConfirmer: confirmed IWM | IWM260902P00292000 | exp=2026-09-02 | spread=2.17% | OI=148 | vol=227
2026-08-31T11:26:37 | INFO     | app.strategies.liquidity_filter | LiquidityFilter: no qualifying contracts for AMD SignalDirection.SHORT | total_candidates=141
2026-08-31T11:26:37 | INFO     | app.scanning.alpaca_confirmer | AlpacaConfirmer: no liquid contract for AMD (signal=SHORT)
2026-08-31T11:26:37 | INFO     | app.strategies.liquidity_filter | LiquidityFilter: selected MSTR260904C00132000 | delta=0.411 | spread_pct=0.042 | OI=586 | vol=3263
2026-08-31T11:26:37 | INFO     | app.scanning.alpaca_confirmer | AlpacaConfirmer: confirmed MSTR | MSTR260904C00132000 | exp=2026-09-04 | spread=4.20% | OI=586 | vol=3263
2026-08-31T11:26:37 | INFO     | app.strategies.liquidity_filter | LiquidityFilter: selected TSLA260902C00367500 | delta=0.395 | spread_pct=0.038 | OI=319 | vol=5500
2026-08-31T11:26:37 | INFO     | app.scanning.alpaca_confirmer | AlpacaConfirmer: confirmed TSLA | TSLA260902C00367500 | exp=2026-09-02 | spread=3.78% | OI=319 | vol=5500
2026-08-31T11:26:37 | INFO     | session_runner | AlpacaConfirmer: 6 confirmed symbols: ['TSLA', 'NVDA', 'GOOGL', 'MSTR', 'IWM', 'AMZN']
2026-08-31T11:26:37 | INFO     | session_runner | Re-scan updated active symbols: ['TSLA', 'NVDA', 'GOOGL', 'MSTR', 'IWM', 'AMZN']
2026-08-31T11:26:38 | INFO     | session_runner | Broad-market regime | SPY=long
2026-08-31T11:26:38 | INFO     | session_runner | [bridge:TSLA] rsi_trend ready: sufficient bars
2026-08-31T11:26:38 | INFO     | session_runner | Stale signal: TSLA/orb age=92 min > max 10 min — skipped
2026-08-31T11:26:38 | INFO     | session_runner | [bridge:NVDA] rsi_trend ready: sufficient bars
2026-08-31T11:26:38 | INFO     | session_runner | [bridge:GOOGL] rsi_trend ready: sufficient bars
2026-08-31T11:26:38 | INFO     | session_runner | Stale signal: GOOGL/vwap_reclaim age=107 min > max 10 min — skipped
2026-08-31T11:26:38 | INFO     | session_runner | [bridge:MSTR] rsi_trend ready: sufficient bars
2026-08-31T11:26:38 | INFO     | session_runner | [bridge:IWM] rsi_trend ready: sufficient bars
2026-08-31T11:26:38 | INFO     | session_runner | Stale signal: IWM/orb age=97 min > max 10 min — skipped
2026-08-31T11:26:38 | INFO     | session_runner | [bridge:AMZN] rsi_trend ready: sufficient bars
2026-08-31T11:26:38 | INFO     | session_runner | Stale signal: AMZN/vwap_reclaim age=17 min > max 10 min — skipped
2026-08-31T11:27:08 | INFO     | session_runner | [cycle 222] 11:27:08 ET | positions=0 | entries=0
2026-08-31T11:27:09 | INFO     | session_runner | [bridge:TSLA] rsi_trend ready: sufficient bars
2026-08-31T11:27:09 | INFO     | session_runner | Stale signal: TSLA/orb age=92 min > max 10 min — skipped
2026-08-31T11:27:09 | INFO     | session_runner | [bridge:NVDA] rsi_trend ready: sufficient bars
2026-08-31T11:27:09 | INFO     | session_runner | [bridge:GOOGL] rsi_trend ready: sufficient bars
2026-08-31T11:27:09 | INFO     | session_runner | Stale signal: GOOGL/vwap_reclaim age=107 min > max 10 min — skipped
2026-08-31T11:27:09 | INFO     | session_runner | [bridge:MSTR] rsi_trend ready: sufficient bars
2026-08-31T11:27:09 | INFO     | session_runner | [bridge:IWM] rsi_trend ready: sufficient bars
2026-08-31T11:27:09 | INFO     | session_runner | Stale signal: IWM/orb age=97 min > max 10 min — skipped
2026-08-31T11:27:10 | INFO     | session_runner | [bridge:AMZN] rsi_trend ready: sufficient bars
2026-08-31T11:27:10 | INFO     | session_runner | Stale signal: AMZN/vwap_reclaim age=17 min > max 10 min — skipped
2026-08-31T11:27:40 | INFO     | session_runner | [cycle 223] 11:27:40 ET | positions=0 | entries=0
2026-08-31T11:27:40 | INFO     | session_runner | [bridge:TSLA] rsi_trend ready: sufficient bars
2026-08-31T11:27:40 | INFO     | session_runner | Stale signal: TSLA/orb age=93 min > max 10 min — skipped
2026-08-31T11:27:40 | INFO     | session_runner | [bridge:NVDA] rsi_trend ready: sufficient bars
2026-08-31T11:27:41 | INFO     | session_runner | [bridge:GOOGL] rsi_trend ready: sufficient bars
2026-08-31T11:27:41 | INFO     | session_runner | Stale signal: GOOGL/vwap_reclaim age=108 min > max 10 min — skipped
2026-08-31T11:27:41 | INFO     | session_runner | [bridge:MSTR] rsi_trend ready: sufficient bars
2026-08-31T11:27:41 | INFO     | session_runner | [bridge:IWM] rsi_trend ready: sufficient bars
2026-08-31T11:27:41 | INFO     | session_runner | Stale signal: IWM/orb age=98 min > max 10 min — skipped
2026-08-31T11:27:41 | INFO     | session_runner | [bridge:AMZN] rsi_trend ready: sufficient bars
2026-08-31T11:27:41 | INFO     | session_runner | Stale signal: AMZN/vwap_reclaim age=18 min > max 10 min — skipped
2026-08-31T11:28:11 | INFO     | session_runner | [cycle 224] 11:28:11 ET | positions=0 | entries=0
2026-08-31T11:28:11 | INFO     | session_runner | [bridge:TSLA] rsi_trend ready: sufficient bars
2026-08-31T11:28:11 | INFO     | session_runner | Stale signal: TSLA/orb age=93 min > max 10 min — skipped
2026-08-31T11:28:12 | INFO     | session_runner | [bridge:NVDA] rsi_trend ready: sufficient bars
2026-08-31T11:28:12 | INFO     | session_runner | [bridge:GOOGL] rsi_trend ready: sufficient bars
2026-08-31T11:28:12 | INFO     | session_runner | Stale signal: GOOGL/vwap_reclaim age=108 min > max 10 min — skipped
2026-08-31T11:28:12 | INFO     | session_runner | [bridge:MSTR] rsi_trend ready: sufficient bars
2026-08-31T11:28:12 | INFO     | session_runner | [bridge:IWM] rsi_trend ready: sufficient bars
2026-08-31T11:28:12 | INFO     | session_runner | Stale signal: IWM/orb age=98 min > max 10 min — skipped
2026-08-31T11:28:12 | INFO     | session_runner | [bridge:AMZN] rsi_trend ready: sufficient bars
2026-08-31T11:28:12 | INFO     | session_runner | Stale signal: AMZN/vwap_reclaim age=18 min > max 10 min — skipped
2026-08-31T11:28:42 | INFO     | session_runner | [cycle 225] 11:28:42 ET | positions=0 | entries=0
2026-08-31T11:28:42 | INFO     | session_runner | [bridge:TSLA] rsi_trend ready: sufficient bars
2026-08-31T11:28:42 | INFO     | session_runner | Stale signal: TSLA/orb age=94 min > max 10 min — skipped
2026-08-31T11:28:43 | INFO     | session_runner | [bridge:NVDA] rsi_trend ready: sufficient bars
2026-08-31T11:28:43 | INFO     | session_runner | [bridge:GOOGL] rsi_trend ready: sufficient bars
2026-08-31T11:28:43 | INFO     | session_runner | Stale signal: GOOGL/vwap_reclaim age=109 min > max 10 min — skipped
2026-08-31T11:28:43 | INFO     | session_runner | [bridge:MSTR] rsi_trend ready: sufficient bars
2026-08-31T11:28:43 | INFO     | session_runner | [bridge:IWM] rsi_trend ready: sufficient bars
2026-08-31T11:28:43 | INFO     | session_runner | Stale signal: IWM/orb age=99 min > max 10 min — skipped
2026-08-31T11:28:43 | INFO     | session_runner | [bridge:AMZN] rsi_trend ready: sufficient bars
2026-08-31T11:28:43 | INFO     | session_runner | Stale signal: AMZN/vwap_reclaim age=19 min > max 10 min — skipped
2026-08-31T11:29:13 | INFO     | session_runner | [cycle 226] 11:29:13 ET | positions=0 | entries=0
2026-08-31T11:29:14 | INFO     | session_runner | [bridge:TSLA] rsi_trend ready: sufficient bars
2026-08-31T11:29:14 | INFO     | session_runner | Stale signal: TSLA/orb age=94 min > max 10 min — skipped
2026-08-31T11:29:14 | INFO     | session_runner | [bridge:NVDA] rsi_trend ready: sufficient bars
2026-08-31T11:29:14 | INFO     | session_runner | [bridge:GOOGL] rsi_trend ready: sufficient bars
2026-08-31T11:29:14 | INFO     | session_runner | Stale signal: GOOGL/vwap_reclaim age=109 min > max 10 min — skipped
2026-08-31T11:29:14 | INFO     | session_runner | [bridge:MSTR] rsi_trend ready: sufficient bars
2026-08-31T11:29:14 | INFO     | session_runner | [bridge:IWM] rsi_trend ready: sufficient bars
2026-08-31T11:29:14 | INFO     | session_runner | Stale signal: IWM/orb age=99 min > max 10 min — skipped
2026-08-31T11:29:14 | INFO     | session_runner | [bridge:AMZN] rsi_trend ready: sufficient bars
2026-08-31T11:29:14 | INFO     | session_runner | Stale signal: AMZN/vwap_reclaim age=19 min > max 10 min — skipped
2026-08-31T11:29:44 | INFO     | session_runner | [cycle 227] 11:29:44 ET | positions=0 | entries=0
2026-08-31T11:29:45 | INFO     | session_runner | [bridge:TSLA] rsi_trend ready: sufficient bars
2026-08-31T11:29:45 | INFO     | session_runner | Stale signal: TSLA/orb age=95 min > max 10 min — skipped
2026-08-31T11:29:45 | INFO     | session_runner | [bridge:NVDA] rsi_trend ready: sufficient bars
2026-08-31T11:29:45 | INFO     | session_runner | [bridge:GOOGL] rsi_trend ready: sufficient bars
2026-08-31T11:29:45 | INFO     | session_runner | Stale signal: GOOGL/vwap_reclaim age=110 min > max 10 min — skipped
2026-08-31T11:29:45 | INFO     | session_runner | [bridge:MSTR] rsi_trend ready: sufficient bars
2026-08-31T11:29:45 | INFO     | session_runner | [bridge:IWM] rsi_trend ready: sufficient bars
2026-08-31T11:29:45 | INFO     | session_runner | Stale signal: IWM/orb age=100 min > max 10 min — skipped
2026-08-31T11:29:45 | INFO     | session_runner | [bridge:AMZN] rsi_trend ready: sufficient bars
2026-08-31T11:29:45 | INFO     | session_runner | Stale signal: AMZN/vwap_reclaim age=20 min > max 10 min — skipped
2026-08-31T11:30:15 | INFO     | session_runner | [cycle 228] 11:30:15 ET | positions=0 | entries=0
2026-08-31T11:30:16 | INFO     | session_runner | [bridge:TSLA] rsi_trend ready: sufficient bars
2026-08-31T11:30:16 | INFO     | session_runner | Stale signal: TSLA/orb age=95 min > max 10 min — skipped
2026-08-31T11:30:16 | INFO     | session_runner | [bridge:NVDA] rsi_trend ready: sufficient bars
2026-08-31T11:30:17 | INFO     | session_runner | [bridge:GOOGL] rsi_trend ready: sufficient bars
2026-08-31T11:30:17 | INFO     | session_runner | Stale signal: GOOGL/vwap_reclaim age=110 min > max 10 min — skipped
2026-08-31T11:30:17 | INFO     | session_runner | [bridge:MSTR] rsi_trend ready: sufficient bars
2026-08-31T11:30:17 | INFO     | session_runner | [bridge:IWM] rsi_trend ready: sufficient bars
2026-08-31T11:30:17 | INFO     | session_runner | Stale signal: IWM/orb age=100 min > max 10 min — skipped
2026-08-31T11:30:17 | INFO     | session_runner | [bridge:AMZN] rsi_trend ready: sufficient bars
2026-08-31T11:30:17 | INFO     | session_runner | Stale signal: AMZN/vwap_reclaim age=20 min > max 10 min — skipped
2026-08-31T11:30:47 | INFO     | session_runner | [cycle 229] 11:30:47 ET | positions=0 | entries=0
2026-08-31T11:30:48 | INFO     | session_runner | [bridge:TSLA] rsi_trend ready: sufficient bars
2026-08-31T11:30:48 | INFO     | session_runner | Stale signal: TSLA/orb age=96 min > max 10 min — skipped
2026-08-31T11:30:48 | INFO     | session_runner | [bridge:NVDA] rsi_trend ready: sufficient bars
2026-08-31T11:30:48 | INFO     | session_runner | [bridge:GOOGL] rsi_trend ready: sufficient bars
2026-08-31T11:30:48 | INFO     | session_runner | Stale signal: GOOGL/vwap_reclaim age=111 min > max 10 min — skipped
2026-08-31T11:30:48 | INFO     | session_runner | [bridge:MSTR] rsi_trend ready: sufficient bars
2026-08-31T11:30:48 | INFO     | session_runner | [bridge:IWM] rsi_trend ready: sufficient bars
2026-08-31T11:30:48 | INFO     | session_runner | Stale signal: IWM/orb age=101 min > max 10 min — skipped
2026-08-31T11:30:49 | INFO     | session_runner | [bridge:AMZN] rsi_trend ready: sufficient bars
2026-08-31T11:30:49 | INFO     | session_runner | Stale signal: AMZN/vwap_reclaim age=21 min > max 10 min — skipped
2026-08-31T11:31:19 | INFO     | session_runner | [cycle 230] 11:31:19 ET | positions=0 | entries=0
2026-08-31T11:31:19 | INFO     | session_runner | [bridge:TSLA] rsi_trend ready: sufficient bars
2026-08-31T11:31:19 | INFO     | session_runner | Stale signal: TSLA/orb age=96 min > max 10 min — skipped
2026-08-31T11:31:19 | INFO     | session_runner | [bridge:NVDA] rsi_trend ready: sufficient bars
2026-08-31T11:31:19 | INFO     | session_runner | [bridge:GOOGL] rsi_trend ready: sufficient bars
2026-08-31T11:31:19 | INFO     | session_runner | Stale signal: GOOGL/vwap_reclaim age=111 min > max 10 min — skipped
2026-08-31T11:31:19 | INFO     | session_runner | [bridge:MSTR] rsi_trend ready: sufficient bars
2026-08-31T11:31:20 | INFO     | session_runner | [bridge:IWM] rsi_trend ready: sufficient bars
2026-08-31T11:31:20 | INFO     | session_runner | Stale signal: IWM/orb age=101 min > max 10 min — skipped
2026-08-31T11:31:20 | INFO     | session_runner | [bridge:AMZN] rsi_trend ready: sufficient bars
2026-08-31T11:31:20 | INFO     | session_runner | Stale signal: AMZN/vwap_reclaim age=21 min > max 10 min — skipped
2026-08-31T11:31:50 | INFO     | session_runner | [cycle 231] 11:31:50 ET | positions=0 | entries=0
2026-08-31T11:31:50 | INFO     | session_runner | Periodic universe re-scan …
2026-08-31T11:31:50 | INFO     | app.scanning.universe_loader | UniverseLoader: loaded 5 groups (13 flat symbols) from config/ticker_universe.yaml (blacklist=0)
2026-08-31T11:31:50 | INFO     | app.scanning.universe_loader | UniverseLoader: 38 symbols from 4 group(s) (blacklist=0)
2026-08-31T11:31:50 | INFO     | session_runner | Universe scan: 38 symbols from 4 group(s) | max_active=6
2026-08-31T11:31:51 | WARNING  | app.scanning.yfinance_scanner | AlpacaScanner: no daily data for 1/38 symbols: ['SQ']
2026-08-31T11:31:53 | WARNING  | app.scanning.yfinance_scanner | YFinanceScanner: failed for SQ: No daily data returned for SQ
2026-08-31T11:31:54 | INFO     | session_runner | Scan: 15 passed, 23 rejected
2026-08-31T11:31:54 | INFO     | session_runner |   TSLA    score=87.0  signal=LONG     reasons: rvol=2.30x (high), atr=3.59% (wide-range), orb_breakout
2026-08-31T11:31:54 | INFO     | session_runner |   NVDA    score=70.0  signal=LONG     reasons: atr=3.55% (wide-range), orb_breakout, trend_up
2026-08-31T11:31:54 | INFO     | session_runner |   META    score=70.0  signal=SHORT    reasons: atr=3.08% (wide-range), orb_breakdown, trend_down
2026-08-31T11:31:54 | INFO     | session_runner |   GOOGL   score=70.0  signal=SHORT    reasons: atr=2.18% (wide-range), orb_breakdown, trend_down
2026-08-31T11:31:54 | INFO     | session_runner |   AAPL    score=67.0  signal=SHORT    reasons: atr=2.11% (wide-range), orb_breakdown, trend_sideways
2026-08-31T11:31:54 | INFO     | app.strategies.liquidity_filter | LiquidityFilter: no qualifying contracts for NVDA SignalDirection.LONG | total_candidates=65
2026-08-31T11:31:54 | INFO     | app.scanning.alpaca_confirmer | AlpacaConfirmer: liquidity_rejected_cost_cap | symbol=NVDA | option_symbol=NVDA260902C00210000 | ask=10.28 | ask_x_100=1028 | max_contract_cost=985
2026-08-31T11:31:54 | INFO     | app.scanning.alpaca_confirmer | AlpacaConfirmer: no liquid contract for NVDA (signal=LONG)
2026-08-31T11:31:54 | INFO     | app.strategies.liquidity_filter | LiquidityFilter: selected UBER260904P00075000 | delta=-0.378 | spread_pct=0.036 | OI=1590 | vol=4272
2026-08-31T11:31:54 | INFO     | app.scanning.alpaca_confirmer | AlpacaConfirmer: confirmed UBER | UBER260904P00075000 | exp=2026-09-04 | spread=3.64% | OI=1590 | vol=4272
2026-08-31T11:31:54 | INFO     | app.strategies.liquidity_filter | LiquidityFilter: no qualifying contracts for XLE SignalDirection.SHORT | total_candidates=31
2026-08-31T11:31:54 | INFO     | app.scanning.alpaca_confirmer | AlpacaConfirmer: no liquid contract for XLE (signal=SHORT)
2026-08-31T11:31:54 | INFO     | app.strategies.liquidity_filter | LiquidityFilter: no qualifying contracts for SOFI SignalDirection.LONG | total_candidates=31
2026-08-31T11:31:54 | INFO     | app.scanning.alpaca_confirmer | AlpacaConfirmer: no liquid contract for SOFI (signal=LONG)
2026-08-31T11:31:54 | INFO     | app.strategies.liquidity_filter | LiquidityFilter: no qualifying contracts for GOOGL SignalDirection.SHORT | total_candidates=49
2026-08-31T11:31:54 | INFO     | app.scanning.alpaca_confirmer | AlpacaConfirmer: no liquid contract for GOOGL (signal=SHORT)
2026-08-31T11:31:54 | INFO     | app.strategies.liquidity_filter | LiquidityFilter: selected LYFT260904P00017000 | delta=-0.431 | spread_pct=0.038 | OI=333 | vol=653
2026-08-31T11:31:54 | INFO     | app.scanning.alpaca_confirmer | AlpacaConfirmer: confirmed LYFT | LYFT260904P00017000 | exp=2026-09-04 | spread=3.77% | OI=333 | vol=653
2026-08-31T11:31:54 | INFO     | app.strategies.liquidity_filter | LiquidityFilter: no qualifying contracts for AAPL SignalDirection.SHORT | total_candidates=56
2026-08-31T11:31:54 | INFO     | app.scanning.alpaca_confirmer | AlpacaConfirmer: no liquid contract for AAPL (signal=SHORT)
2026-08-31T11:31:54 | INFO     | app.strategies.liquidity_filter | LiquidityFilter: selected IWM260902P00292000 | delta=-0.370 | spread_pct=0.056 | OI=148 | vol=238
2026-08-31T11:31:54 | INFO     | app.scanning.alpaca_confirmer | AlpacaConfirmer: confirmed IWM | IWM260902P00292000 | exp=2026-09-02 | spread=5.59% | OI=148 | vol=238
2026-08-31T11:31:54 | INFO     | app.strategies.liquidity_filter | LiquidityFilter: selected MSTR260904C00134000 | delta=0.365 | spread_pct=0.026 | OI=324 | vol=402
2026-08-31T11:31:54 | INFO     | app.scanning.alpaca_confirmer | AlpacaConfirmer: confirmed MSTR | MSTR260904C00134000 | exp=2026-09-04 | spread=2.61% | OI=324 | vol=402
2026-08-31T11:31:54 | INFO     | app.strategies.liquidity_filter | LiquidityFilter: no qualifying contracts for AMD SignalDirection.SHORT | total_candidates=141
2026-08-31T11:31:54 | INFO     | app.scanning.alpaca_confirmer | AlpacaConfirmer: no liquid contract for AMD (signal=SHORT)
2026-08-31T11:31:54 | INFO     | app.strategies.liquidity_filter | LiquidityFilter: selected TSLA260902C00367500 | delta=0.382 | spread_pct=0.040 | OI=319 | vol=5775
2026-08-31T11:31:54 | INFO     | app.scanning.alpaca_confirmer | AlpacaConfirmer: confirmed TSLA | TSLA260902C00367500 | exp=2026-09-02 | spread=4.00% | OI=319 | vol=5775
2026-08-31T11:31:54 | INFO     | app.strategies.liquidity_filter | LiquidityFilter: no qualifying contracts for META SignalDirection.SHORT | total_candidates=134
2026-08-31T11:31:54 | INFO     | app.scanning.alpaca_confirmer | AlpacaConfirmer: no liquid contract for META (signal=SHORT)
2026-08-31T11:31:54 | INFO     | session_runner | AlpacaConfirmer: 5 confirmed symbols: ['TSLA', 'MSTR', 'UBER', 'LYFT', 'IWM']
2026-08-31T11:31:54 | INFO     | session_runner | Re-scan updated active symbols: ['TSLA', 'MSTR', 'UBER', 'LYFT', 'IWM']
2026-08-31T11:31:54 | INFO     | session_runner | Broad-market regime | SPY=short
2026-08-31T11:31:55 | INFO     | session_runner | [bridge:TSLA] rsi_trend ready: sufficient bars
2026-08-31T11:31:55 | INFO     | session_runner | Stale signal: TSLA/orb age=97 min > max 10 min — skipped
2026-08-31T11:31:55 | INFO     | session_runner | [bridge:MSTR] rsi_trend ready: sufficient bars
2026-08-31T11:31:55 | INFO     | session_runner | [bridge:LYFT] rsi_trend ready: sufficient bars
2026-08-31T11:31:55 | INFO     | session_runner | [bridge:UBER] rsi_trend ready: sufficient bars
2026-08-31T11:31:55 | INFO     | session_runner | Stale signal: UBER/orb age=102 min > max 10 min — skipped
2026-08-31T11:31:55 | INFO     | session_runner | [bridge:IWM] rsi_trend ready: sufficient bars
2026-08-31T11:31:55 | INFO     | session_runner | Stale signal: IWM/orb age=102 min > max 10 min — skipped
2026-08-31T11:32:25 | INFO     | session_runner | [cycle 232] 11:32:25 ET | positions=0 | entries=0
2026-08-31T11:32:25 | INFO     | app.trading.reconciler | Reconciliation done: broker_pos=0 local_pos=0 broker_orders=0 local_pending=0 repaired=0 flagged=0 orders_confirmed=True positions_confirmed=True
2026-08-31T11:32:26 | INFO     | session_runner | [bridge:TSLA] rsi_trend ready: sufficient bars
2026-08-31T11:32:26 | INFO     | session_runner | Stale signal: TSLA/orb age=97 min > max 10 min — skipped
2026-08-31T11:32:26 | INFO     | session_runner | [bridge:MSTR] rsi_trend ready: sufficient bars
2026-08-31T11:32:26 | INFO     | session_runner | [bridge:LYFT] rsi_trend ready: sufficient bars
2026-08-31T11:32:26 | INFO     | session_runner | [bridge:UBER] rsi_trend ready: sufficient bars
2026-08-31T11:32:26 | INFO     | session_runner | Stale signal: UBER/orb age=102 min > max 10 min — skipped
2026-08-31T11:32:26 | INFO     | session_runner | [bridge:IWM] rsi_trend ready: sufficient bars
2026-08-31T11:32:26 | INFO     | session_runner | Stale signal: IWM/orb age=102 min > max 10 min — skipped
2026-08-31T11:32:56 | INFO     | session_runner | [cycle 233] 11:32:56 ET | positions=0 | entries=0
2026-08-31T11:32:57 | INFO     | session_runner | [bridge:TSLA] rsi_trend ready: sufficient bars
2026-08-31T11:32:57 | INFO     | session_runner | Stale signal: TSLA/orb age=98 min > max 10 min — skipped
2026-08-31T11:32:57 | INFO     | session_runner | [bridge:MSTR] rsi_trend ready: sufficient bars
2026-08-31T11:32:57 | INFO     | session_runner | [bridge:LYFT] rsi_trend ready: sufficient bars
2026-08-31T11:32:57 | INFO     | session_runner | [bridge:UBER] rsi_trend ready: sufficient bars
2026-08-31T11:32:57 | INFO     | session_runner | Stale signal: UBER/orb age=103 min > max 10 min — skipped
2026-08-31T11:32:57 | INFO     | session_runner | [bridge:IWM] rsi_trend ready: sufficient bars
2026-08-31T11:32:57 | INFO     | session_runner | Stale signal: IWM/orb age=103 min > max 10 min — skipped
2026-08-31T11:33:27 | INFO     | session_runner | [cycle 234] 11:33:27 ET | positions=0 | entries=0
2026-08-31T11:33:29 | INFO     | session_runner | [bridge:TSLA] rsi_trend ready: sufficient bars
2026-08-31T11:33:29 | INFO     | session_runner | Stale signal: TSLA/orb age=98 min > max 10 min — skipped
2026-08-31T11:33:29 | INFO     | session_runner | [bridge:MSTR] rsi_trend ready: sufficient bars
2026-08-31T11:33:29 | INFO     | session_runner | [bridge:LYFT] rsi_trend ready: sufficient bars
2026-08-31T11:33:29 | INFO     | session_runner | [bridge:UBER] rsi_trend ready: sufficient bars
2026-08-31T11:33:29 | INFO     | session_runner | Stale signal: UBER/orb age=103 min > max 10 min — skipped
2026-08-31T11:33:29 | INFO     | session_runner | [bridge:IWM] rsi_trend ready: sufficient bars
2026-08-31T11:33:29 | INFO     | session_runner | Stale signal: IWM/orb age=103 min > max 10 min — skipped
2026-08-31T11:33:59 | INFO     | session_runner | [cycle 235] 11:33:59 ET | positions=0 | entries=0
2026-08-31T11:34:00 | INFO     | session_runner | [bridge:TSLA] rsi_trend ready: sufficient bars
2026-08-31T11:34:00 | INFO     | session_runner | Stale signal: TSLA/orb age=99 min > max 10 min — skipped
2026-08-31T11:34:00 | INFO     | session_runner | [bridge:MSTR] rsi_trend ready: sufficient bars
2026-08-31T11:34:00 | INFO     | session_runner | [bridge:LYFT] rsi_trend ready: sufficient bars
2026-08-31T11:34:00 | INFO     | session_runner | [bridge:UBER] rsi_trend ready: sufficient bars
2026-08-31T11:34:00 | INFO     | session_runner | Stale signal: UBER/orb age=104 min > max 10 min — skipped
2026-08-31T11:34:00 | INFO     | session_runner | [bridge:IWM] rsi_trend ready: sufficient bars
2026-08-31T11:34:00 | INFO     | session_runner | Stale signal: IWM/orb age=104 min > max 10 min — skipped
2026-08-31T11:34:30 | INFO     | session_runner | [cycle 236] 11:34:30 ET | positions=0 | entries=0
2026-08-31T11:34:31 | INFO     | session_runner | [bridge:TSLA] rsi_trend ready: sufficient bars
2026-08-31T11:34:31 | INFO     | session_runner | Stale signal: TSLA/orb age=100 min > max 10 min — skipped
2026-08-31T11:34:31 | INFO     | session_runner | [bridge:MSTR] rsi_trend ready: sufficient bars
2026-08-31T11:34:31 | INFO     | session_runner | [bridge:LYFT] rsi_trend ready: sufficient bars
2026-08-31T11:34:31 | INFO     | session_runner | [bridge:UBER] rsi_trend ready: sufficient bars
2026-08-31T11:34:31 | INFO     | session_runner | Stale signal: UBER/orb age=105 min > max 10 min — skipped
2026-08-31T11:34:31 | INFO     | session_runner | [bridge:IWM] rsi_trend ready: sufficient bars
2026-08-31T11:34:31 | INFO     | session_runner | Stale signal: IWM/orb age=105 min > max 10 min — skipped
2026-08-31T11:35:01 | INFO     | session_runner | [cycle 237] 11:35:01 ET | positions=0 | entries=0
2026-08-31T11:35:02 | INFO     | session_runner | [bridge:TSLA] rsi_trend ready: sufficient bars
2026-08-31T11:35:02 | INFO     | session_runner | Stale signal: TSLA/orb age=100 min > max 10 min — skipped
2026-08-31T11:35:02 | INFO     | session_runner | [bridge:MSTR] rsi_trend ready: sufficient bars
2026-08-31T11:35:02 | INFO     | session_runner | [bridge:LYFT] rsi_trend ready: sufficient bars
2026-08-31T11:35:03 | INFO     | session_runner | [bridge:UBER] rsi_trend ready: sufficient bars
2026-08-31T11:35:03 | INFO     | session_runner | Stale signal: UBER/orb age=105 min > max 10 min — skipped
2026-08-31T11:35:03 | INFO     | session_runner | [bridge:IWM] rsi_trend ready: sufficient bars
2026-08-31T11:35:03 | INFO     | session_runner | Stale signal: IWM/orb age=105 min > max 10 min — skipped
2026-08-31T11:35:33 | INFO     | session_runner | [cycle 238] 11:35:33 ET | positions=0 | entries=0
2026-08-31T11:35:34 | INFO     | session_runner | [bridge:TSLA] rsi_trend ready: sufficient bars
2026-08-31T11:35:34 | INFO     | session_runner | Stale signal: TSLA/orb age=101 min > max 10 min — skipped
2026-08-31T11:35:34 | INFO     | session_runner | [bridge:MSTR] rsi_trend ready: sufficient bars
2026-08-31T11:35:34 | INFO     | session_runner | [bridge:LYFT] rsi_trend ready: sufficient bars
2026-08-31T11:35:34 | INFO     | session_runner | [bridge:UBER] rsi_trend ready: sufficient bars
2026-08-31T11:35:34 | INFO     | session_runner | Stale signal: UBER/orb age=106 min > max 10 min — skipped
2026-08-31T11:35:34 | INFO     | session_runner | [bridge:IWM] rsi_trend ready: sufficient bars
2026-08-31T11:35:34 | INFO     | session_runner | Stale signal: IWM/orb age=106 min > max 10 min — skipped
2026-08-31T11:36:04 | INFO     | session_runner | [cycle 239] 11:36:04 ET | positions=0 | entries=0
2026-08-31T11:36:05 | INFO     | session_runner | [bridge:TSLA] rsi_trend ready: sufficient bars
2026-08-31T11:36:05 | INFO     | session_runner | Stale signal: TSLA/orb age=101 min > max 10 min — skipped
2026-08-31T11:36:05 | INFO     | session_runner | [bridge:MSTR] rsi_trend ready: sufficient bars
2026-08-31T11:36:05 | INFO     | session_runner | [bridge:LYFT] rsi_trend ready: sufficient bars
2026-08-31T11:36:05 | INFO     | session_runner | [bridge:UBER] rsi_trend ready: sufficient bars
2026-08-31T11:36:05 | INFO     | session_runner | Stale signal: UBER/orb age=106 min > max 10 min — skipped
2026-08-31T11:36:05 | INFO     | session_runner | [bridge:IWM] rsi_trend ready: sufficient bars
2026-08-31T11:36:05 | INFO     | session_runner | Stale signal: IWM/orb age=106 min > max 10 min — skipped
2026-08-31T11:36:36 | INFO     | session_runner | [cycle 240] 11:36:36 ET | positions=0 | entries=0
2026-08-31T11:36:36 | INFO     | session_runner | [bridge:TSLA] rsi_trend ready: sufficient bars
2026-08-31T11:36:36 | INFO     | session_runner | Stale signal: TSLA/orb age=102 min > max 10 min — skipped
2026-08-31T11:36:36 | INFO     | session_runner | [bridge:MSTR] rsi_trend ready: sufficient bars
2026-08-31T11:36:36 | INFO     | session_runner | [bridge:LYFT] rsi_trend ready: sufficient bars
2026-08-31T11:36:36 | INFO     | session_runner | [bridge:UBER] rsi_trend ready: sufficient bars
2026-08-31T11:36:36 | INFO     | session_runner | Stale signal: UBER/orb age=107 min > max 10 min — skipped
2026-08-31T11:36:37 | INFO     | session_runner | [bridge:IWM] rsi_trend ready: sufficient bars
2026-08-31T11:36:37 | INFO     | session_runner | Stale signal: IWM/orb age=107 min > max 10 min — skipped
2026-08-31T11:37:07 | INFO     | session_runner | [cycle 241] 11:37:07 ET | positions=0 | entries=0
2026-08-31T11:37:07 | INFO     | session_runner | Periodic universe re-scan …
2026-08-31T11:37:07 | INFO     | app.scanning.universe_loader | UniverseLoader: loaded 5 groups (13 flat symbols) from config/ticker_universe.yaml (blacklist=0)
2026-08-31T11:37:07 | INFO     | app.scanning.universe_loader | UniverseLoader: 38 symbols from 4 group(s) (blacklist=0)
2026-08-31T11:37:07 | INFO     | session_runner | Universe scan: 38 symbols from 4 group(s) | max_active=6
2026-08-31T11:37:08 | WARNING  | app.scanning.yfinance_scanner | AlpacaScanner: no daily data for 1/38 symbols: ['SQ']
2026-08-31T11:37:10 | WARNING  | app.scanning.yfinance_scanner | YFinanceScanner: failed for SQ: No daily data returned for SQ
2026-08-31T11:37:10 | INFO     | session_runner | Scan: 19 passed, 19 rejected
2026-08-31T11:37:10 | INFO     | session_runner |   TSLA    score=87.0  signal=LONG     reasons: rvol=2.25x (high), atr=3.58% (wide-range), orb_breakout
2026-08-31T11:37:10 | INFO     | session_runner |   NVDA    score=70.0  signal=LONG     reasons: atr=3.55% (wide-range), orb_breakout, trend_up
2026-08-31T11:37:10 | INFO     | session_runner |   GOOGL   score=70.0  signal=SHORT    reasons: atr=2.18% (wide-range), orb_breakdown, trend_down
2026-08-31T11:37:10 | INFO     | session_runner |   AAPL    score=67.0  signal=SHORT    reasons: atr=2.11% (wide-range), orb_breakdown, trend_sideways
2026-08-31T11:37:10 | INFO     | session_runner |   MSTR    score=65.0  signal=LONG     reasons: atr=6.42% (wide-range), orb_breakout, trend_up
2026-08-31T11:37:10 | INFO     | app.strategies.liquidity_filter | LiquidityFilter: no qualifying contracts for NVDA SignalDirection.LONG | total_candidates=65
2026-08-31T11:37:10 | INFO     | app.scanning.alpaca_confirmer | AlpacaConfirmer: liquidity_rejected_cost_cap | symbol=NVDA | option_symbol=NVDA260902C00210000 | ask=9.88 | ask_x_100=988 | max_contract_cost=985
2026-08-31T11:37:10 | INFO     | app.scanning.alpaca_confirmer | AlpacaConfirmer: no liquid contract for NVDA (signal=LONG)
2026-08-31T11:37:10 | INFO     | app.strategies.liquidity_filter | LiquidityFilter: no qualifying contracts for SOFI SignalDirection.LONG | total_candidates=31
2026-08-31T11:37:10 | INFO     | app.scanning.alpaca_confirmer | AlpacaConfirmer: no liquid contract for SOFI (signal=LONG)
2026-08-31T11:37:10 | INFO     | app.strategies.liquidity_filter | LiquidityFilter: no qualifying contracts for LYFT SignalDirection.SHORT | total_candidates=35
2026-08-31T11:37:10 | INFO     | app.scanning.alpaca_confirmer | AlpacaConfirmer: no liquid contract for LYFT (signal=SHORT)
2026-08-31T11:37:10 | INFO     | app.strategies.liquidity_filter | LiquidityFilter: selected UBER260904P00075000 | delta=-0.368 | spread_pct=0.079 | OI=1590 | vol=4325
2026-08-31T11:37:10 | INFO     | app.scanning.alpaca_confirmer | AlpacaConfirmer: confirmed UBER | UBER260904P00075000 | exp=2026-09-04 | spread=7.89% | OI=1590 | vol=4325
2026-08-31T11:37:10 | INFO     | app.strategies.liquidity_filter | LiquidityFilter: selected GOOGL260902P00337500 | delta=-0.440 | spread_pct=0.039 | OI=152 | vol=882
2026-08-31T11:37:10 | INFO     | app.scanning.alpaca_confirmer | AlpacaConfirmer: confirmed GOOGL | GOOGL260902P00337500 | exp=2026-09-02 | spread=3.92% | OI=152 | vol=882
2026-08-31T11:37:10 | INFO     | app.strategies.liquidity_filter | LiquidityFilter: no qualifying contracts for XLE SignalDirection.SHORT | total_candidates=31
2026-08-31T11:37:10 | INFO     | app.scanning.alpaca_confirmer | AlpacaConfirmer: no liquid contract for XLE (signal=SHORT)
2026-08-31T11:37:10 | INFO     | app.strategies.liquidity_filter | LiquidityFilter: no qualifying contracts for AAPL SignalDirection.SHORT | total_candidates=56
2026-08-31T11:37:10 | INFO     | app.scanning.alpaca_confirmer | AlpacaConfirmer: no liquid contract for AAPL (signal=SHORT)
2026-08-31T11:37:10 | INFO     | app.strategies.liquidity_filter | LiquidityFilter: selected IWM260902P00292000 | delta=-0.350 | spread_pct=0.024 | OI=148 | vol=292
2026-08-31T11:37:10 | INFO     | app.scanning.alpaca_confirmer | AlpacaConfirmer: confirmed IWM | IWM260902P00292000 | exp=2026-09-02 | spread=2.38% | OI=148 | vol=292
2026-08-31T11:37:10 | INFO     | app.strategies.liquidity_filter | LiquidityFilter: selected AMZN260902P00260000 | delta=-0.413 | spread_pct=0.053 | OI=162 | vol=4552
2026-08-31T11:37:10 | INFO     | app.scanning.alpaca_confirmer | AlpacaConfirmer: confirmed AMZN | AMZN260902P00260000 | exp=2026-09-02 | spread=5.28% | OI=162 | vol=4552
2026-08-31T11:37:10 | INFO     | app.strategies.liquidity_filter | LiquidityFilter: selected MSTR260904C00133000 | delta=0.410 | spread_pct=0.048 | OI=472 | vol=2634
2026-08-31T11:37:10 | INFO     | app.scanning.alpaca_confirmer | AlpacaConfirmer: confirmed MSTR | MSTR260904C00133000 | exp=2026-09-04 | spread=4.75% | OI=472 | vol=2634
2026-08-31T11:37:10 | INFO     | app.strategies.liquidity_filter | LiquidityFilter: selected TSLA260902C00367500 | delta=0.412 | spread_pct=0.045 | OI=319 | vol=5911
2026-08-31T11:37:10 | INFO     | app.scanning.alpaca_confirmer | AlpacaConfirmer: confirmed TSLA | TSLA260902C00367500 | exp=2026-09-02 | spread=4.55% | OI=319 | vol=5911
2026-08-31T11:37:10 | INFO     | app.strategies.liquidity_filter | LiquidityFilter: selected QQQ260902P00712000 | delta=-0.390 | spread_pct=0.004 | OI=524 | vol=1346
2026-08-31T11:37:10 | INFO     | app.scanning.alpaca_confirmer | AlpacaConfirmer: confirmed QQQ | QQQ260902P00712000 | exp=2026-09-02 | spread=0.41% | OI=524 | vol=1346
2026-08-31T11:37:10 | INFO     | session_runner | AlpacaConfirmer: 6 confirmed symbols: ['TSLA', 'GOOGL', 'MSTR', 'UBER', 'IWM', 'AMZN']
2026-08-31T11:37:10 | INFO     | session_runner | Re-scan updated active symbols: ['TSLA', 'GOOGL', 'MSTR', 'UBER', 'IWM', 'AMZN']
2026-08-31T11:37:10 | INFO     | session_runner | Broad-market regime | SPY=short
2026-08-31T11:37:11 | INFO     | session_runner | [bridge:TSLA] rsi_trend ready: sufficient bars
2026-08-31T11:37:11 | INFO     | session_runner | Stale signal: TSLA/orb age=102 min > max 10 min — skipped
2026-08-31T11:37:11 | INFO     | session_runner | [bridge:GOOGL] rsi_trend ready: sufficient bars
2026-08-31T11:37:11 | INFO     | session_runner | Stale signal: GOOGL/vwap_reclaim age=117 min > max 10 min — skipped
2026-08-31T11:37:11 | INFO     | session_runner | [bridge:MSTR] rsi_trend ready: sufficient bars
2026-08-31T11:37:11 | INFO     | session_runner | [bridge:UBER] rsi_trend ready: sufficient bars
2026-08-31T11:37:11 | INFO     | session_runner | Stale signal: UBER/orb age=107 min > max 10 min — skipped
2026-08-31T11:37:11 | INFO     | session_runner | [bridge:IWM] rsi_trend ready: sufficient bars
2026-08-31T11:37:11 | INFO     | session_runner | Stale signal: IWM/orb age=107 min > max 10 min — skipped
2026-08-31T11:37:11 | INFO     | session_runner | [bridge:AMZN] rsi_trend ready: sufficient bars
2026-08-31T11:37:11 | INFO     | session_runner | Stale signal: AMZN/vwap_reclaim age=27 min > max 10 min — skipped
2026-08-31T11:37:41 | INFO     | session_runner | [cycle 242] 11:37:41 ET | positions=0 | entries=0
2026-08-31T11:37:42 | INFO     | session_runner | [bridge:TSLA] rsi_trend ready: sufficient bars
2026-08-31T11:37:42 | INFO     | session_runner | Stale signal: TSLA/orb age=103 min > max 10 min — skipped
2026-08-31T11:37:42 | INFO     | session_runner | [bridge:GOOGL] rsi_trend ready: sufficient bars
2026-08-31T11:37:42 | INFO     | session_runner | Stale signal: GOOGL/vwap_reclaim age=118 min > max 10 min — skipped
2026-08-31T11:37:42 | INFO     | session_runner | [bridge:MSTR] rsi_trend ready: sufficient bars
2026-08-31T11:37:42 | INFO     | session_runner | [bridge:UBER] rsi_trend ready: sufficient bars
2026-08-31T11:37:42 | INFO     | session_runner | Stale signal: UBER/orb age=108 min > max 10 min — skipped
2026-08-31T11:37:42 | INFO     | session_runner | [bridge:IWM] rsi_trend ready: sufficient bars
2026-08-31T11:37:42 | INFO     | session_runner | Stale signal: IWM/orb age=108 min > max 10 min — skipped
2026-08-31T11:37:42 | INFO     | session_runner | [bridge:AMZN] rsi_trend ready: sufficient bars
2026-08-31T11:37:42 | INFO     | session_runner | Stale signal: AMZN/vwap_reclaim age=28 min > max 10 min — skipped
2026-08-31T11:38:12 | INFO     | session_runner | [cycle 243] 11:38:12 ET | positions=0 | entries=0
2026-08-31T11:38:13 | INFO     | session_runner | [bridge:TSLA] rsi_trend ready: sufficient bars
2026-08-31T11:38:13 | INFO     | session_runner | Stale signal: TSLA/orb age=103 min > max 10 min — skipped
2026-08-31T11:38:13 | INFO     | session_runner | [bridge:GOOGL] rsi_trend ready: sufficient bars
2026-08-31T11:38:13 | INFO     | session_runner | Stale signal: GOOGL/vwap_reclaim age=118 min > max 10 min — skipped
2026-08-31T11:38:13 | INFO     | session_runner | [bridge:MSTR] rsi_trend ready: sufficient bars
2026-08-31T11:38:13 | INFO     | session_runner | [bridge:UBER] rsi_trend ready: sufficient bars
2026-08-31T11:38:13 | INFO     | session_runner | Stale signal: UBER/orb age=108 min > max 10 min — skipped
2026-08-31T11:38:13 | INFO     | session_runner | [bridge:IWM] rsi_trend ready: sufficient bars
2026-08-31T11:38:13 | INFO     | session_runner | Stale signal: IWM/orb age=108 min > max 10 min — skipped
2026-08-31T11:38:13 | INFO     | session_runner | [bridge:AMZN] rsi_trend ready: sufficient bars
2026-08-31T11:38:13 | INFO     | session_runner | Stale signal: AMZN/vwap_reclaim age=28 min > max 10 min — skipped
2026-08-31T11:38:43 | INFO     | session_runner | [cycle 244] 11:38:43 ET | positions=0 | entries=0
2026-08-31T11:38:44 | INFO     | session_runner | [bridge:TSLA] rsi_trend ready: sufficient bars
2026-08-31T11:38:44 | INFO     | session_runner | Stale signal: TSLA/orb age=104 min > max 10 min — skipped
2026-08-31T11:38:44 | INFO     | session_runner | [bridge:GOOGL] rsi_trend ready: sufficient bars
2026-08-31T11:38:44 | INFO     | session_runner | Stale signal: GOOGL/vwap_reclaim age=119 min > max 10 min — skipped
2026-08-31T11:38:44 | INFO     | session_runner | [bridge:MSTR] rsi_trend ready: sufficient bars
2026-08-31T11:38:44 | INFO     | session_runner | [bridge:UBER] rsi_trend ready: sufficient bars
2026-08-31T11:38:44 | INFO     | session_runner | Stale signal: UBER/orb age=109 min > max 10 min — skipped
2026-08-31T11:38:44 | INFO     | session_runner | [bridge:IWM] rsi_trend ready: sufficient bars
2026-08-31T11:38:44 | INFO     | session_runner | Stale signal: IWM/orb age=109 min > max 10 min — skipped
2026-08-31T11:38:44 | INFO     | session_runner | [bridge:AMZN] rsi_trend ready: sufficient bars
2026-08-31T11:38:44 | INFO     | session_runner | Stale signal: AMZN/vwap_reclaim age=29 min > max 10 min — skipped
2026-08-31T11:39:15 | INFO     | session_runner | [cycle 245] 11:39:15 ET | positions=0 | entries=0
2026-08-31T11:39:15 | INFO     | session_runner | [bridge:TSLA] rsi_trend ready: sufficient bars
2026-08-31T11:39:15 | INFO     | session_runner | Stale signal: TSLA/orb age=104 min > max 10 min — skipped
2026-08-31T11:39:15 | INFO     | session_runner | [bridge:GOOGL] rsi_trend ready: sufficient bars
2026-08-31T11:39:15 | INFO     | session_runner | Stale signal: GOOGL/vwap_reclaim age=119 min > max 10 min — skipped
2026-08-31T11:39:15 | INFO     | session_runner | [bridge:MSTR] rsi_trend ready: sufficient bars
2026-08-31T11:39:15 | INFO     | session_runner | [bridge:UBER] rsi_trend ready: sufficient bars
2026-08-31T11:39:15 | INFO     | session_runner | Stale signal: UBER/orb age=109 min > max 10 min — skipped
2026-08-31T11:39:15 | INFO     | session_runner | [bridge:IWM] rsi_trend ready: sufficient bars
2026-08-31T11:39:15 | INFO     | session_runner | Stale signal: IWM/orb age=109 min > max 10 min — skipped
2026-08-31T11:39:15 | INFO     | session_runner | [bridge:AMZN] rsi_trend ready: sufficient bars
2026-08-31T11:39:15 | INFO     | session_runner | Stale signal: AMZN/vwap_reclaim age=29 min > max 10 min — skipped
2026-08-31T11:39:46 | INFO     | session_runner | [cycle 246] 11:39:46 ET | positions=0 | entries=0
2026-08-31T11:39:46 | INFO     | session_runner | [bridge:TSLA] rsi_trend ready: sufficient bars
2026-08-31T11:39:46 | INFO     | session_runner | Stale signal: TSLA/orb age=105 min > max 10 min — skipped
2026-08-31T11:39:46 | INFO     | session_runner | [bridge:GOOGL] rsi_trend ready: sufficient bars
2026-08-31T11:39:46 | INFO     | session_runner | Stale signal: GOOGL/vwap_reclaim age=120 min > max 10 min — skipped
2026-08-31T11:39:46 | INFO     | session_runner | [bridge:MSTR] rsi_trend ready: sufficient bars
2026-08-31T11:39:46 | INFO     | session_runner | [bridge:UBER] rsi_trend ready: sufficient bars
2026-08-31T11:39:46 | INFO     | session_runner | Stale signal: UBER/orb age=110 min > max 10 min — skipped
2026-08-31T11:39:46 | INFO     | session_runner | [bridge:IWM] rsi_trend ready: sufficient bars
2026-08-31T11:39:46 | INFO     | session_runner | Stale signal: IWM/orb age=110 min > max 10 min — skipped
2026-08-31T11:39:47 | INFO     | session_runner | [bridge:AMZN] rsi_trend ready: sufficient bars
2026-08-31T11:39:47 | INFO     | session_runner | Stale signal: AMZN/vwap_reclaim age=30 min > max 10 min — skipped
2026-08-31T11:40:17 | INFO     | session_runner | [cycle 247] 11:40:17 ET | positions=0 | entries=0
2026-08-31T11:40:18 | INFO     | session_runner | [bridge:TSLA] rsi_trend ready: sufficient bars
2026-08-31T11:40:18 | INFO     | session_runner | Stale signal: TSLA/orb age=105 min > max 10 min — skipped
2026-08-31T11:40:18 | INFO     | session_runner | [bridge:GOOGL] rsi_trend ready: sufficient bars
2026-08-31T11:40:18 | INFO     | session_runner | Stale signal: GOOGL/vwap_reclaim age=120 min > max 10 min — skipped
2026-08-31T11:40:18 | INFO     | session_runner | [bridge:MSTR] rsi_trend ready: sufficient bars
2026-08-31T11:40:18 | INFO     | session_runner | [bridge:UBER] rsi_trend ready: sufficient bars
2026-08-31T11:40:18 | INFO     | session_runner | Stale signal: UBER/orb age=110 min > max 10 min — skipped
2026-08-31T11:40:18 | INFO     | session_runner | [bridge:IWM] rsi_trend ready: sufficient bars
2026-08-31T11:40:18 | INFO     | session_runner | Stale signal: IWM/orb age=110 min > max 10 min — skipped
2026-08-31T11:40:19 | INFO     | session_runner | [bridge:AMZN] rsi_trend ready: sufficient bars
2026-08-31T11:40:19 | INFO     | session_runner | Stale signal: AMZN/vwap_reclaim age=30 min > max 10 min — skipped
2026-08-31T11:40:49 | INFO     | session_runner | [cycle 248] 11:40:49 ET | positions=0 | entries=0
2026-08-31T11:40:49 | INFO     | session_runner | [bridge:TSLA] rsi_trend ready: sufficient bars
2026-08-31T11:40:49 | INFO     | session_runner | Stale signal: TSLA/orb age=106 min > max 10 min — skipped
2026-08-31T11:40:49 | INFO     | session_runner | [bridge:GOOGL] rsi_trend ready: sufficient bars
2026-08-31T11:40:49 | INFO     | session_runner | Stale signal: GOOGL/vwap_reclaim age=121 min > max 10 min — skipped
2026-08-31T11:40:49 | INFO     | session_runner | [bridge:MSTR] rsi_trend ready: sufficient bars
2026-08-31T11:40:50 | INFO     | session_runner | [bridge:UBER] rsi_trend ready: sufficient bars
2026-08-31T11:40:50 | INFO     | session_runner | Stale signal: UBER/orb age=111 min > max 10 min — skipped
2026-08-31T11:40:50 | INFO     | session_runner | [bridge:IWM] rsi_trend ready: sufficient bars
2026-08-31T11:40:50 | INFO     | session_runner | Stale signal: IWM/orb age=111 min > max 10 min — skipped
2026-08-31T11:40:50 | INFO     | session_runner | [bridge:AMZN] rsi_trend ready: sufficient bars
2026-08-31T11:40:50 | INFO     | session_runner | Stale signal: AMZN/vwap_reclaim age=31 min > max 10 min — skipped
2026-08-31T11:41:20 | INFO     | session_runner | [cycle 249] 11:41:20 ET | positions=0 | entries=0
2026-08-31T11:41:20 | INFO     | session_runner | [bridge:TSLA] rsi_trend ready: sufficient bars
2026-08-31T11:41:20 | INFO     | session_runner | Stale signal: TSLA/orb age=106 min > max 10 min — skipped
2026-08-31T11:41:20 | INFO     | session_runner | [bridge:GOOGL] rsi_trend ready: sufficient bars
2026-08-31T11:41:20 | INFO     | session_runner | Stale signal: GOOGL/vwap_reclaim age=121 min > max 10 min — skipped
2026-08-31T11:41:20 | INFO     | session_runner | [bridge:MSTR] rsi_trend ready: sufficient bars
2026-08-31T11:41:21 | INFO     | session_runner | [bridge:UBER] rsi_trend ready: sufficient bars
2026-08-31T11:41:21 | INFO     | session_runner | Stale signal: UBER/orb age=111 min > max 10 min — skipped
2026-08-31T11:41:21 | INFO     | session_runner | [bridge:IWM] rsi_trend ready: sufficient bars
2026-08-31T11:41:21 | INFO     | session_runner | Stale signal: IWM/orb age=111 min > max 10 min — skipped
2026-08-31T11:41:21 | INFO     | session_runner | [bridge:AMZN] rsi_trend ready: sufficient bars
2026-08-31T11:41:21 | INFO     | session_runner | Stale signal: AMZN/vwap_reclaim age=31 min > max 10 min — skipped
2026-08-31T11:41:51 | INFO     | session_runner | [cycle 250] 11:41:51 ET | positions=0 | entries=0
2026-08-31T11:41:51 | INFO     | session_runner | [bridge:TSLA] rsi_trend ready: sufficient bars
2026-08-31T11:41:51 | INFO     | session_runner | Stale signal: TSLA/orb age=107 min > max 10 min — skipped
2026-08-31T11:41:52 | INFO     | session_runner | [bridge:GOOGL] rsi_trend ready: sufficient bars
2026-08-31T11:41:52 | INFO     | session_runner | Stale signal: GOOGL/vwap_reclaim age=122 min > max 10 min — skipped
2026-08-31T11:41:52 | INFO     | session_runner | [bridge:MSTR] rsi_trend ready: sufficient bars
2026-08-31T11:41:52 | INFO     | session_runner | [bridge:UBER] rsi_trend ready: sufficient bars
2026-08-31T11:41:52 | INFO     | session_runner | Stale signal: UBER/orb age=112 min > max 10 min — skipped
2026-08-31T11:41:52 | INFO     | session_runner | [bridge:IWM] rsi_trend ready: sufficient bars
2026-08-31T11:41:52 | INFO     | session_runner | Stale signal: IWM/orb age=112 min > max 10 min — skipped
2026-08-31T11:41:52 | INFO     | session_runner | [bridge:AMZN] rsi_trend ready: sufficient bars
2026-08-31T11:41:52 | INFO     | session_runner | Stale signal: AMZN/vwap_reclaim age=32 min > max 10 min — skipped
2026-08-31T11:42:22 | INFO     | session_runner | [cycle 251] 11:42:22 ET | positions=0 | entries=0
2026-08-31T11:42:22 | INFO     | session_runner | Periodic universe re-scan …
2026-08-31T11:42:22 | INFO     | app.scanning.universe_loader | UniverseLoader: loaded 5 groups (13 flat symbols) from config/ticker_universe.yaml (blacklist=0)
2026-08-31T11:42:22 | INFO     | app.scanning.universe_loader | UniverseLoader: 38 symbols from 4 group(s) (blacklist=0)
2026-08-31T11:42:22 | INFO     | session_runner | Universe scan: 38 symbols from 4 group(s) | max_active=6
2026-08-31T11:42:23 | WARNING  | app.scanning.yfinance_scanner | AlpacaScanner: no daily data for 1/38 symbols: ['SQ']
2026-08-31T11:42:24 | WARNING  | app.scanning.yfinance_scanner | YFinanceScanner: failed for SQ: No daily data returned for SQ
2026-08-31T11:42:25 | INFO     | session_runner | Scan: 19 passed, 19 rejected
2026-08-31T11:42:25 | INFO     | session_runner |   TSLA    score=87.0  signal=LONG     reasons: rvol=2.20x (high), atr=3.59% (wide-range), orb_breakout
2026-08-31T11:42:25 | INFO     | session_runner |   NVDA    score=70.0  signal=LONG     reasons: atr=3.56% (wide-range), orb_breakout, trend_up
2026-08-31T11:42:25 | INFO     | session_runner |   GOOGL   score=70.0  signal=SHORT    reasons: atr=2.18% (wide-range), orb_breakdown, trend_down
2026-08-31T11:42:25 | INFO     | session_runner |   AAPL    score=67.0  signal=SHORT    reasons: atr=2.11% (wide-range), orb_breakdown, trend_sideways
2026-08-31T11:42:25 | INFO     | session_runner |   MSTR    score=65.0  signal=LONG     reasons: atr=6.45% (wide-range), orb_breakout, trend_up
2026-08-31T11:42:25 | INFO     | app.strategies.liquidity_filter | LiquidityFilter: no qualifying contracts for AAPL SignalDirection.SHORT | total_candidates=56
2026-08-31T11:42:25 | INFO     | app.scanning.alpaca_confirmer | AlpacaConfirmer: no liquid contract for AAPL (signal=SHORT)
2026-08-31T11:42:25 | INFO     | app.strategies.liquidity_filter | LiquidityFilter: selected GOOGL260902P00337500 | delta=-0.426 | spread_pct=0.090 | OI=152 | vol=884
2026-08-31T11:42:25 | INFO     | app.scanning.alpaca_confirmer | AlpacaConfirmer: confirmed GOOGL | GOOGL260902P00337500 | exp=2026-09-02 | spread=9.05% | OI=152 | vol=884
2026-08-31T11:42:25 | INFO     | app.strategies.liquidity_filter | LiquidityFilter: no qualifying contracts for XLE SignalDirection.SHORT | total_candidates=31
2026-08-31T11:42:25 | INFO     | app.scanning.alpaca_confirmer | AlpacaConfirmer: no liquid contract for XLE (signal=SHORT)
2026-08-31T11:42:25 | INFO     | app.strategies.liquidity_filter | LiquidityFilter: no qualifying contracts for NVDA SignalDirection.LONG | total_candidates=65
2026-08-31T11:42:25 | INFO     | app.scanning.alpaca_confirmer | AlpacaConfirmer: liquidity_rejected_cost_cap | symbol=NVDA | option_symbol=NVDA260902C00205000 | ask=14.78 | ask_x_100=1478 | max_contract_cost=985
2026-08-31T11:42:25 | INFO     | app.scanning.alpaca_confirmer | AlpacaConfirmer: no liquid contract for NVDA (signal=LONG)
2026-08-31T11:42:25 | INFO     | app.strategies.liquidity_filter | LiquidityFilter: selected UBER260904P00075000 | delta=-0.376 | spread_pct=0.087 | OI=1590 | vol=4326
2026-08-31T11:42:25 | INFO     | app.scanning.alpaca_confirmer | AlpacaConfirmer: confirmed UBER | UBER260904P00075000 | exp=2026-09-04 | spread=8.70% | OI=1590 | vol=4326
2026-08-31T11:42:25 | INFO     | app.strategies.liquidity_filter | LiquidityFilter: selected AMZN260902P00260000 | delta=-0.422 | spread_pct=0.028 | OI=162 | vol=4603
2026-08-31T11:42:25 | INFO     | app.scanning.alpaca_confirmer | AlpacaConfirmer: confirmed AMZN | AMZN260902P00260000 | exp=2026-09-02 | spread=2.80% | OI=162 | vol=4603
2026-08-31T11:42:25 | INFO     | app.strategies.liquidity_filter | LiquidityFilter: no qualifying contracts for SOFI SignalDirection.LONG | total_candidates=31
2026-08-31T11:42:25 | INFO     | app.scanning.alpaca_confirmer | AlpacaConfirmer: no liquid contract for SOFI (signal=LONG)
2026-08-31T11:42:25 | INFO     | app.strategies.liquidity_filter | LiquidityFilter: selected MSTR260904C00133000 | delta=0.398 | spread_pct=0.037 | OI=472 | vol=2638
2026-08-31T11:42:25 | INFO     | app.scanning.alpaca_confirmer | AlpacaConfirmer: confirmed MSTR | MSTR260904C00133000 | exp=2026-09-04 | spread=3.67% | OI=472 | vol=2638
2026-08-31T11:42:25 | INFO     | app.strategies.liquidity_filter | LiquidityFilter: no qualifying contracts for LYFT SignalDirection.SHORT | total_candidates=35
2026-08-31T11:42:25 | INFO     | app.scanning.alpaca_confirmer | AlpacaConfirmer: no liquid contract for LYFT (signal=SHORT)
2026-08-31T11:42:25 | INFO     | app.strategies.liquidity_filter | LiquidityFilter: selected IWM260902P00292000 | delta=-0.355 | spread_pct=0.012 | OI=148 | vol=299
2026-08-31T11:42:25 | INFO     | app.scanning.alpaca_confirmer | AlpacaConfirmer: confirmed IWM | IWM260902P00292000 | exp=2026-09-02 | spread=1.17% | OI=148 | vol=299
2026-08-31T11:42:25 | INFO     | app.strategies.liquidity_filter | LiquidityFilter: selected TSLA260902C00367500 | delta=0.409 | spread_pct=0.041 | OI=319 | vol=6005
2026-08-31T11:42:25 | INFO     | app.scanning.alpaca_confirmer | AlpacaConfirmer: confirmed TSLA | TSLA260902C00367500 | exp=2026-09-02 | spread=4.05% | OI=319 | vol=6005
2026-08-31T11:42:25 | INFO     | app.strategies.liquidity_filter | LiquidityFilter: selected QQQ260902P00712000 | delta=-0.395 | spread_pct=0.008 | OI=524 | vol=1360
2026-08-31T11:42:25 | INFO     | app.scanning.alpaca_confirmer | AlpacaConfirmer: confirmed QQQ | QQQ260902P00712000 | exp=2026-09-02 | spread=0.81% | OI=524 | vol=1360
2026-08-31T11:42:25 | INFO     | session_runner | AlpacaConfirmer: 6 confirmed symbols: ['TSLA', 'GOOGL', 'MSTR', 'UBER', 'IWM', 'AMZN']
2026-08-31T11:42:25 | INFO     | session_runner | Re-scan updated active symbols: ['TSLA', 'GOOGL', 'MSTR', 'UBER', 'IWM', 'AMZN']
2026-08-31T11:42:25 | INFO     | session_runner | Broad-market regime | SPY=short
2026-08-31T11:42:25 | INFO     | session_runner | [bridge:TSLA] rsi_trend ready: sufficient bars
2026-08-31T11:42:25 | INFO     | session_runner | Stale signal: TSLA/orb age=107 min > max 10 min — skipped
2026-08-31T11:42:25 | INFO     | session_runner | [bridge:GOOGL] rsi_trend ready: sufficient bars
2026-08-31T11:42:25 | INFO     | session_runner | Stale signal: GOOGL/vwap_reclaim age=122 min > max 10 min — skipped
2026-08-31T11:42:26 | INFO     | session_runner | [bridge:MSTR] rsi_trend ready: sufficient bars
2026-08-31T11:42:26 | INFO     | session_runner | [bridge:UBER] rsi_trend ready: sufficient bars
2026-08-31T11:42:26 | INFO     | session_runner | Stale signal: UBER/orb age=112 min > max 10 min — skipped
2026-08-31T11:42:26 | INFO     | session_runner | [bridge:IWM] rsi_trend ready: sufficient bars
2026-08-31T11:42:26 | INFO     | session_runner | Stale signal: IWM/orb age=112 min > max 10 min — skipped
2026-08-31T11:42:26 | INFO     | session_runner | [bridge:AMZN] rsi_trend ready: sufficient bars
2026-08-31T11:42:26 | INFO     | session_runner | Stale signal: AMZN/vwap_reclaim age=32 min > max 10 min — skipped
2026-08-31T11:42:56 | INFO     | session_runner | [cycle 252] 11:42:56 ET | positions=0 | entries=0
2026-08-31T11:42:56 | INFO     | app.trading.reconciler | Reconciliation done: broker_pos=0 local_pos=0 broker_orders=0 local_pending=0 repaired=0 flagged=0 orders_confirmed=True positions_confirmed=True
2026-08-31T11:42:56 | INFO     | session_runner | [bridge:TSLA] rsi_trend ready: sufficient bars
2026-08-31T11:42:56 | INFO     | session_runner | Stale signal: TSLA/orb age=108 min > max 10 min — skipped
2026-08-31T11:42:57 | INFO     | session_runner | [bridge:GOOGL] rsi_trend ready: sufficient bars
2026-08-31T11:42:57 | INFO     | session_runner | Stale signal: GOOGL/vwap_reclaim age=123 min > max 10 min — skipped
2026-08-31T11:42:57 | INFO     | session_runner | [bridge:MSTR] rsi_trend ready: sufficient bars
2026-08-31T11:42:57 | INFO     | session_runner | [bridge:UBER] rsi_trend ready: sufficient bars
2026-08-31T11:42:57 | INFO     | session_runner | Stale signal: UBER/orb age=113 min > max 10 min — skipped
2026-08-31T11:42:57 | INFO     | session_runner | [bridge:IWM] rsi_trend ready: sufficient bars
2026-08-31T11:42:57 | INFO     | session_runner | Stale signal: IWM/orb age=113 min > max 10 min — skipped
2026-08-31T11:42:57 | INFO     | session_runner | [bridge:AMZN] rsi_trend ready: sufficient bars
2026-08-31T11:42:57 | INFO     | session_runner | Stale signal: AMZN/vwap_reclaim age=33 min > max 10 min — skipped
2026-08-31T11:43:27 | INFO     | session_runner | [cycle 253] 11:43:27 ET | positions=0 | entries=0
2026-08-31T11:43:28 | INFO     | session_runner | [bridge:TSLA] rsi_trend ready: sufficient bars
2026-08-31T11:43:28 | INFO     | session_runner | Stale signal: TSLA/orb age=108 min > max 10 min — skipped
2026-08-31T11:43:28 | INFO     | session_runner | [bridge:GOOGL] rsi_trend ready: sufficient bars
2026-08-31T11:43:28 | INFO     | session_runner | Stale signal: GOOGL/vwap_reclaim age=123 min > max 10 min — skipped
2026-08-31T11:43:28 | INFO     | session_runner | [bridge:MSTR] rsi_trend ready: sufficient bars
2026-08-31T11:43:28 | INFO     | session_runner | [bridge:UBER] rsi_trend ready: sufficient bars
2026-08-31T11:43:28 | INFO     | session_runner | Stale signal: UBER/orb age=113 min > max 10 min — skipped
2026-08-31T11:43:28 | INFO     | session_runner | [bridge:IWM] rsi_trend ready: sufficient bars
2026-08-31T11:43:28 | INFO     | session_runner | Stale signal: IWM/orb age=113 min > max 10 min — skipped
2026-08-31T11:43:28 | INFO     | session_runner | [bridge:AMZN] rsi_trend ready: sufficient bars
2026-08-31T11:43:28 | INFO     | session_runner | Stale signal: AMZN/vwap_reclaim age=33 min > max 10 min — skipped
2026-08-31T11:43:58 | INFO     | session_runner | [cycle 254] 11:43:58 ET | positions=0 | entries=0
2026-08-31T11:43:59 | INFO     | session_runner | [bridge:TSLA] rsi_trend ready: sufficient bars
2026-08-31T11:43:59 | INFO     | session_runner | Stale signal: TSLA/orb age=109 min > max 10 min — skipped
2026-08-31T11:43:59 | INFO     | session_runner | [bridge:GOOGL] rsi_trend ready: sufficient bars
2026-08-31T11:43:59 | INFO     | session_runner | Stale signal: GOOGL/vwap_reclaim age=124 min > max 10 min — skipped
2026-08-31T11:43:59 | INFO     | session_runner | [bridge:MSTR] rsi_trend ready: sufficient bars
2026-08-31T11:43:59 | INFO     | session_runner | [bridge:UBER] rsi_trend ready: sufficient bars
2026-08-31T11:43:59 | INFO     | session_runner | Stale signal: UBER/orb age=114 min > max 10 min — skipped
2026-08-31T11:44:00 | INFO     | session_runner | [bridge:IWM] rsi_trend ready: sufficient bars
2026-08-31T11:44:00 | INFO     | session_runner | Stale signal: IWM/orb age=114 min > max 10 min — skipped
2026-08-31T11:44:00 | INFO     | session_runner | [bridge:AMZN] rsi_trend ready: sufficient bars
2026-08-31T11:44:00 | INFO     | session_runner | Stale signal: AMZN/vwap_reclaim age=34 min > max 10 min — skipped
2026-08-31T11:44:30 | INFO     | session_runner | [cycle 255] 11:44:30 ET | positions=0 | entries=0
2026-08-31T11:44:30 | INFO     | session_runner | [bridge:TSLA] rsi_trend ready: sufficient bars
2026-08-31T11:44:30 | INFO     | session_runner | Stale signal: TSLA/orb age=110 min > max 10 min — skipped
2026-08-31T11:44:30 | INFO     | session_runner | [bridge:GOOGL] rsi_trend ready: sufficient bars
2026-08-31T11:44:30 | INFO     | session_runner | Stale signal: GOOGL/vwap_reclaim age=125 min > max 10 min — skipped
2026-08-31T11:44:31 | INFO     | session_runner | [bridge:MSTR] rsi_trend ready: sufficient bars
2026-08-31T11:44:31 | INFO     | session_runner | [bridge:UBER] rsi_trend ready: sufficient bars
2026-08-31T11:44:31 | INFO     | session_runner | Stale signal: UBER/orb age=115 min > max 10 min — skipped
2026-08-31T11:44:31 | INFO     | session_runner | [bridge:IWM] rsi_trend ready: sufficient bars
2026-08-31T11:44:31 | INFO     | session_runner | Stale signal: IWM/orb age=115 min > max 10 min — skipped
2026-08-31T11:44:31 | INFO     | session_runner | [bridge:AMZN] rsi_trend ready: sufficient bars
2026-08-31T11:44:31 | INFO     | session_runner | Stale signal: AMZN/vwap_reclaim age=35 min > max 10 min — skipped
2026-08-31T11:45:01 | INFO     | session_runner | [cycle 256] 11:45:01 ET | positions=0 | entries=0
2026-08-31T11:45:02 | INFO     | session_runner | [bridge:TSLA] rsi_trend ready: sufficient bars
2026-08-31T11:45:02 | INFO     | session_runner | Stale signal: TSLA/orb age=110 min > max 10 min — skipped
2026-08-31T11:45:02 | INFO     | session_runner | [bridge:GOOGL] rsi_trend ready: sufficient bars
2026-08-31T11:45:02 | INFO     | session_runner | Stale signal: GOOGL/vwap_reclaim age=125 min > max 10 min — skipped
2026-08-31T11:45:02 | INFO     | session_runner | [bridge:MSTR] rsi_trend ready: sufficient bars
2026-08-31T11:45:02 | INFO     | session_runner | [bridge:UBER] rsi_trend ready: sufficient bars
2026-08-31T11:45:02 | INFO     | session_runner | Stale signal: UBER/orb age=115 min > max 10 min — skipped
2026-08-31T11:45:02 | INFO     | session_runner | [bridge:IWM] rsi_trend ready: sufficient bars
2026-08-31T11:45:02 | INFO     | session_runner | Stale signal: IWM/orb age=115 min > max 10 min — skipped
2026-08-31T11:45:03 | INFO     | session_runner | [bridge:AMZN] rsi_trend ready: sufficient bars
2026-08-31T11:45:03 | INFO     | session_runner | Stale signal: AMZN/vwap_reclaim age=35 min > max 10 min — skipped
2026-08-31T11:45:03 | INFO     | session_runner | Signal quality blocked | AMZN/vwap_reclaim score=1.0 < 3.0
2026-08-31T11:45:03 | INFO     | app.strategies.liquidity_filter | LiquidityFilter: selected AMZN260902P00260000 | delta=-0.416 | spread_pct=0.052 | OI=162 | vol=4641
2026-08-31T11:45:03 | INFO     | app.evaluation.shadow_book | ShadowBook: simulating vwap_reclaim/baseline AMZN260902P00260000 @ 1.7700 (blocked: signal_quality_below_min, fill-validated at entry)
2026-08-31T11:45:03 | INFO     | app.evaluation.shadow_book | ShadowBook: simulating vwap_reclaim/breakeven_25 AMZN260902P00260000 @ 1.7700 (blocked: exit_policy_counterfactual, fill-validated at entry)
2026-08-31T11:45:03 | INFO     | app.evaluation.shadow_book | ShadowBook: simulating vwap_reclaim/partial_25_breakeven AMZN260902P00260000 @ 1.7700 (blocked: exit_policy_counterfactual, fill-validated at entry)
2026-08-31T11:45:03 | INFO     | app.strategies.liquidity_filter | LiquidityFilter: selected AMZN260902C00262500 | delta=0.410 | spread_pct=0.024 | OI=409 | vol=8465
2026-08-31T11:45:03 | INFO     | app.evaluation.shadow_book | ShadowBook: simulating vwap_reclaim/inverted AMZN260902C00262500 @ 1.6800 (blocked: inverted_direction_counterfactual, fill-validated at entry)
2026-08-31T11:45:33 | INFO     | session_runner | [cycle 257] 11:45:33 ET | positions=0 | entries=0
2026-08-31T11:45:34 | INFO     | session_runner | [bridge:TSLA] rsi_trend ready: sufficient bars
2026-08-31T11:45:34 | INFO     | session_runner | Stale signal: TSLA/orb age=111 min > max 10 min — skipped
2026-08-31T11:45:34 | INFO     | session_runner | [bridge:GOOGL] rsi_trend ready: sufficient bars
2026-08-31T11:45:34 | INFO     | session_runner | Stale signal: GOOGL/vwap_reclaim age=126 min > max 10 min — skipped
2026-08-31T11:45:35 | INFO     | session_runner | [bridge:MSTR] rsi_trend ready: sufficient bars
2026-08-31T11:45:35 | INFO     | session_runner | [bridge:UBER] rsi_trend ready: sufficient bars
2026-08-31T11:45:35 | INFO     | session_runner | Stale signal: UBER/orb age=116 min > max 10 min — skipped
2026-08-31T11:45:35 | INFO     | session_runner | [bridge:IWM] rsi_trend ready: sufficient bars
2026-08-31T11:45:35 | INFO     | session_runner | Stale signal: IWM/orb age=116 min > max 10 min — skipped
2026-08-31T11:45:35 | INFO     | session_runner | [bridge:AMZN] rsi_trend ready: sufficient bars
2026-08-31T11:45:35 | INFO     | session_runner | Stale signal: AMZN/vwap_reclaim age=36 min > max 10 min — skipped
2026-08-31T11:45:35 | INFO     | session_runner | Signal quality blocked | AMZN/vwap_reclaim score=1.0 < 3.0
2026-08-31T11:45:35 | INFO     | app.strategies.liquidity_filter | LiquidityFilter: selected AMZN260902P00260000 | delta=-0.412 | spread_pct=0.041 | OI=162 | vol=4641
2026-08-31T11:46:05 | INFO     | session_runner | [cycle 258] 11:46:05 ET | positions=0 | entries=0
2026-08-31T11:46:06 | INFO     | session_runner | [bridge:TSLA] rsi_trend ready: sufficient bars
2026-08-31T11:46:06 | INFO     | session_runner | Stale signal: TSLA/orb age=111 min > max 10 min — skipped
2026-08-31T11:46:06 | INFO     | session_runner | [bridge:GOOGL] rsi_trend ready: sufficient bars
2026-08-31T11:46:06 | INFO     | session_runner | Stale signal: GOOGL/vwap_reclaim age=126 min > max 10 min — skipped
2026-08-31T11:46:06 | INFO     | session_runner | [bridge:MSTR] rsi_trend ready: sufficient bars
2026-08-31T11:46:06 | INFO     | session_runner | [bridge:UBER] rsi_trend ready: sufficient bars
2026-08-31T11:46:06 | INFO     | session_runner | Stale signal: UBER/orb age=116 min > max 10 min — skipped
2026-08-31T11:46:06 | INFO     | session_runner | [bridge:IWM] rsi_trend ready: sufficient bars
2026-08-31T11:46:06 | INFO     | session_runner | Stale signal: IWM/orb age=116 min > max 10 min — skipped
2026-08-31T11:46:07 | INFO     | session_runner | [bridge:AMZN] rsi_trend ready: sufficient bars
2026-08-31T11:46:07 | INFO     | session_runner | Stale signal: AMZN/vwap_reclaim age=36 min > max 10 min — skipped
2026-08-31T11:46:07 | INFO     | session_runner | Signal quality blocked | AMZN/vwap_reclaim score=1.0 < 3.0
2026-08-31T11:46:07 | INFO     | app.strategies.liquidity_filter | LiquidityFilter: selected AMZN260902P00260000 | delta=-0.417 | spread_pct=0.023 | OI=162 | vol=4706
2026-08-31T11:46:37 | INFO     | session_runner | [cycle 259] 11:46:37 ET | positions=0 | entries=0
2026-08-31T11:46:37 | INFO     | session_runner | [bridge:TSLA] rsi_trend ready: sufficient bars
2026-08-31T11:46:37 | INFO     | session_runner | Stale signal: TSLA/orb age=112 min > max 10 min — skipped
2026-08-31T11:46:38 | INFO     | session_runner | [bridge:GOOGL] rsi_trend ready: sufficient bars
2026-08-31T11:46:38 | INFO     | session_runner | Stale signal: GOOGL/vwap_reclaim age=127 min > max 10 min — skipped
2026-08-31T11:46:38 | INFO     | session_runner | [bridge:MSTR] rsi_trend ready: sufficient bars
2026-08-31T11:46:38 | INFO     | session_runner | [bridge:UBER] rsi_trend ready: sufficient bars
2026-08-31T11:46:38 | INFO     | session_runner | Stale signal: UBER/orb age=117 min > max 10 min — skipped
2026-08-31T11:46:38 | INFO     | session_runner | [bridge:IWM] rsi_trend ready: sufficient bars
2026-08-31T11:46:38 | INFO     | session_runner | Stale signal: IWM/orb age=117 min > max 10 min — skipped
2026-08-31T11:46:38 | INFO     | session_runner | [bridge:AMZN] rsi_trend ready: sufficient bars
2026-08-31T11:46:38 | INFO     | session_runner | Stale signal: AMZN/vwap_reclaim age=37 min > max 10 min — skipped
2026-08-31T11:46:38 | INFO     | session_runner | Signal quality blocked | AMZN/vwap_reclaim score=1.0 < 3.0
2026-08-31T11:46:38 | INFO     | app.strategies.liquidity_filter | LiquidityFilter: selected AMZN260902P00260000 | delta=-0.417 | spread_pct=0.023 | OI=162 | vol=4706
2026-08-31T11:47:08 | INFO     | session_runner | [cycle 260] 11:47:08 ET | positions=0 | entries=0
2026-08-31T11:47:09 | INFO     | session_runner | [bridge:TSLA] rsi_trend ready: sufficient bars
2026-08-31T11:47:09 | INFO     | session_runner | Stale signal: TSLA/orb age=112 min > max 10 min — skipped
2026-08-31T11:47:09 | INFO     | session_runner | [bridge:GOOGL] rsi_trend ready: sufficient bars
2026-08-31T11:47:09 | INFO     | session_runner | Stale signal: GOOGL/vwap_reclaim age=127 min > max 10 min — skipped
2026-08-31T11:47:09 | INFO     | session_runner | [bridge:MSTR] rsi_trend ready: sufficient bars
2026-08-31T11:47:09 | INFO     | session_runner | [bridge:UBER] rsi_trend ready: sufficient bars
2026-08-31T11:47:09 | INFO     | session_runner | Stale signal: UBER/orb age=117 min > max 10 min — skipped
2026-08-31T11:47:10 | INFO     | session_runner | [bridge:IWM] rsi_trend ready: sufficient bars
2026-08-31T11:47:10 | INFO     | session_runner | Stale signal: IWM/orb age=117 min > max 10 min — skipped
2026-08-31T11:47:10 | INFO     | session_runner | [bridge:AMZN] rsi_trend ready: sufficient bars
2026-08-31T11:47:10 | INFO     | session_runner | Stale signal: AMZN/vwap_reclaim age=37 min > max 10 min — skipped
2026-08-31T11:47:10 | INFO     | session_runner | Signal quality blocked | AMZN/vwap_reclaim score=1.0 < 3.0
2026-08-31T11:47:10 | INFO     | app.strategies.liquidity_filter | LiquidityFilter: selected AMZN260902P00260000 | delta=-0.414 | spread_pct=0.023 | OI=162 | vol=4717
2026-08-31T11:47:40 | INFO     | session_runner | [cycle 261] 11:47:40 ET | positions=0 | entries=0
2026-08-31T11:47:40 | INFO     | session_runner | Periodic universe re-scan …
2026-08-31T11:47:40 | INFO     | app.scanning.universe_loader | UniverseLoader: loaded 5 groups (13 flat symbols) from config/ticker_universe.yaml (blacklist=0)
2026-08-31T11:47:40 | INFO     | app.scanning.universe_loader | UniverseLoader: 38 symbols from 4 group(s) (blacklist=0)
2026-08-31T11:47:40 | INFO     | session_runner | Universe scan: 38 symbols from 4 group(s) | max_active=6
2026-08-31T11:47:41 | WARNING  | app.scanning.yfinance_scanner | AlpacaScanner: no daily data for 1/38 symbols: ['SQ']
2026-08-31T11:47:42 | WARNING  | app.scanning.yfinance_scanner | YFinanceScanner: failed for SQ: No daily data returned for SQ
2026-08-31T11:47:43 | INFO     | session_runner | Scan: 17 passed, 21 rejected
2026-08-31T11:47:43 | INFO     | session_runner |   TSLA    score=82.0  signal=LONG     reasons: rvol=2.16x (high), atr=3.57% (wide-range), orb_breakout
2026-08-31T11:47:43 | INFO     | session_runner |   NVDA    score=70.0  signal=LONG     reasons: atr=3.55% (wide-range), orb_breakout, trend_up
2026-08-31T11:47:43 | INFO     | session_runner |   GOOGL   score=70.0  signal=SHORT    reasons: atr=2.18% (wide-range), orb_breakdown, trend_down
2026-08-31T11:47:43 | INFO     | session_runner |   AAPL    score=67.0  signal=SHORT    reasons: atr=2.11% (wide-range), orb_breakdown, trend_sideways
2026-08-31T11:47:43 | INFO     | session_runner |   MSTR    score=65.0  signal=LONG     reasons: atr=6.42% (wide-range), orb_breakout, trend_up
2026-08-31T11:47:43 | INFO     | app.strategies.liquidity_filter | LiquidityFilter: selected GOOGL260902P00337500 | delta=-0.438 | spread_pct=0.067 | OI=152 | vol=960
2026-08-31T11:47:43 | INFO     | app.scanning.alpaca_confirmer | AlpacaConfirmer: confirmed GOOGL | GOOGL260902P00337500 | exp=2026-09-02 | spread=6.68% | OI=152 | vol=960
2026-08-31T11:47:43 | INFO     | app.strategies.liquidity_filter | LiquidityFilter: no qualifying contracts for SOFI SignalDirection.LONG | total_candidates=31
2026-08-31T11:47:43 | INFO     | app.scanning.alpaca_confirmer | AlpacaConfirmer: no liquid contract for SOFI (signal=LONG)
2026-08-31T11:47:43 | INFO     | app.strategies.liquidity_filter | LiquidityFilter: no qualifying contracts for XLE SignalDirection.SHORT | total_candidates=31
2026-08-31T11:47:43 | INFO     | app.scanning.alpaca_confirmer | AlpacaConfirmer: no liquid contract for XLE (signal=SHORT)
2026-08-31T11:47:43 | INFO     | app.strategies.liquidity_filter | LiquidityFilter: no qualifying contracts for LYFT SignalDirection.SHORT | total_candidates=35
2026-08-31T11:47:43 | INFO     | app.scanning.alpaca_confirmer | AlpacaConfirmer: no liquid contract for LYFT (signal=SHORT)
2026-08-31T11:47:43 | INFO     | app.strategies.liquidity_filter | LiquidityFilter: selected UBER260904P00075000 | delta=-0.375 | spread_pct=0.049 | OI=1590 | vol=4409
2026-08-31T11:47:43 | INFO     | app.scanning.alpaca_confirmer | AlpacaConfirmer: confirmed UBER | UBER260904P00075000 | exp=2026-09-04 | spread=4.94% | OI=1590 | vol=4409
2026-08-31T11:47:43 | INFO     | app.strategies.liquidity_filter | LiquidityFilter: no qualifying contracts for NVDA SignalDirection.LONG | total_candidates=65
2026-08-31T11:47:43 | INFO     | app.scanning.alpaca_confirmer | AlpacaConfirmer: liquidity_rejected_cost_cap | symbol=NVDA | option_symbol=NVDA260902C00205000 | ask=14.97 | ask_x_100=1497 | max_contract_cost=985
2026-08-31T11:47:43 | INFO     | app.scanning.alpaca_confirmer | AlpacaConfirmer: liquidity_rejected_cost_cap | symbol=NVDA | option_symbol=NVDA260902C00207500 | ask=12.67 | ask_x_100=1267 | max_contract_cost=985
2026-08-31T11:47:43 | INFO     | app.scanning.alpaca_confirmer | AlpacaConfirmer: liquidity_rejected_cost_cap | symbol=NVDA | option_symbol=NVDA260902C00210000 | ask=9.90 | ask_x_100=990 | max_contract_cost=985
2026-08-31T11:47:43 | INFO     | app.scanning.alpaca_confirmer | AlpacaConfirmer: no liquid contract for NVDA (signal=LONG)
2026-08-31T11:47:43 | INFO     | app.strategies.liquidity_filter | LiquidityFilter: no qualifying contracts for AAPL SignalDirection.SHORT | total_candidates=56
2026-08-31T11:47:43 | INFO     | app.scanning.alpaca_confirmer | AlpacaConfirmer: no liquid contract for AAPL (signal=SHORT)
2026-08-31T11:47:43 | INFO     | app.strategies.liquidity_filter | LiquidityFilter: no qualifying contracts for IWM SignalDirection.SHORT | total_candidates=85
2026-08-31T11:47:43 | INFO     | app.scanning.alpaca_confirmer | AlpacaConfirmer: no liquid contract for IWM (signal=SHORT)
2026-08-31T11:47:43 | INFO     | app.strategies.liquidity_filter | LiquidityFilter: selected TSLA260902C00370000 | delta=0.389 | spread_pct=0.013 | OI=1572 | vol=17603
2026-08-31T11:47:43 | INFO     | app.scanning.alpaca_confirmer | AlpacaConfirmer: confirmed TSLA | TSLA260902C00370000 | exp=2026-09-02 | spread=1.35% | OI=1572 | vol=17603
2026-08-31T11:47:43 | INFO     | app.strategies.liquidity_filter | LiquidityFilter: selected AMZN260902P00260000 | delta=-0.426 | spread_pct=0.022 | OI=162 | vol=4717
2026-08-31T11:47:43 | INFO     | app.scanning.alpaca_confirmer | AlpacaConfirmer: confirmed AMZN | AMZN260902P00260000 | exp=2026-09-02 | spread=2.25% | OI=162 | vol=4717
2026-08-31T11:47:43 | INFO     | app.strategies.liquidity_filter | LiquidityFilter: selected MSTR260904C00133000 | delta=0.413 | spread_pct=0.066 | OI=472 | vol=2645
2026-08-31T11:47:43 | INFO     | app.scanning.alpaca_confirmer | AlpacaConfirmer: confirmed MSTR | MSTR260904C00133000 | exp=2026-09-04 | spread=6.57% | OI=472 | vol=2645
2026-08-31T11:47:43 | INFO     | app.strategies.liquidity_filter | LiquidityFilter: no qualifying contracts for AMD SignalDirection.SHORT | total_candidates=141
2026-08-31T11:47:43 | INFO     | app.scanning.alpaca_confirmer | AlpacaConfirmer: no liquid contract for AMD (signal=SHORT)
2026-08-31T11:47:43 | INFO     | session_runner | AlpacaConfirmer: 5 confirmed symbols: ['TSLA', 'GOOGL', 'MSTR', 'UBER', 'AMZN']
2026-08-31T11:47:43 | INFO     | session_runner | Re-scan updated active symbols: ['TSLA', 'GOOGL', 'MSTR', 'UBER', 'AMZN']
2026-08-31T11:47:43 | INFO     | session_runner | Broad-market regime | SPY=long
2026-08-31T11:47:43 | INFO     | session_runner | [bridge:TSLA] rsi_trend ready: sufficient bars
2026-08-31T11:47:43 | INFO     | session_runner | Stale signal: TSLA/orb age=113 min > max 10 min — skipped
2026-08-31T11:47:43 | INFO     | session_runner | [bridge:GOOGL] rsi_trend ready: sufficient bars
2026-08-31T11:47:43 | INFO     | session_runner | Stale signal: GOOGL/vwap_reclaim age=128 min > max 10 min — skipped
2026-08-31T11:47:44 | INFO     | session_runner | [bridge:MSTR] rsi_trend ready: sufficient bars
2026-08-31T11:47:44 | INFO     | session_runner | [bridge:UBER] rsi_trend ready: sufficient bars
2026-08-31T11:47:44 | INFO     | session_runner | Stale signal: UBER/orb age=118 min > max 10 min — skipped
2026-08-31T11:47:44 | INFO     | session_runner | [bridge:AMZN] rsi_trend ready: sufficient bars
2026-08-31T11:47:44 | INFO     | session_runner | Stale signal: AMZN/vwap_reclaim age=38 min > max 10 min — skipped
2026-08-31T11:47:44 | INFO     | session_runner | Signal quality blocked | AMZN/vwap_reclaim score=1.0 < 3.0
2026-08-31T11:47:44 | INFO     | app.strategies.liquidity_filter | LiquidityFilter: selected AMZN260902P00260000 | delta=-0.429 | spread_pct=0.016 | OI=162 | vol=4717
2026-08-31T11:48:14 | INFO     | session_runner | [cycle 262] 11:48:14 ET | positions=0 | entries=0
2026-08-31T11:48:15 | INFO     | session_runner | [bridge:TSLA] rsi_trend ready: sufficient bars
2026-08-31T11:48:15 | INFO     | session_runner | Stale signal: TSLA/orb age=113 min > max 10 min — skipped
2026-08-31T11:48:15 | INFO     | session_runner | [bridge:GOOGL] rsi_trend ready: sufficient bars
2026-08-31T11:48:15 | INFO     | session_runner | Stale signal: GOOGL/vwap_reclaim age=128 min > max 10 min — skipped
2026-08-31T11:48:15 | INFO     | session_runner | [bridge:MSTR] rsi_trend ready: sufficient bars
2026-08-31T11:48:16 | INFO     | session_runner | [bridge:UBER] rsi_trend ready: sufficient bars
2026-08-31T11:48:16 | INFO     | session_runner | Stale signal: UBER/orb age=118 min > max 10 min — skipped
2026-08-31T11:48:16 | INFO     | session_runner | [bridge:AMZN] rsi_trend ready: sufficient bars
2026-08-31T11:48:16 | INFO     | session_runner | Stale signal: AMZN/vwap_reclaim age=38 min > max 10 min — skipped
2026-08-31T11:48:16 | INFO     | session_runner | Signal quality blocked | AMZN/vwap_reclaim score=1.0 < 3.0
2026-08-31T11:48:16 | INFO     | app.strategies.liquidity_filter | LiquidityFilter: selected AMZN260902P00260000 | delta=-0.426 | spread_pct=0.067 | OI=162 | vol=4770
2026-08-31T11:48:46 | INFO     | session_runner | [cycle 263] 11:48:46 ET | positions=0 | entries=0
2026-08-31T11:48:46 | INFO     | app.evaluation.shadow_book | ShadowBook: closed vwap_reclaim HOOD260904P00101000 @ 1.6700 → -55.00 (trailing_stop, fill-validated)
2026-08-31T11:48:47 | INFO     | session_runner | [bridge:TSLA] rsi_trend ready: sufficient bars
2026-08-31T11:48:47 | INFO     | session_runner | Stale signal: TSLA/orb age=114 min > max 10 min — skipped
2026-08-31T11:48:47 | INFO     | session_runner | [bridge:GOOGL] rsi_trend ready: sufficient bars
2026-08-31T11:48:47 | INFO     | session_runner | Stale signal: GOOGL/vwap_reclaim age=129 min > max 10 min — skipped
2026-08-31T11:48:47 | INFO     | session_runner | [bridge:MSTR] rsi_trend ready: sufficient bars
2026-08-31T11:48:47 | INFO     | session_runner | [bridge:UBER] rsi_trend ready: sufficient bars
2026-08-31T11:48:47 | INFO     | session_runner | Stale signal: UBER/orb age=119 min > max 10 min — skipped
2026-08-31T11:48:48 | INFO     | session_runner | [bridge:AMZN] rsi_trend ready: sufficient bars
2026-08-31T11:48:48 | INFO     | session_runner | Stale signal: AMZN/vwap_reclaim age=39 min > max 10 min — skipped
2026-08-31T11:48:48 | INFO     | session_runner | Signal quality blocked | AMZN/vwap_reclaim score=1.0 < 3.0
2026-08-31T11:48:48 | INFO     | app.strategies.liquidity_filter | LiquidityFilter: selected AMZN260902P00260000 | delta=-0.430 | spread_pct=0.038 | OI=162 | vol=4770
2026-08-31T11:49:18 | INFO     | session_runner | [cycle 264] 11:49:18 ET | positions=0 | entries=0
2026-08-31T11:49:19 | INFO     | session_runner | [bridge:TSLA] rsi_trend ready: sufficient bars
2026-08-31T11:49:19 | INFO     | session_runner | Stale signal: TSLA/orb age=114 min > max 10 min — skipped
2026-08-31T11:49:19 | INFO     | session_runner | [bridge:GOOGL] rsi_trend ready: sufficient bars
2026-08-31T11:49:19 | INFO     | session_runner | Stale signal: GOOGL/vwap_reclaim age=129 min > max 10 min — skipped
2026-08-31T11:49:19 | INFO     | session_runner | [bridge:MSTR] rsi_trend ready: sufficient bars
2026-08-31T11:49:19 | INFO     | session_runner | [bridge:UBER] rsi_trend ready: sufficient bars
2026-08-31T11:49:19 | INFO     | session_runner | Stale signal: UBER/orb age=119 min > max 10 min — skipped
2026-08-31T11:49:19 | INFO     | session_runner | [bridge:AMZN] rsi_trend ready: sufficient bars
2026-08-31T11:49:19 | INFO     | session_runner | Stale signal: AMZN/vwap_reclaim age=39 min > max 10 min — skipped
2026-08-31T11:49:19 | INFO     | session_runner | Signal quality blocked | AMZN/vwap_reclaim score=1.0 < 3.0
2026-08-31T11:49:19 | INFO     | app.strategies.liquidity_filter | LiquidityFilter: selected AMZN260902P00260000 | delta=-0.429 | spread_pct=0.034 | OI=162 | vol=4831
2026-08-31T11:49:49 | INFO     | session_runner | [cycle 265] 11:49:49 ET | positions=0 | entries=0
2026-08-31T11:49:50 | INFO     | session_runner | [bridge:TSLA] rsi_trend ready: sufficient bars
2026-08-31T11:49:50 | INFO     | session_runner | Stale signal: TSLA/orb age=115 min > max 10 min — skipped
2026-08-31T11:49:50 | INFO     | session_runner | [bridge:GOOGL] rsi_trend ready: sufficient bars
2026-08-31T11:49:50 | INFO     | session_runner | Stale signal: GOOGL/vwap_reclaim age=130 min > max 10 min — skipped
2026-08-31T11:49:50 | INFO     | session_runner | [bridge:MSTR] rsi_trend ready: sufficient bars
2026-08-31T11:49:51 | INFO     | session_runner | [bridge:UBER] rsi_trend ready: sufficient bars
2026-08-31T11:49:51 | INFO     | session_runner | Stale signal: UBER/orb age=120 min > max 10 min — skipped
2026-08-31T11:49:51 | INFO     | session_runner | [bridge:AMZN] rsi_trend ready: sufficient bars
2026-08-31T11:49:51 | INFO     | session_runner | Stale signal: AMZN/vwap_reclaim age=40 min > max 10 min — skipped
2026-08-31T11:49:51 | INFO     | session_runner | Signal quality blocked | AMZN/vwap_reclaim score=1.0 < 3.0
2026-08-31T11:49:51 | INFO     | app.strategies.liquidity_filter | LiquidityFilter: selected AMZN260902P00260000 | delta=-0.425 | spread_pct=0.022 | OI=162 | vol=4831
2026-08-31T11:50:21 | INFO     | session_runner | [cycle 266] 11:50:21 ET | positions=0 | entries=0
2026-08-31T11:50:22 | INFO     | session_runner | [bridge:TSLA] rsi_trend ready: sufficient bars
2026-08-31T11:50:22 | INFO     | session_runner | Stale signal: TSLA/orb age=115 min > max 10 min — skipped
2026-08-31T11:50:22 | INFO     | session_runner | [bridge:GOOGL] rsi_trend ready: sufficient bars
2026-08-31T11:50:22 | INFO     | session_runner | Stale signal: GOOGL/vwap_reclaim age=130 min > max 10 min — skipped
2026-08-31T11:50:22 | INFO     | session_runner | [bridge:MSTR] rsi_trend ready: sufficient bars
2026-08-31T11:50:22 | INFO     | session_runner | [bridge:UBER] rsi_trend ready: sufficient bars
2026-08-31T11:50:22 | INFO     | session_runner | Stale signal: UBER/orb age=120 min > max 10 min — skipped
2026-08-31T11:50:22 | INFO     | session_runner | [bridge:AMZN] rsi_trend ready: sufficient bars
2026-08-31T11:50:22 | INFO     | session_runner | Stale signal: AMZN/vwap_reclaim age=40 min > max 10 min — skipped
2026-08-31T11:50:22 | INFO     | session_runner | Stale signal: AMZN/vwap_reclaim age=10 min > max 10 min — skipped
2026-08-31T11:50:52 | INFO     | session_runner | [cycle 267] 11:50:52 ET | positions=0 | entries=0
2026-08-31T11:50:53 | INFO     | session_runner | [bridge:TSLA] rsi_trend ready: sufficient bars
2026-08-31T11:50:53 | INFO     | session_runner | Stale signal: TSLA/orb age=116 min > max 10 min — skipped
2026-08-31T11:50:53 | INFO     | session_runner | [bridge:GOOGL] rsi_trend ready: sufficient bars
2026-08-31T11:50:53 | INFO     | session_runner | Stale signal: GOOGL/vwap_reclaim age=131 min > max 10 min — skipped
2026-08-31T11:50:53 | INFO     | session_runner | [bridge:MSTR] rsi_trend ready: sufficient bars
2026-08-31T11:50:53 | INFO     | session_runner | [bridge:UBER] rsi_trend ready: sufficient bars
2026-08-31T11:50:53 | INFO     | session_runner | Stale signal: UBER/orb age=121 min > max 10 min — skipped
2026-08-31T11:50:54 | INFO     | session_runner | [bridge:AMZN] rsi_trend ready: sufficient bars
2026-08-31T11:50:54 | INFO     | session_runner | Stale signal: AMZN/vwap_reclaim age=41 min > max 10 min — skipped
2026-08-31T11:50:54 | INFO     | session_runner | Stale signal: AMZN/vwap_reclaim age=11 min > max 10 min — skipped
2026-08-31T11:51:24 | INFO     | session_runner | [cycle 268] 11:51:24 ET | positions=0 | entries=0
2026-08-31T11:51:24 | INFO     | session_runner | [bridge:TSLA] rsi_trend ready: sufficient bars
2026-08-31T11:51:24 | INFO     | session_runner | Stale signal: TSLA/orb age=116 min > max 10 min — skipped
2026-08-31T11:51:24 | INFO     | session_runner | [bridge:GOOGL] rsi_trend ready: sufficient bars
2026-08-31T11:51:24 | INFO     | session_runner | Stale signal: GOOGL/vwap_reclaim age=131 min > max 10 min — skipped
2026-08-31T11:51:25 | INFO     | session_runner | [bridge:MSTR] rsi_trend ready: sufficient bars
2026-08-31T11:51:25 | INFO     | session_runner | [bridge:UBER] rsi_trend ready: sufficient bars
2026-08-31T11:51:25 | INFO     | session_runner | Stale signal: UBER/orb age=121 min > max 10 min — skipped
2026-08-31T11:51:25 | INFO     | session_runner | [bridge:AMZN] rsi_trend ready: sufficient bars
2026-08-31T11:51:25 | INFO     | session_runner | Stale signal: AMZN/vwap_reclaim age=41 min > max 10 min — skipped
2026-08-31T11:51:25 | INFO     | session_runner | Stale signal: AMZN/vwap_reclaim age=11 min > max 10 min — skipped
2026-08-31T11:51:55 | INFO     | session_runner | [cycle 269] 11:51:55 ET | positions=0 | entries=0
2026-08-31T11:51:55 | INFO     | session_runner | [bridge:TSLA] rsi_trend ready: sufficient bars
2026-08-31T11:51:55 | INFO     | session_runner | Stale signal: TSLA/orb age=117 min > max 10 min — skipped
2026-08-31T11:51:56 | INFO     | session_runner | [bridge:GOOGL] rsi_trend ready: sufficient bars
2026-08-31T11:51:56 | INFO     | session_runner | Stale signal: GOOGL/vwap_reclaim age=132 min > max 10 min — skipped
2026-08-31T11:51:56 | INFO     | session_runner | [bridge:MSTR] rsi_trend ready: sufficient bars
2026-08-31T11:51:56 | INFO     | session_runner | [bridge:UBER] rsi_trend ready: sufficient bars
2026-08-31T11:51:56 | INFO     | session_runner | Stale signal: UBER/orb age=122 min > max 10 min — skipped
2026-08-31T11:51:56 | INFO     | session_runner | [bridge:AMZN] rsi_trend ready: sufficient bars
2026-08-31T11:51:56 | INFO     | session_runner | Stale signal: AMZN/vwap_reclaim age=42 min > max 10 min — skipped
2026-08-31T11:51:56 | INFO     | session_runner | Stale signal: AMZN/vwap_reclaim age=12 min > max 10 min — skipped
2026-08-31T11:52:26 | INFO     | session_runner | [cycle 270] 11:52:26 ET | positions=0 | entries=0
2026-08-31T11:52:26 | INFO     | session_runner | [bridge:TSLA] rsi_trend ready: sufficient bars
2026-08-31T11:52:26 | INFO     | session_runner | Stale signal: TSLA/orb age=117 min > max 10 min — skipped
2026-08-31T11:52:27 | INFO     | session_runner | [bridge:GOOGL] rsi_trend ready: sufficient bars
2026-08-31T11:52:27 | INFO     | session_runner | Stale signal: GOOGL/vwap_reclaim age=132 min > max 10 min — skipped
2026-08-31T11:52:27 | INFO     | session_runner | [bridge:MSTR] rsi_trend ready: sufficient bars
2026-08-31T11:52:27 | INFO     | session_runner | [bridge:UBER] rsi_trend ready: sufficient bars
2026-08-31T11:52:27 | INFO     | session_runner | Stale signal: UBER/orb age=122 min > max 10 min — skipped
2026-08-31T11:52:27 | INFO     | session_runner | [bridge:AMZN] rsi_trend ready: sufficient bars
2026-08-31T11:52:27 | INFO     | session_runner | Stale signal: AMZN/vwap_reclaim age=42 min > max 10 min — skipped
2026-08-31T11:52:27 | INFO     | session_runner | Stale signal: AMZN/vwap_reclaim age=12 min > max 10 min — skipped
2026-08-31T11:52:57 | INFO     | session_runner | [cycle 271] 11:52:57 ET | positions=0 | entries=0
2026-08-31T11:52:57 | INFO     | app.trading.reconciler | Reconciliation done: broker_pos=0 local_pos=0 broker_orders=0 local_pending=0 repaired=0 flagged=0 orders_confirmed=True positions_confirmed=True
2026-08-31T11:52:58 | INFO     | session_runner | Periodic universe re-scan …
2026-08-31T11:52:58 | INFO     | app.scanning.universe_loader | UniverseLoader: loaded 5 groups (13 flat symbols) from config/ticker_universe.yaml (blacklist=0)
2026-08-31T11:52:58 | INFO     | app.scanning.universe_loader | UniverseLoader: 38 symbols from 4 group(s) (blacklist=0)
2026-08-31T11:52:58 | INFO     | session_runner | Universe scan: 38 symbols from 4 group(s) | max_active=6
2026-08-31T11:52:58 | WARNING  | app.scanning.yfinance_scanner | AlpacaScanner: no daily data for 1/38 symbols: ['SQ']
2026-08-31T11:53:00 | WARNING  | app.scanning.yfinance_scanner | YFinanceScanner: failed for SQ: No daily data returned for SQ
2026-08-31T11:53:00 | INFO     | session_runner | Scan: 15 passed, 23 rejected
2026-08-31T11:53:00 | INFO     | session_runner |   TSLA    score=82.0  signal=LONG     reasons: rvol=2.15x (high), atr=3.60% (wide-range), orb_breakout
2026-08-31T11:53:00 | INFO     | session_runner |   NVDA    score=70.0  signal=LONG     reasons: atr=3.55% (wide-range), orb_breakout, trend_up
2026-08-31T11:53:00 | INFO     | session_runner |   GOOGL   score=70.0  signal=SHORT    reasons: atr=2.18% (wide-range), orb_breakdown, trend_down
2026-08-31T11:53:00 | INFO     | session_runner |   AAPL    score=67.0  signal=SHORT    reasons: atr=2.11% (wide-range), orb_breakdown, trend_sideways
2026-08-31T11:53:00 | INFO     | session_runner |   MSTR    score=65.0  signal=LONG     reasons: atr=6.43% (wide-range), orb_breakout, trend_up
2026-08-31T11:53:01 | INFO     | app.strategies.liquidity_filter | LiquidityFilter: selected GOOGL260902P00337500 | delta=-0.422 | spread_pct=0.080 | OI=152 | vol=1002
2026-08-31T11:53:01 | INFO     | app.scanning.alpaca_confirmer | AlpacaConfirmer: confirmed GOOGL | GOOGL260902P00337500 | exp=2026-09-02 | spread=8.00% | OI=152 | vol=1002
2026-08-31T11:53:01 | INFO     | app.strategies.liquidity_filter | LiquidityFilter: selected UBER260904P00075000 | delta=-0.360 | spread_pct=0.041 | OI=1590 | vol=4513
2026-08-31T11:53:01 | INFO     | app.scanning.alpaca_confirmer | AlpacaConfirmer: confirmed UBER | UBER260904P00075000 | exp=2026-09-04 | spread=4.08% | OI=1590 | vol=4513
2026-08-31T11:53:01 | INFO     | app.strategies.liquidity_filter | LiquidityFilter: no qualifying contracts for XLE SignalDirection.SHORT | total_candidates=31
2026-08-31T11:53:01 | INFO     | app.scanning.alpaca_confirmer | AlpacaConfirmer: no liquid contract for XLE (signal=SHORT)
2026-08-31T11:53:01 | INFO     | app.strategies.liquidity_filter | LiquidityFilter: selected TSLA260902C00370000 | delta=0.413 | spread_pct=0.007 | OI=1572 | vol=17999
2026-08-31T11:53:01 | INFO     | app.scanning.alpaca_confirmer | AlpacaConfirmer: confirmed TSLA | TSLA260902C00370000 | exp=2026-09-02 | spread=0.74% | OI=1572 | vol=17999
2026-08-31T11:53:01 | INFO     | app.strategies.liquidity_filter | LiquidityFilter: no qualifying contracts for IWM SignalDirection.SHORT | total_candidates=85
2026-08-31T11:53:01 | INFO     | app.scanning.alpaca_confirmer | AlpacaConfirmer: no liquid contract for IWM (signal=SHORT)
2026-08-31T11:53:01 | INFO     | app.strategies.liquidity_filter | LiquidityFilter: no qualifying contracts for SOFI SignalDirection.LONG | total_candidates=31
2026-08-31T11:53:01 | INFO     | app.scanning.alpaca_confirmer | AlpacaConfirmer: no liquid contract for SOFI (signal=LONG)
2026-08-31T11:53:01 | INFO     | app.strategies.liquidity_filter | LiquidityFilter: selected NVDA260902C00222500 | delta=0.358 | spread_pct=0.021 | OI=1217 | vol=17553
2026-08-31T11:53:01 | INFO     | app.scanning.alpaca_confirmer | AlpacaConfirmer: confirmed NVDA | NVDA260902C00222500 | exp=2026-09-02 | spread=2.11% | OI=1217 | vol=17553
2026-08-31T11:53:01 | INFO     | app.strategies.liquidity_filter | LiquidityFilter: no qualifying contracts for MSFT SignalDirection.LONG | total_candidates=80
2026-08-31T11:53:01 | INFO     | app.scanning.alpaca_confirmer | AlpacaConfirmer: no liquid contract for MSFT (signal=LONG)
2026-08-31T11:53:01 | INFO     | app.strategies.liquidity_filter | LiquidityFilter: no qualifying contracts for AAPL SignalDirection.SHORT | total_candidates=56
2026-08-31T11:53:01 | INFO     | app.scanning.alpaca_confirmer | AlpacaConfirmer: no liquid contract for AAPL (signal=SHORT)
2026-08-31T11:53:01 | INFO     | app.strategies.liquidity_filter | LiquidityFilter: selected MSTR260904C00133000 | delta=0.405 | spread_pct=0.020 | OI=472 | vol=2667
2026-08-31T11:53:01 | INFO     | app.scanning.alpaca_confirmer | AlpacaConfirmer: confirmed MSTR | MSTR260904C00133000 | exp=2026-09-04 | spread=1.97% | OI=472 | vol=2667
2026-08-31T11:53:01 | INFO     | app.strategies.liquidity_filter | LiquidityFilter: selected AMZN260902P00260000 | delta=-0.409 | spread_pct=0.023 | OI=162 | vol=4855
2026-08-31T11:53:01 | INFO     | app.scanning.alpaca_confirmer | AlpacaConfirmer: confirmed AMZN | AMZN260902P00260000 | exp=2026-09-02 | spread=2.34% | OI=162 | vol=4855
2026-08-31T11:53:01 | INFO     | app.strategies.liquidity_filter | LiquidityFilter: no qualifying contracts for AMD SignalDirection.SHORT | total_candidates=141
2026-08-31T11:53:01 | INFO     | app.scanning.alpaca_confirmer | AlpacaConfirmer: no liquid contract for AMD (signal=SHORT)
2026-08-31T11:53:01 | INFO     | session_runner | AlpacaConfirmer: 6 confirmed symbols: ['TSLA', 'NVDA', 'GOOGL', 'MSTR', 'UBER', 'AMZN']
2026-08-31T11:53:01 | INFO     | session_runner | Re-scan updated active symbols: ['TSLA', 'NVDA', 'GOOGL', 'MSTR', 'UBER', 'AMZN']
2026-08-31T11:53:01 | INFO     | session_runner | Broad-market regime | SPY=long
2026-08-31T11:53:01 | INFO     | session_runner | [bridge:TSLA] rsi_trend ready: sufficient bars
2026-08-31T11:53:01 | INFO     | session_runner | Stale signal: TSLA/orb age=118 min > max 10 min — skipped
2026-08-31T11:53:01 | INFO     | session_runner | [bridge:NVDA] rsi_trend ready: sufficient bars
2026-08-31T11:53:02 | INFO     | session_runner | [bridge:GOOGL] rsi_trend ready: sufficient bars
2026-08-31T11:53:02 | INFO     | session_runner | Stale signal: GOOGL/vwap_reclaim age=133 min > max 10 min — skipped
2026-08-31T11:53:02 | INFO     | session_runner | [bridge:MSTR] rsi_trend ready: sufficient bars
2026-08-31T11:53:02 | INFO     | session_runner | [bridge:UBER] rsi_trend ready: sufficient bars
2026-08-31T11:53:02 | INFO     | session_runner | Stale signal: UBER/orb age=123 min > max 10 min — skipped
2026-08-31T11:53:02 | INFO     | session_runner | [bridge:AMZN] rsi_trend ready: sufficient bars
2026-08-31T11:53:02 | INFO     | session_runner | Stale signal: AMZN/vwap_reclaim age=43 min > max 10 min — skipped
2026-08-31T11:53:02 | INFO     | session_runner | Stale signal: AMZN/vwap_reclaim age=13 min > max 10 min — skipped
2026-08-31T11:53:32 | INFO     | session_runner | [cycle 272] 11:53:32 ET | positions=0 | entries=0
2026-08-31T11:53:33 | INFO     | session_runner | [bridge:TSLA] rsi_trend ready: sufficient bars
2026-08-31T11:53:33 | INFO     | session_runner | Stale signal: TSLA/orb age=119 min > max 10 min — skipped
2026-08-31T11:53:33 | INFO     | session_runner | [bridge:NVDA] rsi_trend ready: sufficient bars
2026-08-31T11:53:33 | INFO     | session_runner | [bridge:GOOGL] rsi_trend ready: sufficient bars
2026-08-31T11:53:33 | INFO     | session_runner | Stale signal: GOOGL/vwap_reclaim age=134 min > max 10 min — skipped
2026-08-31T11:53:33 | INFO     | session_runner | [bridge:MSTR] rsi_trend ready: sufficient bars
2026-08-31T11:53:33 | INFO     | session_runner | [bridge:UBER] rsi_trend ready: sufficient bars
2026-08-31T11:53:33 | INFO     | session_runner | Stale signal: UBER/orb age=124 min > max 10 min — skipped
2026-08-31T11:53:34 | INFO     | session_runner | [bridge:AMZN] rsi_trend ready: sufficient bars
2026-08-31T11:53:34 | INFO     | session_runner | Stale signal: AMZN/vwap_reclaim age=44 min > max 10 min — skipped
2026-08-31T11:53:34 | INFO     | session_runner | Stale signal: AMZN/vwap_reclaim age=14 min > max 10 min — skipped
2026-08-31T11:54:04 | INFO     | session_runner | [cycle 273] 11:54:04 ET | positions=0 | entries=0
2026-08-31T11:54:04 | INFO     | session_runner | [bridge:TSLA] rsi_trend ready: sufficient bars
2026-08-31T11:54:04 | INFO     | session_runner | Stale signal: TSLA/orb age=119 min > max 10 min — skipped
2026-08-31T11:54:04 | INFO     | session_runner | [bridge:NVDA] rsi_trend ready: sufficient bars
2026-08-31T11:54:05 | INFO     | session_runner | [bridge:GOOGL] rsi_trend ready: sufficient bars
2026-08-31T11:54:05 | INFO     | session_runner | Stale signal: GOOGL/vwap_reclaim age=134 min > max 10 min — skipped
2026-08-31T11:54:05 | INFO     | session_runner | [bridge:MSTR] rsi_trend ready: sufficient bars
2026-08-31T11:54:05 | INFO     | session_runner | [bridge:UBER] rsi_trend ready: sufficient bars
2026-08-31T11:54:05 | INFO     | session_runner | Stale signal: UBER/orb age=124 min > max 10 min — skipped
2026-08-31T11:54:05 | INFO     | session_runner | [bridge:AMZN] rsi_trend ready: sufficient bars
2026-08-31T11:54:05 | INFO     | session_runner | Stale signal: AMZN/vwap_reclaim age=44 min > max 10 min — skipped
2026-08-31T11:54:05 | INFO     | session_runner | Stale signal: AMZN/vwap_reclaim age=14 min > max 10 min — skipped
2026-08-31T11:54:35 | INFO     | session_runner | [cycle 274] 11:54:35 ET | positions=0 | entries=0
2026-08-31T11:54:35 | INFO     | session_runner | [bridge:TSLA] rsi_trend ready: sufficient bars
2026-08-31T11:54:35 | INFO     | session_runner | Stale signal: TSLA/orb age=120 min > max 10 min — skipped
2026-08-31T11:54:36 | INFO     | session_runner | [bridge:NVDA] rsi_trend ready: sufficient bars
2026-08-31T11:54:36 | INFO     | session_runner | [bridge:GOOGL] rsi_trend ready: sufficient bars
2026-08-31T11:54:36 | INFO     | session_runner | Stale signal: GOOGL/vwap_reclaim age=135 min > max 10 min — skipped
2026-08-31T11:54:36 | INFO     | session_runner | [bridge:MSTR] rsi_trend ready: sufficient bars
2026-08-31T11:54:36 | INFO     | session_runner | [bridge:UBER] rsi_trend ready: sufficient bars
2026-08-31T11:54:36 | INFO     | session_runner | Stale signal: UBER/orb age=125 min > max 10 min — skipped
2026-08-31T11:54:36 | INFO     | session_runner | [bridge:AMZN] rsi_trend ready: sufficient bars
2026-08-31T11:54:36 | INFO     | session_runner | Stale signal: AMZN/vwap_reclaim age=45 min > max 10 min — skipped
2026-08-31T11:54:36 | INFO     | session_runner | Stale signal: AMZN/vwap_reclaim age=15 min > max 10 min — skipped
2026-08-31T11:55:06 | INFO     | session_runner | [cycle 275] 11:55:06 ET | positions=0 | entries=0
2026-08-31T11:55:07 | INFO     | session_runner | [bridge:TSLA] rsi_trend ready: sufficient bars
2026-08-31T11:55:07 | INFO     | session_runner | Stale signal: TSLA/orb age=120 min > max 10 min — skipped
2026-08-31T11:55:07 | INFO     | session_runner | [bridge:NVDA] rsi_trend ready: sufficient bars
2026-08-31T11:55:08 | INFO     | session_runner | [bridge:GOOGL] rsi_trend ready: sufficient bars
2026-08-31T11:55:08 | INFO     | session_runner | Stale signal: GOOGL/vwap_reclaim age=135 min > max 10 min — skipped
2026-08-31T11:55:08 | INFO     | session_runner | [bridge:MSTR] rsi_trend ready: sufficient bars
2026-08-31T11:55:08 | INFO     | session_runner | [bridge:UBER] rsi_trend ready: sufficient bars
2026-08-31T11:55:08 | INFO     | session_runner | Stale signal: UBER/orb age=125 min > max 10 min — skipped
2026-08-31T11:55:08 | INFO     | session_runner | [bridge:AMZN] rsi_trend ready: sufficient bars
2026-08-31T11:55:08 | INFO     | session_runner | Stale signal: AMZN/vwap_reclaim age=45 min > max 10 min — skipped
2026-08-31T11:55:08 | INFO     | session_runner | Stale signal: AMZN/vwap_reclaim age=15 min > max 10 min — skipped
2026-08-31T11:55:38 | INFO     | session_runner | [cycle 276] 11:55:38 ET | positions=0 | entries=0
2026-08-31T11:55:38 | INFO     | app.evaluation.shadow_book | ShadowBook: closed orb IWM260902P00293000 @ 1.1000 → -2.00 (max_hold, fill-validated)
2026-08-31T11:55:38 | INFO     | app.evaluation.shadow_book | ShadowBook: closed orb IWM260902P00293000 @ 1.1000 → -2.00 (max_hold, fill-validated)
2026-08-31T11:55:38 | INFO     | app.evaluation.shadow_book | ShadowBook: closed orb IWM260902P00293000 @ 1.1000 → -2.00 (max_hold, fill-validated)
2026-08-31T11:55:39 | INFO     | session_runner | [bridge:TSLA] rsi_trend ready: sufficient bars
2026-08-31T11:55:39 | INFO     | session_runner | Stale signal: TSLA/orb age=121 min > max 10 min — skipped
2026-08-31T11:55:39 | INFO     | session_runner | [bridge:NVDA] rsi_trend ready: sufficient bars
2026-08-31T11:55:39 | INFO     | session_runner | [bridge:GOOGL] rsi_trend ready: sufficient bars
2026-08-31T11:55:39 | INFO     | session_runner | Stale signal: GOOGL/vwap_reclaim age=136 min > max 10 min — skipped
2026-08-31T11:55:39 | INFO     | session_runner | [bridge:MSTR] rsi_trend ready: sufficient bars
2026-08-31T11:55:39 | INFO     | session_runner | [bridge:UBER] rsi_trend ready: sufficient bars
2026-08-31T11:55:39 | INFO     | session_runner | Stale signal: UBER/orb age=126 min > max 10 min — skipped
2026-08-31T11:55:39 | INFO     | session_runner | [bridge:AMZN] rsi_trend ready: sufficient bars
2026-08-31T11:55:39 | INFO     | session_runner | Stale signal: AMZN/vwap_reclaim age=46 min > max 10 min — skipped
2026-08-31T11:55:39 | INFO     | session_runner | Stale signal: AMZN/vwap_reclaim age=16 min > max 10 min — skipped
2026-08-31T11:56:09 | INFO     | session_runner | [cycle 277] 11:56:09 ET | positions=0 | entries=0
2026-08-31T11:56:10 | INFO     | session_runner | [bridge:TSLA] rsi_trend ready: sufficient bars
2026-08-31T11:56:10 | INFO     | session_runner | Stale signal: TSLA/orb age=121 min > max 10 min — skipped
2026-08-31T11:56:10 | INFO     | session_runner | [bridge:NVDA] rsi_trend ready: sufficient bars
2026-08-31T11:56:10 | INFO     | session_runner | [bridge:GOOGL] rsi_trend ready: sufficient bars
2026-08-31T11:56:10 | INFO     | session_runner | Stale signal: GOOGL/vwap_reclaim age=136 min > max 10 min — skipped
2026-08-31T11:56:10 | INFO     | session_runner | [bridge:MSTR] rsi_trend ready: sufficient bars
2026-08-31T11:56:11 | INFO     | session_runner | [bridge:UBER] rsi_trend ready: sufficient bars
2026-08-31T11:56:11 | INFO     | session_runner | Stale signal: UBER/orb age=126 min > max 10 min — skipped
2026-08-31T11:56:11 | INFO     | session_runner | [bridge:AMZN] rsi_trend ready: sufficient bars
2026-08-31T11:56:11 | INFO     | session_runner | Stale signal: AMZN/vwap_reclaim age=46 min > max 10 min — skipped
2026-08-31T11:56:11 | INFO     | session_runner | Stale signal: AMZN/vwap_reclaim age=16 min > max 10 min — skipped
2026-08-31T11:56:41 | INFO     | session_runner | [cycle 278] 11:56:41 ET | positions=0 | entries=0
2026-08-31T11:56:41 | INFO     | session_runner | [bridge:TSLA] rsi_trend ready: sufficient bars
2026-08-31T11:56:41 | INFO     | session_runner | Stale signal: TSLA/orb age=122 min > max 10 min — skipped
2026-08-31T11:56:42 | INFO     | session_runner | [bridge:NVDA] rsi_trend ready: sufficient bars
2026-08-31T11:56:42 | INFO     | session_runner | [bridge:GOOGL] rsi_trend ready: sufficient bars
2026-08-31T11:56:42 | INFO     | session_runner | Stale signal: GOOGL/vwap_reclaim age=137 min > max 10 min — skipped
2026-08-31T11:56:42 | INFO     | session_runner | [bridge:MSTR] rsi_trend ready: sufficient bars
2026-08-31T11:56:42 | INFO     | session_runner | [bridge:UBER] rsi_trend ready: sufficient bars
2026-08-31T11:56:42 | INFO     | session_runner | Stale signal: UBER/orb age=127 min > max 10 min — skipped
2026-08-31T11:56:42 | INFO     | session_runner | [bridge:AMZN] rsi_trend ready: sufficient bars
2026-08-31T11:56:42 | INFO     | session_runner | Stale signal: AMZN/vwap_reclaim age=47 min > max 10 min — skipped
2026-08-31T11:56:42 | INFO     | session_runner | Stale signal: AMZN/vwap_reclaim age=17 min > max 10 min — skipped
2026-08-31T11:57:12 | INFO     | session_runner | [cycle 279] 11:57:12 ET | positions=0 | entries=0
2026-08-31T11:57:13 | INFO     | session_runner | [bridge:TSLA] rsi_trend ready: sufficient bars
2026-08-31T11:57:13 | INFO     | session_runner | Stale signal: TSLA/orb age=122 min > max 10 min — skipped
2026-08-31T11:57:13 | INFO     | session_runner | [bridge:NVDA] rsi_trend ready: sufficient bars
2026-08-31T11:57:13 | INFO     | session_runner | [bridge:GOOGL] rsi_trend ready: sufficient bars
2026-08-31T11:57:13 | INFO     | session_runner | Stale signal: GOOGL/vwap_reclaim age=137 min > max 10 min — skipped
2026-08-31T11:57:13 | INFO     | session_runner | [bridge:MSTR] rsi_trend ready: sufficient bars
2026-08-31T11:57:13 | INFO     | session_runner | [bridge:UBER] rsi_trend ready: sufficient bars
2026-08-31T11:57:13 | INFO     | session_runner | Stale signal: UBER/orb age=127 min > max 10 min — skipped
2026-08-31T11:57:14 | INFO     | session_runner | [bridge:AMZN] rsi_trend ready: sufficient bars
2026-08-31T11:57:14 | INFO     | session_runner | Stale signal: AMZN/vwap_reclaim age=47 min > max 10 min — skipped
2026-08-31T11:57:14 | INFO     | session_runner | Stale signal: AMZN/vwap_reclaim age=17 min > max 10 min — skipped
2026-08-31T11:57:44 | INFO     | session_runner | [cycle 280] 11:57:44 ET | positions=0 | entries=0
2026-08-31T11:57:44 | INFO     | session_runner | [bridge:TSLA] rsi_trend ready: sufficient bars
2026-08-31T11:57:44 | INFO     | session_runner | Stale signal: TSLA/orb age=123 min > max 10 min — skipped
2026-08-31T11:57:45 | INFO     | session_runner | [bridge:NVDA] rsi_trend ready: sufficient bars
2026-08-31T11:57:45 | INFO     | session_runner | [bridge:GOOGL] rsi_trend ready: sufficient bars
2026-08-31T11:57:45 | INFO     | session_runner | Stale signal: GOOGL/vwap_reclaim age=138 min > max 10 min — skipped
2026-08-31T11:57:45 | INFO     | session_runner | [bridge:MSTR] rsi_trend ready: sufficient bars
2026-08-31T11:57:45 | INFO     | session_runner | [bridge:UBER] rsi_trend ready: sufficient bars
2026-08-31T11:57:45 | INFO     | session_runner | Stale signal: UBER/orb age=128 min > max 10 min — skipped
2026-08-31T11:57:45 | INFO     | session_runner | [bridge:AMZN] rsi_trend ready: sufficient bars
2026-08-31T11:57:45 | INFO     | session_runner | Stale signal: AMZN/vwap_reclaim age=48 min > max 10 min — skipped
2026-08-31T11:57:45 | INFO     | session_runner | Stale signal: AMZN/vwap_reclaim age=18 min > max 10 min — skipped
2026-08-31T11:58:15 | INFO     | session_runner | [cycle 281] 11:58:15 ET | positions=0 | entries=0
2026-08-31T11:58:16 | INFO     | session_runner | Periodic universe re-scan …
2026-08-31T11:58:16 | INFO     | app.scanning.universe_loader | UniverseLoader: loaded 5 groups (13 flat symbols) from config/ticker_universe.yaml (blacklist=0)
2026-08-31T11:58:16 | INFO     | app.scanning.universe_loader | UniverseLoader: 38 symbols from 4 group(s) (blacklist=0)
2026-08-31T11:58:16 | INFO     | session_runner | Universe scan: 38 symbols from 4 group(s) | max_active=6
2026-08-31T11:58:16 | WARNING  | app.scanning.yfinance_scanner | AlpacaScanner: no daily data for 1/38 symbols: ['SQ']
2026-08-31T11:58:18 | WARNING  | app.scanning.yfinance_scanner | YFinanceScanner: failed for SQ: No daily data returned for SQ
2026-08-31T11:58:18 | INFO     | session_runner | Scan: 16 passed, 22 rejected
2026-08-31T11:58:18 | INFO     | session_runner |   TSLA    score=82.0  signal=LONG     reasons: rvol=2.17x (high), atr=3.61% (wide-range), orb_breakout
2026-08-31T11:58:18 | INFO     | session_runner |   NVDA    score=70.0  signal=LONG     reasons: atr=3.55% (wide-range), orb_breakout, trend_up
2026-08-31T11:58:18 | INFO     | session_runner |   GOOGL   score=70.0  signal=SHORT    reasons: atr=2.18% (wide-range), orb_breakdown, trend_down
2026-08-31T11:58:18 | INFO     | session_runner |   AAPL    score=67.0  signal=SHORT    reasons: atr=2.11% (wide-range), orb_breakdown, trend_sideways
2026-08-31T11:58:18 | INFO     | session_runner |   MSTR    score=65.0  signal=LONG     reasons: atr=6.43% (wide-range), orb_breakout, trend_up
2026-08-31T11:58:19 | INFO     | app.strategies.liquidity_filter | LiquidityFilter: selected GOOGL260902P00337500 | delta=-0.438 | spread_pct=0.040 | OI=152 | vol=1071
2026-08-31T11:58:19 | INFO     | app.scanning.alpaca_confirmer | AlpacaConfirmer: confirmed GOOGL | GOOGL260902P00337500 | exp=2026-09-02 | spread=4.03% | OI=152 | vol=1071
2026-08-31T11:58:19 | INFO     | app.strategies.liquidity_filter | LiquidityFilter: no qualifying contracts for AAPL SignalDirection.SHORT | total_candidates=56
2026-08-31T11:58:19 | INFO     | app.scanning.alpaca_confirmer | AlpacaConfirmer: no liquid contract for AAPL (signal=SHORT)
2026-08-31T11:58:19 | INFO     | app.strategies.liquidity_filter | LiquidityFilter: selected UBER260904P00075000 | delta=-0.374 | spread_pct=0.076 | OI=1590 | vol=4524
2026-08-31T11:58:19 | INFO     | app.scanning.alpaca_confirmer | AlpacaConfirmer: confirmed UBER | UBER260904P00075000 | exp=2026-09-04 | spread=7.59% | OI=1590 | vol=4524
2026-08-31T11:58:19 | INFO     | app.strategies.liquidity_filter | LiquidityFilter: no qualifying contracts for XLE SignalDirection.SHORT | total_candidates=31
2026-08-31T11:58:19 | INFO     | app.scanning.alpaca_confirmer | AlpacaConfirmer: no liquid contract for XLE (signal=SHORT)
2026-08-31T11:58:19 | INFO     | app.strategies.liquidity_filter | LiquidityFilter: no qualifying contracts for NVDA SignalDirection.LONG | total_candidates=65
2026-08-31T11:58:19 | INFO     | app.scanning.alpaca_confirmer | AlpacaConfirmer: liquidity_rejected_cost_cap | symbol=NVDA | option_symbol=NVDA260902C00205000 | ask=14.70 | ask_x_100=1470 | max_contract_cost=985
2026-08-31T11:58:19 | INFO     | app.scanning.alpaca_confirmer | AlpacaConfirmer: no liquid contract for NVDA (signal=LONG)
2026-08-31T11:58:19 | INFO     | app.strategies.liquidity_filter | LiquidityFilter: no qualifying contracts for META SignalDirection.SHORT | total_candidates=134
2026-08-31T11:58:19 | INFO     | app.scanning.alpaca_confirmer | AlpacaConfirmer: no liquid contract for META (signal=SHORT)
2026-08-31T11:58:19 | INFO     | app.strategies.liquidity_filter | LiquidityFilter: selected AMZN260902P00260000 | delta=-0.416 | spread_pct=0.024 | OI=162 | vol=4894
2026-08-31T11:58:19 | INFO     | app.scanning.alpaca_confirmer | AlpacaConfirmer: confirmed AMZN | AMZN260902P00260000 | exp=2026-09-02 | spread=2.35% | OI=162 | vol=4894
2026-08-31T11:58:19 | INFO     | app.strategies.liquidity_filter | LiquidityFilter: no qualifying contracts for SOFI SignalDirection.LONG | total_candidates=31
2026-08-31T11:58:19 | INFO     | app.scanning.alpaca_confirmer | AlpacaConfirmer: no liquid contract for SOFI (signal=LONG)
2026-08-31T11:58:19 | INFO     | app.strategies.liquidity_filter | LiquidityFilter: selected MSTR260904C00133000 | delta=0.409 | spread_pct=0.072 | OI=472 | vol=2678
2026-08-31T11:58:19 | INFO     | app.scanning.alpaca_confirmer | AlpacaConfirmer: confirmed MSTR | MSTR260904C00133000 | exp=2026-09-04 | spread=7.17% | OI=472 | vol=2678
2026-08-31T11:58:19 | INFO     | app.strategies.liquidity_filter | LiquidityFilter: selected AMD260902P00460000 | delta=-0.352 | spread_pct=0.078 | OI=182 | vol=263
2026-08-31T11:58:19 | INFO     | app.scanning.alpaca_confirmer | AlpacaConfirmer: confirmed AMD | AMD260902P00460000 | exp=2026-09-02 | spread=7.79% | OI=182 | vol=263
2026-08-31T11:58:19 | INFO     | app.strategies.liquidity_filter | LiquidityFilter: selected IWM260902P00292000 | delta=-0.357 | spread_pct=0.036 | OI=148 | vol=303
2026-08-31T11:58:19 | INFO     | app.scanning.alpaca_confirmer | AlpacaConfirmer: confirmed IWM | IWM260902P00292000 | exp=2026-09-02 | spread=3.55% | OI=148 | vol=303
2026-08-31T11:58:19 | INFO     | app.strategies.liquidity_filter | LiquidityFilter: selected TSLA260902C00370000 | delta=0.404 | spread_pct=0.008 | OI=1572 | vol=18562
2026-08-31T11:58:19 | INFO     | app.scanning.alpaca_confirmer | AlpacaConfirmer: confirmed TSLA | TSLA260902C00370000 | exp=2026-09-02 | spread=0.77% | OI=1572 | vol=18562
2026-08-31T11:58:19 | INFO     | session_runner | AlpacaConfirmer: 6 confirmed symbols: ['TSLA', 'GOOGL', 'MSTR', 'UBER', 'IWM', 'AMZN']
2026-08-31T11:58:19 | INFO     | session_runner | Re-scan updated active symbols: ['TSLA', 'GOOGL', 'MSTR', 'UBER', 'IWM', 'AMZN']
2026-08-31T11:58:19 | INFO     | session_runner | Broad-market regime | SPY=short
2026-08-31T11:58:19 | INFO     | session_runner | [bridge:TSLA] rsi_trend ready: sufficient bars
2026-08-31T11:58:19 | INFO     | session_runner | Stale signal: TSLA/orb age=123 min > max 10 min — skipped
2026-08-31T11:58:19 | INFO     | session_runner | [bridge:GOOGL] rsi_trend ready: sufficient bars
2026-08-31T11:58:19 | INFO     | session_runner | Stale signal: GOOGL/vwap_reclaim age=138 min > max 10 min — skipped
2026-08-31T11:58:19 | INFO     | session_runner | [bridge:MSTR] rsi_trend ready: sufficient bars
2026-08-31T11:58:20 | INFO     | session_runner | [bridge:UBER] rsi_trend ready: sufficient bars
2026-08-31T11:58:20 | INFO     | session_runner | Stale signal: UBER/orb age=128 min > max 10 min — skipped
2026-08-31T11:58:20 | INFO     | session_runner | [bridge:IWM] rsi_trend ready: sufficient bars
2026-08-31T11:58:20 | INFO     | session_runner | Stale signal: IWM/orb age=128 min > max 10 min — skipped
2026-08-31T11:58:20 | INFO     | session_runner | [bridge:AMZN] rsi_trend ready: sufficient bars
2026-08-31T11:58:20 | INFO     | session_runner | Stale signal: AMZN/vwap_reclaim age=48 min > max 10 min — skipped
2026-08-31T11:58:20 | INFO     | session_runner | Stale signal: AMZN/vwap_reclaim age=18 min > max 10 min — skipped
2026-08-31T11:58:50 | INFO     | session_runner | [cycle 282] 11:58:50 ET | positions=0 | entries=0
2026-08-31T11:58:51 | INFO     | session_runner | [bridge:TSLA] rsi_trend ready: sufficient bars
2026-08-31T11:58:51 | INFO     | session_runner | Stale signal: TSLA/orb age=124 min > max 10 min — skipped
2026-08-31T11:58:51 | INFO     | session_runner | [bridge:GOOGL] rsi_trend ready: sufficient bars
2026-08-31T11:58:51 | INFO     | session_runner | Stale signal: GOOGL/vwap_reclaim age=139 min > max 10 min — skipped
2026-08-31T11:58:51 | INFO     | session_runner | [bridge:MSTR] rsi_trend ready: sufficient bars
2026-08-31T11:58:51 | INFO     | session_runner | [bridge:UBER] rsi_trend ready: sufficient bars
2026-08-31T11:58:51 | INFO     | session_runner | Stale signal: UBER/orb age=129 min > max 10 min — skipped
2026-08-31T11:58:51 | INFO     | session_runner | [bridge:IWM] rsi_trend ready: sufficient bars
2026-08-31T11:58:51 | INFO     | session_runner | Stale signal: IWM/orb age=129 min > max 10 min — skipped
2026-08-31T11:58:51 | INFO     | session_runner | [bridge:AMZN] rsi_trend ready: sufficient bars
2026-08-31T11:58:51 | INFO     | session_runner | Stale signal: AMZN/vwap_reclaim age=49 min > max 10 min — skipped
2026-08-31T11:58:51 | INFO     | session_runner | Stale signal: AMZN/vwap_reclaim age=19 min > max 10 min — skipped
2026-08-31T11:59:21 | INFO     | session_runner | [cycle 283] 11:59:21 ET | positions=0 | entries=0
2026-08-31T11:59:22 | INFO     | session_runner | [bridge:TSLA] rsi_trend ready: sufficient bars
2026-08-31T11:59:22 | INFO     | session_runner | Stale signal: TSLA/orb age=124 min > max 10 min — skipped
2026-08-31T11:59:22 | INFO     | session_runner | [bridge:GOOGL] rsi_trend ready: sufficient bars
2026-08-31T11:59:22 | INFO     | session_runner | Stale signal: GOOGL/vwap_reclaim age=139 min > max 10 min — skipped
2026-08-31T11:59:22 | INFO     | session_runner | [bridge:MSTR] rsi_trend ready: sufficient bars
2026-08-31T11:59:22 | INFO     | session_runner | [bridge:UBER] rsi_trend ready: sufficient bars
2026-08-31T11:59:22 | INFO     | session_runner | Stale signal: UBER/orb age=129 min > max 10 min — skipped
2026-08-31T11:59:22 | INFO     | session_runner | [bridge:IWM] rsi_trend ready: sufficient bars
2026-08-31T11:59:22 | INFO     | session_runner | Stale signal: IWM/orb age=129 min > max 10 min — skipped
2026-08-31T11:59:23 | INFO     | session_runner | [bridge:AMZN] rsi_trend ready: sufficient bars
2026-08-31T11:59:23 | INFO     | session_runner | Stale signal: AMZN/vwap_reclaim age=49 min > max 10 min — skipped
2026-08-31T11:59:23 | INFO     | session_runner | Stale signal: AMZN/vwap_reclaim age=19 min > max 10 min — skipped
2026-08-31T11:59:53 | INFO     | session_runner | [cycle 284] 11:59:53 ET | positions=0 | entries=0
2026-08-31T11:59:53 | INFO     | session_runner | [bridge:TSLA] rsi_trend ready: sufficient bars
2026-08-31T11:59:53 | INFO     | session_runner | Stale signal: TSLA/orb age=125 min > max 10 min — skipped
2026-08-31T11:59:53 | INFO     | session_runner | [bridge:GOOGL] rsi_trend ready: sufficient bars
2026-08-31T11:59:53 | INFO     | session_runner | Stale signal: GOOGL/vwap_reclaim age=140 min > max 10 min — skipped
2026-08-31T11:59:53 | INFO     | session_runner | [bridge:MSTR] rsi_trend ready: sufficient bars
2026-08-31T11:59:53 | INFO     | session_runner | [bridge:UBER] rsi_trend ready: sufficient bars
2026-08-31T11:59:53 | INFO     | session_runner | Stale signal: UBER/orb age=130 min > max 10 min — skipped
2026-08-31T11:59:54 | INFO     | session_runner | [bridge:IWM] rsi_trend ready: sufficient bars
2026-08-31T11:59:54 | INFO     | session_runner | Stale signal: IWM/orb age=130 min > max 10 min — skipped
2026-08-31T11:59:54 | INFO     | session_runner | [bridge:AMZN] rsi_trend ready: sufficient bars
2026-08-31T11:59:54 | INFO     | session_runner | Stale signal: AMZN/vwap_reclaim age=50 min > max 10 min — skipped
2026-08-31T11:59:54 | INFO     | session_runner | Stale signal: AMZN/vwap_reclaim age=20 min > max 10 min — skipped
2026-08-31T12:00:24 | INFO     | session_runner | [cycle 285] 12:00:24 ET | positions=0 | entries=0
2026-08-31T12:00:25 | INFO     | session_runner | [bridge:TSLA] rsi_trend ready: sufficient bars
2026-08-31T12:00:25 | INFO     | session_runner | Stale signal: TSLA/orb age=125 min > max 10 min — skipped
2026-08-31T12:00:25 | INFO     | session_runner | [bridge:GOOGL] rsi_trend ready: sufficient bars
2026-08-31T12:00:25 | INFO     | session_runner | Stale signal: GOOGL/vwap_reclaim age=140 min > max 10 min — skipped
2026-08-31T12:00:25 | INFO     | session_runner | [bridge:MSTR] rsi_trend ready: sufficient bars
2026-08-31T12:00:26 | INFO     | session_runner | [bridge:UBER] rsi_trend ready: sufficient bars
2026-08-31T12:00:26 | INFO     | session_runner | Stale signal: UBER/orb age=130 min > max 10 min — skipped
2026-08-31T12:00:26 | INFO     | session_runner | [bridge:IWM] rsi_trend ready: sufficient bars
2026-08-31T12:00:26 | INFO     | session_runner | Stale signal: IWM/orb age=130 min > max 10 min — skipped
2026-08-31T12:00:26 | INFO     | session_runner | [bridge:AMZN] rsi_trend ready: sufficient bars
2026-08-31T12:00:26 | INFO     | session_runner | Stale signal: AMZN/vwap_reclaim age=50 min > max 10 min — skipped
2026-08-31T12:00:26 | INFO     | session_runner | Stale signal: AMZN/vwap_reclaim age=20 min > max 10 min — skipped
2026-08-31T12:00:56 | INFO     | session_runner | [cycle 286] 12:00:56 ET | positions=0 | entries=0
2026-08-31T12:00:56 | INFO     | app.evaluation.shadow_book | ShadowBook: closed orb HOOD260904C00103000 @ 2.8400 → +72.00 (max_hold, fill-validated)
2026-08-31T12:00:57 | INFO     | session_runner | [bridge:TSLA] rsi_trend ready: sufficient bars
2026-08-31T12:00:57 | INFO     | session_runner | Stale signal: TSLA/orb age=126 min > max 10 min — skipped
2026-08-31T12:00:57 | INFO     | session_runner | [bridge:GOOGL] rsi_trend ready: sufficient bars
2026-08-31T12:00:57 | INFO     | session_runner | Stale signal: GOOGL/vwap_reclaim age=141 min > max 10 min — skipped
2026-08-31T12:00:57 | INFO     | session_runner | [bridge:MSTR] rsi_trend ready: sufficient bars
2026-08-31T12:00:57 | INFO     | session_runner | [bridge:UBER] rsi_trend ready: sufficient bars
2026-08-31T12:00:57 | INFO     | session_runner | Stale signal: UBER/orb age=131 min > max 10 min — skipped
2026-08-31T12:00:58 | INFO     | session_runner | [bridge:IWM] rsi_trend ready: sufficient bars
2026-08-31T12:00:58 | INFO     | session_runner | Stale signal: IWM/orb age=131 min > max 10 min — skipped
2026-08-31T12:00:58 | INFO     | session_runner | [bridge:AMZN] rsi_trend ready: sufficient bars
2026-08-31T12:00:58 | INFO     | session_runner | Stale signal: AMZN/vwap_reclaim age=51 min > max 10 min — skipped
2026-08-31T12:00:58 | INFO     | session_runner | Stale signal: AMZN/vwap_reclaim age=21 min > max 10 min — skipped
2026-08-31T12:01:28 | INFO     | session_runner | [cycle 287] 12:01:28 ET | positions=0 | entries=0
2026-08-31T12:01:29 | INFO     | session_runner | [bridge:TSLA] rsi_trend ready: sufficient bars
2026-08-31T12:01:29 | INFO     | session_runner | Stale signal: TSLA/orb age=126 min > max 10 min — skipped
2026-08-31T12:01:29 | INFO     | session_runner | [bridge:GOOGL] rsi_trend ready: sufficient bars
2026-08-31T12:01:29 | INFO     | session_runner | Stale signal: GOOGL/vwap_reclaim age=141 min > max 10 min — skipped
2026-08-31T12:01:29 | INFO     | session_runner | [bridge:MSTR] rsi_trend ready: sufficient bars
2026-08-31T12:01:29 | INFO     | session_runner | [bridge:UBER] rsi_trend ready: sufficient bars
2026-08-31T12:01:29 | INFO     | session_runner | Stale signal: UBER/orb age=131 min > max 10 min — skipped
2026-08-31T12:01:29 | INFO     | session_runner | [bridge:IWM] rsi_trend ready: sufficient bars
2026-08-31T12:01:29 | INFO     | session_runner | Stale signal: IWM/orb age=131 min > max 10 min — skipped
2026-08-31T12:01:29 | INFO     | session_runner | [bridge:AMZN] rsi_trend ready: sufficient bars
2026-08-31T12:01:29 | INFO     | session_runner | Stale signal: AMZN/vwap_reclaim age=51 min > max 10 min — skipped
2026-08-31T12:01:29 | INFO     | session_runner | Stale signal: AMZN/vwap_reclaim age=21 min > max 10 min — skipped
2026-08-31T12:01:59 | INFO     | session_runner | [cycle 288] 12:01:59 ET | positions=0 | entries=0
2026-08-31T12:02:00 | INFO     | session_runner | [bridge:TSLA] rsi_trend ready: sufficient bars
2026-08-31T12:02:00 | INFO     | session_runner | Stale signal: TSLA/orb age=127 min > max 10 min — skipped
2026-08-31T12:02:00 | INFO     | session_runner | [bridge:GOOGL] rsi_trend ready: sufficient bars
2026-08-31T12:02:00 | INFO     | session_runner | Stale signal: GOOGL/vwap_reclaim age=142 min > max 10 min — skipped
2026-08-31T12:02:00 | INFO     | session_runner | [bridge:MSTR] rsi_trend ready: sufficient bars
2026-08-31T12:02:00 | INFO     | session_runner | [bridge:UBER] rsi_trend ready: sufficient bars
2026-08-31T12:02:00 | INFO     | session_runner | Stale signal: UBER/orb age=132 min > max 10 min — skipped
2026-08-31T12:02:01 | INFO     | session_runner | [bridge:IWM] rsi_trend ready: sufficient bars
2026-08-31T12:02:01 | INFO     | session_runner | Stale signal: IWM/orb age=132 min > max 10 min — skipped
2026-08-31T12:02:01 | INFO     | session_runner | [bridge:AMZN] rsi_trend ready: sufficient bars
2026-08-31T12:02:01 | INFO     | session_runner | Stale signal: AMZN/vwap_reclaim age=52 min > max 10 min — skipped
2026-08-31T12:02:01 | INFO     | session_runner | Stale signal: AMZN/vwap_reclaim age=22 min > max 10 min — skipped
2026-08-31T12:02:31 | INFO     | session_runner | [cycle 289] 12:02:31 ET | positions=0 | entries=0
2026-08-31T12:02:32 | INFO     | session_runner | [bridge:TSLA] rsi_trend ready: sufficient bars
2026-08-31T12:02:32 | INFO     | session_runner | Stale signal: TSLA/orb age=128 min > max 10 min — skipped
2026-08-31T12:02:32 | INFO     | session_runner | [bridge:GOOGL] rsi_trend ready: sufficient bars
2026-08-31T12:02:32 | INFO     | session_runner | Stale signal: GOOGL/vwap_reclaim age=143 min > max 10 min — skipped
2026-08-31T12:02:32 | INFO     | session_runner | [bridge:MSTR] rsi_trend ready: sufficient bars
2026-08-31T12:02:32 | INFO     | session_runner | [bridge:UBER] rsi_trend ready: sufficient bars
2026-08-31T12:02:32 | INFO     | session_runner | Stale signal: UBER/orb age=133 min > max 10 min — skipped
2026-08-31T12:02:33 | INFO     | session_runner | [bridge:IWM] rsi_trend ready: sufficient bars
2026-08-31T12:02:33 | INFO     | session_runner | Stale signal: IWM/orb age=133 min > max 10 min — skipped
2026-08-31T12:02:33 | INFO     | session_runner | [bridge:AMZN] rsi_trend ready: sufficient bars
2026-08-31T12:02:33 | INFO     | session_runner | Stale signal: AMZN/vwap_reclaim age=53 min > max 10 min — skipped
2026-08-31T12:02:33 | INFO     | session_runner | Stale signal: AMZN/vwap_reclaim age=23 min > max 10 min — skipped
2026-08-31T12:03:03 | INFO     | session_runner | [cycle 290] 12:03:03 ET | positions=0 | entries=0
2026-08-31T12:03:03 | INFO     | app.trading.reconciler | Reconciliation done: broker_pos=0 local_pos=0 broker_orders=0 local_pending=0 repaired=0 flagged=0 orders_confirmed=True positions_confirmed=True
2026-08-31T12:03:03 | INFO     | session_runner | [bridge:TSLA] rsi_trend ready: sufficient bars
2026-08-31T12:03:03 | INFO     | session_runner | Stale signal: TSLA/orb age=128 min > max 10 min — skipped
2026-08-31T12:03:04 | INFO     | session_runner | [bridge:GOOGL] rsi_trend ready: sufficient bars
2026-08-31T12:03:04 | INFO     | session_runner | Stale signal: GOOGL/vwap_reclaim age=143 min > max 10 min — skipped
2026-08-31T12:03:04 | INFO     | session_runner | [bridge:MSTR] rsi_trend ready: sufficient bars
2026-08-31T12:03:04 | INFO     | session_runner | [bridge:UBER] rsi_trend ready: sufficient bars
2026-08-31T12:03:04 | INFO     | session_runner | Stale signal: UBER/orb age=133 min > max 10 min — skipped
2026-08-31T12:03:04 | INFO     | session_runner | [bridge:IWM] rsi_trend ready: sufficient bars
2026-08-31T12:03:04 | INFO     | session_runner | Stale signal: IWM/orb age=133 min > max 10 min — skipped
2026-08-31T12:03:04 | INFO     | session_runner | [bridge:AMZN] rsi_trend ready: sufficient bars
2026-08-31T12:03:04 | INFO     | session_runner | Stale signal: AMZN/vwap_reclaim age=53 min > max 10 min — skipped
2026-08-31T12:03:04 | INFO     | session_runner | Stale signal: AMZN/vwap_reclaim age=23 min > max 10 min — skipped
2026-08-31T12:03:34 | INFO     | session_runner | [cycle 291] 12:03:34 ET | positions=0 | entries=0
2026-08-31T12:03:35 | INFO     | session_runner | Periodic universe re-scan …
2026-08-31T12:03:35 | INFO     | app.scanning.universe_loader | UniverseLoader: loaded 5 groups (13 flat symbols) from config/ticker_universe.yaml (blacklist=0)
2026-08-31T12:03:35 | INFO     | app.scanning.universe_loader | UniverseLoader: 38 symbols from 4 group(s) (blacklist=0)
2026-08-31T12:03:35 | INFO     | session_runner | Universe scan: 38 symbols from 4 group(s) | max_active=6
2026-08-31T12:03:36 | WARNING  | app.scanning.yfinance_scanner | AlpacaScanner: no daily data for 1/38 symbols: ['SQ']
2026-08-31T12:03:37 | WARNING  | app.scanning.yfinance_scanner | YFinanceScanner: failed for SQ: No daily data returned for SQ
2026-08-31T12:03:37 | INFO     | session_runner | Scan: 18 passed, 20 rejected
2026-08-31T12:03:37 | INFO     | session_runner |   TSLA    score=87.0  signal=LONG     reasons: rvol=2.14x (high), atr=3.63% (wide-range), orb_breakout
2026-08-31T12:03:37 | INFO     | session_runner |   META    score=70.0  signal=SHORT    reasons: atr=3.08% (wide-range), orb_breakdown, trend_down
2026-08-31T12:03:37 | INFO     | session_runner |   GOOGL   score=70.0  signal=SHORT    reasons: atr=2.18% (wide-range), orb_breakdown, trend_down
2026-08-31T12:03:37 | INFO     | session_runner |   AAPL    score=67.0  signal=SHORT    reasons: atr=2.11% (wide-range), orb_breakdown, trend_sideways
2026-08-31T12:03:37 | INFO     | session_runner |   SOFI    score=67.0  signal=LONG     reasons: rvol=1.05x (normal), atr=4.80% (wide-range), orb_breakout
2026-08-31T12:03:37 | INFO     | app.strategies.liquidity_filter | LiquidityFilter: no qualifying contracts for GOOGL SignalDirection.SHORT | total_candidates=49
2026-08-31T12:03:37 | INFO     | app.scanning.alpaca_confirmer | AlpacaConfirmer: no liquid contract for GOOGL (signal=SHORT)
2026-08-31T12:03:38 | INFO     | app.strategies.liquidity_filter | LiquidityFilter: no qualifying contracts for SOFI SignalDirection.LONG | total_candidates=31
2026-08-31T12:03:38 | INFO     | app.scanning.alpaca_confirmer | AlpacaConfirmer: no liquid contract for SOFI (signal=LONG)
2026-08-31T12:03:38 | INFO     | app.strategies.liquidity_filter | LiquidityFilter: no qualifying contracts for XLE SignalDirection.SHORT | total_candidates=31
2026-08-31T12:03:38 | INFO     | app.scanning.alpaca_confirmer | AlpacaConfirmer: no liquid contract for XLE (signal=SHORT)
2026-08-31T12:03:38 | INFO     | app.strategies.liquidity_filter | LiquidityFilter: selected AAPL260902P00312500 | delta=-0.353 | spread_pct=0.035 | OI=550 | vol=4458
2026-08-31T12:03:38 | INFO     | app.scanning.alpaca_confirmer | AlpacaConfirmer: confirmed AAPL | AAPL260902P00312500 | exp=2026-09-02 | spread=3.53% | OI=550 | vol=4458
2026-08-31T12:03:38 | INFO     | app.strategies.liquidity_filter | LiquidityFilter: no qualifying contracts for META SignalDirection.SHORT | total_candidates=134
2026-08-31T12:03:38 | INFO     | app.scanning.alpaca_confirmer | AlpacaConfirmer: no liquid contract for META (signal=SHORT)
2026-08-31T12:03:38 | INFO     | app.strategies.liquidity_filter | LiquidityFilter: no qualifying contracts for LYFT SignalDirection.SHORT | total_candidates=35
2026-08-31T12:03:38 | INFO     | app.scanning.alpaca_confirmer | AlpacaConfirmer: no liquid contract for LYFT (signal=SHORT)
2026-08-31T12:03:38 | INFO     | app.strategies.liquidity_filter | LiquidityFilter: selected UBER260904P00075000 | delta=-0.375 | spread_pct=0.052 | OI=1590 | vol=4536
2026-08-31T12:03:38 | INFO     | app.scanning.alpaca_confirmer | AlpacaConfirmer: confirmed UBER | UBER260904P00075000 | exp=2026-09-04 | spread=5.19% | OI=1590 | vol=4536
2026-08-31T12:03:38 | INFO     | app.strategies.liquidity_filter | LiquidityFilter: selected MSTR260904C00133000 | delta=0.405 | spread_pct=0.055 | OI=472 | vol=2701
2026-08-31T12:03:38 | INFO     | app.scanning.alpaca_confirmer | AlpacaConfirmer: confirmed MSTR | MSTR260904C00133000 | exp=2026-09-04 | spread=5.46% | OI=472 | vol=2701
2026-08-31T12:03:38 | INFO     | app.strategies.liquidity_filter | LiquidityFilter: no qualifying contracts for IWM SignalDirection.SHORT | total_candidates=85
2026-08-31T12:03:38 | INFO     | app.scanning.alpaca_confirmer | AlpacaConfirmer: no liquid contract for IWM (signal=SHORT)
2026-08-31T12:03:38 | INFO     | app.strategies.liquidity_filter | LiquidityFilter: selected QQQ260902P00712000 | delta=-0.416 | spread_pct=0.007 | OI=524 | vol=1453
2026-08-31T12:03:38 | INFO     | app.scanning.alpaca_confirmer | AlpacaConfirmer: confirmed QQQ | QQQ260902P00712000 | exp=2026-09-02 | spread=0.74% | OI=524 | vol=1453
2026-08-31T12:03:38 | INFO     | app.strategies.liquidity_filter | LiquidityFilter: selected AMZN260902P00260000 | delta=-0.434 | spread_pct=0.049 | OI=162 | vol=4950
2026-08-31T12:03:38 | INFO     | app.scanning.alpaca_confirmer | AlpacaConfirmer: confirmed AMZN | AMZN260902P00260000 | exp=2026-09-02 | spread=4.90% | OI=162 | vol=4950
2026-08-31T12:03:38 | INFO     | app.strategies.liquidity_filter | LiquidityFilter: selected TSLA260902C00367500 | delta=0.412 | spread_pct=0.003 | OI=319 | vol=6479
2026-08-31T12:03:38 | INFO     | app.scanning.alpaca_confirmer | AlpacaConfirmer: confirmed TSLA | TSLA260902C00367500 | exp=2026-09-02 | spread=0.25% | OI=319 | vol=6479
2026-08-31T12:03:38 | INFO     | session_runner | AlpacaConfirmer: 6 confirmed symbols: ['TSLA', 'AAPL', 'MSTR', 'AMZN', 'UBER', 'QQQ']
2026-08-31T12:03:38 | INFO     | session_runner | Re-scan updated active symbols: ['TSLA', 'AAPL', 'MSTR', 'AMZN', 'UBER', 'QQQ']
2026-08-31T12:03:38 | INFO     | session_runner | Broad-market regime | SPY=short
2026-08-31T12:03:38 | INFO     | session_runner | [bridge:TSLA] rsi_trend ready: sufficient bars
2026-08-31T12:03:38 | INFO     | session_runner | Stale signal: TSLA/orb age=129 min > max 10 min — skipped
2026-08-31T12:03:38 | INFO     | session_runner | [bridge:AAPL] rsi_trend ready: sufficient bars
2026-08-31T12:03:38 | INFO     | session_runner | [bridge:MSTR] rsi_trend ready: sufficient bars
2026-08-31T12:03:38 | INFO     | session_runner | [bridge:AMZN] rsi_trend ready: sufficient bars
2026-08-31T12:03:38 | INFO     | session_runner | Stale signal: AMZN/vwap_reclaim age=54 min > max 10 min — skipped
2026-08-31T12:03:38 | INFO     | session_runner | Stale signal: AMZN/vwap_reclaim age=24 min > max 10 min — skipped
2026-08-31T12:03:39 | INFO     | session_runner | [bridge:UBER] rsi_trend ready: sufficient bars
2026-08-31T12:03:39 | INFO     | session_runner | Stale signal: UBER/orb age=134 min > max 10 min — skipped
2026-08-31T12:03:39 | INFO     | session_runner | [bridge:QQQ] rsi_trend ready: sufficient bars
2026-08-31T12:03:39 | INFO     | session_runner | Stale signal: QQQ/vwap_reclaim age=114 min > max 10 min — skipped
2026-08-31T12:03:39 | INFO     | session_runner | Stale signal: QQQ/vwap_reclaim age=164 min > max 10 min — skipped
2026-08-31T12:03:39 | INFO     | session_runner | Stale signal: QQQ/vwap_reclaim age=29 min > max 10 min — skipped
2026-08-31T12:03:39 | INFO     | session_runner | Stale signal: QQQ/vwap_reclaim age=69 min > max 10 min — skipped
2026-08-31T12:03:39 | INFO     | session_runner | Stale signal: QQQ/vwap_reclaim age=129 min > max 10 min — skipped
2026-08-31T12:04:09 | INFO     | session_runner | [cycle 292] 12:04:09 ET | positions=0 | entries=0
2026-08-31T12:04:09 | INFO     | session_runner | [bridge:TSLA] rsi_trend ready: sufficient bars
2026-08-31T12:04:09 | INFO     | session_runner | Stale signal: TSLA/orb age=129 min > max 10 min — skipped
2026-08-31T12:04:09 | INFO     | session_runner | [bridge:AAPL] rsi_trend ready: sufficient bars
2026-08-31T12:04:10 | INFO     | session_runner | [bridge:MSTR] rsi_trend ready: sufficient bars
2026-08-31T12:04:10 | INFO     | session_runner | [bridge:AMZN] rsi_trend ready: sufficient bars
2026-08-31T12:04:10 | INFO     | session_runner | Stale signal: AMZN/vwap_reclaim age=54 min > max 10 min — skipped
2026-08-31T12:04:10 | INFO     | session_runner | Stale signal: AMZN/vwap_reclaim age=24 min > max 10 min — skipped
2026-08-31T12:04:10 | INFO     | session_runner | [bridge:UBER] rsi_trend ready: sufficient bars
2026-08-31T12:04:10 | INFO     | session_runner | Stale signal: UBER/orb age=134 min > max 10 min — skipped
2026-08-31T12:04:10 | INFO     | session_runner | [bridge:QQQ] rsi_trend ready: sufficient bars
2026-08-31T12:04:10 | INFO     | session_runner | Stale signal: QQQ/vwap_reclaim age=114 min > max 10 min — skipped
2026-08-31T12:04:10 | INFO     | session_runner | Stale signal: QQQ/vwap_reclaim age=164 min > max 10 min — skipped
2026-08-31T12:04:10 | INFO     | session_runner | Stale signal: QQQ/vwap_reclaim age=29 min > max 10 min — skipped
2026-08-31T12:04:10 | INFO     | session_runner | Stale signal: QQQ/vwap_reclaim age=69 min > max 10 min — skipped
2026-08-31T12:04:10 | INFO     | session_runner | Stale signal: QQQ/vwap_reclaim age=129 min > max 10 min — skipped
2026-08-31T12:04:40 | INFO     | session_runner | [cycle 293] 12:04:40 ET | positions=0 | entries=0
2026-08-31T12:04:41 | INFO     | session_runner | [bridge:TSLA] rsi_trend ready: sufficient bars
2026-08-31T12:04:41 | INFO     | session_runner | Stale signal: TSLA/orb age=130 min > max 10 min — skipped
2026-08-31T12:04:41 | INFO     | session_runner | [bridge:AAPL] rsi_trend ready: sufficient bars
2026-08-31T12:04:41 | INFO     | session_runner | [bridge:MSTR] rsi_trend ready: sufficient bars
2026-08-31T12:04:41 | INFO     | session_runner | [bridge:AMZN] rsi_trend ready: sufficient bars
2026-08-31T12:04:41 | INFO     | session_runner | Stale signal: AMZN/vwap_reclaim age=55 min > max 10 min — skipped
2026-08-31T12:04:41 | INFO     | session_runner | Stale signal: AMZN/vwap_reclaim age=25 min > max 10 min — skipped
2026-08-31T12:04:41 | INFO     | session_runner | [bridge:UBER] rsi_trend ready: sufficient bars
2026-08-31T12:04:41 | INFO     | session_runner | Stale signal: UBER/orb age=135 min > max 10 min — skipped
2026-08-31T12:04:42 | INFO     | session_runner | [bridge:QQQ] rsi_trend ready: sufficient bars
2026-08-31T12:04:42 | INFO     | session_runner | Stale signal: QQQ/vwap_reclaim age=115 min > max 10 min — skipped
2026-08-31T12:04:42 | INFO     | session_runner | Stale signal: QQQ/vwap_reclaim age=165 min > max 10 min — skipped
2026-08-31T12:04:42 | INFO     | session_runner | Stale signal: QQQ/vwap_reclaim age=30 min > max 10 min — skipped
2026-08-31T12:04:42 | INFO     | session_runner | Stale signal: QQQ/vwap_reclaim age=70 min > max 10 min — skipped
2026-08-31T12:04:42 | INFO     | session_runner | Stale signal: QQQ/vwap_reclaim age=130 min > max 10 min — skipped
2026-08-31T12:05:12 | INFO     | session_runner | [cycle 294] 12:05:12 ET | positions=0 | entries=0
2026-08-31T12:05:12 | INFO     | session_runner | [bridge:TSLA] rsi_trend ready: sufficient bars
2026-08-31T12:05:12 | INFO     | session_runner | Stale signal: TSLA/orb age=130 min > max 10 min — skipped
2026-08-31T12:05:12 | INFO     | session_runner | [bridge:AAPL] rsi_trend ready: sufficient bars
2026-08-31T12:05:13 | INFO     | session_runner | [bridge:MSTR] rsi_trend ready: sufficient bars
2026-08-31T12:05:13 | INFO     | session_runner | [bridge:AMZN] rsi_trend ready: sufficient bars
2026-08-31T12:05:13 | INFO     | session_runner | Stale signal: AMZN/vwap_reclaim age=55 min > max 10 min — skipped
2026-08-31T12:05:13 | INFO     | session_runner | Stale signal: AMZN/vwap_reclaim age=25 min > max 10 min — skipped
2026-08-31T12:05:13 | INFO     | session_runner | [bridge:UBER] rsi_trend ready: sufficient bars
2026-08-31T12:05:13 | INFO     | session_runner | Stale signal: UBER/orb age=135 min > max 10 min — skipped
2026-08-31T12:05:13 | INFO     | session_runner | [bridge:QQQ] rsi_trend ready: sufficient bars
2026-08-31T12:05:13 | INFO     | session_runner | Stale signal: QQQ/vwap_reclaim age=115 min > max 10 min — skipped
2026-08-31T12:05:13 | INFO     | session_runner | Stale signal: QQQ/vwap_reclaim age=165 min > max 10 min — skipped
2026-08-31T12:05:13 | INFO     | session_runner | Stale signal: QQQ/vwap_reclaim age=30 min > max 10 min — skipped
2026-08-31T12:05:13 | INFO     | session_runner | Stale signal: QQQ/vwap_reclaim age=70 min > max 10 min — skipped
2026-08-31T12:05:13 | INFO     | session_runner | Stale signal: QQQ/vwap_reclaim age=130 min > max 10 min — skipped
2026-08-31T12:05:43 | INFO     | session_runner | [cycle 295] 12:05:43 ET | positions=0 | entries=0
2026-08-31T12:05:44 | INFO     | session_runner | [bridge:TSLA] rsi_trend ready: sufficient bars
2026-08-31T12:05:44 | INFO     | session_runner | Stale signal: TSLA/orb age=131 min > max 10 min — skipped
2026-08-31T12:05:44 | INFO     | session_runner | [bridge:AAPL] rsi_trend ready: sufficient bars
2026-08-31T12:05:44 | INFO     | session_runner | [bridge:MSTR] rsi_trend ready: sufficient bars
2026-08-31T12:05:44 | INFO     | session_runner | [bridge:AMZN] rsi_trend ready: sufficient bars
2026-08-31T12:05:44 | INFO     | session_runner | Stale signal: AMZN/vwap_reclaim age=56 min > max 10 min — skipped
2026-08-31T12:05:44 | INFO     | session_runner | Stale signal: AMZN/vwap_reclaim age=26 min > max 10 min — skipped
2026-08-31T12:05:44 | INFO     | session_runner | [bridge:UBER] rsi_trend ready: sufficient bars
2026-08-31T12:05:44 | INFO     | session_runner | Stale signal: UBER/orb age=136 min > max 10 min — skipped
2026-08-31T12:05:45 | INFO     | session_runner | [bridge:QQQ] rsi_trend ready: sufficient bars
2026-08-31T12:05:45 | INFO     | session_runner | Stale signal: QQQ/vwap_reclaim age=116 min > max 10 min — skipped
2026-08-31T12:05:45 | INFO     | session_runner | Stale signal: QQQ/vwap_reclaim age=166 min > max 10 min — skipped
2026-08-31T12:05:45 | INFO     | session_runner | Stale signal: QQQ/vwap_reclaim age=31 min > max 10 min — skipped
2026-08-31T12:05:45 | INFO     | session_runner | Stale signal: QQQ/vwap_reclaim age=71 min > max 10 min — skipped
2026-08-31T12:05:45 | INFO     | session_runner | Stale signal: QQQ/vwap_reclaim age=131 min > max 10 min — skipped
2026-08-31T12:06:15 | INFO     | session_runner | [cycle 296] 12:06:15 ET | positions=0 | entries=0
2026-08-31T12:06:15 | INFO     | session_runner | [bridge:TSLA] rsi_trend ready: sufficient bars
2026-08-31T12:06:15 | INFO     | session_runner | Stale signal: TSLA/orb age=131 min > max 10 min — skipped
2026-08-31T12:06:15 | INFO     | session_runner | [bridge:AAPL] rsi_trend ready: sufficient bars
2026-08-31T12:06:15 | INFO     | session_runner | [bridge:MSTR] rsi_trend ready: sufficient bars
2026-08-31T12:06:16 | INFO     | session_runner | [bridge:AMZN] rsi_trend ready: sufficient bars
2026-08-31T12:06:16 | INFO     | session_runner | Stale signal: AMZN/vwap_reclaim age=56 min > max 10 min — skipped
2026-08-31T12:06:16 | INFO     | session_runner | Stale signal: AMZN/vwap_reclaim age=26 min > max 10 min — skipped
2026-08-31T12:06:16 | INFO     | session_runner | [bridge:UBER] rsi_trend ready: sufficient bars
2026-08-31T12:06:16 | INFO     | session_runner | Stale signal: UBER/orb age=136 min > max 10 min — skipped
2026-08-31T12:06:16 | INFO     | session_runner | [bridge:QQQ] rsi_trend ready: sufficient bars
2026-08-31T12:06:16 | INFO     | session_runner | Stale signal: QQQ/vwap_reclaim age=116 min > max 10 min — skipped
2026-08-31T12:06:16 | INFO     | session_runner | Stale signal: QQQ/vwap_reclaim age=166 min > max 10 min — skipped
2026-08-31T12:06:16 | INFO     | session_runner | Stale signal: QQQ/vwap_reclaim age=31 min > max 10 min — skipped
2026-08-31T12:06:16 | INFO     | session_runner | Stale signal: QQQ/vwap_reclaim age=71 min > max 10 min — skipped
2026-08-31T12:06:16 | INFO     | session_runner | Stale signal: QQQ/vwap_reclaim age=131 min > max 10 min — skipped
2026-08-31T12:06:46 | INFO     | session_runner | [cycle 297] 12:06:46 ET | positions=0 | entries=0
2026-08-31T12:06:46 | INFO     | session_runner | [bridge:TSLA] rsi_trend ready: sufficient bars
2026-08-31T12:06:46 | INFO     | session_runner | Stale signal: TSLA/orb age=132 min > max 10 min — skipped
2026-08-31T12:06:47 | INFO     | session_runner | [bridge:AAPL] rsi_trend ready: sufficient bars
2026-08-31T12:06:47 | INFO     | session_runner | [bridge:MSTR] rsi_trend ready: sufficient bars
2026-08-31T12:06:47 | INFO     | session_runner | [bridge:AMZN] rsi_trend ready: sufficient bars
2026-08-31T12:06:47 | INFO     | session_runner | Stale signal: AMZN/vwap_reclaim age=57 min > max 10 min — skipped
2026-08-31T12:06:47 | INFO     | session_runner | Stale signal: AMZN/vwap_reclaim age=27 min > max 10 min — skipped
2026-08-31T12:06:47 | INFO     | session_runner | [bridge:UBER] rsi_trend ready: sufficient bars
2026-08-31T12:06:47 | INFO     | session_runner | Stale signal: UBER/orb age=137 min > max 10 min — skipped
2026-08-31T12:06:48 | INFO     | session_runner | [bridge:QQQ] rsi_trend ready: sufficient bars
2026-08-31T12:06:48 | INFO     | session_runner | Stale signal: QQQ/vwap_reclaim age=117 min > max 10 min — skipped
2026-08-31T12:06:48 | INFO     | session_runner | Stale signal: QQQ/vwap_reclaim age=167 min > max 10 min — skipped
2026-08-31T12:06:48 | INFO     | session_runner | Stale signal: QQQ/vwap_reclaim age=32 min > max 10 min — skipped
2026-08-31T12:06:48 | INFO     | session_runner | Stale signal: QQQ/vwap_reclaim age=72 min > max 10 min — skipped
2026-08-31T12:06:48 | INFO     | session_runner | Stale signal: QQQ/vwap_reclaim age=132 min > max 10 min — skipped
2026-08-31T12:07:18 | INFO     | session_runner | [cycle 298] 12:07:18 ET | positions=0 | entries=0
2026-08-31T12:07:18 | INFO     | session_runner | [bridge:TSLA] rsi_trend ready: sufficient bars
2026-08-31T12:07:18 | INFO     | session_runner | Stale signal: TSLA/orb age=132 min > max 10 min — skipped
2026-08-31T12:07:18 | INFO     | session_runner | [bridge:AAPL] rsi_trend ready: sufficient bars
2026-08-31T12:07:18 | INFO     | session_runner | [bridge:MSTR] rsi_trend ready: sufficient bars
2026-08-31T12:07:19 | INFO     | session_runner | [bridge:AMZN] rsi_trend ready: sufficient bars
2026-08-31T12:07:19 | INFO     | session_runner | Stale signal: AMZN/vwap_reclaim age=57 min > max 10 min — skipped
2026-08-31T12:07:19 | INFO     | session_runner | Stale signal: AMZN/vwap_reclaim age=27 min > max 10 min — skipped
2026-08-31T12:07:19 | INFO     | session_runner | [bridge:UBER] rsi_trend ready: sufficient bars
2026-08-31T12:07:19 | INFO     | session_runner | Stale signal: UBER/orb age=137 min > max 10 min — skipped
2026-08-31T12:07:19 | INFO     | session_runner | [bridge:QQQ] rsi_trend ready: sufficient bars
2026-08-31T12:07:19 | INFO     | session_runner | Stale signal: QQQ/vwap_reclaim age=117 min > max 10 min — skipped
2026-08-31T12:07:19 | INFO     | session_runner | Stale signal: QQQ/vwap_reclaim age=167 min > max 10 min — skipped
2026-08-31T12:07:19 | INFO     | session_runner | Stale signal: QQQ/vwap_reclaim age=32 min > max 10 min — skipped
2026-08-31T12:07:19 | INFO     | session_runner | Stale signal: QQQ/vwap_reclaim age=72 min > max 10 min — skipped
2026-08-31T12:07:19 | INFO     | session_runner | Stale signal: QQQ/vwap_reclaim age=132 min > max 10 min — skipped
2026-08-31T12:07:49 | INFO     | session_runner | [cycle 299] 12:07:49 ET | positions=0 | entries=0
2026-08-31T12:07:49 | INFO     | session_runner | [bridge:TSLA] rsi_trend ready: sufficient bars
2026-08-31T12:07:49 | INFO     | session_runner | Stale signal: TSLA/orb age=133 min > max 10 min — skipped
2026-08-31T12:07:50 | INFO     | session_runner | [bridge:AAPL] rsi_trend ready: sufficient bars
2026-08-31T12:07:50 | INFO     | session_runner | [bridge:MSTR] rsi_trend ready: sufficient bars
2026-08-31T12:07:50 | INFO     | session_runner | [bridge:AMZN] rsi_trend ready: sufficient bars
2026-08-31T12:07:50 | INFO     | session_runner | Stale signal: AMZN/vwap_reclaim age=58 min > max 10 min — skipped
2026-08-31T12:07:50 | INFO     | session_runner | Stale signal: AMZN/vwap_reclaim age=28 min > max 10 min — skipped
2026-08-31T12:07:50 | INFO     | session_runner | [bridge:UBER] rsi_trend ready: sufficient bars
2026-08-31T12:07:50 | INFO     | session_runner | Stale signal: UBER/orb age=138 min > max 10 min — skipped
2026-08-31T12:07:50 | INFO     | session_runner | [bridge:QQQ] rsi_trend ready: sufficient bars
2026-08-31T12:07:50 | INFO     | session_runner | Stale signal: QQQ/vwap_reclaim age=118 min > max 10 min — skipped
2026-08-31T12:07:50 | INFO     | session_runner | Stale signal: QQQ/vwap_reclaim age=168 min > max 10 min — skipped
2026-08-31T12:07:50 | INFO     | session_runner | Stale signal: QQQ/vwap_reclaim age=33 min > max 10 min — skipped
2026-08-31T12:07:50 | INFO     | session_runner | Stale signal: QQQ/vwap_reclaim age=73 min > max 10 min — skipped
2026-08-31T12:07:50 | INFO     | session_runner | Stale signal: QQQ/vwap_reclaim age=133 min > max 10 min — skipped
2026-08-31T12:08:20 | INFO     | session_runner | [cycle 300] 12:08:20 ET | positions=0 | entries=0
2026-08-31T12:08:21 | INFO     | session_runner | [bridge:TSLA] rsi_trend ready: sufficient bars
2026-08-31T12:08:21 | INFO     | session_runner | Stale signal: TSLA/orb age=133 min > max 10 min — skipped
2026-08-31T12:08:21 | INFO     | session_runner | [bridge:AAPL] rsi_trend ready: sufficient bars
2026-08-31T12:08:21 | INFO     | session_runner | [bridge:MSTR] rsi_trend ready: sufficient bars
2026-08-31T12:08:21 | INFO     | session_runner | [bridge:AMZN] rsi_trend ready: sufficient bars
2026-08-31T12:08:21 | INFO     | session_runner | Stale signal: AMZN/vwap_reclaim age=58 min > max 10 min — skipped
2026-08-31T12:08:21 | INFO     | session_runner | Stale signal: AMZN/vwap_reclaim age=28 min > max 10 min — skipped
2026-08-31T12:08:22 | INFO     | session_runner | [bridge:UBER] rsi_trend ready: sufficient bars
2026-08-31T12:08:22 | INFO     | session_runner | Stale signal: UBER/orb age=138 min > max 10 min — skipped
2026-08-31T12:08:22 | INFO     | session_runner | [bridge:QQQ] rsi_trend ready: sufficient bars
2026-08-31T12:08:22 | INFO     | session_runner | Stale signal: QQQ/vwap_reclaim age=118 min > max 10 min — skipped
2026-08-31T12:08:22 | INFO     | session_runner | Stale signal: QQQ/vwap_reclaim age=168 min > max 10 min — skipped
2026-08-31T12:08:22 | INFO     | session_runner | Stale signal: QQQ/vwap_reclaim age=33 min > max 10 min — skipped
2026-08-31T12:08:22 | INFO     | session_runner | Stale signal: QQQ/vwap_reclaim age=73 min > max 10 min — skipped
2026-08-31T12:08:22 | INFO     | session_runner | Stale signal: QQQ/vwap_reclaim age=133 min > max 10 min — skipped
2026-08-31T12:08:52 | INFO     | session_runner | [cycle 301] 12:08:52 ET | positions=0 | entries=0
2026-08-31T12:08:52 | INFO     | session_runner | Periodic universe re-scan …
2026-08-31T12:08:52 | INFO     | app.scanning.universe_loader | UniverseLoader: loaded 5 groups (13 flat symbols) from config/ticker_universe.yaml (blacklist=0)
2026-08-31T12:08:52 | INFO     | app.scanning.universe_loader | UniverseLoader: 38 symbols from 4 group(s) (blacklist=0)
2026-08-31T12:08:52 | INFO     | session_runner | Universe scan: 38 symbols from 4 group(s) | max_active=6
2026-08-31T12:08:53 | WARNING  | app.scanning.yfinance_scanner | AlpacaScanner: no daily data for 1/38 symbols: ['SQ']
2026-08-31T12:08:55 | WARNING  | app.scanning.yfinance_scanner | YFinanceScanner: failed for SQ: No daily data returned for SQ
2026-08-31T12:08:55 | INFO     | session_runner | Scan: 18 passed, 20 rejected
2026-08-31T12:08:55 | INFO     | session_runner |   TSLA    score=87.0  signal=LONG     reasons: rvol=2.12x (high), atr=3.64% (wide-range), orb_breakout
2026-08-31T12:08:55 | INFO     | session_runner |   META    score=70.0  signal=SHORT    reasons: atr=3.08% (wide-range), orb_breakdown, trend_down
2026-08-31T12:08:55 | INFO     | session_runner |   GOOGL   score=70.0  signal=SHORT    reasons: atr=2.18% (wide-range), orb_breakdown, trend_down
2026-08-31T12:08:55 | INFO     | session_runner |   AAPL    score=67.0  signal=SHORT    reasons: atr=2.13% (wide-range), orb_breakdown, trend_sideways
2026-08-31T12:08:55 | INFO     | session_runner |   MSTR    score=65.0  signal=LONG     reasons: atr=6.43% (wide-range), orb_breakout, trend_up
2026-08-31T12:08:55 | INFO     | app.strategies.liquidity_filter | LiquidityFilter: no qualifying contracts for GOOGL SignalDirection.SHORT | total_candidates=49
2026-08-31T12:08:55 | INFO     | app.scanning.alpaca_confirmer | AlpacaConfirmer: no liquid contract for GOOGL (signal=SHORT)
2026-08-31T12:08:56 | INFO     | app.strategies.liquidity_filter | LiquidityFilter: selected UBER260904P00075000 | delta=-0.361 | spread_pct=0.052 | OI=1590 | vol=4540
2026-08-31T12:08:56 | INFO     | app.scanning.alpaca_confirmer | AlpacaConfirmer: confirmed UBER | UBER260904P00075000 | exp=2026-09-04 | spread=5.19% | OI=1590 | vol=4540
2026-08-31T12:08:56 | INFO     | app.strategies.liquidity_filter | LiquidityFilter: no qualifying contracts for SOFI SignalDirection.LONG | total_candidates=31
2026-08-31T12:08:56 | INFO     | app.scanning.alpaca_confirmer | AlpacaConfirmer: no liquid contract for SOFI (signal=LONG)
2026-08-31T12:08:56 | INFO     | app.strategies.liquidity_filter | LiquidityFilter: selected AAPL260902P00312500 | delta=-0.386 | spread_pct=0.044 | OI=550 | vol=4467
2026-08-31T12:08:56 | INFO     | app.scanning.alpaca_confirmer | AlpacaConfirmer: confirmed AAPL | AAPL260902P00312500 | exp=2026-09-02 | spread=4.42% | OI=550 | vol=4467
2026-08-31T12:08:56 | INFO     | app.strategies.liquidity_filter | LiquidityFilter: selected IWM260902P00292000 | delta=-0.363 | spread_pct=0.012 | OI=148 | vol=305
2026-08-31T12:08:56 | INFO     | app.scanning.alpaca_confirmer | AlpacaConfirmer: confirmed IWM | IWM260902P00292000 | exp=2026-09-02 | spread=1.18% | OI=148 | vol=305
2026-08-31T12:08:56 | INFO     | app.strategies.liquidity_filter | LiquidityFilter: selected TSLA260902C00367500 | delta=0.403 | spread_pct=0.026 | OI=319 | vol=6971
2026-08-31T12:08:56 | INFO     | app.scanning.alpaca_confirmer | AlpacaConfirmer: confirmed TSLA | TSLA260902C00367500 | exp=2026-09-02 | spread=2.60% | OI=319 | vol=6971
2026-08-31T12:08:56 | INFO     | app.strategies.liquidity_filter | LiquidityFilter: no qualifying contracts for LYFT SignalDirection.SHORT | total_candidates=35
2026-08-31T12:08:56 | INFO     | app.scanning.alpaca_confirmer | AlpacaConfirmer: no liquid contract for LYFT (signal=SHORT)
2026-08-31T12:08:56 | INFO     | app.strategies.liquidity_filter | LiquidityFilter: no qualifying contracts for XLE SignalDirection.SHORT | total_candidates=31
2026-08-31T12:08:56 | INFO     | app.scanning.alpaca_confirmer | AlpacaConfirmer: no liquid contract for XLE (signal=SHORT)
2026-08-31T12:08:56 | INFO     | app.strategies.liquidity_filter | LiquidityFilter: no qualifying contracts for NVDA SignalDirection.LONG | total_candidates=65
2026-08-31T12:08:56 | INFO     | app.scanning.alpaca_confirmer | AlpacaConfirmer: no liquid contract for NVDA (signal=LONG)
2026-08-31T12:08:56 | INFO     | app.strategies.liquidity_filter | LiquidityFilter: no qualifying contracts for META SignalDirection.SHORT | total_candidates=134
2026-08-31T12:08:56 | INFO     | app.scanning.alpaca_confirmer | AlpacaConfirmer: no liquid contract for META (signal=SHORT)
2026-08-31T12:08:56 | INFO     | app.strategies.liquidity_filter | LiquidityFilter: selected MSTR260904C00134000 | delta=0.371 | spread_pct=0.011 | OI=324 | vol=506
2026-08-31T12:08:56 | INFO     | app.scanning.alpaca_confirmer | AlpacaConfirmer: confirmed MSTR | MSTR260904C00134000 | exp=2026-09-04 | spread=1.10% | OI=324 | vol=506
2026-08-31T12:08:56 | INFO     | app.strategies.liquidity_filter | LiquidityFilter: selected QQQ260902P00711000 | delta=-0.385 | spread_pct=0.016 | OI=163 | vol=758
2026-08-31T12:08:56 | INFO     | app.scanning.alpaca_confirmer | AlpacaConfirmer: confirmed QQQ | QQQ260902P00711000 | exp=2026-09-02 | spread=1.65% | OI=163 | vol=758
2026-08-31T12:08:56 | INFO     | session_runner | AlpacaConfirmer: 6 confirmed symbols: ['TSLA', 'AAPL', 'MSTR', 'UBER', 'QQQ', 'IWM']
2026-08-31T12:08:56 | INFO     | session_runner | Re-scan updated active symbols: ['TSLA', 'AAPL', 'MSTR', 'UBER', 'QQQ', 'IWM']
2026-08-31T12:08:56 | INFO     | session_runner | Broad-market regime | SPY=short
2026-08-31T12:08:56 | INFO     | session_runner | [bridge:TSLA] rsi_trend ready: sufficient bars
2026-08-31T12:08:56 | INFO     | session_runner | Stale signal: TSLA/orb age=134 min > max 10 min — skipped
2026-08-31T12:08:56 | INFO     | session_runner | [bridge:AAPL] rsi_trend ready: sufficient bars
2026-08-31T12:08:56 | INFO     | session_runner | [bridge:MSTR] rsi_trend ready: sufficient bars
2026-08-31T12:08:56 | INFO     | session_runner | [bridge:UBER] rsi_trend ready: sufficient bars
2026-08-31T12:08:56 | INFO     | session_runner | Stale signal: UBER/orb age=139 min > max 10 min — skipped
2026-08-31T12:08:57 | INFO     | session_runner | [bridge:IWM] rsi_trend ready: sufficient bars
2026-08-31T12:08:57 | INFO     | session_runner | Stale signal: IWM/orb age=139 min > max 10 min — skipped
2026-08-31T12:08:57 | INFO     | session_runner | [bridge:QQQ] rsi_trend ready: sufficient bars
2026-08-31T12:08:57 | INFO     | session_runner | Stale signal: QQQ/vwap_reclaim age=119 min > max 10 min — skipped
2026-08-31T12:08:57 | INFO     | session_runner | Stale signal: QQQ/vwap_reclaim age=169 min > max 10 min — skipped
2026-08-31T12:08:57 | INFO     | session_runner | Stale signal: QQQ/vwap_reclaim age=34 min > max 10 min — skipped
2026-08-31T12:08:57 | INFO     | session_runner | Stale signal: QQQ/vwap_reclaim age=74 min > max 10 min — skipped
2026-08-31T12:08:57 | INFO     | session_runner | Stale signal: QQQ/vwap_reclaim age=134 min > max 10 min — skipped
2026-08-31T12:09:27 | INFO     | session_runner | [cycle 302] 12:09:27 ET | positions=0 | entries=0
2026-08-31T12:09:27 | INFO     | session_runner | [bridge:TSLA] rsi_trend ready: sufficient bars
2026-08-31T12:09:27 | INFO     | session_runner | Stale signal: TSLA/orb age=134 min > max 10 min — skipped
2026-08-31T12:09:27 | INFO     | session_runner | [bridge:AAPL] rsi_trend ready: sufficient bars
2026-08-31T12:09:28 | INFO     | session_runner | [bridge:MSTR] rsi_trend ready: sufficient bars
2026-08-31T12:09:28 | INFO     | session_runner | [bridge:UBER] rsi_trend ready: sufficient bars
2026-08-31T12:09:28 | INFO     | session_runner | Stale signal: UBER/orb age=139 min > max 10 min — skipped
2026-08-31T12:09:28 | INFO     | session_runner | [bridge:IWM] rsi_trend ready: sufficient bars
2026-08-31T12:09:28 | INFO     | session_runner | Stale signal: IWM/orb age=139 min > max 10 min — skipped
2026-08-31T12:09:28 | INFO     | session_runner | [bridge:QQQ] rsi_trend ready: sufficient bars
2026-08-31T12:09:28 | INFO     | session_runner | Stale signal: QQQ/vwap_reclaim age=119 min > max 10 min — skipped
2026-08-31T12:09:28 | INFO     | session_runner | Stale signal: QQQ/vwap_reclaim age=169 min > max 10 min — skipped
2026-08-31T12:09:28 | INFO     | session_runner | Stale signal: QQQ/vwap_reclaim age=34 min > max 10 min — skipped
2026-08-31T12:09:28 | INFO     | session_runner | Stale signal: QQQ/vwap_reclaim age=74 min > max 10 min — skipped
2026-08-31T12:09:28 | INFO     | session_runner | Stale signal: QQQ/vwap_reclaim age=134 min > max 10 min — skipped
2026-08-31T12:09:58 | INFO     | session_runner | [cycle 303] 12:09:58 ET | positions=0 | entries=0
2026-08-31T12:09:59 | INFO     | session_runner | [bridge:TSLA] rsi_trend ready: sufficient bars
2026-08-31T12:09:59 | INFO     | session_runner | Stale signal: TSLA/orb age=135 min > max 10 min — skipped
2026-08-31T12:09:59 | INFO     | session_runner | [bridge:AAPL] rsi_trend ready: sufficient bars
2026-08-31T12:09:59 | INFO     | session_runner | [bridge:MSTR] rsi_trend ready: sufficient bars
2026-08-31T12:09:59 | INFO     | session_runner | [bridge:UBER] rsi_trend ready: sufficient bars
2026-08-31T12:09:59 | INFO     | session_runner | Stale signal: UBER/orb age=140 min > max 10 min — skipped
2026-08-31T12:09:59 | INFO     | session_runner | [bridge:IWM] rsi_trend ready: sufficient bars
2026-08-31T12:09:59 | INFO     | session_runner | Stale signal: IWM/orb age=140 min > max 10 min — skipped
2026-08-31T12:09:59 | INFO     | session_runner | [bridge:QQQ] rsi_trend ready: sufficient bars
2026-08-31T12:09:59 | INFO     | session_runner | Stale signal: QQQ/vwap_reclaim age=120 min > max 10 min — skipped
2026-08-31T12:09:59 | INFO     | session_runner | Stale signal: QQQ/vwap_reclaim age=170 min > max 10 min — skipped
2026-08-31T12:09:59 | INFO     | session_runner | Stale signal: QQQ/vwap_reclaim age=35 min > max 10 min — skipped
2026-08-31T12:09:59 | INFO     | session_runner | Stale signal: QQQ/vwap_reclaim age=75 min > max 10 min — skipped
2026-08-31T12:09:59 | INFO     | session_runner | Stale signal: QQQ/vwap_reclaim age=135 min > max 10 min — skipped
2026-08-31T12:10:29 | INFO     | session_runner | [cycle 304] 12:10:29 ET | positions=0 | entries=0
2026-08-31T12:10:30 | INFO     | session_runner | [bridge:TSLA] rsi_trend ready: sufficient bars
2026-08-31T12:10:30 | INFO     | session_runner | Stale signal: TSLA/orb age=135 min > max 10 min — skipped
2026-08-31T12:10:30 | INFO     | session_runner | [bridge:AAPL] rsi_trend ready: sufficient bars
2026-08-31T12:10:30 | INFO     | session_runner | [bridge:MSTR] rsi_trend ready: sufficient bars
2026-08-31T12:10:30 | INFO     | session_runner | [bridge:UBER] rsi_trend ready: sufficient bars
2026-08-31T12:10:30 | INFO     | session_runner | Stale signal: UBER/orb age=140 min > max 10 min — skipped
2026-08-31T12:10:31 | INFO     | session_runner | [bridge:IWM] rsi_trend ready: sufficient bars
2026-08-31T12:10:31 | INFO     | session_runner | Stale signal: IWM/orb age=140 min > max 10 min — skipped
2026-08-31T12:10:31 | INFO     | session_runner | [bridge:QQQ] rsi_trend ready: sufficient bars
2026-08-31T12:10:31 | INFO     | session_runner | Stale signal: QQQ/vwap_reclaim age=120 min > max 10 min — skipped
2026-08-31T12:10:31 | INFO     | session_runner | Stale signal: QQQ/vwap_reclaim age=170 min > max 10 min — skipped
2026-08-31T12:10:31 | INFO     | session_runner | Stale signal: QQQ/vwap_reclaim age=35 min > max 10 min — skipped
2026-08-31T12:10:31 | INFO     | session_runner | Signal quality blocked | QQQ/vwap_reclaim score=1.0 < 3.0
2026-08-31T12:10:31 | INFO     | app.strategies.liquidity_filter | LiquidityFilter: selected QQQ260902P00712000 | delta=-0.408 | spread_pct=0.008 | OI=524 | vol=1491
2026-08-31T12:10:31 | INFO     | app.evaluation.shadow_book | ShadowBook: simulating vwap_reclaim/baseline QQQ260902P00712000 @ 2.6100 (blocked: signal_quality_below_min, fill-validated at entry)
2026-08-31T12:10:31 | INFO     | app.evaluation.shadow_book | ShadowBook: simulating vwap_reclaim/breakeven_25 QQQ260902P00712000 @ 2.6100 (blocked: exit_policy_counterfactual, fill-validated at entry)
2026-08-31T12:10:31 | INFO     | app.evaluation.shadow_book | ShadowBook: simulating vwap_reclaim/partial_25_breakeven QQQ260902P00712000 @ 2.6100 (blocked: exit_policy_counterfactual, fill-validated at entry)
2026-08-31T12:10:32 | INFO     | app.strategies.liquidity_filter | LiquidityFilter: selected QQQ260902C00716000 | delta=0.408 | spread_pct=0.008 | OI=131 | vol=2205
2026-08-31T12:10:32 | INFO     | app.evaluation.shadow_book | ShadowBook: simulating vwap_reclaim/inverted QQQ260902C00716000 @ 2.4800 (blocked: inverted_direction_counterfactual, fill-validated at entry)
2026-08-31T12:10:32 | INFO     | session_runner | Stale signal: QQQ/vwap_reclaim age=75 min > max 10 min — skipped
2026-08-31T12:10:32 | INFO     | session_runner | Stale signal: QQQ/vwap_reclaim age=135 min > max 10 min — skipped
2026-08-31T12:11:02 | INFO     | session_runner | [cycle 305] 12:11:02 ET | positions=0 | entries=0
2026-08-31T12:11:02 | INFO     | session_runner | [bridge:TSLA] rsi_trend ready: sufficient bars
2026-08-31T12:11:02 | INFO     | session_runner | Stale signal: TSLA/orb age=136 min > max 10 min — skipped
2026-08-31T12:11:03 | INFO     | session_runner | [bridge:AAPL] rsi_trend ready: sufficient bars
2026-08-31T12:11:03 | INFO     | session_runner | [bridge:MSTR] rsi_trend ready: sufficient bars
2026-08-31T12:11:03 | INFO     | session_runner | [bridge:UBER] rsi_trend ready: sufficient bars
2026-08-31T12:11:03 | INFO     | session_runner | Stale signal: UBER/orb age=141 min > max 10 min — skipped
2026-08-31T12:11:03 | INFO     | session_runner | [bridge:IWM] rsi_trend ready: sufficient bars
2026-08-31T12:11:03 | INFO     | session_runner | Stale signal: IWM/orb age=141 min > max 10 min — skipped
2026-08-31T12:11:03 | INFO     | session_runner | [bridge:QQQ] rsi_trend ready: sufficient bars
2026-08-31T12:11:03 | INFO     | session_runner | Stale signal: QQQ/vwap_reclaim age=121 min > max 10 min — skipped
2026-08-31T12:11:03 | INFO     | session_runner | Stale signal: QQQ/vwap_reclaim age=171 min > max 10 min — skipped
2026-08-31T12:11:03 | INFO     | session_runner | Stale signal: QQQ/vwap_reclaim age=36 min > max 10 min — skipped
2026-08-31T12:11:03 | INFO     | session_runner | Signal quality blocked | QQQ/vwap_reclaim score=1.0 < 3.0
2026-08-31T12:11:04 | INFO     | app.strategies.liquidity_filter | LiquidityFilter: selected QQQ260902P00712000 | delta=-0.395 | spread_pct=0.008 | OI=524 | vol=1491
2026-08-31T12:11:04 | INFO     | session_runner | Stale signal: QQQ/vwap_reclaim age=76 min > max 10 min — skipped
2026-08-31T12:11:04 | INFO     | session_runner | Stale signal: QQQ/vwap_reclaim age=136 min > max 10 min — skipped
2026-08-31T12:11:34 | INFO     | session_runner | [cycle 306] 12:11:34 ET | positions=0 | entries=0
2026-08-31T12:11:34 | INFO     | session_runner | [bridge:TSLA] rsi_trend ready: sufficient bars
2026-08-31T12:11:34 | INFO     | session_runner | Stale signal: TSLA/orb age=137 min > max 10 min — skipped
2026-08-31T12:11:34 | INFO     | session_runner | [bridge:AAPL] rsi_trend ready: sufficient bars
2026-08-31T12:11:34 | INFO     | session_runner | [bridge:MSTR] rsi_trend ready: sufficient bars
2026-08-31T12:11:35 | INFO     | session_runner | [bridge:UBER] rsi_trend ready: sufficient bars
2026-08-31T12:11:35 | INFO     | session_runner | Stale signal: UBER/orb age=142 min > max 10 min — skipped
2026-08-31T12:11:35 | INFO     | session_runner | [bridge:IWM] rsi_trend ready: sufficient bars
2026-08-31T12:11:35 | INFO     | session_runner | Stale signal: IWM/orb age=142 min > max 10 min — skipped
2026-08-31T12:11:35 | INFO     | session_runner | [bridge:QQQ] rsi_trend ready: sufficient bars
2026-08-31T12:11:35 | INFO     | session_runner | Stale signal: QQQ/vwap_reclaim age=122 min > max 10 min — skipped
2026-08-31T12:11:35 | INFO     | session_runner | Stale signal: QQQ/vwap_reclaim age=172 min > max 10 min — skipped
2026-08-31T12:11:35 | INFO     | session_runner | Stale signal: QQQ/vwap_reclaim age=37 min > max 10 min — skipped
2026-08-31T12:11:35 | INFO     | session_runner | Signal quality blocked | QQQ/vwap_reclaim score=1.0 < 3.0
2026-08-31T12:11:35 | INFO     | app.strategies.liquidity_filter | LiquidityFilter: selected QQQ260902P00712000 | delta=-0.397 | spread_pct=0.028 | OI=524 | vol=1491
2026-08-31T12:11:35 | INFO     | session_runner | Stale signal: QQQ/vwap_reclaim age=77 min > max 10 min — skipped
2026-08-31T12:11:35 | INFO     | session_runner | Stale signal: QQQ/vwap_reclaim age=137 min > max 10 min — skipped
2026-08-31T12:12:05 | INFO     | session_runner | [cycle 307] 12:12:05 ET | positions=0 | entries=0
2026-08-31T12:12:06 | INFO     | session_runner | [bridge:TSLA] rsi_trend ready: sufficient bars
2026-08-31T12:12:06 | INFO     | session_runner | Stale signal: TSLA/orb age=137 min > max 10 min — skipped
2026-08-31T12:12:06 | INFO     | session_runner | [bridge:AAPL] rsi_trend ready: sufficient bars
2026-08-31T12:12:06 | INFO     | session_runner | [bridge:MSTR] rsi_trend ready: sufficient bars
2026-08-31T12:12:06 | INFO     | session_runner | [bridge:UBER] rsi_trend ready: sufficient bars
2026-08-31T12:12:06 | INFO     | session_runner | Stale signal: UBER/orb age=142 min > max 10 min — skipped
2026-08-31T12:12:07 | INFO     | session_runner | [bridge:IWM] rsi_trend ready: sufficient bars
2026-08-31T12:12:07 | INFO     | session_runner | Stale signal: IWM/orb age=142 min > max 10 min — skipped
2026-08-31T12:12:07 | INFO     | session_runner | [bridge:QQQ] rsi_trend ready: sufficient bars
2026-08-31T12:12:07 | INFO     | session_runner | Stale signal: QQQ/vwap_reclaim age=122 min > max 10 min — skipped
2026-08-31T12:12:07 | INFO     | session_runner | Stale signal: QQQ/vwap_reclaim age=172 min > max 10 min — skipped
2026-08-31T12:12:07 | INFO     | session_runner | Stale signal: QQQ/vwap_reclaim age=37 min > max 10 min — skipped
2026-08-31T12:12:07 | INFO     | session_runner | Signal quality blocked | QQQ/vwap_reclaim score=1.0 < 3.0
2026-08-31T12:12:07 | INFO     | app.strategies.liquidity_filter | LiquidityFilter: selected QQQ260902P00712000 | delta=-0.380 | spread_pct=0.013 | OI=524 | vol=1499
2026-08-31T12:12:07 | INFO     | session_runner | Stale signal: QQQ/vwap_reclaim age=77 min > max 10 min — skipped
2026-08-31T12:12:07 | INFO     | session_runner | Stale signal: QQQ/vwap_reclaim age=137 min > max 10 min — skipped
2026-08-31T12:12:37 | INFO     | session_runner | [cycle 308] 12:12:37 ET | positions=0 | entries=0
2026-08-31T12:12:38 | INFO     | session_runner | [bridge:TSLA] rsi_trend ready: sufficient bars
2026-08-31T12:12:38 | INFO     | session_runner | Stale signal: TSLA/orb age=138 min > max 10 min — skipped
2026-08-31T12:12:38 | INFO     | session_runner | [bridge:AAPL] rsi_trend ready: sufficient bars
2026-08-31T12:12:38 | INFO     | session_runner | [bridge:MSTR] rsi_trend ready: sufficient bars
2026-08-31T12:12:38 | INFO     | session_runner | [bridge:UBER] rsi_trend ready: sufficient bars
2026-08-31T12:12:38 | INFO     | session_runner | Stale signal: UBER/orb age=143 min > max 10 min — skipped
2026-08-31T12:12:38 | INFO     | session_runner | [bridge:IWM] rsi_trend ready: sufficient bars
2026-08-31T12:12:38 | INFO     | session_runner | Stale signal: IWM/orb age=143 min > max 10 min — skipped
2026-08-31T12:12:38 | INFO     | session_runner | [bridge:QQQ] rsi_trend ready: sufficient bars
2026-08-31T12:12:38 | INFO     | session_runner | Stale signal: QQQ/vwap_reclaim age=123 min > max 10 min — skipped
2026-08-31T12:12:38 | INFO     | session_runner | Stale signal: QQQ/vwap_reclaim age=173 min > max 10 min — skipped
2026-08-31T12:12:38 | INFO     | session_runner | Stale signal: QQQ/vwap_reclaim age=38 min > max 10 min — skipped
2026-08-31T12:12:38 | INFO     | session_runner | Signal quality blocked | QQQ/vwap_reclaim score=1.0 < 3.0
2026-08-31T12:12:39 | INFO     | app.strategies.liquidity_filter | LiquidityFilter: selected QQQ260902P00712000 | delta=-0.382 | spread_pct=0.013 | OI=524 | vol=1499
2026-08-31T12:12:39 | INFO     | session_runner | Stale signal: QQQ/vwap_reclaim age=78 min > max 10 min — skipped
2026-08-31T12:12:39 | INFO     | session_runner | Stale signal: QQQ/vwap_reclaim age=138 min > max 10 min — skipped
2026-08-31T12:13:09 | INFO     | session_runner | [cycle 309] 12:13:09 ET | positions=0 | entries=0
2026-08-31T12:13:09 | INFO     | app.trading.reconciler | Reconciliation done: broker_pos=0 local_pos=0 broker_orders=0 local_pending=0 repaired=0 flagged=0 orders_confirmed=True positions_confirmed=True
2026-08-31T12:13:09 | INFO     | session_runner | [bridge:TSLA] rsi_trend ready: sufficient bars
2026-08-31T12:13:09 | INFO     | session_runner | Stale signal: TSLA/orb age=138 min > max 10 min — skipped
2026-08-31T12:13:10 | INFO     | session_runner | [bridge:AAPL] rsi_trend ready: sufficient bars
2026-08-31T12:13:10 | INFO     | session_runner | [bridge:MSTR] rsi_trend ready: sufficient bars
2026-08-31T12:13:10 | INFO     | session_runner | [bridge:UBER] rsi_trend ready: sufficient bars
2026-08-31T12:13:10 | INFO     | session_runner | Stale signal: UBER/orb age=143 min > max 10 min — skipped
2026-08-31T12:13:10 | INFO     | session_runner | [bridge:IWM] rsi_trend ready: sufficient bars
2026-08-31T12:13:10 | INFO     | session_runner | Stale signal: IWM/orb age=143 min > max 10 min — skipped
2026-08-31T12:13:10 | INFO     | session_runner | [bridge:QQQ] rsi_trend ready: sufficient bars
2026-08-31T12:13:10 | INFO     | session_runner | Stale signal: QQQ/vwap_reclaim age=123 min > max 10 min — skipped
2026-08-31T12:13:10 | INFO     | session_runner | Stale signal: QQQ/vwap_reclaim age=173 min > max 10 min — skipped
2026-08-31T12:13:10 | INFO     | session_runner | Stale signal: QQQ/vwap_reclaim age=38 min > max 10 min — skipped
2026-08-31T12:13:10 | INFO     | session_runner | Signal quality blocked | QQQ/vwap_reclaim score=1.0 < 3.0
2026-08-31T12:13:10 | INFO     | app.strategies.liquidity_filter | LiquidityFilter: selected QQQ260902P00712000 | delta=-0.388 | spread_pct=0.021 | OI=524 | vol=1500
2026-08-31T12:13:10 | INFO     | session_runner | Stale signal: QQQ/vwap_reclaim age=78 min > max 10 min — skipped
2026-08-31T12:13:10 | INFO     | session_runner | Stale signal: QQQ/vwap_reclaim age=138 min > max 10 min — skipped
2026-08-31T12:13:40 | INFO     | session_runner | [cycle 310] 12:13:40 ET | positions=0 | entries=0
2026-08-31T12:13:41 | INFO     | session_runner | [bridge:TSLA] rsi_trend ready: sufficient bars
2026-08-31T12:13:41 | INFO     | session_runner | Stale signal: TSLA/orb age=139 min > max 10 min — skipped
2026-08-31T12:13:41 | INFO     | session_runner | [bridge:AAPL] rsi_trend ready: sufficient bars
2026-08-31T12:13:41 | INFO     | session_runner | [bridge:MSTR] rsi_trend ready: sufficient bars
2026-08-31T12:13:41 | INFO     | session_runner | [bridge:UBER] rsi_trend ready: sufficient bars
2026-08-31T12:13:41 | INFO     | session_runner | Stale signal: UBER/orb age=144 min > max 10 min — skipped
2026-08-31T12:13:41 | INFO     | session_runner | [bridge:IWM] rsi_trend ready: sufficient bars
2026-08-31T12:13:41 | INFO     | session_runner | Stale signal: IWM/orb age=144 min > max 10 min — skipped
2026-08-31T12:13:42 | INFO     | session_runner | [bridge:QQQ] rsi_trend ready: sufficient bars
2026-08-31T12:13:42 | INFO     | session_runner | Stale signal: QQQ/vwap_reclaim age=124 min > max 10 min — skipped
2026-08-31T12:13:42 | INFO     | session_runner | Stale signal: QQQ/vwap_reclaim age=174 min > max 10 min — skipped
2026-08-31T12:13:42 | INFO     | session_runner | Stale signal: QQQ/vwap_reclaim age=39 min > max 10 min — skipped
2026-08-31T12:13:42 | INFO     | session_runner | Signal quality blocked | QQQ/vwap_reclaim score=1.0 < 3.0
2026-08-31T12:13:42 | INFO     | app.strategies.liquidity_filter | LiquidityFilter: selected QQQ260902P00712000 | delta=-0.392 | spread_pct=0.025 | OI=524 | vol=1500
2026-08-31T12:13:42 | INFO     | session_runner | Stale signal: QQQ/vwap_reclaim age=79 min > max 10 min — skipped
2026-08-31T12:13:42 | INFO     | session_runner | Stale signal: QQQ/vwap_reclaim age=139 min > max 10 min — skipped
2026-08-31T12:14:12 | INFO     | session_runner | [cycle 311] 12:14:12 ET | positions=0 | entries=0
2026-08-31T12:14:12 | INFO     | session_runner | Periodic universe re-scan …
2026-08-31T12:14:12 | INFO     | app.scanning.universe_loader | UniverseLoader: loaded 5 groups (13 flat symbols) from config/ticker_universe.yaml (blacklist=0)
2026-08-31T12:14:12 | INFO     | app.scanning.universe_loader | UniverseLoader: 38 symbols from 4 group(s) (blacklist=0)
2026-08-31T12:14:12 | INFO     | session_runner | Universe scan: 38 symbols from 4 group(s) | max_active=6
2026-08-31T12:14:13 | WARNING  | app.scanning.yfinance_scanner | AlpacaScanner: no daily data for 1/38 symbols: ['SQ']
2026-08-31T12:14:14 | WARNING  | app.scanning.yfinance_scanner | YFinanceScanner: failed for SQ: No daily data returned for SQ
2026-08-31T12:14:15 | INFO     | session_runner | Scan: 16 passed, 22 rejected
2026-08-31T12:14:15 | INFO     | session_runner |   TSLA    score=82.0  signal=LONG     reasons: rvol=2.13x (high), atr=3.61% (wide-range), orb_breakout
2026-08-31T12:14:15 | INFO     | session_runner |   NVDA    score=70.0  signal=LONG     reasons: atr=3.55% (wide-range), orb_breakout, trend_up
2026-08-31T12:14:15 | INFO     | session_runner |   GOOGL   score=70.0  signal=SHORT    reasons: atr=2.18% (wide-range), orb_breakdown, trend_down
2026-08-31T12:14:15 | INFO     | session_runner |   AAPL    score=67.0  signal=SHORT    reasons: atr=2.13% (wide-range), orb_breakdown, trend_sideways
2026-08-31T12:14:15 | INFO     | session_runner |   MSTR    score=65.0  signal=LONG     reasons: atr=6.45% (wide-range), orb_breakout, trend_up
2026-08-31T12:14:15 | INFO     | app.strategies.liquidity_filter | LiquidityFilter: selected GOOGL260902P00337500 | delta=-0.436 | spread_pct=0.084 | OI=152 | vol=1105
2026-08-31T12:14:15 | INFO     | app.scanning.alpaca_confirmer | AlpacaConfirmer: confirmed GOOGL | GOOGL260902P00337500 | exp=2026-09-02 | spread=8.35% | OI=152 | vol=1105
2026-08-31T12:14:15 | INFO     | app.strategies.liquidity_filter | LiquidityFilter: no qualifying contracts for XLE SignalDirection.SHORT | total_candidates=31
2026-08-31T12:14:15 | INFO     | app.scanning.alpaca_confirmer | AlpacaConfirmer: no liquid contract for XLE (signal=SHORT)
2026-08-31T12:14:15 | INFO     | app.strategies.liquidity_filter | LiquidityFilter: selected LYFT260904P00017000 | delta=-0.387 | spread_pct=0.041 | OI=333 | vol=690
2026-08-31T12:14:15 | INFO     | app.scanning.alpaca_confirmer | AlpacaConfirmer: confirmed LYFT | LYFT260904P00017000 | exp=2026-09-04 | spread=4.08% | OI=333 | vol=690
2026-08-31T12:14:15 | INFO     | app.strategies.liquidity_filter | LiquidityFilter: no qualifying contracts for UBER SignalDirection.SHORT | total_candidates=41
2026-08-31T12:14:15 | INFO     | app.scanning.alpaca_confirmer | AlpacaConfirmer: no liquid contract for UBER (signal=SHORT)
2026-08-31T12:14:15 | INFO     | app.strategies.liquidity_filter | LiquidityFilter: no qualifying contracts for NVDA SignalDirection.LONG | total_candidates=65
2026-08-31T12:14:15 | INFO     | app.scanning.alpaca_confirmer | AlpacaConfirmer: liquidity_rejected_cost_cap | symbol=NVDA | option_symbol=NVDA260902C00210000 | ask=9.90 | ask_x_100=990 | max_contract_cost=985
2026-08-31T12:14:15 | INFO     | app.scanning.alpaca_confirmer | AlpacaConfirmer: no liquid contract for NVDA (signal=LONG)
2026-08-31T12:14:15 | INFO     | app.strategies.liquidity_filter | LiquidityFilter: selected AAPL260902P00312500 | delta=-0.375 | spread_pct=0.053 | OI=550 | vol=4526
2026-08-31T12:14:15 | INFO     | app.scanning.alpaca_confirmer | AlpacaConfirmer: confirmed AAPL | AAPL260902P00312500 | exp=2026-09-02 | spread=5.33% | OI=550 | vol=4526
2026-08-31T12:14:15 | INFO     | app.strategies.liquidity_filter | LiquidityFilter: selected IWM260902P00292000 | delta=-0.359 | spread_pct=0.012 | OI=148 | vol=314
2026-08-31T12:14:15 | INFO     | app.scanning.alpaca_confirmer | AlpacaConfirmer: confirmed IWM | IWM260902P00292000 | exp=2026-09-02 | spread=1.17% | OI=148 | vol=314
2026-08-31T12:14:15 | INFO     | app.strategies.liquidity_filter | LiquidityFilter: no qualifying contracts for SOFI SignalDirection.LONG | total_candidates=31
2026-08-31T12:14:15 | INFO     | app.scanning.alpaca_confirmer | AlpacaConfirmer: no liquid contract for SOFI (signal=LONG)
2026-08-31T12:14:15 | INFO     | app.strategies.liquidity_filter | LiquidityFilter: selected MSTR260904C00134000 | delta=0.396 | spread_pct=0.053 | OI=324 | vol=523
2026-08-31T12:14:15 | INFO     | app.scanning.alpaca_confirmer | AlpacaConfirmer: confirmed MSTR | MSTR260904C00134000 | exp=2026-09-04 | spread=5.33% | OI=324 | vol=523
2026-08-31T12:14:15 | INFO     | app.strategies.liquidity_filter | LiquidityFilter: no qualifying contracts for AMD SignalDirection.SHORT | total_candidates=141
2026-08-31T12:14:15 | INFO     | app.scanning.alpaca_confirmer | AlpacaConfirmer: no liquid contract for AMD (signal=SHORT)
2026-08-31T12:14:15 | INFO     | app.strategies.liquidity_filter | LiquidityFilter: selected AMZN260902P00260000 | delta=-0.410 | spread_pct=0.024 | OI=162 | vol=5024
2026-08-31T12:14:15 | INFO     | app.scanning.alpaca_confirmer | AlpacaConfirmer: confirmed AMZN | AMZN260902P00260000 | exp=2026-09-02 | spread=2.37% | OI=162 | vol=5024
2026-08-31T12:14:15 | INFO     | app.strategies.liquidity_filter | LiquidityFilter: selected TSLA260902C00370000 | delta=0.405 | spread_pct=0.038 | OI=1572 | vol=22211
2026-08-31T12:14:15 | INFO     | app.scanning.alpaca_confirmer | AlpacaConfirmer: confirmed TSLA | TSLA260902C00370000 | exp=2026-09-02 | spread=3.79% | OI=1572 | vol=22211
2026-08-31T12:14:15 | INFO     | session_runner | AlpacaConfirmer: 6 confirmed symbols: ['TSLA', 'GOOGL', 'AAPL', 'MSTR', 'LYFT', 'IWM']
2026-08-31T12:14:15 | INFO     | session_runner | Re-scan updated active symbols: ['TSLA', 'GOOGL', 'AAPL', 'MSTR', 'LYFT', 'IWM']
2026-08-31T12:14:15 | INFO     | session_runner | Broad-market regime | SPY=short
2026-08-31T12:14:15 | INFO     | session_runner | [bridge:TSLA] rsi_trend ready: sufficient bars
2026-08-31T12:14:15 | INFO     | session_runner | Stale signal: TSLA/orb age=139 min > max 10 min — skipped
2026-08-31T12:14:16 | INFO     | session_runner | [bridge:GOOGL] rsi_trend ready: sufficient bars
2026-08-31T12:14:16 | INFO     | session_runner | Stale signal: GOOGL/vwap_reclaim age=154 min > max 10 min — skipped
2026-08-31T12:14:16 | INFO     | session_runner | [bridge:AAPL] rsi_trend ready: sufficient bars
2026-08-31T12:14:16 | INFO     | session_runner | [bridge:MSTR] rsi_trend ready: sufficient bars
2026-08-31T12:14:16 | INFO     | session_runner | [bridge:LYFT] rsi_trend ready: sufficient bars
2026-08-31T12:14:16 | INFO     | session_runner | [bridge:IWM] rsi_trend ready: sufficient bars
2026-08-31T12:14:16 | INFO     | session_runner | Stale signal: IWM/orb age=144 min > max 10 min — skipped
2026-08-31T12:14:46 | INFO     | session_runner | [cycle 312] 12:14:46 ET | positions=0 | entries=0
2026-08-31T12:14:47 | INFO     | session_runner | [bridge:TSLA] rsi_trend ready: sufficient bars
2026-08-31T12:14:47 | INFO     | session_runner | Stale signal: TSLA/orb age=140 min > max 10 min — skipped
2026-08-31T12:14:48 | INFO     | session_runner | [bridge:GOOGL] rsi_trend ready: sufficient bars
2026-08-31T12:14:48 | INFO     | session_runner | Stale signal: GOOGL/vwap_reclaim age=155 min > max 10 min — skipped
2026-08-31T12:14:48 | INFO     | session_runner | [bridge:AAPL] rsi_trend ready: sufficient bars
2026-08-31T12:14:48 | INFO     | session_runner | [bridge:MSTR] rsi_trend ready: sufficient bars
2026-08-31T12:14:48 | INFO     | session_runner | [bridge:LYFT] rsi_trend ready: sufficient bars
2026-08-31T12:14:48 | INFO     | session_runner | [bridge:IWM] rsi_trend ready: sufficient bars
2026-08-31T12:14:48 | INFO     | session_runner | Stale signal: IWM/orb age=145 min > max 10 min — skipped
2026-08-31T12:15:18 | INFO     | session_runner | [cycle 313] 12:15:18 ET | positions=0 | entries=0
2026-08-31T12:15:19 | INFO     | session_runner | [bridge:TSLA] rsi_trend ready: sufficient bars
2026-08-31T12:15:19 | INFO     | session_runner | Stale signal: TSLA/orb age=140 min > max 10 min — skipped
2026-08-31T12:15:19 | INFO     | session_runner | [bridge:GOOGL] rsi_trend ready: sufficient bars
2026-08-31T12:15:19 | INFO     | session_runner | Stale signal: GOOGL/vwap_reclaim age=155 min > max 10 min — skipped
2026-08-31T12:15:19 | INFO     | session_runner | [bridge:AAPL] rsi_trend ready: sufficient bars
2026-08-31T12:15:20 | INFO     | session_runner | [bridge:MSTR] rsi_trend ready: sufficient bars
2026-08-31T12:15:20 | INFO     | session_runner | [bridge:LYFT] rsi_trend ready: sufficient bars
2026-08-31T12:15:20 | INFO     | session_runner | [bridge:IWM] rsi_trend ready: sufficient bars
2026-08-31T12:15:20 | INFO     | session_runner | Stale signal: IWM/orb age=145 min > max 10 min — skipped
2026-08-31T12:15:50 | INFO     | session_runner | [cycle 314] 12:15:50 ET | positions=0 | entries=0
2026-08-31T12:15:50 | INFO     | session_runner | [bridge:TSLA] rsi_trend ready: sufficient bars
2026-08-31T12:15:50 | INFO     | session_runner | Stale signal: TSLA/orb age=141 min > max 10 min — skipped
2026-08-31T12:15:51 | INFO     | session_runner | [bridge:GOOGL] rsi_trend ready: sufficient bars
2026-08-31T12:15:51 | INFO     | session_runner | Stale signal: GOOGL/vwap_reclaim age=156 min > max 10 min — skipped
2026-08-31T12:15:51 | INFO     | session_runner | [bridge:AAPL] rsi_trend ready: sufficient bars
2026-08-31T12:15:51 | INFO     | session_runner | [bridge:MSTR] rsi_trend ready: sufficient bars
2026-08-31T12:15:51 | INFO     | session_runner | [bridge:LYFT] rsi_trend ready: sufficient bars
2026-08-31T12:15:51 | INFO     | session_runner | [bridge:IWM] rsi_trend ready: sufficient bars
2026-08-31T12:15:51 | INFO     | session_runner | Stale signal: IWM/orb age=146 min > max 10 min — skipped
2026-08-31T12:16:21 | INFO     | session_runner | [cycle 315] 12:16:21 ET | positions=0 | entries=0
2026-08-31T12:16:22 | INFO     | session_runner | [bridge:TSLA] rsi_trend ready: sufficient bars
2026-08-31T12:16:22 | INFO     | session_runner | Stale signal: TSLA/orb age=141 min > max 10 min — skipped
2026-08-31T12:16:22 | INFO     | session_runner | [bridge:GOOGL] rsi_trend ready: sufficient bars
2026-08-31T12:16:22 | INFO     | session_runner | Stale signal: GOOGL/vwap_reclaim age=156 min > max 10 min — skipped
2026-08-31T12:16:22 | INFO     | session_runner | [bridge:AAPL] rsi_trend ready: sufficient bars
2026-08-31T12:16:22 | INFO     | session_runner | [bridge:MSTR] rsi_trend ready: sufficient bars
2026-08-31T12:16:23 | INFO     | session_runner | [bridge:LYFT] rsi_trend ready: sufficient bars
2026-08-31T12:16:23 | INFO     | session_runner | [bridge:IWM] rsi_trend ready: sufficient bars
2026-08-31T12:16:23 | INFO     | session_runner | Stale signal: IWM/orb age=146 min > max 10 min — skipped
2026-08-31T12:16:53 | INFO     | session_runner | [cycle 316] 12:16:53 ET | positions=0 | entries=0
2026-08-31T12:16:53 | INFO     | session_runner | [bridge:TSLA] rsi_trend ready: sufficient bars
2026-08-31T12:16:53 | INFO     | session_runner | Stale signal: TSLA/orb age=142 min > max 10 min — skipped
2026-08-31T12:16:54 | INFO     | session_runner | [bridge:GOOGL] rsi_trend ready: sufficient bars
2026-08-31T12:16:54 | INFO     | session_runner | Stale signal: GOOGL/vwap_reclaim age=157 min > max 10 min — skipped
2026-08-31T12:16:54 | INFO     | session_runner | [bridge:AAPL] rsi_trend ready: sufficient bars
2026-08-31T12:16:54 | INFO     | session_runner | [bridge:MSTR] rsi_trend ready: sufficient bars
2026-08-31T12:16:54 | INFO     | session_runner | [bridge:LYFT] rsi_trend ready: sufficient bars
2026-08-31T12:16:54 | INFO     | session_runner | [bridge:IWM] rsi_trend ready: sufficient bars
2026-08-31T12:16:54 | INFO     | session_runner | Stale signal: IWM/orb age=147 min > max 10 min — skipped
2026-08-31T12:17:24 | INFO     | session_runner | [cycle 317] 12:17:24 ET | positions=0 | entries=0
2026-08-31T12:17:25 | INFO     | session_runner | [bridge:TSLA] rsi_trend ready: sufficient bars
2026-08-31T12:17:25 | INFO     | session_runner | Stale signal: TSLA/orb age=142 min > max 10 min — skipped
2026-08-31T12:17:25 | INFO     | session_runner | [bridge:GOOGL] rsi_trend ready: sufficient bars
2026-08-31T12:17:25 | INFO     | session_runner | Stale signal: GOOGL/vwap_reclaim age=157 min > max 10 min — skipped
2026-08-31T12:17:25 | INFO     | session_runner | [bridge:AAPL] rsi_trend ready: sufficient bars
2026-08-31T12:17:25 | INFO     | session_runner | [bridge:MSTR] rsi_trend ready: sufficient bars
2026-08-31T12:17:25 | INFO     | session_runner | [bridge:LYFT] rsi_trend ready: sufficient bars
2026-08-31T12:17:25 | INFO     | session_runner | [bridge:IWM] rsi_trend ready: sufficient bars
2026-08-31T12:17:25 | INFO     | session_runner | Stale signal: IWM/orb age=147 min > max 10 min — skipped
2026-08-31T12:17:55 | INFO     | session_runner | [cycle 318] 12:17:55 ET | positions=0 | entries=0
2026-08-31T12:17:56 | INFO     | session_runner | [bridge:TSLA] rsi_trend ready: sufficient bars
2026-08-31T12:17:56 | INFO     | session_runner | Stale signal: TSLA/orb age=143 min > max 10 min — skipped
2026-08-31T12:17:56 | INFO     | session_runner | [bridge:GOOGL] rsi_trend ready: sufficient bars
2026-08-31T12:17:56 | INFO     | session_runner | Stale signal: GOOGL/vwap_reclaim age=158 min > max 10 min — skipped
2026-08-31T12:17:56 | INFO     | session_runner | [bridge:AAPL] rsi_trend ready: sufficient bars
2026-08-31T12:17:57 | INFO     | session_runner | [bridge:MSTR] rsi_trend ready: sufficient bars
2026-08-31T12:17:57 | INFO     | session_runner | [bridge:LYFT] rsi_trend ready: sufficient bars
2026-08-31T12:17:57 | INFO     | session_runner | [bridge:IWM] rsi_trend ready: sufficient bars
2026-08-31T12:17:57 | INFO     | session_runner | Stale signal: IWM/orb age=148 min > max 10 min — skipped
2026-08-31T12:18:27 | INFO     | session_runner | [cycle 319] 12:18:27 ET | positions=0 | entries=0
2026-08-31T12:18:27 | INFO     | session_runner | [bridge:TSLA] rsi_trend ready: sufficient bars
2026-08-31T12:18:27 | INFO     | session_runner | Stale signal: TSLA/orb age=143 min > max 10 min — skipped
2026-08-31T12:18:28 | INFO     | session_runner | [bridge:GOOGL] rsi_trend ready: sufficient bars
2026-08-31T12:18:28 | INFO     | session_runner | Stale signal: GOOGL/vwap_reclaim age=158 min > max 10 min — skipped
2026-08-31T12:18:28 | INFO     | session_runner | [bridge:AAPL] rsi_trend ready: sufficient bars
2026-08-31T12:18:28 | INFO     | session_runner | [bridge:MSTR] rsi_trend ready: sufficient bars
2026-08-31T12:18:28 | INFO     | session_runner | [bridge:LYFT] rsi_trend ready: sufficient bars
2026-08-31T12:18:28 | INFO     | session_runner | [bridge:IWM] rsi_trend ready: sufficient bars
2026-08-31T12:18:28 | INFO     | session_runner | Stale signal: IWM/orb age=148 min > max 10 min — skipped
2026-08-31T12:18:58 | INFO     | session_runner | [cycle 320] 12:18:58 ET | positions=0 | entries=0
2026-08-31T12:18:59 | INFO     | session_runner | [bridge:TSLA] rsi_trend ready: sufficient bars
2026-08-31T12:18:59 | INFO     | session_runner | Stale signal: TSLA/orb age=144 min > max 10 min — skipped
2026-08-31T12:18:59 | INFO     | session_runner | [bridge:GOOGL] rsi_trend ready: sufficient bars
2026-08-31T12:18:59 | INFO     | session_runner | Stale signal: GOOGL/vwap_reclaim age=159 min > max 10 min — skipped
2026-08-31T12:18:59 | INFO     | session_runner | [bridge:AAPL] rsi_trend ready: sufficient bars
2026-08-31T12:18:59 | INFO     | session_runner | [bridge:MSTR] rsi_trend ready: sufficient bars
2026-08-31T12:18:59 | INFO     | session_runner | [bridge:LYFT] rsi_trend ready: sufficient bars
2026-08-31T12:18:59 | INFO     | session_runner | [bridge:IWM] rsi_trend ready: sufficient bars
2026-08-31T12:18:59 | INFO     | session_runner | Stale signal: IWM/orb age=149 min > max 10 min — skipped
2026-08-31T12:19:29 | INFO     | session_runner | [cycle 321] 12:19:29 ET | positions=0 | entries=0
2026-08-31T12:19:30 | INFO     | session_runner | Periodic universe re-scan …
2026-08-31T12:19:30 | INFO     | app.scanning.universe_loader | UniverseLoader: loaded 5 groups (13 flat symbols) from config/ticker_universe.yaml (blacklist=0)
2026-08-31T12:19:30 | INFO     | app.scanning.universe_loader | UniverseLoader: 38 symbols from 4 group(s) (blacklist=0)
2026-08-31T12:19:30 | INFO     | session_runner | Universe scan: 38 symbols from 4 group(s) | max_active=6
2026-08-31T12:19:30 | WARNING  | app.scanning.yfinance_scanner | AlpacaScanner: no daily data for 1/38 symbols: ['SQ']
2026-08-31T12:19:32 | WARNING  | app.scanning.yfinance_scanner | YFinanceScanner: failed for SQ: No daily data returned for SQ
2026-08-31T12:19:32 | INFO     | session_runner | Scan: 18 passed, 20 rejected
2026-08-31T12:19:32 | INFO     | session_runner |   TSLA    score=82.0  signal=LONG     reasons: rvol=2.12x (high), atr=3.61% (wide-range), orb_breakout
2026-08-31T12:19:32 | INFO     | session_runner |   NVDA    score=70.0  signal=LONG     reasons: atr=3.55% (wide-range), orb_breakout, trend_up
2026-08-31T12:19:32 | INFO     | session_runner |   META    score=70.0  signal=SHORT    reasons: atr=3.08% (wide-range), orb_breakdown, trend_down
2026-08-31T12:19:32 | INFO     | session_runner |   GOOGL   score=70.0  signal=SHORT    reasons: atr=2.18% (wide-range), orb_breakdown, trend_down
2026-08-31T12:19:32 | INFO     | session_runner |   AAPL    score=67.0  signal=SHORT    reasons: atr=2.13% (wide-range), orb_breakdown, trend_sideways
2026-08-31T12:19:33 | INFO     | app.strategies.liquidity_filter | LiquidityFilter: selected AAPL260902P00312500 | delta=-0.377 | spread_pct=0.046 | OI=550 | vol=4655
2026-08-31T12:19:33 | INFO     | app.scanning.alpaca_confirmer | AlpacaConfirmer: confirmed AAPL | AAPL260902P00312500 | exp=2026-09-02 | spread=4.59% | OI=550 | vol=4655
2026-08-31T12:19:33 | INFO     | app.strategies.liquidity_filter | LiquidityFilter: no qualifying contracts for GOOGL SignalDirection.SHORT | total_candidates=49
2026-08-31T12:19:33 | INFO     | app.scanning.alpaca_confirmer | AlpacaConfirmer: no liquid contract for GOOGL (signal=SHORT)
2026-08-31T12:19:33 | INFO     | app.strategies.liquidity_filter | LiquidityFilter: selected LYFT260904P00017000 | delta=-0.412 | spread_pct=0.080 | OI=333 | vol=690
2026-08-31T12:19:33 | INFO     | app.scanning.alpaca_confirmer | AlpacaConfirmer: confirmed LYFT | LYFT260904P00017000 | exp=2026-09-04 | spread=8.00% | OI=333 | vol=690
2026-08-31T12:19:33 | INFO     | app.strategies.liquidity_filter | LiquidityFilter: no qualifying contracts for XLE SignalDirection.SHORT | total_candidates=31
2026-08-31T12:19:33 | INFO     | app.scanning.alpaca_confirmer | AlpacaConfirmer: no liquid contract for XLE (signal=SHORT)
2026-08-31T12:19:33 | INFO     | app.strategies.liquidity_filter | LiquidityFilter: no qualifying contracts for NVDA SignalDirection.LONG | total_candidates=65
2026-08-31T12:19:33 | INFO     | app.scanning.alpaca_confirmer | AlpacaConfirmer: no liquid contract for NVDA (signal=LONG)
2026-08-31T12:19:33 | INFO     | app.strategies.liquidity_filter | LiquidityFilter: selected AMZN260902P00260000 | delta=-0.421 | spread_pct=0.052 | OI=162 | vol=5058
2026-08-31T12:19:33 | INFO     | app.scanning.alpaca_confirmer | AlpacaConfirmer: confirmed AMZN | AMZN260902P00260000 | exp=2026-09-02 | spread=5.16% | OI=162 | vol=5058
2026-08-31T12:19:33 | INFO     | app.strategies.liquidity_filter | LiquidityFilter: no qualifying contracts for META SignalDirection.SHORT | total_candidates=134
2026-08-31T12:19:33 | INFO     | app.scanning.alpaca_confirmer | AlpacaConfirmer: no liquid contract for META (signal=SHORT)
2026-08-31T12:19:33 | INFO     | app.strategies.liquidity_filter | LiquidityFilter: selected IWM260902P00292000 | delta=-0.367 | spread_pct=0.011 | OI=148 | vol=415
2026-08-31T12:19:33 | INFO     | app.scanning.alpaca_confirmer | AlpacaConfirmer: confirmed IWM | IWM260902P00292000 | exp=2026-09-02 | spread=1.13% | OI=148 | vol=415
2026-08-31T12:19:33 | INFO     | app.strategies.liquidity_filter | LiquidityFilter: no qualifying contracts for AMD SignalDirection.SHORT | total_candidates=141
2026-08-31T12:19:33 | INFO     | app.scanning.alpaca_confirmer | AlpacaConfirmer: no liquid contract for AMD (signal=SHORT)
2026-08-31T12:19:33 | INFO     | app.strategies.liquidity_filter | LiquidityFilter: selected MSTR260904C00134000 | delta=0.391 | spread_pct=0.017 | OI=324 | vol=533
2026-08-31T12:19:33 | INFO     | app.scanning.alpaca_confirmer | AlpacaConfirmer: confirmed MSTR | MSTR260904C00134000 | exp=2026-09-04 | spread=1.72% | OI=324 | vol=533
2026-08-31T12:19:33 | INFO     | app.strategies.liquidity_filter | LiquidityFilter: selected TSLA260902C00370000 | delta=0.406 | spread_pct=0.027 | OI=1572 | vol=22728
2026-08-31T12:19:33 | INFO     | app.scanning.alpaca_confirmer | AlpacaConfirmer: confirmed TSLA | TSLA260902C00370000 | exp=2026-09-02 | spread=2.73% | OI=1572 | vol=22728
2026-08-31T12:19:33 | INFO     | app.strategies.liquidity_filter | LiquidityFilter: selected QQQ260902P00712000 | delta=-0.402 | spread_pct=0.012 | OI=524 | vol=1575
2026-08-31T12:19:33 | INFO     | app.scanning.alpaca_confirmer | AlpacaConfirmer: confirmed QQQ | QQQ260902P00712000 | exp=2026-09-02 | spread=1.18% | OI=524 | vol=1575
2026-08-31T12:19:33 | INFO     | session_runner | AlpacaConfirmer: 6 confirmed symbols: ['TSLA', 'AAPL', 'MSTR', 'LYFT', 'IWM', 'AMZN']
2026-08-31T12:19:33 | INFO     | session_runner | Re-scan updated active symbols: ['TSLA', 'AAPL', 'MSTR', 'LYFT', 'IWM', 'AMZN']
2026-08-31T12:19:33 | INFO     | session_runner | Broad-market regime | SPY=short
2026-08-31T12:19:33 | INFO     | session_runner | [bridge:TSLA] rsi_trend ready: sufficient bars
2026-08-31T12:19:33 | INFO     | session_runner | Stale signal: TSLA/orb age=144 min > max 10 min — skipped
2026-08-31T12:19:33 | INFO     | session_runner | [bridge:AAPL] rsi_trend ready: sufficient bars
2026-08-31T12:19:33 | INFO     | session_runner | [bridge:MSTR] rsi_trend ready: sufficient bars
2026-08-31T12:19:34 | INFO     | session_runner | [bridge:LYFT] rsi_trend ready: sufficient bars
2026-08-31T12:19:34 | INFO     | session_runner | [bridge:IWM] rsi_trend ready: sufficient bars
2026-08-31T12:19:34 | INFO     | session_runner | Stale signal: IWM/orb age=149 min > max 10 min — skipped
2026-08-31T12:19:34 | INFO     | session_runner | [bridge:AMZN] rsi_trend ready: sufficient bars
2026-08-31T12:19:34 | INFO     | session_runner | Stale signal: AMZN/vwap_reclaim age=69 min > max 10 min — skipped
2026-08-31T12:19:34 | INFO     | session_runner | Stale signal: AMZN/vwap_reclaim age=39 min > max 10 min — skipped
2026-08-31T12:19:34 | INFO     | session_runner | Stale signal: AMZN/vwap_reclaim age=14 min > max 10 min — skipped
2026-08-31T12:20:04 | INFO     | session_runner | [cycle 322] 12:20:04 ET | positions=0 | entries=0
2026-08-31T12:20:05 | INFO     | session_runner | [bridge:TSLA] rsi_trend ready: sufficient bars
2026-08-31T12:20:05 | INFO     | session_runner | Stale signal: TSLA/orb age=145 min > max 10 min — skipped
2026-08-31T12:20:05 | INFO     | session_runner | [bridge:AAPL] rsi_trend ready: sufficient bars
2026-08-31T12:20:05 | INFO     | session_runner | [bridge:MSTR] rsi_trend ready: sufficient bars
2026-08-31T12:20:05 | INFO     | session_runner | [bridge:LYFT] rsi_trend ready: sufficient bars
2026-08-31T12:20:05 | INFO     | session_runner | [bridge:IWM] rsi_trend ready: sufficient bars
2026-08-31T12:20:05 | INFO     | session_runner | Stale signal: IWM/orb age=150 min > max 10 min — skipped
2026-08-31T12:20:06 | INFO     | session_runner | [bridge:AMZN] rsi_trend ready: sufficient bars
2026-08-31T12:20:06 | INFO     | session_runner | Stale signal: AMZN/vwap_reclaim age=70 min > max 10 min — skipped
2026-08-31T12:20:06 | INFO     | session_runner | Stale signal: AMZN/vwap_reclaim age=40 min > max 10 min — skipped
2026-08-31T12:20:06 | INFO     | session_runner | Stale signal: AMZN/vwap_reclaim age=15 min > max 10 min — skipped
2026-08-31T12:20:36 | INFO     | session_runner | [cycle 323] 12:20:36 ET | positions=0 | entries=0
2026-08-31T12:20:36 | INFO     | session_runner | [bridge:TSLA] rsi_trend ready: sufficient bars
2026-08-31T12:20:36 | INFO     | session_runner | Stale signal: TSLA/orb age=146 min > max 10 min — skipped
2026-08-31T12:20:36 | INFO     | session_runner | [bridge:AAPL] rsi_trend ready: sufficient bars
2026-08-31T12:20:37 | INFO     | session_runner | [bridge:MSTR] rsi_trend ready: sufficient bars
2026-08-31T12:20:37 | INFO     | session_runner | [bridge:LYFT] rsi_trend ready: sufficient bars
2026-08-31T12:20:37 | INFO     | session_runner | [bridge:IWM] rsi_trend ready: sufficient bars
2026-08-31T12:20:37 | INFO     | session_runner | Stale signal: IWM/orb age=151 min > max 10 min — skipped
2026-08-31T12:20:37 | INFO     | session_runner | [bridge:AMZN] rsi_trend ready: sufficient bars
2026-08-31T12:20:37 | INFO     | session_runner | Stale signal: AMZN/vwap_reclaim age=71 min > max 10 min — skipped
2026-08-31T12:20:37 | INFO     | session_runner | Stale signal: AMZN/vwap_reclaim age=41 min > max 10 min — skipped
2026-08-31T12:20:37 | INFO     | session_runner | Stale signal: AMZN/vwap_reclaim age=16 min > max 10 min — skipped
2026-08-31T12:21:07 | INFO     | session_runner | [cycle 324] 12:21:07 ET | positions=0 | entries=0
2026-08-31T12:21:08 | INFO     | session_runner | [bridge:TSLA] rsi_trend ready: sufficient bars
2026-08-31T12:21:08 | INFO     | session_runner | Stale signal: TSLA/orb age=146 min > max 10 min — skipped
2026-08-31T12:21:08 | INFO     | session_runner | [bridge:AAPL] rsi_trend ready: sufficient bars
2026-08-31T12:21:08 | INFO     | session_runner | [bridge:MSTR] rsi_trend ready: sufficient bars
2026-08-31T12:21:08 | INFO     | session_runner | [bridge:LYFT] rsi_trend ready: sufficient bars
2026-08-31T12:21:08 | INFO     | session_runner | [bridge:IWM] rsi_trend ready: sufficient bars
2026-08-31T12:21:08 | INFO     | session_runner | Stale signal: IWM/orb age=151 min > max 10 min — skipped
2026-08-31T12:21:08 | INFO     | session_runner | [bridge:AMZN] rsi_trend ready: sufficient bars
2026-08-31T12:21:08 | INFO     | session_runner | Stale signal: AMZN/vwap_reclaim age=71 min > max 10 min — skipped
2026-08-31T12:21:08 | INFO     | session_runner | Stale signal: AMZN/vwap_reclaim age=41 min > max 10 min — skipped
2026-08-31T12:21:08 | INFO     | session_runner | Stale signal: AMZN/vwap_reclaim age=16 min > max 10 min — skipped
2026-08-31T12:21:39 | INFO     | session_runner | [cycle 325] 12:21:39 ET | positions=0 | entries=0
2026-08-31T12:21:39 | INFO     | session_runner | [bridge:TSLA] rsi_trend ready: sufficient bars
2026-08-31T12:21:39 | INFO     | session_runner | Stale signal: TSLA/orb age=147 min > max 10 min — skipped
2026-08-31T12:21:39 | INFO     | session_runner | [bridge:AAPL] rsi_trend ready: sufficient bars
2026-08-31T12:21:39 | INFO     | session_runner | [bridge:MSTR] rsi_trend ready: sufficient bars
2026-08-31T12:21:39 | INFO     | session_runner | [bridge:LYFT] rsi_trend ready: sufficient bars
2026-08-31T12:21:40 | INFO     | session_runner | [bridge:IWM] rsi_trend ready: sufficient bars
2026-08-31T12:21:40 | INFO     | session_runner | Stale signal: IWM/orb age=152 min > max 10 min — skipped
2026-08-31T12:21:40 | INFO     | session_runner | [bridge:AMZN] rsi_trend ready: sufficient bars
2026-08-31T12:21:40 | INFO     | session_runner | Stale signal: AMZN/vwap_reclaim age=72 min > max 10 min — skipped
2026-08-31T12:21:40 | INFO     | session_runner | Stale signal: AMZN/vwap_reclaim age=42 min > max 10 min — skipped
2026-08-31T12:21:40 | INFO     | session_runner | Stale signal: AMZN/vwap_reclaim age=17 min > max 10 min — skipped
2026-08-31T12:22:10 | INFO     | session_runner | [cycle 326] 12:22:10 ET | positions=0 | entries=0
2026-08-31T12:22:10 | INFO     | session_runner | [bridge:TSLA] rsi_trend ready: sufficient bars
2026-08-31T12:22:10 | INFO     | session_runner | Stale signal: TSLA/orb age=147 min > max 10 min — skipped
2026-08-31T12:22:11 | INFO     | session_runner | [bridge:AAPL] rsi_trend ready: sufficient bars
2026-08-31T12:22:11 | INFO     | session_runner | [bridge:MSTR] rsi_trend ready: sufficient bars
2026-08-31T12:22:11 | INFO     | session_runner | [bridge:LYFT] rsi_trend ready: sufficient bars
2026-08-31T12:22:11 | INFO     | session_runner | [bridge:IWM] rsi_trend ready: sufficient bars
2026-08-31T12:22:11 | INFO     | session_runner | Stale signal: IWM/orb age=152 min > max 10 min — skipped
2026-08-31T12:22:11 | INFO     | session_runner | [bridge:AMZN] rsi_trend ready: sufficient bars
2026-08-31T12:22:11 | INFO     | session_runner | Stale signal: AMZN/vwap_reclaim age=72 min > max 10 min — skipped
2026-08-31T12:22:11 | INFO     | session_runner | Stale signal: AMZN/vwap_reclaim age=42 min > max 10 min — skipped
2026-08-31T12:22:11 | INFO     | session_runner | Stale signal: AMZN/vwap_reclaim age=17 min > max 10 min — skipped
2026-08-31T12:22:41 | INFO     | session_runner | [cycle 327] 12:22:41 ET | positions=0 | entries=0
2026-08-31T12:22:42 | INFO     | session_runner | [bridge:TSLA] rsi_trend ready: sufficient bars
2026-08-31T12:22:42 | INFO     | session_runner | Stale signal: TSLA/orb age=148 min > max 10 min — skipped
2026-08-31T12:22:42 | INFO     | session_runner | [bridge:AAPL] rsi_trend ready: sufficient bars
2026-08-31T12:22:42 | INFO     | session_runner | [bridge:MSTR] rsi_trend ready: sufficient bars
2026-08-31T12:22:42 | INFO     | session_runner | [bridge:LYFT] rsi_trend ready: sufficient bars
2026-08-31T12:22:42 | INFO     | session_runner | [bridge:IWM] rsi_trend ready: sufficient bars
2026-08-31T12:22:42 | INFO     | session_runner | Stale signal: IWM/orb age=153 min > max 10 min — skipped
2026-08-31T12:22:42 | INFO     | session_runner | [bridge:AMZN] rsi_trend ready: sufficient bars
2026-08-31T12:22:42 | INFO     | session_runner | Stale signal: AMZN/vwap_reclaim age=73 min > max 10 min — skipped
2026-08-31T12:22:42 | INFO     | session_runner | Stale signal: AMZN/vwap_reclaim age=43 min > max 10 min — skipped
2026-08-31T12:22:42 | INFO     | session_runner | Stale signal: AMZN/vwap_reclaim age=18 min > max 10 min — skipped
2026-08-31T12:23:12 | INFO     | session_runner | [cycle 328] 12:23:12 ET | positions=0 | entries=0
2026-08-31T12:23:13 | INFO     | app.trading.reconciler | Reconciliation done: broker_pos=0 local_pos=0 broker_orders=0 local_pending=0 repaired=0 flagged=0 orders_confirmed=True positions_confirmed=True
2026-08-31T12:23:13 | INFO     | session_runner | [bridge:TSLA] rsi_trend ready: sufficient bars
2026-08-31T12:23:13 | INFO     | session_runner | Stale signal: TSLA/orb age=148 min > max 10 min — skipped
2026-08-31T12:23:13 | INFO     | session_runner | [bridge:AAPL] rsi_trend ready: sufficient bars
2026-08-31T12:23:13 | INFO     | session_runner | [bridge:MSTR] rsi_trend ready: sufficient bars
2026-08-31T12:23:13 | INFO     | session_runner | [bridge:LYFT] rsi_trend ready: sufficient bars
2026-08-31T12:23:14 | INFO     | session_runner | [bridge:IWM] rsi_trend ready: sufficient bars
2026-08-31T12:23:14 | INFO     | session_runner | Stale signal: IWM/orb age=153 min > max 10 min — skipped
2026-08-31T12:23:14 | INFO     | session_runner | [bridge:AMZN] rsi_trend ready: sufficient bars
2026-08-31T12:23:14 | INFO     | session_runner | Stale signal: AMZN/vwap_reclaim age=73 min > max 10 min — skipped
2026-08-31T12:23:14 | INFO     | session_runner | Stale signal: AMZN/vwap_reclaim age=43 min > max 10 min — skipped
2026-08-31T12:23:14 | INFO     | session_runner | Stale signal: AMZN/vwap_reclaim age=18 min > max 10 min — skipped
2026-08-31T12:23:44 | INFO     | session_runner | [cycle 329] 12:23:44 ET | positions=0 | entries=0
2026-08-31T12:23:44 | INFO     | session_runner | [bridge:TSLA] rsi_trend ready: sufficient bars
2026-08-31T12:23:44 | INFO     | session_runner | Stale signal: TSLA/orb age=149 min > max 10 min — skipped
2026-08-31T12:23:45 | INFO     | session_runner | [bridge:AAPL] rsi_trend ready: sufficient bars
2026-08-31T12:23:45 | INFO     | session_runner | [bridge:MSTR] rsi_trend ready: sufficient bars
2026-08-31T12:23:45 | INFO     | session_runner | [bridge:LYFT] rsi_trend ready: sufficient bars
2026-08-31T12:23:45 | INFO     | session_runner | [bridge:IWM] rsi_trend ready: sufficient bars
2026-08-31T12:23:45 | INFO     | session_runner | Stale signal: IWM/orb age=154 min > max 10 min — skipped
2026-08-31T12:23:45 | INFO     | session_runner | [bridge:AMZN] rsi_trend ready: sufficient bars
2026-08-31T12:23:45 | INFO     | session_runner | Stale signal: AMZN/vwap_reclaim age=74 min > max 10 min — skipped
2026-08-31T12:23:45 | INFO     | session_runner | Stale signal: AMZN/vwap_reclaim age=44 min > max 10 min — skipped
2026-08-31T12:23:45 | INFO     | session_runner | Stale signal: AMZN/vwap_reclaim age=19 min > max 10 min — skipped
2026-08-31T12:24:15 | INFO     | session_runner | [cycle 330] 12:24:15 ET | positions=0 | entries=0
2026-08-31T12:24:16 | INFO     | session_runner | [bridge:TSLA] rsi_trend ready: sufficient bars
2026-08-31T12:24:16 | INFO     | session_runner | Stale signal: TSLA/orb age=149 min > max 10 min — skipped
2026-08-31T12:24:16 | INFO     | session_runner | [bridge:AAPL] rsi_trend ready: sufficient bars
2026-08-31T12:24:16 | INFO     | session_runner | [bridge:MSTR] rsi_trend ready: sufficient bars
2026-08-31T12:24:16 | INFO     | session_runner | [bridge:LYFT] rsi_trend ready: sufficient bars
2026-08-31T12:24:16 | INFO     | session_runner | [bridge:IWM] rsi_trend ready: sufficient bars
2026-08-31T12:24:16 | INFO     | session_runner | Stale signal: IWM/orb age=154 min > max 10 min — skipped
2026-08-31T12:24:16 | INFO     | session_runner | [bridge:AMZN] rsi_trend ready: sufficient bars
2026-08-31T12:24:16 | INFO     | session_runner | Stale signal: AMZN/vwap_reclaim age=74 min > max 10 min — skipped
2026-08-31T12:24:16 | INFO     | session_runner | Stale signal: AMZN/vwap_reclaim age=44 min > max 10 min — skipped
2026-08-31T12:24:16 | INFO     | session_runner | Stale signal: AMZN/vwap_reclaim age=19 min > max 10 min — skipped
2026-08-31T12:24:46 | INFO     | session_runner | [cycle 331] 12:24:46 ET | positions=0 | entries=0
2026-08-31T12:24:47 | INFO     | session_runner | Periodic universe re-scan …
2026-08-31T12:24:47 | INFO     | app.scanning.universe_loader | UniverseLoader: loaded 5 groups (13 flat symbols) from config/ticker_universe.yaml (blacklist=0)
2026-08-31T12:24:47 | INFO     | app.scanning.universe_loader | UniverseLoader: 38 symbols from 4 group(s) (blacklist=0)
2026-08-31T12:24:47 | INFO     | session_runner | Universe scan: 38 symbols from 4 group(s) | max_active=6
2026-08-31T12:24:47 | WARNING  | app.scanning.yfinance_scanner | AlpacaScanner: no daily data for 1/38 symbols: ['SQ']
2026-08-31T12:24:49 | WARNING  | app.scanning.yfinance_scanner | YFinanceScanner: failed for SQ: No daily data returned for SQ
2026-08-31T12:24:49 | INFO     | session_runner | Scan: 19 passed, 19 rejected
2026-08-31T12:24:49 | INFO     | session_runner |   TSLA    score=82.0  signal=LONG     reasons: rvol=2.08x (high), atr=3.62% (wide-range), orb_breakout
2026-08-31T12:24:49 | INFO     | session_runner |   NVDA    score=70.0  signal=LONG     reasons: atr=3.55% (wide-range), orb_breakout, trend_up
2026-08-31T12:24:49 | INFO     | session_runner |   META    score=70.0  signal=SHORT    reasons: atr=3.08% (wide-range), orb_breakdown, trend_down
2026-08-31T12:24:49 | INFO     | session_runner |   GOOGL   score=70.0  signal=SHORT    reasons: atr=2.18% (wide-range), orb_breakdown, trend_down
2026-08-31T12:24:49 | INFO     | session_runner |   AAPL    score=67.0  signal=SHORT    reasons: atr=2.13% (wide-range), orb_breakdown, trend_sideways
2026-08-31T12:24:49 | INFO     | app.strategies.liquidity_filter | LiquidityFilter: no qualifying contracts for GOOGL SignalDirection.SHORT | total_candidates=49
2026-08-31T12:24:49 | INFO     | app.scanning.alpaca_confirmer | AlpacaConfirmer: no liquid contract for GOOGL (signal=SHORT)
2026-08-31T12:24:49 | INFO     | app.strategies.liquidity_filter | LiquidityFilter: selected AAPL260902P00312500 | delta=-0.371 | spread_pct=0.047 | OI=550 | vol=4839
2026-08-31T12:24:49 | INFO     | app.scanning.alpaca_confirmer | AlpacaConfirmer: confirmed AAPL | AAPL260902P00312500 | exp=2026-09-02 | spread=4.68% | OI=550 | vol=4839
2026-08-31T12:24:50 | INFO     | app.strategies.liquidity_filter | LiquidityFilter: no qualifying contracts for XLE SignalDirection.SHORT | total_candidates=31
2026-08-31T12:24:50 | INFO     | app.scanning.alpaca_confirmer | AlpacaConfirmer: no liquid contract for XLE (signal=SHORT)
2026-08-31T12:24:50 | INFO     | app.strategies.liquidity_filter | LiquidityFilter: no qualifying contracts for LYFT SignalDirection.SHORT | total_candidates=35
2026-08-31T12:24:50 | INFO     | app.scanning.alpaca_confirmer | AlpacaConfirmer: no liquid contract for LYFT (signal=SHORT)
2026-08-31T12:24:50 | INFO     | app.strategies.liquidity_filter | LiquidityFilter: no qualifying contracts for NVDA SignalDirection.LONG | total_candidates=65
2026-08-31T12:24:50 | INFO     | app.scanning.alpaca_confirmer | AlpacaConfirmer: liquidity_rejected_cost_cap | symbol=NVDA | option_symbol=NVDA260902C00205000 | ask=15.04 | ask_x_100=1504 | max_contract_cost=985
2026-08-31T12:24:50 | INFO     | app.scanning.alpaca_confirmer | AlpacaConfirmer: no liquid contract for NVDA (signal=LONG)
2026-08-31T12:24:50 | INFO     | app.strategies.liquidity_filter | LiquidityFilter: no qualifying contracts for META SignalDirection.SHORT | total_candidates=134
2026-08-31T12:24:50 | INFO     | app.scanning.alpaca_confirmer | AlpacaConfirmer: no liquid contract for META (signal=SHORT)
2026-08-31T12:24:50 | INFO     | app.strategies.liquidity_filter | LiquidityFilter: no qualifying contracts for XLF SignalDirection.SHORT | total_candidates=48
2026-08-31T12:24:50 | INFO     | app.scanning.alpaca_confirmer | AlpacaConfirmer: no liquid contract for XLF (signal=SHORT)
2026-08-31T12:24:50 | INFO     | app.strategies.liquidity_filter | LiquidityFilter: selected UBER260904P00075000 | delta=-0.359 | spread_pct=0.026 | OI=1590 | vol=4553
2026-08-31T12:24:50 | INFO     | app.scanning.alpaca_confirmer | AlpacaConfirmer: confirmed UBER | UBER260904P00075000 | exp=2026-09-04 | spread=2.63% | OI=1590 | vol=4553
2026-08-31T12:24:50 | INFO     | app.strategies.liquidity_filter | LiquidityFilter: selected IWM260902P00292000 | delta=-0.376 | spread_pct=0.011 | OI=148 | vol=416
2026-08-31T12:24:50 | INFO     | app.scanning.alpaca_confirmer | AlpacaConfirmer: confirmed IWM | IWM260902P00292000 | exp=2026-09-02 | spread=1.13% | OI=148 | vol=416
2026-08-31T12:24:50 | INFO     | app.strategies.liquidity_filter | LiquidityFilter: selected MSTR260904C00134000 | delta=0.391 | spread_pct=0.027 | OI=324 | vol=533
2026-08-31T12:24:50 | INFO     | app.scanning.alpaca_confirmer | AlpacaConfirmer: confirmed MSTR | MSTR260904C00134000 | exp=2026-09-04 | spread=2.72% | OI=324 | vol=533
2026-08-31T12:24:50 | INFO     | app.strategies.liquidity_filter | LiquidityFilter: selected AMZN260902P00260000 | delta=-0.422 | spread_pct=0.023 | OI=162 | vol=5115
2026-08-31T12:24:50 | INFO     | app.scanning.alpaca_confirmer | AlpacaConfirmer: confirmed AMZN | AMZN260902P00260000 | exp=2026-09-02 | spread=2.27% | OI=162 | vol=5115
2026-08-31T12:24:50 | INFO     | app.strategies.liquidity_filter | LiquidityFilter: selected TSLA260902C00370000 | delta=0.392 | spread_pct=0.021 | OI=1572 | vol=23038
2026-08-31T12:24:50 | INFO     | app.scanning.alpaca_confirmer | AlpacaConfirmer: confirmed TSLA | TSLA260902C00370000 | exp=2026-09-02 | spread=2.12% | OI=1572 | vol=23038
2026-08-31T12:24:50 | INFO     | session_runner | AlpacaConfirmer: 6 confirmed symbols: ['TSLA', 'AAPL', 'MSTR', 'AMZN', 'IWM', 'UBER']
2026-08-31T12:24:50 | INFO     | session_runner | Re-scan updated active symbols: ['TSLA', 'AAPL', 'MSTR', 'AMZN', 'IWM', 'UBER']
2026-08-31T12:24:50 | INFO     | session_runner | Broad-market regime | SPY=short
2026-08-31T12:24:50 | INFO     | session_runner | [bridge:TSLA] rsi_trend ready: sufficient bars
2026-08-31T12:24:50 | INFO     | session_runner | Stale signal: TSLA/orb age=150 min > max 10 min — skipped
2026-08-31T12:24:50 | INFO     | session_runner | [bridge:AAPL] rsi_trend ready: sufficient bars
2026-08-31T12:24:50 | INFO     | session_runner | [bridge:MSTR] rsi_trend ready: sufficient bars
2026-08-31T12:24:50 | INFO     | session_runner | [bridge:AMZN] rsi_trend ready: sufficient bars
2026-08-31T12:24:50 | INFO     | session_runner | Stale signal: AMZN/vwap_reclaim age=75 min > max 10 min — skipped
2026-08-31T12:24:50 | INFO     | session_runner | Stale signal: AMZN/vwap_reclaim age=45 min > max 10 min — skipped
2026-08-31T12:24:50 | INFO     | session_runner | Stale signal: AMZN/vwap_reclaim age=20 min > max 10 min — skipped
2026-08-31T12:24:50 | INFO     | session_runner | [bridge:IWM] rsi_trend ready: sufficient bars
2026-08-31T12:24:50 | INFO     | session_runner | Stale signal: IWM/orb age=155 min > max 10 min — skipped
2026-08-31T12:24:51 | INFO     | session_runner | [bridge:UBER] rsi_trend ready: sufficient bars
2026-08-31T12:24:51 | INFO     | session_runner | Stale signal: UBER/orb age=155 min > max 10 min — skipped
2026-08-31T12:25:21 | INFO     | session_runner | [cycle 332] 12:25:21 ET | positions=0 | entries=0
2026-08-31T12:25:21 | INFO     | session_runner | [bridge:TSLA] rsi_trend ready: sufficient bars
2026-08-31T12:25:21 | INFO     | session_runner | Stale signal: TSLA/orb age=150 min > max 10 min — skipped
2026-08-31T12:25:21 | INFO     | session_runner | [bridge:AAPL] rsi_trend ready: sufficient bars
2026-08-31T12:25:21 | INFO     | session_runner | [bridge:MSTR] rsi_trend ready: sufficient bars
2026-08-31T12:25:22 | INFO     | session_runner | [bridge:AMZN] rsi_trend ready: sufficient bars
2026-08-31T12:25:22 | INFO     | session_runner | Stale signal: AMZN/vwap_reclaim age=75 min > max 10 min — skipped
2026-08-31T12:25:22 | INFO     | session_runner | Stale signal: AMZN/vwap_reclaim age=45 min > max 10 min — skipped
2026-08-31T12:25:22 | INFO     | session_runner | Stale signal: AMZN/vwap_reclaim age=20 min > max 10 min — skipped
2026-08-31T12:25:22 | INFO     | session_runner | [bridge:IWM] rsi_trend ready: sufficient bars
2026-08-31T12:25:22 | INFO     | session_runner | Stale signal: IWM/orb age=155 min > max 10 min — skipped
2026-08-31T12:25:22 | INFO     | session_runner | [bridge:UBER] rsi_trend ready: sufficient bars
2026-08-31T12:25:22 | INFO     | session_runner | Stale signal: UBER/orb age=155 min > max 10 min — skipped
2026-08-31T12:25:52 | INFO     | session_runner | [cycle 333] 12:25:52 ET | positions=0 | entries=0
2026-08-31T12:25:52 | INFO     | session_runner | [bridge:TSLA] rsi_trend ready: sufficient bars
2026-08-31T12:25:52 | INFO     | session_runner | Stale signal: TSLA/orb age=151 min > max 10 min — skipped
2026-08-31T12:25:52 | INFO     | session_runner | [bridge:AAPL] rsi_trend ready: sufficient bars
2026-08-31T12:25:53 | INFO     | session_runner | [bridge:MSTR] rsi_trend ready: sufficient bars
2026-08-31T12:25:53 | INFO     | session_runner | [bridge:AMZN] rsi_trend ready: sufficient bars
2026-08-31T12:25:53 | INFO     | session_runner | Stale signal: AMZN/vwap_reclaim age=76 min > max 10 min — skipped
2026-08-31T12:25:53 | INFO     | session_runner | Stale signal: AMZN/vwap_reclaim age=46 min > max 10 min — skipped
2026-08-31T12:25:53 | INFO     | session_runner | Stale signal: AMZN/vwap_reclaim age=21 min > max 10 min — skipped
2026-08-31T12:25:53 | INFO     | session_runner | [bridge:IWM] rsi_trend ready: sufficient bars
2026-08-31T12:25:53 | INFO     | session_runner | Stale signal: IWM/orb age=156 min > max 10 min — skipped
2026-08-31T12:25:53 | INFO     | session_runner | [bridge:UBER] rsi_trend ready: sufficient bars
2026-08-31T12:25:53 | INFO     | session_runner | Stale signal: UBER/orb age=156 min > max 10 min — skipped
2026-08-31T12:26:23 | INFO     | session_runner | [cycle 334] 12:26:23 ET | positions=0 | entries=0
2026-08-31T12:26:24 | INFO     | session_runner | [bridge:TSLA] rsi_trend ready: sufficient bars
2026-08-31T12:26:24 | INFO     | session_runner | Stale signal: TSLA/orb age=151 min > max 10 min — skipped
2026-08-31T12:26:24 | INFO     | session_runner | [bridge:AAPL] rsi_trend ready: sufficient bars
2026-08-31T12:26:24 | INFO     | session_runner | [bridge:MSTR] rsi_trend ready: sufficient bars
2026-08-31T12:26:24 | INFO     | session_runner | [bridge:AMZN] rsi_trend ready: sufficient bars
2026-08-31T12:26:24 | INFO     | session_runner | Stale signal: AMZN/vwap_reclaim age=76 min > max 10 min — skipped
2026-08-31T12:26:24 | INFO     | session_runner | Stale signal: AMZN/vwap_reclaim age=46 min > max 10 min — skipped
2026-08-31T12:26:24 | INFO     | session_runner | Stale signal: AMZN/vwap_reclaim age=21 min > max 10 min — skipped
2026-08-31T12:26:24 | INFO     | session_runner | [bridge:IWM] rsi_trend ready: sufficient bars
2026-08-31T12:26:24 | INFO     | session_runner | Stale signal: IWM/orb age=156 min > max 10 min — skipped
2026-08-31T12:26:25 | INFO     | session_runner | [bridge:UBER] rsi_trend ready: sufficient bars
2026-08-31T12:26:25 | INFO     | session_runner | Stale signal: UBER/orb age=156 min > max 10 min — skipped
2026-08-31T12:26:55 | INFO     | session_runner | [cycle 335] 12:26:55 ET | positions=0 | entries=0
2026-08-31T12:26:55 | INFO     | session_runner | [bridge:TSLA] rsi_trend ready: sufficient bars
2026-08-31T12:26:55 | INFO     | session_runner | Stale signal: TSLA/orb age=152 min > max 10 min — skipped
2026-08-31T12:26:55 | INFO     | session_runner | [bridge:AAPL] rsi_trend ready: sufficient bars
2026-08-31T12:26:55 | INFO     | session_runner | [bridge:MSTR] rsi_trend ready: sufficient bars
2026-08-31T12:26:56 | INFO     | session_runner | [bridge:AMZN] rsi_trend ready: sufficient bars
2026-08-31T12:26:56 | INFO     | session_runner | Stale signal: AMZN/vwap_reclaim age=77 min > max 10 min — skipped
2026-08-31T12:26:56 | INFO     | session_runner | Stale signal: AMZN/vwap_reclaim age=47 min > max 10 min — skipped
2026-08-31T12:26:56 | INFO     | session_runner | Stale signal: AMZN/vwap_reclaim age=22 min > max 10 min — skipped
2026-08-31T12:26:56 | INFO     | session_runner | [bridge:IWM] rsi_trend ready: sufficient bars
2026-08-31T12:26:56 | INFO     | session_runner | Stale signal: IWM/orb age=157 min > max 10 min — skipped
2026-08-31T12:26:56 | INFO     | session_runner | [bridge:UBER] rsi_trend ready: sufficient bars
2026-08-31T12:26:56 | INFO     | session_runner | Stale signal: UBER/orb age=157 min > max 10 min — skipped
2026-08-31T12:27:26 | INFO     | session_runner | [cycle 336] 12:27:26 ET | positions=0 | entries=0
2026-08-31T12:27:27 | INFO     | session_runner | [bridge:TSLA] rsi_trend ready: sufficient bars
2026-08-31T12:27:27 | INFO     | session_runner | Stale signal: TSLA/orb age=152 min > max 10 min — skipped
2026-08-31T12:27:27 | INFO     | session_runner | [bridge:AAPL] rsi_trend ready: sufficient bars
2026-08-31T12:27:27 | INFO     | session_runner | [bridge:MSTR] rsi_trend ready: sufficient bars
2026-08-31T12:27:27 | INFO     | session_runner | [bridge:AMZN] rsi_trend ready: sufficient bars
2026-08-31T12:27:27 | INFO     | session_runner | Stale signal: AMZN/vwap_reclaim age=77 min > max 10 min — skipped
2026-08-31T12:27:27 | INFO     | session_runner | Stale signal: AMZN/vwap_reclaim age=47 min > max 10 min — skipped
2026-08-31T12:27:27 | INFO     | session_runner | Stale signal: AMZN/vwap_reclaim age=22 min > max 10 min — skipped
2026-08-31T12:27:27 | INFO     | session_runner | [bridge:IWM] rsi_trend ready: sufficient bars
2026-08-31T12:27:27 | INFO     | session_runner | Stale signal: IWM/orb age=157 min > max 10 min — skipped
2026-08-31T12:27:27 | INFO     | session_runner | [bridge:UBER] rsi_trend ready: sufficient bars
2026-08-31T12:27:27 | INFO     | session_runner | Stale signal: UBER/orb age=157 min > max 10 min — skipped
2026-08-31T12:27:57 | INFO     | session_runner | [cycle 337] 12:27:57 ET | positions=0 | entries=0
2026-08-31T12:27:58 | INFO     | session_runner | [bridge:TSLA] rsi_trend ready: sufficient bars
2026-08-31T12:27:58 | INFO     | session_runner | Stale signal: TSLA/orb age=153 min > max 10 min — skipped
2026-08-31T12:27:58 | INFO     | session_runner | [bridge:AAPL] rsi_trend ready: sufficient bars
2026-08-31T12:27:58 | INFO     | session_runner | [bridge:MSTR] rsi_trend ready: sufficient bars
2026-08-31T12:27:59 | INFO     | session_runner | [bridge:AMZN] rsi_trend ready: sufficient bars
2026-08-31T12:27:59 | INFO     | session_runner | Stale signal: AMZN/vwap_reclaim age=78 min > max 10 min — skipped
2026-08-31T12:27:59 | INFO     | session_runner | Stale signal: AMZN/vwap_reclaim age=48 min > max 10 min — skipped
2026-08-31T12:27:59 | INFO     | session_runner | Stale signal: AMZN/vwap_reclaim age=23 min > max 10 min — skipped
2026-08-31T12:27:59 | INFO     | session_runner | [bridge:IWM] rsi_trend ready: sufficient bars
2026-08-31T12:27:59 | INFO     | session_runner | Stale signal: IWM/orb age=158 min > max 10 min — skipped
2026-08-31T12:27:59 | INFO     | session_runner | [bridge:UBER] rsi_trend ready: sufficient bars
2026-08-31T12:27:59 | INFO     | session_runner | Stale signal: UBER/orb age=158 min > max 10 min — skipped
2026-08-31T12:28:29 | INFO     | session_runner | [cycle 338] 12:28:29 ET | positions=0 | entries=0
2026-08-31T12:28:30 | INFO     | session_runner | [bridge:TSLA] rsi_trend ready: sufficient bars
2026-08-31T12:28:30 | INFO     | session_runner | Stale signal: TSLA/orb age=153 min > max 10 min — skipped
2026-08-31T12:28:30 | INFO     | session_runner | [bridge:AAPL] rsi_trend ready: sufficient bars
2026-08-31T12:28:30 | INFO     | session_runner | [bridge:MSTR] rsi_trend ready: sufficient bars
2026-08-31T12:28:30 | INFO     | session_runner | [bridge:AMZN] rsi_trend ready: sufficient bars
2026-08-31T12:28:30 | INFO     | session_runner | Stale signal: AMZN/vwap_reclaim age=78 min > max 10 min — skipped
2026-08-31T12:28:30 | INFO     | session_runner | Stale signal: AMZN/vwap_reclaim age=48 min > max 10 min — skipped
2026-08-31T12:28:30 | INFO     | session_runner | Stale signal: AMZN/vwap_reclaim age=23 min > max 10 min — skipped
2026-08-31T12:28:30 | INFO     | session_runner | [bridge:IWM] rsi_trend ready: sufficient bars
2026-08-31T12:28:30 | INFO     | session_runner | Stale signal: IWM/orb age=158 min > max 10 min — skipped
2026-08-31T12:28:30 | INFO     | session_runner | [bridge:UBER] rsi_trend ready: sufficient bars
2026-08-31T12:28:30 | INFO     | session_runner | Stale signal: UBER/orb age=158 min > max 10 min — skipped
2026-08-31T12:29:00 | INFO     | session_runner | [cycle 339] 12:29:00 ET | positions=0 | entries=0
2026-08-31T12:29:01 | INFO     | session_runner | [bridge:TSLA] rsi_trend ready: sufficient bars
2026-08-31T12:29:01 | INFO     | session_runner | Stale signal: TSLA/orb age=154 min > max 10 min — skipped
2026-08-31T12:29:01 | INFO     | session_runner | [bridge:AAPL] rsi_trend ready: sufficient bars
2026-08-31T12:29:01 | INFO     | session_runner | [bridge:MSTR] rsi_trend ready: sufficient bars
2026-08-31T12:29:02 | INFO     | session_runner | [bridge:AMZN] rsi_trend ready: sufficient bars
2026-08-31T12:29:02 | INFO     | session_runner | Stale signal: AMZN/vwap_reclaim age=79 min > max 10 min — skipped
2026-08-31T12:29:02 | INFO     | session_runner | Stale signal: AMZN/vwap_reclaim age=49 min > max 10 min — skipped
2026-08-31T12:29:02 | INFO     | session_runner | Stale signal: AMZN/vwap_reclaim age=24 min > max 10 min — skipped
2026-08-31T12:29:02 | INFO     | session_runner | [bridge:IWM] rsi_trend ready: sufficient bars
2026-08-31T12:29:02 | INFO     | session_runner | Stale signal: IWM/orb age=159 min > max 10 min — skipped
2026-08-31T12:29:02 | INFO     | session_runner | [bridge:UBER] rsi_trend ready: sufficient bars
2026-08-31T12:29:02 | INFO     | session_runner | Stale signal: UBER/orb age=159 min > max 10 min — skipped
2026-08-31T12:29:32 | INFO     | session_runner | [cycle 340] 12:29:32 ET | positions=0 | entries=0
2026-08-31T12:29:32 | INFO     | session_runner | [bridge:TSLA] rsi_trend ready: sufficient bars
2026-08-31T12:29:32 | INFO     | session_runner | Stale signal: TSLA/orb age=155 min > max 10 min — skipped
2026-08-31T12:29:33 | INFO     | session_runner | [bridge:AAPL] rsi_trend ready: sufficient bars
2026-08-31T12:29:33 | INFO     | session_runner | [bridge:MSTR] rsi_trend ready: sufficient bars
2026-08-31T12:29:33 | INFO     | session_runner | [bridge:AMZN] rsi_trend ready: sufficient bars
2026-08-31T12:29:33 | INFO     | session_runner | Stale signal: AMZN/vwap_reclaim age=80 min > max 10 min — skipped
2026-08-31T12:29:33 | INFO     | session_runner | Stale signal: AMZN/vwap_reclaim age=50 min > max 10 min — skipped
2026-08-31T12:29:33 | INFO     | session_runner | Stale signal: AMZN/vwap_reclaim age=25 min > max 10 min — skipped
2026-08-31T12:29:33 | INFO     | session_runner | [bridge:IWM] rsi_trend ready: sufficient bars
2026-08-31T12:29:33 | INFO     | session_runner | Stale signal: IWM/orb age=160 min > max 10 min — skipped
2026-08-31T12:29:33 | INFO     | session_runner | [bridge:UBER] rsi_trend ready: sufficient bars
2026-08-31T12:29:33 | INFO     | session_runner | Stale signal: UBER/orb age=160 min > max 10 min — skipped
2026-08-31T12:30:03 | INFO     | session_runner | [cycle 341] 12:30:03 ET | positions=0 | entries=0
2026-08-31T12:30:03 | WARNING  | session_runner | EOD time reached — cancelling pending orders and liquidating all positions
2026-08-31T12:30:03 | INFO     | session_runner | EOD complete — exiting session loop
2026-08-31T12:30:03 | INFO     | session_runner | Shutdown: 0 position(s) open, 0 order(s) pending
2026-08-31T12:30:03 | INFO     | session_runner | Health report: {"session_date": "2026-08-31", "generated_at": "2026-08-31T12:30:03.647124-04:00", "api_errors": 0, "reconciliation_warnings": [], "trades": {"total_closed": 0, "wins": 0, "losses": 0, "win_rate": 0.0, "still_open": 0, "rejected": 0, "cancelled": 0}, "realized_pnl": 0, "unrealized_pnl": 0, "avg_win": 0.0, "avg_loss": 0.0, "max_drawdown": 0.0, "orders": {"submitted": 0, "filled": 0, "partial_fills": 0, "cancelled": 0, "stale_cancels": 0, "rejected": 0, "status_breakdown": {}}, "by_strategy": {}}
2026-08-31T12:30:03 | INFO     | session_runner | Health report written to logs/session_2026-08-31.json
2026-08-31T12:30:04 | WARNING  | app.evaluation.orb_forward_performance | ORB forward perf: yfinance fetch for IWM failed — Too Many Requests. Rate limited. Try after a while.
2026-08-31T12:30:04 | WARNING  | app.evaluation.orb_forward_performance | ORB forward perf: yfinance fetch for UBER failed — Too Many Requests. Rate limited. Try after a while.
2026-08-31T12:30:04 | WARNING  | app.evaluation.orb_forward_performance | ORB forward perf: yfinance fetch for TSLA failed — Too Many Requests. Rate limited. Try after a while.
2026-08-31T12:30:04 | WARNING  | app.evaluation.orb_forward_performance | ORB forward perf: yfinance fetch for HOOD failed — Too Many Requests. Rate limited. Try after a while.
2026-08-31T12:30:04 | INFO     | app.evaluation.orb_forward_performance | ORB forward performance: updated 0/36 rows for 2026-08-31
2026-08-31T12:30:04 | INFO     | app.evaluation.post_session | Post-session: ORB forward performance: 0 rows updated
2026-08-31T12:30:04 | INFO     | app.evaluation.post_session | Post-session: evaluation report saved → evaluation/reports/2026-08-31.json
2026-08-31T12:30:04 | INFO     | app.evaluation.post_session | Post-session: using separate scaled-sizing ledger evaluation/ledger.paper_scaled_250_cap_10.guardrails_v3_shadow_validation.json
2026-08-31T12:30:04 | INFO     | app.evaluation.ledger | Evaluation ledger saved to evaluation/ledger.paper_scaled_250_cap_10.guardrails_v3_shadow_validation.json (2 session(s))
2026-08-31T12:30:04 | INFO     | app.evaluation.post_session | Post-session complete | date=2026-08-31 | cancelled=0 | report=evaluation/reports/2026-08-31.json | ledger=True
2026-08-31T12:30:04 | INFO     | session_runner | Post-session evaluation | report=evaluation/reports/2026-08-31.json | ledger_updated=True | errors=none
2026-08-31T12:30:04 | INFO     | session_runner | Session complete | cycles=341 | entry_orders_placed=0 | pnl=0.00

  Session complete — 341 cycles | 0 entry order(s) | P&L $0.00

2026-08-31T12:30:04 | INFO     | app.evaluation.shadow_book | ShadowBook: closed vwap_reclaim HOOD260904C00104000 @ 2.2500 → +19.00 (session_end, fill-validated)
2026-08-31T12:30:04 | INFO     | app.evaluation.shadow_book | ShadowBook: closed vwap_reclaim HOOD260904C00104000 @ 2.2500 → +19.00 (session_end, fill-validated)
2026-08-31T12:30:04 | INFO     | app.evaluation.shadow_book | ShadowBook: closed vwap_reclaim HOOD260904C00104000 @ 2.2500 → +19.00 (session_end, fill-validated)
2026-08-31T12:30:04 | INFO     | app.evaluation.shadow_book | ShadowBook: closed vwap_reclaim AMZN260902P00260000 @ 1.7000 → +14.00 (session_end, fill-validated)
2026-08-31T12:30:04 | INFO     | app.evaluation.shadow_book | ShadowBook: closed vwap_reclaim AMZN260902P00260000 @ 1.7000 → -7.00 (session_end, fill-validated)
2026-08-31T12:30:04 | INFO     | app.evaluation.shadow_book | ShadowBook: closed vwap_reclaim AMZN260902P00260000 @ 1.7000 → -7.00 (session_end, fill-validated)
2026-08-31T12:30:04 | INFO     | app.evaluation.shadow_book | ShadowBook: closed vwap_reclaim AMZN260902P00260000 @ 1.7000 → -7.00 (session_end, fill-validated)
2026-08-31T12:30:04 | INFO     | app.evaluation.shadow_book | ShadowBook: closed vwap_reclaim AMZN260902C00262500 @ 1.5500 → -13.00 (session_end, fill-validated)
2026-08-31T12:30:04 | INFO     | app.evaluation.shadow_book | ShadowBook: closed vwap_reclaim QQQ260902P00712000 @ 2.2000 → -41.00 (session_end, fill-validated)
2026-08-31T12:30:04 | INFO     | app.evaluation.shadow_book | ShadowBook: closed vwap_reclaim QQQ260902P00712000 @ 2.2000 → -41.00 (session_end, fill-validated)
2026-08-31T12:30:04 | INFO     | app.evaluation.shadow_book | ShadowBook: closed vwap_reclaim QQQ260902P00712000 @ 2.2000 → -41.00 (session_end, fill-validated)
2026-08-31T12:30:04 | INFO     | app.evaluation.shadow_book | ShadowBook: closed vwap_reclaim QQQ260902C00716000 @ 2.7300 → +25.00 (session_end, fill-validated)
2026-08-31T12:30:04 | INFO     | session_runner | ShadowBook: force-closed 12 shadow position(s) at session end
