2026-09-29T09:30:08 | INFO     | root | Logging configured | level=INFO | dir=logs | handlers=6 | session_redirected=True
2026-09-29T09:30:11 | INFO     | app.brokers.factory | Creating broker adapter | broker=alpaca | live=False
2026-09-29T09:30:11 | INFO     | app.brokers.alpaca_broker | AlpacaBroker initialised | paper=True | trade_url=https://paper-api.alpaca.markets | data_url=https://data.alpaca.markets
2026-09-29T09:30:11 | INFO     | app.utils.alerting | AlertService: No channels configured — alerts suppressed
2026-09-29T09:30:12 | INFO     | session_runner | RSITrendStrategy config | rsi_period=14 | rsi_oversold=35.0 | rsi_overbought=65.0 | trend_ema_period=50 | min_bars_required=55 | bar_interval=5m | mode=standard
2026-09-29T09:30:12 | INFO     | session_runner | Session runner starting | mode=PAPER | symbols=['SPY'] | universe=grouped | poll=30s
2026-09-29T09:30:12 | WARNING  | session_runner | Scaled cohort guardrails_v3_shadow_validation | broker entries blocked symbols=QQQ strategies=vwap_reclaim,orb | DTE=2-8 | delta_required=True | signal_age=10min | exit_variants=True

════════════════════════════════════════════════════════════
  Session Runner — 2026-09-29  [PAPER]
  Market: 09:30 – 16:00 ET
  EOD exit: 12:30 ET  |  Poll: every 30s
════════════════════════════════════════════════════════════

2026-09-29T09:30:12 | INFO     | app.evaluation.pre_session | pre_session [PASS] paper_mode_confirmed: Live trading disabled — paper mode confirmed
2026-09-29T09:30:12 | INFO     | app.evaluation.pre_session | pre_session [PASS] kill_switch_inactive: Kill switch inactive
2026-09-29T09:30:12 | INFO     | app.evaluation.pre_session | pre_session [PASS] market_day: Today is Tuesday 2026-09-29 — trading day
2026-09-29T09:30:12 | INFO     | app.evaluation.pre_session | pre_session [PASS] broker_reachable: Broker reachable — paper=True
2026-09-29T09:30:12 | INFO     | app.evaluation.pre_session | pre_session [PASS] db_writable: Database accessible and writable
2026-09-29T09:30:12 | INFO     | app.evaluation.pre_session | pre_session [PASS] logs_writable: Log directory writable: logs
2026-09-29T09:30:12 | INFO     | app.evaluation.pre_session | pre_session [PASS] daily_loss_reset: Daily PnL at zero — fresh session
2026-09-29T09:30:12 | INFO     | app.evaluation.pre_session | pre_session [PASS] no_stale_pending_orders: No stale pending orders from prior sessions
2026-09-29T09:30:12 | INFO     | app.evaluation.pre_session | pre_session [WARMING_UP] data_feed_fresh: First completed regular-session 5Min bar is expected at 09:35 ET; SPY equity quote age=0.0s; quote_valid_and_fresh=True; bar readiness unverified
Pre-session checklist:
  ✓  [required]  paper_mode_confirmed            Live trading disabled — paper mode confirmed
  ✓  [required]  kill_switch_inactive            Kill switch inactive
  ✓  [advisory]  market_day                      Today is Tuesday 2026-09-29 — trading day
  ✓  [required]  broker_reachable                Broker reachable — paper=True
  ✓  [required]  db_writable                     Database accessible and writable
  ✓  [required]  logs_writable                   Log directory writable: logs
  ✓  [required]  daily_loss_reset                Daily PnL at zero — fresh session
  ✓  [required]  no_stale_pending_orders         No stale pending orders from prior sessions
  ⚠  [advisory]  data_feed_fresh                 WARMING_UP: First completed regular-session 5Min bar is expected at 09:35 ET; SPY equity quote age=0.0s; quote_valid_and_fresh=True; bar readiness unverified

  Result: PASS
2026-09-29T09:30:12 | INFO     | session_runner | Pre-session checklist results:
Pre-session checklist:
  ✓  [required]  paper_mode_confirmed            Live trading disabled — paper mode confirmed
  ✓  [required]  kill_switch_inactive            Kill switch inactive
  ✓  [advisory]  market_day                      Today is Tuesday 2026-09-29 — trading day
  ✓  [required]  broker_reachable                Broker reachable — paper=True
  ✓  [required]  db_writable                     Database accessible and writable
  ✓  [required]  logs_writable                   Log directory writable: logs
  ✓  [required]  daily_loss_reset                Daily PnL at zero — fresh session
  ✓  [required]  no_stale_pending_orders         No stale pending orders from prior sessions
  ⚠  [advisory]  data_feed_fresh                 WARMING_UP: First completed regular-session 5Min bar is expected at 09:35 ET; SPY equity quote age=0.0s; quote_valid_and_fresh=True; bar readiness unverified

  Result: PASS
2026-09-29T09:30:12 | INFO     | session_runner | Pre-session checks PASSED — proceeding
2026-09-29T09:30:12 | INFO     | app.risk.risk_manager | RiskManager: new session 2026-09-29 | starting_equity=98461.40
2026-09-29T09:30:12 | INFO     | session_runner | Account: equity=98461.40 paper=True
2026-09-29T09:30:12 | INFO     | session_runner | Paper endpoint verified | hostname=paper-api.alpaca.markets key_prefix=PK
2026-09-29T09:30:12 | INFO     | app.trading.session_recovery | Recovery: _pending_entries set to 0 (broker-confirmed open orders; DB had 0 rows)
2026-09-29T09:30:12 | INFO     | app.risk.risk_manager | RiskManager: counters restored from DB | entries 0→0 | pending 0→0 | losses=0 | pnl 0.00
2026-09-29T09:30:12 | INFO     | app.trading.session_recovery | Recovery complete: 0 pending orders, 0 broker positions, 0 warnings, 0 errors
2026-09-29T09:30:12 | INFO     | session_runner | Session context: {"broker_entry_strategies": [], "diagnostic_only_strategies": ["rsi_trend"], "evaluation_cohort": "guardrails_v3_tradier_options_2026_09_08", "observation_review_targets": {"eligible_opportunities": 10, "scheduled_sessions": 5}, "options_data_adapter_hash": "567d1f77", "options_data_provider": "tradier", "replay_policy": {"close_buffer_minutes": 15, "contract_cap": 10, "cooldown_minutes": 15.0, "correlated_groups": "broad_index:SPY,QQQ,IWM,DIA", "daily_loss_dollars": 250.0, "entry_filters": {"blocked_symbols": "QQQ", "confirm_market_regime": true, "delta_max": 0.45, "delta_min": 0.35, "entry_marketable_offset_pct": 0.01, "entry_price_mode": "marketable_limit", "global_ranking": true, "max_dte": 8, "max_signal_age_minutes": 10, "max_spread_pct": 0.1, "min_dte": 2, "min_open_interest": 100, "min_quality": 3.0, "min_volume": 50, "preferred_dte": [0, 1, 2], "require_delta": true}, "entry_timeout_seconds": 120.0, "eod_exit_time": "12:30", "exit_variants_enabled": true, "guardrails": true, "market_close": "16:00", "market_open": "09:30", "max_active_positions": 1, "max_daily_loss_fraction": 0.02, "max_entries": 3, "max_hold_minutes": 120, "max_losing_trades": 2, "max_risk_per_trade": 0.01, "max_symbols": 3, "min_entry_minutes_before_eod": 30, "one_entry_per_symbol_per_day": true, "open_buffer_minutes": 15, "orb_reservation": true, "orb_reserve_until": "11:30", "partial_fraction": 0.5, "premium_budget": 250.0, "scaled_sizing": true, "schema_version": 1, "stop_loss_pct": 0.5, "take_profit_pct": 1.0, "trailing_activation_pct": 0.25, "trailing_stop_pct": 0.25, "variant_trigger_pct": 0.25}, "replay_policy_hash": "7ffc555cb32513d5", "runner_started_at": "2026-09-29T09:30:12.372187-04:00", "scheduled_start_at": "2026-09-29T09:30:00-04:00", "schema_version": 1, "session_labels": [], "shadow_model_version": "4", "shadow_only_strategies": ["orb", "vwap_reclaim"], "start_delay_seconds": 12.372, "starting_equity": 98461.4}
2026-09-29T09:30:12 | INFO     | session_runner | Running pre-session universe scan (mode=grouped) …
2026-09-29T09:30:12 | INFO     | app.scanning.universe_loader | UniverseLoader: loaded 5 groups (13 flat symbols) from config/ticker_universe.yaml (blacklist=0)
2026-09-29T09:30:12 | INFO     | app.scanning.universe_loader | UniverseLoader: 38 symbols from 4 group(s) (blacklist=0)
2026-09-29T09:30:12 | INFO     | session_runner | Universe scan: 38 symbols from 4 group(s) | max_active=6
2026-09-29T09:30:17 | WARNING  | app.scanning.yfinance_scanner | YFinanceScanner: SPY intraday data stale (age=2712s, threshold=1200s)
2026-09-29T09:30:17 | WARNING  | app.scanning.yfinance_scanner | YFinanceScanner: no intraday bars for DIA today — falling back to previous_close=514.07
2026-09-29T09:30:17 | WARNING  | app.scanning.yfinance_scanner | YFinanceScanner: DIA intraday data stale (age=no bars, threshold=1200s)
2026-09-29T09:30:17 | WARNING  | app.scanning.yfinance_scanner | YFinanceScanner: no intraday bars for XLK today — falling back to previous_close=194.52
2026-09-29T09:30:17 | WARNING  | app.scanning.yfinance_scanner | YFinanceScanner: XLK intraday data stale (age=no bars, threshold=1200s)
2026-09-29T09:30:17 | WARNING  | app.scanning.yfinance_scanner | YFinanceScanner: no intraday bars for IWM today — falling back to previous_close=280.04
2026-09-29T09:30:17 | WARNING  | app.scanning.yfinance_scanner | YFinanceScanner: IWM intraday data stale (age=no bars, threshold=1200s)
2026-09-29T09:30:17 | WARNING  | app.scanning.yfinance_scanner | YFinanceScanner: QQQ intraday data stale (age=3912s, threshold=1200s)
2026-09-29T09:30:17 | WARNING  | app.scanning.yfinance_scanner | YFinanceScanner: no intraday bars for XLF today — falling back to previous_close=54.20
2026-09-29T09:30:17 | WARNING  | app.scanning.yfinance_scanner | YFinanceScanner: XLF intraday data stale (age=no bars, threshold=1200s)
2026-09-29T09:30:17 | WARNING  | app.scanning.yfinance_scanner | YFinanceScanner: no intraday bars for XLE today — falling back to previous_close=62.12
2026-09-29T09:30:17 | WARNING  | app.scanning.yfinance_scanner | YFinanceScanner: XLE intraday data stale (age=no bars, threshold=1200s)
2026-09-29T09:30:17 | WARNING  | app.scanning.yfinance_scanner | YFinanceScanner: no intraday bars for XLY today — falling back to previous_close=108.99
2026-09-29T09:30:17 | WARNING  | app.scanning.yfinance_scanner | YFinanceScanner: XLY intraday data stale (age=no bars, threshold=1200s)
2026-09-29T09:30:17 | WARNING  | app.scanning.yfinance_scanner | YFinanceScanner: AAPL intraday data stale (age=1212s, threshold=1200s)
2026-09-29T09:30:17 | WARNING  | app.scanning.yfinance_scanner | YFinanceScanner: no intraday bars for SMH today — falling back to previous_close=600.33
2026-09-29T09:30:17 | WARNING  | app.scanning.yfinance_scanner | YFinanceScanner: SMH intraday data stale (age=no bars, threshold=1200s)
2026-09-29T09:30:17 | WARNING  | app.scanning.yfinance_scanner | YFinanceScanner: MSFT intraday data stale (age=1212s, threshold=1200s)
2026-09-29T09:30:17 | WARNING  | app.scanning.yfinance_scanner | YFinanceScanner: no intraday bars for NVDA today — falling back to previous_close=228.89
2026-09-29T09:30:17 | WARNING  | app.scanning.yfinance_scanner | YFinanceScanner: NVDA intraday data stale (age=no bars, threshold=1200s)
2026-09-29T09:30:17 | WARNING  | app.scanning.yfinance_scanner | YFinanceScanner: no intraday bars for AMZN today — falling back to previous_close=246.33
2026-09-29T09:30:17 | WARNING  | app.scanning.yfinance_scanner | YFinanceScanner: AMZN intraday data stale (age=no bars, threshold=1200s)
2026-09-29T09:30:17 | WARNING  | app.scanning.yfinance_scanner | YFinanceScanner: META intraday data stale (age=1212s, threshold=1200s)
2026-09-29T09:30:17 | WARNING  | app.scanning.yfinance_scanner | YFinanceScanner: GOOGL intraday data stale (age=2412s, threshold=1200s)
2026-09-29T09:30:18 | WARNING  | app.scanning.yfinance_scanner | YFinanceScanner: TSLA intraday data stale (age=1512s, threshold=1200s)
2026-09-29T09:30:18 | WARNING  | app.scanning.yfinance_scanner | YFinanceScanner: no intraday bars for AMD today — falling back to previous_close=607.88
2026-09-29T09:30:18 | WARNING  | app.scanning.yfinance_scanner | YFinanceScanner: AMD intraday data stale (age=no bars, threshold=1200s)
2026-09-29T09:30:18 | WARNING  | app.scanning.yfinance_scanner | YFinanceScanner: no intraday bars for ARM today — falling back to previous_close=283.35
2026-09-29T09:30:18 | WARNING  | app.scanning.yfinance_scanner | YFinanceScanner: ARM intraday data stale (age=no bars, threshold=1200s)
2026-09-29T09:30:18 | WARNING  | app.scanning.yfinance_scanner | YFinanceScanner: no intraday bars for SHOP today — falling back to previous_close=144.02
2026-09-29T09:30:18 | WARNING  | app.scanning.yfinance_scanner | YFinanceScanner: SHOP intraday data stale (age=no bars, threshold=1200s)
2026-09-29T09:30:18 | WARNING  | app.scanning.yfinance_scanner | YFinanceScanner: no intraday bars for PLTR today — falling back to previous_close=187.50
2026-09-29T09:30:18 | WARNING  | app.scanning.yfinance_scanner | YFinanceScanner: PLTR intraday data stale (age=no bars, threshold=1200s)
2026-09-29T09:30:18 | WARNING  | app.scanning.yfinance_scanner | YFinanceScanner: COIN intraday data stale (age=2412s, threshold=1200s)
2026-09-29T09:30:18 | WARNING  | app.scanning.yfinance_scanner | YFinanceScanner: MSTR intraday data stale (age=4212s, threshold=1200s)
2026-09-29T09:30:18 | WARNING  | app.scanning.yfinance_scanner | YFinanceScanner: no intraday bars for SNOW today — falling back to previous_close=327.93
2026-09-29T09:30:18 | WARNING  | app.scanning.yfinance_scanner | YFinanceScanner: SNOW intraday data stale (age=no bars, threshold=1200s)
2026-09-29T09:30:18 | WARNING  | app.scanning.yfinance_scanner | YFinanceScanner: no intraday bars for CRWD today — falling back to previous_close=259.19
2026-09-29T09:30:18 | WARNING  | app.scanning.yfinance_scanner | YFinanceScanner: CRWD intraday data stale (age=no bars, threshold=1200s)
2026-09-29T09:30:18 | WARNING  | app.scanning.yfinance_scanner | YFinanceScanner: no intraday bars for NET today — falling back to previous_close=354.21
2026-09-29T09:30:18 | WARNING  | app.scanning.yfinance_scanner | YFinanceScanner: NET intraday data stale (age=no bars, threshold=1200s)
2026-09-29T09:30:18 | WARNING  | app.scanning.yfinance_scanner | YFinanceScanner: no intraday bars for RIVN today — falling back to previous_close=14.79
2026-09-29T09:30:18 | WARNING  | app.scanning.yfinance_scanner | YFinanceScanner: RIVN intraday data stale (age=no bars, threshold=1200s)
2026-09-29T09:30:18 | WARNING  | app.scanning.yfinance_scanner | YFinanceScanner: no intraday bars for DDOG today — falling back to previous_close=268.73
2026-09-29T09:30:18 | WARNING  | app.scanning.yfinance_scanner | YFinanceScanner: DDOG intraday data stale (age=no bars, threshold=1200s)
2026-09-29T09:30:18 | WARNING  | app.scanning.yfinance_scanner | YFinanceScanner: no intraday bars for MARA today — falling back to previous_close=12.13
2026-09-29T09:30:18 | WARNING  | app.scanning.yfinance_scanner | YFinanceScanner: MARA intraday data stale (age=no bars, threshold=1200s)
2026-09-29T09:30:18 | WARNING  | app.scanning.yfinance_scanner | YFinanceScanner: no intraday bars for HOOD today — falling back to previous_close=116.45
2026-09-29T09:30:18 | WARNING  | app.scanning.yfinance_scanner | YFinanceScanner: HOOD intraday data stale (age=no bars, threshold=1200s)
2026-09-29T09:30:18 | WARNING  | app.scanning.yfinance_scanner | YFinanceScanner: no intraday bars for RIOT today — falling back to previous_close=21.64
2026-09-29T09:30:18 | WARNING  | app.scanning.yfinance_scanner | YFinanceScanner: RIOT intraday data stale (age=no bars, threshold=1200s)
2026-09-29T09:30:19 | WARNING  | app.scanning.yfinance_scanner | YFinanceScanner: no intraday bars for ROKU today — falling back to previous_close=152.67
2026-09-29T09:30:19 | WARNING  | app.scanning.yfinance_scanner | YFinanceScanner: ROKU intraday data stale (age=no bars, threshold=1200s)
2026-09-29T09:30:19 | WARNING  | app.scanning.yfinance_scanner | YFinanceScanner: no intraday bars for DKNG today — falling back to previous_close=21.15
2026-09-29T09:30:19 | WARNING  | app.scanning.yfinance_scanner | YFinanceScanner: DKNG intraday data stale (age=no bars, threshold=1200s)
2026-09-29T09:30:19 | WARNING  | app.scanning.yfinance_scanner | YFinanceScanner: UBER intraday data stale (age=3612s, threshold=1200s)
2026-09-29T09:30:19 | WARNING  | app.scanning.yfinance_scanner | YFinanceScanner: no intraday bars for XYZ today — falling back to previous_close=73.32
2026-09-29T09:30:19 | WARNING  | app.scanning.yfinance_scanner | YFinanceScanner: XYZ intraday data stale (age=no bars, threshold=1200s)
2026-09-29T09:30:19 | WARNING  | app.scanning.yfinance_scanner | YFinanceScanner: no intraday bars for AFRM today — falling back to previous_close=67.19
2026-09-29T09:30:19 | WARNING  | app.scanning.yfinance_scanner | YFinanceScanner: AFRM intraday data stale (age=no bars, threshold=1200s)
2026-09-29T09:30:19 | WARNING  | app.scanning.yfinance_scanner | YFinanceScanner: no intraday bars for LYFT today — falling back to previous_close=14.90
2026-09-29T09:30:19 | WARNING  | app.scanning.yfinance_scanner | YFinanceScanner: LYFT intraday data stale (age=no bars, threshold=1200s)
2026-09-29T09:30:19 | INFO     | session_runner | Scan: 0 passed, 38 rejected
2026-09-29T09:30:19 | INFO     | session_runner |   COIN    score=58.0  signal=LONG     REJECTED: scanner_data_stale, low_volume_chop, insufficient_underlying_volume
2026-09-29T09:30:19 | INFO     | session_runner |   XLK     score=48.0  signal=LONG     REJECTED: data_fetch_error, scanner_data_stale, low_volume_chop, insufficient_underlying_volume
2026-09-29T09:30:19 | INFO     | session_runner |   SMH     score=48.0  signal=LONG     REJECTED: data_fetch_error, scanner_data_stale, low_volume_chop, insufficient_underlying_volume
2026-09-29T09:30:19 | INFO     | session_runner |   AAPL    score=48.0  signal=LONG     REJECTED: scanner_data_stale, low_volume_chop
2026-09-29T09:30:19 | INFO     | session_runner |   MSFT    score=48.0  signal=LONG     REJECTED: scanner_data_stale, low_volume_chop
2026-09-29T09:30:19 | WARNING  | session_runner | STANDBY: all_38_candidates_rejected_fallback_disabled
2026-09-29T09:30:19 | WARNING  | session_runner | STANDBY: scanner rejected all candidates, fallback blocked — entries paused until a later scan recovers
2026-09-29T09:30:19 | INFO     | session_runner | [cycle 1] 09:30:19 ET | positions=0 | entries=0
2026-09-29T09:30:19 | INFO     | app.trading.reconciler | Reconciliation done: broker_pos=0 local_pos=0 broker_orders=0 local_pending=0 repaired=0 flagged=0 orders_confirmed=True positions_confirmed=True
2026-09-29T09:30:19 | INFO     | session_runner | Broad-market regime | SPY=short
2026-09-29T09:30:49 | INFO     | session_runner | [cycle 2] 09:30:49 ET | positions=0 | entries=0
2026-09-29T09:31:19 | INFO     | session_runner | [cycle 3] 09:31:19 ET | positions=0 | entries=0
2026-09-29T09:31:49 | INFO     | session_runner | [cycle 4] 09:31:49 ET | positions=0 | entries=0
2026-09-29T09:32:19 | INFO     | session_runner | [cycle 5] 09:32:19 ET | positions=0 | entries=0
2026-09-29T09:32:49 | INFO     | session_runner | [cycle 6] 09:32:49 ET | positions=0 | entries=0
2026-09-29T09:33:19 | INFO     | session_runner | [cycle 7] 09:33:19 ET | positions=0 | entries=0
2026-09-29T09:33:49 | INFO     | session_runner | [cycle 8] 09:33:49 ET | positions=0 | entries=0
2026-09-29T09:34:19 | INFO     | session_runner | [cycle 9] 09:34:19 ET | positions=0 | entries=0
2026-09-29T09:34:49 | INFO     | session_runner | [cycle 10] 09:34:49 ET | positions=0 | entries=0
2026-09-29T09:35:19 | INFO     | session_runner | [cycle 11] 09:35:19 ET | positions=0 | entries=0
2026-09-29T09:35:19 | INFO     | session_runner | Periodic universe re-scan …
2026-09-29T09:35:19 | INFO     | app.scanning.universe_loader | UniverseLoader: loaded 5 groups (13 flat symbols) from config/ticker_universe.yaml (blacklist=0)
2026-09-29T09:35:19 | INFO     | app.scanning.universe_loader | UniverseLoader: 38 symbols from 4 group(s) (blacklist=0)
2026-09-29T09:35:19 | INFO     | session_runner | Universe scan: 38 symbols from 4 group(s) | max_active=6
2026-09-29T09:35:25 | WARNING  | app.scanning.yfinance_scanner | YFinanceScanner: no intraday bars for ROKU today — falling back to previous_close=152.67
2026-09-29T09:35:25 | WARNING  | app.scanning.yfinance_scanner | YFinanceScanner: ROKU intraday data stale (age=no bars, threshold=1200s)
2026-09-29T09:35:26 | INFO     | session_runner | Scan: 20 passed, 18 rejected
2026-09-29T09:35:26 | INFO     | session_runner |   GOOGL   score=80.0  signal=LONG     reasons: rvol=2.19x (high), atr=2.14% (wide-range), near_orb_level
2026-09-29T09:35:26 | INFO     | session_runner |   TSLA    score=75.0  signal=SHORT    reasons: rvol=3.72x (high), atr=3.27% (wide-range), near_orb_level
2026-09-29T09:35:26 | INFO     | session_runner |   RIVN    score=68.0  signal=SHORT    reasons: rvol=1.54x (elevated), atr=3.93% (wide-range), near_orb_level
2026-09-29T09:35:26 | INFO     | session_runner |   AVGO    score=67.0  signal=SHORT    reasons: rvol=5.91x (high), atr=2.73% (wide-range), trend_sideways
2026-09-29T09:35:26 | INFO     | session_runner |   MSFT    score=65.0  signal=LONG     reasons: rvol=2.31x (high), atr=2.22% (wide-range), trend_up
2026-09-29T09:35:26 | WARNING  | app.scanning.alpaca_confirmer | AlpacaConfirmer: cannot fetch chain for RIVN 2026-10-02: Client error '401 Unauthorized' for url 'https://api.tradier.com/v1/markets/quotes?symbols=RIVN261002C00005000%2CRIVN261002C00009000%2CRIVN261002C00010000%2CRIVN261002C00010500%2CRIVN261002C00011000%2CRIVN261002C00011500%2CRIVN261002C00012000%2CRIVN261002C00012500%2CRIVN261002C00013000%2CRIVN261002C00013500%2CRIVN261002C00014000%2CRIVN261002C00014500%2CRIVN261002C00015000%2CRIVN261002C00015500%2CRIVN261002C00016000%2CRIVN261002C00016500%2CRIVN261002C00017000%2CRIVN261002C00017500%2CRIVN261002C00018000%2CRIVN261002C00018500%2CRIVN261002C00019000%2CRIVN261002C00019500%2CRIVN261002C00020000%2CRIVN261002C00020500%2CRIVN261002C00021000%2CRIVN261002C00021500%2CRIVN261002C00022000%2CRIVN261002C00023000%2CRIVN261002C00024000%2CRIVN261002C00025000%2CRIVN261002C00030000%2CRIVN261002P00005000%2CRIVN261002P00009000%2CRIVN261002P00010000%2CRIVN261002P00010500%2CRIVN261002P00011000%2CRIVN261002P00011500%2CRIVN261002P00012000%2CRIVN261002P00012500%2CRIVN261002P00013000%2CRIVN261002P00013500%2CRIVN261002P00014000%2CRIVN261002P00014500%2CRIVN261002P00015000%2CRIVN261002P00015500%2CRIVN261002P00016000%2CRIVN261002P00016500%2CRIVN261002P00017000%2CRIVN261002P00017500%2CRIVN261002P00018000&greeks=true'
For more information check: https://developer.mozilla.org/en-US/docs/Web/HTTP/Status/401
2026-09-29T09:35:26 | WARNING  | app.scanning.alpaca_confirmer | AlpacaConfirmer: cannot fetch chain for SOFI 2026-10-02: Client error '401 Unauthorized' for url 'https://api.tradier.com/v1/markets/quotes?symbols=SOFI261002C00005000%2CSOFI261002C00009000%2CSOFI261002C00010000%2CSOFI261002C00011000%2CSOFI261002C00011500%2CSOFI261002C00012000%2CSOFI261002C00012500%2CSOFI261002C00013000%2CSOFI261002C00013500%2CSOFI261002C00014000%2CSOFI261002C00014500%2CSOFI261002C00015000%2CSOFI261002C00015500%2CSOFI261002C00016000%2CSOFI261002C00016500%2CSOFI261002C00017000%2CSOFI261002C00017500%2CSOFI261002C00018000%2CSOFI261002C00018500%2CSOFI261002C00019000%2CSOFI261002C00019500%2CSOFI261002C00020000%2CSOFI261002C00020500%2CSOFI261002C00021000%2CSOFI261002C00021500%2CSOFI261002C00022000%2CSOFI261002C00022500%2CSOFI261002C00023000%2CSOFI261002C00023500%2CSOFI261002C00024000%2CSOFI261002C00025000%2CSOFI261002C00030000%2CSOFI261002P00005000%2CSOFI261002P00009000%2CSOFI261002P00010000%2CSOFI261002P00011000%2CSOFI261002P00011500%2CSOFI261002P00012000%2CSOFI261002P00012500%2CSOFI261002P00013000%2CSOFI261002P00013500%2CSOFI261002P00014000%2CSOFI261002P00014500%2CSOFI261002P00015000%2CSOFI261002P00015500%2CSOFI261002P00016000%2CSOFI261002P00016500%2CSOFI261002P00017000%2CSOFI261002P00017500%2CSOFI261002P00018000&greeks=true'
For more information check: https://developer.mozilla.org/en-US/docs/Web/HTTP/Status/401
2026-09-29T09:35:26 | WARNING  | app.scanning.alpaca_confirmer | AlpacaConfirmer: cannot fetch chain for TSLA 2026-10-02: Client error '401 Unauthorized' for url 'https://api.tradier.com/v1/markets/quotes?symbols=TSLA261002C00050000%2CTSLA261002C00060000%2CTSLA261002C00070000%2CTSLA261002C00080000%2CTSLA261002C00090000%2CTSLA261002C00100000%2CTSLA261002C00110000%2CTSLA261002C00120000%2CTSLA261002C00130000%2CTSLA261002C00140000%2CTSLA261002C00150000%2CTSLA261002C00160000%2CTSLA261002C00170000%2CTSLA261002C00180000%2CTSLA261002C00190000%2CTSLA261002C00200000%2CTSLA261002C00210000%2CTSLA261002C00220000%2CTSLA261002C00230000%2CTSLA261002C00235000%2CTSLA261002C00240000%2CTSLA261002C00245000%2CTSLA261002C00250000%2CTSLA261002C00255000%2CTSLA261002C00260000%2CTSLA261002C00265000%2CTSLA261002C00270000%2CTSLA261002C00275000%2CTSLA261002C00280000%2CTSLA261002C00285000%2CTSLA261002C00290000%2CTSLA261002C00292500%2CTSLA261002C00295000%2CTSLA261002C00297500%2CTSLA261002C00300000%2CTSLA261002C00302500%2CTSLA261002C00305000%2CTSLA261002C00307500%2CTSLA261002C00310000%2CTSLA261002C00312500%2CTSLA261002C00315000%2CTSLA261002C00317500%2CTSLA261002C00320000%2CTSLA261002C00322500%2CTSLA261002C00325000%2CTSLA261002C00327500%2CTSLA261002C00330000%2CTSLA261002C00332500%2CTSLA261002C00335000%2CTSLA261002C00337500&greeks=true'
For more information check: https://developer.mozilla.org/en-US/docs/Web/HTTP/Status/401
2026-09-29T09:35:26 | WARNING  | app.scanning.alpaca_confirmer | AlpacaConfirmer: cannot fetch chain for SHOP 2026-10-02: Client error '401 Unauthorized' for url 'https://api.tradier.com/v1/markets/quotes?symbols=SHOP261002C00080000%2CSHOP261002C00085000%2CSHOP261002C00090000%2CSHOP261002C00095000%2CSHOP261002C00100000%2CSHOP261002C00103000%2CSHOP261002C00104000%2CSHOP261002C00105000%2CSHOP261002C00106000%2CSHOP261002C00107000%2CSHOP261002C00108000%2CSHOP261002C00109000%2CSHOP261002C00110000%2CSHOP261002C00111000%2CSHOP261002C00112000%2CSHOP261002C00113000%2CSHOP261002C00114000%2CSHOP261002C00115000%2CSHOP261002C00116000%2CSHOP261002C00117000%2CSHOP261002C00118000%2CSHOP261002C00119000%2CSHOP261002C00120000%2CSHOP261002C00121000%2CSHOP261002C00122000%2CSHOP261002C00123000%2CSHOP261002C00124000%2CSHOP261002C00125000%2CSHOP261002C00126000%2CSHOP261002C00127000%2CSHOP261002C00128000%2CSHOP261002C00129000%2CSHOP261002C00130000%2CSHOP261002C00131000%2CSHOP261002C00132000%2CSHOP261002C00133000%2CSHOP261002C00134000%2CSHOP261002C00135000%2CSHOP261002C00136000%2CSHOP261002C00137000%2CSHOP261002C00138000%2CSHOP261002C00139000%2CSHOP261002C00140000%2CSHOP261002C00141000%2CSHOP261002C00142000%2CSHOP261002C00143000%2CSHOP261002C00144000%2CSHOP261002C00145000%2CSHOP261002C00146000%2CSHOP261002C00147000&greeks=true'
For more information check: https://developer.mozilla.org/en-US/docs/Web/HTTP/Status/401
2026-09-29T09:35:26 | WARNING  | app.scanning.alpaca_confirmer | AlpacaConfirmer: cannot fetch chain for AMZN 2026-10-02: Client error '401 Unauthorized' for url 'https://api.tradier.com/v1/markets/quotes?symbols=AMZN261002C00140000%2CAMZN261002C00145000%2CAMZN261002C00150000%2CAMZN261002C00155000%2CAMZN261002C00160000%2CAMZN261002C00165000%2CAMZN261002C00170000%2CAMZN261002C00175000%2CAMZN261002C00180000%2CAMZN261002C00185000%2CAMZN261002C00190000%2CAMZN261002C00195000%2CAMZN261002C00200000%2CAMZN261002C00205000%2CAMZN261002C00210000%2CAMZN261002C00215000%2CAMZN261002C00217500%2CAMZN261002C00220000%2CAMZN261002C00222500%2CAMZN261002C00225000%2CAMZN261002C00227500%2CAMZN261002C00230000%2CAMZN261002C00232500%2CAMZN261002C00235000%2CAMZN261002C00237500%2CAMZN261002C00240000%2CAMZN261002C00242500%2CAMZN261002C00245000%2CAMZN261002C00247500%2CAMZN261002C00250000%2CAMZN261002C00252500%2CAMZN261002C00255000%2CAMZN261002C00257500%2CAMZN261002C00260000%2CAMZN261002C00262500%2CAMZN261002C00265000%2CAMZN261002C00267500%2CAMZN261002C00270000%2CAMZN261002C00272500%2CAMZN261002C00275000%2CAMZN261002C00277500%2CAMZN261002C00280000%2CAMZN261002C00282500%2CAMZN261002C00285000%2CAMZN261002C00290000%2CAMZN261002C00295000%2CAMZN261002C00300000%2CAMZN261002C00305000%2CAMZN261002C00310000%2CAMZN261002C00315000&greeks=true'
For more information check: https://developer.mozilla.org/en-US/docs/Web/HTTP/Status/401
2026-09-29T09:35:26 | WARNING  | app.scanning.alpaca_confirmer | AlpacaConfirmer: cannot fetch chain for AVGO 2026-10-02: Client error '401 Unauthorized' for url 'https://api.tradier.com/v1/markets/quotes?symbols=AVGO261002C00210000%2CAVGO261002C00215000%2CAVGO261002C00220000%2CAVGO261002C00225000%2CAVGO261002C00230000%2CAVGO261002C00235000%2CAVGO261002C00240000%2CAVGO261002C00245000%2CAVGO261002C00250000%2CAVGO261002C00255000%2CAVGO261002C00260000%2CAVGO261002C00265000%2CAVGO261002C00270000%2CAVGO261002C00275000%2CAVGO261002C00280000%2CAVGO261002C00285000%2CAVGO261002C00290000%2CAVGO261002C00295000%2CAVGO261002C00297500%2CAVGO261002C00300000%2CAVGO261002C00302500%2CAVGO261002C00305000%2CAVGO261002C00307500%2CAVGO261002C00310000%2CAVGO261002C00312500%2CAVGO261002C00315000%2CAVGO261002C00317500%2CAVGO261002C00320000%2CAVGO261002C00322500%2CAVGO261002C00325000%2CAVGO261002C00327500%2CAVGO261002C00330000%2CAVGO261002C00332500%2CAVGO261002C00335000%2CAVGO261002C00337500%2CAVGO261002C00340000%2CAVGO261002C00342500%2CAVGO261002C00345000%2CAVGO261002C00347500%2CAVGO261002C00350000%2CAVGO261002C00352500%2CAVGO261002C00355000%2CAVGO261002C00357500%2CAVGO261002C00360000%2CAVGO261002C00362500%2CAVGO261002C00365000%2CAVGO261002C00367500%2CAVGO261002C00370000%2CAVGO261002C00372500%2CAVGO261002C00375000&greeks=true'
For more information check: https://developer.mozilla.org/en-US/docs/Web/HTTP/Status/401
2026-09-29T09:35:26 | WARNING  | app.scanning.alpaca_confirmer | AlpacaConfirmer: cannot fetch chain for MSFT 2026-10-02: Client error '401 Unauthorized' for url 'https://api.tradier.com/v1/markets/quotes?symbols=MSFT261002C00270000%2CMSFT261002C00280000%2CMSFT261002C00290000%2CMSFT261002C00300000%2CMSFT261002C00305000%2CMSFT261002C00310000%2CMSFT261002C00315000%2CMSFT261002C00320000%2CMSFT261002C00325000%2CMSFT261002C00330000%2CMSFT261002C00335000%2CMSFT261002C00340000%2CMSFT261002C00345000%2CMSFT261002C00350000%2CMSFT261002C00355000%2CMSFT261002C00360000%2CMSFT261002C00365000%2CMSFT261002C00370000%2CMSFT261002C00375000%2CMSFT261002C00380000%2CMSFT261002C00385000%2CMSFT261002C00390000%2CMSFT261002C00395000%2CMSFT261002C00400000%2CMSFT261002C00405000%2CMSFT261002C00410000%2CMSFT261002C00415000%2CMSFT261002C00420000%2CMSFT261002C00425000%2CMSFT261002C00430000%2CMSFT261002C00435000%2CMSFT261002C00437500%2CMSFT261002C00440000%2CMSFT261002C00442500%2CMSFT261002C00445000%2CMSFT261002C00447500%2CMSFT261002C00450000%2CMSFT261002C00452500%2CMSFT261002C00455000%2CMSFT261002C00457500%2CMSFT261002C00460000%2CMSFT261002C00462500%2CMSFT261002C00465000%2CMSFT261002C00467500%2CMSFT261002C00470000%2CMSFT261002C00472500%2CMSFT261002C00475000%2CMSFT261002C00477500%2CMSFT261002C00480000%2CMSFT261002C00482500&greeks=true'
For more information check: https://developer.mozilla.org/en-US/docs/Web/HTTP/Status/401
2026-09-29T09:35:26 | WARNING  | app.scanning.alpaca_confirmer | AlpacaConfirmer: cannot fetch chain for NVDA 2026-10-02: Client error '401 Unauthorized' for url 'https://api.tradier.com/v1/markets/quotes?symbols=NVDA261002C00050000%2CNVDA261002C00055000%2CNVDA261002C00060000%2CNVDA261002C00065000%2CNVDA261002C00070000%2CNVDA261002C00075000%2CNVDA261002C00080000%2CNVDA261002C00085000%2CNVDA261002C00090000%2CNVDA261002C00095000%2CNVDA261002C00100000%2CNVDA261002C00105000%2CNVDA261002C00110000%2CNVDA261002C00115000%2CNVDA261002C00120000%2CNVDA261002C00125000%2CNVDA261002C00130000%2CNVDA261002C00135000%2CNVDA261002C00140000%2CNVDA261002C00145000%2CNVDA261002C00150000%2CNVDA261002C00155000%2CNVDA261002C00160000%2CNVDA261002C00165000%2CNVDA261002C00170000%2CNVDA261002C00175000%2CNVDA261002C00180000%2CNVDA261002C00182500%2CNVDA261002C00185000%2CNVDA261002C00187500%2CNVDA261002C00190000%2CNVDA261002C00192500%2CNVDA261002C00195000%2CNVDA261002C00197500%2CNVDA261002C00200000%2CNVDA261002C00202500%2CNVDA261002C00205000%2CNVDA261002C00207500%2CNVDA261002C00210000%2CNVDA261002C00212500%2CNVDA261002C00215000%2CNVDA261002C00217500%2CNVDA261002C00220000%2CNVDA261002C00222500%2CNVDA261002C00225000%2CNVDA261002C00227500%2CNVDA261002C00230000%2CNVDA261002C00232500%2CNVDA261002C00235000%2CNVDA261002C00237500&greeks=true'
For more information check: https://developer.mozilla.org/en-US/docs/Web/HTTP/Status/401
2026-09-29T09:35:26 | WARNING  | app.scanning.alpaca_confirmer | AlpacaConfirmer: cannot fetch chain for XLF 2026-10-01: Client error '401 Unauthorized' for url 'https://api.tradier.com/v1/markets/quotes?symbols=XLF261001C00041000%2CXLF261001C00042000%2CXLF261001C00043000%2CXLF261001C00044000%2CXLF261001C00045000%2CXLF261001C00046000%2CXLF261001C00047000%2CXLF261001C00048000%2CXLF261001C00049000%2CXLF261001C00050000%2CXLF261001C00050500%2CXLF261001C00051000%2CXLF261001C00051500%2CXLF261001C00052000%2CXLF261001C00052500%2CXLF261001C00053000%2CXLF261001C00053500%2CXLF261001C00054000%2CXLF261001C00054500%2CXLF261001C00055000%2CXLF261001C00055500%2CXLF261001C00056000%2CXLF261001C00056500%2CXLF261001C00057000%2CXLF261001C00057500%2CXLF261001C00058000%2CXLF261001C00058500%2CXLF261001C00059000%2CXLF261001C00059500%2CXLF261001C00060000%2CXLF261001C00060500%2CXLF261001C00061000%2CXLF261001C00061500%2CXLF261001C00062000%2CXLF261001C00062500%2CXLF261001C00063000%2CXLF261001C00063500%2CXLF261001C00064000%2CXLF261001C00064500%2CXLF261001C00065000%2CXLF261001C00066000%2CXLF261001C00067000%2CXLF261001C00068000%2CXLF261001C00069000%2CXLF261001C00070000%2CXLF261001C00071000%2CXLF261001C00072000%2CXLF261001C00073000%2CXLF261001C00074000%2CXLF261001P00041000&greeks=true'
For more information check: https://developer.mozilla.org/en-US/docs/Web/HTTP/Status/401
2026-09-29T09:35:26 | WARNING  | app.scanning.alpaca_confirmer | AlpacaConfirmer: cannot fetch chain for META 2026-10-02: Client error '401 Unauthorized' for url 'https://api.tradier.com/v1/markets/quotes?symbols=META261002C00100000%2CMETA261002C00110000%2CMETA261002C00120000%2CMETA261002C00130000%2CMETA261002C00140000%2CMETA261002C00150000%2CMETA261002C00160000%2CMETA261002C00170000%2CMETA261002C00180000%2CMETA261002C00190000%2CMETA261002C00200000%2CMETA261002C00210000%2CMETA261002C00220000%2CMETA261002C00230000%2CMETA261002C00240000%2CMETA261002C00250000%2CMETA261002C00260000%2CMETA261002C00270000%2CMETA261002C00280000%2CMETA261002C00290000%2CMETA261002C00300000%2CMETA261002C00310000%2CMETA261002C00320000%2CMETA261002C00330000%2CMETA261002C00340000%2CMETA261002C00350000%2CMETA261002C00360000%2CMETA261002C00370000%2CMETA261002C00380000%2CMETA261002C00390000%2CMETA261002C00400000%2CMETA261002C00405000%2CMETA261002C00410000%2CMETA261002C00415000%2CMETA261002C00420000%2CMETA261002C00425000%2CMETA261002C00430000%2CMETA261002C00435000%2CMETA261002C00440000%2CMETA261002C00445000%2CMETA261002C00450000%2CMETA261002C00455000%2CMETA261002C00460000%2CMETA261002C00465000%2CMETA261002C00470000%2CMETA261002C00475000%2CMETA261002C00480000%2CMETA261002C00485000%2CMETA261002C00490000%2CMETA261002C00495000&greeks=true'
For more information check: https://developer.mozilla.org/en-US/docs/Web/HTTP/Status/401
2026-09-29T09:35:27 | WARNING  | app.scanning.alpaca_confirmer | AlpacaConfirmer: cannot fetch chain for GOOGL 2026-10-02: Client error '401 Unauthorized' for url 'https://api.tradier.com/v1/markets/quotes?symbols=GOOGL261002C00100000%2CGOOGL261002C00105000%2CGOOGL261002C00110000%2CGOOGL261002C00115000%2CGOOGL261002C00120000%2CGOOGL261002C00125000%2CGOOGL261002C00130000%2CGOOGL261002C00135000%2CGOOGL261002C00140000%2CGOOGL261002C00145000%2CGOOGL261002C00150000%2CGOOGL261002C00155000%2CGOOGL261002C00160000%2CGOOGL261002C00165000%2CGOOGL261002C00170000%2CGOOGL261002C00175000%2CGOOGL261002C00180000%2CGOOGL261002C00185000%2CGOOGL261002C00190000%2CGOOGL261002C00195000%2CGOOGL261002C00200000%2CGOOGL261002C00205000%2CGOOGL261002C00210000%2CGOOGL261002C00215000%2CGOOGL261002C00220000%2CGOOGL261002C00225000%2CGOOGL261002C00230000%2CGOOGL261002C00235000%2CGOOGL261002C00240000%2CGOOGL261002C00245000%2CGOOGL261002C00250000%2CGOOGL261002C00255000%2CGOOGL261002C00260000%2CGOOGL261002C00265000%2CGOOGL261002C00270000%2CGOOGL261002C00275000%2CGOOGL261002C00280000%2CGOOGL261002C00285000%2CGOOGL261002C00290000%2CGOOGL261002C00295000%2CGOOGL261002C00300000%2CGOOGL261002C00305000%2CGOOGL261002C00307500%2CGOOGL261002C00310000%2CGOOGL261002C00312500%2CGOOGL261002C00315000%2CGOOGL261002C00317500%2CGOOGL261002C00320000%2CGOOGL261002C00322500%2CGOOGL261002C00325000&greeks=true'
For more information check: https://developer.mozilla.org/en-US/docs/Web/HTTP/Status/401
2026-09-29T09:35:27 | INFO     | session_runner | AlpacaConfirmer: 0 confirmed symbols: []
2026-09-29T09:35:27 | INFO     | session_runner | STANDBY RECOVERED: scanner produced 20 passing candidate(s) and 0 confirmed symbol(s)
2026-09-29T09:35:27 | WARNING  | session_runner | Re-scan returned no confirmed symbols — falling back to ['SPY']
2026-09-29T09:35:27 | INFO     | session_runner | Broad-market regime | SPY=short
2026-09-29T09:35:27 | INFO     | session_runner | [bridge:SPY] rsi_trend ready: sufficient bars
2026-09-29T09:35:57 | INFO     | session_runner | [cycle 12] 09:35:57 ET | positions=0 | entries=0
2026-09-29T09:35:57 | INFO     | session_runner | [bridge:SPY] rsi_trend ready: sufficient bars
2026-09-29T09:36:27 | INFO     | session_runner | [cycle 13] 09:36:27 ET | positions=0 | entries=0
2026-09-29T09:36:27 | INFO     | session_runner | [bridge:SPY] rsi_trend ready: sufficient bars
2026-09-29T09:36:57 | INFO     | session_runner | [cycle 14] 09:36:57 ET | positions=0 | entries=0
2026-09-29T09:36:57 | INFO     | session_runner | [bridge:SPY] rsi_trend ready: sufficient bars
2026-09-29T09:37:27 | INFO     | session_runner | [cycle 15] 09:37:27 ET | positions=0 | entries=0
2026-09-29T09:37:28 | INFO     | session_runner | [bridge:SPY] rsi_trend ready: sufficient bars
2026-09-29T09:37:58 | INFO     | session_runner | [cycle 16] 09:37:58 ET | positions=0 | entries=0
2026-09-29T09:37:58 | INFO     | session_runner | [bridge:SPY] rsi_trend ready: sufficient bars
2026-09-29T09:38:28 | INFO     | session_runner | [cycle 17] 09:38:28 ET | positions=0 | entries=0
2026-09-29T09:38:28 | INFO     | session_runner | [bridge:SPY] rsi_trend ready: sufficient bars
2026-09-29T09:38:58 | INFO     | session_runner | [cycle 18] 09:38:58 ET | positions=0 | entries=0
2026-09-29T09:38:58 | INFO     | session_runner | [bridge:SPY] rsi_trend ready: sufficient bars
2026-09-29T09:39:28 | INFO     | session_runner | [cycle 19] 09:39:28 ET | positions=0 | entries=0
2026-09-29T09:39:29 | INFO     | session_runner | [bridge:SPY] rsi_trend ready: sufficient bars
2026-09-29T09:39:59 | INFO     | session_runner | [cycle 20] 09:39:59 ET | positions=0 | entries=0
2026-09-29T09:39:59 | INFO     | session_runner | [bridge:SPY] rsi_trend ready: sufficient bars
2026-09-29T09:40:29 | INFO     | session_runner | [cycle 21] 09:40:29 ET | positions=0 | entries=0
2026-09-29T09:40:29 | INFO     | app.trading.reconciler | Reconciliation done: broker_pos=0 local_pos=0 broker_orders=0 local_pending=0 repaired=0 flagged=0 orders_confirmed=True positions_confirmed=True
2026-09-29T09:40:29 | INFO     | session_runner | Periodic universe re-scan …
2026-09-29T09:40:29 | INFO     | app.scanning.universe_loader | UniverseLoader: loaded 5 groups (13 flat symbols) from config/ticker_universe.yaml (blacklist=0)
2026-09-29T09:40:29 | INFO     | app.scanning.universe_loader | UniverseLoader: 38 symbols from 4 group(s) (blacklist=0)
2026-09-29T09:40:29 | INFO     | session_runner | Universe scan: 38 symbols from 4 group(s) | max_active=6
2026-09-29T09:40:34 | INFO     | session_runner | Scan: 20 passed, 18 rejected
2026-09-29T09:40:34 | INFO     | session_runner |   GOOGL   score=78.0  signal=SHORT    reasons: rvol=1.83x (elevated), atr=2.16% (wide-range), near_orb_level
2026-09-29T09:40:34 | INFO     | session_runner |   XLE     score=70.0  signal=LONG     reasons: rvol=2.19x (high), atr=1.92% (wide-range), near_orb_level
2026-09-29T09:40:34 | INFO     | session_runner |   RIVN    score=68.0  signal=SHORT    reasons: rvol=1.55x (elevated), atr=3.94% (wide-range), near_orb_level
2026-09-29T09:40:34 | INFO     | session_runner |   AVGO    score=67.0  signal=LONG     reasons: rvol=4.09x (high), atr=2.72% (wide-range), trend_sideways
2026-09-29T09:40:34 | INFO     | session_runner |   META    score=65.0  signal=LONG     reasons: rvol=2.51x (high), atr=3.97% (wide-range), trend_up
2026-09-29T09:40:35 | WARNING  | app.scanning.alpaca_confirmer | AlpacaConfirmer: cannot fetch chain for AVGO 2026-10-02: Client error '401 Unauthorized' for url 'https://api.tradier.com/v1/markets/quotes?symbols=AVGO261002C00210000%2CAVGO261002C00215000%2CAVGO261002C00220000%2CAVGO261002C00225000%2CAVGO261002C00230000%2CAVGO261002C00235000%2CAVGO261002C00240000%2CAVGO261002C00245000%2CAVGO261002C00250000%2CAVGO261002C00255000%2CAVGO261002C00260000%2CAVGO261002C00265000%2CAVGO261002C00270000%2CAVGO261002C00275000%2CAVGO261002C00280000%2CAVGO261002C00285000%2CAVGO261002C00290000%2CAVGO261002C00295000%2CAVGO261002C00297500%2CAVGO261002C00300000%2CAVGO261002C00302500%2CAVGO261002C00305000%2CAVGO261002C00307500%2CAVGO261002C00310000%2CAVGO261002C00312500%2CAVGO261002C00315000%2CAVGO261002C00317500%2CAVGO261002C00320000%2CAVGO261002C00322500%2CAVGO261002C00325000%2CAVGO261002C00327500%2CAVGO261002C00330000%2CAVGO261002C00332500%2CAVGO261002C00335000%2CAVGO261002C00337500%2CAVGO261002C00340000%2CAVGO261002C00342500%2CAVGO261002C00345000%2CAVGO261002C00347500%2CAVGO261002C00350000%2CAVGO261002C00352500%2CAVGO261002C00355000%2CAVGO261002C00357500%2CAVGO261002C00360000%2CAVGO261002C00362500%2CAVGO261002C00365000%2CAVGO261002C00367500%2CAVGO261002C00370000%2CAVGO261002C00372500%2CAVGO261002C00375000&greeks=true'
For more information check: https://developer.mozilla.org/en-US/docs/Web/HTTP/Status/401
2026-09-29T09:40:35 | WARNING  | app.scanning.alpaca_confirmer | AlpacaConfirmer: cannot fetch chain for GOOGL 2026-10-02: Client error '401 Unauthorized' for url 'https://api.tradier.com/v1/markets/quotes?symbols=GOOGL261002C00100000%2CGOOGL261002C00105000%2CGOOGL261002C00110000%2CGOOGL261002C00115000%2CGOOGL261002C00120000%2CGOOGL261002C00125000%2CGOOGL261002C00130000%2CGOOGL261002C00135000%2CGOOGL261002C00140000%2CGOOGL261002C00145000%2CGOOGL261002C00150000%2CGOOGL261002C00155000%2CGOOGL261002C00160000%2CGOOGL261002C00165000%2CGOOGL261002C00170000%2CGOOGL261002C00175000%2CGOOGL261002C00180000%2CGOOGL261002C00185000%2CGOOGL261002C00190000%2CGOOGL261002C00195000%2CGOOGL261002C00200000%2CGOOGL261002C00205000%2CGOOGL261002C00210000%2CGOOGL261002C00215000%2CGOOGL261002C00220000%2CGOOGL261002C00225000%2CGOOGL261002C00230000%2CGOOGL261002C00235000%2CGOOGL261002C00240000%2CGOOGL261002C00245000%2CGOOGL261002C00250000%2CGOOGL261002C00255000%2CGOOGL261002C00260000%2CGOOGL261002C00265000%2CGOOGL261002C00270000%2CGOOGL261002C00275000%2CGOOGL261002C00280000%2CGOOGL261002C00285000%2CGOOGL261002C00290000%2CGOOGL261002C00295000%2CGOOGL261002C00300000%2CGOOGL261002C00305000%2CGOOGL261002C00307500%2CGOOGL261002C00310000%2CGOOGL261002C00312500%2CGOOGL261002C00315000%2CGOOGL261002C00317500%2CGOOGL261002C00320000%2CGOOGL261002C00322500%2CGOOGL261002C00325000&greeks=true'
For more information check: https://developer.mozilla.org/en-US/docs/Web/HTTP/Status/401
2026-09-29T09:40:35 | WARNING  | app.scanning.alpaca_confirmer | AlpacaConfirmer: cannot fetch chain for XLF 2026-10-01: Client error '401 Unauthorized' for url 'https://api.tradier.com/v1/markets/quotes?symbols=XLF261001C00041000%2CXLF261001C00042000%2CXLF261001C00043000%2CXLF261001C00044000%2CXLF261001C00045000%2CXLF261001C00046000%2CXLF261001C00047000%2CXLF261001C00048000%2CXLF261001C00049000%2CXLF261001C00050000%2CXLF261001C00050500%2CXLF261001C00051000%2CXLF261001C00051500%2CXLF261001C00052000%2CXLF261001C00052500%2CXLF261001C00053000%2CXLF261001C00053500%2CXLF261001C00054000%2CXLF261001C00054500%2CXLF261001C00055000%2CXLF261001C00055500%2CXLF261001C00056000%2CXLF261001C00056500%2CXLF261001C00057000%2CXLF261001C00057500%2CXLF261001C00058000%2CXLF261001C00058500%2CXLF261001C00059000%2CXLF261001C00059500%2CXLF261001C00060000%2CXLF261001C00060500%2CXLF261001C00061000%2CXLF261001C00061500%2CXLF261001C00062000%2CXLF261001C00062500%2CXLF261001C00063000%2CXLF261001C00063500%2CXLF261001C00064000%2CXLF261001C00064500%2CXLF261001C00065000%2CXLF261001C00066000%2CXLF261001C00067000%2CXLF261001C00068000%2CXLF261001C00069000%2CXLF261001C00070000%2CXLF261001C00071000%2CXLF261001C00072000%2CXLF261001C00073000%2CXLF261001C00074000%2CXLF261001P00041000&greeks=true'
For more information check: https://developer.mozilla.org/en-US/docs/Web/HTTP/Status/401
2026-09-29T09:40:35 | WARNING  | app.scanning.alpaca_confirmer | AlpacaConfirmer: cannot fetch chain for RIVN 2026-10-02: Client error '401 Unauthorized' for url 'https://api.tradier.com/v1/markets/quotes?symbols=RIVN261002C00005000%2CRIVN261002C00009000%2CRIVN261002C00010000%2CRIVN261002C00010500%2CRIVN261002C00011000%2CRIVN261002C00011500%2CRIVN261002C00012000%2CRIVN261002C00012500%2CRIVN261002C00013000%2CRIVN261002C00013500%2CRIVN261002C00014000%2CRIVN261002C00014500%2CRIVN261002C00015000%2CRIVN261002C00015500%2CRIVN261002C00016000%2CRIVN261002C00016500%2CRIVN261002C00017000%2CRIVN261002C00017500%2CRIVN261002C00018000%2CRIVN261002C00018500%2CRIVN261002C00019000%2CRIVN261002C00019500%2CRIVN261002C00020000%2CRIVN261002C00020500%2CRIVN261002C00021000%2CRIVN261002C00021500%2CRIVN261002C00022000%2CRIVN261002C00023000%2CRIVN261002C00024000%2CRIVN261002C00025000%2CRIVN261002C00030000%2CRIVN261002P00005000%2CRIVN261002P00009000%2CRIVN261002P00010000%2CRIVN261002P00010500%2CRIVN261002P00011000%2CRIVN261002P00011500%2CRIVN261002P00012000%2CRIVN261002P00012500%2CRIVN261002P00013000%2CRIVN261002P00013500%2CRIVN261002P00014000%2CRIVN261002P00014500%2CRIVN261002P00015000%2CRIVN261002P00015500%2CRIVN261002P00016000%2CRIVN261002P00016500%2CRIVN261002P00017000%2CRIVN261002P00017500%2CRIVN261002P00018000&greeks=true'
For more information check: https://developer.mozilla.org/en-US/docs/Web/HTTP/Status/401
2026-09-29T09:40:35 | WARNING  | app.scanning.alpaca_confirmer | AlpacaConfirmer: cannot fetch chain for META 2026-10-02: Client error '401 Unauthorized' for url 'https://api.tradier.com/v1/markets/quotes?symbols=META261002C00100000%2CMETA261002C00110000%2CMETA261002C00120000%2CMETA261002C00130000%2CMETA261002C00140000%2CMETA261002C00150000%2CMETA261002C00160000%2CMETA261002C00170000%2CMETA261002C00180000%2CMETA261002C00190000%2CMETA261002C00200000%2CMETA261002C00210000%2CMETA261002C00220000%2CMETA261002C00230000%2CMETA261002C00240000%2CMETA261002C00250000%2CMETA261002C00260000%2CMETA261002C00270000%2CMETA261002C00280000%2CMETA261002C00290000%2CMETA261002C00300000%2CMETA261002C00310000%2CMETA261002C00320000%2CMETA261002C00330000%2CMETA261002C00340000%2CMETA261002C00350000%2CMETA261002C00360000%2CMETA261002C00370000%2CMETA261002C00380000%2CMETA261002C00390000%2CMETA261002C00400000%2CMETA261002C00405000%2CMETA261002C00410000%2CMETA261002C00415000%2CMETA261002C00420000%2CMETA261002C00425000%2CMETA261002C00430000%2CMETA261002C00435000%2CMETA261002C00440000%2CMETA261002C00445000%2CMETA261002C00450000%2CMETA261002C00455000%2CMETA261002C00460000%2CMETA261002C00465000%2CMETA261002C00470000%2CMETA261002C00475000%2CMETA261002C00480000%2CMETA261002C00485000%2CMETA261002C00490000%2CMETA261002C00495000&greeks=true'
For more information check: https://developer.mozilla.org/en-US/docs/Web/HTTP/Status/401
2026-09-29T09:40:35 | WARNING  | app.scanning.alpaca_confirmer | AlpacaConfirmer: cannot fetch chain for TSLA 2026-10-02: Client error '401 Unauthorized' for url 'https://api.tradier.com/v1/markets/quotes?symbols=TSLA261002C00050000%2CTSLA261002C00060000%2CTSLA261002C00070000%2CTSLA261002C00080000%2CTSLA261002C00090000%2CTSLA261002C00100000%2CTSLA261002C00110000%2CTSLA261002C00120000%2CTSLA261002C00130000%2CTSLA261002C00140000%2CTSLA261002C00150000%2CTSLA261002C00160000%2CTSLA261002C00170000%2CTSLA261002C00180000%2CTSLA261002C00190000%2CTSLA261002C00200000%2CTSLA261002C00210000%2CTSLA261002C00220000%2CTSLA261002C00230000%2CTSLA261002C00235000%2CTSLA261002C00240000%2CTSLA261002C00245000%2CTSLA261002C00250000%2CTSLA261002C00255000%2CTSLA261002C00260000%2CTSLA261002C00265000%2CTSLA261002C00270000%2CTSLA261002C00275000%2CTSLA261002C00280000%2CTSLA261002C00285000%2CTSLA261002C00290000%2CTSLA261002C00292500%2CTSLA261002C00295000%2CTSLA261002C00297500%2CTSLA261002C00300000%2CTSLA261002C00302500%2CTSLA261002C00305000%2CTSLA261002C00307500%2CTSLA261002C00310000%2CTSLA261002C00312500%2CTSLA261002C00315000%2CTSLA261002C00317500%2CTSLA261002C00320000%2CTSLA261002C00322500%2CTSLA261002C00325000%2CTSLA261002C00327500%2CTSLA261002C00330000%2CTSLA261002C00332500%2CTSLA261002C00335000%2CTSLA261002C00337500&greeks=true'
For more information check: https://developer.mozilla.org/en-US/docs/Web/HTTP/Status/401
2026-09-29T09:40:35 | WARNING  | app.scanning.alpaca_confirmer | AlpacaConfirmer: cannot fetch chain for MARA 2026-10-02: Client error '401 Unauthorized' for url 'https://api.tradier.com/v1/markets/quotes?symbols=MARA261002C00004000%2CMARA261002C00005000%2CMARA261002C00005500%2CMARA261002C00006000%2CMARA261002C00006500%2CMARA261002C00007000%2CMARA261002C00007500%2CMARA261002C00008000%2CMARA261002C00008500%2CMARA261002C00009000%2CMARA261002C00009500%2CMARA261002C00010000%2CMARA261002C00010500%2CMARA261002C00011000%2CMARA261002C00011500%2CMARA261002C00012000%2CMARA261002C00012500%2CMARA261002C00013000%2CMARA261002C00013500%2CMARA261002C00014000%2CMARA261002C00014500%2CMARA261002C00015000%2CMARA261002C00015500%2CMARA261002C00016000%2CMARA261002C00016500%2CMARA261002C00017000%2CMARA261002C00017500%2CMARA261002C00018000%2CMARA261002C00018500%2CMARA261002C00019000%2CMARA261002C00020000%2CMARA261002C00021000%2CMARA261002C00022000%2CMARA261002C00023000%2CMARA261002C00024000%2CMARA261002P00004000%2CMARA261002P00005000%2CMARA261002P00005500%2CMARA261002P00006000%2CMARA261002P00006500%2CMARA261002P00007000%2CMARA261002P00007500%2CMARA261002P00008000%2CMARA261002P00008500%2CMARA261002P00009000%2CMARA261002P00009500%2CMARA261002P00010000%2CMARA261002P00010500%2CMARA261002P00011000%2CMARA261002P00011500&greeks=true'
For more information check: https://developer.mozilla.org/en-US/docs/Web/HTTP/Status/401
2026-09-29T09:40:35 | WARNING  | app.scanning.alpaca_confirmer | AlpacaConfirmer: cannot fetch chain for HOOD 2026-10-02: Client error '401 Unauthorized' for url 'https://api.tradier.com/v1/markets/quotes?symbols=HOOD261002C00025000%2CHOOD261002C00030000%2CHOOD261002C00035000%2CHOOD261002C00040000%2CHOOD261002C00045000%2CHOOD261002C00050000%2CHOOD261002C00055000%2CHOOD261002C00060000%2CHOOD261002C00065000%2CHOOD261002C00070000%2CHOOD261002C00075000%2CHOOD261002C00080000%2CHOOD261002C00082000%2CHOOD261002C00083000%2CHOOD261002C00084000%2CHOOD261002C00085000%2CHOOD261002C00086000%2CHOOD261002C00087000%2CHOOD261002C00088000%2CHOOD261002C00089000%2CHOOD261002C00090000%2CHOOD261002C00091000%2CHOOD261002C00092000%2CHOOD261002C00093000%2CHOOD261002C00094000%2CHOOD261002C00095000%2CHOOD261002C00096000%2CHOOD261002C00097000%2CHOOD261002C00098000%2CHOOD261002C00099000%2CHOOD261002C00100000%2CHOOD261002C00101000%2CHOOD261002C00102000%2CHOOD261002C00103000%2CHOOD261002C00104000%2CHOOD261002C00105000%2CHOOD261002C00106000%2CHOOD261002C00107000%2CHOOD261002C00108000%2CHOOD261002C00109000%2CHOOD261002C00110000%2CHOOD261002C00111000%2CHOOD261002C00112000%2CHOOD261002C00113000%2CHOOD261002C00114000%2CHOOD261002C00115000%2CHOOD261002C00116000%2CHOOD261002C00117000%2CHOOD261002C00118000%2CHOOD261002C00119000&greeks=true'
For more information check: https://developer.mozilla.org/en-US/docs/Web/HTTP/Status/401
2026-09-29T09:40:35 | WARNING  | app.scanning.alpaca_confirmer | AlpacaConfirmer: cannot fetch chain for XLE 2026-10-02: Client error '401 Unauthorized' for url 'https://api.tradier.com/v1/markets/quotes?symbols=XLE261002C00035000%2CXLE261002C00040000%2CXLE261002C00045000%2CXLE261002C00048000%2CXLE261002C00049000%2CXLE261002C00050000%2CXLE261002C00051000%2CXLE261002C00052000%2CXLE261002C00053000%2CXLE261002C00054000%2CXLE261002C00054500%2CXLE261002C00055000%2CXLE261002C00055500%2CXLE261002C00056000%2CXLE261002C00056500%2CXLE261002C00057000%2CXLE261002C00057500%2CXLE261002C00058000%2CXLE261002C00058500%2CXLE261002C00059000%2CXLE261002C00059500%2CXLE261002C00060000%2CXLE261002C00060500%2CXLE261002C00061000%2CXLE261002C00061500%2CXLE261002C00062000%2CXLE261002C00062500%2CXLE261002C00063000%2CXLE261002C00063500%2CXLE261002C00064000%2CXLE261002C00064500%2CXLE261002C00065000%2CXLE261002C00065500%2CXLE261002C00066000%2CXLE261002C00066500%2CXLE261002C00067000%2CXLE261002C00068000%2CXLE261002C00068500%2CXLE261002C00069000%2CXLE261002C00070000%2CXLE261002C00071000%2CXLE261002C00075000%2CXLE261002C00080000%2CXLE261002P00035000%2CXLE261002P00040000%2CXLE261002P00045000%2CXLE261002P00048000%2CXLE261002P00049000%2CXLE261002P00050000%2CXLE261002P00051000&greeks=true'
For more information check: https://developer.mozilla.org/en-US/docs/Web/HTTP/Status/401
2026-09-29T09:40:35 | WARNING  | app.scanning.alpaca_confirmer | AlpacaConfirmer: cannot fetch chain for SHOP 2026-10-02: Client error '401 Unauthorized' for url 'https://api.tradier.com/v1/markets/quotes?symbols=SHOP261002C00080000%2CSHOP261002C00085000%2CSHOP261002C00090000%2CSHOP261002C00095000%2CSHOP261002C00100000%2CSHOP261002C00103000%2CSHOP261002C00104000%2CSHOP261002C00105000%2CSHOP261002C00106000%2CSHOP261002C00107000%2CSHOP261002C00108000%2CSHOP261002C00109000%2CSHOP261002C00110000%2CSHOP261002C00111000%2CSHOP261002C00112000%2CSHOP261002C00113000%2CSHOP261002C00114000%2CSHOP261002C00115000%2CSHOP261002C00116000%2CSHOP261002C00117000%2CSHOP261002C00118000%2CSHOP261002C00119000%2CSHOP261002C00120000%2CSHOP261002C00121000%2CSHOP261002C00122000%2CSHOP261002C00123000%2CSHOP261002C00124000%2CSHOP261002C00125000%2CSHOP261002C00126000%2CSHOP261002C00127000%2CSHOP261002C00128000%2CSHOP261002C00129000%2CSHOP261002C00130000%2CSHOP261002C00131000%2CSHOP261002C00132000%2CSHOP261002C00133000%2CSHOP261002C00134000%2CSHOP261002C00135000%2CSHOP261002C00136000%2CSHOP261002C00137000%2CSHOP261002C00138000%2CSHOP261002C00139000%2CSHOP261002C00140000%2CSHOP261002C00141000%2CSHOP261002C00142000%2CSHOP261002C00143000%2CSHOP261002C00144000%2CSHOP261002C00145000%2CSHOP261002C00146000%2CSHOP261002C00147000&greeks=true'
For more information check: https://developer.mozilla.org/en-US/docs/Web/HTTP/Status/401
2026-09-29T09:40:35 | INFO     | session_runner | AlpacaConfirmer: 0 confirmed symbols: []
2026-09-29T09:40:35 | WARNING  | session_runner | Re-scan returned no confirmed symbols — falling back to ['SPY']
2026-09-29T09:40:35 | INFO     | session_runner | Broad-market regime | SPY=neutral
2026-09-29T09:40:35 | INFO     | session_runner | [bridge:SPY] rsi_trend ready: sufficient bars
2026-09-29T09:41:05 | INFO     | session_runner | [cycle 22] 09:41:05 ET | positions=0 | entries=0
2026-09-29T09:41:05 | INFO     | session_runner | [bridge:SPY] rsi_trend ready: sufficient bars
2026-09-29T09:41:35 | INFO     | session_runner | [cycle 23] 09:41:35 ET | positions=0 | entries=0
2026-09-29T09:41:36 | INFO     | session_runner | [bridge:SPY] rsi_trend ready: sufficient bars
2026-09-29T09:42:06 | INFO     | session_runner | [cycle 24] 09:42:06 ET | positions=0 | entries=0
2026-09-29T09:42:06 | INFO     | session_runner | [bridge:SPY] rsi_trend ready: sufficient bars
2026-09-29T09:42:36 | INFO     | session_runner | [cycle 25] 09:42:36 ET | positions=0 | entries=0
2026-09-29T09:42:36 | INFO     | session_runner | [bridge:SPY] rsi_trend ready: sufficient bars
2026-09-29T09:43:06 | INFO     | session_runner | [cycle 26] 09:43:06 ET | positions=0 | entries=0
2026-09-29T09:43:06 | INFO     | session_runner | [bridge:SPY] rsi_trend ready: sufficient bars
2026-09-29T09:43:36 | INFO     | session_runner | [cycle 27] 09:43:36 ET | positions=0 | entries=0
2026-09-29T09:43:36 | INFO     | session_runner | [bridge:SPY] rsi_trend ready: sufficient bars
2026-09-29T09:44:06 | INFO     | session_runner | [cycle 28] 09:44:06 ET | positions=0 | entries=0
2026-09-29T09:44:07 | INFO     | session_runner | [bridge:SPY] rsi_trend ready: sufficient bars
2026-09-29T09:44:37 | INFO     | session_runner | [cycle 29] 09:44:37 ET | positions=0 | entries=0
2026-09-29T09:44:37 | INFO     | session_runner | [bridge:SPY] rsi_trend ready: sufficient bars
2026-09-29T09:45:07 | INFO     | session_runner | [cycle 30] 09:45:07 ET | positions=0 | entries=0
2026-09-29T09:45:07 | INFO     | session_runner | [bridge:SPY] rsi_trend ready: sufficient bars
2026-09-29T09:45:37 | INFO     | session_runner | [cycle 31] 09:45:37 ET | positions=0 | entries=0
2026-09-29T09:45:37 | INFO     | session_runner | Periodic universe re-scan …
2026-09-29T09:45:37 | INFO     | app.scanning.universe_loader | UniverseLoader: loaded 5 groups (13 flat symbols) from config/ticker_universe.yaml (blacklist=0)
2026-09-29T09:45:37 | INFO     | app.scanning.universe_loader | UniverseLoader: 38 symbols from 4 group(s) (blacklist=0)
2026-09-29T09:45:37 | INFO     | session_runner | Universe scan: 38 symbols from 4 group(s) | max_active=6
2026-09-29T09:45:47 | INFO     | session_runner | Scan: 20 passed, 18 rejected
2026-09-29T09:45:47 | INFO     | session_runner |   XLE     score=70.0  signal=LONG     reasons: rvol=2.03x (high), atr=1.92% (wide-range), near_orb_level
2026-09-29T09:45:47 | INFO     | session_runner |   GOOGL   score=70.0  signal=SHORT    reasons: rvol=1.60x (elevated), atr=2.18% (wide-range), trend_down
2026-09-29T09:45:47 | INFO     | session_runner |   TSLA    score=70.0  signal=SHORT    reasons: rvol=2.33x (high), atr=3.31% (wide-range), near_orb_level
2026-09-29T09:45:47 | INFO     | session_runner |   AVGO    score=67.0  signal=SHORT    reasons: rvol=3.45x (high), atr=2.73% (wide-range), trend_sideways
2026-09-29T09:45:47 | INFO     | session_runner |   AMZN    score=63.0  signal=SHORT    reasons: rvol=1.17x (normal), atr=1.94% (wide-range), near_orb_level
2026-09-29T09:45:48 | WARNING  | app.scanning.alpaca_confirmer | AlpacaConfirmer: cannot fetch chain for AMZN 2026-10-02: Client error '401 Unauthorized' for url 'https://api.tradier.com/v1/markets/quotes?symbols=AMZN261002C00140000%2CAMZN261002C00145000%2CAMZN261002C00150000%2CAMZN261002C00155000%2CAMZN261002C00160000%2CAMZN261002C00165000%2CAMZN261002C00170000%2CAMZN261002C00175000%2CAMZN261002C00180000%2CAMZN261002C00185000%2CAMZN261002C00190000%2CAMZN261002C00195000%2CAMZN261002C00200000%2CAMZN261002C00205000%2CAMZN261002C00210000%2CAMZN261002C00215000%2CAMZN261002C00217500%2CAMZN261002C00220000%2CAMZN261002C00222500%2CAMZN261002C00225000%2CAMZN261002C00227500%2CAMZN261002C00230000%2CAMZN261002C00232500%2CAMZN261002C00235000%2CAMZN261002C00237500%2CAMZN261002C00240000%2CAMZN261002C00242500%2CAMZN261002C00245000%2CAMZN261002C00247500%2CAMZN261002C00250000%2CAMZN261002C00252500%2CAMZN261002C00255000%2CAMZN261002C00257500%2CAMZN261002C00260000%2CAMZN261002C00262500%2CAMZN261002C00265000%2CAMZN261002C00267500%2CAMZN261002C00270000%2CAMZN261002C00272500%2CAMZN261002C00275000%2CAMZN261002C00277500%2CAMZN261002C00280000%2CAMZN261002C00282500%2CAMZN261002C00285000%2CAMZN261002C00290000%2CAMZN261002C00295000%2CAMZN261002C00300000%2CAMZN261002C00305000%2CAMZN261002C00310000%2CAMZN261002C00315000&greeks=true'
For more information check: https://developer.mozilla.org/en-US/docs/Web/HTTP/Status/401
2026-09-29T09:45:48 | WARNING  | app.scanning.alpaca_confirmer | AlpacaConfirmer: cannot fetch chain for XLE 2026-10-02: Client error '401 Unauthorized' for url 'https://api.tradier.com/v1/markets/quotes?symbols=XLE261002C00035000%2CXLE261002C00040000%2CXLE261002C00045000%2CXLE261002C00048000%2CXLE261002C00049000%2CXLE261002C00050000%2CXLE261002C00051000%2CXLE261002C00052000%2CXLE261002C00053000%2CXLE261002C00054000%2CXLE261002C00054500%2CXLE261002C00055000%2CXLE261002C00055500%2CXLE261002C00056000%2CXLE261002C00056500%2CXLE261002C00057000%2CXLE261002C00057500%2CXLE261002C00058000%2CXLE261002C00058500%2CXLE261002C00059000%2CXLE261002C00059500%2CXLE261002C00060000%2CXLE261002C00060500%2CXLE261002C00061000%2CXLE261002C00061500%2CXLE261002C00062000%2CXLE261002C00062500%2CXLE261002C00063000%2CXLE261002C00063500%2CXLE261002C00064000%2CXLE261002C00064500%2CXLE261002C00065000%2CXLE261002C00065500%2CXLE261002C00066000%2CXLE261002C00066500%2CXLE261002C00067000%2CXLE261002C00068000%2CXLE261002C00068500%2CXLE261002C00069000%2CXLE261002C00070000%2CXLE261002C00071000%2CXLE261002C00075000%2CXLE261002C00080000%2CXLE261002P00035000%2CXLE261002P00040000%2CXLE261002P00045000%2CXLE261002P00048000%2CXLE261002P00049000%2CXLE261002P00050000%2CXLE261002P00051000&greeks=true'
For more information check: https://developer.mozilla.org/en-US/docs/Web/HTTP/Status/401
2026-09-29T09:45:48 | WARNING  | app.scanning.alpaca_confirmer | AlpacaConfirmer: cannot fetch chain for MARA 2026-10-02: Client error '401 Unauthorized' for url 'https://api.tradier.com/v1/markets/quotes?symbols=MARA261002C00004000%2CMARA261002C00005000%2CMARA261002C00005500%2CMARA261002C00006000%2CMARA261002C00006500%2CMARA261002C00007000%2CMARA261002C00007500%2CMARA261002C00008000%2CMARA261002C00008500%2CMARA261002C00009000%2CMARA261002C00009500%2CMARA261002C00010000%2CMARA261002C00010500%2CMARA261002C00011000%2CMARA261002C00011500%2CMARA261002C00012000%2CMARA261002C00012500%2CMARA261002C00013000%2CMARA261002C00013500%2CMARA261002C00014000%2CMARA261002C00014500%2CMARA261002C00015000%2CMARA261002C00015500%2CMARA261002C00016000%2CMARA261002C00016500%2CMARA261002C00017000%2CMARA261002C00017500%2CMARA261002C00018000%2CMARA261002C00018500%2CMARA261002C00019000%2CMARA261002C00020000%2CMARA261002C00021000%2CMARA261002C00022000%2CMARA261002C00023000%2CMARA261002C00024000%2CMARA261002P00004000%2CMARA261002P00005000%2CMARA261002P00005500%2CMARA261002P00006000%2CMARA261002P00006500%2CMARA261002P00007000%2CMARA261002P00007500%2CMARA261002P00008000%2CMARA261002P00008500%2CMARA261002P00009000%2CMARA261002P00009500%2CMARA261002P00010000%2CMARA261002P00010500%2CMARA261002P00011000%2CMARA261002P00011500&greeks=true'
For more information check: https://developer.mozilla.org/en-US/docs/Web/HTTP/Status/401
2026-09-29T09:45:48 | WARNING  | app.scanning.alpaca_confirmer | AlpacaConfirmer: cannot fetch chain for GOOGL 2026-10-02: Client error '401 Unauthorized' for url 'https://api.tradier.com/v1/markets/quotes?symbols=GOOGL261002C00100000%2CGOOGL261002C00105000%2CGOOGL261002C00110000%2CGOOGL261002C00115000%2CGOOGL261002C00120000%2CGOOGL261002C00125000%2CGOOGL261002C00130000%2CGOOGL261002C00135000%2CGOOGL261002C00140000%2CGOOGL261002C00145000%2CGOOGL261002C00150000%2CGOOGL261002C00155000%2CGOOGL261002C00160000%2CGOOGL261002C00165000%2CGOOGL261002C00170000%2CGOOGL261002C00175000%2CGOOGL261002C00180000%2CGOOGL261002C00185000%2CGOOGL261002C00190000%2CGOOGL261002C00195000%2CGOOGL261002C00200000%2CGOOGL261002C00205000%2CGOOGL261002C00210000%2CGOOGL261002C00215000%2CGOOGL261002C00220000%2CGOOGL261002C00225000%2CGOOGL261002C00230000%2CGOOGL261002C00235000%2CGOOGL261002C00240000%2CGOOGL261002C00245000%2CGOOGL261002C00250000%2CGOOGL261002C00255000%2CGOOGL261002C00260000%2CGOOGL261002C00265000%2CGOOGL261002C00270000%2CGOOGL261002C00275000%2CGOOGL261002C00280000%2CGOOGL261002C00285000%2CGOOGL261002C00290000%2CGOOGL261002C00295000%2CGOOGL261002C00300000%2CGOOGL261002C00305000%2CGOOGL261002C00307500%2CGOOGL261002C00310000%2CGOOGL261002C00312500%2CGOOGL261002C00315000%2CGOOGL261002C00317500%2CGOOGL261002C00320000%2CGOOGL261002C00322500%2CGOOGL261002C00325000&greeks=true'
For more information check: https://developer.mozilla.org/en-US/docs/Web/HTTP/Status/401
2026-09-29T09:45:48 | WARNING  | app.scanning.alpaca_confirmer | AlpacaConfirmer: cannot fetch chain for TSLA 2026-10-02: Client error '401 Unauthorized' for url 'https://api.tradier.com/v1/markets/quotes?symbols=TSLA261002C00050000%2CTSLA261002C00060000%2CTSLA261002C00070000%2CTSLA261002C00080000%2CTSLA261002C00090000%2CTSLA261002C00100000%2CTSLA261002C00110000%2CTSLA261002C00120000%2CTSLA261002C00130000%2CTSLA261002C00140000%2CTSLA261002C00150000%2CTSLA261002C00160000%2CTSLA261002C00170000%2CTSLA261002C00180000%2CTSLA261002C00190000%2CTSLA261002C00200000%2CTSLA261002C00210000%2CTSLA261002C00220000%2CTSLA261002C00230000%2CTSLA261002C00235000%2CTSLA261002C00240000%2CTSLA261002C00245000%2CTSLA261002C00250000%2CTSLA261002C00255000%2CTSLA261002C00260000%2CTSLA261002C00265000%2CTSLA261002C00270000%2CTSLA261002C00275000%2CTSLA261002C00280000%2CTSLA261002C00285000%2CTSLA261002C00290000%2CTSLA261002C00292500%2CTSLA261002C00295000%2CTSLA261002C00297500%2CTSLA261002C00300000%2CTSLA261002C00302500%2CTSLA261002C00305000%2CTSLA261002C00307500%2CTSLA261002C00310000%2CTSLA261002C00312500%2CTSLA261002C00315000%2CTSLA261002C00317500%2CTSLA261002C00320000%2CTSLA261002C00322500%2CTSLA261002C00325000%2CTSLA261002C00327500%2CTSLA261002C00330000%2CTSLA261002C00332500%2CTSLA261002C00335000%2CTSLA261002C00337500&greeks=true'
For more information check: https://developer.mozilla.org/en-US/docs/Web/HTTP/Status/401
2026-09-29T09:45:48 | WARNING  | app.scanning.alpaca_confirmer | AlpacaConfirmer: cannot fetch chain for AVGO 2026-10-02: Client error '401 Unauthorized' for url 'https://api.tradier.com/v1/markets/quotes?symbols=AVGO261002C00210000%2CAVGO261002C00215000%2CAVGO261002C00220000%2CAVGO261002C00225000%2CAVGO261002C00230000%2CAVGO261002C00235000%2CAVGO261002C00240000%2CAVGO261002C00245000%2CAVGO261002C00250000%2CAVGO261002C00255000%2CAVGO261002C00260000%2CAVGO261002C00265000%2CAVGO261002C00270000%2CAVGO261002C00275000%2CAVGO261002C00280000%2CAVGO261002C00285000%2CAVGO261002C00290000%2CAVGO261002C00295000%2CAVGO261002C00297500%2CAVGO261002C00300000%2CAVGO261002C00302500%2CAVGO261002C00305000%2CAVGO261002C00307500%2CAVGO261002C00310000%2CAVGO261002C00312500%2CAVGO261002C00315000%2CAVGO261002C00317500%2CAVGO261002C00320000%2CAVGO261002C00322500%2CAVGO261002C00325000%2CAVGO261002C00327500%2CAVGO261002C00330000%2CAVGO261002C00332500%2CAVGO261002C00335000%2CAVGO261002C00337500%2CAVGO261002C00340000%2CAVGO261002C00342500%2CAVGO261002C00345000%2CAVGO261002C00347500%2CAVGO261002C00350000%2CAVGO261002C00352500%2CAVGO261002C00355000%2CAVGO261002C00357500%2CAVGO261002C00360000%2CAVGO261002C00362500%2CAVGO261002C00365000%2CAVGO261002C00367500%2CAVGO261002C00370000%2CAVGO261002C00372500%2CAVGO261002C00375000&greeks=true'
For more information check: https://developer.mozilla.org/en-US/docs/Web/HTTP/Status/401
2026-09-29T09:45:48 | WARNING  | app.scanning.alpaca_confirmer | AlpacaConfirmer: cannot fetch chain for IWM 2026-10-01: Client error '401 Unauthorized' for url 'https://api.tradier.com/v1/markets/quotes?symbols=IWM261001C00180000%2CIWM261001C00190000%2CIWM261001C00200000%2CIWM261001C00205000%2CIWM261001C00210000%2CIWM261001C00215000%2CIWM261001C00220000%2CIWM261001C00225000%2CIWM261001C00230000%2CIWM261001C00235000%2CIWM261001C00240000%2CIWM261001C00245000%2CIWM261001C00250000%2CIWM261001C00255000%2CIWM261001C00260000%2CIWM261001C00261000%2CIWM261001C00262000%2CIWM261001C00263000%2CIWM261001C00264000%2CIWM261001C00265000%2CIWM261001C00266000%2CIWM261001C00267000%2CIWM261001C00268000%2CIWM261001C00269000%2CIWM261001C00270000%2CIWM261001C00271000%2CIWM261001C00272000%2CIWM261001C00273000%2CIWM261001C00274000%2CIWM261001C00275000%2CIWM261001C00276000%2CIWM261001C00277000%2CIWM261001C00278000%2CIWM261001C00279000%2CIWM261001C00280000%2CIWM261001C00281000%2CIWM261001C00282000%2CIWM261001C00283000%2CIWM261001C00284000%2CIWM261001C00285000%2CIWM261001C00286000%2CIWM261001C00287000%2CIWM261001C00288000%2CIWM261001C00289000%2CIWM261001C00290000%2CIWM261001C00291000%2CIWM261001C00292000%2CIWM261001C00293000%2CIWM261001C00294000%2CIWM261001C00295000&greeks=true'
For more information check: https://developer.mozilla.org/en-US/docs/Web/HTTP/Status/401
2026-09-29T09:45:48 | WARNING  | app.scanning.alpaca_confirmer | AlpacaConfirmer: cannot fetch chain for HOOD 2026-10-02: Client error '401 Unauthorized' for url 'https://api.tradier.com/v1/markets/quotes?symbols=HOOD261002C00025000%2CHOOD261002C00030000%2CHOOD261002C00035000%2CHOOD261002C00040000%2CHOOD261002C00045000%2CHOOD261002C00050000%2CHOOD261002C00055000%2CHOOD261002C00060000%2CHOOD261002C00065000%2CHOOD261002C00070000%2CHOOD261002C00075000%2CHOOD261002C00080000%2CHOOD261002C00082000%2CHOOD261002C00083000%2CHOOD261002C00084000%2CHOOD261002C00085000%2CHOOD261002C00086000%2CHOOD261002C00087000%2CHOOD261002C00088000%2CHOOD261002C00089000%2CHOOD261002C00090000%2CHOOD261002C00091000%2CHOOD261002C00092000%2CHOOD261002C00093000%2CHOOD261002C00094000%2CHOOD261002C00095000%2CHOOD261002C00096000%2CHOOD261002C00097000%2CHOOD261002C00098000%2CHOOD261002C00099000%2CHOOD261002C00100000%2CHOOD261002C00101000%2CHOOD261002C00102000%2CHOOD261002C00103000%2CHOOD261002C00104000%2CHOOD261002C00105000%2CHOOD261002C00106000%2CHOOD261002C00107000%2CHOOD261002C00108000%2CHOOD261002C00109000%2CHOOD261002C00110000%2CHOOD261002C00111000%2CHOOD261002C00112000%2CHOOD261002C00113000%2CHOOD261002C00114000%2CHOOD261002C00115000%2CHOOD261002C00116000%2CHOOD261002C00117000%2CHOOD261002C00118000%2CHOOD261002C00119000&greeks=true'
For more information check: https://developer.mozilla.org/en-US/docs/Web/HTTP/Status/401
2026-09-29T09:45:48 | WARNING  | app.scanning.alpaca_confirmer | AlpacaConfirmer: cannot fetch chain for RIVN 2026-10-02: Client error '401 Unauthorized' for url 'https://api.tradier.com/v1/markets/quotes?symbols=RIVN261002C00005000%2CRIVN261002C00009000%2CRIVN261002C00010000%2CRIVN261002C00010500%2CRIVN261002C00011000%2CRIVN261002C00011500%2CRIVN261002C00012000%2CRIVN261002C00012500%2CRIVN261002C00013000%2CRIVN261002C00013500%2CRIVN261002C00014000%2CRIVN261002C00014500%2CRIVN261002C00015000%2CRIVN261002C00015500%2CRIVN261002C00016000%2CRIVN261002C00016500%2CRIVN261002C00017000%2CRIVN261002C00017500%2CRIVN261002C00018000%2CRIVN261002C00018500%2CRIVN261002C00019000%2CRIVN261002C00019500%2CRIVN261002C00020000%2CRIVN261002C00020500%2CRIVN261002C00021000%2CRIVN261002C00021500%2CRIVN261002C00022000%2CRIVN261002C00023000%2CRIVN261002C00024000%2CRIVN261002C00025000%2CRIVN261002C00030000%2CRIVN261002P00005000%2CRIVN261002P00009000%2CRIVN261002P00010000%2CRIVN261002P00010500%2CRIVN261002P00011000%2CRIVN261002P00011500%2CRIVN261002P00012000%2CRIVN261002P00012500%2CRIVN261002P00013000%2CRIVN261002P00013500%2CRIVN261002P00014000%2CRIVN261002P00014500%2CRIVN261002P00015000%2CRIVN261002P00015500%2CRIVN261002P00016000%2CRIVN261002P00016500%2CRIVN261002P00017000%2CRIVN261002P00017500%2CRIVN261002P00018000&greeks=true'
For more information check: https://developer.mozilla.org/en-US/docs/Web/HTTP/Status/401
2026-09-29T09:45:48 | INFO     | session_runner | AlpacaConfirmer: 0 confirmed symbols: []
2026-09-29T09:45:48 | WARNING  | session_runner | Re-scan returned no confirmed symbols — falling back to ['SPY']
2026-09-29T09:45:48 | INFO     | session_runner | Broad-market regime | SPY=short
2026-09-29T09:45:48 | INFO     | session_runner | [bridge:SPY] rsi_trend ready: sufficient bars
2026-09-29T09:46:18 | INFO     | session_runner | [cycle 32] 09:46:18 ET | positions=0 | entries=0
2026-09-29T09:46:18 | INFO     | session_runner | [bridge:SPY] rsi_trend ready: sufficient bars
2026-09-29T09:46:48 | INFO     | session_runner | [cycle 33] 09:46:48 ET | positions=0 | entries=0
2026-09-29T09:46:48 | INFO     | session_runner | [bridge:SPY] rsi_trend ready: sufficient bars
2026-09-29T09:47:18 | INFO     | session_runner | [cycle 34] 09:47:18 ET | positions=0 | entries=0
2026-09-29T09:47:19 | INFO     | session_runner | [bridge:SPY] rsi_trend ready: sufficient bars
2026-09-29T09:47:49 | INFO     | session_runner | [cycle 35] 09:47:49 ET | positions=0 | entries=0
2026-09-29T09:47:49 | INFO     | session_runner | [bridge:SPY] rsi_trend ready: sufficient bars
2026-09-29T09:48:19 | INFO     | session_runner | [cycle 36] 09:48:19 ET | positions=0 | entries=0
2026-09-29T09:48:19 | INFO     | session_runner | [bridge:SPY] rsi_trend ready: sufficient bars
2026-09-29T09:48:49 | INFO     | session_runner | [cycle 37] 09:48:49 ET | positions=0 | entries=0
2026-09-29T09:48:49 | INFO     | session_runner | [bridge:SPY] rsi_trend ready: sufficient bars
2026-09-29T09:49:19 | INFO     | session_runner | [cycle 38] 09:49:19 ET | positions=0 | entries=0
2026-09-29T09:49:20 | INFO     | session_runner | [bridge:SPY] rsi_trend ready: sufficient bars
2026-09-29T09:49:50 | INFO     | session_runner | [cycle 39] 09:49:50 ET | positions=0 | entries=0
2026-09-29T09:49:50 | INFO     | session_runner | [bridge:SPY] rsi_trend ready: sufficient bars
2026-09-29T09:50:20 | INFO     | session_runner | [cycle 40] 09:50:20 ET | positions=0 | entries=0
2026-09-29T09:50:20 | INFO     | session_runner | [bridge:SPY] rsi_trend ready: sufficient bars
2026-09-29T09:50:50 | INFO     | session_runner | [cycle 41] 09:50:50 ET | positions=0 | entries=0
2026-09-29T09:50:50 | INFO     | app.trading.reconciler | Reconciliation done: broker_pos=0 local_pos=0 broker_orders=0 local_pending=0 repaired=0 flagged=0 orders_confirmed=True positions_confirmed=True
2026-09-29T09:50:50 | INFO     | session_runner | Periodic universe re-scan …
2026-09-29T09:50:50 | INFO     | app.scanning.universe_loader | UniverseLoader: loaded 5 groups (13 flat symbols) from config/ticker_universe.yaml (blacklist=0)
2026-09-29T09:50:50 | INFO     | app.scanning.universe_loader | UniverseLoader: 38 symbols from 4 group(s) (blacklist=0)
2026-09-29T09:50:50 | INFO     | session_runner | Universe scan: 38 symbols from 4 group(s) | max_active=6
2026-09-29T09:50:55 | INFO     | session_runner | Scan: 19 passed, 19 rejected
2026-09-29T09:50:55 | INFO     | session_runner |   XLE     score=82.0  signal=LONG     reasons: rvol=2.33x (high), atr=1.92% (wide-range), orb_breakout
2026-09-29T09:50:55 | INFO     | session_runner |   UBER    score=80.0  signal=LONG     reasons: rvol=2.34x (high), atr=2.31% (wide-range), orb_breakout
2026-09-29T09:50:55 | INFO     | session_runner |   GOOGL   score=78.0  signal=SHORT    reasons: rvol=1.69x (elevated), atr=2.19% (wide-range), near_orb_level
2026-09-29T09:50:55 | INFO     | session_runner |   SOFI    score=75.0  signal=LONG     reasons: rvol=2.66x (high), atr=3.65% (wide-range), orb_breakout
2026-09-29T09:50:55 | INFO     | session_runner |   AMZN    score=70.0  signal=SHORT    reasons: rvol=1.26x (normal), atr=1.95% (wide-range), orb_breakdown
2026-09-29T09:50:56 | WARNING  | app.scanning.alpaca_confirmer | AlpacaConfirmer: cannot fetch chain for GOOGL 2026-10-02: Client error '401 Unauthorized' for url 'https://api.tradier.com/v1/markets/quotes?symbols=GOOGL261002C00100000%2CGOOGL261002C00105000%2CGOOGL261002C00110000%2CGOOGL261002C00115000%2CGOOGL261002C00120000%2CGOOGL261002C00125000%2CGOOGL261002C00130000%2CGOOGL261002C00135000%2CGOOGL261002C00140000%2CGOOGL261002C00145000%2CGOOGL261002C00150000%2CGOOGL261002C00155000%2CGOOGL261002C00160000%2CGOOGL261002C00165000%2CGOOGL261002C00170000%2CGOOGL261002C00175000%2CGOOGL261002C00180000%2CGOOGL261002C00185000%2CGOOGL261002C00190000%2CGOOGL261002C00195000%2CGOOGL261002C00200000%2CGOOGL261002C00205000%2CGOOGL261002C00210000%2CGOOGL261002C00215000%2CGOOGL261002C00220000%2CGOOGL261002C00225000%2CGOOGL261002C00230000%2CGOOGL261002C00235000%2CGOOGL261002C00240000%2CGOOGL261002C00245000%2CGOOGL261002C00250000%2CGOOGL261002C00255000%2CGOOGL261002C00260000%2CGOOGL261002C00265000%2CGOOGL261002C00270000%2CGOOGL261002C00275000%2CGOOGL261002C00280000%2CGOOGL261002C00285000%2CGOOGL261002C00290000%2CGOOGL261002C00295000%2CGOOGL261002C00300000%2CGOOGL261002C00305000%2CGOOGL261002C00307500%2CGOOGL261002C00310000%2CGOOGL261002C00312500%2CGOOGL261002C00315000%2CGOOGL261002C00317500%2CGOOGL261002C00320000%2CGOOGL261002C00322500%2CGOOGL261002C00325000&greeks=true'
For more information check: https://developer.mozilla.org/en-US/docs/Web/HTTP/Status/401
2026-09-29T09:50:56 | WARNING  | app.scanning.alpaca_confirmer | AlpacaConfirmer: cannot fetch chain for AMZN 2026-10-02: Client error '401 Unauthorized' for url 'https://api.tradier.com/v1/markets/quotes?symbols=AMZN261002C00140000%2CAMZN261002C00145000%2CAMZN261002C00150000%2CAMZN261002C00155000%2CAMZN261002C00160000%2CAMZN261002C00165000%2CAMZN261002C00170000%2CAMZN261002C00175000%2CAMZN261002C00180000%2CAMZN261002C00185000%2CAMZN261002C00190000%2CAMZN261002C00195000%2CAMZN261002C00200000%2CAMZN261002C00205000%2CAMZN261002C00210000%2CAMZN261002C00215000%2CAMZN261002C00217500%2CAMZN261002C00220000%2CAMZN261002C00222500%2CAMZN261002C00225000%2CAMZN261002C00227500%2CAMZN261002C00230000%2CAMZN261002C00232500%2CAMZN261002C00235000%2CAMZN261002C00237500%2CAMZN261002C00240000%2CAMZN261002C00242500%2CAMZN261002C00245000%2CAMZN261002C00247500%2CAMZN261002C00250000%2CAMZN261002C00252500%2CAMZN261002C00255000%2CAMZN261002C00257500%2CAMZN261002C00260000%2CAMZN261002C00262500%2CAMZN261002C00265000%2CAMZN261002C00267500%2CAMZN261002C00270000%2CAMZN261002C00272500%2CAMZN261002C00275000%2CAMZN261002C00277500%2CAMZN261002C00280000%2CAMZN261002C00282500%2CAMZN261002C00285000%2CAMZN261002C00290000%2CAMZN261002C00295000%2CAMZN261002C00300000%2CAMZN261002C00305000%2CAMZN261002C00310000%2CAMZN261002C00315000&greeks=true'
For more information check: https://developer.mozilla.org/en-US/docs/Web/HTTP/Status/401
2026-09-29T09:50:56 | WARNING  | app.scanning.alpaca_confirmer | AlpacaConfirmer: cannot fetch chain for TSLA 2026-10-02: Client error '401 Unauthorized' for url 'https://api.tradier.com/v1/markets/quotes?symbols=TSLA261002C00050000%2CTSLA261002C00060000%2CTSLA261002C00070000%2CTSLA261002C00080000%2CTSLA261002C00090000%2CTSLA261002C00100000%2CTSLA261002C00110000%2CTSLA261002C00120000%2CTSLA261002C00130000%2CTSLA261002C00140000%2CTSLA261002C00150000%2CTSLA261002C00160000%2CTSLA261002C00170000%2CTSLA261002C00180000%2CTSLA261002C00190000%2CTSLA261002C00200000%2CTSLA261002C00210000%2CTSLA261002C00220000%2CTSLA261002C00230000%2CTSLA261002C00235000%2CTSLA261002C00240000%2CTSLA261002C00245000%2CTSLA261002C00250000%2CTSLA261002C00255000%2CTSLA261002C00260000%2CTSLA261002C00265000%2CTSLA261002C00270000%2CTSLA261002C00275000%2CTSLA261002C00280000%2CTSLA261002C00285000%2CTSLA261002C00290000%2CTSLA261002C00292500%2CTSLA261002C00295000%2CTSLA261002C00297500%2CTSLA261002C00300000%2CTSLA261002C00302500%2CTSLA261002C00305000%2CTSLA261002C00307500%2CTSLA261002C00310000%2CTSLA261002C00312500%2CTSLA261002C00315000%2CTSLA261002C00317500%2CTSLA261002C00320000%2CTSLA261002C00322500%2CTSLA261002C00325000%2CTSLA261002C00327500%2CTSLA261002C00330000%2CTSLA261002C00332500%2CTSLA261002C00335000%2CTSLA261002C00337500&greeks=true'
For more information check: https://developer.mozilla.org/en-US/docs/Web/HTTP/Status/401
2026-09-29T09:50:56 | WARNING  | app.scanning.alpaca_confirmer | AlpacaConfirmer: cannot fetch chain for AVGO 2026-10-02: Client error '401 Unauthorized' for url 'https://api.tradier.com/v1/markets/quotes?symbols=AVGO261002C00210000%2CAVGO261002C00215000%2CAVGO261002C00220000%2CAVGO261002C00225000%2CAVGO261002C00230000%2CAVGO261002C00235000%2CAVGO261002C00240000%2CAVGO261002C00245000%2CAVGO261002C00250000%2CAVGO261002C00255000%2CAVGO261002C00260000%2CAVGO261002C00265000%2CAVGO261002C00270000%2CAVGO261002C00275000%2CAVGO261002C00280000%2CAVGO261002C00285000%2CAVGO261002C00290000%2CAVGO261002C00295000%2CAVGO261002C00297500%2CAVGO261002C00300000%2CAVGO261002C00302500%2CAVGO261002C00305000%2CAVGO261002C00307500%2CAVGO261002C00310000%2CAVGO261002C00312500%2CAVGO261002C00315000%2CAVGO261002C00317500%2CAVGO261002C00320000%2CAVGO261002C00322500%2CAVGO261002C00325000%2CAVGO261002C00327500%2CAVGO261002C00330000%2CAVGO261002C00332500%2CAVGO261002C00335000%2CAVGO261002C00337500%2CAVGO261002C00340000%2CAVGO261002C00342500%2CAVGO261002C00345000%2CAVGO261002C00347500%2CAVGO261002C00350000%2CAVGO261002C00352500%2CAVGO261002C00355000%2CAVGO261002C00357500%2CAVGO261002C00360000%2CAVGO261002C00362500%2CAVGO261002C00365000%2CAVGO261002C00367500%2CAVGO261002C00370000%2CAVGO261002C00372500%2CAVGO261002C00375000&greeks=true'
For more information check: https://developer.mozilla.org/en-US/docs/Web/HTTP/Status/401
2026-09-29T09:50:56 | WARNING  | app.scanning.alpaca_confirmer | AlpacaConfirmer: cannot fetch chain for XLE 2026-10-02: Client error '401 Unauthorized' for url 'https://api.tradier.com/v1/markets/quotes?symbols=XLE261002C00035000%2CXLE261002C00040000%2CXLE261002C00045000%2CXLE261002C00048000%2CXLE261002C00049000%2CXLE261002C00050000%2CXLE261002C00051000%2CXLE261002C00052000%2CXLE261002C00053000%2CXLE261002C00054000%2CXLE261002C00054500%2CXLE261002C00055000%2CXLE261002C00055500%2CXLE261002C00056000%2CXLE261002C00056500%2CXLE261002C00057000%2CXLE261002C00057500%2CXLE261002C00058000%2CXLE261002C00058500%2CXLE261002C00059000%2CXLE261002C00059500%2CXLE261002C00060000%2CXLE261002C00060500%2CXLE261002C00061000%2CXLE261002C00061500%2CXLE261002C00062000%2CXLE261002C00062500%2CXLE261002C00063000%2CXLE261002C00063500%2CXLE261002C00064000%2CXLE261002C00064500%2CXLE261002C00065000%2CXLE261002C00065500%2CXLE261002C00066000%2CXLE261002C00066500%2CXLE261002C00067000%2CXLE261002C00068000%2CXLE261002C00068500%2CXLE261002C00069000%2CXLE261002C00070000%2CXLE261002C00071000%2CXLE261002C00075000%2CXLE261002C00080000%2CXLE261002P00035000%2CXLE261002P00040000%2CXLE261002P00045000%2CXLE261002P00048000%2CXLE261002P00049000%2CXLE261002P00050000%2CXLE261002P00051000&greeks=true'
For more information check: https://developer.mozilla.org/en-US/docs/Web/HTTP/Status/401
2026-09-29T09:50:56 | WARNING  | app.scanning.alpaca_confirmer | AlpacaConfirmer: cannot fetch chain for MARA 2026-10-02: Client error '401 Unauthorized' for url 'https://api.tradier.com/v1/markets/quotes?symbols=MARA261002C00004000%2CMARA261002C00005000%2CMARA261002C00005500%2CMARA261002C00006000%2CMARA261002C00006500%2CMARA261002C00007000%2CMARA261002C00007500%2CMARA261002C00008000%2CMARA261002C00008500%2CMARA261002C00009000%2CMARA261002C00009500%2CMARA261002C00010000%2CMARA261002C00010500%2CMARA261002C00011000%2CMARA261002C00011500%2CMARA261002C00012000%2CMARA261002C00012500%2CMARA261002C00013000%2CMARA261002C00013500%2CMARA261002C00014000%2CMARA261002C00014500%2CMARA261002C00015000%2CMARA261002C00015500%2CMARA261002C00016000%2CMARA261002C00016500%2CMARA261002C00017000%2CMARA261002C00017500%2CMARA261002C00018000%2CMARA261002C00018500%2CMARA261002C00019000%2CMARA261002C00020000%2CMARA261002C00021000%2CMARA261002C00022000%2CMARA261002C00023000%2CMARA261002C00024000%2CMARA261002P00004000%2CMARA261002P00005000%2CMARA261002P00005500%2CMARA261002P00006000%2CMARA261002P00006500%2CMARA261002P00007000%2CMARA261002P00007500%2CMARA261002P00008000%2CMARA261002P00008500%2CMARA261002P00009000%2CMARA261002P00009500%2CMARA261002P00010000%2CMARA261002P00010500%2CMARA261002P00011000%2CMARA261002P00011500&greeks=true'
For more information check: https://developer.mozilla.org/en-US/docs/Web/HTTP/Status/401
2026-09-29T09:50:56 | WARNING  | app.scanning.alpaca_confirmer | AlpacaConfirmer: cannot fetch chain for RIVN 2026-10-02: Client error '401 Unauthorized' for url 'https://api.tradier.com/v1/markets/quotes?symbols=RIVN261002C00005000%2CRIVN261002C00009000%2CRIVN261002C00010000%2CRIVN261002C00010500%2CRIVN261002C00011000%2CRIVN261002C00011500%2CRIVN261002C00012000%2CRIVN261002C00012500%2CRIVN261002C00013000%2CRIVN261002C00013500%2CRIVN261002C00014000%2CRIVN261002C00014500%2CRIVN261002C00015000%2CRIVN261002C00015500%2CRIVN261002C00016000%2CRIVN261002C00016500%2CRIVN261002C00017000%2CRIVN261002C00017500%2CRIVN261002C00018000%2CRIVN261002C00018500%2CRIVN261002C00019000%2CRIVN261002C00019500%2CRIVN261002C00020000%2CRIVN261002C00020500%2CRIVN261002C00021000%2CRIVN261002C00021500%2CRIVN261002C00022000%2CRIVN261002C00023000%2CRIVN261002C00024000%2CRIVN261002C00025000%2CRIVN261002C00030000%2CRIVN261002P00005000%2CRIVN261002P00009000%2CRIVN261002P00010000%2CRIVN261002P00010500%2CRIVN261002P00011000%2CRIVN261002P00011500%2CRIVN261002P00012000%2CRIVN261002P00012500%2CRIVN261002P00013000%2CRIVN261002P00013500%2CRIVN261002P00014000%2CRIVN261002P00014500%2CRIVN261002P00015000%2CRIVN261002P00015500%2CRIVN261002P00016000%2CRIVN261002P00016500%2CRIVN261002P00017000%2CRIVN261002P00017500%2CRIVN261002P00018000&greeks=true'
For more information check: https://developer.mozilla.org/en-US/docs/Web/HTTP/Status/401
2026-09-29T09:50:56 | WARNING  | app.scanning.alpaca_confirmer | AlpacaConfirmer: cannot fetch chain for SPY 2026-10-01: Client error '401 Unauthorized' for url 'https://api.tradier.com/v1/markets/quotes?symbols=SPY261001C00550000%2CSPY261001C00555000%2CSPY261001C00560000%2CSPY261001C00565000%2CSPY261001C00570000%2CSPY261001C00575000%2CSPY261001C00580000%2CSPY261001C00585000%2CSPY261001C00590000%2CSPY261001C00595000%2CSPY261001C00600000%2CSPY261001C00605000%2CSPY261001C00610000%2CSPY261001C00615000%2CSPY261001C00620000%2CSPY261001C00625000%2CSPY261001C00630000%2CSPY261001C00635000%2CSPY261001C00640000%2CSPY261001C00645000%2CSPY261001C00650000%2CSPY261001C00655000%2CSPY261001C00660000%2CSPY261001C00665000%2CSPY261001C00670000%2CSPY261001C00675000%2CSPY261001C00680000%2CSPY261001C00685000%2CSPY261001C00690000%2CSPY261001C00695000%2CSPY261001C00700000%2CSPY261001C00705000%2CSPY261001C00710000%2CSPY261001C00715000%2CSPY261001C00718000%2CSPY261001C00719000%2CSPY261001C00720000%2CSPY261001C00721000%2CSPY261001C00722000%2CSPY261001C00723000%2CSPY261001C00724000%2CSPY261001C00725000%2CSPY261001C00726000%2CSPY261001C00727000%2CSPY261001C00728000%2CSPY261001C00729000%2CSPY261001C00730000%2CSPY261001C00731000%2CSPY261001C00732000%2CSPY261001C00733000&greeks=true'
For more information check: https://developer.mozilla.org/en-US/docs/Web/HTTP/Status/401
2026-09-29T09:50:56 | WARNING  | app.scanning.alpaca_confirmer | AlpacaConfirmer: cannot fetch chain for IWM 2026-10-01: Client error '401 Unauthorized' for url 'https://api.tradier.com/v1/markets/quotes?symbols=IWM261001C00180000%2CIWM261001C00190000%2CIWM261001C00200000%2CIWM261001C00205000%2CIWM261001C00210000%2CIWM261001C00215000%2CIWM261001C00220000%2CIWM261001C00225000%2CIWM261001C00230000%2CIWM261001C00235000%2CIWM261001C00240000%2CIWM261001C00245000%2CIWM261001C00250000%2CIWM261001C00255000%2CIWM261001C00260000%2CIWM261001C00261000%2CIWM261001C00262000%2CIWM261001C00263000%2CIWM261001C00264000%2CIWM261001C00265000%2CIWM261001C00266000%2CIWM261001C00267000%2CIWM261001C00268000%2CIWM261001C00269000%2CIWM261001C00270000%2CIWM261001C00271000%2CIWM261001C00272000%2CIWM261001C00273000%2CIWM261001C00274000%2CIWM261001C00275000%2CIWM261001C00276000%2CIWM261001C00277000%2CIWM261001C00278000%2CIWM261001C00279000%2CIWM261001C00280000%2CIWM261001C00281000%2CIWM261001C00282000%2CIWM261001C00283000%2CIWM261001C00284000%2CIWM261001C00285000%2CIWM261001C00286000%2CIWM261001C00287000%2CIWM261001C00288000%2CIWM261001C00289000%2CIWM261001C00290000%2CIWM261001C00291000%2CIWM261001C00292000%2CIWM261001C00293000%2CIWM261001C00294000%2CIWM261001C00295000&greeks=true'
For more information check: https://developer.mozilla.org/en-US/docs/Web/HTTP/Status/401
2026-09-29T09:50:56 | WARNING  | app.scanning.alpaca_confirmer | AlpacaConfirmer: cannot fetch chain for UBER 2026-10-02: Client error '401 Unauthorized' for url 'https://api.tradier.com/v1/markets/quotes?symbols=UBER261002C00050000%2CUBER261002C00055000%2CUBER261002C00058000%2CUBER261002C00059000%2CUBER261002C00060000%2CUBER261002C00061000%2CUBER261002C00062000%2CUBER261002C00063000%2CUBER261002C00064000%2CUBER261002C00065000%2CUBER261002C00066000%2CUBER261002C00067000%2CUBER261002C00068000%2CUBER261002C00069000%2CUBER261002C00070000%2CUBER261002C00071000%2CUBER261002C00072000%2CUBER261002C00073000%2CUBER261002C00074000%2CUBER261002C00075000%2CUBER261002C00076000%2CUBER261002C00077000%2CUBER261002C00078000%2CUBER261002C00079000%2CUBER261002C00080000%2CUBER261002C00081000%2CUBER261002C00082000%2CUBER261002C00083000%2CUBER261002C00084000%2CUBER261002C00085000%2CUBER261002C00086000%2CUBER261002C00087000%2CUBER261002C00088000%2CUBER261002C00089000%2CUBER261002C00090000%2CUBER261002C00091000%2CUBER261002C00095000%2CUBER261002C00100000%2CUBER261002C00105000%2CUBER261002P00050000%2CUBER261002P00055000%2CUBER261002P00058000%2CUBER261002P00059000%2CUBER261002P00060000%2CUBER261002P00061000%2CUBER261002P00062000%2CUBER261002P00063000%2CUBER261002P00064000%2CUBER261002P00065000%2CUBER261002P00066000&greeks=true'
For more information check: https://developer.mozilla.org/en-US/docs/Web/HTTP/Status/401
2026-09-29T09:50:56 | WARNING  | app.scanning.alpaca_confirmer | AlpacaConfirmer: cannot fetch chain for AMD 2026-10-02: Client error '401 Unauthorized' for url 'https://api.tradier.com/v1/markets/quotes?symbols=AMD261002C00040000%2CAMD261002C00045000%2CAMD261002C00050000%2CAMD261002C00055000%2CAMD261002C00060000%2CAMD261002C00065000%2CAMD261002C00070000%2CAMD261002C00075000%2CAMD261002C00080000%2CAMD261002C00085000%2CAMD261002C00090000%2CAMD261002C00095000%2CAMD261002C00100000%2CAMD261002C00105000%2CAMD261002C00110000%2CAMD261002C00115000%2CAMD261002C00120000%2CAMD261002C00125000%2CAMD261002C00130000%2CAMD261002C00135000%2CAMD261002C00140000%2CAMD261002C00145000%2CAMD261002C00150000%2CAMD261002C00155000%2CAMD261002C00160000%2CAMD261002C00165000%2CAMD261002C00170000%2CAMD261002C00175000%2CAMD261002C00180000%2CAMD261002C00185000%2CAMD261002C00190000%2CAMD261002C00195000%2CAMD261002C00200000%2CAMD261002C00205000%2CAMD261002C00210000%2CAMD261002C00215000%2CAMD261002C00220000%2CAMD261002C00225000%2CAMD261002C00230000%2CAMD261002C00235000%2CAMD261002C00240000%2CAMD261002C00245000%2CAMD261002C00250000%2CAMD261002C00255000%2CAMD261002C00260000%2CAMD261002C00265000%2CAMD261002C00270000%2CAMD261002C00275000%2CAMD261002C00280000%2CAMD261002C00285000&greeks=true'
For more information check: https://developer.mozilla.org/en-US/docs/Web/HTTP/Status/401
2026-09-29T09:50:56 | WARNING  | app.scanning.alpaca_confirmer | AlpacaConfirmer: cannot fetch chain for SOFI 2026-10-02: Client error '401 Unauthorized' for url 'https://api.tradier.com/v1/markets/quotes?symbols=SOFI261002C00005000%2CSOFI261002C00009000%2CSOFI261002C00010000%2CSOFI261002C00011000%2CSOFI261002C00011500%2CSOFI261002C00012000%2CSOFI261002C00012500%2CSOFI261002C00013000%2CSOFI261002C00013500%2CSOFI261002C00014000%2CSOFI261002C00014500%2CSOFI261002C00015000%2CSOFI261002C00015500%2CSOFI261002C00016000%2CSOFI261002C00016500%2CSOFI261002C00017000%2CSOFI261002C00017500%2CSOFI261002C00018000%2CSOFI261002C00018500%2CSOFI261002C00019000%2CSOFI261002C00019500%2CSOFI261002C00020000%2CSOFI261002C00020500%2CSOFI261002C00021000%2CSOFI261002C00021500%2CSOFI261002C00022000%2CSOFI261002C00022500%2CSOFI261002C00023000%2CSOFI261002C00023500%2CSOFI261002C00024000%2CSOFI261002C00025000%2CSOFI261002C00030000%2CSOFI261002P00005000%2CSOFI261002P00009000%2CSOFI261002P00010000%2CSOFI261002P00011000%2CSOFI261002P00011500%2CSOFI261002P00012000%2CSOFI261002P00012500%2CSOFI261002P00013000%2CSOFI261002P00013500%2CSOFI261002P00014000%2CSOFI261002P00014500%2CSOFI261002P00015000%2CSOFI261002P00015500%2CSOFI261002P00016000%2CSOFI261002P00016500%2CSOFI261002P00017000%2CSOFI261002P00017500%2CSOFI261002P00018000&greeks=true'
For more information check: https://developer.mozilla.org/en-US/docs/Web/HTTP/Status/401
2026-09-29T09:50:56 | INFO     | session_runner | AlpacaConfirmer: 0 confirmed symbols: []
2026-09-29T09:50:56 | WARNING  | session_runner | Re-scan returned no confirmed symbols — falling back to ['SPY']
2026-09-29T09:50:56 | INFO     | session_runner | Broad-market regime | SPY=short
2026-09-29T09:50:56 | INFO     | session_runner | [bridge:SPY] rsi_trend ready: sufficient bars
2026-09-29T09:51:26 | INFO     | session_runner | [cycle 42] 09:51:26 ET | positions=0 | entries=0
2026-09-29T09:51:26 | INFO     | session_runner | [bridge:SPY] rsi_trend ready: sufficient bars
2026-09-29T09:51:56 | INFO     | session_runner | [cycle 43] 09:51:56 ET | positions=0 | entries=0
2026-09-29T09:51:57 | INFO     | session_runner | [bridge:SPY] rsi_trend ready: sufficient bars
2026-09-29T09:52:27 | INFO     | session_runner | [cycle 44] 09:52:27 ET | positions=0 | entries=0
2026-09-29T09:52:27 | INFO     | session_runner | [bridge:SPY] rsi_trend ready: sufficient bars
2026-09-29T09:52:57 | INFO     | session_runner | [cycle 45] 09:52:57 ET | positions=0 | entries=0
2026-09-29T09:52:57 | INFO     | session_runner | [bridge:SPY] rsi_trend ready: sufficient bars
2026-09-29T09:53:27 | INFO     | session_runner | [cycle 46] 09:53:27 ET | positions=0 | entries=0
2026-09-29T09:53:27 | INFO     | session_runner | [bridge:SPY] rsi_trend ready: sufficient bars
2026-09-29T09:53:57 | INFO     | session_runner | [cycle 47] 09:53:57 ET | positions=0 | entries=0
2026-09-29T09:53:58 | INFO     | session_runner | [bridge:SPY] rsi_trend ready: sufficient bars
2026-09-29T09:54:28 | INFO     | session_runner | [cycle 48] 09:54:28 ET | positions=0 | entries=0
2026-09-29T09:54:28 | INFO     | session_runner | [bridge:SPY] rsi_trend ready: sufficient bars
2026-09-29T09:54:58 | INFO     | session_runner | [cycle 49] 09:54:58 ET | positions=0 | entries=0
2026-09-29T09:54:58 | INFO     | session_runner | [bridge:SPY] rsi_trend ready: sufficient bars
2026-09-29T09:55:28 | INFO     | session_runner | [cycle 50] 09:55:28 ET | positions=0 | entries=0
2026-09-29T09:55:28 | INFO     | session_runner | [bridge:SPY] rsi_trend ready: sufficient bars
2026-09-29T09:55:28 | INFO     | session_runner | Direction mismatch: scanner=LONG strategy=SHORT for SPY/vwap_reclaim — skipped
2026-09-29T09:55:58 | INFO     | session_runner | [cycle 51] 09:55:58 ET | positions=0 | entries=0
2026-09-29T09:55:58 | INFO     | session_runner | Periodic universe re-scan …
2026-09-29T09:55:58 | INFO     | app.scanning.universe_loader | UniverseLoader: loaded 5 groups (13 flat symbols) from config/ticker_universe.yaml (blacklist=0)
2026-09-29T09:55:58 | INFO     | app.scanning.universe_loader | UniverseLoader: 38 symbols from 4 group(s) (blacklist=0)
2026-09-29T09:55:58 | INFO     | session_runner | Universe scan: 38 symbols from 4 group(s) | max_active=6
2026-09-29T09:56:02 | INFO     | session_runner | Scan: 21 passed, 17 rejected
2026-09-29T09:56:02 | INFO     | session_runner |   UBER    score=80.0  signal=LONG     reasons: rvol=2.12x (high), atr=2.31% (wide-range), orb_breakout
2026-09-29T09:56:02 | INFO     | session_runner |   GOOGL   score=78.0  signal=SHORT    reasons: rvol=1.62x (elevated), atr=2.19% (wide-range), near_orb_level
2026-09-29T09:56:02 | INFO     | session_runner |   AMZN    score=70.0  signal=SHORT    reasons: rvol=1.17x (normal), atr=1.96% (wide-range), orb_breakdown
2026-09-29T09:56:02 | INFO     | session_runner |   AVGO    score=67.0  signal=LONG     reasons: rvol=2.76x (high), atr=2.72% (wide-range), trend_sideways
2026-09-29T09:56:02 | INFO     | session_runner |   AAPL    score=65.0  signal=LONG     reasons: rvol=2.42x (high), atr=1.90% (wide-range), trend_up
2026-09-29T09:56:03 | WARNING  | app.scanning.alpaca_confirmer | AlpacaConfirmer: cannot fetch chain for GOOGL 2026-10-02: Client error '401 Unauthorized' for url 'https://api.tradier.com/v1/markets/quotes?symbols=GOOGL261002C00100000%2CGOOGL261002C00105000%2CGOOGL261002C00110000%2CGOOGL261002C00115000%2CGOOGL261002C00120000%2CGOOGL261002C00125000%2CGOOGL261002C00130000%2CGOOGL261002C00135000%2CGOOGL261002C00140000%2CGOOGL261002C00145000%2CGOOGL261002C00150000%2CGOOGL261002C00155000%2CGOOGL261002C00160000%2CGOOGL261002C00165000%2CGOOGL261002C00170000%2CGOOGL261002C00175000%2CGOOGL261002C00180000%2CGOOGL261002C00185000%2CGOOGL261002C00190000%2CGOOGL261002C00195000%2CGOOGL261002C00200000%2CGOOGL261002C00205000%2CGOOGL261002C00210000%2CGOOGL261002C00215000%2CGOOGL261002C00220000%2CGOOGL261002C00225000%2CGOOGL261002C00230000%2CGOOGL261002C00235000%2CGOOGL261002C00240000%2CGOOGL261002C00245000%2CGOOGL261002C00250000%2CGOOGL261002C00255000%2CGOOGL261002C00260000%2CGOOGL261002C00265000%2CGOOGL261002C00270000%2CGOOGL261002C00275000%2CGOOGL261002C00280000%2CGOOGL261002C00285000%2CGOOGL261002C00290000%2CGOOGL261002C00295000%2CGOOGL261002C00300000%2CGOOGL261002C00305000%2CGOOGL261002C00307500%2CGOOGL261002C00310000%2CGOOGL261002C00312500%2CGOOGL261002C00315000%2CGOOGL261002C00317500%2CGOOGL261002C00320000%2CGOOGL261002C00322500%2CGOOGL261002C00325000&greeks=true'
For more information check: https://developer.mozilla.org/en-US/docs/Web/HTTP/Status/401
2026-09-29T09:56:03 | WARNING  | app.scanning.alpaca_confirmer | AlpacaConfirmer: cannot fetch chain for SOFI 2026-10-02: Client error '401 Unauthorized' for url 'https://api.tradier.com/v1/markets/quotes?symbols=SOFI261002C00005000%2CSOFI261002C00009000%2CSOFI261002C00010000%2CSOFI261002C00011000%2CSOFI261002C00011500%2CSOFI261002C00012000%2CSOFI261002C00012500%2CSOFI261002C00013000%2CSOFI261002C00013500%2CSOFI261002C00014000%2CSOFI261002C00014500%2CSOFI261002C00015000%2CSOFI261002C00015500%2CSOFI261002C00016000%2CSOFI261002C00016500%2CSOFI261002C00017000%2CSOFI261002C00017500%2CSOFI261002C00018000%2CSOFI261002C00018500%2CSOFI261002C00019000%2CSOFI261002C00019500%2CSOFI261002C00020000%2CSOFI261002C00020500%2CSOFI261002C00021000%2CSOFI261002C00021500%2CSOFI261002C00022000%2CSOFI261002C00022500%2CSOFI261002C00023000%2CSOFI261002C00023500%2CSOFI261002C00024000%2CSOFI261002C00025000%2CSOFI261002C00030000%2CSOFI261002P00005000%2CSOFI261002P00009000%2CSOFI261002P00010000%2CSOFI261002P00011000%2CSOFI261002P00011500%2CSOFI261002P00012000%2CSOFI261002P00012500%2CSOFI261002P00013000%2CSOFI261002P00013500%2CSOFI261002P00014000%2CSOFI261002P00014500%2CSOFI261002P00015000%2CSOFI261002P00015500%2CSOFI261002P00016000%2CSOFI261002P00016500%2CSOFI261002P00017000%2CSOFI261002P00017500%2CSOFI261002P00018000&greeks=true'
For more information check: https://developer.mozilla.org/en-US/docs/Web/HTTP/Status/401
2026-09-29T09:56:03 | WARNING  | app.scanning.alpaca_confirmer | AlpacaConfirmer: cannot fetch chain for IWM 2026-10-01: Client error '401 Unauthorized' for url 'https://api.tradier.com/v1/markets/quotes?symbols=IWM261001C00180000%2CIWM261001C00190000%2CIWM261001C00200000%2CIWM261001C00205000%2CIWM261001C00210000%2CIWM261001C00215000%2CIWM261001C00220000%2CIWM261001C00225000%2CIWM261001C00230000%2CIWM261001C00235000%2CIWM261001C00240000%2CIWM261001C00245000%2CIWM261001C00250000%2CIWM261001C00255000%2CIWM261001C00260000%2CIWM261001C00261000%2CIWM261001C00262000%2CIWM261001C00263000%2CIWM261001C00264000%2CIWM261001C00265000%2CIWM261001C00266000%2CIWM261001C00267000%2CIWM261001C00268000%2CIWM261001C00269000%2CIWM261001C00270000%2CIWM261001C00271000%2CIWM261001C00272000%2CIWM261001C00273000%2CIWM261001C00274000%2CIWM261001C00275000%2CIWM261001C00276000%2CIWM261001C00277000%2CIWM261001C00278000%2CIWM261001C00279000%2CIWM261001C00280000%2CIWM261001C00281000%2CIWM261001C00282000%2CIWM261001C00283000%2CIWM261001C00284000%2CIWM261001C00285000%2CIWM261001C00286000%2CIWM261001C00287000%2CIWM261001C00288000%2CIWM261001C00289000%2CIWM261001C00290000%2CIWM261001C00291000%2CIWM261001C00292000%2CIWM261001C00293000%2CIWM261001C00294000%2CIWM261001C00295000&greeks=true'
For more information check: https://developer.mozilla.org/en-US/docs/Web/HTTP/Status/401
2026-09-29T09:56:03 | WARNING  | app.scanning.alpaca_confirmer | AlpacaConfirmer: cannot fetch chain for UBER 2026-10-02: Client error '401 Unauthorized' for url 'https://api.tradier.com/v1/markets/quotes?symbols=UBER261002C00050000%2CUBER261002C00055000%2CUBER261002C00058000%2CUBER261002C00059000%2CUBER261002C00060000%2CUBER261002C00061000%2CUBER261002C00062000%2CUBER261002C00063000%2CUBER261002C00064000%2CUBER261002C00065000%2CUBER261002C00066000%2CUBER261002C00067000%2CUBER261002C00068000%2CUBER261002C00069000%2CUBER261002C00070000%2CUBER261002C00071000%2CUBER261002C00072000%2CUBER261002C00073000%2CUBER261002C00074000%2CUBER261002C00075000%2CUBER261002C00076000%2CUBER261002C00077000%2CUBER261002C00078000%2CUBER261002C00079000%2CUBER261002C00080000%2CUBER261002C00081000%2CUBER261002C00082000%2CUBER261002C00083000%2CUBER261002C00084000%2CUBER261002C00085000%2CUBER261002C00086000%2CUBER261002C00087000%2CUBER261002C00088000%2CUBER261002C00089000%2CUBER261002C00090000%2CUBER261002C00091000%2CUBER261002C00095000%2CUBER261002C00100000%2CUBER261002C00105000%2CUBER261002P00050000%2CUBER261002P00055000%2CUBER261002P00058000%2CUBER261002P00059000%2CUBER261002P00060000%2CUBER261002P00061000%2CUBER261002P00062000%2CUBER261002P00063000%2CUBER261002P00064000%2CUBER261002P00065000%2CUBER261002P00066000&greeks=true'
For more information check: https://developer.mozilla.org/en-US/docs/Web/HTTP/Status/401
2026-09-29T09:56:03 | WARNING  | app.scanning.alpaca_confirmer | AlpacaConfirmer: cannot fetch chain for XLF 2026-10-01: Client error '401 Unauthorized' for url 'https://api.tradier.com/v1/markets/quotes?symbols=XLF261001C00041000%2CXLF261001C00042000%2CXLF261001C00043000%2CXLF261001C00044000%2CXLF261001C00045000%2CXLF261001C00046000%2CXLF261001C00047000%2CXLF261001C00048000%2CXLF261001C00049000%2CXLF261001C00050000%2CXLF261001C00050500%2CXLF261001C00051000%2CXLF261001C00051500%2CXLF261001C00052000%2CXLF261001C00052500%2CXLF261001C00053000%2CXLF261001C00053500%2CXLF261001C00054000%2CXLF261001C00054500%2CXLF261001C00055000%2CXLF261001C00055500%2CXLF261001C00056000%2CXLF261001C00056500%2CXLF261001C00057000%2CXLF261001C00057500%2CXLF261001C00058000%2CXLF261001C00058500%2CXLF261001C00059000%2CXLF261001C00059500%2CXLF261001C00060000%2CXLF261001C00060500%2CXLF261001C00061000%2CXLF261001C00061500%2CXLF261001C00062000%2CXLF261001C00062500%2CXLF261001C00063000%2CXLF261001C00063500%2CXLF261001C00064000%2CXLF261001C00064500%2CXLF261001C00065000%2CXLF261001C00066000%2CXLF261001C00067000%2CXLF261001C00068000%2CXLF261001C00069000%2CXLF261001C00070000%2CXLF261001C00071000%2CXLF261001C00072000%2CXLF261001C00073000%2CXLF261001C00074000%2CXLF261001P00041000&greeks=true'
For more information check: https://developer.mozilla.org/en-US/docs/Web/HTTP/Status/401
2026-09-29T09:56:03 | WARNING  | app.scanning.alpaca_confirmer | AlpacaConfirmer: cannot fetch chain for AMZN 2026-10-02: Client error '401 Unauthorized' for url 'https://api.tradier.com/v1/markets/quotes?symbols=AMZN261002C00140000%2CAMZN261002C00145000%2CAMZN261002C00150000%2CAMZN261002C00155000%2CAMZN261002C00160000%2CAMZN261002C00165000%2CAMZN261002C00170000%2CAMZN261002C00175000%2CAMZN261002C00180000%2CAMZN261002C00185000%2CAMZN261002C00190000%2CAMZN261002C00195000%2CAMZN261002C00200000%2CAMZN261002C00205000%2CAMZN261002C00210000%2CAMZN261002C00215000%2CAMZN261002C00217500%2CAMZN261002C00220000%2CAMZN261002C00222500%2CAMZN261002C00225000%2CAMZN261002C00227500%2CAMZN261002C00230000%2CAMZN261002C00232500%2CAMZN261002C00235000%2CAMZN261002C00237500%2CAMZN261002C00240000%2CAMZN261002C00242500%2CAMZN261002C00245000%2CAMZN261002C00247500%2CAMZN261002C00250000%2CAMZN261002C00252500%2CAMZN261002C00255000%2CAMZN261002C00257500%2CAMZN261002C00260000%2CAMZN261002C00262500%2CAMZN261002C00265000%2CAMZN261002C00267500%2CAMZN261002C00270000%2CAMZN261002C00272500%2CAMZN261002C00275000%2CAMZN261002C00277500%2CAMZN261002C00280000%2CAMZN261002C00282500%2CAMZN261002C00285000%2CAMZN261002C00290000%2CAMZN261002C00295000%2CAMZN261002C00300000%2CAMZN261002C00305000%2CAMZN261002C00310000%2CAMZN261002C00315000&greeks=true'
For more information check: https://developer.mozilla.org/en-US/docs/Web/HTTP/Status/401
2026-09-29T09:56:03 | WARNING  | app.scanning.alpaca_confirmer | AlpacaConfirmer: cannot fetch chain for TSLA 2026-10-02: Client error '401 Unauthorized' for url 'https://api.tradier.com/v1/markets/quotes?symbols=TSLA261002C00050000%2CTSLA261002C00060000%2CTSLA261002C00070000%2CTSLA261002C00080000%2CTSLA261002C00090000%2CTSLA261002C00100000%2CTSLA261002C00110000%2CTSLA261002C00120000%2CTSLA261002C00130000%2CTSLA261002C00140000%2CTSLA261002C00150000%2CTSLA261002C00160000%2CTSLA261002C00170000%2CTSLA261002C00180000%2CTSLA261002C00190000%2CTSLA261002C00200000%2CTSLA261002C00210000%2CTSLA261002C00220000%2CTSLA261002C00230000%2CTSLA261002C00235000%2CTSLA261002C00240000%2CTSLA261002C00245000%2CTSLA261002C00250000%2CTSLA261002C00255000%2CTSLA261002C00260000%2CTSLA261002C00265000%2CTSLA261002C00270000%2CTSLA261002C00275000%2CTSLA261002C00280000%2CTSLA261002C00285000%2CTSLA261002C00290000%2CTSLA261002C00292500%2CTSLA261002C00295000%2CTSLA261002C00297500%2CTSLA261002C00300000%2CTSLA261002C00302500%2CTSLA261002C00305000%2CTSLA261002C00307500%2CTSLA261002C00310000%2CTSLA261002C00312500%2CTSLA261002C00315000%2CTSLA261002C00317500%2CTSLA261002C00320000%2CTSLA261002C00322500%2CTSLA261002C00325000%2CTSLA261002C00327500%2CTSLA261002C00330000%2CTSLA261002C00332500%2CTSLA261002C00335000%2CTSLA261002C00337500&greeks=true'
For more information check: https://developer.mozilla.org/en-US/docs/Web/HTTP/Status/401
2026-09-29T09:56:03 | WARNING  | app.scanning.alpaca_confirmer | AlpacaConfirmer: cannot fetch chain for AVGO 2026-10-02: Client error '401 Unauthorized' for url 'https://api.tradier.com/v1/markets/quotes?symbols=AVGO261002C00210000%2CAVGO261002C00215000%2CAVGO261002C00220000%2CAVGO261002C00225000%2CAVGO261002C00230000%2CAVGO261002C00235000%2CAVGO261002C00240000%2CAVGO261002C00245000%2CAVGO261002C00250000%2CAVGO261002C00255000%2CAVGO261002C00260000%2CAVGO261002C00265000%2CAVGO261002C00270000%2CAVGO261002C00275000%2CAVGO261002C00280000%2CAVGO261002C00285000%2CAVGO261002C00290000%2CAVGO261002C00295000%2CAVGO261002C00297500%2CAVGO261002C00300000%2CAVGO261002C00302500%2CAVGO261002C00305000%2CAVGO261002C00307500%2CAVGO261002C00310000%2CAVGO261002C00312500%2CAVGO261002C00315000%2CAVGO261002C00317500%2CAVGO261002C00320000%2CAVGO261002C00322500%2CAVGO261002C00325000%2CAVGO261002C00327500%2CAVGO261002C00330000%2CAVGO261002C00332500%2CAVGO261002C00335000%2CAVGO261002C00337500%2CAVGO261002C00340000%2CAVGO261002C00342500%2CAVGO261002C00345000%2CAVGO261002C00347500%2CAVGO261002C00350000%2CAVGO261002C00352500%2CAVGO261002C00355000%2CAVGO261002C00357500%2CAVGO261002C00360000%2CAVGO261002C00362500%2CAVGO261002C00365000%2CAVGO261002C00367500%2CAVGO261002C00370000%2CAVGO261002C00372500%2CAVGO261002C00375000&greeks=true'
For more information check: https://developer.mozilla.org/en-US/docs/Web/HTTP/Status/401
2026-09-29T09:56:03 | WARNING  | app.scanning.alpaca_confirmer | AlpacaConfirmer: cannot fetch chain for AAPL 2026-10-02: Client error '401 Unauthorized' for url 'https://api.tradier.com/v1/markets/quotes?symbols=AAPL261002C00110000%2CAAPL261002C00120000%2CAAPL261002C00125000%2CAAPL261002C00130000%2CAAPL261002C00135000%2CAAPL261002C00140000%2CAAPL261002C00145000%2CAAPL261002C00150000%2CAAPL261002C00155000%2CAAPL261002C00160000%2CAAPL261002C00165000%2CAAPL261002C00170000%2CAAPL261002C00175000%2CAAPL261002C00180000%2CAAPL261002C00185000%2CAAPL261002C00190000%2CAAPL261002C00195000%2CAAPL261002C00200000%2CAAPL261002C00205000%2CAAPL261002C00210000%2CAAPL261002C00215000%2CAAPL261002C00220000%2CAAPL261002C00225000%2CAAPL261002C00230000%2CAAPL261002C00235000%2CAAPL261002C00240000%2CAAPL261002C00245000%2CAAPL261002C00250000%2CAAPL261002C00255000%2CAAPL261002C00260000%2CAAPL261002C00265000%2CAAPL261002C00270000%2CAAPL261002C00275000%2CAAPL261002C00280000%2CAAPL261002C00285000%2CAAPL261002C00290000%2CAAPL261002C00295000%2CAAPL261002C00297500%2CAAPL261002C00300000%2CAAPL261002C00302500%2CAAPL261002C00305000%2CAAPL261002C00307500%2CAAPL261002C00310000%2CAAPL261002C00312500%2CAAPL261002C00315000%2CAAPL261002C00317500%2CAAPL261002C00320000%2CAAPL261002C00322500%2CAAPL261002C00325000%2CAAPL261002C00327500&greeks=true'
For more information check: https://developer.mozilla.org/en-US/docs/Web/HTTP/Status/401
2026-09-29T09:56:03 | WARNING  | app.scanning.alpaca_confirmer | AlpacaConfirmer: cannot fetch chain for LYFT 2026-10-02: Client error '401 Unauthorized' for url 'https://api.tradier.com/v1/markets/quotes?symbols=LYFT261002C00005000%2CLYFT261002C00008000%2CLYFT261002C00009000%2CLYFT261002C00010000%2CLYFT261002C00010500%2CLYFT261002C00011000%2CLYFT261002C00011500%2CLYFT261002C00012000%2CLYFT261002C00012500%2CLYFT261002C00013000%2CLYFT261002C00013500%2CLYFT261002C00014000%2CLYFT261002C00014500%2CLYFT261002C00015000%2CLYFT261002C00015500%2CLYFT261002C00016000%2CLYFT261002C00016500%2CLYFT261002C00017000%2CLYFT261002C00017500%2CLYFT261002C00018000%2CLYFT261002C00018500%2CLYFT261002C00019000%2CLYFT261002C00019500%2CLYFT261002C00020000%2CLYFT261002C00020500%2CLYFT261002C00021000%2CLYFT261002C00021500%2CLYFT261002C00022000%2CLYFT261002C00023000%2CLYFT261002C00024000%2CLYFT261002C00025000%2CLYFT261002P00005000%2CLYFT261002P00008000%2CLYFT261002P00009000%2CLYFT261002P00010000%2CLYFT261002P00010500%2CLYFT261002P00011000%2CLYFT261002P00011500%2CLYFT261002P00012000%2CLYFT261002P00012500%2CLYFT261002P00013000%2CLYFT261002P00013500%2CLYFT261002P00014000%2CLYFT261002P00014500%2CLYFT261002P00015000%2CLYFT261002P00015500%2CLYFT261002P00016000%2CLYFT261002P00016500%2CLYFT261002P00017000%2CLYFT261002P00017500&greeks=true'
For more information check: https://developer.mozilla.org/en-US/docs/Web/HTTP/Status/401
2026-09-29T09:56:03 | WARNING  | app.scanning.alpaca_confirmer | AlpacaConfirmer: cannot fetch chain for AMD 2026-10-02: Client error '401 Unauthorized' for url 'https://api.tradier.com/v1/markets/quotes?symbols=AMD261002C00040000%2CAMD261002C00045000%2CAMD261002C00050000%2CAMD261002C00055000%2CAMD261002C00060000%2CAMD261002C00065000%2CAMD261002C00070000%2CAMD261002C00075000%2CAMD261002C00080000%2CAMD261002C00085000%2CAMD261002C00090000%2CAMD261002C00095000%2CAMD261002C00100000%2CAMD261002C00105000%2CAMD261002C00110000%2CAMD261002C00115000%2CAMD261002C00120000%2CAMD261002C00125000%2CAMD261002C00130000%2CAMD261002C00135000%2CAMD261002C00140000%2CAMD261002C00145000%2CAMD261002C00150000%2CAMD261002C00155000%2CAMD261002C00160000%2CAMD261002C00165000%2CAMD261002C00170000%2CAMD261002C00175000%2CAMD261002C00180000%2CAMD261002C00185000%2CAMD261002C00190000%2CAMD261002C00195000%2CAMD261002C00200000%2CAMD261002C00205000%2CAMD261002C00210000%2CAMD261002C00215000%2CAMD261002C00220000%2CAMD261002C00225000%2CAMD261002C00230000%2CAMD261002C00235000%2CAMD261002C00240000%2CAMD261002C00245000%2CAMD261002C00250000%2CAMD261002C00255000%2CAMD261002C00260000%2CAMD261002C00265000%2CAMD261002C00270000%2CAMD261002C00275000%2CAMD261002C00280000%2CAMD261002C00285000&greeks=true'
For more information check: https://developer.mozilla.org/en-US/docs/Web/HTTP/Status/401
2026-09-29T09:56:03 | WARNING  | app.scanning.alpaca_confirmer | AlpacaConfirmer: cannot fetch chain for MARA 2026-10-02: Client error '401 Unauthorized' for url 'https://api.tradier.com/v1/markets/quotes?symbols=MARA261002C00004000%2CMARA261002C00005000%2CMARA261002C00005500%2CMARA261002C00006000%2CMARA261002C00006500%2CMARA261002C00007000%2CMARA261002C00007500%2CMARA261002C00008000%2CMARA261002C00008500%2CMARA261002C00009000%2CMARA261002C00009500%2CMARA261002C00010000%2CMARA261002C00010500%2CMARA261002C00011000%2CMARA261002C00011500%2CMARA261002C00012000%2CMARA261002C00012500%2CMARA261002C00013000%2CMARA261002C00013500%2CMARA261002C00014000%2CMARA261002C00014500%2CMARA261002C00015000%2CMARA261002C00015500%2CMARA261002C00016000%2CMARA261002C00016500%2CMARA261002C00017000%2CMARA261002C00017500%2CMARA261002C00018000%2CMARA261002C00018500%2CMARA261002C00019000%2CMARA261002C00020000%2CMARA261002C00021000%2CMARA261002C00022000%2CMARA261002C00023000%2CMARA261002C00024000%2CMARA261002P00004000%2CMARA261002P00005000%2CMARA261002P00005500%2CMARA261002P00006000%2CMARA261002P00006500%2CMARA261002P00007000%2CMARA261002P00007500%2CMARA261002P00008000%2CMARA261002P00008500%2CMARA261002P00009000%2CMARA261002P00009500%2CMARA261002P00010000%2CMARA261002P00010500%2CMARA261002P00011000%2CMARA261002P00011500&greeks=true'
For more information check: https://developer.mozilla.org/en-US/docs/Web/HTTP/Status/401
2026-09-29T09:56:03 | INFO     | session_runner | AlpacaConfirmer: 0 confirmed symbols: []
2026-09-29T09:56:03 | WARNING  | session_runner | Re-scan returned no confirmed symbols — falling back to ['SPY']
2026-09-29T09:56:03 | INFO     | session_runner | Broad-market regime | SPY=neutral
2026-09-29T09:56:03 | INFO     | session_runner | [bridge:SPY] rsi_trend ready: sufficient bars
2026-09-29T09:56:03 | INFO     | session_runner | Direction mismatch: scanner=LONG strategy=SHORT for SPY/vwap_reclaim — skipped
2026-09-29T09:56:33 | INFO     | session_runner | [cycle 52] 09:56:33 ET | positions=0 | entries=0
2026-09-29T09:56:33 | INFO     | session_runner | [bridge:SPY] rsi_trend ready: sufficient bars
2026-09-29T09:56:33 | INFO     | session_runner | Direction mismatch: scanner=LONG strategy=SHORT for SPY/vwap_reclaim — skipped
2026-09-29T09:57:03 | INFO     | session_runner | [cycle 53] 09:57:03 ET | positions=0 | entries=0
2026-09-29T09:57:04 | INFO     | session_runner | [bridge:SPY] rsi_trend ready: sufficient bars
2026-09-29T09:57:04 | INFO     | session_runner | Direction mismatch: scanner=LONG strategy=SHORT for SPY/vwap_reclaim — skipped
2026-09-29T09:57:34 | INFO     | session_runner | [cycle 54] 09:57:34 ET | positions=0 | entries=0
2026-09-29T09:57:34 | INFO     | session_runner | [bridge:SPY] rsi_trend ready: sufficient bars
2026-09-29T09:57:34 | INFO     | session_runner | Direction mismatch: scanner=LONG strategy=SHORT for SPY/vwap_reclaim — skipped
2026-09-29T09:58:04 | INFO     | session_runner | [cycle 55] 09:58:04 ET | positions=0 | entries=0
2026-09-29T09:58:04 | INFO     | session_runner | [bridge:SPY] rsi_trend ready: sufficient bars
2026-09-29T09:58:04 | INFO     | session_runner | Direction mismatch: scanner=LONG strategy=SHORT for SPY/vwap_reclaim — skipped
2026-09-29T09:58:34 | INFO     | session_runner | [cycle 56] 09:58:34 ET | positions=0 | entries=0
2026-09-29T09:58:34 | INFO     | session_runner | [bridge:SPY] rsi_trend ready: sufficient bars
2026-09-29T09:58:34 | INFO     | session_runner | Direction mismatch: scanner=LONG strategy=SHORT for SPY/vwap_reclaim — skipped
2026-09-29T09:59:04 | INFO     | session_runner | [cycle 57] 09:59:04 ET | positions=0 | entries=0
2026-09-29T09:59:05 | INFO     | session_runner | [bridge:SPY] rsi_trend ready: sufficient bars
2026-09-29T09:59:05 | INFO     | session_runner | Direction mismatch: scanner=LONG strategy=SHORT for SPY/vwap_reclaim — skipped
2026-09-29T09:59:35 | INFO     | session_runner | [cycle 58] 09:59:35 ET | positions=0 | entries=0
2026-09-29T09:59:35 | INFO     | session_runner | [bridge:SPY] rsi_trend ready: sufficient bars
2026-09-29T09:59:35 | INFO     | session_runner | Direction mismatch: scanner=LONG strategy=SHORT for SPY/vwap_reclaim — skipped
2026-09-29T10:00:05 | INFO     | session_runner | [cycle 59] 10:00:05 ET | positions=0 | entries=0
2026-09-29T10:00:05 | INFO     | session_runner | [bridge:SPY] rsi_trend ready: sufficient bars
2026-09-29T10:00:05 | INFO     | session_runner | Stale signal: SPY/vwap_reclaim age=10 min > max 10 min — skipped
2026-09-29T10:00:35 | INFO     | session_runner | [cycle 60] 10:00:35 ET | positions=0 | entries=0
2026-09-29T10:00:35 | INFO     | session_runner | [bridge:SPY] rsi_trend ready: sufficient bars
2026-09-29T10:00:35 | INFO     | session_runner | Stale signal: SPY/vwap_reclaim age=11 min > max 10 min — skipped
2026-09-29T10:01:05 | INFO     | session_runner | [cycle 61] 10:01:05 ET | positions=0 | entries=0
2026-09-29T10:01:06 | INFO     | app.trading.reconciler | Reconciliation done: broker_pos=0 local_pos=0 broker_orders=0 local_pending=0 repaired=0 flagged=0 orders_confirmed=True positions_confirmed=True
2026-09-29T10:01:06 | INFO     | session_runner | Periodic universe re-scan …
2026-09-29T10:01:06 | INFO     | app.scanning.universe_loader | UniverseLoader: loaded 5 groups (13 flat symbols) from config/ticker_universe.yaml (blacklist=0)
2026-09-29T10:01:06 | INFO     | app.scanning.universe_loader | UniverseLoader: 38 symbols from 4 group(s) (blacklist=0)
2026-09-29T10:01:06 | INFO     | session_runner | Universe scan: 38 symbols from 4 group(s) | max_active=6
2026-09-29T10:01:15 | INFO     | session_runner | Scan: 21 passed, 17 rejected
2026-09-29T10:01:15 | INFO     | session_runner |   GOOGL   score=90.0  signal=SHORT    reasons: rvol=1.99x (elevated), atr=2.22% (wide-range), orb_breakdown
2026-09-29T10:01:15 | INFO     | session_runner |   AMD     score=80.0  signal=LONG     reasons: rvol=1.59x (elevated), atr=3.93% (wide-range), orb_breakout
2026-09-29T10:01:15 | INFO     | session_runner |   AVGO    score=75.0  signal=LONG     reasons: rvol=2.25x (high), atr=2.71% (wide-range), near_orb_level
2026-09-29T10:01:15 | INFO     | session_runner |   XLE     score=72.0  signal=LONG     reasons: rvol=1.82x (elevated), atr=1.91% (wide-range), orb_breakout
2026-09-29T10:01:15 | INFO     | session_runner |   AMZN    score=65.0  signal=SHORT    reasons: atr=1.98% (wide-range), orb_breakdown, trend_down
2026-09-29T10:01:15 | WARNING  | app.scanning.alpaca_confirmer | AlpacaConfirmer: cannot fetch chain for SOFI 2026-10-02: Client error '401 Unauthorized' for url 'https://api.tradier.com/v1/markets/quotes?symbols=SOFI261002C00005000%2CSOFI261002C00009000%2CSOFI261002C00010000%2CSOFI261002C00011000%2CSOFI261002C00011500%2CSOFI261002C00012000%2CSOFI261002C00012500%2CSOFI261002C00013000%2CSOFI261002C00013500%2CSOFI261002C00014000%2CSOFI261002C00014500%2CSOFI261002C00015000%2CSOFI261002C00015500%2CSOFI261002C00016000%2CSOFI261002C00016500%2CSOFI261002C00017000%2CSOFI261002C00017500%2CSOFI261002C00018000%2CSOFI261002C00018500%2CSOFI261002C00019000%2CSOFI261002C00019500%2CSOFI261002C00020000%2CSOFI261002C00020500%2CSOFI261002C00021000%2CSOFI261002C00021500%2CSOFI261002C00022000%2CSOFI261002C00022500%2CSOFI261002C00023000%2CSOFI261002C00023500%2CSOFI261002C00024000%2CSOFI261002C00025000%2CSOFI261002C00030000%2CSOFI261002P00005000%2CSOFI261002P00009000%2CSOFI261002P00010000%2CSOFI261002P00011000%2CSOFI261002P00011500%2CSOFI261002P00012000%2CSOFI261002P00012500%2CSOFI261002P00013000%2CSOFI261002P00013500%2CSOFI261002P00014000%2CSOFI261002P00014500%2CSOFI261002P00015000%2CSOFI261002P00015500%2CSOFI261002P00016000%2CSOFI261002P00016500%2CSOFI261002P00017000%2CSOFI261002P00017500%2CSOFI261002P00018000&greeks=true'
For more information check: https://developer.mozilla.org/en-US/docs/Web/HTTP/Status/401
2026-09-29T10:01:15 | WARNING  | app.scanning.alpaca_confirmer | AlpacaConfirmer: cannot fetch chain for UBER 2026-10-02: Client error '401 Unauthorized' for url 'https://api.tradier.com/v1/markets/quotes?symbols=UBER261002C00050000%2CUBER261002C00055000%2CUBER261002C00058000%2CUBER261002C00059000%2CUBER261002C00060000%2CUBER261002C00061000%2CUBER261002C00062000%2CUBER261002C00063000%2CUBER261002C00064000%2CUBER261002C00065000%2CUBER261002C00066000%2CUBER261002C00067000%2CUBER261002C00068000%2CUBER261002C00069000%2CUBER261002C00070000%2CUBER261002C00071000%2CUBER261002C00072000%2CUBER261002C00073000%2CUBER261002C00074000%2CUBER261002C00075000%2CUBER261002C00076000%2CUBER261002C00077000%2CUBER261002C00078000%2CUBER261002C00079000%2CUBER261002C00080000%2CUBER261002C00081000%2CUBER261002C00082000%2CUBER261002C00083000%2CUBER261002C00084000%2CUBER261002C00085000%2CUBER261002C00086000%2CUBER261002C00087000%2CUBER261002C00088000%2CUBER261002C00089000%2CUBER261002C00090000%2CUBER261002C00091000%2CUBER261002C00095000%2CUBER261002C00100000%2CUBER261002C00105000%2CUBER261002P00050000%2CUBER261002P00055000%2CUBER261002P00058000%2CUBER261002P00059000%2CUBER261002P00060000%2CUBER261002P00061000%2CUBER261002P00062000%2CUBER261002P00063000%2CUBER261002P00064000%2CUBER261002P00065000%2CUBER261002P00066000&greeks=true'
For more information check: https://developer.mozilla.org/en-US/docs/Web/HTTP/Status/401
2026-09-29T10:01:15 | WARNING  | app.scanning.alpaca_confirmer | AlpacaConfirmer: cannot fetch chain for MARA 2026-10-02: Client error '401 Unauthorized' for url 'https://api.tradier.com/v1/markets/quotes?symbols=MARA261002C00004000%2CMARA261002C00005000%2CMARA261002C00005500%2CMARA261002C00006000%2CMARA261002C00006500%2CMARA261002C00007000%2CMARA261002C00007500%2CMARA261002C00008000%2CMARA261002C00008500%2CMARA261002C00009000%2CMARA261002C00009500%2CMARA261002C00010000%2CMARA261002C00010500%2CMARA261002C00011000%2CMARA261002C00011500%2CMARA261002C00012000%2CMARA261002C00012500%2CMARA261002C00013000%2CMARA261002C00013500%2CMARA261002C00014000%2CMARA261002C00014500%2CMARA261002C00015000%2CMARA261002C00015500%2CMARA261002C00016000%2CMARA261002C00016500%2CMARA261002C00017000%2CMARA261002C00017500%2CMARA261002C00018000%2CMARA261002C00018500%2CMARA261002C00019000%2CMARA261002C00020000%2CMARA261002C00021000%2CMARA261002C00022000%2CMARA261002C00023000%2CMARA261002C00024000%2CMARA261002P00004000%2CMARA261002P00005000%2CMARA261002P00005500%2CMARA261002P00006000%2CMARA261002P00006500%2CMARA261002P00007000%2CMARA261002P00007500%2CMARA261002P00008000%2CMARA261002P00008500%2CMARA261002P00009000%2CMARA261002P00009500%2CMARA261002P00010000%2CMARA261002P00010500%2CMARA261002P00011000%2CMARA261002P00011500&greeks=true'
For more information check: https://developer.mozilla.org/en-US/docs/Web/HTTP/Status/401
2026-09-29T10:01:15 | WARNING  | app.scanning.alpaca_confirmer | AlpacaConfirmer: cannot fetch chain for GOOGL 2026-10-02: Client error '401 Unauthorized' for url 'https://api.tradier.com/v1/markets/quotes?symbols=GOOGL261002C00100000%2CGOOGL261002C00105000%2CGOOGL261002C00110000%2CGOOGL261002C00115000%2CGOOGL261002C00120000%2CGOOGL261002C00125000%2CGOOGL261002C00130000%2CGOOGL261002C00135000%2CGOOGL261002C00140000%2CGOOGL261002C00145000%2CGOOGL261002C00150000%2CGOOGL261002C00155000%2CGOOGL261002C00160000%2CGOOGL261002C00165000%2CGOOGL261002C00170000%2CGOOGL261002C00175000%2CGOOGL261002C00180000%2CGOOGL261002C00185000%2CGOOGL261002C00190000%2CGOOGL261002C00195000%2CGOOGL261002C00200000%2CGOOGL261002C00205000%2CGOOGL261002C00210000%2CGOOGL261002C00215000%2CGOOGL261002C00220000%2CGOOGL261002C00225000%2CGOOGL261002C00230000%2CGOOGL261002C00235000%2CGOOGL261002C00240000%2CGOOGL261002C00245000%2CGOOGL261002C00250000%2CGOOGL261002C00255000%2CGOOGL261002C00260000%2CGOOGL261002C00265000%2CGOOGL261002C00270000%2CGOOGL261002C00275000%2CGOOGL261002C00280000%2CGOOGL261002C00285000%2CGOOGL261002C00290000%2CGOOGL261002C00295000%2CGOOGL261002C00300000%2CGOOGL261002C00305000%2CGOOGL261002C00307500%2CGOOGL261002C00310000%2CGOOGL261002C00312500%2CGOOGL261002C00315000%2CGOOGL261002C00317500%2CGOOGL261002C00320000%2CGOOGL261002C00322500%2CGOOGL261002C00325000&greeks=true'
For more information check: https://developer.mozilla.org/en-US/docs/Web/HTTP/Status/401
2026-09-29T10:01:15 | WARNING  | app.scanning.alpaca_confirmer | AlpacaConfirmer: cannot fetch chain for XLE 2026-10-02: Client error '401 Unauthorized' for url 'https://api.tradier.com/v1/markets/quotes?symbols=XLE261002C00035000%2CXLE261002C00040000%2CXLE261002C00045000%2CXLE261002C00048000%2CXLE261002C00049000%2CXLE261002C00050000%2CXLE261002C00051000%2CXLE261002C00052000%2CXLE261002C00053000%2CXLE261002C00054000%2CXLE261002C00054500%2CXLE261002C00055000%2CXLE261002C00055500%2CXLE261002C00056000%2CXLE261002C00056500%2CXLE261002C00057000%2CXLE261002C00057500%2CXLE261002C00058000%2CXLE261002C00058500%2CXLE261002C00059000%2CXLE261002C00059500%2CXLE261002C00060000%2CXLE261002C00060500%2CXLE261002C00061000%2CXLE261002C00061500%2CXLE261002C00062000%2CXLE261002C00062500%2CXLE261002C00063000%2CXLE261002C00063500%2CXLE261002C00064000%2CXLE261002C00064500%2CXLE261002C00065000%2CXLE261002C00065500%2CXLE261002C00066000%2CXLE261002C00066500%2CXLE261002C00067000%2CXLE261002C00068000%2CXLE261002C00068500%2CXLE261002C00069000%2CXLE261002C00070000%2CXLE261002C00071000%2CXLE261002C00075000%2CXLE261002C00080000%2CXLE261002P00035000%2CXLE261002P00040000%2CXLE261002P00045000%2CXLE261002P00048000%2CXLE261002P00049000%2CXLE261002P00050000%2CXLE261002P00051000&greeks=true'
For more information check: https://developer.mozilla.org/en-US/docs/Web/HTTP/Status/401
2026-09-29T10:01:15 | WARNING  | app.scanning.alpaca_confirmer | AlpacaConfirmer: cannot fetch chain for AVGO 2026-10-02: Client error '401 Unauthorized' for url 'https://api.tradier.com/v1/markets/quotes?symbols=AVGO261002C00210000%2CAVGO261002C00215000%2CAVGO261002C00220000%2CAVGO261002C00225000%2CAVGO261002C00230000%2CAVGO261002C00235000%2CAVGO261002C00240000%2CAVGO261002C00245000%2CAVGO261002C00250000%2CAVGO261002C00255000%2CAVGO261002C00260000%2CAVGO261002C00265000%2CAVGO261002C00270000%2CAVGO261002C00275000%2CAVGO261002C00280000%2CAVGO261002C00285000%2CAVGO261002C00290000%2CAVGO261002C00295000%2CAVGO261002C00297500%2CAVGO261002C00300000%2CAVGO261002C00302500%2CAVGO261002C00305000%2CAVGO261002C00307500%2CAVGO261002C00310000%2CAVGO261002C00312500%2CAVGO261002C00315000%2CAVGO261002C00317500%2CAVGO261002C00320000%2CAVGO261002C00322500%2CAVGO261002C00325000%2CAVGO261002C00327500%2CAVGO261002C00330000%2CAVGO261002C00332500%2CAVGO261002C00335000%2CAVGO261002C00337500%2CAVGO261002C00340000%2CAVGO261002C00342500%2CAVGO261002C00345000%2CAVGO261002C00347500%2CAVGO261002C00350000%2CAVGO261002C00352500%2CAVGO261002C00355000%2CAVGO261002C00357500%2CAVGO261002C00360000%2CAVGO261002C00362500%2CAVGO261002C00365000%2CAVGO261002C00367500%2CAVGO261002C00370000%2CAVGO261002C00372500%2CAVGO261002C00375000&greeks=true'
For more information check: https://developer.mozilla.org/en-US/docs/Web/HTTP/Status/401
2026-09-29T10:01:15 | WARNING  | app.scanning.alpaca_confirmer | AlpacaConfirmer: cannot fetch chain for XLF 2026-10-01: Client error '401 Unauthorized' for url 'https://api.tradier.com/v1/markets/quotes?symbols=XLF261001C00041000%2CXLF261001C00042000%2CXLF261001C00043000%2CXLF261001C00044000%2CXLF261001C00045000%2CXLF261001C00046000%2CXLF261001C00047000%2CXLF261001C00048000%2CXLF261001C00049000%2CXLF261001C00050000%2CXLF261001C00050500%2CXLF261001C00051000%2CXLF261001C00051500%2CXLF261001C00052000%2CXLF261001C00052500%2CXLF261001C00053000%2CXLF261001C00053500%2CXLF261001C00054000%2CXLF261001C00054500%2CXLF261001C00055000%2CXLF261001C00055500%2CXLF261001C00056000%2CXLF261001C00056500%2CXLF261001C00057000%2CXLF261001C00057500%2CXLF261001C00058000%2CXLF261001C00058500%2CXLF261001C00059000%2CXLF261001C00059500%2CXLF261001C00060000%2CXLF261001C00060500%2CXLF261001C00061000%2CXLF261001C00061500%2CXLF261001C00062000%2CXLF261001C00062500%2CXLF261001C00063000%2CXLF261001C00063500%2CXLF261001C00064000%2CXLF261001C00064500%2CXLF261001C00065000%2CXLF261001C00066000%2CXLF261001C00067000%2CXLF261001C00068000%2CXLF261001C00069000%2CXLF261001C00070000%2CXLF261001C00071000%2CXLF261001C00072000%2CXLF261001C00073000%2CXLF261001C00074000%2CXLF261001P00041000&greeks=true'
For more information check: https://developer.mozilla.org/en-US/docs/Web/HTTP/Status/401
2026-09-29T10:01:15 | WARNING  | app.scanning.alpaca_confirmer | AlpacaConfirmer: cannot fetch chain for AMZN 2026-10-02: Client error '401 Unauthorized' for url 'https://api.tradier.com/v1/markets/quotes?symbols=AMZN261002C00140000%2CAMZN261002C00145000%2CAMZN261002C00150000%2CAMZN261002C00155000%2CAMZN261002C00160000%2CAMZN261002C00165000%2CAMZN261002C00170000%2CAMZN261002C00175000%2CAMZN261002C00180000%2CAMZN261002C00185000%2CAMZN261002C00190000%2CAMZN261002C00195000%2CAMZN261002C00200000%2CAMZN261002C00205000%2CAMZN261002C00210000%2CAMZN261002C00215000%2CAMZN261002C00217500%2CAMZN261002C00220000%2CAMZN261002C00222500%2CAMZN261002C00225000%2CAMZN261002C00227500%2CAMZN261002C00230000%2CAMZN261002C00232500%2CAMZN261002C00235000%2CAMZN261002C00237500%2CAMZN261002C00240000%2CAMZN261002C00242500%2CAMZN261002C00245000%2CAMZN261002C00247500%2CAMZN261002C00250000%2CAMZN261002C00252500%2CAMZN261002C00255000%2CAMZN261002C00257500%2CAMZN261002C00260000%2CAMZN261002C00262500%2CAMZN261002C00265000%2CAMZN261002C00267500%2CAMZN261002C00270000%2CAMZN261002C00272500%2CAMZN261002C00275000%2CAMZN261002C00277500%2CAMZN261002C00280000%2CAMZN261002C00282500%2CAMZN261002C00285000%2CAMZN261002C00290000%2CAMZN261002C00295000%2CAMZN261002C00300000%2CAMZN261002C00305000%2CAMZN261002C00310000%2CAMZN261002C00315000&greeks=true'
For more information check: https://developer.mozilla.org/en-US/docs/Web/HTTP/Status/401
2026-09-29T10:01:15 | WARNING  | app.scanning.alpaca_confirmer | AlpacaConfirmer: cannot fetch chain for AMD 2026-10-02: Client error '401 Unauthorized' for url 'https://api.tradier.com/v1/markets/quotes?symbols=AMD261002C00040000%2CAMD261002C00045000%2CAMD261002C00050000%2CAMD261002C00055000%2CAMD261002C00060000%2CAMD261002C00065000%2CAMD261002C00070000%2CAMD261002C00075000%2CAMD261002C00080000%2CAMD261002C00085000%2CAMD261002C00090000%2CAMD261002C00095000%2CAMD261002C00100000%2CAMD261002C00105000%2CAMD261002C00110000%2CAMD261002C00115000%2CAMD261002C00120000%2CAMD261002C00125000%2CAMD261002C00130000%2CAMD261002C00135000%2CAMD261002C00140000%2CAMD261002C00145000%2CAMD261002C00150000%2CAMD261002C00155000%2CAMD261002C00160000%2CAMD261002C00165000%2CAMD261002C00170000%2CAMD261002C00175000%2CAMD261002C00180000%2CAMD261002C00185000%2CAMD261002C00190000%2CAMD261002C00195000%2CAMD261002C00200000%2CAMD261002C00205000%2CAMD261002C00210000%2CAMD261002C00215000%2CAMD261002C00220000%2CAMD261002C00225000%2CAMD261002C00230000%2CAMD261002C00235000%2CAMD261002C00240000%2CAMD261002C00245000%2CAMD261002C00250000%2CAMD261002C00255000%2CAMD261002C00260000%2CAMD261002C00265000%2CAMD261002C00270000%2CAMD261002C00275000%2CAMD261002C00280000%2CAMD261002C00285000&greeks=true'
For more information check: https://developer.mozilla.org/en-US/docs/Web/HTTP/Status/401
2026-09-29T10:01:15 | WARNING  | app.scanning.alpaca_confirmer | AlpacaConfirmer: cannot fetch chain for SHOP 2026-10-02: Client error '401 Unauthorized' for url 'https://api.tradier.com/v1/markets/quotes?symbols=SHOP261002C00080000%2CSHOP261002C00085000%2CSHOP261002C00090000%2CSHOP261002C00095000%2CSHOP261002C00100000%2CSHOP261002C00103000%2CSHOP261002C00104000%2CSHOP261002C00105000%2CSHOP261002C00106000%2CSHOP261002C00107000%2CSHOP261002C00108000%2CSHOP261002C00109000%2CSHOP261002C00110000%2CSHOP261002C00111000%2CSHOP261002C00112000%2CSHOP261002C00113000%2CSHOP261002C00114000%2CSHOP261002C00115000%2CSHOP261002C00116000%2CSHOP261002C00117000%2CSHOP261002C00118000%2CSHOP261002C00119000%2CSHOP261002C00120000%2CSHOP261002C00121000%2CSHOP261002C00122000%2CSHOP261002C00123000%2CSHOP261002C00124000%2CSHOP261002C00125000%2CSHOP261002C00126000%2CSHOP261002C00127000%2CSHOP261002C00128000%2CSHOP261002C00129000%2CSHOP261002C00130000%2CSHOP261002C00131000%2CSHOP261002C00132000%2CSHOP261002C00133000%2CSHOP261002C00134000%2CSHOP261002C00135000%2CSHOP261002C00136000%2CSHOP261002C00137000%2CSHOP261002C00138000%2CSHOP261002C00139000%2CSHOP261002C00140000%2CSHOP261002C00141000%2CSHOP261002C00142000%2CSHOP261002C00143000%2CSHOP261002C00144000%2CSHOP261002C00145000%2CSHOP261002C00146000%2CSHOP261002C00147000&greeks=true'
For more information check: https://developer.mozilla.org/en-US/docs/Web/HTTP/Status/401
2026-09-29T10:01:15 | WARNING  | app.scanning.alpaca_confirmer | AlpacaConfirmer: cannot fetch chain for DKNG 2026-10-02: Client error '401 Unauthorized' for url 'https://api.tradier.com/v1/markets/quotes?symbols=DKNG261002C00011000%2CDKNG261002C00012000%2CDKNG261002C00013000%2CDKNG261002C00014000%2CDKNG261002C00015000%2CDKNG261002C00016000%2CDKNG261002C00017000%2CDKNG261002C00018000%2CDKNG261002C00019000%2CDKNG261002C00020000%2CDKNG261002C00020500%2CDKNG261002C00021000%2CDKNG261002C00021500%2CDKNG261002C00022000%2CDKNG261002C00022500%2CDKNG261002C00023000%2CDKNG261002C00023500%2CDKNG261002C00024000%2CDKNG261002C00024500%2CDKNG261002C00025000%2CDKNG261002C00025500%2CDKNG261002C00026000%2CDKNG261002C00026500%2CDKNG261002C00027000%2CDKNG261002C00027500%2CDKNG261002C00028000%2CDKNG261002C00028500%2CDKNG261002C00029000%2CDKNG261002C00030000%2CDKNG261002C00031000%2CDKNG261002C00032000%2CDKNG261002C00033000%2CDKNG261002C00034000%2CDKNG261002C00035000%2CDKNG261002C00036000%2CDKNG261002P00011000%2CDKNG261002P00012000%2CDKNG261002P00013000%2CDKNG261002P00014000%2CDKNG261002P00015000%2CDKNG261002P00016000%2CDKNG261002P00017000%2CDKNG261002P00018000%2CDKNG261002P00019000%2CDKNG261002P00020000%2CDKNG261002P00020500%2CDKNG261002P00021000%2CDKNG261002P00021500%2CDKNG261002P00022000%2CDKNG261002P00022500&greeks=true'
For more information check: https://developer.mozilla.org/en-US/docs/Web/HTTP/Status/401
2026-09-29T10:01:15 | WARNING  | app.scanning.alpaca_confirmer | AlpacaConfirmer: cannot fetch chain for SPY 2026-10-01: Client error '401 Unauthorized' for url 'https://api.tradier.com/v1/markets/quotes?symbols=SPY261001C00550000%2CSPY261001C00555000%2CSPY261001C00560000%2CSPY261001C00565000%2CSPY261001C00570000%2CSPY261001C00575000%2CSPY261001C00580000%2CSPY261001C00585000%2CSPY261001C00590000%2CSPY261001C00595000%2CSPY261001C00600000%2CSPY261001C00605000%2CSPY261001C00610000%2CSPY261001C00615000%2CSPY261001C00620000%2CSPY261001C00625000%2CSPY261001C00630000%2CSPY261001C00635000%2CSPY261001C00640000%2CSPY261001C00645000%2CSPY261001C00650000%2CSPY261001C00655000%2CSPY261001C00660000%2CSPY261001C00665000%2CSPY261001C00670000%2CSPY261001C00675000%2CSPY261001C00680000%2CSPY261001C00685000%2CSPY261001C00690000%2CSPY261001C00695000%2CSPY261001C00700000%2CSPY261001C00705000%2CSPY261001C00710000%2CSPY261001C00715000%2CSPY261001C00718000%2CSPY261001C00719000%2CSPY261001C00720000%2CSPY261001C00721000%2CSPY261001C00722000%2CSPY261001C00723000%2CSPY261001C00724000%2CSPY261001C00725000%2CSPY261001C00726000%2CSPY261001C00727000%2CSPY261001C00728000%2CSPY261001C00729000%2CSPY261001C00730000%2CSPY261001C00731000%2CSPY261001C00732000%2CSPY261001C00733000&greeks=true'
For more information check: https://developer.mozilla.org/en-US/docs/Web/HTTP/Status/401
2026-09-29T10:01:15 | INFO     | session_runner | AlpacaConfirmer: 0 confirmed symbols: []
2026-09-29T10:01:15 | WARNING  | session_runner | Re-scan returned no confirmed symbols — falling back to ['SPY']
2026-09-29T10:01:15 | INFO     | session_runner | Broad-market regime | SPY=short
2026-09-29T10:01:15 | INFO     | session_runner | [bridge:SPY] rsi_trend ready: sufficient bars
2026-09-29T10:01:15 | INFO     | session_runner | Stale signal: SPY/vwap_reclaim age=11 min > max 10 min — skipped
2026-09-29T10:01:45 | INFO     | session_runner | [cycle 62] 10:01:45 ET | positions=0 | entries=0
2026-09-29T10:01:46 | INFO     | session_runner | [bridge:SPY] rsi_trend ready: sufficient bars
2026-09-29T10:01:46 | INFO     | session_runner | Stale signal: SPY/vwap_reclaim age=12 min > max 10 min — skipped
2026-09-29T10:02:16 | INFO     | session_runner | [cycle 63] 10:02:16 ET | positions=0 | entries=0
2026-09-29T10:02:16 | INFO     | session_runner | [bridge:SPY] rsi_trend ready: sufficient bars
2026-09-29T10:02:16 | INFO     | session_runner | Stale signal: SPY/vwap_reclaim age=12 min > max 10 min — skipped
2026-09-29T10:02:46 | INFO     | session_runner | [cycle 64] 10:02:46 ET | positions=0 | entries=0
2026-09-29T10:02:46 | INFO     | session_runner | [bridge:SPY] rsi_trend ready: sufficient bars
2026-09-29T10:02:46 | INFO     | session_runner | Stale signal: SPY/vwap_reclaim age=13 min > max 10 min — skipped
2026-09-29T10:03:16 | INFO     | session_runner | [cycle 65] 10:03:16 ET | positions=0 | entries=0
2026-09-29T10:03:16 | INFO     | session_runner | [bridge:SPY] rsi_trend ready: sufficient bars
2026-09-29T10:03:16 | INFO     | session_runner | Stale signal: SPY/vwap_reclaim age=13 min > max 10 min — skipped
2026-09-29T10:03:46 | INFO     | session_runner | [cycle 66] 10:03:46 ET | positions=0 | entries=0
2026-09-29T10:03:47 | INFO     | session_runner | [bridge:SPY] rsi_trend ready: sufficient bars
2026-09-29T10:03:47 | INFO     | session_runner | Stale signal: SPY/vwap_reclaim age=14 min > max 10 min — skipped
2026-09-29T10:04:17 | INFO     | session_runner | [cycle 67] 10:04:17 ET | positions=0 | entries=0
2026-09-29T10:04:17 | INFO     | session_runner | [bridge:SPY] rsi_trend ready: sufficient bars
2026-09-29T10:04:17 | INFO     | session_runner | Stale signal: SPY/vwap_reclaim age=14 min > max 10 min — skipped
2026-09-29T10:04:47 | INFO     | session_runner | [cycle 68] 10:04:47 ET | positions=0 | entries=0
2026-09-29T10:04:47 | INFO     | session_runner | [bridge:SPY] rsi_trend ready: sufficient bars
2026-09-29T10:04:47 | INFO     | session_runner | Stale signal: SPY/vwap_reclaim age=15 min > max 10 min — skipped
2026-09-29T10:05:17 | INFO     | session_runner | [cycle 69] 10:05:17 ET | positions=0 | entries=0
2026-09-29T10:05:17 | INFO     | session_runner | [bridge:SPY] rsi_trend ready: sufficient bars
2026-09-29T10:05:17 | INFO     | session_runner | Direction mismatch: scanner=LONG strategy=SHORT for SPY/orb — skipped
2026-09-29T10:05:17 | INFO     | session_runner | Stale signal: SPY/vwap_reclaim age=15 min > max 10 min — skipped
2026-09-29T10:05:47 | INFO     | session_runner | [cycle 70] 10:05:47 ET | positions=0 | entries=0
2026-09-29T10:05:48 | INFO     | session_runner | [bridge:SPY] rsi_trend ready: sufficient bars
2026-09-29T10:05:48 | INFO     | session_runner | Direction mismatch: scanner=LONG strategy=SHORT for SPY/orb — skipped
2026-09-29T10:05:48 | INFO     | session_runner | Stale signal: SPY/vwap_reclaim age=16 min > max 10 min — skipped
2026-09-29T10:06:18 | INFO     | session_runner | [cycle 71] 10:06:18 ET | positions=0 | entries=0
2026-09-29T10:06:18 | INFO     | session_runner | Periodic universe re-scan …
2026-09-29T10:06:18 | INFO     | app.scanning.universe_loader | UniverseLoader: loaded 5 groups (13 flat symbols) from config/ticker_universe.yaml (blacklist=0)
2026-09-29T10:06:18 | INFO     | app.scanning.universe_loader | UniverseLoader: 38 symbols from 4 group(s) (blacklist=0)
2026-09-29T10:06:18 | INFO     | session_runner | Universe scan: 38 symbols from 4 group(s) | max_active=6
2026-09-29T10:06:24 | INFO     | session_runner | Scan: 18 passed, 20 rejected
2026-09-29T10:06:24 | INFO     | session_runner |   GOOGL   score=90.0  signal=SHORT    reasons: rvol=1.87x (elevated), atr=2.22% (wide-range), orb_breakdown
2026-09-29T10:06:24 | INFO     | session_runner |   XLE     score=72.0  signal=LONG     reasons: rvol=1.83x (elevated), atr=1.91% (wide-range), orb_breakout
2026-09-29T10:06:24 | INFO     | session_runner |   AMD     score=70.0  signal=LONG     reasons: rvol=1.69x (elevated), atr=3.94% (wide-range), orb_breakout
2026-09-29T10:06:24 | INFO     | session_runner |   IWM     score=68.0  signal=SHORT    reasons: rvol=1.60x (elevated), atr=1.14% (good range), orb_breakdown
2026-09-29T10:06:24 | INFO     | session_runner |   AVGO    score=67.0  signal=LONG     reasons: rvol=2.14x (high), atr=2.72% (wide-range), trend_sideways
2026-09-29T10:06:24 | WARNING  | app.scanning.alpaca_confirmer | AlpacaConfirmer: cannot fetch chain for XLE 2026-10-02: Client error '401 Unauthorized' for url 'https://api.tradier.com/v1/markets/quotes?symbols=XLE261002C00035000%2CXLE261002C00040000%2CXLE261002C00045000%2CXLE261002C00048000%2CXLE261002C00049000%2CXLE261002C00050000%2CXLE261002C00051000%2CXLE261002C00052000%2CXLE261002C00053000%2CXLE261002C00054000%2CXLE261002C00054500%2CXLE261002C00055000%2CXLE261002C00055500%2CXLE261002C00056000%2CXLE261002C00056500%2CXLE261002C00057000%2CXLE261002C00057500%2CXLE261002C00058000%2CXLE261002C00058500%2CXLE261002C00059000%2CXLE261002C00059500%2CXLE261002C00060000%2CXLE261002C00060500%2CXLE261002C00061000%2CXLE261002C00061500%2CXLE261002C00062000%2CXLE261002C00062500%2CXLE261002C00063000%2CXLE261002C00063500%2CXLE261002C00064000%2CXLE261002C00064500%2CXLE261002C00065000%2CXLE261002C00065500%2CXLE261002C00066000%2CXLE261002C00066500%2CXLE261002C00067000%2CXLE261002C00068000%2CXLE261002C00068500%2CXLE261002C00069000%2CXLE261002C00070000%2CXLE261002C00071000%2CXLE261002C00075000%2CXLE261002C00080000%2CXLE261002P00035000%2CXLE261002P00040000%2CXLE261002P00045000%2CXLE261002P00048000%2CXLE261002P00049000%2CXLE261002P00050000%2CXLE261002P00051000&greeks=true'
For more information check: https://developer.mozilla.org/en-US/docs/Web/HTTP/Status/401
2026-09-29T10:06:24 | WARNING  | app.scanning.alpaca_confirmer | AlpacaConfirmer: cannot fetch chain for UBER 2026-10-02: Client error '401 Unauthorized' for url 'https://api.tradier.com/v1/markets/quotes?symbols=UBER261002C00050000%2CUBER261002C00055000%2CUBER261002C00058000%2CUBER261002C00059000%2CUBER261002C00060000%2CUBER261002C00061000%2CUBER261002C00062000%2CUBER261002C00063000%2CUBER261002C00064000%2CUBER261002C00065000%2CUBER261002C00066000%2CUBER261002C00067000%2CUBER261002C00068000%2CUBER261002C00069000%2CUBER261002C00070000%2CUBER261002C00071000%2CUBER261002C00072000%2CUBER261002C00073000%2CUBER261002C00074000%2CUBER261002C00075000%2CUBER261002C00076000%2CUBER261002C00077000%2CUBER261002C00078000%2CUBER261002C00079000%2CUBER261002C00080000%2CUBER261002C00081000%2CUBER261002C00082000%2CUBER261002C00083000%2CUBER261002C00084000%2CUBER261002C00085000%2CUBER261002C00086000%2CUBER261002C00087000%2CUBER261002C00088000%2CUBER261002C00089000%2CUBER261002C00090000%2CUBER261002C00091000%2CUBER261002C00095000%2CUBER261002C00100000%2CUBER261002C00105000%2CUBER261002P00050000%2CUBER261002P00055000%2CUBER261002P00058000%2CUBER261002P00059000%2CUBER261002P00060000%2CUBER261002P00061000%2CUBER261002P00062000%2CUBER261002P00063000%2CUBER261002P00064000%2CUBER261002P00065000%2CUBER261002P00066000&greeks=true'
For more information check: https://developer.mozilla.org/en-US/docs/Web/HTTP/Status/401
2026-09-29T10:06:24 | WARNING  | app.scanning.alpaca_confirmer | AlpacaConfirmer: cannot fetch chain for GOOGL 2026-10-02: Client error '401 Unauthorized' for url 'https://api.tradier.com/v1/markets/quotes?symbols=GOOGL261002C00100000%2CGOOGL261002C00105000%2CGOOGL261002C00110000%2CGOOGL261002C00115000%2CGOOGL261002C00120000%2CGOOGL261002C00125000%2CGOOGL261002C00130000%2CGOOGL261002C00135000%2CGOOGL261002C00140000%2CGOOGL261002C00145000%2CGOOGL261002C00150000%2CGOOGL261002C00155000%2CGOOGL261002C00160000%2CGOOGL261002C00165000%2CGOOGL261002C00170000%2CGOOGL261002C00175000%2CGOOGL261002C00180000%2CGOOGL261002C00185000%2CGOOGL261002C00190000%2CGOOGL261002C00195000%2CGOOGL261002C00200000%2CGOOGL261002C00205000%2CGOOGL261002C00210000%2CGOOGL261002C00215000%2CGOOGL261002C00220000%2CGOOGL261002C00225000%2CGOOGL261002C00230000%2CGOOGL261002C00235000%2CGOOGL261002C00240000%2CGOOGL261002C00245000%2CGOOGL261002C00250000%2CGOOGL261002C00255000%2CGOOGL261002C00260000%2CGOOGL261002C00265000%2CGOOGL261002C00270000%2CGOOGL261002C00275000%2CGOOGL261002C00280000%2CGOOGL261002C00285000%2CGOOGL261002C00290000%2CGOOGL261002C00295000%2CGOOGL261002C00300000%2CGOOGL261002C00305000%2CGOOGL261002C00307500%2CGOOGL261002C00310000%2CGOOGL261002C00312500%2CGOOGL261002C00315000%2CGOOGL261002C00317500%2CGOOGL261002C00320000%2CGOOGL261002C00322500%2CGOOGL261002C00325000&greeks=true'
For more information check: https://developer.mozilla.org/en-US/docs/Web/HTTP/Status/401
2026-09-29T10:06:24 | WARNING  | app.scanning.alpaca_confirmer | AlpacaConfirmer: cannot fetch chain for LYFT 2026-10-02: Client error '401 Unauthorized' for url 'https://api.tradier.com/v1/markets/quotes?symbols=LYFT261002C00005000%2CLYFT261002C00008000%2CLYFT261002C00009000%2CLYFT261002C00010000%2CLYFT261002C00010500%2CLYFT261002C00011000%2CLYFT261002C00011500%2CLYFT261002C00012000%2CLYFT261002C00012500%2CLYFT261002C00013000%2CLYFT261002C00013500%2CLYFT261002C00014000%2CLYFT261002C00014500%2CLYFT261002C00015000%2CLYFT261002C00015500%2CLYFT261002C00016000%2CLYFT261002C00016500%2CLYFT261002C00017000%2CLYFT261002C00017500%2CLYFT261002C00018000%2CLYFT261002C00018500%2CLYFT261002C00019000%2CLYFT261002C00019500%2CLYFT261002C00020000%2CLYFT261002C00020500%2CLYFT261002C00021000%2CLYFT261002C00021500%2CLYFT261002C00022000%2CLYFT261002C00023000%2CLYFT261002C00024000%2CLYFT261002C00025000%2CLYFT261002P00005000%2CLYFT261002P00008000%2CLYFT261002P00009000%2CLYFT261002P00010000%2CLYFT261002P00010500%2CLYFT261002P00011000%2CLYFT261002P00011500%2CLYFT261002P00012000%2CLYFT261002P00012500%2CLYFT261002P00013000%2CLYFT261002P00013500%2CLYFT261002P00014000%2CLYFT261002P00014500%2CLYFT261002P00015000%2CLYFT261002P00015500%2CLYFT261002P00016000%2CLYFT261002P00016500%2CLYFT261002P00017000%2CLYFT261002P00017500&greeks=true'
For more information check: https://developer.mozilla.org/en-US/docs/Web/HTTP/Status/401
2026-09-29T10:06:24 | WARNING  | app.scanning.alpaca_confirmer | AlpacaConfirmer: cannot fetch chain for SPY 2026-10-01: Client error '401 Unauthorized' for url 'https://api.tradier.com/v1/markets/quotes?symbols=SPY261001C00550000%2CSPY261001C00555000%2CSPY261001C00560000%2CSPY261001C00565000%2CSPY261001C00570000%2CSPY261001C00575000%2CSPY261001C00580000%2CSPY261001C00585000%2CSPY261001C00590000%2CSPY261001C00595000%2CSPY261001C00600000%2CSPY261001C00605000%2CSPY261001C00610000%2CSPY261001C00615000%2CSPY261001C00620000%2CSPY261001C00625000%2CSPY261001C00630000%2CSPY261001C00635000%2CSPY261001C00640000%2CSPY261001C00645000%2CSPY261001C00650000%2CSPY261001C00655000%2CSPY261001C00660000%2CSPY261001C00665000%2CSPY261001C00670000%2CSPY261001C00675000%2CSPY261001C00680000%2CSPY261001C00685000%2CSPY261001C00690000%2CSPY261001C00695000%2CSPY261001C00700000%2CSPY261001C00705000%2CSPY261001C00710000%2CSPY261001C00715000%2CSPY261001C00718000%2CSPY261001C00719000%2CSPY261001C00720000%2CSPY261001C00721000%2CSPY261001C00722000%2CSPY261001C00723000%2CSPY261001C00724000%2CSPY261001C00725000%2CSPY261001C00726000%2CSPY261001C00727000%2CSPY261001C00728000%2CSPY261001C00729000%2CSPY261001C00730000%2CSPY261001C00731000%2CSPY261001C00732000%2CSPY261001C00733000&greeks=true'
For more information check: https://developer.mozilla.org/en-US/docs/Web/HTTP/Status/401
2026-09-29T10:06:24 | WARNING  | app.scanning.alpaca_confirmer | AlpacaConfirmer: cannot fetch chain for AMD 2026-10-02: Client error '401 Unauthorized' for url 'https://api.tradier.com/v1/markets/quotes?symbols=AMD261002C00040000%2CAMD261002C00045000%2CAMD261002C00050000%2CAMD261002C00055000%2CAMD261002C00060000%2CAMD261002C00065000%2CAMD261002C00070000%2CAMD261002C00075000%2CAMD261002C00080000%2CAMD261002C00085000%2CAMD261002C00090000%2CAMD261002C00095000%2CAMD261002C00100000%2CAMD261002C00105000%2CAMD261002C00110000%2CAMD261002C00115000%2CAMD261002C00120000%2CAMD261002C00125000%2CAMD261002C00130000%2CAMD261002C00135000%2CAMD261002C00140000%2CAMD261002C00145000%2CAMD261002C00150000%2CAMD261002C00155000%2CAMD261002C00160000%2CAMD261002C00165000%2CAMD261002C00170000%2CAMD261002C00175000%2CAMD261002C00180000%2CAMD261002C00185000%2CAMD261002C00190000%2CAMD261002C00195000%2CAMD261002C00200000%2CAMD261002C00205000%2CAMD261002C00210000%2CAMD261002C00215000%2CAMD261002C00220000%2CAMD261002C00225000%2CAMD261002C00230000%2CAMD261002C00235000%2CAMD261002C00240000%2CAMD261002C00245000%2CAMD261002C00250000%2CAMD261002C00255000%2CAMD261002C00260000%2CAMD261002C00265000%2CAMD261002C00270000%2CAMD261002C00275000%2CAMD261002C00280000%2CAMD261002C00285000&greeks=true'
For more information check: https://developer.mozilla.org/en-US/docs/Web/HTTP/Status/401
2026-09-29T10:06:24 | WARNING  | app.scanning.alpaca_confirmer | AlpacaConfirmer: cannot fetch chain for IWM 2026-10-01: Client error '401 Unauthorized' for url 'https://api.tradier.com/v1/markets/quotes?symbols=IWM261001C00180000%2CIWM261001C00190000%2CIWM261001C00200000%2CIWM261001C00205000%2CIWM261001C00210000%2CIWM261001C00215000%2CIWM261001C00220000%2CIWM261001C00225000%2CIWM261001C00230000%2CIWM261001C00235000%2CIWM261001C00240000%2CIWM261001C00245000%2CIWM261001C00250000%2CIWM261001C00255000%2CIWM261001C00260000%2CIWM261001C00261000%2CIWM261001C00262000%2CIWM261001C00263000%2CIWM261001C00264000%2CIWM261001C00265000%2CIWM261001C00266000%2CIWM261001C00267000%2CIWM261001C00268000%2CIWM261001C00269000%2CIWM261001C00270000%2CIWM261001C00271000%2CIWM261001C00272000%2CIWM261001C00273000%2CIWM261001C00274000%2CIWM261001C00275000%2CIWM261001C00276000%2CIWM261001C00277000%2CIWM261001C00278000%2CIWM261001C00279000%2CIWM261001C00280000%2CIWM261001C00281000%2CIWM261001C00282000%2CIWM261001C00283000%2CIWM261001C00284000%2CIWM261001C00285000%2CIWM261001C00286000%2CIWM261001C00287000%2CIWM261001C00288000%2CIWM261001C00289000%2CIWM261001C00290000%2CIWM261001C00291000%2CIWM261001C00292000%2CIWM261001C00293000%2CIWM261001C00294000%2CIWM261001C00295000&greeks=true'
For more information check: https://developer.mozilla.org/en-US/docs/Web/HTTP/Status/401
2026-09-29T10:06:24 | WARNING  | app.scanning.alpaca_confirmer | AlpacaConfirmer: cannot fetch chain for HOOD 2026-10-02: Client error '401 Unauthorized' for url 'https://api.tradier.com/v1/markets/quotes?symbols=HOOD261002C00025000%2CHOOD261002C00030000%2CHOOD261002C00035000%2CHOOD261002C00040000%2CHOOD261002C00045000%2CHOOD261002C00050000%2CHOOD261002C00055000%2CHOOD261002C00060000%2CHOOD261002C00065000%2CHOOD261002C00070000%2CHOOD261002C00075000%2CHOOD261002C00080000%2CHOOD261002C00082000%2CHOOD261002C00083000%2CHOOD261002C00084000%2CHOOD261002C00085000%2CHOOD261002C00086000%2CHOOD261002C00087000%2CHOOD261002C00088000%2CHOOD261002C00089000%2CHOOD261002C00090000%2CHOOD261002C00091000%2CHOOD261002C00092000%2CHOOD261002C00093000%2CHOOD261002C00094000%2CHOOD261002C00095000%2CHOOD261002C00096000%2CHOOD261002C00097000%2CHOOD261002C00098000%2CHOOD261002C00099000%2CHOOD261002C00100000%2CHOOD261002C00101000%2CHOOD261002C00102000%2CHOOD261002C00103000%2CHOOD261002C00104000%2CHOOD261002C00105000%2CHOOD261002C00106000%2CHOOD261002C00107000%2CHOOD261002C00108000%2CHOOD261002C00109000%2CHOOD261002C00110000%2CHOOD261002C00111000%2CHOOD261002C00112000%2CHOOD261002C00113000%2CHOOD261002C00114000%2CHOOD261002C00115000%2CHOOD261002C00116000%2CHOOD261002C00117000%2CHOOD261002C00118000%2CHOOD261002C00119000&greeks=true'
For more information check: https://developer.mozilla.org/en-US/docs/Web/HTTP/Status/401
2026-09-29T10:06:24 | WARNING  | app.scanning.alpaca_confirmer | AlpacaConfirmer: cannot fetch chain for AMZN 2026-10-02: Client error '401 Unauthorized' for url 'https://api.tradier.com/v1/markets/quotes?symbols=AMZN261002C00140000%2CAMZN261002C00145000%2CAMZN261002C00150000%2CAMZN261002C00155000%2CAMZN261002C00160000%2CAMZN261002C00165000%2CAMZN261002C00170000%2CAMZN261002C00175000%2CAMZN261002C00180000%2CAMZN261002C00185000%2CAMZN261002C00190000%2CAMZN261002C00195000%2CAMZN261002C00200000%2CAMZN261002C00205000%2CAMZN261002C00210000%2CAMZN261002C00215000%2CAMZN261002C00217500%2CAMZN261002C00220000%2CAMZN261002C00222500%2CAMZN261002C00225000%2CAMZN261002C00227500%2CAMZN261002C00230000%2CAMZN261002C00232500%2CAMZN261002C00235000%2CAMZN261002C00237500%2CAMZN261002C00240000%2CAMZN261002C00242500%2CAMZN261002C00245000%2CAMZN261002C00247500%2CAMZN261002C00250000%2CAMZN261002C00252500%2CAMZN261002C00255000%2CAMZN261002C00257500%2CAMZN261002C00260000%2CAMZN261002C00262500%2CAMZN261002C00265000%2CAMZN261002C00267500%2CAMZN261002C00270000%2CAMZN261002C00272500%2CAMZN261002C00275000%2CAMZN261002C00277500%2CAMZN261002C00280000%2CAMZN261002C00282500%2CAMZN261002C00285000%2CAMZN261002C00290000%2CAMZN261002C00295000%2CAMZN261002C00300000%2CAMZN261002C00305000%2CAMZN261002C00310000%2CAMZN261002C00315000&greeks=true'
For more information check: https://developer.mozilla.org/en-US/docs/Web/HTTP/Status/401
2026-09-29T10:06:24 | WARNING  | app.scanning.alpaca_confirmer | AlpacaConfirmer: cannot fetch chain for AVGO 2026-10-02: Client error '401 Unauthorized' for url 'https://api.tradier.com/v1/markets/quotes?symbols=AVGO261002C00210000%2CAVGO261002C00215000%2CAVGO261002C00220000%2CAVGO261002C00225000%2CAVGO261002C00230000%2CAVGO261002C00235000%2CAVGO261002C00240000%2CAVGO261002C00245000%2CAVGO261002C00250000%2CAVGO261002C00255000%2CAVGO261002C00260000%2CAVGO261002C00265000%2CAVGO261002C00270000%2CAVGO261002C00275000%2CAVGO261002C00280000%2CAVGO261002C00285000%2CAVGO261002C00290000%2CAVGO261002C00295000%2CAVGO261002C00297500%2CAVGO261002C00300000%2CAVGO261002C00302500%2CAVGO261002C00305000%2CAVGO261002C00307500%2CAVGO261002C00310000%2CAVGO261002C00312500%2CAVGO261002C00315000%2CAVGO261002C00317500%2CAVGO261002C00320000%2CAVGO261002C00322500%2CAVGO261002C00325000%2CAVGO261002C00327500%2CAVGO261002C00330000%2CAVGO261002C00332500%2CAVGO261002C00335000%2CAVGO261002C00337500%2CAVGO261002C00340000%2CAVGO261002C00342500%2CAVGO261002C00345000%2CAVGO261002C00347500%2CAVGO261002C00350000%2CAVGO261002C00352500%2CAVGO261002C00355000%2CAVGO261002C00357500%2CAVGO261002C00360000%2CAVGO261002C00362500%2CAVGO261002C00365000%2CAVGO261002C00367500%2CAVGO261002C00370000%2CAVGO261002C00372500%2CAVGO261002C00375000&greeks=true'
For more information check: https://developer.mozilla.org/en-US/docs/Web/HTTP/Status/401
2026-09-29T10:06:24 | WARNING  | app.scanning.alpaca_confirmer | AlpacaConfirmer: cannot fetch chain for SOFI 2026-10-02: Client error '401 Unauthorized' for url 'https://api.tradier.com/v1/markets/quotes?symbols=SOFI261002C00005000%2CSOFI261002C00009000%2CSOFI261002C00010000%2CSOFI261002C00011000%2CSOFI261002C00011500%2CSOFI261002C00012000%2CSOFI261002C00012500%2CSOFI261002C00013000%2CSOFI261002C00013500%2CSOFI261002C00014000%2CSOFI261002C00014500%2CSOFI261002C00015000%2CSOFI261002C00015500%2CSOFI261002C00016000%2CSOFI261002C00016500%2CSOFI261002C00017000%2CSOFI261002C00017500%2CSOFI261002C00018000%2CSOFI261002C00018500%2CSOFI261002C00019000%2CSOFI261002C00019500%2CSOFI261002C00020000%2CSOFI261002C00020500%2CSOFI261002C00021000%2CSOFI261002C00021500%2CSOFI261002C00022000%2CSOFI261002C00022500%2CSOFI261002C00023000%2CSOFI261002C00023500%2CSOFI261002C00024000%2CSOFI261002C00025000%2CSOFI261002C00030000%2CSOFI261002P00005000%2CSOFI261002P00009000%2CSOFI261002P00010000%2CSOFI261002P00011000%2CSOFI261002P00011500%2CSOFI261002P00012000%2CSOFI261002P00012500%2CSOFI261002P00013000%2CSOFI261002P00013500%2CSOFI261002P00014000%2CSOFI261002P00014500%2CSOFI261002P00015000%2CSOFI261002P00015500%2CSOFI261002P00016000%2CSOFI261002P00016500%2CSOFI261002P00017000%2CSOFI261002P00017500%2CSOFI261002P00018000&greeks=true'
For more information check: https://developer.mozilla.org/en-US/docs/Web/HTTP/Status/401
2026-09-29T10:06:24 | INFO     | session_runner | AlpacaConfirmer: 0 confirmed symbols: []
2026-09-29T10:06:24 | WARNING  | session_runner | Re-scan returned no confirmed symbols — falling back to ['SPY']
2026-09-29T10:06:24 | INFO     | session_runner | Broad-market regime | SPY=short
2026-09-29T10:06:24 | INFO     | session_runner | [bridge:SPY] rsi_trend ready: sufficient bars
2026-09-29T10:06:24 | INFO     | session_runner | Direction mismatch: scanner=LONG strategy=SHORT for SPY/orb — skipped
2026-09-29T10:06:24 | INFO     | session_runner | Stale signal: SPY/vwap_reclaim age=16 min > max 10 min — skipped
2026-09-29T10:06:54 | INFO     | session_runner | [cycle 72] 10:06:54 ET | positions=0 | entries=0
2026-09-29T10:06:54 | INFO     | session_runner | [bridge:SPY] rsi_trend ready: sufficient bars
2026-09-29T10:06:54 | INFO     | session_runner | Direction mismatch: scanner=LONG strategy=SHORT for SPY/orb — skipped
2026-09-29T10:06:54 | INFO     | session_runner | Stale signal: SPY/vwap_reclaim age=17 min > max 10 min — skipped
2026-09-29T10:07:24 | INFO     | session_runner | [cycle 73] 10:07:24 ET | positions=0 | entries=0
2026-09-29T10:07:25 | INFO     | session_runner | [bridge:SPY] rsi_trend ready: sufficient bars
2026-09-29T10:07:25 | INFO     | session_runner | Direction mismatch: scanner=LONG strategy=SHORT for SPY/orb — skipped
2026-09-29T10:07:25 | INFO     | session_runner | Stale signal: SPY/vwap_reclaim age=17 min > max 10 min — skipped
2026-09-29T10:07:55 | INFO     | session_runner | [cycle 74] 10:07:55 ET | positions=0 | entries=0
2026-09-29T10:07:55 | INFO     | session_runner | [bridge:SPY] rsi_trend ready: sufficient bars
2026-09-29T10:07:55 | INFO     | session_runner | Direction mismatch: scanner=LONG strategy=SHORT for SPY/orb — skipped
2026-09-29T10:07:55 | INFO     | session_runner | Stale signal: SPY/vwap_reclaim age=18 min > max 10 min — skipped
2026-09-29T10:08:25 | INFO     | session_runner | [cycle 75] 10:08:25 ET | positions=0 | entries=0
2026-09-29T10:08:25 | INFO     | session_runner | [bridge:SPY] rsi_trend ready: sufficient bars
2026-09-29T10:08:25 | INFO     | session_runner | Direction mismatch: scanner=LONG strategy=SHORT for SPY/orb — skipped
2026-09-29T10:08:25 | INFO     | session_runner | Stale signal: SPY/vwap_reclaim age=18 min > max 10 min — skipped
2026-09-29T10:08:55 | INFO     | session_runner | [cycle 76] 10:08:55 ET | positions=0 | entries=0
2026-09-29T10:08:55 | INFO     | session_runner | [bridge:SPY] rsi_trend ready: sufficient bars
2026-09-29T10:08:55 | INFO     | session_runner | Direction mismatch: scanner=LONG strategy=SHORT for SPY/orb — skipped
2026-09-29T10:08:55 | INFO     | session_runner | Stale signal: SPY/vwap_reclaim age=19 min > max 10 min — skipped
2026-09-29T10:09:25 | INFO     | session_runner | [cycle 77] 10:09:25 ET | positions=0 | entries=0
2026-09-29T10:09:25 | INFO     | session_runner | [bridge:SPY] rsi_trend ready: sufficient bars
2026-09-29T10:09:25 | INFO     | session_runner | Direction mismatch: scanner=LONG strategy=SHORT for SPY/orb — skipped
2026-09-29T10:09:25 | INFO     | session_runner | Stale signal: SPY/vwap_reclaim age=19 min > max 10 min — skipped
2026-09-29T10:09:55 | INFO     | session_runner | [cycle 78] 10:09:55 ET | positions=0 | entries=0
2026-09-29T10:09:56 | INFO     | session_runner | [bridge:SPY] rsi_trend ready: sufficient bars
2026-09-29T10:09:56 | INFO     | session_runner | Direction mismatch: scanner=LONG strategy=SHORT for SPY/orb — skipped
2026-09-29T10:09:56 | INFO     | session_runner | Stale signal: SPY/vwap_reclaim age=20 min > max 10 min — skipped
2026-09-29T10:10:26 | INFO     | session_runner | [cycle 79] 10:10:26 ET | positions=0 | entries=0
2026-09-29T10:10:26 | INFO     | session_runner | [bridge:SPY] rsi_trend ready: sufficient bars
2026-09-29T10:10:26 | INFO     | session_runner | Stale signal: SPY/orb age=10 min > max 10 min — skipped
2026-09-29T10:10:26 | INFO     | session_runner | Stale signal: SPY/vwap_reclaim age=20 min > max 10 min — skipped
2026-09-29T10:10:56 | INFO     | session_runner | [cycle 80] 10:10:56 ET | positions=0 | entries=0
2026-09-29T10:10:56 | INFO     | session_runner | [bridge:SPY] rsi_trend ready: sufficient bars
2026-09-29T10:10:56 | INFO     | session_runner | Stale signal: SPY/orb age=11 min > max 10 min — skipped
2026-09-29T10:10:56 | INFO     | session_runner | Stale signal: SPY/vwap_reclaim age=21 min > max 10 min — skipped
2026-09-29T10:11:26 | INFO     | session_runner | [cycle 81] 10:11:26 ET | positions=0 | entries=0
2026-09-29T10:11:26 | INFO     | app.trading.reconciler | Reconciliation done: broker_pos=0 local_pos=0 broker_orders=0 local_pending=0 repaired=0 flagged=0 orders_confirmed=True positions_confirmed=True
2026-09-29T10:11:26 | INFO     | session_runner | Periodic universe re-scan …
2026-09-29T10:11:26 | INFO     | app.scanning.universe_loader | UniverseLoader: loaded 5 groups (13 flat symbols) from config/ticker_universe.yaml (blacklist=0)
2026-09-29T10:11:26 | INFO     | app.scanning.universe_loader | UniverseLoader: 38 symbols from 4 group(s) (blacklist=0)
2026-09-29T10:11:26 | INFO     | session_runner | Universe scan: 38 symbols from 4 group(s) | max_active=6
2026-09-29T10:11:30 | INFO     | session_runner | Scan: 17 passed, 21 rejected
2026-09-29T10:11:30 | INFO     | session_runner |   GOOGL   score=90.0  signal=SHORT    reasons: rvol=1.72x (elevated), atr=2.22% (wide-range), orb_breakdown
2026-09-29T10:11:30 | INFO     | session_runner |   XLE     score=72.0  signal=LONG     reasons: rvol=1.80x (elevated), atr=1.91% (wide-range), orb_breakout
2026-09-29T10:11:30 | INFO     | session_runner |   AMD     score=70.0  signal=LONG     reasons: rvol=1.64x (elevated), atr=3.94% (wide-range), orb_breakout
2026-09-29T10:11:30 | INFO     | session_runner |   IWM     score=68.0  signal=SHORT    reasons: rvol=1.53x (elevated), atr=1.15% (good range), orb_breakdown
2026-09-29T10:11:30 | INFO     | session_runner |   AVGO    score=67.0  signal=SHORT    reasons: rvol=2.03x (high), atr=2.73% (wide-range), trend_sideways
2026-09-29T10:11:30 | WARNING  | app.scanning.alpaca_confirmer | AlpacaConfirmer: cannot fetch chain for XLE 2026-10-02: Client error '401 Unauthorized' for url 'https://api.tradier.com/v1/markets/quotes?symbols=XLE261002C00035000%2CXLE261002C00040000%2CXLE261002C00045000%2CXLE261002C00048000%2CXLE261002C00049000%2CXLE261002C00050000%2CXLE261002C00051000%2CXLE261002C00052000%2CXLE261002C00053000%2CXLE261002C00054000%2CXLE261002C00054500%2CXLE261002C00055000%2CXLE261002C00055500%2CXLE261002C00056000%2CXLE261002C00056500%2CXLE261002C00057000%2CXLE261002C00057500%2CXLE261002C00058000%2CXLE261002C00058500%2CXLE261002C00059000%2CXLE261002C00059500%2CXLE261002C00060000%2CXLE261002C00060500%2CXLE261002C00061000%2CXLE261002C00061500%2CXLE261002C00062000%2CXLE261002C00062500%2CXLE261002C00063000%2CXLE261002C00063500%2CXLE261002C00064000%2CXLE261002C00064500%2CXLE261002C00065000%2CXLE261002C00065500%2CXLE261002C00066000%2CXLE261002C00066500%2CXLE261002C00067000%2CXLE261002C00068000%2CXLE261002C00068500%2CXLE261002C00069000%2CXLE261002C00070000%2CXLE261002C00071000%2CXLE261002C00075000%2CXLE261002C00080000%2CXLE261002P00035000%2CXLE261002P00040000%2CXLE261002P00045000%2CXLE261002P00048000%2CXLE261002P00049000%2CXLE261002P00050000%2CXLE261002P00051000&greeks=true'
For more information check: https://developer.mozilla.org/en-US/docs/Web/HTTP/Status/401
2026-09-29T10:11:30 | WARNING  | app.scanning.alpaca_confirmer | AlpacaConfirmer: cannot fetch chain for GOOGL 2026-10-02: Client error '401 Unauthorized' for url 'https://api.tradier.com/v1/markets/quotes?symbols=GOOGL261002C00100000%2CGOOGL261002C00105000%2CGOOGL261002C00110000%2CGOOGL261002C00115000%2CGOOGL261002C00120000%2CGOOGL261002C00125000%2CGOOGL261002C00130000%2CGOOGL261002C00135000%2CGOOGL261002C00140000%2CGOOGL261002C00145000%2CGOOGL261002C00150000%2CGOOGL261002C00155000%2CGOOGL261002C00160000%2CGOOGL261002C00165000%2CGOOGL261002C00170000%2CGOOGL261002C00175000%2CGOOGL261002C00180000%2CGOOGL261002C00185000%2CGOOGL261002C00190000%2CGOOGL261002C00195000%2CGOOGL261002C00200000%2CGOOGL261002C00205000%2CGOOGL261002C00210000%2CGOOGL261002C00215000%2CGOOGL261002C00220000%2CGOOGL261002C00225000%2CGOOGL261002C00230000%2CGOOGL261002C00235000%2CGOOGL261002C00240000%2CGOOGL261002C00245000%2CGOOGL261002C00250000%2CGOOGL261002C00255000%2CGOOGL261002C00260000%2CGOOGL261002C00265000%2CGOOGL261002C00270000%2CGOOGL261002C00275000%2CGOOGL261002C00280000%2CGOOGL261002C00285000%2CGOOGL261002C00290000%2CGOOGL261002C00295000%2CGOOGL261002C00300000%2CGOOGL261002C00305000%2CGOOGL261002C00307500%2CGOOGL261002C00310000%2CGOOGL261002C00312500%2CGOOGL261002C00315000%2CGOOGL261002C00317500%2CGOOGL261002C00320000%2CGOOGL261002C00322500%2CGOOGL261002C00325000&greeks=true'
For more information check: https://developer.mozilla.org/en-US/docs/Web/HTTP/Status/401
2026-09-29T10:11:30 | WARNING  | app.scanning.alpaca_confirmer | AlpacaConfirmer: cannot fetch chain for IWM 2026-10-01: Client error '401 Unauthorized' for url 'https://api.tradier.com/v1/markets/quotes?symbols=IWM261001C00180000%2CIWM261001C00190000%2CIWM261001C00200000%2CIWM261001C00205000%2CIWM261001C00210000%2CIWM261001C00215000%2CIWM261001C00220000%2CIWM261001C00225000%2CIWM261001C00230000%2CIWM261001C00235000%2CIWM261001C00240000%2CIWM261001C00245000%2CIWM261001C00250000%2CIWM261001C00255000%2CIWM261001C00260000%2CIWM261001C00261000%2CIWM261001C00262000%2CIWM261001C00263000%2CIWM261001C00264000%2CIWM261001C00265000%2CIWM261001C00266000%2CIWM261001C00267000%2CIWM261001C00268000%2CIWM261001C00269000%2CIWM261001C00270000%2CIWM261001C00271000%2CIWM261001C00272000%2CIWM261001C00273000%2CIWM261001C00274000%2CIWM261001C00275000%2CIWM261001C00276000%2CIWM261001C00277000%2CIWM261001C00278000%2CIWM261001C00279000%2CIWM261001C00280000%2CIWM261001C00281000%2CIWM261001C00282000%2CIWM261001C00283000%2CIWM261001C00284000%2CIWM261001C00285000%2CIWM261001C00286000%2CIWM261001C00287000%2CIWM261001C00288000%2CIWM261001C00289000%2CIWM261001C00290000%2CIWM261001C00291000%2CIWM261001C00292000%2CIWM261001C00293000%2CIWM261001C00294000%2CIWM261001C00295000&greeks=true'
For more information check: https://developer.mozilla.org/en-US/docs/Web/HTTP/Status/401
2026-09-29T10:11:30 | WARNING  | app.scanning.alpaca_confirmer | AlpacaConfirmer: cannot fetch chain for LYFT 2026-10-02: Client error '401 Unauthorized' for url 'https://api.tradier.com/v1/markets/quotes?symbols=LYFT261002C00005000%2CLYFT261002C00008000%2CLYFT261002C00009000%2CLYFT261002C00010000%2CLYFT261002C00010500%2CLYFT261002C00011000%2CLYFT261002C00011500%2CLYFT261002C00012000%2CLYFT261002C00012500%2CLYFT261002C00013000%2CLYFT261002C00013500%2CLYFT261002C00014000%2CLYFT261002C00014500%2CLYFT261002C00015000%2CLYFT261002C00015500%2CLYFT261002C00016000%2CLYFT261002C00016500%2CLYFT261002C00017000%2CLYFT261002C00017500%2CLYFT261002C00018000%2CLYFT261002C00018500%2CLYFT261002C00019000%2CLYFT261002C00019500%2CLYFT261002C00020000%2CLYFT261002C00020500%2CLYFT261002C00021000%2CLYFT261002C00021500%2CLYFT261002C00022000%2CLYFT261002C00023000%2CLYFT261002C00024000%2CLYFT261002C00025000%2CLYFT261002P00005000%2CLYFT261002P00008000%2CLYFT261002P00009000%2CLYFT261002P00010000%2CLYFT261002P00010500%2CLYFT261002P00011000%2CLYFT261002P00011500%2CLYFT261002P00012000%2CLYFT261002P00012500%2CLYFT261002P00013000%2CLYFT261002P00013500%2CLYFT261002P00014000%2CLYFT261002P00014500%2CLYFT261002P00015000%2CLYFT261002P00015500%2CLYFT261002P00016000%2CLYFT261002P00016500%2CLYFT261002P00017000%2CLYFT261002P00017500&greeks=true'
For more information check: https://developer.mozilla.org/en-US/docs/Web/HTTP/Status/401
2026-09-29T10:11:30 | WARNING  | app.scanning.alpaca_confirmer | AlpacaConfirmer: cannot fetch chain for AVGO 2026-10-02: Client error '401 Unauthorized' for url 'https://api.tradier.com/v1/markets/quotes?symbols=AVGO261002C00210000%2CAVGO261002C00215000%2CAVGO261002C00220000%2CAVGO261002C00225000%2CAVGO261002C00230000%2CAVGO261002C00235000%2CAVGO261002C00240000%2CAVGO261002C00245000%2CAVGO261002C00250000%2CAVGO261002C00255000%2CAVGO261002C00260000%2CAVGO261002C00265000%2CAVGO261002C00270000%2CAVGO261002C00275000%2CAVGO261002C00280000%2CAVGO261002C00285000%2CAVGO261002C00290000%2CAVGO261002C00295000%2CAVGO261002C00297500%2CAVGO261002C00300000%2CAVGO261002C00302500%2CAVGO261002C00305000%2CAVGO261002C00307500%2CAVGO261002C00310000%2CAVGO261002C00312500%2CAVGO261002C00315000%2CAVGO261002C00317500%2CAVGO261002C00320000%2CAVGO261002C00322500%2CAVGO261002C00325000%2CAVGO261002C00327500%2CAVGO261002C00330000%2CAVGO261002C00332500%2CAVGO261002C00335000%2CAVGO261002C00337500%2CAVGO261002C00340000%2CAVGO261002C00342500%2CAVGO261002C00345000%2CAVGO261002C00347500%2CAVGO261002C00350000%2CAVGO261002C00352500%2CAVGO261002C00355000%2CAVGO261002C00357500%2CAVGO261002C00360000%2CAVGO261002C00362500%2CAVGO261002C00365000%2CAVGO261002C00367500%2CAVGO261002C00370000%2CAVGO261002C00372500%2CAVGO261002C00375000&greeks=true'
For more information check: https://developer.mozilla.org/en-US/docs/Web/HTTP/Status/401
2026-09-29T10:11:30 | WARNING  | app.scanning.alpaca_confirmer | AlpacaConfirmer: cannot fetch chain for AMD 2026-10-02: Client error '401 Unauthorized' for url 'https://api.tradier.com/v1/markets/quotes?symbols=AMD261002C00040000%2CAMD261002C00045000%2CAMD261002C00050000%2CAMD261002C00055000%2CAMD261002C00060000%2CAMD261002C00065000%2CAMD261002C00070000%2CAMD261002C00075000%2CAMD261002C00080000%2CAMD261002C00085000%2CAMD261002C00090000%2CAMD261002C00095000%2CAMD261002C00100000%2CAMD261002C00105000%2CAMD261002C00110000%2CAMD261002C00115000%2CAMD261002C00120000%2CAMD261002C00125000%2CAMD261002C00130000%2CAMD261002C00135000%2CAMD261002C00140000%2CAMD261002C00145000%2CAMD261002C00150000%2CAMD261002C00155000%2CAMD261002C00160000%2CAMD261002C00165000%2CAMD261002C00170000%2CAMD261002C00175000%2CAMD261002C00180000%2CAMD261002C00185000%2CAMD261002C00190000%2CAMD261002C00195000%2CAMD261002C00200000%2CAMD261002C00205000%2CAMD261002C00210000%2CAMD261002C00215000%2CAMD261002C00220000%2CAMD261002C00225000%2CAMD261002C00230000%2CAMD261002C00235000%2CAMD261002C00240000%2CAMD261002C00245000%2CAMD261002C00250000%2CAMD261002C00255000%2CAMD261002C00260000%2CAMD261002C00265000%2CAMD261002C00270000%2CAMD261002C00275000%2CAMD261002C00280000%2CAMD261002C00285000&greeks=true'
For more information check: https://developer.mozilla.org/en-US/docs/Web/HTTP/Status/401
2026-09-29T10:11:30 | WARNING  | app.scanning.alpaca_confirmer | AlpacaConfirmer: cannot fetch chain for HOOD 2026-10-02: Client error '401 Unauthorized' for url 'https://api.tradier.com/v1/markets/quotes?symbols=HOOD261002C00025000%2CHOOD261002C00030000%2CHOOD261002C00035000%2CHOOD261002C00040000%2CHOOD261002C00045000%2CHOOD261002C00050000%2CHOOD261002C00055000%2CHOOD261002C00060000%2CHOOD261002C00065000%2CHOOD261002C00070000%2CHOOD261002C00075000%2CHOOD261002C00080000%2CHOOD261002C00082000%2CHOOD261002C00083000%2CHOOD261002C00084000%2CHOOD261002C00085000%2CHOOD261002C00086000%2CHOOD261002C00087000%2CHOOD261002C00088000%2CHOOD261002C00089000%2CHOOD261002C00090000%2CHOOD261002C00091000%2CHOOD261002C00092000%2CHOOD261002C00093000%2CHOOD261002C00094000%2CHOOD261002C00095000%2CHOOD261002C00096000%2CHOOD261002C00097000%2CHOOD261002C00098000%2CHOOD261002C00099000%2CHOOD261002C00100000%2CHOOD261002C00101000%2CHOOD261002C00102000%2CHOOD261002C00103000%2CHOOD261002C00104000%2CHOOD261002C00105000%2CHOOD261002C00106000%2CHOOD261002C00107000%2CHOOD261002C00108000%2CHOOD261002C00109000%2CHOOD261002C00110000%2CHOOD261002C00111000%2CHOOD261002C00112000%2CHOOD261002C00113000%2CHOOD261002C00114000%2CHOOD261002C00115000%2CHOOD261002C00116000%2CHOOD261002C00117000%2CHOOD261002C00118000%2CHOOD261002C00119000&greeks=true'
For more information check: https://developer.mozilla.org/en-US/docs/Web/HTTP/Status/401
2026-09-29T10:11:30 | WARNING  | app.scanning.alpaca_confirmer | AlpacaConfirmer: cannot fetch chain for AAPL 2026-10-02: Client error '401 Unauthorized' for url 'https://api.tradier.com/v1/markets/quotes?symbols=AAPL261002C00110000%2CAAPL261002C00120000%2CAAPL261002C00125000%2CAAPL261002C00130000%2CAAPL261002C00135000%2CAAPL261002C00140000%2CAAPL261002C00145000%2CAAPL261002C00150000%2CAAPL261002C00155000%2CAAPL261002C00160000%2CAAPL261002C00165000%2CAAPL261002C00170000%2CAAPL261002C00175000%2CAAPL261002C00180000%2CAAPL261002C00185000%2CAAPL261002C00190000%2CAAPL261002C00195000%2CAAPL261002C00200000%2CAAPL261002C00205000%2CAAPL261002C00210000%2CAAPL261002C00215000%2CAAPL261002C00220000%2CAAPL261002C00225000%2CAAPL261002C00230000%2CAAPL261002C00235000%2CAAPL261002C00240000%2CAAPL261002C00245000%2CAAPL261002C00250000%2CAAPL261002C00255000%2CAAPL261002C00260000%2CAAPL261002C00265000%2CAAPL261002C00270000%2CAAPL261002C00275000%2CAAPL261002C00280000%2CAAPL261002C00285000%2CAAPL261002C00290000%2CAAPL261002C00295000%2CAAPL261002C00297500%2CAAPL261002C00300000%2CAAPL261002C00302500%2CAAPL261002C00305000%2CAAPL261002C00307500%2CAAPL261002C00310000%2CAAPL261002C00312500%2CAAPL261002C00315000%2CAAPL261002C00317500%2CAAPL261002C00320000%2CAAPL261002C00322500%2CAAPL261002C00325000%2CAAPL261002C00327500&greeks=true'
For more information check: https://developer.mozilla.org/en-US/docs/Web/HTTP/Status/401
2026-09-29T10:11:30 | WARNING  | app.scanning.alpaca_confirmer | AlpacaConfirmer: cannot fetch chain for XLF 2026-10-01: Client error '401 Unauthorized' for url 'https://api.tradier.com/v1/markets/quotes?symbols=XLF261001C00041000%2CXLF261001C00042000%2CXLF261001C00043000%2CXLF261001C00044000%2CXLF261001C00045000%2CXLF261001C00046000%2CXLF261001C00047000%2CXLF261001C00048000%2CXLF261001C00049000%2CXLF261001C00050000%2CXLF261001C00050500%2CXLF261001C00051000%2CXLF261001C00051500%2CXLF261001C00052000%2CXLF261001C00052500%2CXLF261001C00053000%2CXLF261001C00053500%2CXLF261001C00054000%2CXLF261001C00054500%2CXLF261001C00055000%2CXLF261001C00055500%2CXLF261001C00056000%2CXLF261001C00056500%2CXLF261001C00057000%2CXLF261001C00057500%2CXLF261001C00058000%2CXLF261001C00058500%2CXLF261001C00059000%2CXLF261001C00059500%2CXLF261001C00060000%2CXLF261001C00060500%2CXLF261001C00061000%2CXLF261001C00061500%2CXLF261001C00062000%2CXLF261001C00062500%2CXLF261001C00063000%2CXLF261001C00063500%2CXLF261001C00064000%2CXLF261001C00064500%2CXLF261001C00065000%2CXLF261001C00066000%2CXLF261001C00067000%2CXLF261001C00068000%2CXLF261001C00069000%2CXLF261001C00070000%2CXLF261001C00071000%2CXLF261001C00072000%2CXLF261001C00073000%2CXLF261001C00074000%2CXLF261001P00041000&greeks=true'
For more information check: https://developer.mozilla.org/en-US/docs/Web/HTTP/Status/401
2026-09-29T10:11:30 | WARNING  | app.scanning.alpaca_confirmer | AlpacaConfirmer: cannot fetch chain for SPY 2026-10-01: Client error '401 Unauthorized' for url 'https://api.tradier.com/v1/markets/quotes?symbols=SPY261001C00550000%2CSPY261001C00555000%2CSPY261001C00560000%2CSPY261001C00565000%2CSPY261001C00570000%2CSPY261001C00575000%2CSPY261001C00580000%2CSPY261001C00585000%2CSPY261001C00590000%2CSPY261001C00595000%2CSPY261001C00600000%2CSPY261001C00605000%2CSPY261001C00610000%2CSPY261001C00615000%2CSPY261001C00620000%2CSPY261001C00625000%2CSPY261001C00630000%2CSPY261001C00635000%2CSPY261001C00640000%2CSPY261001C00645000%2CSPY261001C00650000%2CSPY261001C00655000%2CSPY261001C00660000%2CSPY261001C00665000%2CSPY261001C00670000%2CSPY261001C00675000%2CSPY261001C00680000%2CSPY261001C00685000%2CSPY261001C00690000%2CSPY261001C00695000%2CSPY261001C00700000%2CSPY261001C00705000%2CSPY261001C00710000%2CSPY261001C00715000%2CSPY261001C00718000%2CSPY261001C00719000%2CSPY261001C00720000%2CSPY261001C00721000%2CSPY261001C00722000%2CSPY261001C00723000%2CSPY261001C00724000%2CSPY261001C00725000%2CSPY261001C00726000%2CSPY261001C00727000%2CSPY261001C00728000%2CSPY261001C00729000%2CSPY261001C00730000%2CSPY261001C00731000%2CSPY261001C00732000%2CSPY261001C00733000&greeks=true'
For more information check: https://developer.mozilla.org/en-US/docs/Web/HTTP/Status/401
2026-09-29T10:11:31 | WARNING  | app.scanning.alpaca_confirmer | AlpacaConfirmer: cannot fetch chain for AMZN 2026-10-02: Client error '401 Unauthorized' for url 'https://api.tradier.com/v1/markets/quotes?symbols=AMZN261002C00140000%2CAMZN261002C00145000%2CAMZN261002C00150000%2CAMZN261002C00155000%2CAMZN261002C00160000%2CAMZN261002C00165000%2CAMZN261002C00170000%2CAMZN261002C00175000%2CAMZN261002C00180000%2CAMZN261002C00185000%2CAMZN261002C00190000%2CAMZN261002C00195000%2CAMZN261002C00200000%2CAMZN261002C00205000%2CAMZN261002C00210000%2CAMZN261002C00215000%2CAMZN261002C00217500%2CAMZN261002C00220000%2CAMZN261002C00222500%2CAMZN261002C00225000%2CAMZN261002C00227500%2CAMZN261002C00230000%2CAMZN261002C00232500%2CAMZN261002C00235000%2CAMZN261002C00237500%2CAMZN261002C00240000%2CAMZN261002C00242500%2CAMZN261002C00245000%2CAMZN261002C00247500%2CAMZN261002C00250000%2CAMZN261002C00252500%2CAMZN261002C00255000%2CAMZN261002C00257500%2CAMZN261002C00260000%2CAMZN261002C00262500%2CAMZN261002C00265000%2CAMZN261002C00267500%2CAMZN261002C00270000%2CAMZN261002C00272500%2CAMZN261002C00275000%2CAMZN261002C00277500%2CAMZN261002C00280000%2CAMZN261002C00282500%2CAMZN261002C00285000%2CAMZN261002C00290000%2CAMZN261002C00295000%2CAMZN261002C00300000%2CAMZN261002C00305000%2CAMZN261002C00310000%2CAMZN261002C00315000&greeks=true'
For more information check: https://developer.mozilla.org/en-US/docs/Web/HTTP/Status/401
2026-09-29T10:11:31 | INFO     | session_runner | AlpacaConfirmer: 0 confirmed symbols: []
2026-09-29T10:11:31 | WARNING  | session_runner | Re-scan returned no confirmed symbols — falling back to ['SPY']
2026-09-29T10:11:31 | INFO     | session_runner | Broad-market regime | SPY=short
2026-09-29T10:11:31 | INFO     | session_runner | [bridge:SPY] rsi_trend ready: sufficient bars
2026-09-29T10:11:31 | INFO     | session_runner | Stale signal: SPY/orb age=11 min > max 10 min — skipped
2026-09-29T10:11:31 | INFO     | session_runner | Stale signal: SPY/vwap_reclaim age=21 min > max 10 min — skipped
2026-09-29T10:12:01 | INFO     | session_runner | [cycle 82] 10:12:01 ET | positions=0 | entries=0
2026-09-29T10:12:01 | INFO     | session_runner | [bridge:SPY] rsi_trend ready: sufficient bars
2026-09-29T10:12:01 | INFO     | session_runner | Stale signal: SPY/orb age=12 min > max 10 min — skipped
2026-09-29T10:12:01 | INFO     | session_runner | Stale signal: SPY/vwap_reclaim age=22 min > max 10 min — skipped
2026-09-29T10:12:31 | INFO     | session_runner | [cycle 83] 10:12:31 ET | positions=0 | entries=0
2026-09-29T10:12:31 | INFO     | session_runner | [bridge:SPY] rsi_trend ready: sufficient bars
2026-09-29T10:12:31 | INFO     | session_runner | Stale signal: SPY/orb age=13 min > max 10 min — skipped
2026-09-29T10:12:31 | INFO     | session_runner | Stale signal: SPY/vwap_reclaim age=23 min > max 10 min — skipped
2026-09-29T10:13:01 | INFO     | session_runner | [cycle 84] 10:13:01 ET | positions=0 | entries=0
2026-09-29T10:13:02 | INFO     | session_runner | [bridge:SPY] rsi_trend ready: sufficient bars
2026-09-29T10:13:02 | INFO     | session_runner | Stale signal: SPY/orb age=13 min > max 10 min — skipped
2026-09-29T10:13:02 | INFO     | session_runner | Stale signal: SPY/vwap_reclaim age=23 min > max 10 min — skipped
2026-09-29T10:13:32 | INFO     | session_runner | [cycle 85] 10:13:32 ET | positions=0 | entries=0
2026-09-29T10:13:32 | INFO     | session_runner | [bridge:SPY] rsi_trend ready: sufficient bars
2026-09-29T10:13:32 | INFO     | session_runner | Stale signal: SPY/orb age=14 min > max 10 min — skipped
2026-09-29T10:13:32 | INFO     | session_runner | Stale signal: SPY/vwap_reclaim age=24 min > max 10 min — skipped
2026-09-29T10:14:02 | INFO     | session_runner | [cycle 86] 10:14:02 ET | positions=0 | entries=0
2026-09-29T10:14:02 | INFO     | session_runner | [bridge:SPY] rsi_trend ready: sufficient bars
2026-09-29T10:14:02 | INFO     | session_runner | Stale signal: SPY/orb age=14 min > max 10 min — skipped
2026-09-29T10:14:02 | INFO     | session_runner | Stale signal: SPY/vwap_reclaim age=24 min > max 10 min — skipped
2026-09-29T10:14:32 | INFO     | session_runner | [cycle 87] 10:14:32 ET | positions=0 | entries=0
2026-09-29T10:14:32 | INFO     | session_runner | [bridge:SPY] rsi_trend ready: sufficient bars
2026-09-29T10:14:32 | INFO     | session_runner | Stale signal: SPY/orb age=15 min > max 10 min — skipped
2026-09-29T10:14:32 | INFO     | session_runner | Stale signal: SPY/vwap_reclaim age=25 min > max 10 min — skipped
2026-09-29T10:15:03 | INFO     | session_runner | [cycle 88] 10:15:03 ET | positions=0 | entries=0
2026-09-29T10:15:03 | INFO     | session_runner | [bridge:SPY] rsi_trend ready: sufficient bars
2026-09-29T10:15:03 | INFO     | session_runner | Stale signal: SPY/orb age=15 min > max 10 min — skipped
2026-09-29T10:15:03 | INFO     | session_runner | Stale signal: SPY/vwap_reclaim age=25 min > max 10 min — skipped
2026-09-29T10:15:33 | INFO     | session_runner | [cycle 89] 10:15:33 ET | positions=0 | entries=0
2026-09-29T10:15:33 | INFO     | session_runner | [bridge:SPY] rsi_trend ready: sufficient bars
2026-09-29T10:15:33 | INFO     | session_runner | Stale signal: SPY/orb age=16 min > max 10 min — skipped
2026-09-29T10:15:33 | INFO     | session_runner | Stale signal: SPY/vwap_reclaim age=26 min > max 10 min — skipped
2026-09-29T10:16:03 | INFO     | session_runner | [cycle 90] 10:16:03 ET | positions=0 | entries=0
2026-09-29T10:16:03 | INFO     | session_runner | [bridge:SPY] rsi_trend ready: sufficient bars
2026-09-29T10:16:03 | INFO     | session_runner | Stale signal: SPY/orb age=16 min > max 10 min — skipped
2026-09-29T10:16:03 | INFO     | session_runner | Stale signal: SPY/vwap_reclaim age=26 min > max 10 min — skipped
2026-09-29T10:16:33 | INFO     | session_runner | [cycle 91] 10:16:33 ET | positions=0 | entries=0
2026-09-29T10:16:33 | INFO     | session_runner | Periodic universe re-scan …
2026-09-29T10:16:33 | INFO     | app.scanning.universe_loader | UniverseLoader: loaded 5 groups (13 flat symbols) from config/ticker_universe.yaml (blacklist=0)
2026-09-29T10:16:33 | INFO     | app.scanning.universe_loader | UniverseLoader: 38 symbols from 4 group(s) (blacklist=0)
2026-09-29T10:16:33 | INFO     | session_runner | Universe scan: 38 symbols from 4 group(s) | max_active=6
2026-09-29T10:16:38 | INFO     | session_runner | Scan: 16 passed, 22 rejected
2026-09-29T10:16:38 | INFO     | session_runner |   GOOGL   score=90.0  signal=SHORT    reasons: rvol=1.63x (elevated), atr=2.23% (wide-range), orb_breakdown
2026-09-29T10:16:38 | INFO     | session_runner |   XLE     score=72.0  signal=LONG     reasons: rvol=1.73x (elevated), atr=1.91% (wide-range), orb_breakout
2026-09-29T10:16:38 | INFO     | session_runner |   NVDA    score=65.0  signal=SHORT    reasons: rvol=1.93x (elevated), atr=2.34% (wide-range), orb_breakdown
2026-09-29T10:16:38 | INFO     | session_runner |   SHOP    score=62.0  signal=LONG     reasons: atr=4.72% (wide-range), orb_breakout, trend_sideways
2026-09-29T10:16:38 | INFO     | session_runner |   UBER    score=60.0  signal=LONG     reasons: rvol=1.43x (normal), atr=2.36% (wide-range), orb_breakout
2026-09-29T10:16:38 | WARNING  | app.scanning.alpaca_confirmer | AlpacaConfirmer: cannot fetch chain for SHOP 2026-10-02: Client error '401 Unauthorized' for url 'https://api.tradier.com/v1/markets/quotes?symbols=SHOP261002C00080000%2CSHOP261002C00085000%2CSHOP261002C00090000%2CSHOP261002C00095000%2CSHOP261002C00100000%2CSHOP261002C00103000%2CSHOP261002C00104000%2CSHOP261002C00105000%2CSHOP261002C00106000%2CSHOP261002C00107000%2CSHOP261002C00108000%2CSHOP261002C00109000%2CSHOP261002C00110000%2CSHOP261002C00111000%2CSHOP261002C00112000%2CSHOP261002C00113000%2CSHOP261002C00114000%2CSHOP261002C00115000%2CSHOP261002C00116000%2CSHOP261002C00117000%2CSHOP261002C00118000%2CSHOP261002C00119000%2CSHOP261002C00120000%2CSHOP261002C00121000%2CSHOP261002C00122000%2CSHOP261002C00123000%2CSHOP261002C00124000%2CSHOP261002C00125000%2CSHOP261002C00126000%2CSHOP261002C00127000%2CSHOP261002C00128000%2CSHOP261002C00129000%2CSHOP261002C00130000%2CSHOP261002C00131000%2CSHOP261002C00132000%2CSHOP261002C00133000%2CSHOP261002C00134000%2CSHOP261002C00135000%2CSHOP261002C00136000%2CSHOP261002C00137000%2CSHOP261002C00138000%2CSHOP261002C00139000%2CSHOP261002C00140000%2CSHOP261002C00141000%2CSHOP261002C00142000%2CSHOP261002C00143000%2CSHOP261002C00144000%2CSHOP261002C00145000%2CSHOP261002C00146000%2CSHOP261002C00147000&greeks=true'
For more information check: https://developer.mozilla.org/en-US/docs/Web/HTTP/Status/401
2026-09-29T10:16:38 | WARNING  | app.scanning.alpaca_confirmer | AlpacaConfirmer: cannot fetch chain for NVDA 2026-10-02: Client error '401 Unauthorized' for url 'https://api.tradier.com/v1/markets/quotes?symbols=NVDA261002C00050000%2CNVDA261002C00055000%2CNVDA261002C00060000%2CNVDA261002C00065000%2CNVDA261002C00070000%2CNVDA261002C00075000%2CNVDA261002C00080000%2CNVDA261002C00085000%2CNVDA261002C00090000%2CNVDA261002C00095000%2CNVDA261002C00100000%2CNVDA261002C00105000%2CNVDA261002C00110000%2CNVDA261002C00115000%2CNVDA261002C00120000%2CNVDA261002C00125000%2CNVDA261002C00130000%2CNVDA261002C00135000%2CNVDA261002C00140000%2CNVDA261002C00145000%2CNVDA261002C00150000%2CNVDA261002C00155000%2CNVDA261002C00160000%2CNVDA261002C00165000%2CNVDA261002C00170000%2CNVDA261002C00175000%2CNVDA261002C00180000%2CNVDA261002C00182500%2CNVDA261002C00185000%2CNVDA261002C00187500%2CNVDA261002C00190000%2CNVDA261002C00192500%2CNVDA261002C00195000%2CNVDA261002C00197500%2CNVDA261002C00200000%2CNVDA261002C00202500%2CNVDA261002C00205000%2CNVDA261002C00207500%2CNVDA261002C00210000%2CNVDA261002C00212500%2CNVDA261002C00215000%2CNVDA261002C00217500%2CNVDA261002C00220000%2CNVDA261002C00222500%2CNVDA261002C00225000%2CNVDA261002C00227500%2CNVDA261002C00230000%2CNVDA261002C00232500%2CNVDA261002C00235000%2CNVDA261002C00237500&greeks=true'
For more information check: https://developer.mozilla.org/en-US/docs/Web/HTTP/Status/401
2026-09-29T10:16:38 | WARNING  | app.scanning.alpaca_confirmer | AlpacaConfirmer: cannot fetch chain for AVGO 2026-10-02: Client error '401 Unauthorized' for url 'https://api.tradier.com/v1/markets/quotes?symbols=AVGO261002C00210000%2CAVGO261002C00215000%2CAVGO261002C00220000%2CAVGO261002C00225000%2CAVGO261002C00230000%2CAVGO261002C00235000%2CAVGO261002C00240000%2CAVGO261002C00245000%2CAVGO261002C00250000%2CAVGO261002C00255000%2CAVGO261002C00260000%2CAVGO261002C00265000%2CAVGO261002C00270000%2CAVGO261002C00275000%2CAVGO261002C00280000%2CAVGO261002C00285000%2CAVGO261002C00290000%2CAVGO261002C00295000%2CAVGO261002C00297500%2CAVGO261002C00300000%2CAVGO261002C00302500%2CAVGO261002C00305000%2CAVGO261002C00307500%2CAVGO261002C00310000%2CAVGO261002C00312500%2CAVGO261002C00315000%2CAVGO261002C00317500%2CAVGO261002C00320000%2CAVGO261002C00322500%2CAVGO261002C00325000%2CAVGO261002C00327500%2CAVGO261002C00330000%2CAVGO261002C00332500%2CAVGO261002C00335000%2CAVGO261002C00337500%2CAVGO261002C00340000%2CAVGO261002C00342500%2CAVGO261002C00345000%2CAVGO261002C00347500%2CAVGO261002C00350000%2CAVGO261002C00352500%2CAVGO261002C00355000%2CAVGO261002C00357500%2CAVGO261002C00360000%2CAVGO261002C00362500%2CAVGO261002C00365000%2CAVGO261002C00367500%2CAVGO261002C00370000%2CAVGO261002C00372500%2CAVGO261002C00375000&greeks=true'
For more information check: https://developer.mozilla.org/en-US/docs/Web/HTTP/Status/401
2026-09-29T10:16:38 | WARNING  | app.scanning.alpaca_confirmer | AlpacaConfirmer: cannot fetch chain for LYFT 2026-10-02: Client error '401 Unauthorized' for url 'https://api.tradier.com/v1/markets/quotes?symbols=LYFT261002C00005000%2CLYFT261002C00008000%2CLYFT261002C00009000%2CLYFT261002C00010000%2CLYFT261002C00010500%2CLYFT261002C00011000%2CLYFT261002C00011500%2CLYFT261002C00012000%2CLYFT261002C00012500%2CLYFT261002C00013000%2CLYFT261002C00013500%2CLYFT261002C00014000%2CLYFT261002C00014500%2CLYFT261002C00015000%2CLYFT261002C00015500%2CLYFT261002C00016000%2CLYFT261002C00016500%2CLYFT261002C00017000%2CLYFT261002C00017500%2CLYFT261002C00018000%2CLYFT261002C00018500%2CLYFT261002C00019000%2CLYFT261002C00019500%2CLYFT261002C00020000%2CLYFT261002C00020500%2CLYFT261002C00021000%2CLYFT261002C00021500%2CLYFT261002C00022000%2CLYFT261002C00023000%2CLYFT261002C00024000%2CLYFT261002C00025000%2CLYFT261002P00005000%2CLYFT261002P00008000%2CLYFT261002P00009000%2CLYFT261002P00010000%2CLYFT261002P00010500%2CLYFT261002P00011000%2CLYFT261002P00011500%2CLYFT261002P00012000%2CLYFT261002P00012500%2CLYFT261002P00013000%2CLYFT261002P00013500%2CLYFT261002P00014000%2CLYFT261002P00014500%2CLYFT261002P00015000%2CLYFT261002P00015500%2CLYFT261002P00016000%2CLYFT261002P00016500%2CLYFT261002P00017000%2CLYFT261002P00017500&greeks=true'
For more information check: https://developer.mozilla.org/en-US/docs/Web/HTTP/Status/401
2026-09-29T10:16:38 | WARNING  | app.scanning.alpaca_confirmer | AlpacaConfirmer: cannot fetch chain for XLE 2026-10-02: Client error '401 Unauthorized' for url 'https://api.tradier.com/v1/markets/quotes?symbols=XLE261002C00035000%2CXLE261002C00040000%2CXLE261002C00045000%2CXLE261002C00048000%2CXLE261002C00049000%2CXLE261002C00050000%2CXLE261002C00051000%2CXLE261002C00052000%2CXLE261002C00053000%2CXLE261002C00054000%2CXLE261002C00054500%2CXLE261002C00055000%2CXLE261002C00055500%2CXLE261002C00056000%2CXLE261002C00056500%2CXLE261002C00057000%2CXLE261002C00057500%2CXLE261002C00058000%2CXLE261002C00058500%2CXLE261002C00059000%2CXLE261002C00059500%2CXLE261002C00060000%2CXLE261002C00060500%2CXLE261002C00061000%2CXLE261002C00061500%2CXLE261002C00062000%2CXLE261002C00062500%2CXLE261002C00063000%2CXLE261002C00063500%2CXLE261002C00064000%2CXLE261002C00064500%2CXLE261002C00065000%2CXLE261002C00065500%2CXLE261002C00066000%2CXLE261002C00066500%2CXLE261002C00067000%2CXLE261002C00068000%2CXLE261002C00068500%2CXLE261002C00069000%2CXLE261002C00070000%2CXLE261002C00071000%2CXLE261002C00075000%2CXLE261002C00080000%2CXLE261002P00035000%2CXLE261002P00040000%2CXLE261002P00045000%2CXLE261002P00048000%2CXLE261002P00049000%2CXLE261002P00050000%2CXLE261002P00051000&greeks=true'
For more information check: https://developer.mozilla.org/en-US/docs/Web/HTTP/Status/401
2026-09-29T10:16:38 | WARNING  | app.scanning.alpaca_confirmer | AlpacaConfirmer: cannot fetch chain for UBER 2026-10-02: Client error '401 Unauthorized' for url 'https://api.tradier.com/v1/markets/quotes?symbols=UBER261002C00050000%2CUBER261002C00055000%2CUBER261002C00058000%2CUBER261002C00059000%2CUBER261002C00060000%2CUBER261002C00061000%2CUBER261002C00062000%2CUBER261002C00063000%2CUBER261002C00064000%2CUBER261002C00065000%2CUBER261002C00066000%2CUBER261002C00067000%2CUBER261002C00068000%2CUBER261002C00069000%2CUBER261002C00070000%2CUBER261002C00071000%2CUBER261002C00072000%2CUBER261002C00073000%2CUBER261002C00074000%2CUBER261002C00075000%2CUBER261002C00076000%2CUBER261002C00077000%2CUBER261002C00078000%2CUBER261002C00079000%2CUBER261002C00080000%2CUBER261002C00081000%2CUBER261002C00082000%2CUBER261002C00083000%2CUBER261002C00084000%2CUBER261002C00085000%2CUBER261002C00086000%2CUBER261002C00087000%2CUBER261002C00088000%2CUBER261002C00089000%2CUBER261002C00090000%2CUBER261002C00091000%2CUBER261002C00095000%2CUBER261002C00100000%2CUBER261002C00105000%2CUBER261002P00050000%2CUBER261002P00055000%2CUBER261002P00058000%2CUBER261002P00059000%2CUBER261002P00060000%2CUBER261002P00061000%2CUBER261002P00062000%2CUBER261002P00063000%2CUBER261002P00064000%2CUBER261002P00065000%2CUBER261002P00066000&greeks=true'
For more information check: https://developer.mozilla.org/en-US/docs/Web/HTTP/Status/401
2026-09-29T10:16:38 | WARNING  | app.scanning.alpaca_confirmer | AlpacaConfirmer: cannot fetch chain for GOOGL 2026-10-02: Client error '401 Unauthorized' for url 'https://api.tradier.com/v1/markets/quotes?symbols=GOOGL261002C00100000%2CGOOGL261002C00105000%2CGOOGL261002C00110000%2CGOOGL261002C00115000%2CGOOGL261002C00120000%2CGOOGL261002C00125000%2CGOOGL261002C00130000%2CGOOGL261002C00135000%2CGOOGL261002C00140000%2CGOOGL261002C00145000%2CGOOGL261002C00150000%2CGOOGL261002C00155000%2CGOOGL261002C00160000%2CGOOGL261002C00165000%2CGOOGL261002C00170000%2CGOOGL261002C00175000%2CGOOGL261002C00180000%2CGOOGL261002C00185000%2CGOOGL261002C00190000%2CGOOGL261002C00195000%2CGOOGL261002C00200000%2CGOOGL261002C00205000%2CGOOGL261002C00210000%2CGOOGL261002C00215000%2CGOOGL261002C00220000%2CGOOGL261002C00225000%2CGOOGL261002C00230000%2CGOOGL261002C00235000%2CGOOGL261002C00240000%2CGOOGL261002C00245000%2CGOOGL261002C00250000%2CGOOGL261002C00255000%2CGOOGL261002C00260000%2CGOOGL261002C00265000%2CGOOGL261002C00270000%2CGOOGL261002C00275000%2CGOOGL261002C00280000%2CGOOGL261002C00285000%2CGOOGL261002C00290000%2CGOOGL261002C00295000%2CGOOGL261002C00300000%2CGOOGL261002C00305000%2CGOOGL261002C00307500%2CGOOGL261002C00310000%2CGOOGL261002C00312500%2CGOOGL261002C00315000%2CGOOGL261002C00317500%2CGOOGL261002C00320000%2CGOOGL261002C00322500%2CGOOGL261002C00325000&greeks=true'
For more information check: https://developer.mozilla.org/en-US/docs/Web/HTTP/Status/401
2026-09-29T10:16:38 | WARNING  | app.scanning.alpaca_confirmer | AlpacaConfirmer: cannot fetch chain for AMZN 2026-10-02: Client error '401 Unauthorized' for url 'https://api.tradier.com/v1/markets/quotes?symbols=AMZN261002C00140000%2CAMZN261002C00145000%2CAMZN261002C00150000%2CAMZN261002C00155000%2CAMZN261002C00160000%2CAMZN261002C00165000%2CAMZN261002C00170000%2CAMZN261002C00175000%2CAMZN261002C00180000%2CAMZN261002C00185000%2CAMZN261002C00190000%2CAMZN261002C00195000%2CAMZN261002C00200000%2CAMZN261002C00205000%2CAMZN261002C00210000%2CAMZN261002C00215000%2CAMZN261002C00217500%2CAMZN261002C00220000%2CAMZN261002C00222500%2CAMZN261002C00225000%2CAMZN261002C00227500%2CAMZN261002C00230000%2CAMZN261002C00232500%2CAMZN261002C00235000%2CAMZN261002C00237500%2CAMZN261002C00240000%2CAMZN261002C00242500%2CAMZN261002C00245000%2CAMZN261002C00247500%2CAMZN261002C00250000%2CAMZN261002C00252500%2CAMZN261002C00255000%2CAMZN261002C00257500%2CAMZN261002C00260000%2CAMZN261002C00262500%2CAMZN261002C00265000%2CAMZN261002C00267500%2CAMZN261002C00270000%2CAMZN261002C00272500%2CAMZN261002C00275000%2CAMZN261002C00277500%2CAMZN261002C00280000%2CAMZN261002C00282500%2CAMZN261002C00285000%2CAMZN261002C00290000%2CAMZN261002C00295000%2CAMZN261002C00300000%2CAMZN261002C00305000%2CAMZN261002C00310000%2CAMZN261002C00315000&greeks=true'
For more information check: https://developer.mozilla.org/en-US/docs/Web/HTTP/Status/401
2026-09-29T10:16:38 | WARNING  | app.scanning.alpaca_confirmer | AlpacaConfirmer: cannot fetch chain for IWM 2026-10-01: Client error '401 Unauthorized' for url 'https://api.tradier.com/v1/markets/quotes?symbols=IWM261001C00180000%2CIWM261001C00190000%2CIWM261001C00200000%2CIWM261001C00205000%2CIWM261001C00210000%2CIWM261001C00215000%2CIWM261001C00220000%2CIWM261001C00225000%2CIWM261001C00230000%2CIWM261001C00235000%2CIWM261001C00240000%2CIWM261001C00245000%2CIWM261001C00250000%2CIWM261001C00255000%2CIWM261001C00260000%2CIWM261001C00261000%2CIWM261001C00262000%2CIWM261001C00263000%2CIWM261001C00264000%2CIWM261001C00265000%2CIWM261001C00266000%2CIWM261001C00267000%2CIWM261001C00268000%2CIWM261001C00269000%2CIWM261001C00270000%2CIWM261001C00271000%2CIWM261001C00272000%2CIWM261001C00273000%2CIWM261001C00274000%2CIWM261001C00275000%2CIWM261001C00276000%2CIWM261001C00277000%2CIWM261001C00278000%2CIWM261001C00279000%2CIWM261001C00280000%2CIWM261001C00281000%2CIWM261001C00282000%2CIWM261001C00283000%2CIWM261001C00284000%2CIWM261001C00285000%2CIWM261001C00286000%2CIWM261001C00287000%2CIWM261001C00288000%2CIWM261001C00289000%2CIWM261001C00290000%2CIWM261001C00291000%2CIWM261001C00292000%2CIWM261001C00293000%2CIWM261001C00294000%2CIWM261001C00295000&greeks=true'
For more information check: https://developer.mozilla.org/en-US/docs/Web/HTTP/Status/401
2026-09-29T10:16:38 | WARNING  | app.scanning.alpaca_confirmer | AlpacaConfirmer: cannot fetch chain for PLTR 2026-10-02: Client error '401 Unauthorized' for url 'https://api.tradier.com/v1/markets/quotes?symbols=PLTR261002C00050000%2CPLTR261002C00055000%2CPLTR261002C00060000%2CPLTR261002C00065000%2CPLTR261002C00070000%2CPLTR261002C00075000%2CPLTR261002C00080000%2CPLTR261002C00085000%2CPLTR261002C00090000%2CPLTR261002C00095000%2CPLTR261002C00100000%2CPLTR261002C00105000%2CPLTR261002C00110000%2CPLTR261002C00115000%2CPLTR261002C00120000%2CPLTR261002C00125000%2CPLTR261002C00130000%2CPLTR261002C00135000%2CPLTR261002C00136000%2CPLTR261002C00137000%2CPLTR261002C00138000%2CPLTR261002C00139000%2CPLTR261002C00140000%2CPLTR261002C00141000%2CPLTR261002C00142000%2CPLTR261002C00143000%2CPLTR261002C00144000%2CPLTR261002C00145000%2CPLTR261002C00146000%2CPLTR261002C00147000%2CPLTR261002C00148000%2CPLTR261002C00149000%2CPLTR261002C00150000%2CPLTR261002C00152500%2CPLTR261002C00155000%2CPLTR261002C00157500%2CPLTR261002C00160000%2CPLTR261002C00162500%2CPLTR261002C00165000%2CPLTR261002C00167500%2CPLTR261002C00170000%2CPLTR261002C00172500%2CPLTR261002C00175000%2CPLTR261002C00177500%2CPLTR261002C00180000%2CPLTR261002C00182500%2CPLTR261002C00185000%2CPLTR261002C00187500%2CPLTR261002C00190000%2CPLTR261002C00192500&greeks=true'
For more information check: https://developer.mozilla.org/en-US/docs/Web/HTTP/Status/401
2026-09-29T10:16:38 | WARNING  | app.scanning.alpaca_confirmer | AlpacaConfirmer: cannot fetch chain for TSLA 2026-10-02: Client error '401 Unauthorized' for url 'https://api.tradier.com/v1/markets/quotes?symbols=TSLA261002C00050000%2CTSLA261002C00060000%2CTSLA261002C00070000%2CTSLA261002C00080000%2CTSLA261002C00090000%2CTSLA261002C00100000%2CTSLA261002C00110000%2CTSLA261002C00120000%2CTSLA261002C00130000%2CTSLA261002C00140000%2CTSLA261002C00150000%2CTSLA261002C00160000%2CTSLA261002C00170000%2CTSLA261002C00180000%2CTSLA261002C00190000%2CTSLA261002C00200000%2CTSLA261002C00210000%2CTSLA261002C00220000%2CTSLA261002C00230000%2CTSLA261002C00235000%2CTSLA261002C00240000%2CTSLA261002C00245000%2CTSLA261002C00250000%2CTSLA261002C00255000%2CTSLA261002C00260000%2CTSLA261002C00265000%2CTSLA261002C00270000%2CTSLA261002C00275000%2CTSLA261002C00280000%2CTSLA261002C00285000%2CTSLA261002C00290000%2CTSLA261002C00292500%2CTSLA261002C00295000%2CTSLA261002C00297500%2CTSLA261002C00300000%2CTSLA261002C00302500%2CTSLA261002C00305000%2CTSLA261002C00307500%2CTSLA261002C00310000%2CTSLA261002C00312500%2CTSLA261002C00315000%2CTSLA261002C00317500%2CTSLA261002C00320000%2CTSLA261002C00322500%2CTSLA261002C00325000%2CTSLA261002C00327500%2CTSLA261002C00330000%2CTSLA261002C00332500%2CTSLA261002C00335000%2CTSLA261002C00337500&greeks=true'
For more information check: https://developer.mozilla.org/en-US/docs/Web/HTTP/Status/401
2026-09-29T10:16:38 | INFO     | session_runner | AlpacaConfirmer: 0 confirmed symbols: []
2026-09-29T10:16:38 | WARNING  | session_runner | Re-scan returned no confirmed symbols — falling back to ['SPY']
2026-09-29T10:16:38 | INFO     | session_runner | Broad-market regime | SPY=short
2026-09-29T10:16:38 | INFO     | session_runner | [bridge:SPY] rsi_trend ready: sufficient bars
2026-09-29T10:16:38 | INFO     | session_runner | Stale signal: SPY/orb age=17 min > max 10 min — skipped
2026-09-29T10:16:38 | INFO     | session_runner | Stale signal: SPY/vwap_reclaim age=27 min > max 10 min — skipped
2026-09-29T10:17:08 | INFO     | session_runner | [cycle 92] 10:17:08 ET | positions=0 | entries=0
2026-09-29T10:17:08 | INFO     | session_runner | [bridge:SPY] rsi_trend ready: sufficient bars
2026-09-29T10:17:08 | INFO     | session_runner | Stale signal: SPY/orb age=17 min > max 10 min — skipped
2026-09-29T10:17:08 | INFO     | session_runner | Stale signal: SPY/vwap_reclaim age=27 min > max 10 min — skipped
2026-09-29T10:17:38 | INFO     | session_runner | [cycle 93] 10:17:38 ET | positions=0 | entries=0
2026-09-29T10:17:39 | INFO     | session_runner | [bridge:SPY] rsi_trend ready: sufficient bars
2026-09-29T10:17:39 | INFO     | session_runner | Stale signal: SPY/orb age=18 min > max 10 min — skipped
2026-09-29T10:17:39 | INFO     | session_runner | Stale signal: SPY/vwap_reclaim age=28 min > max 10 min — skipped
2026-09-29T10:18:09 | INFO     | session_runner | [cycle 94] 10:18:09 ET | positions=0 | entries=0
2026-09-29T10:18:09 | INFO     | session_runner | [bridge:SPY] rsi_trend ready: sufficient bars
2026-09-29T10:18:09 | INFO     | session_runner | Stale signal: SPY/orb age=18 min > max 10 min — skipped
2026-09-29T10:18:09 | INFO     | session_runner | Stale signal: SPY/vwap_reclaim age=28 min > max 10 min — skipped
2026-09-29T10:18:39 | INFO     | session_runner | [cycle 95] 10:18:39 ET | positions=0 | entries=0
2026-09-29T10:18:39 | INFO     | session_runner | [bridge:SPY] rsi_trend ready: sufficient bars
2026-09-29T10:18:39 | INFO     | session_runner | Stale signal: SPY/orb age=19 min > max 10 min — skipped
2026-09-29T10:18:39 | INFO     | session_runner | Stale signal: SPY/vwap_reclaim age=29 min > max 10 min — skipped
2026-09-29T10:19:09 | INFO     | session_runner | [cycle 96] 10:19:09 ET | positions=0 | entries=0
2026-09-29T10:19:09 | INFO     | session_runner | [bridge:SPY] rsi_trend ready: sufficient bars
2026-09-29T10:19:09 | INFO     | session_runner | Stale signal: SPY/orb age=19 min > max 10 min — skipped
2026-09-29T10:19:09 | INFO     | session_runner | Stale signal: SPY/vwap_reclaim age=29 min > max 10 min — skipped
2026-09-29T10:19:39 | INFO     | session_runner | [cycle 97] 10:19:39 ET | positions=0 | entries=0
2026-09-29T10:19:40 | INFO     | session_runner | [bridge:SPY] rsi_trend ready: sufficient bars
2026-09-29T10:19:40 | INFO     | session_runner | Stale signal: SPY/orb age=20 min > max 10 min — skipped
2026-09-29T10:19:40 | INFO     | session_runner | Stale signal: SPY/vwap_reclaim age=30 min > max 10 min — skipped
2026-09-29T10:20:10 | INFO     | session_runner | [cycle 98] 10:20:10 ET | positions=0 | entries=0
2026-09-29T10:20:10 | INFO     | session_runner | [bridge:SPY] rsi_trend ready: sufficient bars
2026-09-29T10:20:10 | INFO     | session_runner | Stale signal: SPY/orb age=20 min > max 10 min — skipped
2026-09-29T10:20:10 | INFO     | session_runner | Stale signal: SPY/vwap_reclaim age=30 min > max 10 min — skipped
2026-09-29T10:20:40 | INFO     | session_runner | [cycle 99] 10:20:40 ET | positions=0 | entries=0
2026-09-29T10:20:40 | INFO     | session_runner | [bridge:SPY] rsi_trend ready: sufficient bars
2026-09-29T10:20:40 | INFO     | session_runner | Stale signal: SPY/orb age=21 min > max 10 min — skipped
2026-09-29T10:20:40 | INFO     | session_runner | Stale signal: SPY/vwap_reclaim age=31 min > max 10 min — skipped
2026-09-29T10:21:10 | INFO     | session_runner | [cycle 100] 10:21:10 ET | positions=0 | entries=0
2026-09-29T10:21:10 | INFO     | session_runner | [bridge:SPY] rsi_trend ready: sufficient bars
2026-09-29T10:21:10 | INFO     | session_runner | Stale signal: SPY/orb age=21 min > max 10 min — skipped
2026-09-29T10:21:10 | INFO     | session_runner | Stale signal: SPY/vwap_reclaim age=31 min > max 10 min — skipped
2026-09-29T10:21:40 | INFO     | session_runner | [cycle 101] 10:21:40 ET | positions=0 | entries=0
2026-09-29T10:21:40 | INFO     | app.trading.reconciler | Reconciliation done: broker_pos=0 local_pos=0 broker_orders=0 local_pending=0 repaired=0 flagged=0 orders_confirmed=True positions_confirmed=True
2026-09-29T10:21:40 | INFO     | session_runner | Periodic universe re-scan …
2026-09-29T10:21:40 | INFO     | app.scanning.universe_loader | UniverseLoader: loaded 5 groups (13 flat symbols) from config/ticker_universe.yaml (blacklist=0)
2026-09-29T10:21:40 | INFO     | app.scanning.universe_loader | UniverseLoader: 38 symbols from 4 group(s) (blacklist=0)
2026-09-29T10:21:40 | INFO     | session_runner | Universe scan: 38 symbols from 4 group(s) | max_active=6
2026-09-29T10:21:44 | INFO     | session_runner | Scan: 17 passed, 21 rejected
2026-09-29T10:21:44 | INFO     | session_runner |   GOOGL   score=90.0  signal=SHORT    reasons: rvol=1.59x (elevated), atr=2.28% (wide-range), orb_breakdown
2026-09-29T10:21:44 | INFO     | session_runner |   XLE     score=72.0  signal=LONG     reasons: rvol=1.70x (elevated), atr=1.91% (wide-range), orb_breakout
2026-09-29T10:21:44 | INFO     | session_runner |   NVDA    score=65.0  signal=SHORT    reasons: rvol=1.89x (elevated), atr=2.34% (wide-range), orb_breakdown
2026-09-29T10:21:44 | INFO     | session_runner |   AMZN    score=65.0  signal=SHORT    reasons: atr=1.99% (wide-range), orb_breakdown, trend_down
2026-09-29T10:21:44 | INFO     | session_runner |   SHOP    score=62.0  signal=LONG     reasons: atr=4.73% (wide-range), orb_breakout, trend_sideways
2026-09-29T10:21:44 | WARNING  | app.scanning.alpaca_confirmer | AlpacaConfirmer: cannot fetch chain for GOOGL 2026-10-02: Client error '401 Unauthorized' for url 'https://api.tradier.com/v1/markets/quotes?symbols=GOOGL261002C00100000%2CGOOGL261002C00105000%2CGOOGL261002C00110000%2CGOOGL261002C00115000%2CGOOGL261002C00120000%2CGOOGL261002C00125000%2CGOOGL261002C00130000%2CGOOGL261002C00135000%2CGOOGL261002C00140000%2CGOOGL261002C00145000%2CGOOGL261002C00150000%2CGOOGL261002C00155000%2CGOOGL261002C00160000%2CGOOGL261002C00165000%2CGOOGL261002C00170000%2CGOOGL261002C00175000%2CGOOGL261002C00180000%2CGOOGL261002C00185000%2CGOOGL261002C00190000%2CGOOGL261002C00195000%2CGOOGL261002C00200000%2CGOOGL261002C00205000%2CGOOGL261002C00210000%2CGOOGL261002C00215000%2CGOOGL261002C00220000%2CGOOGL261002C00225000%2CGOOGL261002C00230000%2CGOOGL261002C00235000%2CGOOGL261002C00240000%2CGOOGL261002C00245000%2CGOOGL261002C00250000%2CGOOGL261002C00255000%2CGOOGL261002C00260000%2CGOOGL261002C00265000%2CGOOGL261002C00270000%2CGOOGL261002C00275000%2CGOOGL261002C00280000%2CGOOGL261002C00285000%2CGOOGL261002C00290000%2CGOOGL261002C00295000%2CGOOGL261002C00300000%2CGOOGL261002C00305000%2CGOOGL261002C00307500%2CGOOGL261002C00310000%2CGOOGL261002C00312500%2CGOOGL261002C00315000%2CGOOGL261002C00317500%2CGOOGL261002C00320000%2CGOOGL261002C00322500%2CGOOGL261002C00325000&greeks=true'
For more information check: https://developer.mozilla.org/en-US/docs/Web/HTTP/Status/401
2026-09-29T10:21:44 | WARNING  | app.scanning.alpaca_confirmer | AlpacaConfirmer: cannot fetch chain for META 2026-10-02: Client error '401 Unauthorized' for url 'https://api.tradier.com/v1/markets/quotes?symbols=META261002C00100000%2CMETA261002C00110000%2CMETA261002C00120000%2CMETA261002C00130000%2CMETA261002C00140000%2CMETA261002C00150000%2CMETA261002C00160000%2CMETA261002C00170000%2CMETA261002C00180000%2CMETA261002C00190000%2CMETA261002C00200000%2CMETA261002C00210000%2CMETA261002C00220000%2CMETA261002C00230000%2CMETA261002C00240000%2CMETA261002C00250000%2CMETA261002C00260000%2CMETA261002C00270000%2CMETA261002C00280000%2CMETA261002C00290000%2CMETA261002C00300000%2CMETA261002C00310000%2CMETA261002C00320000%2CMETA261002C00330000%2CMETA261002C00340000%2CMETA261002C00350000%2CMETA261002C00360000%2CMETA261002C00370000%2CMETA261002C00380000%2CMETA261002C00390000%2CMETA261002C00400000%2CMETA261002C00405000%2CMETA261002C00410000%2CMETA261002C00415000%2CMETA261002C00420000%2CMETA261002C00425000%2CMETA261002C00430000%2CMETA261002C00435000%2CMETA261002C00440000%2CMETA261002C00445000%2CMETA261002C00450000%2CMETA261002C00455000%2CMETA261002C00460000%2CMETA261002C00465000%2CMETA261002C00470000%2CMETA261002C00475000%2CMETA261002C00480000%2CMETA261002C00485000%2CMETA261002C00490000%2CMETA261002C00495000&greeks=true'
For more information check: https://developer.mozilla.org/en-US/docs/Web/HTTP/Status/401
2026-09-29T10:21:44 | WARNING  | app.scanning.alpaca_confirmer | AlpacaConfirmer: cannot fetch chain for NVDA 2026-10-02: Client error '401 Unauthorized' for url 'https://api.tradier.com/v1/markets/quotes?symbols=NVDA261002C00050000%2CNVDA261002C00055000%2CNVDA261002C00060000%2CNVDA261002C00065000%2CNVDA261002C00070000%2CNVDA261002C00075000%2CNVDA261002C00080000%2CNVDA261002C00085000%2CNVDA261002C00090000%2CNVDA261002C00095000%2CNVDA261002C00100000%2CNVDA261002C00105000%2CNVDA261002C00110000%2CNVDA261002C00115000%2CNVDA261002C00120000%2CNVDA261002C00125000%2CNVDA261002C00130000%2CNVDA261002C00135000%2CNVDA261002C00140000%2CNVDA261002C00145000%2CNVDA261002C00150000%2CNVDA261002C00155000%2CNVDA261002C00160000%2CNVDA261002C00165000%2CNVDA261002C00170000%2CNVDA261002C00175000%2CNVDA261002C00180000%2CNVDA261002C00182500%2CNVDA261002C00185000%2CNVDA261002C00187500%2CNVDA261002C00190000%2CNVDA261002C00192500%2CNVDA261002C00195000%2CNVDA261002C00197500%2CNVDA261002C00200000%2CNVDA261002C00202500%2CNVDA261002C00205000%2CNVDA261002C00207500%2CNVDA261002C00210000%2CNVDA261002C00212500%2CNVDA261002C00215000%2CNVDA261002C00217500%2CNVDA261002C00220000%2CNVDA261002C00222500%2CNVDA261002C00225000%2CNVDA261002C00227500%2CNVDA261002C00230000%2CNVDA261002C00232500%2CNVDA261002C00235000%2CNVDA261002C00237500&greeks=true'
For more information check: https://developer.mozilla.org/en-US/docs/Web/HTTP/Status/401
2026-09-29T10:21:44 | WARNING  | app.scanning.alpaca_confirmer | AlpacaConfirmer: cannot fetch chain for AMZN 2026-10-02: Client error '401 Unauthorized' for url 'https://api.tradier.com/v1/markets/quotes?symbols=AMZN261002C00140000%2CAMZN261002C00145000%2CAMZN261002C00150000%2CAMZN261002C00155000%2CAMZN261002C00160000%2CAMZN261002C00165000%2CAMZN261002C00170000%2CAMZN261002C00175000%2CAMZN261002C00180000%2CAMZN261002C00185000%2CAMZN261002C00190000%2CAMZN261002C00195000%2CAMZN261002C00200000%2CAMZN261002C00205000%2CAMZN261002C00210000%2CAMZN261002C00215000%2CAMZN261002C00217500%2CAMZN261002C00220000%2CAMZN261002C00222500%2CAMZN261002C00225000%2CAMZN261002C00227500%2CAMZN261002C00230000%2CAMZN261002C00232500%2CAMZN261002C00235000%2CAMZN261002C00237500%2CAMZN261002C00240000%2CAMZN261002C00242500%2CAMZN261002C00245000%2CAMZN261002C00247500%2CAMZN261002C00250000%2CAMZN261002C00252500%2CAMZN261002C00255000%2CAMZN261002C00257500%2CAMZN261002C00260000%2CAMZN261002C00262500%2CAMZN261002C00265000%2CAMZN261002C00267500%2CAMZN261002C00270000%2CAMZN261002C00272500%2CAMZN261002C00275000%2CAMZN261002C00277500%2CAMZN261002C00280000%2CAMZN261002C00282500%2CAMZN261002C00285000%2CAMZN261002C00290000%2CAMZN261002C00295000%2CAMZN261002C00300000%2CAMZN261002C00305000%2CAMZN261002C00310000%2CAMZN261002C00315000&greeks=true'
For more information check: https://developer.mozilla.org/en-US/docs/Web/HTTP/Status/401
2026-09-29T10:21:44 | WARNING  | app.scanning.alpaca_confirmer | AlpacaConfirmer: cannot fetch chain for MSFT 2026-10-02: Client error '401 Unauthorized' for url 'https://api.tradier.com/v1/markets/quotes?symbols=MSFT261002C00270000%2CMSFT261002C00280000%2CMSFT261002C00290000%2CMSFT261002C00300000%2CMSFT261002C00305000%2CMSFT261002C00310000%2CMSFT261002C00315000%2CMSFT261002C00320000%2CMSFT261002C00325000%2CMSFT261002C00330000%2CMSFT261002C00335000%2CMSFT261002C00340000%2CMSFT261002C00345000%2CMSFT261002C00350000%2CMSFT261002C00355000%2CMSFT261002C00360000%2CMSFT261002C00365000%2CMSFT261002C00370000%2CMSFT261002C00375000%2CMSFT261002C00380000%2CMSFT261002C00385000%2CMSFT261002C00390000%2CMSFT261002C00395000%2CMSFT261002C00400000%2CMSFT261002C00405000%2CMSFT261002C00410000%2CMSFT261002C00415000%2CMSFT261002C00420000%2CMSFT261002C00425000%2CMSFT261002C00430000%2CMSFT261002C00435000%2CMSFT261002C00437500%2CMSFT261002C00440000%2CMSFT261002C00442500%2CMSFT261002C00445000%2CMSFT261002C00447500%2CMSFT261002C00450000%2CMSFT261002C00452500%2CMSFT261002C00455000%2CMSFT261002C00457500%2CMSFT261002C00460000%2CMSFT261002C00462500%2CMSFT261002C00465000%2CMSFT261002C00467500%2CMSFT261002C00470000%2CMSFT261002C00472500%2CMSFT261002C00475000%2CMSFT261002C00477500%2CMSFT261002C00480000%2CMSFT261002C00482500&greeks=true'
For more information check: https://developer.mozilla.org/en-US/docs/Web/HTTP/Status/401
2026-09-29T10:21:44 | WARNING  | app.scanning.alpaca_confirmer | AlpacaConfirmer: cannot fetch chain for IWM 2026-10-01: Client error '401 Unauthorized' for url 'https://api.tradier.com/v1/markets/quotes?symbols=IWM261001C00180000%2CIWM261001C00190000%2CIWM261001C00200000%2CIWM261001C00205000%2CIWM261001C00210000%2CIWM261001C00215000%2CIWM261001C00220000%2CIWM261001C00225000%2CIWM261001C00230000%2CIWM261001C00235000%2CIWM261001C00240000%2CIWM261001C00245000%2CIWM261001C00250000%2CIWM261001C00255000%2CIWM261001C00260000%2CIWM261001C00261000%2CIWM261001C00262000%2CIWM261001C00263000%2CIWM261001C00264000%2CIWM261001C00265000%2CIWM261001C00266000%2CIWM261001C00267000%2CIWM261001C00268000%2CIWM261001C00269000%2CIWM261001C00270000%2CIWM261001C00271000%2CIWM261001C00272000%2CIWM261001C00273000%2CIWM261001C00274000%2CIWM261001C00275000%2CIWM261001C00276000%2CIWM261001C00277000%2CIWM261001C00278000%2CIWM261001C00279000%2CIWM261001C00280000%2CIWM261001C00281000%2CIWM261001C00282000%2CIWM261001C00283000%2CIWM261001C00284000%2CIWM261001C00285000%2CIWM261001C00286000%2CIWM261001C00287000%2CIWM261001C00288000%2CIWM261001C00289000%2CIWM261001C00290000%2CIWM261001C00291000%2CIWM261001C00292000%2CIWM261001C00293000%2CIWM261001C00294000%2CIWM261001C00295000&greeks=true'
For more information check: https://developer.mozilla.org/en-US/docs/Web/HTTP/Status/401
2026-09-29T10:21:44 | WARNING  | app.scanning.alpaca_confirmer | AlpacaConfirmer: cannot fetch chain for XLE 2026-10-02: Client error '401 Unauthorized' for url 'https://api.tradier.com/v1/markets/quotes?symbols=XLE261002C00035000%2CXLE261002C00040000%2CXLE261002C00045000%2CXLE261002C00048000%2CXLE261002C00049000%2CXLE261002C00050000%2CXLE261002C00051000%2CXLE261002C00052000%2CXLE261002C00053000%2CXLE261002C00054000%2CXLE261002C00054500%2CXLE261002C00055000%2CXLE261002C00055500%2CXLE261002C00056000%2CXLE261002C00056500%2CXLE261002C00057000%2CXLE261002C00057500%2CXLE261002C00058000%2CXLE261002C00058500%2CXLE261002C00059000%2CXLE261002C00059500%2CXLE261002C00060000%2CXLE261002C00060500%2CXLE261002C00061000%2CXLE261002C00061500%2CXLE261002C00062000%2CXLE261002C00062500%2CXLE261002C00063000%2CXLE261002C00063500%2CXLE261002C00064000%2CXLE261002C00064500%2CXLE261002C00065000%2CXLE261002C00065500%2CXLE261002C00066000%2CXLE261002C00066500%2CXLE261002C00067000%2CXLE261002C00068000%2CXLE261002C00068500%2CXLE261002C00069000%2CXLE261002C00070000%2CXLE261002C00071000%2CXLE261002C00075000%2CXLE261002C00080000%2CXLE261002P00035000%2CXLE261002P00040000%2CXLE261002P00045000%2CXLE261002P00048000%2CXLE261002P00049000%2CXLE261002P00050000%2CXLE261002P00051000&greeks=true'
For more information check: https://developer.mozilla.org/en-US/docs/Web/HTTP/Status/401
2026-09-29T10:21:44 | WARNING  | app.scanning.alpaca_confirmer | AlpacaConfirmer: cannot fetch chain for SHOP 2026-10-02: Client error '401 Unauthorized' for url 'https://api.tradier.com/v1/markets/quotes?symbols=SHOP261002C00080000%2CSHOP261002C00085000%2CSHOP261002C00090000%2CSHOP261002C00095000%2CSHOP261002C00100000%2CSHOP261002C00103000%2CSHOP261002C00104000%2CSHOP261002C00105000%2CSHOP261002C00106000%2CSHOP261002C00107000%2CSHOP261002C00108000%2CSHOP261002C00109000%2CSHOP261002C00110000%2CSHOP261002C00111000%2CSHOP261002C00112000%2CSHOP261002C00113000%2CSHOP261002C00114000%2CSHOP261002C00115000%2CSHOP261002C00116000%2CSHOP261002C00117000%2CSHOP261002C00118000%2CSHOP261002C00119000%2CSHOP261002C00120000%2CSHOP261002C00121000%2CSHOP261002C00122000%2CSHOP261002C00123000%2CSHOP261002C00124000%2CSHOP261002C00125000%2CSHOP261002C00126000%2CSHOP261002C00127000%2CSHOP261002C00128000%2CSHOP261002C00129000%2CSHOP261002C00130000%2CSHOP261002C00131000%2CSHOP261002C00132000%2CSHOP261002C00133000%2CSHOP261002C00134000%2CSHOP261002C00135000%2CSHOP261002C00136000%2CSHOP261002C00137000%2CSHOP261002C00138000%2CSHOP261002C00139000%2CSHOP261002C00140000%2CSHOP261002C00141000%2CSHOP261002C00142000%2CSHOP261002C00143000%2CSHOP261002C00144000%2CSHOP261002C00145000%2CSHOP261002C00146000%2CSHOP261002C00147000&greeks=true'
For more information check: https://developer.mozilla.org/en-US/docs/Web/HTTP/Status/401
2026-09-29T10:21:44 | WARNING  | app.scanning.alpaca_confirmer | AlpacaConfirmer: cannot fetch chain for AVGO 2026-10-02: Client error '401 Unauthorized' for url 'https://api.tradier.com/v1/markets/quotes?symbols=AVGO261002C00210000%2CAVGO261002C00215000%2CAVGO261002C00220000%2CAVGO261002C00225000%2CAVGO261002C00230000%2CAVGO261002C00235000%2CAVGO261002C00240000%2CAVGO261002C00245000%2CAVGO261002C00250000%2CAVGO261002C00255000%2CAVGO261002C00260000%2CAVGO261002C00265000%2CAVGO261002C00270000%2CAVGO261002C00275000%2CAVGO261002C00280000%2CAVGO261002C00285000%2CAVGO261002C00290000%2CAVGO261002C00295000%2CAVGO261002C00297500%2CAVGO261002C00300000%2CAVGO261002C00302500%2CAVGO261002C00305000%2CAVGO261002C00307500%2CAVGO261002C00310000%2CAVGO261002C00312500%2CAVGO261002C00315000%2CAVGO261002C00317500%2CAVGO261002C00320000%2CAVGO261002C00322500%2CAVGO261002C00325000%2CAVGO261002C00327500%2CAVGO261002C00330000%2CAVGO261002C00332500%2CAVGO261002C00335000%2CAVGO261002C00337500%2CAVGO261002C00340000%2CAVGO261002C00342500%2CAVGO261002C00345000%2CAVGO261002C00347500%2CAVGO261002C00350000%2CAVGO261002C00352500%2CAVGO261002C00355000%2CAVGO261002C00357500%2CAVGO261002C00360000%2CAVGO261002C00362500%2CAVGO261002C00365000%2CAVGO261002C00367500%2CAVGO261002C00370000%2CAVGO261002C00372500%2CAVGO261002C00375000&greeks=true'
For more information check: https://developer.mozilla.org/en-US/docs/Web/HTTP/Status/401
2026-09-29T10:21:44 | WARNING  | app.scanning.alpaca_confirmer | AlpacaConfirmer: cannot fetch chain for UBER 2026-10-02: Client error '401 Unauthorized' for url 'https://api.tradier.com/v1/markets/quotes?symbols=UBER261002C00050000%2CUBER261002C00055000%2CUBER261002C00058000%2CUBER261002C00059000%2CUBER261002C00060000%2CUBER261002C00061000%2CUBER261002C00062000%2CUBER261002C00063000%2CUBER261002C00064000%2CUBER261002C00065000%2CUBER261002C00066000%2CUBER261002C00067000%2CUBER261002C00068000%2CUBER261002C00069000%2CUBER261002C00070000%2CUBER261002C00071000%2CUBER261002C00072000%2CUBER261002C00073000%2CUBER261002C00074000%2CUBER261002C00075000%2CUBER261002C00076000%2CUBER261002C00077000%2CUBER261002C00078000%2CUBER261002C00079000%2CUBER261002C00080000%2CUBER261002C00081000%2CUBER261002C00082000%2CUBER261002C00083000%2CUBER261002C00084000%2CUBER261002C00085000%2CUBER261002C00086000%2CUBER261002C00087000%2CUBER261002C00088000%2CUBER261002C00089000%2CUBER261002C00090000%2CUBER261002C00091000%2CUBER261002C00095000%2CUBER261002C00100000%2CUBER261002C00105000%2CUBER261002P00050000%2CUBER261002P00055000%2CUBER261002P00058000%2CUBER261002P00059000%2CUBER261002P00060000%2CUBER261002P00061000%2CUBER261002P00062000%2CUBER261002P00063000%2CUBER261002P00064000%2CUBER261002P00065000%2CUBER261002P00066000&greeks=true'
For more information check: https://developer.mozilla.org/en-US/docs/Web/HTTP/Status/401
2026-09-29T10:21:44 | WARNING  | app.scanning.alpaca_confirmer | AlpacaConfirmer: cannot fetch chain for PLTR 2026-10-02: Client error '401 Unauthorized' for url 'https://api.tradier.com/v1/markets/quotes?symbols=PLTR261002C00050000%2CPLTR261002C00055000%2CPLTR261002C00060000%2CPLTR261002C00065000%2CPLTR261002C00070000%2CPLTR261002C00075000%2CPLTR261002C00080000%2CPLTR261002C00085000%2CPLTR261002C00090000%2CPLTR261002C00095000%2CPLTR261002C00100000%2CPLTR261002C00105000%2CPLTR261002C00110000%2CPLTR261002C00115000%2CPLTR261002C00120000%2CPLTR261002C00125000%2CPLTR261002C00130000%2CPLTR261002C00135000%2CPLTR261002C00136000%2CPLTR261002C00137000%2CPLTR261002C00138000%2CPLTR261002C00139000%2CPLTR261002C00140000%2CPLTR261002C00141000%2CPLTR261002C00142000%2CPLTR261002C00143000%2CPLTR261002C00144000%2CPLTR261002C00145000%2CPLTR261002C00146000%2CPLTR261002C00147000%2CPLTR261002C00148000%2CPLTR261002C00149000%2CPLTR261002C00150000%2CPLTR261002C00152500%2CPLTR261002C00155000%2CPLTR261002C00157500%2CPLTR261002C00160000%2CPLTR261002C00162500%2CPLTR261002C00165000%2CPLTR261002C00167500%2CPLTR261002C00170000%2CPLTR261002C00172500%2CPLTR261002C00175000%2CPLTR261002C00177500%2CPLTR261002C00180000%2CPLTR261002C00182500%2CPLTR261002C00185000%2CPLTR261002C00187500%2CPLTR261002C00190000%2CPLTR261002C00192500&greeks=true'
For more information check: https://developer.mozilla.org/en-US/docs/Web/HTTP/Status/401
2026-09-29T10:21:44 | WARNING  | app.scanning.alpaca_confirmer | AlpacaConfirmer: cannot fetch chain for LYFT 2026-10-02: Client error '401 Unauthorized' for url 'https://api.tradier.com/v1/markets/quotes?symbols=LYFT261002C00005000%2CLYFT261002C00008000%2CLYFT261002C00009000%2CLYFT261002C00010000%2CLYFT261002C00010500%2CLYFT261002C00011000%2CLYFT261002C00011500%2CLYFT261002C00012000%2CLYFT261002C00012500%2CLYFT261002C00013000%2CLYFT261002C00013500%2CLYFT261002C00014000%2CLYFT261002C00014500%2CLYFT261002C00015000%2CLYFT261002C00015500%2CLYFT261002C00016000%2CLYFT261002C00016500%2CLYFT261002C00017000%2CLYFT261002C00017500%2CLYFT261002C00018000%2CLYFT261002C00018500%2CLYFT261002C00019000%2CLYFT261002C00019500%2CLYFT261002C00020000%2CLYFT261002C00020500%2CLYFT261002C00021000%2CLYFT261002C00021500%2CLYFT261002C00022000%2CLYFT261002C00023000%2CLYFT261002C00024000%2CLYFT261002C00025000%2CLYFT261002P00005000%2CLYFT261002P00008000%2CLYFT261002P00009000%2CLYFT261002P00010000%2CLYFT261002P00010500%2CLYFT261002P00011000%2CLYFT261002P00011500%2CLYFT261002P00012000%2CLYFT261002P00012500%2CLYFT261002P00013000%2CLYFT261002P00013500%2CLYFT261002P00014000%2CLYFT261002P00014500%2CLYFT261002P00015000%2CLYFT261002P00015500%2CLYFT261002P00016000%2CLYFT261002P00016500%2CLYFT261002P00017000%2CLYFT261002P00017500&greeks=true'
For more information check: https://developer.mozilla.org/en-US/docs/Web/HTTP/Status/401
2026-09-29T10:21:44 | INFO     | session_runner | AlpacaConfirmer: 0 confirmed symbols: []
2026-09-29T10:21:44 | WARNING  | session_runner | Re-scan returned no confirmed symbols — falling back to ['SPY']
2026-09-29T10:21:45 | INFO     | session_runner | Broad-market regime | SPY=short
2026-09-29T10:21:45 | INFO     | session_runner | [bridge:SPY] rsi_trend ready: sufficient bars
2026-09-29T10:21:45 | INFO     | session_runner | Stale signal: SPY/orb age=22 min > max 10 min — skipped
2026-09-29T10:21:45 | INFO     | session_runner | Stale signal: SPY/vwap_reclaim age=32 min > max 10 min — skipped
2026-09-29T10:22:15 | INFO     | session_runner | [cycle 102] 10:22:15 ET | positions=0 | entries=0
2026-09-29T10:22:15 | INFO     | session_runner | [bridge:SPY] rsi_trend ready: sufficient bars
2026-09-29T10:22:15 | INFO     | session_runner | Stale signal: SPY/orb age=22 min > max 10 min — skipped
2026-09-29T10:22:15 | INFO     | session_runner | Stale signal: SPY/vwap_reclaim age=32 min > max 10 min — skipped
2026-09-29T10:22:45 | INFO     | session_runner | [cycle 103] 10:22:45 ET | positions=0 | entries=0
2026-09-29T10:22:45 | INFO     | session_runner | [bridge:SPY] rsi_trend ready: sufficient bars
2026-09-29T10:22:45 | INFO     | session_runner | Stale signal: SPY/orb age=23 min > max 10 min — skipped
2026-09-29T10:22:45 | INFO     | session_runner | Stale signal: SPY/vwap_reclaim age=33 min > max 10 min — skipped
2026-09-29T10:23:15 | INFO     | session_runner | [cycle 104] 10:23:15 ET | positions=0 | entries=0
2026-09-29T10:23:16 | INFO     | session_runner | [bridge:SPY] rsi_trend ready: sufficient bars
2026-09-29T10:23:16 | INFO     | session_runner | Stale signal: SPY/orb age=23 min > max 10 min — skipped
2026-09-29T10:23:16 | INFO     | session_runner | Stale signal: SPY/vwap_reclaim age=33 min > max 10 min — skipped
2026-09-29T10:23:46 | INFO     | session_runner | [cycle 105] 10:23:46 ET | positions=0 | entries=0
2026-09-29T10:23:46 | INFO     | session_runner | [bridge:SPY] rsi_trend ready: sufficient bars
2026-09-29T10:23:46 | INFO     | session_runner | Stale signal: SPY/orb age=24 min > max 10 min — skipped
2026-09-29T10:23:46 | INFO     | session_runner | Stale signal: SPY/vwap_reclaim age=34 min > max 10 min — skipped
2026-09-29T10:24:16 | INFO     | session_runner | [cycle 106] 10:24:16 ET | positions=0 | entries=0
2026-09-29T10:24:16 | INFO     | session_runner | [bridge:SPY] rsi_trend ready: sufficient bars
2026-09-29T10:24:16 | INFO     | session_runner | Stale signal: SPY/orb age=24 min > max 10 min — skipped
2026-09-29T10:24:16 | INFO     | session_runner | Stale signal: SPY/vwap_reclaim age=34 min > max 10 min — skipped
2026-09-29T10:24:46 | INFO     | session_runner | [cycle 107] 10:24:46 ET | positions=0 | entries=0
2026-09-29T10:24:46 | INFO     | session_runner | [bridge:SPY] rsi_trend ready: sufficient bars
2026-09-29T10:24:46 | INFO     | session_runner | Stale signal: SPY/orb age=25 min > max 10 min — skipped
2026-09-29T10:24:46 | INFO     | session_runner | Stale signal: SPY/vwap_reclaim age=35 min > max 10 min — skipped
2026-09-29T10:25:16 | INFO     | session_runner | [cycle 108] 10:25:16 ET | positions=0 | entries=0
2026-09-29T10:25:16 | INFO     | session_runner | [bridge:SPY] rsi_trend ready: sufficient bars
2026-09-29T10:25:16 | INFO     | session_runner | Stale signal: SPY/orb age=25 min > max 10 min — skipped
2026-09-29T10:25:16 | INFO     | session_runner | Stale signal: SPY/vwap_reclaim age=35 min > max 10 min — skipped
2026-09-29T10:25:46 | INFO     | session_runner | [cycle 109] 10:25:46 ET | positions=0 | entries=0
2026-09-29T10:25:47 | INFO     | session_runner | [bridge:SPY] rsi_trend ready: sufficient bars
2026-09-29T10:25:47 | INFO     | session_runner | Stale signal: SPY/orb age=26 min > max 10 min — skipped
2026-09-29T10:25:47 | INFO     | session_runner | Stale signal: SPY/vwap_reclaim age=36 min > max 10 min — skipped
2026-09-29T10:26:17 | INFO     | session_runner | [cycle 110] 10:26:17 ET | positions=0 | entries=0
2026-09-29T10:26:17 | INFO     | session_runner | [bridge:SPY] rsi_trend ready: sufficient bars
2026-09-29T10:26:17 | INFO     | session_runner | Stale signal: SPY/orb age=26 min > max 10 min — skipped
2026-09-29T10:26:17 | INFO     | session_runner | Stale signal: SPY/vwap_reclaim age=36 min > max 10 min — skipped
2026-09-29T10:26:47 | INFO     | session_runner | [cycle 111] 10:26:47 ET | positions=0 | entries=0
2026-09-29T10:26:47 | INFO     | session_runner | Periodic universe re-scan …
2026-09-29T10:26:47 | INFO     | app.scanning.universe_loader | UniverseLoader: loaded 5 groups (13 flat symbols) from config/ticker_universe.yaml (blacklist=0)
2026-09-29T10:26:47 | INFO     | app.scanning.universe_loader | UniverseLoader: 38 symbols from 4 group(s) (blacklist=0)
2026-09-29T10:26:47 | INFO     | session_runner | Universe scan: 38 symbols from 4 group(s) | max_active=6
2026-09-29T10:26:50 | INFO     | session_runner | Scan: 19 passed, 19 rejected
2026-09-29T10:26:50 | INFO     | session_runner |   GOOGL   score=90.0  signal=SHORT    reasons: rvol=1.64x (elevated), atr=2.29% (wide-range), orb_breakdown
2026-09-29T10:26:50 | INFO     | session_runner |   MSFT    score=75.0  signal=LONG     reasons: rvol=1.09x (normal), atr=2.28% (wide-range), orb_breakout
2026-09-29T10:26:50 | INFO     | session_runner |   XLE     score=72.0  signal=LONG     reasons: rvol=1.65x (elevated), atr=1.91% (wide-range), orb_breakout
2026-09-29T10:26:50 | INFO     | session_runner |   AVGO    score=65.0  signal=LONG     reasons: rvol=1.78x (elevated), atr=2.71% (wide-range), near_orb_level
2026-09-29T10:26:50 | INFO     | session_runner |   UBER    score=60.0  signal=LONG     reasons: rvol=1.35x (normal), atr=2.37% (wide-range), orb_breakout
2026-09-29T10:26:50 | WARNING  | app.scanning.alpaca_confirmer | AlpacaConfirmer: cannot fetch chain for UBER 2026-10-02: Client error '401 Unauthorized' for url 'https://api.tradier.com/v1/markets/quotes?symbols=UBER261002C00050000%2CUBER261002C00055000%2CUBER261002C00058000%2CUBER261002C00059000%2CUBER261002C00060000%2CUBER261002C00061000%2CUBER261002C00062000%2CUBER261002C00063000%2CUBER261002C00064000%2CUBER261002C00065000%2CUBER261002C00066000%2CUBER261002C00067000%2CUBER261002C00068000%2CUBER261002C00069000%2CUBER261002C00070000%2CUBER261002C00071000%2CUBER261002C00072000%2CUBER261002C00073000%2CUBER261002C00074000%2CUBER261002C00075000%2CUBER261002C00076000%2CUBER261002C00077000%2CUBER261002C00078000%2CUBER261002C00079000%2CUBER261002C00080000%2CUBER261002C00081000%2CUBER261002C00082000%2CUBER261002C00083000%2CUBER261002C00084000%2CUBER261002C00085000%2CUBER261002C00086000%2CUBER261002C00087000%2CUBER261002C00088000%2CUBER261002C00089000%2CUBER261002C00090000%2CUBER261002C00091000%2CUBER261002C00095000%2CUBER261002C00100000%2CUBER261002C00105000%2CUBER261002P00050000%2CUBER261002P00055000%2CUBER261002P00058000%2CUBER261002P00059000%2CUBER261002P00060000%2CUBER261002P00061000%2CUBER261002P00062000%2CUBER261002P00063000%2CUBER261002P00064000%2CUBER261002P00065000%2CUBER261002P00066000&greeks=true'
For more information check: https://developer.mozilla.org/en-US/docs/Web/HTTP/Status/401
2026-09-29T10:26:50 | WARNING  | app.scanning.alpaca_confirmer | AlpacaConfirmer: cannot fetch chain for MSFT 2026-10-02: Client error '401 Unauthorized' for url 'https://api.tradier.com/v1/markets/quotes?symbols=MSFT261002C00270000%2CMSFT261002C00280000%2CMSFT261002C00290000%2CMSFT261002C00300000%2CMSFT261002C00305000%2CMSFT261002C00310000%2CMSFT261002C00315000%2CMSFT261002C00320000%2CMSFT261002C00325000%2CMSFT261002C00330000%2CMSFT261002C00335000%2CMSFT261002C00340000%2CMSFT261002C00345000%2CMSFT261002C00350000%2CMSFT261002C00355000%2CMSFT261002C00360000%2CMSFT261002C00365000%2CMSFT261002C00370000%2CMSFT261002C00375000%2CMSFT261002C00380000%2CMSFT261002C00385000%2CMSFT261002C00390000%2CMSFT261002C00395000%2CMSFT261002C00400000%2CMSFT261002C00405000%2CMSFT261002C00410000%2CMSFT261002C00415000%2CMSFT261002C00420000%2CMSFT261002C00425000%2CMSFT261002C00430000%2CMSFT261002C00435000%2CMSFT261002C00437500%2CMSFT261002C00440000%2CMSFT261002C00442500%2CMSFT261002C00445000%2CMSFT261002C00447500%2CMSFT261002C00450000%2CMSFT261002C00452500%2CMSFT261002C00455000%2CMSFT261002C00457500%2CMSFT261002C00460000%2CMSFT261002C00462500%2CMSFT261002C00465000%2CMSFT261002C00467500%2CMSFT261002C00470000%2CMSFT261002C00472500%2CMSFT261002C00475000%2CMSFT261002C00477500%2CMSFT261002C00480000%2CMSFT261002C00482500&greeks=true'
For more information check: https://developer.mozilla.org/en-US/docs/Web/HTTP/Status/401
2026-09-29T10:26:50 | WARNING  | app.scanning.alpaca_confirmer | AlpacaConfirmer: cannot fetch chain for AVGO 2026-10-02: Client error '401 Unauthorized' for url 'https://api.tradier.com/v1/markets/quotes?symbols=AVGO261002C00210000%2CAVGO261002C00215000%2CAVGO261002C00220000%2CAVGO261002C00225000%2CAVGO261002C00230000%2CAVGO261002C00235000%2CAVGO261002C00240000%2CAVGO261002C00245000%2CAVGO261002C00250000%2CAVGO261002C00255000%2CAVGO261002C00260000%2CAVGO261002C00265000%2CAVGO261002C00270000%2CAVGO261002C00275000%2CAVGO261002C00280000%2CAVGO261002C00285000%2CAVGO261002C00290000%2CAVGO261002C00295000%2CAVGO261002C00297500%2CAVGO261002C00300000%2CAVGO261002C00302500%2CAVGO261002C00305000%2CAVGO261002C00307500%2CAVGO261002C00310000%2CAVGO261002C00312500%2CAVGO261002C00315000%2CAVGO261002C00317500%2CAVGO261002C00320000%2CAVGO261002C00322500%2CAVGO261002C00325000%2CAVGO261002C00327500%2CAVGO261002C00330000%2CAVGO261002C00332500%2CAVGO261002C00335000%2CAVGO261002C00337500%2CAVGO261002C00340000%2CAVGO261002C00342500%2CAVGO261002C00345000%2CAVGO261002C00347500%2CAVGO261002C00350000%2CAVGO261002C00352500%2CAVGO261002C00355000%2CAVGO261002C00357500%2CAVGO261002C00360000%2CAVGO261002C00362500%2CAVGO261002C00365000%2CAVGO261002C00367500%2CAVGO261002C00370000%2CAVGO261002C00372500%2CAVGO261002C00375000&greeks=true'
For more information check: https://developer.mozilla.org/en-US/docs/Web/HTTP/Status/401
2026-09-29T10:26:50 | WARNING  | app.scanning.alpaca_confirmer | AlpacaConfirmer: cannot fetch chain for SHOP 2026-10-02: Client error '401 Unauthorized' for url 'https://api.tradier.com/v1/markets/quotes?symbols=SHOP261002C00080000%2CSHOP261002C00085000%2CSHOP261002C00090000%2CSHOP261002C00095000%2CSHOP261002C00100000%2CSHOP261002C00103000%2CSHOP261002C00104000%2CSHOP261002C00105000%2CSHOP261002C00106000%2CSHOP261002C00107000%2CSHOP261002C00108000%2CSHOP261002C00109000%2CSHOP261002C00110000%2CSHOP261002C00111000%2CSHOP261002C00112000%2CSHOP261002C00113000%2CSHOP261002C00114000%2CSHOP261002C00115000%2CSHOP261002C00116000%2CSHOP261002C00117000%2CSHOP261002C00118000%2CSHOP261002C00119000%2CSHOP261002C00120000%2CSHOP261002C00121000%2CSHOP261002C00122000%2CSHOP261002C00123000%2CSHOP261002C00124000%2CSHOP261002C00125000%2CSHOP261002C00126000%2CSHOP261002C00127000%2CSHOP261002C00128000%2CSHOP261002C00129000%2CSHOP261002C00130000%2CSHOP261002C00131000%2CSHOP261002C00132000%2CSHOP261002C00133000%2CSHOP261002C00134000%2CSHOP261002C00135000%2CSHOP261002C00136000%2CSHOP261002C00137000%2CSHOP261002C00138000%2CSHOP261002C00139000%2CSHOP261002C00140000%2CSHOP261002C00141000%2CSHOP261002C00142000%2CSHOP261002C00143000%2CSHOP261002C00144000%2CSHOP261002C00145000%2CSHOP261002C00146000%2CSHOP261002C00147000&greeks=true'
For more information check: https://developer.mozilla.org/en-US/docs/Web/HTTP/Status/401
2026-09-29T10:26:50 | WARNING  | app.scanning.alpaca_confirmer | AlpacaConfirmer: cannot fetch chain for IWM 2026-10-01: Client error '401 Unauthorized' for url 'https://api.tradier.com/v1/markets/quotes?symbols=IWM261001C00180000%2CIWM261001C00190000%2CIWM261001C00200000%2CIWM261001C00205000%2CIWM261001C00210000%2CIWM261001C00215000%2CIWM261001C00220000%2CIWM261001C00225000%2CIWM261001C00230000%2CIWM261001C00235000%2CIWM261001C00240000%2CIWM261001C00245000%2CIWM261001C00250000%2CIWM261001C00255000%2CIWM261001C00260000%2CIWM261001C00261000%2CIWM261001C00262000%2CIWM261001C00263000%2CIWM261001C00264000%2CIWM261001C00265000%2CIWM261001C00266000%2CIWM261001C00267000%2CIWM261001C00268000%2CIWM261001C00269000%2CIWM261001C00270000%2CIWM261001C00271000%2CIWM261001C00272000%2CIWM261001C00273000%2CIWM261001C00274000%2CIWM261001C00275000%2CIWM261001C00276000%2CIWM261001C00277000%2CIWM261001C00278000%2CIWM261001C00279000%2CIWM261001C00280000%2CIWM261001C00281000%2CIWM261001C00282000%2CIWM261001C00283000%2CIWM261001C00284000%2CIWM261001C00285000%2CIWM261001C00286000%2CIWM261001C00287000%2CIWM261001C00288000%2CIWM261001C00289000%2CIWM261001C00290000%2CIWM261001C00291000%2CIWM261001C00292000%2CIWM261001C00293000%2CIWM261001C00294000%2CIWM261001C00295000&greeks=true'
For more information check: https://developer.mozilla.org/en-US/docs/Web/HTTP/Status/401
2026-09-29T10:26:50 | WARNING  | app.scanning.alpaca_confirmer | AlpacaConfirmer: cannot fetch chain for PLTR 2026-10-02: Client error '401 Unauthorized' for url 'https://api.tradier.com/v1/markets/quotes?symbols=PLTR261002C00050000%2CPLTR261002C00055000%2CPLTR261002C00060000%2CPLTR261002C00065000%2CPLTR261002C00070000%2CPLTR261002C00075000%2CPLTR261002C00080000%2CPLTR261002C00085000%2CPLTR261002C00090000%2CPLTR261002C00095000%2CPLTR261002C00100000%2CPLTR261002C00105000%2CPLTR261002C00110000%2CPLTR261002C00115000%2CPLTR261002C00120000%2CPLTR261002C00125000%2CPLTR261002C00130000%2CPLTR261002C00135000%2CPLTR261002C00136000%2CPLTR261002C00137000%2CPLTR261002C00138000%2CPLTR261002C00139000%2CPLTR261002C00140000%2CPLTR261002C00141000%2CPLTR261002C00142000%2CPLTR261002C00143000%2CPLTR261002C00144000%2CPLTR261002C00145000%2CPLTR261002C00146000%2CPLTR261002C00147000%2CPLTR261002C00148000%2CPLTR261002C00149000%2CPLTR261002C00150000%2CPLTR261002C00152500%2CPLTR261002C00155000%2CPLTR261002C00157500%2CPLTR261002C00160000%2CPLTR261002C00162500%2CPLTR261002C00165000%2CPLTR261002C00167500%2CPLTR261002C00170000%2CPLTR261002C00172500%2CPLTR261002C00175000%2CPLTR261002C00177500%2CPLTR261002C00180000%2CPLTR261002C00182500%2CPLTR261002C00185000%2CPLTR261002C00187500%2CPLTR261002C00190000%2CPLTR261002C00192500&greeks=true'
For more information check: https://developer.mozilla.org/en-US/docs/Web/HTTP/Status/401
2026-09-29T10:26:50 | WARNING  | app.scanning.alpaca_confirmer | AlpacaConfirmer: cannot fetch chain for SPY 2026-10-01: Client error '401 Unauthorized' for url 'https://api.tradier.com/v1/markets/quotes?symbols=SPY261001C00550000%2CSPY261001C00555000%2CSPY261001C00560000%2CSPY261001C00565000%2CSPY261001C00570000%2CSPY261001C00575000%2CSPY261001C00580000%2CSPY261001C00585000%2CSPY261001C00590000%2CSPY261001C00595000%2CSPY261001C00600000%2CSPY261001C00605000%2CSPY261001C00610000%2CSPY261001C00615000%2CSPY261001C00620000%2CSPY261001C00625000%2CSPY261001C00630000%2CSPY261001C00635000%2CSPY261001C00640000%2CSPY261001C00645000%2CSPY261001C00650000%2CSPY261001C00655000%2CSPY261001C00660000%2CSPY261001C00665000%2CSPY261001C00670000%2CSPY261001C00675000%2CSPY261001C00680000%2CSPY261001C00685000%2CSPY261001C00690000%2CSPY261001C00695000%2CSPY261001C00700000%2CSPY261001C00705000%2CSPY261001C00710000%2CSPY261001C00715000%2CSPY261001C00718000%2CSPY261001C00719000%2CSPY261001C00720000%2CSPY261001C00721000%2CSPY261001C00722000%2CSPY261001C00723000%2CSPY261001C00724000%2CSPY261001C00725000%2CSPY261001C00726000%2CSPY261001C00727000%2CSPY261001C00728000%2CSPY261001C00729000%2CSPY261001C00730000%2CSPY261001C00731000%2CSPY261001C00732000%2CSPY261001C00733000&greeks=true'
For more information check: https://developer.mozilla.org/en-US/docs/Web/HTTP/Status/401
2026-09-29T10:26:50 | WARNING  | app.scanning.alpaca_confirmer | AlpacaConfirmer: cannot fetch chain for GOOGL 2026-10-02: Client error '401 Unauthorized' for url 'https://api.tradier.com/v1/markets/quotes?symbols=GOOGL261002C00100000%2CGOOGL261002C00105000%2CGOOGL261002C00110000%2CGOOGL261002C00115000%2CGOOGL261002C00120000%2CGOOGL261002C00125000%2CGOOGL261002C00130000%2CGOOGL261002C00135000%2CGOOGL261002C00140000%2CGOOGL261002C00145000%2CGOOGL261002C00150000%2CGOOGL261002C00155000%2CGOOGL261002C00160000%2CGOOGL261002C00165000%2CGOOGL261002C00170000%2CGOOGL261002C00175000%2CGOOGL261002C00180000%2CGOOGL261002C00185000%2CGOOGL261002C00190000%2CGOOGL261002C00195000%2CGOOGL261002C00200000%2CGOOGL261002C00205000%2CGOOGL261002C00210000%2CGOOGL261002C00215000%2CGOOGL261002C00220000%2CGOOGL261002C00225000%2CGOOGL261002C00230000%2CGOOGL261002C00235000%2CGOOGL261002C00240000%2CGOOGL261002C00245000%2CGOOGL261002C00250000%2CGOOGL261002C00255000%2CGOOGL261002C00260000%2CGOOGL261002C00265000%2CGOOGL261002C00270000%2CGOOGL261002C00275000%2CGOOGL261002C00280000%2CGOOGL261002C00285000%2CGOOGL261002C00290000%2CGOOGL261002C00295000%2CGOOGL261002C00300000%2CGOOGL261002C00305000%2CGOOGL261002C00307500%2CGOOGL261002C00310000%2CGOOGL261002C00312500%2CGOOGL261002C00315000%2CGOOGL261002C00317500%2CGOOGL261002C00320000%2CGOOGL261002C00322500%2CGOOGL261002C00325000&greeks=true'
For more information check: https://developer.mozilla.org/en-US/docs/Web/HTTP/Status/401
2026-09-29T10:26:50 | WARNING  | app.scanning.alpaca_confirmer | AlpacaConfirmer: cannot fetch chain for QQQ 2026-10-01: Client error '401 Unauthorized' for url 'https://api.tradier.com/v1/markets/quotes?symbols=QQQ261001C00500000%2CQQQ261001C00505000%2CQQQ261001C00510000%2CQQQ261001C00515000%2CQQQ261001C00520000%2CQQQ261001C00525000%2CQQQ261001C00530000%2CQQQ261001C00535000%2CQQQ261001C00540000%2CQQQ261001C00545000%2CQQQ261001C00550000%2CQQQ261001C00555000%2CQQQ261001C00560000%2CQQQ261001C00565000%2CQQQ261001C00570000%2CQQQ261001C00575000%2CQQQ261001C00580000%2CQQQ261001C00585000%2CQQQ261001C00590000%2CQQQ261001C00595000%2CQQQ261001C00600000%2CQQQ261001C00605000%2CQQQ261001C00610000%2CQQQ261001C00615000%2CQQQ261001C00620000%2CQQQ261001C00625000%2CQQQ261001C00630000%2CQQQ261001C00635000%2CQQQ261001C00640000%2CQQQ261001C00645000%2CQQQ261001C00650000%2CQQQ261001C00655000%2CQQQ261001C00660000%2CQQQ261001C00665000%2CQQQ261001C00666000%2CQQQ261001C00667000%2CQQQ261001C00668000%2CQQQ261001C00669000%2CQQQ261001C00670000%2CQQQ261001C00671000%2CQQQ261001C00672000%2CQQQ261001C00673000%2CQQQ261001C00674000%2CQQQ261001C00675000%2CQQQ261001C00676000%2CQQQ261001C00677000%2CQQQ261001C00678000%2CQQQ261001C00679000%2CQQQ261001C00680000%2CQQQ261001C00681000&greeks=true'
For more information check: https://developer.mozilla.org/en-US/docs/Web/HTTP/Status/401
2026-09-29T10:26:50 | WARNING  | app.scanning.alpaca_confirmer | AlpacaConfirmer: cannot fetch chain for MARA 2026-10-02: Client error '401 Unauthorized' for url 'https://api.tradier.com/v1/markets/quotes?symbols=MARA261002C00004000%2CMARA261002C00005000%2CMARA261002C00005500%2CMARA261002C00006000%2CMARA261002C00006500%2CMARA261002C00007000%2CMARA261002C00007500%2CMARA261002C00008000%2CMARA261002C00008500%2CMARA261002C00009000%2CMARA261002C00009500%2CMARA261002C00010000%2CMARA261002C00010500%2CMARA261002C00011000%2CMARA261002C00011500%2CMARA261002C00012000%2CMARA261002C00012500%2CMARA261002C00013000%2CMARA261002C00013500%2CMARA261002C00014000%2CMARA261002C00014500%2CMARA261002C00015000%2CMARA261002C00015500%2CMARA261002C00016000%2CMARA261002C00016500%2CMARA261002C00017000%2CMARA261002C00017500%2CMARA261002C00018000%2CMARA261002C00018500%2CMARA261002C00019000%2CMARA261002C00020000%2CMARA261002C00021000%2CMARA261002C00022000%2CMARA261002C00023000%2CMARA261002C00024000%2CMARA261002P00004000%2CMARA261002P00005000%2CMARA261002P00005500%2CMARA261002P00006000%2CMARA261002P00006500%2CMARA261002P00007000%2CMARA261002P00007500%2CMARA261002P00008000%2CMARA261002P00008500%2CMARA261002P00009000%2CMARA261002P00009500%2CMARA261002P00010000%2CMARA261002P00010500%2CMARA261002P00011000%2CMARA261002P00011500&greeks=true'
For more information check: https://developer.mozilla.org/en-US/docs/Web/HTTP/Status/401
2026-09-29T10:26:50 | WARNING  | app.scanning.alpaca_confirmer | AlpacaConfirmer: cannot fetch chain for LYFT 2026-10-02: Client error '401 Unauthorized' for url 'https://api.tradier.com/v1/markets/quotes?symbols=LYFT261002C00005000%2CLYFT261002C00008000%2CLYFT261002C00009000%2CLYFT261002C00010000%2CLYFT261002C00010500%2CLYFT261002C00011000%2CLYFT261002C00011500%2CLYFT261002C00012000%2CLYFT261002C00012500%2CLYFT261002C00013000%2CLYFT261002C00013500%2CLYFT261002C00014000%2CLYFT261002C00014500%2CLYFT261002C00015000%2CLYFT261002C00015500%2CLYFT261002C00016000%2CLYFT261002C00016500%2CLYFT261002C00017000%2CLYFT261002C00017500%2CLYFT261002C00018000%2CLYFT261002C00018500%2CLYFT261002C00019000%2CLYFT261002C00019500%2CLYFT261002C00020000%2CLYFT261002C00020500%2CLYFT261002C00021000%2CLYFT261002C00021500%2CLYFT261002C00022000%2CLYFT261002C00023000%2CLYFT261002C00024000%2CLYFT261002C00025000%2CLYFT261002P00005000%2CLYFT261002P00008000%2CLYFT261002P00009000%2CLYFT261002P00010000%2CLYFT261002P00010500%2CLYFT261002P00011000%2CLYFT261002P00011500%2CLYFT261002P00012000%2CLYFT261002P00012500%2CLYFT261002P00013000%2CLYFT261002P00013500%2CLYFT261002P00014000%2CLYFT261002P00014500%2CLYFT261002P00015000%2CLYFT261002P00015500%2CLYFT261002P00016000%2CLYFT261002P00016500%2CLYFT261002P00017000%2CLYFT261002P00017500&greeks=true'
For more information check: https://developer.mozilla.org/en-US/docs/Web/HTTP/Status/401
2026-09-29T10:26:50 | WARNING  | app.scanning.alpaca_confirmer | AlpacaConfirmer: cannot fetch chain for XLE 2026-10-02: Client error '401 Unauthorized' for url 'https://api.tradier.com/v1/markets/quotes?symbols=XLE261002C00035000%2CXLE261002C00040000%2CXLE261002C00045000%2CXLE261002C00048000%2CXLE261002C00049000%2CXLE261002C00050000%2CXLE261002C00051000%2CXLE261002C00052000%2CXLE261002C00053000%2CXLE261002C00054000%2CXLE261002C00054500%2CXLE261002C00055000%2CXLE261002C00055500%2CXLE261002C00056000%2CXLE261002C00056500%2CXLE261002C00057000%2CXLE261002C00057500%2CXLE261002C00058000%2CXLE261002C00058500%2CXLE261002C00059000%2CXLE261002C00059500%2CXLE261002C00060000%2CXLE261002C00060500%2CXLE261002C00061000%2CXLE261002C00061500%2CXLE261002C00062000%2CXLE261002C00062500%2CXLE261002C00063000%2CXLE261002C00063500%2CXLE261002C00064000%2CXLE261002C00064500%2CXLE261002C00065000%2CXLE261002C00065500%2CXLE261002C00066000%2CXLE261002C00066500%2CXLE261002C00067000%2CXLE261002C00068000%2CXLE261002C00068500%2CXLE261002C00069000%2CXLE261002C00070000%2CXLE261002C00071000%2CXLE261002C00075000%2CXLE261002C00080000%2CXLE261002P00035000%2CXLE261002P00040000%2CXLE261002P00045000%2CXLE261002P00048000%2CXLE261002P00049000%2CXLE261002P00050000%2CXLE261002P00051000&greeks=true'
For more information check: https://developer.mozilla.org/en-US/docs/Web/HTTP/Status/401
2026-09-29T10:26:50 | INFO     | session_runner | AlpacaConfirmer: 0 confirmed symbols: []
2026-09-29T10:26:50 | WARNING  | session_runner | Re-scan returned no confirmed symbols — falling back to ['SPY']
2026-09-29T10:26:50 | INFO     | session_runner | Broad-market regime | SPY=neutral
2026-09-29T10:26:50 | INFO     | session_runner | [bridge:SPY] rsi_trend ready: sufficient bars
2026-09-29T10:26:50 | INFO     | session_runner | Stale signal: SPY/orb age=27 min > max 10 min — skipped
2026-09-29T10:26:50 | INFO     | session_runner | Stale signal: SPY/vwap_reclaim age=37 min > max 10 min — skipped
2026-09-29T10:27:20 | INFO     | session_runner | [cycle 112] 10:27:20 ET | positions=0 | entries=0
2026-09-29T10:27:20 | INFO     | session_runner | [bridge:SPY] rsi_trend ready: sufficient bars
2026-09-29T10:27:20 | INFO     | session_runner | Stale signal: SPY/orb age=27 min > max 10 min — skipped
2026-09-29T10:27:20 | INFO     | session_runner | Stale signal: SPY/vwap_reclaim age=37 min > max 10 min — skipped
2026-09-29T10:27:50 | INFO     | session_runner | [cycle 113] 10:27:50 ET | positions=0 | entries=0
2026-09-29T10:27:51 | INFO     | session_runner | [bridge:SPY] rsi_trend ready: sufficient bars
2026-09-29T10:27:51 | INFO     | session_runner | Stale signal: SPY/orb age=28 min > max 10 min — skipped
2026-09-29T10:27:51 | INFO     | session_runner | Stale signal: SPY/vwap_reclaim age=38 min > max 10 min — skipped
2026-09-29T10:28:21 | INFO     | session_runner | [cycle 114] 10:28:21 ET | positions=0 | entries=0
2026-09-29T10:28:21 | INFO     | session_runner | [bridge:SPY] rsi_trend ready: sufficient bars
2026-09-29T10:28:21 | INFO     | session_runner | Stale signal: SPY/orb age=28 min > max 10 min — skipped
2026-09-29T10:28:21 | INFO     | session_runner | Stale signal: SPY/vwap_reclaim age=38 min > max 10 min — skipped
2026-09-29T10:28:51 | INFO     | session_runner | [cycle 115] 10:28:51 ET | positions=0 | entries=0
2026-09-29T10:28:51 | INFO     | session_runner | [bridge:SPY] rsi_trend ready: sufficient bars
2026-09-29T10:28:51 | INFO     | session_runner | Stale signal: SPY/orb age=29 min > max 10 min — skipped
2026-09-29T10:28:51 | INFO     | session_runner | Stale signal: SPY/vwap_reclaim age=39 min > max 10 min — skipped
2026-09-29T10:29:21 | INFO     | session_runner | [cycle 116] 10:29:21 ET | positions=0 | entries=0
2026-09-29T10:29:21 | INFO     | session_runner | [bridge:SPY] rsi_trend ready: sufficient bars
2026-09-29T10:29:21 | INFO     | session_runner | Stale signal: SPY/orb age=29 min > max 10 min — skipped
2026-09-29T10:29:21 | INFO     | session_runner | Stale signal: SPY/vwap_reclaim age=39 min > max 10 min — skipped
2026-09-29T10:29:51 | INFO     | session_runner | [cycle 117] 10:29:51 ET | positions=0 | entries=0
2026-09-29T10:29:51 | INFO     | session_runner | [bridge:SPY] rsi_trend ready: sufficient bars
2026-09-29T10:29:51 | INFO     | session_runner | Stale signal: SPY/orb age=30 min > max 10 min — skipped
2026-09-29T10:29:51 | INFO     | session_runner | Stale signal: SPY/vwap_reclaim age=40 min > max 10 min — skipped
2026-09-29T10:30:21 | INFO     | session_runner | [cycle 118] 10:30:21 ET | positions=0 | entries=0
2026-09-29T10:30:22 | INFO     | session_runner | [bridge:SPY] rsi_trend ready: sufficient bars
2026-09-29T10:30:22 | INFO     | session_runner | Stale signal: SPY/orb age=30 min > max 10 min — skipped
2026-09-29T10:30:22 | INFO     | session_runner | Stale signal: SPY/vwap_reclaim age=40 min > max 10 min — skipped
2026-09-29T10:30:52 | INFO     | session_runner | [cycle 119] 10:30:52 ET | positions=0 | entries=0
2026-09-29T10:30:52 | INFO     | session_runner | [bridge:SPY] rsi_trend ready: sufficient bars
2026-09-29T10:30:52 | INFO     | session_runner | Stale signal: SPY/orb age=31 min > max 10 min — skipped
2026-09-29T10:30:52 | INFO     | session_runner | Stale signal: SPY/vwap_reclaim age=41 min > max 10 min — skipped
2026-09-29T10:31:22 | INFO     | session_runner | [cycle 120] 10:31:22 ET | positions=0 | entries=0
2026-09-29T10:31:22 | INFO     | session_runner | [bridge:SPY] rsi_trend ready: sufficient bars
2026-09-29T10:31:22 | INFO     | session_runner | Stale signal: SPY/orb age=31 min > max 10 min — skipped
2026-09-29T10:31:22 | INFO     | session_runner | Stale signal: SPY/vwap_reclaim age=41 min > max 10 min — skipped
2026-09-29T10:31:52 | INFO     | session_runner | [cycle 121] 10:31:52 ET | positions=0 | entries=0
2026-09-29T10:31:52 | INFO     | app.trading.reconciler | Reconciliation done: broker_pos=0 local_pos=0 broker_orders=0 local_pending=0 repaired=0 flagged=0 orders_confirmed=True positions_confirmed=True
2026-09-29T10:31:52 | INFO     | session_runner | Periodic universe re-scan …
2026-09-29T10:31:52 | INFO     | app.scanning.universe_loader | UniverseLoader: loaded 5 groups (13 flat symbols) from config/ticker_universe.yaml (blacklist=0)
2026-09-29T10:31:52 | INFO     | app.scanning.universe_loader | UniverseLoader: 38 symbols from 4 group(s) (blacklist=0)
2026-09-29T10:31:52 | INFO     | session_runner | Universe scan: 38 symbols from 4 group(s) | max_active=6
2026-09-29T10:31:58 | INFO     | session_runner | Scan: 22 passed, 16 rejected
2026-09-29T10:31:58 | INFO     | session_runner |   GOOGL   score=90.0  signal=SHORT    reasons: rvol=1.66x (elevated), atr=2.28% (wide-range), orb_breakdown
2026-09-29T10:31:58 | INFO     | session_runner |   AVGO    score=77.0  signal=LONG     reasons: rvol=1.74x (elevated), atr=2.72% (wide-range), orb_breakout
2026-09-29T10:31:58 | INFO     | session_runner |   MSFT    score=75.0  signal=LONG     reasons: rvol=1.11x (normal), atr=2.30% (wide-range), orb_breakout
2026-09-29T10:31:58 | INFO     | session_runner |   XLE     score=72.0  signal=LONG     reasons: rvol=1.57x (elevated), atr=1.91% (wide-range), orb_breakout
2026-09-29T10:31:58 | INFO     | session_runner |   AAPL    score=70.0  signal=SHORT    reasons: rvol=1.55x (elevated), atr=1.92% (wide-range), orb_breakdown
2026-09-29T10:31:58 | WARNING  | app.scanning.alpaca_confirmer | AlpacaConfirmer: cannot fetch chain for MSFT 2026-10-02: Client error '401 Unauthorized' for url 'https://api.tradier.com/v1/markets/quotes?symbols=MSFT261002C00270000%2CMSFT261002C00280000%2CMSFT261002C00290000%2CMSFT261002C00300000%2CMSFT261002C00305000%2CMSFT261002C00310000%2CMSFT261002C00315000%2CMSFT261002C00320000%2CMSFT261002C00325000%2CMSFT261002C00330000%2CMSFT261002C00335000%2CMSFT261002C00340000%2CMSFT261002C00345000%2CMSFT261002C00350000%2CMSFT261002C00355000%2CMSFT261002C00360000%2CMSFT261002C00365000%2CMSFT261002C00370000%2CMSFT261002C00375000%2CMSFT261002C00380000%2CMSFT261002C00385000%2CMSFT261002C00390000%2CMSFT261002C00395000%2CMSFT261002C00400000%2CMSFT261002C00405000%2CMSFT261002C00410000%2CMSFT261002C00415000%2CMSFT261002C00420000%2CMSFT261002C00425000%2CMSFT261002C00430000%2CMSFT261002C00435000%2CMSFT261002C00437500%2CMSFT261002C00440000%2CMSFT261002C00442500%2CMSFT261002C00445000%2CMSFT261002C00447500%2CMSFT261002C00450000%2CMSFT261002C00452500%2CMSFT261002C00455000%2CMSFT261002C00457500%2CMSFT261002C00460000%2CMSFT261002C00462500%2CMSFT261002C00465000%2CMSFT261002C00467500%2CMSFT261002C00470000%2CMSFT261002C00472500%2CMSFT261002C00475000%2CMSFT261002C00477500%2CMSFT261002C00480000%2CMSFT261002C00482500&greeks=true'
For more information check: https://developer.mozilla.org/en-US/docs/Web/HTTP/Status/401
2026-09-29T10:31:58 | WARNING  | app.scanning.alpaca_confirmer | AlpacaConfirmer: cannot fetch chain for IWM 2026-10-01: Client error '401 Unauthorized' for url 'https://api.tradier.com/v1/markets/quotes?symbols=IWM261001C00180000%2CIWM261001C00190000%2CIWM261001C00200000%2CIWM261001C00205000%2CIWM261001C00210000%2CIWM261001C00215000%2CIWM261001C00220000%2CIWM261001C00225000%2CIWM261001C00230000%2CIWM261001C00235000%2CIWM261001C00240000%2CIWM261001C00245000%2CIWM261001C00250000%2CIWM261001C00255000%2CIWM261001C00260000%2CIWM261001C00261000%2CIWM261001C00262000%2CIWM261001C00263000%2CIWM261001C00264000%2CIWM261001C00265000%2CIWM261001C00266000%2CIWM261001C00267000%2CIWM261001C00268000%2CIWM261001C00269000%2CIWM261001C00270000%2CIWM261001C00271000%2CIWM261001C00272000%2CIWM261001C00273000%2CIWM261001C00274000%2CIWM261001C00275000%2CIWM261001C00276000%2CIWM261001C00277000%2CIWM261001C00278000%2CIWM261001C00279000%2CIWM261001C00280000%2CIWM261001C00281000%2CIWM261001C00282000%2CIWM261001C00283000%2CIWM261001C00284000%2CIWM261001C00285000%2CIWM261001C00286000%2CIWM261001C00287000%2CIWM261001C00288000%2CIWM261001C00289000%2CIWM261001C00290000%2CIWM261001C00291000%2CIWM261001C00292000%2CIWM261001C00293000%2CIWM261001C00294000%2CIWM261001C00295000&greeks=true'
For more information check: https://developer.mozilla.org/en-US/docs/Web/HTTP/Status/401
2026-09-29T10:31:58 | WARNING  | app.scanning.alpaca_confirmer | AlpacaConfirmer: cannot fetch chain for UBER 2026-10-02: Client error '401 Unauthorized' for url 'https://api.tradier.com/v1/markets/quotes?symbols=UBER261002C00050000%2CUBER261002C00055000%2CUBER261002C00058000%2CUBER261002C00059000%2CUBER261002C00060000%2CUBER261002C00061000%2CUBER261002C00062000%2CUBER261002C00063000%2CUBER261002C00064000%2CUBER261002C00065000%2CUBER261002C00066000%2CUBER261002C00067000%2CUBER261002C00068000%2CUBER261002C00069000%2CUBER261002C00070000%2CUBER261002C00071000%2CUBER261002C00072000%2CUBER261002C00073000%2CUBER261002C00074000%2CUBER261002C00075000%2CUBER261002C00076000%2CUBER261002C00077000%2CUBER261002C00078000%2CUBER261002C00079000%2CUBER261002C00080000%2CUBER261002C00081000%2CUBER261002C00082000%2CUBER261002C00083000%2CUBER261002C00084000%2CUBER261002C00085000%2CUBER261002C00086000%2CUBER261002C00087000%2CUBER261002C00088000%2CUBER261002C00089000%2CUBER261002C00090000%2CUBER261002C00091000%2CUBER261002C00095000%2CUBER261002C00100000%2CUBER261002C00105000%2CUBER261002P00050000%2CUBER261002P00055000%2CUBER261002P00058000%2CUBER261002P00059000%2CUBER261002P00060000%2CUBER261002P00061000%2CUBER261002P00062000%2CUBER261002P00063000%2CUBER261002P00064000%2CUBER261002P00065000%2CUBER261002P00066000&greeks=true'
For more information check: https://developer.mozilla.org/en-US/docs/Web/HTTP/Status/401
2026-09-29T10:31:58 | WARNING  | app.scanning.alpaca_confirmer | AlpacaConfirmer: cannot fetch chain for AAPL 2026-10-02: Client error '401 Unauthorized' for url 'https://api.tradier.com/v1/markets/quotes?symbols=AAPL261002C00110000%2CAAPL261002C00120000%2CAAPL261002C00125000%2CAAPL261002C00130000%2CAAPL261002C00135000%2CAAPL261002C00140000%2CAAPL261002C00145000%2CAAPL261002C00150000%2CAAPL261002C00155000%2CAAPL261002C00160000%2CAAPL261002C00165000%2CAAPL261002C00170000%2CAAPL261002C00175000%2CAAPL261002C00180000%2CAAPL261002C00185000%2CAAPL261002C00190000%2CAAPL261002C00195000%2CAAPL261002C00200000%2CAAPL261002C00205000%2CAAPL261002C00210000%2CAAPL261002C00215000%2CAAPL261002C00220000%2CAAPL261002C00225000%2CAAPL261002C00230000%2CAAPL261002C00235000%2CAAPL261002C00240000%2CAAPL261002C00245000%2CAAPL261002C00250000%2CAAPL261002C00255000%2CAAPL261002C00260000%2CAAPL261002C00265000%2CAAPL261002C00270000%2CAAPL261002C00275000%2CAAPL261002C00280000%2CAAPL261002C00285000%2CAAPL261002C00290000%2CAAPL261002C00295000%2CAAPL261002C00297500%2CAAPL261002C00300000%2CAAPL261002C00302500%2CAAPL261002C00305000%2CAAPL261002C00307500%2CAAPL261002C00310000%2CAAPL261002C00312500%2CAAPL261002C00315000%2CAAPL261002C00317500%2CAAPL261002C00320000%2CAAPL261002C00322500%2CAAPL261002C00325000%2CAAPL261002C00327500&greeks=true'
For more information check: https://developer.mozilla.org/en-US/docs/Web/HTTP/Status/401
2026-09-29T10:31:58 | WARNING  | app.scanning.alpaca_confirmer | AlpacaConfirmer: cannot fetch chain for HOOD 2026-10-02: Client error '401 Unauthorized' for url 'https://api.tradier.com/v1/markets/quotes?symbols=HOOD261002C00025000%2CHOOD261002C00030000%2CHOOD261002C00035000%2CHOOD261002C00040000%2CHOOD261002C00045000%2CHOOD261002C00050000%2CHOOD261002C00055000%2CHOOD261002C00060000%2CHOOD261002C00065000%2CHOOD261002C00070000%2CHOOD261002C00075000%2CHOOD261002C00080000%2CHOOD261002C00082000%2CHOOD261002C00083000%2CHOOD261002C00084000%2CHOOD261002C00085000%2CHOOD261002C00086000%2CHOOD261002C00087000%2CHOOD261002C00088000%2CHOOD261002C00089000%2CHOOD261002C00090000%2CHOOD261002C00091000%2CHOOD261002C00092000%2CHOOD261002C00093000%2CHOOD261002C00094000%2CHOOD261002C00095000%2CHOOD261002C00096000%2CHOOD261002C00097000%2CHOOD261002C00098000%2CHOOD261002C00099000%2CHOOD261002C00100000%2CHOOD261002C00101000%2CHOOD261002C00102000%2CHOOD261002C00103000%2CHOOD261002C00104000%2CHOOD261002C00105000%2CHOOD261002C00106000%2CHOOD261002C00107000%2CHOOD261002C00108000%2CHOOD261002C00109000%2CHOOD261002C00110000%2CHOOD261002C00111000%2CHOOD261002C00112000%2CHOOD261002C00113000%2CHOOD261002C00114000%2CHOOD261002C00115000%2CHOOD261002C00116000%2CHOOD261002C00117000%2CHOOD261002C00118000%2CHOOD261002C00119000&greeks=true'
For more information check: https://developer.mozilla.org/en-US/docs/Web/HTTP/Status/401
2026-09-29T10:31:58 | WARNING  | app.scanning.alpaca_confirmer | AlpacaConfirmer: cannot fetch chain for LYFT 2026-10-02: Client error '401 Unauthorized' for url 'https://api.tradier.com/v1/markets/quotes?symbols=LYFT261002C00005000%2CLYFT261002C00008000%2CLYFT261002C00009000%2CLYFT261002C00010000%2CLYFT261002C00010500%2CLYFT261002C00011000%2CLYFT261002C00011500%2CLYFT261002C00012000%2CLYFT261002C00012500%2CLYFT261002C00013000%2CLYFT261002C00013500%2CLYFT261002C00014000%2CLYFT261002C00014500%2CLYFT261002C00015000%2CLYFT261002C00015500%2CLYFT261002C00016000%2CLYFT261002C00016500%2CLYFT261002C00017000%2CLYFT261002C00017500%2CLYFT261002C00018000%2CLYFT261002C00018500%2CLYFT261002C00019000%2CLYFT261002C00019500%2CLYFT261002C00020000%2CLYFT261002C00020500%2CLYFT261002C00021000%2CLYFT261002C00021500%2CLYFT261002C00022000%2CLYFT261002C00023000%2CLYFT261002C00024000%2CLYFT261002C00025000%2CLYFT261002P00005000%2CLYFT261002P00008000%2CLYFT261002P00009000%2CLYFT261002P00010000%2CLYFT261002P00010500%2CLYFT261002P00011000%2CLYFT261002P00011500%2CLYFT261002P00012000%2CLYFT261002P00012500%2CLYFT261002P00013000%2CLYFT261002P00013500%2CLYFT261002P00014000%2CLYFT261002P00014500%2CLYFT261002P00015000%2CLYFT261002P00015500%2CLYFT261002P00016000%2CLYFT261002P00016500%2CLYFT261002P00017000%2CLYFT261002P00017500&greeks=true'
For more information check: https://developer.mozilla.org/en-US/docs/Web/HTTP/Status/401
2026-09-29T10:31:58 | WARNING  | app.scanning.alpaca_confirmer | AlpacaConfirmer: cannot fetch chain for SOFI 2026-10-02: Client error '401 Unauthorized' for url 'https://api.tradier.com/v1/markets/quotes?symbols=SOFI261002C00005000%2CSOFI261002C00009000%2CSOFI261002C00010000%2CSOFI261002C00011000%2CSOFI261002C00011500%2CSOFI261002C00012000%2CSOFI261002C00012500%2CSOFI261002C00013000%2CSOFI261002C00013500%2CSOFI261002C00014000%2CSOFI261002C00014500%2CSOFI261002C00015000%2CSOFI261002C00015500%2CSOFI261002C00016000%2CSOFI261002C00016500%2CSOFI261002C00017000%2CSOFI261002C00017500%2CSOFI261002C00018000%2CSOFI261002C00018500%2CSOFI261002C00019000%2CSOFI261002C00019500%2CSOFI261002C00020000%2CSOFI261002C00020500%2CSOFI261002C00021000%2CSOFI261002C00021500%2CSOFI261002C00022000%2CSOFI261002C00022500%2CSOFI261002C00023000%2CSOFI261002C00023500%2CSOFI261002C00024000%2CSOFI261002C00025000%2CSOFI261002C00030000%2CSOFI261002P00005000%2CSOFI261002P00009000%2CSOFI261002P00010000%2CSOFI261002P00011000%2CSOFI261002P00011500%2CSOFI261002P00012000%2CSOFI261002P00012500%2CSOFI261002P00013000%2CSOFI261002P00013500%2CSOFI261002P00014000%2CSOFI261002P00014500%2CSOFI261002P00015000%2CSOFI261002P00015500%2CSOFI261002P00016000%2CSOFI261002P00016500%2CSOFI261002P00017000%2CSOFI261002P00017500%2CSOFI261002P00018000&greeks=true'
For more information check: https://developer.mozilla.org/en-US/docs/Web/HTTP/Status/401
2026-09-29T10:31:58 | WARNING  | app.scanning.alpaca_confirmer | AlpacaConfirmer: cannot fetch chain for AVGO 2026-10-02: Client error '401 Unauthorized' for url 'https://api.tradier.com/v1/markets/quotes?symbols=AVGO261002C00210000%2CAVGO261002C00215000%2CAVGO261002C00220000%2CAVGO261002C00225000%2CAVGO261002C00230000%2CAVGO261002C00235000%2CAVGO261002C00240000%2CAVGO261002C00245000%2CAVGO261002C00250000%2CAVGO261002C00255000%2CAVGO261002C00260000%2CAVGO261002C00265000%2CAVGO261002C00270000%2CAVGO261002C00275000%2CAVGO261002C00280000%2CAVGO261002C00285000%2CAVGO261002C00290000%2CAVGO261002C00295000%2CAVGO261002C00297500%2CAVGO261002C00300000%2CAVGO261002C00302500%2CAVGO261002C00305000%2CAVGO261002C00307500%2CAVGO261002C00310000%2CAVGO261002C00312500%2CAVGO261002C00315000%2CAVGO261002C00317500%2CAVGO261002C00320000%2CAVGO261002C00322500%2CAVGO261002C00325000%2CAVGO261002C00327500%2CAVGO261002C00330000%2CAVGO261002C00332500%2CAVGO261002C00335000%2CAVGO261002C00337500%2CAVGO261002C00340000%2CAVGO261002C00342500%2CAVGO261002C00345000%2CAVGO261002C00347500%2CAVGO261002C00350000%2CAVGO261002C00352500%2CAVGO261002C00355000%2CAVGO261002C00357500%2CAVGO261002C00360000%2CAVGO261002C00362500%2CAVGO261002C00365000%2CAVGO261002C00367500%2CAVGO261002C00370000%2CAVGO261002C00372500%2CAVGO261002C00375000&greeks=true'
For more information check: https://developer.mozilla.org/en-US/docs/Web/HTTP/Status/401
2026-09-29T10:31:58 | WARNING  | app.scanning.alpaca_confirmer | AlpacaConfirmer: cannot fetch chain for GOOGL 2026-10-02: Client error '401 Unauthorized' for url 'https://api.tradier.com/v1/markets/quotes?symbols=GOOGL261002C00100000%2CGOOGL261002C00105000%2CGOOGL261002C00110000%2CGOOGL261002C00115000%2CGOOGL261002C00120000%2CGOOGL261002C00125000%2CGOOGL261002C00130000%2CGOOGL261002C00135000%2CGOOGL261002C00140000%2CGOOGL261002C00145000%2CGOOGL261002C00150000%2CGOOGL261002C00155000%2CGOOGL261002C00160000%2CGOOGL261002C00165000%2CGOOGL261002C00170000%2CGOOGL261002C00175000%2CGOOGL261002C00180000%2CGOOGL261002C00185000%2CGOOGL261002C00190000%2CGOOGL261002C00195000%2CGOOGL261002C00200000%2CGOOGL261002C00205000%2CGOOGL261002C00210000%2CGOOGL261002C00215000%2CGOOGL261002C00220000%2CGOOGL261002C00225000%2CGOOGL261002C00230000%2CGOOGL261002C00235000%2CGOOGL261002C00240000%2CGOOGL261002C00245000%2CGOOGL261002C00250000%2CGOOGL261002C00255000%2CGOOGL261002C00260000%2CGOOGL261002C00265000%2CGOOGL261002C00270000%2CGOOGL261002C00275000%2CGOOGL261002C00280000%2CGOOGL261002C00285000%2CGOOGL261002C00290000%2CGOOGL261002C00295000%2CGOOGL261002C00300000%2CGOOGL261002C00305000%2CGOOGL261002C00307500%2CGOOGL261002C00310000%2CGOOGL261002C00312500%2CGOOGL261002C00315000%2CGOOGL261002C00317500%2CGOOGL261002C00320000%2CGOOGL261002C00322500%2CGOOGL261002C00325000&greeks=true'
For more information check: https://developer.mozilla.org/en-US/docs/Web/HTTP/Status/401
2026-09-29T10:31:58 | WARNING  | app.scanning.alpaca_confirmer | AlpacaConfirmer: cannot fetch chain for SHOP 2026-10-02: Client error '401 Unauthorized' for url 'https://api.tradier.com/v1/markets/quotes?symbols=SHOP261002C00080000%2CSHOP261002C00085000%2CSHOP261002C00090000%2CSHOP261002C00095000%2CSHOP261002C00100000%2CSHOP261002C00103000%2CSHOP261002C00104000%2CSHOP261002C00105000%2CSHOP261002C00106000%2CSHOP261002C00107000%2CSHOP261002C00108000%2CSHOP261002C00109000%2CSHOP261002C00110000%2CSHOP261002C00111000%2CSHOP261002C00112000%2CSHOP261002C00113000%2CSHOP261002C00114000%2CSHOP261002C00115000%2CSHOP261002C00116000%2CSHOP261002C00117000%2CSHOP261002C00118000%2CSHOP261002C00119000%2CSHOP261002C00120000%2CSHOP261002C00121000%2CSHOP261002C00122000%2CSHOP261002C00123000%2CSHOP261002C00124000%2CSHOP261002C00125000%2CSHOP261002C00126000%2CSHOP261002C00127000%2CSHOP261002C00128000%2CSHOP261002C00129000%2CSHOP261002C00130000%2CSHOP261002C00131000%2CSHOP261002C00132000%2CSHOP261002C00133000%2CSHOP261002C00134000%2CSHOP261002C00135000%2CSHOP261002C00136000%2CSHOP261002C00137000%2CSHOP261002C00138000%2CSHOP261002C00139000%2CSHOP261002C00140000%2CSHOP261002C00141000%2CSHOP261002C00142000%2CSHOP261002C00143000%2CSHOP261002C00144000%2CSHOP261002C00145000%2CSHOP261002C00146000%2CSHOP261002C00147000&greeks=true'
For more information check: https://developer.mozilla.org/en-US/docs/Web/HTTP/Status/401
2026-09-29T10:31:58 | WARNING  | app.scanning.alpaca_confirmer | AlpacaConfirmer: cannot fetch chain for RIOT 2026-10-02: Client error '401 Unauthorized' for url 'https://api.tradier.com/v1/markets/quotes?symbols=RIOT261002C00008000%2CRIOT261002C00009000%2CRIOT261002C00010000%2CRIOT261002C00011000%2CRIOT261002C00012000%2CRIOT261002C00013000%2CRIOT261002C00014000%2CRIOT261002C00015000%2CRIOT261002C00015500%2CRIOT261002C00016000%2CRIOT261002C00016500%2CRIOT261002C00017000%2CRIOT261002C00017500%2CRIOT261002C00018000%2CRIOT261002C00018500%2CRIOT261002C00019000%2CRIOT261002C00019500%2CRIOT261002C00020000%2CRIOT261002C00020500%2CRIOT261002C00021000%2CRIOT261002C00021500%2CRIOT261002C00022000%2CRIOT261002C00022500%2CRIOT261002C00023000%2CRIOT261002C00023500%2CRIOT261002C00024000%2CRIOT261002C00024500%2CRIOT261002C00025000%2CRIOT261002C00025500%2CRIOT261002C00026000%2CRIOT261002C00026500%2CRIOT261002C00027000%2CRIOT261002C00027500%2CRIOT261002C00028000%2CRIOT261002C00028500%2CRIOT261002C00029000%2CRIOT261002C00029500%2CRIOT261002C00030000%2CRIOT261002C00030500%2CRIOT261002C00031000%2CRIOT261002C00031500%2CRIOT261002C00032000%2CRIOT261002C00033000%2CRIOT261002C00034000%2CRIOT261002C00035000%2CRIOT261002P00008000%2CRIOT261002P00009000%2CRIOT261002P00010000%2CRIOT261002P00011000%2CRIOT261002P00012000&greeks=true'
For more information check: https://developer.mozilla.org/en-US/docs/Web/HTTP/Status/401
2026-09-29T10:31:58 | WARNING  | app.scanning.alpaca_confirmer | AlpacaConfirmer: cannot fetch chain for XLE 2026-10-02: Client error '401 Unauthorized' for url 'https://api.tradier.com/v1/markets/quotes?symbols=XLE261002C00035000%2CXLE261002C00040000%2CXLE261002C00045000%2CXLE261002C00048000%2CXLE261002C00049000%2CXLE261002C00050000%2CXLE261002C00051000%2CXLE261002C00052000%2CXLE261002C00053000%2CXLE261002C00054000%2CXLE261002C00054500%2CXLE261002C00055000%2CXLE261002C00055500%2CXLE261002C00056000%2CXLE261002C00056500%2CXLE261002C00057000%2CXLE261002C00057500%2CXLE261002C00058000%2CXLE261002C00058500%2CXLE261002C00059000%2CXLE261002C00059500%2CXLE261002C00060000%2CXLE261002C00060500%2CXLE261002C00061000%2CXLE261002C00061500%2CXLE261002C00062000%2CXLE261002C00062500%2CXLE261002C00063000%2CXLE261002C00063500%2CXLE261002C00064000%2CXLE261002C00064500%2CXLE261002C00065000%2CXLE261002C00065500%2CXLE261002C00066000%2CXLE261002C00066500%2CXLE261002C00067000%2CXLE261002C00068000%2CXLE261002C00068500%2CXLE261002C00069000%2CXLE261002C00070000%2CXLE261002C00071000%2CXLE261002C00075000%2CXLE261002C00080000%2CXLE261002P00035000%2CXLE261002P00040000%2CXLE261002P00045000%2CXLE261002P00048000%2CXLE261002P00049000%2CXLE261002P00050000%2CXLE261002P00051000&greeks=true'
For more information check: https://developer.mozilla.org/en-US/docs/Web/HTTP/Status/401
2026-09-29T10:31:58 | INFO     | session_runner | AlpacaConfirmer: 0 confirmed symbols: []
2026-09-29T10:31:58 | WARNING  | session_runner | Re-scan returned no confirmed symbols — falling back to ['SPY']
2026-09-29T10:31:58 | INFO     | session_runner | Broad-market regime | SPY=neutral
2026-09-29T10:31:58 | INFO     | session_runner | [bridge:SPY] rsi_trend ready: sufficient bars
2026-09-29T10:31:58 | INFO     | session_runner | Stale signal: SPY/orb age=32 min > max 10 min — skipped
2026-09-29T10:31:58 | INFO     | session_runner | Stale signal: SPY/vwap_reclaim age=42 min > max 10 min — skipped
2026-09-29T10:32:28 | INFO     | session_runner | [cycle 122] 10:32:28 ET | positions=0 | entries=0
2026-09-29T10:32:29 | INFO     | session_runner | [bridge:SPY] rsi_trend ready: sufficient bars
2026-09-29T10:32:29 | INFO     | session_runner | Stale signal: SPY/orb age=32 min > max 10 min — skipped
2026-09-29T10:32:29 | INFO     | session_runner | Stale signal: SPY/vwap_reclaim age=42 min > max 10 min — skipped
2026-09-29T10:32:59 | INFO     | session_runner | [cycle 123] 10:32:59 ET | positions=0 | entries=0
2026-09-29T10:32:59 | INFO     | session_runner | [bridge:SPY] rsi_trend ready: sufficient bars
2026-09-29T10:32:59 | INFO     | session_runner | Stale signal: SPY/orb age=33 min > max 10 min — skipped
2026-09-29T10:32:59 | INFO     | session_runner | Stale signal: SPY/vwap_reclaim age=43 min > max 10 min — skipped
2026-09-29T10:33:29 | INFO     | session_runner | [cycle 124] 10:33:29 ET | positions=0 | entries=0
2026-09-29T10:33:29 | INFO     | session_runner | [bridge:SPY] rsi_trend ready: sufficient bars
2026-09-29T10:33:29 | INFO     | session_runner | Stale signal: SPY/orb age=33 min > max 10 min — skipped
2026-09-29T10:33:29 | INFO     | session_runner | Stale signal: SPY/vwap_reclaim age=43 min > max 10 min — skipped
2026-09-29T10:33:59 | INFO     | session_runner | [cycle 125] 10:33:59 ET | positions=0 | entries=0
2026-09-29T10:33:59 | INFO     | session_runner | [bridge:SPY] rsi_trend ready: sufficient bars
2026-09-29T10:33:59 | INFO     | session_runner | Stale signal: SPY/orb age=34 min > max 10 min — skipped
2026-09-29T10:33:59 | INFO     | session_runner | Stale signal: SPY/vwap_reclaim age=44 min > max 10 min — skipped
2026-09-29T10:34:29 | INFO     | session_runner | [cycle 126] 10:34:29 ET | positions=0 | entries=0
2026-09-29T10:34:29 | INFO     | session_runner | [bridge:SPY] rsi_trend ready: sufficient bars
2026-09-29T10:34:29 | INFO     | session_runner | Stale signal: SPY/orb age=34 min > max 10 min — skipped
2026-09-29T10:34:29 | INFO     | session_runner | Stale signal: SPY/vwap_reclaim age=44 min > max 10 min — skipped
2026-09-29T10:34:59 | INFO     | session_runner | [cycle 127] 10:34:59 ET | positions=0 | entries=0
2026-09-29T10:35:00 | INFO     | session_runner | [bridge:SPY] rsi_trend ready: sufficient bars
2026-09-29T10:35:00 | INFO     | session_runner | Stale signal: SPY/orb age=35 min > max 10 min — skipped
2026-09-29T10:35:00 | INFO     | session_runner | Stale signal: SPY/vwap_reclaim age=45 min > max 10 min — skipped
2026-09-29T10:35:30 | INFO     | session_runner | [cycle 128] 10:35:30 ET | positions=0 | entries=0
2026-09-29T10:35:30 | INFO     | session_runner | [bridge:SPY] rsi_trend ready: sufficient bars
2026-09-29T10:35:30 | INFO     | session_runner | Stale signal: SPY/orb age=36 min > max 10 min — skipped
2026-09-29T10:35:30 | INFO     | session_runner | Stale signal: SPY/vwap_reclaim age=46 min > max 10 min — skipped
2026-09-29T10:36:00 | INFO     | session_runner | [cycle 129] 10:36:00 ET | positions=0 | entries=0
2026-09-29T10:36:00 | INFO     | session_runner | [bridge:SPY] rsi_trend ready: sufficient bars
2026-09-29T10:36:00 | INFO     | session_runner | Stale signal: SPY/orb age=36 min > max 10 min — skipped
2026-09-29T10:36:00 | INFO     | session_runner | Stale signal: SPY/vwap_reclaim age=46 min > max 10 min — skipped
2026-09-29T10:36:30 | INFO     | session_runner | [cycle 130] 10:36:30 ET | positions=0 | entries=0
2026-09-29T10:36:30 | INFO     | session_runner | [bridge:SPY] rsi_trend ready: sufficient bars
2026-09-29T10:36:30 | INFO     | session_runner | Stale signal: SPY/orb age=37 min > max 10 min — skipped
2026-09-29T10:36:30 | INFO     | session_runner | Stale signal: SPY/vwap_reclaim age=47 min > max 10 min — skipped
2026-09-29T10:37:00 | INFO     | session_runner | [cycle 131] 10:37:00 ET | positions=0 | entries=0
2026-09-29T10:37:00 | INFO     | session_runner | Periodic universe re-scan …
2026-09-29T10:37:00 | INFO     | app.scanning.universe_loader | UniverseLoader: loaded 5 groups (13 flat symbols) from config/ticker_universe.yaml (blacklist=0)
2026-09-29T10:37:00 | INFO     | app.scanning.universe_loader | UniverseLoader: 38 symbols from 4 group(s) (blacklist=0)
2026-09-29T10:37:00 | INFO     | session_runner | Universe scan: 38 symbols from 4 group(s) | max_active=6
2026-09-29T10:37:05 | INFO     | session_runner | Scan: 22 passed, 16 rejected
2026-09-29T10:37:05 | INFO     | session_runner |   GOOGL   score=90.0  signal=SHORT    reasons: rvol=1.68x (elevated), atr=2.28% (wide-range), orb_breakdown
2026-09-29T10:37:05 | INFO     | session_runner |   MSFT    score=75.0  signal=LONG     reasons: rvol=1.19x (normal), atr=2.35% (wide-range), orb_breakout
2026-09-29T10:37:05 | INFO     | session_runner |   AAPL    score=70.0  signal=SHORT    reasons: rvol=1.52x (elevated), atr=1.92% (wide-range), orb_breakdown
2026-09-29T10:37:05 | INFO     | session_runner |   RIOT    score=70.0  signal=LONG     reasons: atr=5.92% (wide-range), orb_breakout, trend_up
2026-09-29T10:37:05 | INFO     | session_runner |   SHOP    score=67.0  signal=LONG     reasons: rvol=1.05x (normal), atr=4.81% (wide-range), orb_breakout
2026-09-29T10:37:05 | WARNING  | app.scanning.alpaca_confirmer | AlpacaConfirmer: cannot fetch chain for SHOP 2026-10-02: Client error '401 Unauthorized' for url 'https://api.tradier.com/v1/markets/quotes?symbols=SHOP261002C00080000%2CSHOP261002C00085000%2CSHOP261002C00090000%2CSHOP261002C00095000%2CSHOP261002C00100000%2CSHOP261002C00103000%2CSHOP261002C00104000%2CSHOP261002C00105000%2CSHOP261002C00106000%2CSHOP261002C00107000%2CSHOP261002C00108000%2CSHOP261002C00109000%2CSHOP261002C00110000%2CSHOP261002C00111000%2CSHOP261002C00112000%2CSHOP261002C00113000%2CSHOP261002C00114000%2CSHOP261002C00115000%2CSHOP261002C00116000%2CSHOP261002C00117000%2CSHOP261002C00118000%2CSHOP261002C00119000%2CSHOP261002C00120000%2CSHOP261002C00121000%2CSHOP261002C00122000%2CSHOP261002C00123000%2CSHOP261002C00124000%2CSHOP261002C00125000%2CSHOP261002C00126000%2CSHOP261002C00127000%2CSHOP261002C00128000%2CSHOP261002C00129000%2CSHOP261002C00130000%2CSHOP261002C00131000%2CSHOP261002C00132000%2CSHOP261002C00133000%2CSHOP261002C00134000%2CSHOP261002C00135000%2CSHOP261002C00136000%2CSHOP261002C00137000%2CSHOP261002C00138000%2CSHOP261002C00139000%2CSHOP261002C00140000%2CSHOP261002C00141000%2CSHOP261002C00142000%2CSHOP261002C00143000%2CSHOP261002C00144000%2CSHOP261002C00145000%2CSHOP261002C00146000%2CSHOP261002C00147000&greeks=true'
For more information check: https://developer.mozilla.org/en-US/docs/Web/HTTP/Status/401
2026-09-29T10:37:05 | WARNING  | app.scanning.alpaca_confirmer | AlpacaConfirmer: cannot fetch chain for MSFT 2026-10-02: Client error '401 Unauthorized' for url 'https://api.tradier.com/v1/markets/quotes?symbols=MSFT261002C00270000%2CMSFT261002C00280000%2CMSFT261002C00290000%2CMSFT261002C00300000%2CMSFT261002C00305000%2CMSFT261002C00310000%2CMSFT261002C00315000%2CMSFT261002C00320000%2CMSFT261002C00325000%2CMSFT261002C00330000%2CMSFT261002C00335000%2CMSFT261002C00340000%2CMSFT261002C00345000%2CMSFT261002C00350000%2CMSFT261002C00355000%2CMSFT261002C00360000%2CMSFT261002C00365000%2CMSFT261002C00370000%2CMSFT261002C00375000%2CMSFT261002C00380000%2CMSFT261002C00385000%2CMSFT261002C00390000%2CMSFT261002C00395000%2CMSFT261002C00400000%2CMSFT261002C00405000%2CMSFT261002C00410000%2CMSFT261002C00415000%2CMSFT261002C00420000%2CMSFT261002C00425000%2CMSFT261002C00430000%2CMSFT261002C00435000%2CMSFT261002C00437500%2CMSFT261002C00440000%2CMSFT261002C00442500%2CMSFT261002C00445000%2CMSFT261002C00447500%2CMSFT261002C00450000%2CMSFT261002C00452500%2CMSFT261002C00455000%2CMSFT261002C00457500%2CMSFT261002C00460000%2CMSFT261002C00462500%2CMSFT261002C00465000%2CMSFT261002C00467500%2CMSFT261002C00470000%2CMSFT261002C00472500%2CMSFT261002C00475000%2CMSFT261002C00477500%2CMSFT261002C00480000%2CMSFT261002C00482500&greeks=true'
For more information check: https://developer.mozilla.org/en-US/docs/Web/HTTP/Status/401
2026-09-29T10:37:05 | WARNING  | app.scanning.alpaca_confirmer | AlpacaConfirmer: cannot fetch chain for DKNG 2026-10-02: Client error '401 Unauthorized' for url 'https://api.tradier.com/v1/markets/quotes?symbols=DKNG261002C00011000%2CDKNG261002C00012000%2CDKNG261002C00013000%2CDKNG261002C00014000%2CDKNG261002C00015000%2CDKNG261002C00016000%2CDKNG261002C00017000%2CDKNG261002C00018000%2CDKNG261002C00019000%2CDKNG261002C00020000%2CDKNG261002C00020500%2CDKNG261002C00021000%2CDKNG261002C00021500%2CDKNG261002C00022000%2CDKNG261002C00022500%2CDKNG261002C00023000%2CDKNG261002C00023500%2CDKNG261002C00024000%2CDKNG261002C00024500%2CDKNG261002C00025000%2CDKNG261002C00025500%2CDKNG261002C00026000%2CDKNG261002C00026500%2CDKNG261002C00027000%2CDKNG261002C00027500%2CDKNG261002C00028000%2CDKNG261002C00028500%2CDKNG261002C00029000%2CDKNG261002C00030000%2CDKNG261002C00031000%2CDKNG261002C00032000%2CDKNG261002C00033000%2CDKNG261002C00034000%2CDKNG261002C00035000%2CDKNG261002C00036000%2CDKNG261002P00011000%2CDKNG261002P00012000%2CDKNG261002P00013000%2CDKNG261002P00014000%2CDKNG261002P00015000%2CDKNG261002P00016000%2CDKNG261002P00017000%2CDKNG261002P00018000%2CDKNG261002P00019000%2CDKNG261002P00020000%2CDKNG261002P00020500%2CDKNG261002P00021000%2CDKNG261002P00021500%2CDKNG261002P00022000%2CDKNG261002P00022500&greeks=true'
For more information check: https://developer.mozilla.org/en-US/docs/Web/HTTP/Status/401
2026-09-29T10:37:05 | WARNING  | app.scanning.alpaca_confirmer | AlpacaConfirmer: cannot fetch chain for IWM 2026-10-01: Client error '401 Unauthorized' for url 'https://api.tradier.com/v1/markets/quotes?symbols=IWM261001C00180000%2CIWM261001C00190000%2CIWM261001C00200000%2CIWM261001C00205000%2CIWM261001C00210000%2CIWM261001C00215000%2CIWM261001C00220000%2CIWM261001C00225000%2CIWM261001C00230000%2CIWM261001C00235000%2CIWM261001C00240000%2CIWM261001C00245000%2CIWM261001C00250000%2CIWM261001C00255000%2CIWM261001C00260000%2CIWM261001C00261000%2CIWM261001C00262000%2CIWM261001C00263000%2CIWM261001C00264000%2CIWM261001C00265000%2CIWM261001C00266000%2CIWM261001C00267000%2CIWM261001C00268000%2CIWM261001C00269000%2CIWM261001C00270000%2CIWM261001C00271000%2CIWM261001C00272000%2CIWM261001C00273000%2CIWM261001C00274000%2CIWM261001C00275000%2CIWM261001C00276000%2CIWM261001C00277000%2CIWM261001C00278000%2CIWM261001C00279000%2CIWM261001C00280000%2CIWM261001C00281000%2CIWM261001C00282000%2CIWM261001C00283000%2CIWM261001C00284000%2CIWM261001C00285000%2CIWM261001C00286000%2CIWM261001C00287000%2CIWM261001C00288000%2CIWM261001C00289000%2CIWM261001C00290000%2CIWM261001C00291000%2CIWM261001C00292000%2CIWM261001C00293000%2CIWM261001C00294000%2CIWM261001C00295000&greeks=true'
For more information check: https://developer.mozilla.org/en-US/docs/Web/HTTP/Status/401
2026-09-29T10:37:05 | WARNING  | app.scanning.alpaca_confirmer | AlpacaConfirmer: cannot fetch chain for HOOD 2026-10-02: Client error '401 Unauthorized' for url 'https://api.tradier.com/v1/markets/quotes?symbols=HOOD261002C00025000%2CHOOD261002C00030000%2CHOOD261002C00035000%2CHOOD261002C00040000%2CHOOD261002C00045000%2CHOOD261002C00050000%2CHOOD261002C00055000%2CHOOD261002C00060000%2CHOOD261002C00065000%2CHOOD261002C00070000%2CHOOD261002C00075000%2CHOOD261002C00080000%2CHOOD261002C00082000%2CHOOD261002C00083000%2CHOOD261002C00084000%2CHOOD261002C00085000%2CHOOD261002C00086000%2CHOOD261002C00087000%2CHOOD261002C00088000%2CHOOD261002C00089000%2CHOOD261002C00090000%2CHOOD261002C00091000%2CHOOD261002C00092000%2CHOOD261002C00093000%2CHOOD261002C00094000%2CHOOD261002C00095000%2CHOOD261002C00096000%2CHOOD261002C00097000%2CHOOD261002C00098000%2CHOOD261002C00099000%2CHOOD261002C00100000%2CHOOD261002C00101000%2CHOOD261002C00102000%2CHOOD261002C00103000%2CHOOD261002C00104000%2CHOOD261002C00105000%2CHOOD261002C00106000%2CHOOD261002C00107000%2CHOOD261002C00108000%2CHOOD261002C00109000%2CHOOD261002C00110000%2CHOOD261002C00111000%2CHOOD261002C00112000%2CHOOD261002C00113000%2CHOOD261002C00114000%2CHOOD261002C00115000%2CHOOD261002C00116000%2CHOOD261002C00117000%2CHOOD261002C00118000%2CHOOD261002C00119000&greeks=true'
For more information check: https://developer.mozilla.org/en-US/docs/Web/HTTP/Status/401
2026-09-29T10:37:05 | WARNING  | app.scanning.alpaca_confirmer | AlpacaConfirmer: cannot fetch chain for RIOT 2026-10-02: Client error '401 Unauthorized' for url 'https://api.tradier.com/v1/markets/quotes?symbols=RIOT261002C00008000%2CRIOT261002C00009000%2CRIOT261002C00010000%2CRIOT261002C00011000%2CRIOT261002C00012000%2CRIOT261002C00013000%2CRIOT261002C00014000%2CRIOT261002C00015000%2CRIOT261002C00015500%2CRIOT261002C00016000%2CRIOT261002C00016500%2CRIOT261002C00017000%2CRIOT261002C00017500%2CRIOT261002C00018000%2CRIOT261002C00018500%2CRIOT261002C00019000%2CRIOT261002C00019500%2CRIOT261002C00020000%2CRIOT261002C00020500%2CRIOT261002C00021000%2CRIOT261002C00021500%2CRIOT261002C00022000%2CRIOT261002C00022500%2CRIOT261002C00023000%2CRIOT261002C00023500%2CRIOT261002C00024000%2CRIOT261002C00024500%2CRIOT261002C00025000%2CRIOT261002C00025500%2CRIOT261002C00026000%2CRIOT261002C00026500%2CRIOT261002C00027000%2CRIOT261002C00027500%2CRIOT261002C00028000%2CRIOT261002C00028500%2CRIOT261002C00029000%2CRIOT261002C00029500%2CRIOT261002C00030000%2CRIOT261002C00030500%2CRIOT261002C00031000%2CRIOT261002C00031500%2CRIOT261002C00032000%2CRIOT261002C00033000%2CRIOT261002C00034000%2CRIOT261002C00035000%2CRIOT261002P00008000%2CRIOT261002P00009000%2CRIOT261002P00010000%2CRIOT261002P00011000%2CRIOT261002P00012000&greeks=true'
For more information check: https://developer.mozilla.org/en-US/docs/Web/HTTP/Status/401
2026-09-29T10:37:05 | WARNING  | app.scanning.alpaca_confirmer | AlpacaConfirmer: cannot fetch chain for NVDA 2026-10-02: Client error '401 Unauthorized' for url 'https://api.tradier.com/v1/markets/quotes?symbols=NVDA261002C00050000%2CNVDA261002C00055000%2CNVDA261002C00060000%2CNVDA261002C00065000%2CNVDA261002C00070000%2CNVDA261002C00075000%2CNVDA261002C00080000%2CNVDA261002C00085000%2CNVDA261002C00090000%2CNVDA261002C00095000%2CNVDA261002C00100000%2CNVDA261002C00105000%2CNVDA261002C00110000%2CNVDA261002C00115000%2CNVDA261002C00120000%2CNVDA261002C00125000%2CNVDA261002C00130000%2CNVDA261002C00135000%2CNVDA261002C00140000%2CNVDA261002C00145000%2CNVDA261002C00150000%2CNVDA261002C00155000%2CNVDA261002C00160000%2CNVDA261002C00165000%2CNVDA261002C00170000%2CNVDA261002C00175000%2CNVDA261002C00180000%2CNVDA261002C00182500%2CNVDA261002C00185000%2CNVDA261002C00187500%2CNVDA261002C00190000%2CNVDA261002C00192500%2CNVDA261002C00195000%2CNVDA261002C00197500%2CNVDA261002C00200000%2CNVDA261002C00202500%2CNVDA261002C00205000%2CNVDA261002C00207500%2CNVDA261002C00210000%2CNVDA261002C00212500%2CNVDA261002C00215000%2CNVDA261002C00217500%2CNVDA261002C00220000%2CNVDA261002C00222500%2CNVDA261002C00225000%2CNVDA261002C00227500%2CNVDA261002C00230000%2CNVDA261002C00232500%2CNVDA261002C00235000%2CNVDA261002C00237500&greeks=true'
For more information check: https://developer.mozilla.org/en-US/docs/Web/HTTP/Status/401
2026-09-29T10:37:05 | WARNING  | app.scanning.alpaca_confirmer | AlpacaConfirmer: cannot fetch chain for LYFT 2026-10-02: Client error '401 Unauthorized' for url 'https://api.tradier.com/v1/markets/quotes?symbols=LYFT261002C00005000%2CLYFT261002C00008000%2CLYFT261002C00009000%2CLYFT261002C00010000%2CLYFT261002C00010500%2CLYFT261002C00011000%2CLYFT261002C00011500%2CLYFT261002C00012000%2CLYFT261002C00012500%2CLYFT261002C00013000%2CLYFT261002C00013500%2CLYFT261002C00014000%2CLYFT261002C00014500%2CLYFT261002C00015000%2CLYFT261002C00015500%2CLYFT261002C00016000%2CLYFT261002C00016500%2CLYFT261002C00017000%2CLYFT261002C00017500%2CLYFT261002C00018000%2CLYFT261002C00018500%2CLYFT261002C00019000%2CLYFT261002C00019500%2CLYFT261002C00020000%2CLYFT261002C00020500%2CLYFT261002C00021000%2CLYFT261002C00021500%2CLYFT261002C00022000%2CLYFT261002C00023000%2CLYFT261002C00024000%2CLYFT261002C00025000%2CLYFT261002P00005000%2CLYFT261002P00008000%2CLYFT261002P00009000%2CLYFT261002P00010000%2CLYFT261002P00010500%2CLYFT261002P00011000%2CLYFT261002P00011500%2CLYFT261002P00012000%2CLYFT261002P00012500%2CLYFT261002P00013000%2CLYFT261002P00013500%2CLYFT261002P00014000%2CLYFT261002P00014500%2CLYFT261002P00015000%2CLYFT261002P00015500%2CLYFT261002P00016000%2CLYFT261002P00016500%2CLYFT261002P00017000%2CLYFT261002P00017500&greeks=true'
For more information check: https://developer.mozilla.org/en-US/docs/Web/HTTP/Status/401
2026-09-29T10:37:05 | WARNING  | app.scanning.alpaca_confirmer | AlpacaConfirmer: cannot fetch chain for AAPL 2026-10-02: Client error '401 Unauthorized' for url 'https://api.tradier.com/v1/markets/quotes?symbols=AAPL261002C00110000%2CAAPL261002C00120000%2CAAPL261002C00125000%2CAAPL261002C00130000%2CAAPL261002C00135000%2CAAPL261002C00140000%2CAAPL261002C00145000%2CAAPL261002C00150000%2CAAPL261002C00155000%2CAAPL261002C00160000%2CAAPL261002C00165000%2CAAPL261002C00170000%2CAAPL261002C00175000%2CAAPL261002C00180000%2CAAPL261002C00185000%2CAAPL261002C00190000%2CAAPL261002C00195000%2CAAPL261002C00200000%2CAAPL261002C00205000%2CAAPL261002C00210000%2CAAPL261002C00215000%2CAAPL261002C00220000%2CAAPL261002C00225000%2CAAPL261002C00230000%2CAAPL261002C00235000%2CAAPL261002C00240000%2CAAPL261002C00245000%2CAAPL261002C00250000%2CAAPL261002C00255000%2CAAPL261002C00260000%2CAAPL261002C00265000%2CAAPL261002C00270000%2CAAPL261002C00275000%2CAAPL261002C00280000%2CAAPL261002C00285000%2CAAPL261002C00290000%2CAAPL261002C00295000%2CAAPL261002C00297500%2CAAPL261002C00300000%2CAAPL261002C00302500%2CAAPL261002C00305000%2CAAPL261002C00307500%2CAAPL261002C00310000%2CAAPL261002C00312500%2CAAPL261002C00315000%2CAAPL261002C00317500%2CAAPL261002C00320000%2CAAPL261002C00322500%2CAAPL261002C00325000%2CAAPL261002C00327500&greeks=true'
For more information check: https://developer.mozilla.org/en-US/docs/Web/HTTP/Status/401
2026-09-29T10:37:05 | WARNING  | app.scanning.alpaca_confirmer | AlpacaConfirmer: cannot fetch chain for GOOGL 2026-10-02: Client error '401 Unauthorized' for url 'https://api.tradier.com/v1/markets/quotes?symbols=GOOGL261002C00100000%2CGOOGL261002C00105000%2CGOOGL261002C00110000%2CGOOGL261002C00115000%2CGOOGL261002C00120000%2CGOOGL261002C00125000%2CGOOGL261002C00130000%2CGOOGL261002C00135000%2CGOOGL261002C00140000%2CGOOGL261002C00145000%2CGOOGL261002C00150000%2CGOOGL261002C00155000%2CGOOGL261002C00160000%2CGOOGL261002C00165000%2CGOOGL261002C00170000%2CGOOGL261002C00175000%2CGOOGL261002C00180000%2CGOOGL261002C00185000%2CGOOGL261002C00190000%2CGOOGL261002C00195000%2CGOOGL261002C00200000%2CGOOGL261002C00205000%2CGOOGL261002C00210000%2CGOOGL261002C00215000%2CGOOGL261002C00220000%2CGOOGL261002C00225000%2CGOOGL261002C00230000%2CGOOGL261002C00235000%2CGOOGL261002C00240000%2CGOOGL261002C00245000%2CGOOGL261002C00250000%2CGOOGL261002C00255000%2CGOOGL261002C00260000%2CGOOGL261002C00265000%2CGOOGL261002C00270000%2CGOOGL261002C00275000%2CGOOGL261002C00280000%2CGOOGL261002C00285000%2CGOOGL261002C00290000%2CGOOGL261002C00295000%2CGOOGL261002C00300000%2CGOOGL261002C00305000%2CGOOGL261002C00307500%2CGOOGL261002C00310000%2CGOOGL261002C00312500%2CGOOGL261002C00315000%2CGOOGL261002C00317500%2CGOOGL261002C00320000%2CGOOGL261002C00322500%2CGOOGL261002C00325000&greeks=true'
For more information check: https://developer.mozilla.org/en-US/docs/Web/HTTP/Status/401
2026-09-29T10:37:05 | WARNING  | app.scanning.alpaca_confirmer | AlpacaConfirmer: cannot fetch chain for RIVN 2026-10-02: Client error '401 Unauthorized' for url 'https://api.tradier.com/v1/markets/quotes?symbols=RIVN261002C00005000%2CRIVN261002C00009000%2CRIVN261002C00010000%2CRIVN261002C00010500%2CRIVN261002C00011000%2CRIVN261002C00011500%2CRIVN261002C00012000%2CRIVN261002C00012500%2CRIVN261002C00013000%2CRIVN261002C00013500%2CRIVN261002C00014000%2CRIVN261002C00014500%2CRIVN261002C00015000%2CRIVN261002C00015500%2CRIVN261002C00016000%2CRIVN261002C00016500%2CRIVN261002C00017000%2CRIVN261002C00017500%2CRIVN261002C00018000%2CRIVN261002C00018500%2CRIVN261002C00019000%2CRIVN261002C00019500%2CRIVN261002C00020000%2CRIVN261002C00020500%2CRIVN261002C00021000%2CRIVN261002C00021500%2CRIVN261002C00022000%2CRIVN261002C00023000%2CRIVN261002C00024000%2CRIVN261002C00025000%2CRIVN261002C00030000%2CRIVN261002P00005000%2CRIVN261002P00009000%2CRIVN261002P00010000%2CRIVN261002P00010500%2CRIVN261002P00011000%2CRIVN261002P00011500%2CRIVN261002P00012000%2CRIVN261002P00012500%2CRIVN261002P00013000%2CRIVN261002P00013500%2CRIVN261002P00014000%2CRIVN261002P00014500%2CRIVN261002P00015000%2CRIVN261002P00015500%2CRIVN261002P00016000%2CRIVN261002P00016500%2CRIVN261002P00017000%2CRIVN261002P00017500%2CRIVN261002P00018000&greeks=true'
For more information check: https://developer.mozilla.org/en-US/docs/Web/HTTP/Status/401
2026-09-29T10:37:05 | WARNING  | app.scanning.alpaca_confirmer | AlpacaConfirmer: cannot fetch chain for AVGO 2026-10-02: Client error '401 Unauthorized' for url 'https://api.tradier.com/v1/markets/quotes?symbols=AVGO261002C00210000%2CAVGO261002C00215000%2CAVGO261002C00220000%2CAVGO261002C00225000%2CAVGO261002C00230000%2CAVGO261002C00235000%2CAVGO261002C00240000%2CAVGO261002C00245000%2CAVGO261002C00250000%2CAVGO261002C00255000%2CAVGO261002C00260000%2CAVGO261002C00265000%2CAVGO261002C00270000%2CAVGO261002C00275000%2CAVGO261002C00280000%2CAVGO261002C00285000%2CAVGO261002C00290000%2CAVGO261002C00295000%2CAVGO261002C00297500%2CAVGO261002C00300000%2CAVGO261002C00302500%2CAVGO261002C00305000%2CAVGO261002C00307500%2CAVGO261002C00310000%2CAVGO261002C00312500%2CAVGO261002C00315000%2CAVGO261002C00317500%2CAVGO261002C00320000%2CAVGO261002C00322500%2CAVGO261002C00325000%2CAVGO261002C00327500%2CAVGO261002C00330000%2CAVGO261002C00332500%2CAVGO261002C00335000%2CAVGO261002C00337500%2CAVGO261002C00340000%2CAVGO261002C00342500%2CAVGO261002C00345000%2CAVGO261002C00347500%2CAVGO261002C00350000%2CAVGO261002C00352500%2CAVGO261002C00355000%2CAVGO261002C00357500%2CAVGO261002C00360000%2CAVGO261002C00362500%2CAVGO261002C00365000%2CAVGO261002C00367500%2CAVGO261002C00370000%2CAVGO261002C00372500%2CAVGO261002C00375000&greeks=true'
For more information check: https://developer.mozilla.org/en-US/docs/Web/HTTP/Status/401
2026-09-29T10:37:05 | INFO     | session_runner | AlpacaConfirmer: 0 confirmed symbols: []
2026-09-29T10:37:05 | WARNING  | session_runner | Re-scan returned no confirmed symbols — falling back to ['SPY']
2026-09-29T10:37:05 | INFO     | session_runner | Broad-market regime | SPY=neutral
2026-09-29T10:37:06 | INFO     | session_runner | [bridge:SPY] rsi_trend ready: sufficient bars
2026-09-29T10:37:06 | INFO     | session_runner | Stale signal: SPY/orb age=37 min > max 10 min — skipped
2026-09-29T10:37:06 | INFO     | session_runner | Stale signal: SPY/vwap_reclaim age=47 min > max 10 min — skipped
2026-09-29T10:37:36 | INFO     | session_runner | [cycle 132] 10:37:36 ET | positions=0 | entries=0
2026-09-29T10:37:36 | INFO     | session_runner | [bridge:SPY] rsi_trend ready: sufficient bars
2026-09-29T10:37:36 | INFO     | session_runner | Stale signal: SPY/orb age=38 min > max 10 min — skipped
2026-09-29T10:37:36 | INFO     | session_runner | Stale signal: SPY/vwap_reclaim age=48 min > max 10 min — skipped
2026-09-29T10:38:06 | INFO     | session_runner | [cycle 133] 10:38:06 ET | positions=0 | entries=0
2026-09-29T10:38:06 | INFO     | session_runner | [bridge:SPY] rsi_trend ready: sufficient bars
2026-09-29T10:38:06 | INFO     | session_runner | Stale signal: SPY/orb age=38 min > max 10 min — skipped
2026-09-29T10:38:06 | INFO     | session_runner | Stale signal: SPY/vwap_reclaim age=48 min > max 10 min — skipped
2026-09-29T10:38:36 | INFO     | session_runner | [cycle 134] 10:38:36 ET | positions=0 | entries=0
2026-09-29T10:38:36 | INFO     | session_runner | [bridge:SPY] rsi_trend ready: sufficient bars
2026-09-29T10:38:36 | INFO     | session_runner | Stale signal: SPY/orb age=39 min > max 10 min — skipped
2026-09-29T10:38:36 | INFO     | session_runner | Stale signal: SPY/vwap_reclaim age=49 min > max 10 min — skipped
2026-09-29T10:39:06 | INFO     | session_runner | [cycle 135] 10:39:06 ET | positions=0 | entries=0
2026-09-29T10:39:06 | INFO     | session_runner | [bridge:SPY] rsi_trend ready: sufficient bars
2026-09-29T10:39:06 | INFO     | session_runner | Stale signal: SPY/orb age=39 min > max 10 min — skipped
2026-09-29T10:39:06 | INFO     | session_runner | Stale signal: SPY/vwap_reclaim age=49 min > max 10 min — skipped
2026-09-29T10:39:37 | INFO     | session_runner | [cycle 136] 10:39:37 ET | positions=0 | entries=0
2026-09-29T10:39:37 | INFO     | session_runner | [bridge:SPY] rsi_trend ready: sufficient bars
2026-09-29T10:39:37 | INFO     | session_runner | Stale signal: SPY/orb age=40 min > max 10 min — skipped
2026-09-29T10:39:37 | INFO     | session_runner | Stale signal: SPY/vwap_reclaim age=50 min > max 10 min — skipped
2026-09-29T10:40:07 | INFO     | session_runner | [cycle 137] 10:40:07 ET | positions=0 | entries=0
2026-09-29T10:40:07 | INFO     | session_runner | [bridge:SPY] rsi_trend ready: sufficient bars
2026-09-29T10:40:07 | INFO     | session_runner | Stale signal: SPY/orb age=40 min > max 10 min — skipped
2026-09-29T10:40:07 | INFO     | session_runner | Stale signal: SPY/vwap_reclaim age=50 min > max 10 min — skipped
2026-09-29T10:40:37 | INFO     | session_runner | [cycle 138] 10:40:37 ET | positions=0 | entries=0
2026-09-29T10:40:37 | INFO     | session_runner | [bridge:SPY] rsi_trend ready: sufficient bars
2026-09-29T10:40:37 | INFO     | session_runner | Stale signal: SPY/orb age=41 min > max 10 min — skipped
2026-09-29T10:40:37 | INFO     | session_runner | Stale signal: SPY/vwap_reclaim age=51 min > max 10 min — skipped
2026-09-29T10:41:07 | INFO     | session_runner | [cycle 139] 10:41:07 ET | positions=0 | entries=0
2026-09-29T10:41:08 | INFO     | session_runner | [bridge:SPY] rsi_trend ready: sufficient bars
2026-09-29T10:41:08 | INFO     | session_runner | Stale signal: SPY/orb age=41 min > max 10 min — skipped
2026-09-29T10:41:08 | INFO     | session_runner | Stale signal: SPY/vwap_reclaim age=51 min > max 10 min — skipped
2026-09-29T10:41:38 | INFO     | session_runner | [cycle 140] 10:41:38 ET | positions=0 | entries=0
2026-09-29T10:41:38 | INFO     | session_runner | [bridge:SPY] rsi_trend ready: sufficient bars
2026-09-29T10:41:38 | INFO     | session_runner | Stale signal: SPY/orb age=42 min > max 10 min — skipped
2026-09-29T10:41:38 | INFO     | session_runner | Stale signal: SPY/vwap_reclaim age=52 min > max 10 min — skipped
2026-09-29T10:42:08 | INFO     | session_runner | [cycle 141] 10:42:08 ET | positions=0 | entries=0
2026-09-29T10:42:08 | INFO     | app.trading.reconciler | Reconciliation done: broker_pos=0 local_pos=0 broker_orders=0 local_pending=0 repaired=0 flagged=0 orders_confirmed=True positions_confirmed=True
2026-09-29T10:42:08 | INFO     | session_runner | Periodic universe re-scan …
2026-09-29T10:42:08 | INFO     | app.scanning.universe_loader | UniverseLoader: loaded 5 groups (13 flat symbols) from config/ticker_universe.yaml (blacklist=0)
2026-09-29T10:42:08 | INFO     | app.scanning.universe_loader | UniverseLoader: 38 symbols from 4 group(s) (blacklist=0)
2026-09-29T10:42:08 | INFO     | session_runner | Universe scan: 38 symbols from 4 group(s) | max_active=6
2026-09-29T10:42:12 | INFO     | session_runner | Scan: 23 passed, 15 rejected
2026-09-29T10:42:12 | INFO     | session_runner |   GOOGL   score=90.0  signal=SHORT    reasons: rvol=1.61x (elevated), atr=2.28% (wide-range), orb_breakdown
2026-09-29T10:42:12 | INFO     | session_runner |   AVGO    score=77.0  signal=LONG     reasons: rvol=1.79x (elevated), atr=2.73% (wide-range), orb_breakout
2026-09-29T10:42:12 | INFO     | session_runner |   MSFT    score=75.0  signal=LONG     reasons: rvol=1.35x (normal), atr=2.37% (wide-range), orb_breakout
2026-09-29T10:42:12 | INFO     | session_runner |   RIVN    score=70.0  signal=LONG     reasons: rvol=1.62x (elevated), atr=4.13% (wide-range), orb_breakout
2026-09-29T10:42:12 | INFO     | session_runner |   RIOT    score=70.0  signal=LONG     reasons: atr=5.93% (wide-range), orb_breakout, trend_up
2026-09-29T10:42:12 | WARNING  | app.scanning.alpaca_confirmer | AlpacaConfirmer: cannot fetch chain for GOOGL 2026-10-02: Client error '401 Unauthorized' for url 'https://api.tradier.com/v1/markets/quotes?symbols=GOOGL261002C00100000%2CGOOGL261002C00105000%2CGOOGL261002C00110000%2CGOOGL261002C00115000%2CGOOGL261002C00120000%2CGOOGL261002C00125000%2CGOOGL261002C00130000%2CGOOGL261002C00135000%2CGOOGL261002C00140000%2CGOOGL261002C00145000%2CGOOGL261002C00150000%2CGOOGL261002C00155000%2CGOOGL261002C00160000%2CGOOGL261002C00165000%2CGOOGL261002C00170000%2CGOOGL261002C00175000%2CGOOGL261002C00180000%2CGOOGL261002C00185000%2CGOOGL261002C00190000%2CGOOGL261002C00195000%2CGOOGL261002C00200000%2CGOOGL261002C00205000%2CGOOGL261002C00210000%2CGOOGL261002C00215000%2CGOOGL261002C00220000%2CGOOGL261002C00225000%2CGOOGL261002C00230000%2CGOOGL261002C00235000%2CGOOGL261002C00240000%2CGOOGL261002C00245000%2CGOOGL261002C00250000%2CGOOGL261002C00255000%2CGOOGL261002C00260000%2CGOOGL261002C00265000%2CGOOGL261002C00270000%2CGOOGL261002C00275000%2CGOOGL261002C00280000%2CGOOGL261002C00285000%2CGOOGL261002C00290000%2CGOOGL261002C00295000%2CGOOGL261002C00300000%2CGOOGL261002C00305000%2CGOOGL261002C00307500%2CGOOGL261002C00310000%2CGOOGL261002C00312500%2CGOOGL261002C00315000%2CGOOGL261002C00317500%2CGOOGL261002C00320000%2CGOOGL261002C00322500%2CGOOGL261002C00325000&greeks=true'
For more information check: https://developer.mozilla.org/en-US/docs/Web/HTTP/Status/401
2026-09-29T10:42:12 | WARNING  | app.scanning.alpaca_confirmer | AlpacaConfirmer: cannot fetch chain for MSFT 2026-10-02: Client error '401 Unauthorized' for url 'https://api.tradier.com/v1/markets/quotes?symbols=MSFT261002C00270000%2CMSFT261002C00280000%2CMSFT261002C00290000%2CMSFT261002C00300000%2CMSFT261002C00305000%2CMSFT261002C00310000%2CMSFT261002C00315000%2CMSFT261002C00320000%2CMSFT261002C00325000%2CMSFT261002C00330000%2CMSFT261002C00335000%2CMSFT261002C00340000%2CMSFT261002C00345000%2CMSFT261002C00350000%2CMSFT261002C00355000%2CMSFT261002C00360000%2CMSFT261002C00365000%2CMSFT261002C00370000%2CMSFT261002C00375000%2CMSFT261002C00380000%2CMSFT261002C00385000%2CMSFT261002C00390000%2CMSFT261002C00395000%2CMSFT261002C00400000%2CMSFT261002C00405000%2CMSFT261002C00410000%2CMSFT261002C00415000%2CMSFT261002C00420000%2CMSFT261002C00425000%2CMSFT261002C00430000%2CMSFT261002C00435000%2CMSFT261002C00437500%2CMSFT261002C00440000%2CMSFT261002C00442500%2CMSFT261002C00445000%2CMSFT261002C00447500%2CMSFT261002C00450000%2CMSFT261002C00452500%2CMSFT261002C00455000%2CMSFT261002C00457500%2CMSFT261002C00460000%2CMSFT261002C00462500%2CMSFT261002C00465000%2CMSFT261002C00467500%2CMSFT261002C00470000%2CMSFT261002C00472500%2CMSFT261002C00475000%2CMSFT261002C00477500%2CMSFT261002C00480000%2CMSFT261002C00482500&greeks=true'
For more information check: https://developer.mozilla.org/en-US/docs/Web/HTTP/Status/401
2026-09-29T10:42:12 | WARNING  | app.scanning.alpaca_confirmer | AlpacaConfirmer: cannot fetch chain for SHOP 2026-10-02: Client error '401 Unauthorized' for url 'https://api.tradier.com/v1/markets/quotes?symbols=SHOP261002C00080000%2CSHOP261002C00085000%2CSHOP261002C00090000%2CSHOP261002C00095000%2CSHOP261002C00100000%2CSHOP261002C00103000%2CSHOP261002C00104000%2CSHOP261002C00105000%2CSHOP261002C00106000%2CSHOP261002C00107000%2CSHOP261002C00108000%2CSHOP261002C00109000%2CSHOP261002C00110000%2CSHOP261002C00111000%2CSHOP261002C00112000%2CSHOP261002C00113000%2CSHOP261002C00114000%2CSHOP261002C00115000%2CSHOP261002C00116000%2CSHOP261002C00117000%2CSHOP261002C00118000%2CSHOP261002C00119000%2CSHOP261002C00120000%2CSHOP261002C00121000%2CSHOP261002C00122000%2CSHOP261002C00123000%2CSHOP261002C00124000%2CSHOP261002C00125000%2CSHOP261002C00126000%2CSHOP261002C00127000%2CSHOP261002C00128000%2CSHOP261002C00129000%2CSHOP261002C00130000%2CSHOP261002C00131000%2CSHOP261002C00132000%2CSHOP261002C00133000%2CSHOP261002C00134000%2CSHOP261002C00135000%2CSHOP261002C00136000%2CSHOP261002C00137000%2CSHOP261002C00138000%2CSHOP261002C00139000%2CSHOP261002C00140000%2CSHOP261002C00141000%2CSHOP261002C00142000%2CSHOP261002C00143000%2CSHOP261002C00144000%2CSHOP261002C00145000%2CSHOP261002C00146000%2CSHOP261002C00147000&greeks=true'
For more information check: https://developer.mozilla.org/en-US/docs/Web/HTTP/Status/401
2026-09-29T10:42:12 | WARNING  | app.scanning.alpaca_confirmer | AlpacaConfirmer: cannot fetch chain for RIVN 2026-10-02: Client error '401 Unauthorized' for url 'https://api.tradier.com/v1/markets/quotes?symbols=RIVN261002C00005000%2CRIVN261002C00009000%2CRIVN261002C00010000%2CRIVN261002C00010500%2CRIVN261002C00011000%2CRIVN261002C00011500%2CRIVN261002C00012000%2CRIVN261002C00012500%2CRIVN261002C00013000%2CRIVN261002C00013500%2CRIVN261002C00014000%2CRIVN261002C00014500%2CRIVN261002C00015000%2CRIVN261002C00015500%2CRIVN261002C00016000%2CRIVN261002C00016500%2CRIVN261002C00017000%2CRIVN261002C00017500%2CRIVN261002C00018000%2CRIVN261002C00018500%2CRIVN261002C00019000%2CRIVN261002C00019500%2CRIVN261002C00020000%2CRIVN261002C00020500%2CRIVN261002C00021000%2CRIVN261002C00021500%2CRIVN261002C00022000%2CRIVN261002C00023000%2CRIVN261002C00024000%2CRIVN261002C00025000%2CRIVN261002C00030000%2CRIVN261002P00005000%2CRIVN261002P00009000%2CRIVN261002P00010000%2CRIVN261002P00010500%2CRIVN261002P00011000%2CRIVN261002P00011500%2CRIVN261002P00012000%2CRIVN261002P00012500%2CRIVN261002P00013000%2CRIVN261002P00013500%2CRIVN261002P00014000%2CRIVN261002P00014500%2CRIVN261002P00015000%2CRIVN261002P00015500%2CRIVN261002P00016000%2CRIVN261002P00016500%2CRIVN261002P00017000%2CRIVN261002P00017500%2CRIVN261002P00018000&greeks=true'
For more information check: https://developer.mozilla.org/en-US/docs/Web/HTTP/Status/401
2026-09-29T10:42:12 | WARNING  | app.scanning.alpaca_confirmer | AlpacaConfirmer: cannot fetch chain for RIOT 2026-10-02: Client error '401 Unauthorized' for url 'https://api.tradier.com/v1/markets/quotes?symbols=RIOT261002C00008000%2CRIOT261002C00009000%2CRIOT261002C00010000%2CRIOT261002C00011000%2CRIOT261002C00012000%2CRIOT261002C00013000%2CRIOT261002C00014000%2CRIOT261002C00015000%2CRIOT261002C00015500%2CRIOT261002C00016000%2CRIOT261002C00016500%2CRIOT261002C00017000%2CRIOT261002C00017500%2CRIOT261002C00018000%2CRIOT261002C00018500%2CRIOT261002C00019000%2CRIOT261002C00019500%2CRIOT261002C00020000%2CRIOT261002C00020500%2CRIOT261002C00021000%2CRIOT261002C00021500%2CRIOT261002C00022000%2CRIOT261002C00022500%2CRIOT261002C00023000%2CRIOT261002C00023500%2CRIOT261002C00024000%2CRIOT261002C00024500%2CRIOT261002C00025000%2CRIOT261002C00025500%2CRIOT261002C00026000%2CRIOT261002C00026500%2CRIOT261002C00027000%2CRIOT261002C00027500%2CRIOT261002C00028000%2CRIOT261002C00028500%2CRIOT261002C00029000%2CRIOT261002C00029500%2CRIOT261002C00030000%2CRIOT261002C00030500%2CRIOT261002C00031000%2CRIOT261002C00031500%2CRIOT261002C00032000%2CRIOT261002C00033000%2CRIOT261002C00034000%2CRIOT261002C00035000%2CRIOT261002P00008000%2CRIOT261002P00009000%2CRIOT261002P00010000%2CRIOT261002P00011000%2CRIOT261002P00012000&greeks=true'
For more information check: https://developer.mozilla.org/en-US/docs/Web/HTTP/Status/401
2026-09-29T10:42:12 | WARNING  | app.scanning.alpaca_confirmer | AlpacaConfirmer: cannot fetch chain for IWM 2026-10-01: Client error '401 Unauthorized' for url 'https://api.tradier.com/v1/markets/quotes?symbols=IWM261001C00180000%2CIWM261001C00190000%2CIWM261001C00200000%2CIWM261001C00205000%2CIWM261001C00210000%2CIWM261001C00215000%2CIWM261001C00220000%2CIWM261001C00225000%2CIWM261001C00230000%2CIWM261001C00235000%2CIWM261001C00240000%2CIWM261001C00245000%2CIWM261001C00250000%2CIWM261001C00255000%2CIWM261001C00260000%2CIWM261001C00261000%2CIWM261001C00262000%2CIWM261001C00263000%2CIWM261001C00264000%2CIWM261001C00265000%2CIWM261001C00266000%2CIWM261001C00267000%2CIWM261001C00268000%2CIWM261001C00269000%2CIWM261001C00270000%2CIWM261001C00271000%2CIWM261001C00272000%2CIWM261001C00273000%2CIWM261001C00274000%2CIWM261001C00275000%2CIWM261001C00276000%2CIWM261001C00277000%2CIWM261001C00278000%2CIWM261001C00279000%2CIWM261001C00280000%2CIWM261001C00281000%2CIWM261001C00282000%2CIWM261001C00283000%2CIWM261001C00284000%2CIWM261001C00285000%2CIWM261001C00286000%2CIWM261001C00287000%2CIWM261001C00288000%2CIWM261001C00289000%2CIWM261001C00290000%2CIWM261001C00291000%2CIWM261001C00292000%2CIWM261001C00293000%2CIWM261001C00294000%2CIWM261001C00295000&greeks=true'
For more information check: https://developer.mozilla.org/en-US/docs/Web/HTTP/Status/401
2026-09-29T10:42:12 | WARNING  | app.scanning.alpaca_confirmer | AlpacaConfirmer: cannot fetch chain for XLE 2026-10-02: Client error '401 Unauthorized' for url 'https://api.tradier.com/v1/markets/quotes?symbols=XLE261002C00035000%2CXLE261002C00040000%2CXLE261002C00045000%2CXLE261002C00048000%2CXLE261002C00049000%2CXLE261002C00050000%2CXLE261002C00051000%2CXLE261002C00052000%2CXLE261002C00053000%2CXLE261002C00054000%2CXLE261002C00054500%2CXLE261002C00055000%2CXLE261002C00055500%2CXLE261002C00056000%2CXLE261002C00056500%2CXLE261002C00057000%2CXLE261002C00057500%2CXLE261002C00058000%2CXLE261002C00058500%2CXLE261002C00059000%2CXLE261002C00059500%2CXLE261002C00060000%2CXLE261002C00060500%2CXLE261002C00061000%2CXLE261002C00061500%2CXLE261002C00062000%2CXLE261002C00062500%2CXLE261002C00063000%2CXLE261002C00063500%2CXLE261002C00064000%2CXLE261002C00064500%2CXLE261002C00065000%2CXLE261002C00065500%2CXLE261002C00066000%2CXLE261002C00066500%2CXLE261002C00067000%2CXLE261002C00068000%2CXLE261002C00068500%2CXLE261002C00069000%2CXLE261002C00070000%2CXLE261002C00071000%2CXLE261002C00075000%2CXLE261002C00080000%2CXLE261002P00035000%2CXLE261002P00040000%2CXLE261002P00045000%2CXLE261002P00048000%2CXLE261002P00049000%2CXLE261002P00050000%2CXLE261002P00051000&greeks=true'
For more information check: https://developer.mozilla.org/en-US/docs/Web/HTTP/Status/401
2026-09-29T10:42:12 | WARNING  | app.scanning.alpaca_confirmer | AlpacaConfirmer: cannot fetch chain for NVDA 2026-10-02: Client error '401 Unauthorized' for url 'https://api.tradier.com/v1/markets/quotes?symbols=NVDA261002C00050000%2CNVDA261002C00055000%2CNVDA261002C00060000%2CNVDA261002C00065000%2CNVDA261002C00070000%2CNVDA261002C00075000%2CNVDA261002C00080000%2CNVDA261002C00085000%2CNVDA261002C00090000%2CNVDA261002C00095000%2CNVDA261002C00100000%2CNVDA261002C00105000%2CNVDA261002C00110000%2CNVDA261002C00115000%2CNVDA261002C00120000%2CNVDA261002C00125000%2CNVDA261002C00130000%2CNVDA261002C00135000%2CNVDA261002C00140000%2CNVDA261002C00145000%2CNVDA261002C00150000%2CNVDA261002C00155000%2CNVDA261002C00160000%2CNVDA261002C00165000%2CNVDA261002C00170000%2CNVDA261002C00175000%2CNVDA261002C00180000%2CNVDA261002C00182500%2CNVDA261002C00185000%2CNVDA261002C00187500%2CNVDA261002C00190000%2CNVDA261002C00192500%2CNVDA261002C00195000%2CNVDA261002C00197500%2CNVDA261002C00200000%2CNVDA261002C00202500%2CNVDA261002C00205000%2CNVDA261002C00207500%2CNVDA261002C00210000%2CNVDA261002C00212500%2CNVDA261002C00215000%2CNVDA261002C00217500%2CNVDA261002C00220000%2CNVDA261002C00222500%2CNVDA261002C00225000%2CNVDA261002C00227500%2CNVDA261002C00230000%2CNVDA261002C00232500%2CNVDA261002C00235000%2CNVDA261002C00237500&greeks=true'
For more information check: https://developer.mozilla.org/en-US/docs/Web/HTTP/Status/401
2026-09-29T10:42:12 | WARNING  | app.scanning.alpaca_confirmer | AlpacaConfirmer: cannot fetch chain for LYFT 2026-10-02: Client error '401 Unauthorized' for url 'https://api.tradier.com/v1/markets/quotes?symbols=LYFT261002C00005000%2CLYFT261002C00008000%2CLYFT261002C00009000%2CLYFT261002C00010000%2CLYFT261002C00010500%2CLYFT261002C00011000%2CLYFT261002C00011500%2CLYFT261002C00012000%2CLYFT261002C00012500%2CLYFT261002C00013000%2CLYFT261002C00013500%2CLYFT261002C00014000%2CLYFT261002C00014500%2CLYFT261002C00015000%2CLYFT261002C00015500%2CLYFT261002C00016000%2CLYFT261002C00016500%2CLYFT261002C00017000%2CLYFT261002C00017500%2CLYFT261002C00018000%2CLYFT261002C00018500%2CLYFT261002C00019000%2CLYFT261002C00019500%2CLYFT261002C00020000%2CLYFT261002C00020500%2CLYFT261002C00021000%2CLYFT261002C00021500%2CLYFT261002C00022000%2CLYFT261002C00023000%2CLYFT261002C00024000%2CLYFT261002C00025000%2CLYFT261002P00005000%2CLYFT261002P00008000%2CLYFT261002P00009000%2CLYFT261002P00010000%2CLYFT261002P00010500%2CLYFT261002P00011000%2CLYFT261002P00011500%2CLYFT261002P00012000%2CLYFT261002P00012500%2CLYFT261002P00013000%2CLYFT261002P00013500%2CLYFT261002P00014000%2CLYFT261002P00014500%2CLYFT261002P00015000%2CLYFT261002P00015500%2CLYFT261002P00016000%2CLYFT261002P00016500%2CLYFT261002P00017000%2CLYFT261002P00017500&greeks=true'
For more information check: https://developer.mozilla.org/en-US/docs/Web/HTTP/Status/401
2026-09-29T10:42:12 | WARNING  | app.scanning.alpaca_confirmer | AlpacaConfirmer: cannot fetch chain for AAPL 2026-10-02: Client error '401 Unauthorized' for url 'https://api.tradier.com/v1/markets/quotes?symbols=AAPL261002C00110000%2CAAPL261002C00120000%2CAAPL261002C00125000%2CAAPL261002C00130000%2CAAPL261002C00135000%2CAAPL261002C00140000%2CAAPL261002C00145000%2CAAPL261002C00150000%2CAAPL261002C00155000%2CAAPL261002C00160000%2CAAPL261002C00165000%2CAAPL261002C00170000%2CAAPL261002C00175000%2CAAPL261002C00180000%2CAAPL261002C00185000%2CAAPL261002C00190000%2CAAPL261002C00195000%2CAAPL261002C00200000%2CAAPL261002C00205000%2CAAPL261002C00210000%2CAAPL261002C00215000%2CAAPL261002C00220000%2CAAPL261002C00225000%2CAAPL261002C00230000%2CAAPL261002C00235000%2CAAPL261002C00240000%2CAAPL261002C00245000%2CAAPL261002C00250000%2CAAPL261002C00255000%2CAAPL261002C00260000%2CAAPL261002C00265000%2CAAPL261002C00270000%2CAAPL261002C00275000%2CAAPL261002C00280000%2CAAPL261002C00285000%2CAAPL261002C00290000%2CAAPL261002C00295000%2CAAPL261002C00297500%2CAAPL261002C00300000%2CAAPL261002C00302500%2CAAPL261002C00305000%2CAAPL261002C00307500%2CAAPL261002C00310000%2CAAPL261002C00312500%2CAAPL261002C00315000%2CAAPL261002C00317500%2CAAPL261002C00320000%2CAAPL261002C00322500%2CAAPL261002C00325000%2CAAPL261002C00327500&greeks=true'
For more information check: https://developer.mozilla.org/en-US/docs/Web/HTTP/Status/401
2026-09-29T10:42:12 | WARNING  | app.scanning.alpaca_confirmer | AlpacaConfirmer: cannot fetch chain for HOOD 2026-10-02: Client error '401 Unauthorized' for url 'https://api.tradier.com/v1/markets/quotes?symbols=HOOD261002C00025000%2CHOOD261002C00030000%2CHOOD261002C00035000%2CHOOD261002C00040000%2CHOOD261002C00045000%2CHOOD261002C00050000%2CHOOD261002C00055000%2CHOOD261002C00060000%2CHOOD261002C00065000%2CHOOD261002C00070000%2CHOOD261002C00075000%2CHOOD261002C00080000%2CHOOD261002C00082000%2CHOOD261002C00083000%2CHOOD261002C00084000%2CHOOD261002C00085000%2CHOOD261002C00086000%2CHOOD261002C00087000%2CHOOD261002C00088000%2CHOOD261002C00089000%2CHOOD261002C00090000%2CHOOD261002C00091000%2CHOOD261002C00092000%2CHOOD261002C00093000%2CHOOD261002C00094000%2CHOOD261002C00095000%2CHOOD261002C00096000%2CHOOD261002C00097000%2CHOOD261002C00098000%2CHOOD261002C00099000%2CHOOD261002C00100000%2CHOOD261002C00101000%2CHOOD261002C00102000%2CHOOD261002C00103000%2CHOOD261002C00104000%2CHOOD261002C00105000%2CHOOD261002C00106000%2CHOOD261002C00107000%2CHOOD261002C00108000%2CHOOD261002C00109000%2CHOOD261002C00110000%2CHOOD261002C00111000%2CHOOD261002C00112000%2CHOOD261002C00113000%2CHOOD261002C00114000%2CHOOD261002C00115000%2CHOOD261002C00116000%2CHOOD261002C00117000%2CHOOD261002C00118000%2CHOOD261002C00119000&greeks=true'
For more information check: https://developer.mozilla.org/en-US/docs/Web/HTTP/Status/401
2026-09-29T10:42:12 | WARNING  | app.scanning.alpaca_confirmer | AlpacaConfirmer: cannot fetch chain for AVGO 2026-10-02: Client error '401 Unauthorized' for url 'https://api.tradier.com/v1/markets/quotes?symbols=AVGO261002C00210000%2CAVGO261002C00215000%2CAVGO261002C00220000%2CAVGO261002C00225000%2CAVGO261002C00230000%2CAVGO261002C00235000%2CAVGO261002C00240000%2CAVGO261002C00245000%2CAVGO261002C00250000%2CAVGO261002C00255000%2CAVGO261002C00260000%2CAVGO261002C00265000%2CAVGO261002C00270000%2CAVGO261002C00275000%2CAVGO261002C00280000%2CAVGO261002C00285000%2CAVGO261002C00290000%2CAVGO261002C00295000%2CAVGO261002C00297500%2CAVGO261002C00300000%2CAVGO261002C00302500%2CAVGO261002C00305000%2CAVGO261002C00307500%2CAVGO261002C00310000%2CAVGO261002C00312500%2CAVGO261002C00315000%2CAVGO261002C00317500%2CAVGO261002C00320000%2CAVGO261002C00322500%2CAVGO261002C00325000%2CAVGO261002C00327500%2CAVGO261002C00330000%2CAVGO261002C00332500%2CAVGO261002C00335000%2CAVGO261002C00337500%2CAVGO261002C00340000%2CAVGO261002C00342500%2CAVGO261002C00345000%2CAVGO261002C00347500%2CAVGO261002C00350000%2CAVGO261002C00352500%2CAVGO261002C00355000%2CAVGO261002C00357500%2CAVGO261002C00360000%2CAVGO261002C00362500%2CAVGO261002C00365000%2CAVGO261002C00367500%2CAVGO261002C00370000%2CAVGO261002C00372500%2CAVGO261002C00375000&greeks=true'
For more information check: https://developer.mozilla.org/en-US/docs/Web/HTTP/Status/401
2026-09-29T10:42:12 | INFO     | session_runner | AlpacaConfirmer: 0 confirmed symbols: []
2026-09-29T10:42:12 | WARNING  | session_runner | Re-scan returned no confirmed symbols — falling back to ['SPY']
2026-09-29T10:42:13 | INFO     | session_runner | Broad-market regime | SPY=short
2026-09-29T10:42:13 | INFO     | session_runner | [bridge:SPY] rsi_trend ready: sufficient bars
2026-09-29T10:42:13 | INFO     | session_runner | Stale signal: SPY/orb age=42 min > max 10 min — skipped
2026-09-29T10:42:13 | INFO     | session_runner | Stale signal: SPY/vwap_reclaim age=52 min > max 10 min — skipped
2026-09-29T10:42:43 | INFO     | session_runner | [cycle 142] 10:42:43 ET | positions=0 | entries=0
2026-09-29T10:42:43 | INFO     | session_runner | [bridge:SPY] rsi_trend ready: sufficient bars
2026-09-29T10:42:43 | INFO     | session_runner | Stale signal: SPY/orb age=43 min > max 10 min — skipped
2026-09-29T10:42:43 | INFO     | session_runner | Stale signal: SPY/vwap_reclaim age=53 min > max 10 min — skipped
2026-09-29T10:43:13 | INFO     | session_runner | [cycle 143] 10:43:13 ET | positions=0 | entries=0
2026-09-29T10:43:13 | INFO     | session_runner | [bridge:SPY] rsi_trend ready: sufficient bars
2026-09-29T10:43:13 | INFO     | session_runner | Stale signal: SPY/orb age=43 min > max 10 min — skipped
2026-09-29T10:43:13 | INFO     | session_runner | Stale signal: SPY/vwap_reclaim age=53 min > max 10 min — skipped
2026-09-29T10:43:43 | INFO     | session_runner | [cycle 144] 10:43:43 ET | positions=0 | entries=0
2026-09-29T10:43:43 | INFO     | session_runner | [bridge:SPY] rsi_trend ready: sufficient bars
2026-09-29T10:43:43 | INFO     | session_runner | Stale signal: SPY/orb age=44 min > max 10 min — skipped
2026-09-29T10:43:43 | INFO     | session_runner | Stale signal: SPY/vwap_reclaim age=54 min > max 10 min — skipped
2026-09-29T10:44:14 | INFO     | session_runner | [cycle 145] 10:44:14 ET | positions=0 | entries=0
2026-09-29T10:44:14 | INFO     | session_runner | [bridge:SPY] rsi_trend ready: sufficient bars
2026-09-29T10:44:14 | INFO     | session_runner | Stale signal: SPY/orb age=44 min > max 10 min — skipped
2026-09-29T10:44:14 | INFO     | session_runner | Stale signal: SPY/vwap_reclaim age=54 min > max 10 min — skipped
2026-09-29T10:44:44 | INFO     | session_runner | [cycle 146] 10:44:44 ET | positions=0 | entries=0
2026-09-29T10:44:44 | INFO     | session_runner | [bridge:SPY] rsi_trend ready: sufficient bars
2026-09-29T10:44:44 | INFO     | session_runner | Stale signal: SPY/orb age=45 min > max 10 min — skipped
2026-09-29T10:44:44 | INFO     | session_runner | Stale signal: SPY/vwap_reclaim age=55 min > max 10 min — skipped
2026-09-29T10:45:14 | INFO     | session_runner | [cycle 147] 10:45:14 ET | positions=0 | entries=0
2026-09-29T10:45:14 | INFO     | session_runner | [bridge:SPY] rsi_trend ready: sufficient bars
2026-09-29T10:45:14 | INFO     | session_runner | Stale signal: SPY/orb age=45 min > max 10 min — skipped
2026-09-29T10:45:14 | INFO     | session_runner | Stale signal: SPY/vwap_reclaim age=55 min > max 10 min — skipped
2026-09-29T10:45:44 | INFO     | session_runner | [cycle 148] 10:45:44 ET | positions=0 | entries=0
2026-09-29T10:45:44 | INFO     | session_runner | [bridge:SPY] rsi_trend ready: sufficient bars
2026-09-29T10:45:44 | INFO     | session_runner | Stale signal: SPY/orb age=46 min > max 10 min — skipped
2026-09-29T10:45:44 | INFO     | session_runner | Stale signal: SPY/vwap_reclaim age=56 min > max 10 min — skipped
2026-09-29T10:46:14 | INFO     | session_runner | [cycle 149] 10:46:14 ET | positions=0 | entries=0
2026-09-29T10:46:15 | INFO     | session_runner | [bridge:SPY] rsi_trend ready: sufficient bars
2026-09-29T10:46:15 | INFO     | session_runner | Stale signal: SPY/orb age=46 min > max 10 min — skipped
2026-09-29T10:46:15 | INFO     | session_runner | Stale signal: SPY/vwap_reclaim age=56 min > max 10 min — skipped
2026-09-29T10:46:45 | INFO     | session_runner | [cycle 150] 10:46:45 ET | positions=0 | entries=0
2026-09-29T10:46:45 | INFO     | session_runner | [bridge:SPY] rsi_trend ready: sufficient bars
2026-09-29T10:46:45 | INFO     | session_runner | Stale signal: SPY/orb age=47 min > max 10 min — skipped
2026-09-29T10:46:45 | INFO     | session_runner | Stale signal: SPY/vwap_reclaim age=57 min > max 10 min — skipped
2026-09-29T10:47:15 | INFO     | session_runner | [cycle 151] 10:47:15 ET | positions=0 | entries=0
2026-09-29T10:47:15 | INFO     | session_runner | Periodic universe re-scan …
2026-09-29T10:47:15 | INFO     | app.scanning.universe_loader | UniverseLoader: loaded 5 groups (13 flat symbols) from config/ticker_universe.yaml (blacklist=0)
2026-09-29T10:47:15 | INFO     | app.scanning.universe_loader | UniverseLoader: 38 symbols from 4 group(s) (blacklist=0)
2026-09-29T10:47:15 | INFO     | session_runner | Universe scan: 38 symbols from 4 group(s) | max_active=6
2026-09-29T10:47:19 | INFO     | session_runner | Scan: 19 passed, 19 rejected
2026-09-29T10:47:19 | INFO     | session_runner |   GOOGL   score=90.0  signal=SHORT    reasons: rvol=1.57x (elevated), atr=2.28% (wide-range), orb_breakdown
2026-09-29T10:47:19 | INFO     | session_runner |   MSFT    score=75.0  signal=LONG     reasons: rvol=1.35x (normal), atr=2.38% (wide-range), orb_breakout
2026-09-29T10:47:19 | INFO     | session_runner |   RIVN    score=70.0  signal=LONG     reasons: rvol=1.86x (elevated), atr=4.18% (wide-range), orb_breakout
2026-09-29T10:47:19 | INFO     | session_runner |   RIOT    score=70.0  signal=LONG     reasons: atr=5.94% (wide-range), orb_breakout, trend_up
2026-09-29T10:47:19 | INFO     | session_runner |   SHOP    score=67.0  signal=LONG     reasons: rvol=1.04x (normal), atr=4.83% (wide-range), orb_breakout
2026-09-29T10:47:19 | WARNING  | app.scanning.alpaca_confirmer | AlpacaConfirmer: cannot fetch chain for RIOT 2026-10-02: Client error '401 Unauthorized' for url 'https://api.tradier.com/v1/markets/quotes?symbols=RIOT261002C00008000%2CRIOT261002C00009000%2CRIOT261002C00010000%2CRIOT261002C00011000%2CRIOT261002C00012000%2CRIOT261002C00013000%2CRIOT261002C00014000%2CRIOT261002C00015000%2CRIOT261002C00015500%2CRIOT261002C00016000%2CRIOT261002C00016500%2CRIOT261002C00017000%2CRIOT261002C00017500%2CRIOT261002C00018000%2CRIOT261002C00018500%2CRIOT261002C00019000%2CRIOT261002C00019500%2CRIOT261002C00020000%2CRIOT261002C00020500%2CRIOT261002C00021000%2CRIOT261002C00021500%2CRIOT261002C00022000%2CRIOT261002C00022500%2CRIOT261002C00023000%2CRIOT261002C00023500%2CRIOT261002C00024000%2CRIOT261002C00024500%2CRIOT261002C00025000%2CRIOT261002C00025500%2CRIOT261002C00026000%2CRIOT261002C00026500%2CRIOT261002C00027000%2CRIOT261002C00027500%2CRIOT261002C00028000%2CRIOT261002C00028500%2CRIOT261002C00029000%2CRIOT261002C00029500%2CRIOT261002C00030000%2CRIOT261002C00030500%2CRIOT261002C00031000%2CRIOT261002C00031500%2CRIOT261002C00032000%2CRIOT261002C00033000%2CRIOT261002C00034000%2CRIOT261002C00035000%2CRIOT261002P00008000%2CRIOT261002P00009000%2CRIOT261002P00010000%2CRIOT261002P00011000%2CRIOT261002P00012000&greeks=true'
For more information check: https://developer.mozilla.org/en-US/docs/Web/HTTP/Status/401
2026-09-29T10:47:19 | WARNING  | app.scanning.alpaca_confirmer | AlpacaConfirmer: cannot fetch chain for MSFT 2026-10-02: Client error '401 Unauthorized' for url 'https://api.tradier.com/v1/markets/quotes?symbols=MSFT261002C00270000%2CMSFT261002C00280000%2CMSFT261002C00290000%2CMSFT261002C00300000%2CMSFT261002C00305000%2CMSFT261002C00310000%2CMSFT261002C00315000%2CMSFT261002C00320000%2CMSFT261002C00325000%2CMSFT261002C00330000%2CMSFT261002C00335000%2CMSFT261002C00340000%2CMSFT261002C00345000%2CMSFT261002C00350000%2CMSFT261002C00355000%2CMSFT261002C00360000%2CMSFT261002C00365000%2CMSFT261002C00370000%2CMSFT261002C00375000%2CMSFT261002C00380000%2CMSFT261002C00385000%2CMSFT261002C00390000%2CMSFT261002C00395000%2CMSFT261002C00400000%2CMSFT261002C00405000%2CMSFT261002C00410000%2CMSFT261002C00415000%2CMSFT261002C00420000%2CMSFT261002C00425000%2CMSFT261002C00430000%2CMSFT261002C00435000%2CMSFT261002C00437500%2CMSFT261002C00440000%2CMSFT261002C00442500%2CMSFT261002C00445000%2CMSFT261002C00447500%2CMSFT261002C00450000%2CMSFT261002C00452500%2CMSFT261002C00455000%2CMSFT261002C00457500%2CMSFT261002C00460000%2CMSFT261002C00462500%2CMSFT261002C00465000%2CMSFT261002C00467500%2CMSFT261002C00470000%2CMSFT261002C00472500%2CMSFT261002C00475000%2CMSFT261002C00477500%2CMSFT261002C00480000%2CMSFT261002C00482500&greeks=true'
For more information check: https://developer.mozilla.org/en-US/docs/Web/HTTP/Status/401
2026-09-29T10:47:19 | WARNING  | app.scanning.alpaca_confirmer | AlpacaConfirmer: cannot fetch chain for SHOP 2026-10-02: Client error '401 Unauthorized' for url 'https://api.tradier.com/v1/markets/quotes?symbols=SHOP261002C00080000%2CSHOP261002C00085000%2CSHOP261002C00090000%2CSHOP261002C00095000%2CSHOP261002C00100000%2CSHOP261002C00103000%2CSHOP261002C00104000%2CSHOP261002C00105000%2CSHOP261002C00106000%2CSHOP261002C00107000%2CSHOP261002C00108000%2CSHOP261002C00109000%2CSHOP261002C00110000%2CSHOP261002C00111000%2CSHOP261002C00112000%2CSHOP261002C00113000%2CSHOP261002C00114000%2CSHOP261002C00115000%2CSHOP261002C00116000%2CSHOP261002C00117000%2CSHOP261002C00118000%2CSHOP261002C00119000%2CSHOP261002C00120000%2CSHOP261002C00121000%2CSHOP261002C00122000%2CSHOP261002C00123000%2CSHOP261002C00124000%2CSHOP261002C00125000%2CSHOP261002C00126000%2CSHOP261002C00127000%2CSHOP261002C00128000%2CSHOP261002C00129000%2CSHOP261002C00130000%2CSHOP261002C00131000%2CSHOP261002C00132000%2CSHOP261002C00133000%2CSHOP261002C00134000%2CSHOP261002C00135000%2CSHOP261002C00136000%2CSHOP261002C00137000%2CSHOP261002C00138000%2CSHOP261002C00139000%2CSHOP261002C00140000%2CSHOP261002C00141000%2CSHOP261002C00142000%2CSHOP261002C00143000%2CSHOP261002C00144000%2CSHOP261002C00145000%2CSHOP261002C00146000%2CSHOP261002C00147000&greeks=true'
For more information check: https://developer.mozilla.org/en-US/docs/Web/HTTP/Status/401
2026-09-29T10:47:19 | WARNING  | app.scanning.alpaca_confirmer | AlpacaConfirmer: cannot fetch chain for IWM 2026-10-01: Client error '401 Unauthorized' for url 'https://api.tradier.com/v1/markets/quotes?symbols=IWM261001C00180000%2CIWM261001C00190000%2CIWM261001C00200000%2CIWM261001C00205000%2CIWM261001C00210000%2CIWM261001C00215000%2CIWM261001C00220000%2CIWM261001C00225000%2CIWM261001C00230000%2CIWM261001C00235000%2CIWM261001C00240000%2CIWM261001C00245000%2CIWM261001C00250000%2CIWM261001C00255000%2CIWM261001C00260000%2CIWM261001C00261000%2CIWM261001C00262000%2CIWM261001C00263000%2CIWM261001C00264000%2CIWM261001C00265000%2CIWM261001C00266000%2CIWM261001C00267000%2CIWM261001C00268000%2CIWM261001C00269000%2CIWM261001C00270000%2CIWM261001C00271000%2CIWM261001C00272000%2CIWM261001C00273000%2CIWM261001C00274000%2CIWM261001C00275000%2CIWM261001C00276000%2CIWM261001C00277000%2CIWM261001C00278000%2CIWM261001C00279000%2CIWM261001C00280000%2CIWM261001C00281000%2CIWM261001C00282000%2CIWM261001C00283000%2CIWM261001C00284000%2CIWM261001C00285000%2CIWM261001C00286000%2CIWM261001C00287000%2CIWM261001C00288000%2CIWM261001C00289000%2CIWM261001C00290000%2CIWM261001C00291000%2CIWM261001C00292000%2CIWM261001C00293000%2CIWM261001C00294000%2CIWM261001C00295000&greeks=true'
For more information check: https://developer.mozilla.org/en-US/docs/Web/HTTP/Status/401
2026-09-29T10:47:19 | WARNING  | app.scanning.alpaca_confirmer | AlpacaConfirmer: cannot fetch chain for AVGO 2026-10-02: Client error '401 Unauthorized' for url 'https://api.tradier.com/v1/markets/quotes?symbols=AVGO261002C00210000%2CAVGO261002C00215000%2CAVGO261002C00220000%2CAVGO261002C00225000%2CAVGO261002C00230000%2CAVGO261002C00235000%2CAVGO261002C00240000%2CAVGO261002C00245000%2CAVGO261002C00250000%2CAVGO261002C00255000%2CAVGO261002C00260000%2CAVGO261002C00265000%2CAVGO261002C00270000%2CAVGO261002C00275000%2CAVGO261002C00280000%2CAVGO261002C00285000%2CAVGO261002C00290000%2CAVGO261002C00295000%2CAVGO261002C00297500%2CAVGO261002C00300000%2CAVGO261002C00302500%2CAVGO261002C00305000%2CAVGO261002C00307500%2CAVGO261002C00310000%2CAVGO261002C00312500%2CAVGO261002C00315000%2CAVGO261002C00317500%2CAVGO261002C00320000%2CAVGO261002C00322500%2CAVGO261002C00325000%2CAVGO261002C00327500%2CAVGO261002C00330000%2CAVGO261002C00332500%2CAVGO261002C00335000%2CAVGO261002C00337500%2CAVGO261002C00340000%2CAVGO261002C00342500%2CAVGO261002C00345000%2CAVGO261002C00347500%2CAVGO261002C00350000%2CAVGO261002C00352500%2CAVGO261002C00355000%2CAVGO261002C00357500%2CAVGO261002C00360000%2CAVGO261002C00362500%2CAVGO261002C00365000%2CAVGO261002C00367500%2CAVGO261002C00370000%2CAVGO261002C00372500%2CAVGO261002C00375000&greeks=true'
For more information check: https://developer.mozilla.org/en-US/docs/Web/HTTP/Status/401
2026-09-29T10:47:19 | WARNING  | app.scanning.alpaca_confirmer | AlpacaConfirmer: cannot fetch chain for HOOD 2026-10-02: Client error '401 Unauthorized' for url 'https://api.tradier.com/v1/markets/quotes?symbols=HOOD261002C00025000%2CHOOD261002C00030000%2CHOOD261002C00035000%2CHOOD261002C00040000%2CHOOD261002C00045000%2CHOOD261002C00050000%2CHOOD261002C00055000%2CHOOD261002C00060000%2CHOOD261002C00065000%2CHOOD261002C00070000%2CHOOD261002C00075000%2CHOOD261002C00080000%2CHOOD261002C00082000%2CHOOD261002C00083000%2CHOOD261002C00084000%2CHOOD261002C00085000%2CHOOD261002C00086000%2CHOOD261002C00087000%2CHOOD261002C00088000%2CHOOD261002C00089000%2CHOOD261002C00090000%2CHOOD261002C00091000%2CHOOD261002C00092000%2CHOOD261002C00093000%2CHOOD261002C00094000%2CHOOD261002C00095000%2CHOOD261002C00096000%2CHOOD261002C00097000%2CHOOD261002C00098000%2CHOOD261002C00099000%2CHOOD261002C00100000%2CHOOD261002C00101000%2CHOOD261002C00102000%2CHOOD261002C00103000%2CHOOD261002C00104000%2CHOOD261002C00105000%2CHOOD261002C00106000%2CHOOD261002C00107000%2CHOOD261002C00108000%2CHOOD261002C00109000%2CHOOD261002C00110000%2CHOOD261002C00111000%2CHOOD261002C00112000%2CHOOD261002C00113000%2CHOOD261002C00114000%2CHOOD261002C00115000%2CHOOD261002C00116000%2CHOOD261002C00117000%2CHOOD261002C00118000%2CHOOD261002C00119000&greeks=true'
For more information check: https://developer.mozilla.org/en-US/docs/Web/HTTP/Status/401
2026-09-29T10:47:19 | WARNING  | app.scanning.alpaca_confirmer | AlpacaConfirmer: cannot fetch chain for RIVN 2026-10-02: Client error '401 Unauthorized' for url 'https://api.tradier.com/v1/markets/quotes?symbols=RIVN261002C00005000%2CRIVN261002C00009000%2CRIVN261002C00010000%2CRIVN261002C00010500%2CRIVN261002C00011000%2CRIVN261002C00011500%2CRIVN261002C00012000%2CRIVN261002C00012500%2CRIVN261002C00013000%2CRIVN261002C00013500%2CRIVN261002C00014000%2CRIVN261002C00014500%2CRIVN261002C00015000%2CRIVN261002C00015500%2CRIVN261002C00016000%2CRIVN261002C00016500%2CRIVN261002C00017000%2CRIVN261002C00017500%2CRIVN261002C00018000%2CRIVN261002C00018500%2CRIVN261002C00019000%2CRIVN261002C00019500%2CRIVN261002C00020000%2CRIVN261002C00020500%2CRIVN261002C00021000%2CRIVN261002C00021500%2CRIVN261002C00022000%2CRIVN261002C00023000%2CRIVN261002C00024000%2CRIVN261002C00025000%2CRIVN261002C00030000%2CRIVN261002P00005000%2CRIVN261002P00009000%2CRIVN261002P00010000%2CRIVN261002P00010500%2CRIVN261002P00011000%2CRIVN261002P00011500%2CRIVN261002P00012000%2CRIVN261002P00012500%2CRIVN261002P00013000%2CRIVN261002P00013500%2CRIVN261002P00014000%2CRIVN261002P00014500%2CRIVN261002P00015000%2CRIVN261002P00015500%2CRIVN261002P00016000%2CRIVN261002P00016500%2CRIVN261002P00017000%2CRIVN261002P00017500%2CRIVN261002P00018000&greeks=true'
For more information check: https://developer.mozilla.org/en-US/docs/Web/HTTP/Status/401
2026-09-29T10:47:19 | WARNING  | app.scanning.alpaca_confirmer | AlpacaConfirmer: cannot fetch chain for NVDA 2026-10-02: Client error '401 Unauthorized' for url 'https://api.tradier.com/v1/markets/quotes?symbols=NVDA261002C00050000%2CNVDA261002C00055000%2CNVDA261002C00060000%2CNVDA261002C00065000%2CNVDA261002C00070000%2CNVDA261002C00075000%2CNVDA261002C00080000%2CNVDA261002C00085000%2CNVDA261002C00090000%2CNVDA261002C00095000%2CNVDA261002C00100000%2CNVDA261002C00105000%2CNVDA261002C00110000%2CNVDA261002C00115000%2CNVDA261002C00120000%2CNVDA261002C00125000%2CNVDA261002C00130000%2CNVDA261002C00135000%2CNVDA261002C00140000%2CNVDA261002C00145000%2CNVDA261002C00150000%2CNVDA261002C00155000%2CNVDA261002C00160000%2CNVDA261002C00165000%2CNVDA261002C00170000%2CNVDA261002C00175000%2CNVDA261002C00180000%2CNVDA261002C00182500%2CNVDA261002C00185000%2CNVDA261002C00187500%2CNVDA261002C00190000%2CNVDA261002C00192500%2CNVDA261002C00195000%2CNVDA261002C00197500%2CNVDA261002C00200000%2CNVDA261002C00202500%2CNVDA261002C00205000%2CNVDA261002C00207500%2CNVDA261002C00210000%2CNVDA261002C00212500%2CNVDA261002C00215000%2CNVDA261002C00217500%2CNVDA261002C00220000%2CNVDA261002C00222500%2CNVDA261002C00225000%2CNVDA261002C00227500%2CNVDA261002C00230000%2CNVDA261002C00232500%2CNVDA261002C00235000%2CNVDA261002C00237500&greeks=true'
For more information check: https://developer.mozilla.org/en-US/docs/Web/HTTP/Status/401
2026-09-29T10:47:19 | WARNING  | app.scanning.alpaca_confirmer | AlpacaConfirmer: cannot fetch chain for MARA 2026-10-02: Client error '401 Unauthorized' for url 'https://api.tradier.com/v1/markets/quotes?symbols=MARA261002C00004000%2CMARA261002C00005000%2CMARA261002C00005500%2CMARA261002C00006000%2CMARA261002C00006500%2CMARA261002C00007000%2CMARA261002C00007500%2CMARA261002C00008000%2CMARA261002C00008500%2CMARA261002C00009000%2CMARA261002C00009500%2CMARA261002C00010000%2CMARA261002C00010500%2CMARA261002C00011000%2CMARA261002C00011500%2CMARA261002C00012000%2CMARA261002C00012500%2CMARA261002C00013000%2CMARA261002C00013500%2CMARA261002C00014000%2CMARA261002C00014500%2CMARA261002C00015000%2CMARA261002C00015500%2CMARA261002C00016000%2CMARA261002C00016500%2CMARA261002C00017000%2CMARA261002C00017500%2CMARA261002C00018000%2CMARA261002C00018500%2CMARA261002C00019000%2CMARA261002C00020000%2CMARA261002C00021000%2CMARA261002C00022000%2CMARA261002C00023000%2CMARA261002C00024000%2CMARA261002P00004000%2CMARA261002P00005000%2CMARA261002P00005500%2CMARA261002P00006000%2CMARA261002P00006500%2CMARA261002P00007000%2CMARA261002P00007500%2CMARA261002P00008000%2CMARA261002P00008500%2CMARA261002P00009000%2CMARA261002P00009500%2CMARA261002P00010000%2CMARA261002P00010500%2CMARA261002P00011000%2CMARA261002P00011500&greeks=true'
For more information check: https://developer.mozilla.org/en-US/docs/Web/HTTP/Status/401
2026-09-29T10:47:19 | WARNING  | app.scanning.alpaca_confirmer | AlpacaConfirmer: cannot fetch chain for GOOGL 2026-10-02: Client error '401 Unauthorized' for url 'https://api.tradier.com/v1/markets/quotes?symbols=GOOGL261002C00100000%2CGOOGL261002C00105000%2CGOOGL261002C00110000%2CGOOGL261002C00115000%2CGOOGL261002C00120000%2CGOOGL261002C00125000%2CGOOGL261002C00130000%2CGOOGL261002C00135000%2CGOOGL261002C00140000%2CGOOGL261002C00145000%2CGOOGL261002C00150000%2CGOOGL261002C00155000%2CGOOGL261002C00160000%2CGOOGL261002C00165000%2CGOOGL261002C00170000%2CGOOGL261002C00175000%2CGOOGL261002C00180000%2CGOOGL261002C00185000%2CGOOGL261002C00190000%2CGOOGL261002C00195000%2CGOOGL261002C00200000%2CGOOGL261002C00205000%2CGOOGL261002C00210000%2CGOOGL261002C00215000%2CGOOGL261002C00220000%2CGOOGL261002C00225000%2CGOOGL261002C00230000%2CGOOGL261002C00235000%2CGOOGL261002C00240000%2CGOOGL261002C00245000%2CGOOGL261002C00250000%2CGOOGL261002C00255000%2CGOOGL261002C00260000%2CGOOGL261002C00265000%2CGOOGL261002C00270000%2CGOOGL261002C00275000%2CGOOGL261002C00280000%2CGOOGL261002C00285000%2CGOOGL261002C00290000%2CGOOGL261002C00295000%2CGOOGL261002C00300000%2CGOOGL261002C00305000%2CGOOGL261002C00307500%2CGOOGL261002C00310000%2CGOOGL261002C00312500%2CGOOGL261002C00315000%2CGOOGL261002C00317500%2CGOOGL261002C00320000%2CGOOGL261002C00322500%2CGOOGL261002C00325000&greeks=true'
For more information check: https://developer.mozilla.org/en-US/docs/Web/HTTP/Status/401
2026-09-29T10:47:19 | WARNING  | app.scanning.alpaca_confirmer | AlpacaConfirmer: cannot fetch chain for DKNG 2026-10-02: Client error '401 Unauthorized' for url 'https://api.tradier.com/v1/markets/quotes?symbols=DKNG261002C00011000%2CDKNG261002C00012000%2CDKNG261002C00013000%2CDKNG261002C00014000%2CDKNG261002C00015000%2CDKNG261002C00016000%2CDKNG261002C00017000%2CDKNG261002C00018000%2CDKNG261002C00019000%2CDKNG261002C00020000%2CDKNG261002C00020500%2CDKNG261002C00021000%2CDKNG261002C00021500%2CDKNG261002C00022000%2CDKNG261002C00022500%2CDKNG261002C00023000%2CDKNG261002C00023500%2CDKNG261002C00024000%2CDKNG261002C00024500%2CDKNG261002C00025000%2CDKNG261002C00025500%2CDKNG261002C00026000%2CDKNG261002C00026500%2CDKNG261002C00027000%2CDKNG261002C00027500%2CDKNG261002C00028000%2CDKNG261002C00028500%2CDKNG261002C00029000%2CDKNG261002C00030000%2CDKNG261002C00031000%2CDKNG261002C00032000%2CDKNG261002C00033000%2CDKNG261002C00034000%2CDKNG261002C00035000%2CDKNG261002C00036000%2CDKNG261002P00011000%2CDKNG261002P00012000%2CDKNG261002P00013000%2CDKNG261002P00014000%2CDKNG261002P00015000%2CDKNG261002P00016000%2CDKNG261002P00017000%2CDKNG261002P00018000%2CDKNG261002P00019000%2CDKNG261002P00020000%2CDKNG261002P00020500%2CDKNG261002P00021000%2CDKNG261002P00021500%2CDKNG261002P00022000%2CDKNG261002P00022500&greeks=true'
For more information check: https://developer.mozilla.org/en-US/docs/Web/HTTP/Status/401
2026-09-29T10:47:19 | WARNING  | app.scanning.alpaca_confirmer | AlpacaConfirmer: cannot fetch chain for XLF 2026-10-01: Client error '401 Unauthorized' for url 'https://api.tradier.com/v1/markets/quotes?symbols=XLF261001C00041000%2CXLF261001C00042000%2CXLF261001C00043000%2CXLF261001C00044000%2CXLF261001C00045000%2CXLF261001C00046000%2CXLF261001C00047000%2CXLF261001C00048000%2CXLF261001C00049000%2CXLF261001C00050000%2CXLF261001C00050500%2CXLF261001C00051000%2CXLF261001C00051500%2CXLF261001C00052000%2CXLF261001C00052500%2CXLF261001C00053000%2CXLF261001C00053500%2CXLF261001C00054000%2CXLF261001C00054500%2CXLF261001C00055000%2CXLF261001C00055500%2CXLF261001C00056000%2CXLF261001C00056500%2CXLF261001C00057000%2CXLF261001C00057500%2CXLF261001C00058000%2CXLF261001C00058500%2CXLF261001C00059000%2CXLF261001C00059500%2CXLF261001C00060000%2CXLF261001C00060500%2CXLF261001C00061000%2CXLF261001C00061500%2CXLF261001C00062000%2CXLF261001C00062500%2CXLF261001C00063000%2CXLF261001C00063500%2CXLF261001C00064000%2CXLF261001C00064500%2CXLF261001C00065000%2CXLF261001C00066000%2CXLF261001C00067000%2CXLF261001C00068000%2CXLF261001C00069000%2CXLF261001C00070000%2CXLF261001C00071000%2CXLF261001C00072000%2CXLF261001C00073000%2CXLF261001C00074000%2CXLF261001P00041000&greeks=true'
For more information check: https://developer.mozilla.org/en-US/docs/Web/HTTP/Status/401
2026-09-29T10:47:19 | INFO     | session_runner | AlpacaConfirmer: 0 confirmed symbols: []
2026-09-29T10:47:19 | WARNING  | session_runner | Re-scan returned no confirmed symbols — falling back to ['SPY']
2026-09-29T10:47:19 | INFO     | session_runner | Broad-market regime | SPY=short
2026-09-29T10:47:19 | INFO     | session_runner | [bridge:SPY] rsi_trend ready: sufficient bars
2026-09-29T10:47:19 | INFO     | session_runner | Stale signal: SPY/orb age=47 min > max 10 min — skipped
2026-09-29T10:47:19 | INFO     | session_runner | Stale signal: SPY/vwap_reclaim age=57 min > max 10 min — skipped
2026-09-29T10:47:49 | INFO     | session_runner | [cycle 152] 10:47:49 ET | positions=0 | entries=0
2026-09-29T10:47:50 | INFO     | session_runner | [bridge:SPY] rsi_trend ready: sufficient bars
2026-09-29T10:47:50 | INFO     | session_runner | Stale signal: SPY/orb age=48 min > max 10 min — skipped
2026-09-29T10:47:50 | INFO     | session_runner | Stale signal: SPY/vwap_reclaim age=58 min > max 10 min — skipped
2026-09-29T10:48:20 | INFO     | session_runner | [cycle 153] 10:48:20 ET | positions=0 | entries=0
2026-09-29T10:48:20 | INFO     | session_runner | [bridge:SPY] rsi_trend ready: sufficient bars
2026-09-29T10:48:20 | INFO     | session_runner | Stale signal: SPY/orb age=48 min > max 10 min — skipped
2026-09-29T10:48:20 | INFO     | session_runner | Stale signal: SPY/vwap_reclaim age=58 min > max 10 min — skipped
2026-09-29T10:48:50 | INFO     | session_runner | [cycle 154] 10:48:50 ET | positions=0 | entries=0
2026-09-29T10:48:50 | INFO     | session_runner | [bridge:SPY] rsi_trend ready: sufficient bars
2026-09-29T10:48:50 | INFO     | session_runner | Stale signal: SPY/orb age=49 min > max 10 min — skipped
2026-09-29T10:48:50 | INFO     | session_runner | Stale signal: SPY/vwap_reclaim age=59 min > max 10 min — skipped
2026-09-29T10:49:20 | INFO     | session_runner | [cycle 155] 10:49:20 ET | positions=0 | entries=0
2026-09-29T10:49:20 | INFO     | session_runner | [bridge:SPY] rsi_trend ready: sufficient bars
2026-09-29T10:49:20 | INFO     | session_runner | Stale signal: SPY/orb age=49 min > max 10 min — skipped
2026-09-29T10:49:20 | INFO     | session_runner | Stale signal: SPY/vwap_reclaim age=59 min > max 10 min — skipped
2026-09-29T10:49:50 | INFO     | session_runner | [cycle 156] 10:49:50 ET | positions=0 | entries=0
2026-09-29T10:49:51 | INFO     | session_runner | [bridge:SPY] rsi_trend ready: sufficient bars
2026-09-29T10:49:51 | INFO     | session_runner | Stale signal: SPY/orb age=50 min > max 10 min — skipped
2026-09-29T10:49:51 | INFO     | session_runner | Stale signal: SPY/vwap_reclaim age=60 min > max 10 min — skipped
2026-09-29T10:50:21 | INFO     | session_runner | [cycle 157] 10:50:21 ET | positions=0 | entries=0
2026-09-29T10:50:21 | INFO     | session_runner | [bridge:SPY] rsi_trend ready: sufficient bars
2026-09-29T10:50:21 | INFO     | session_runner | Stale signal: SPY/orb age=50 min > max 10 min — skipped
2026-09-29T10:50:21 | INFO     | session_runner | Stale signal: SPY/vwap_reclaim age=60 min > max 10 min — skipped
2026-09-29T10:50:51 | INFO     | session_runner | [cycle 158] 10:50:51 ET | positions=0 | entries=0
2026-09-29T10:50:51 | INFO     | session_runner | [bridge:SPY] rsi_trend ready: sufficient bars
2026-09-29T10:50:51 | INFO     | session_runner | Stale signal: SPY/orb age=51 min > max 10 min — skipped
2026-09-29T10:50:51 | INFO     | session_runner | Stale signal: SPY/vwap_reclaim age=61 min > max 10 min — skipped
2026-09-29T10:51:21 | INFO     | session_runner | [cycle 159] 10:51:21 ET | positions=0 | entries=0
2026-09-29T10:51:21 | INFO     | session_runner | [bridge:SPY] rsi_trend ready: sufficient bars
2026-09-29T10:51:21 | INFO     | session_runner | Stale signal: SPY/orb age=51 min > max 10 min — skipped
2026-09-29T10:51:21 | INFO     | session_runner | Stale signal: SPY/vwap_reclaim age=61 min > max 10 min — skipped
2026-09-29T10:51:51 | INFO     | session_runner | [cycle 160] 10:51:51 ET | positions=0 | entries=0
2026-09-29T10:51:51 | INFO     | session_runner | [bridge:SPY] rsi_trend ready: sufficient bars
2026-09-29T10:51:51 | INFO     | session_runner | Stale signal: SPY/orb age=52 min > max 10 min — skipped
2026-09-29T10:51:51 | INFO     | session_runner | Stale signal: SPY/vwap_reclaim age=62 min > max 10 min — skipped
2026-09-29T10:52:21 | INFO     | session_runner | [cycle 161] 10:52:21 ET | positions=0 | entries=0
2026-09-29T10:52:21 | INFO     | app.trading.reconciler | Reconciliation done: broker_pos=0 local_pos=0 broker_orders=0 local_pending=0 repaired=0 flagged=0 orders_confirmed=True positions_confirmed=True
2026-09-29T10:52:21 | INFO     | session_runner | Periodic universe re-scan …
2026-09-29T10:52:21 | INFO     | app.scanning.universe_loader | UniverseLoader: loaded 5 groups (13 flat symbols) from config/ticker_universe.yaml (blacklist=0)
2026-09-29T10:52:21 | INFO     | app.scanning.universe_loader | UniverseLoader: 38 symbols from 4 group(s) (blacklist=0)
2026-09-29T10:52:21 | INFO     | session_runner | Universe scan: 38 symbols from 4 group(s) | max_active=6
2026-09-29T10:52:25 | INFO     | session_runner | Scan: 20 passed, 18 rejected
2026-09-29T10:52:25 | INFO     | session_runner |   GOOGL   score=80.0  signal=SHORT    reasons: rvol=1.53x (elevated), atr=2.28% (wide-range), orb_breakdown
2026-09-29T10:52:25 | INFO     | session_runner |   MSFT    score=75.0  signal=LONG     reasons: rvol=1.32x (normal), atr=2.38% (wide-range), orb_breakout
2026-09-29T10:52:25 | INFO     | session_runner |   RIVN    score=70.0  signal=LONG     reasons: rvol=1.83x (elevated), atr=4.22% (wide-range), orb_breakout
2026-09-29T10:52:25 | INFO     | session_runner |   DKNG    score=65.0  signal=SHORT    reasons: rvol=1.09x (normal), atr=5.26% (wide-range), orb_breakdown
2026-09-29T10:52:25 | INFO     | session_runner |   NVDA    score=60.0  signal=LONG     reasons: rvol=1.60x (elevated), atr=2.32% (wide-range), trend_up
2026-09-29T10:52:25 | WARNING  | app.scanning.alpaca_confirmer | AlpacaConfirmer: cannot fetch chain for GOOGL 2026-10-02: Client error '401 Unauthorized' for url 'https://api.tradier.com/v1/markets/quotes?symbols=GOOGL261002C00100000%2CGOOGL261002C00105000%2CGOOGL261002C00110000%2CGOOGL261002C00115000%2CGOOGL261002C00120000%2CGOOGL261002C00125000%2CGOOGL261002C00130000%2CGOOGL261002C00135000%2CGOOGL261002C00140000%2CGOOGL261002C00145000%2CGOOGL261002C00150000%2CGOOGL261002C00155000%2CGOOGL261002C00160000%2CGOOGL261002C00165000%2CGOOGL261002C00170000%2CGOOGL261002C00175000%2CGOOGL261002C00180000%2CGOOGL261002C00185000%2CGOOGL261002C00190000%2CGOOGL261002C00195000%2CGOOGL261002C00200000%2CGOOGL261002C00205000%2CGOOGL261002C00210000%2CGOOGL261002C00215000%2CGOOGL261002C00220000%2CGOOGL261002C00225000%2CGOOGL261002C00230000%2CGOOGL261002C00235000%2CGOOGL261002C00240000%2CGOOGL261002C00245000%2CGOOGL261002C00250000%2CGOOGL261002C00255000%2CGOOGL261002C00260000%2CGOOGL261002C00265000%2CGOOGL261002C00270000%2CGOOGL261002C00275000%2CGOOGL261002C00280000%2CGOOGL261002C00285000%2CGOOGL261002C00290000%2CGOOGL261002C00295000%2CGOOGL261002C00300000%2CGOOGL261002C00305000%2CGOOGL261002C00307500%2CGOOGL261002C00310000%2CGOOGL261002C00312500%2CGOOGL261002C00315000%2CGOOGL261002C00317500%2CGOOGL261002C00320000%2CGOOGL261002C00322500%2CGOOGL261002C00325000&greeks=true'
For more information check: https://developer.mozilla.org/en-US/docs/Web/HTTP/Status/401
2026-09-29T10:52:25 | WARNING  | app.scanning.alpaca_confirmer | AlpacaConfirmer: cannot fetch chain for RIVN 2026-10-02: Client error '401 Unauthorized' for url 'https://api.tradier.com/v1/markets/quotes?symbols=RIVN261002C00005000%2CRIVN261002C00009000%2CRIVN261002C00010000%2CRIVN261002C00010500%2CRIVN261002C00011000%2CRIVN261002C00011500%2CRIVN261002C00012000%2CRIVN261002C00012500%2CRIVN261002C00013000%2CRIVN261002C00013500%2CRIVN261002C00014000%2CRIVN261002C00014500%2CRIVN261002C00015000%2CRIVN261002C00015500%2CRIVN261002C00016000%2CRIVN261002C00016500%2CRIVN261002C00017000%2CRIVN261002C00017500%2CRIVN261002C00018000%2CRIVN261002C00018500%2CRIVN261002C00019000%2CRIVN261002C00019500%2CRIVN261002C00020000%2CRIVN261002C00020500%2CRIVN261002C00021000%2CRIVN261002C00021500%2CRIVN261002C00022000%2CRIVN261002C00023000%2CRIVN261002C00024000%2CRIVN261002C00025000%2CRIVN261002C00030000%2CRIVN261002P00005000%2CRIVN261002P00009000%2CRIVN261002P00010000%2CRIVN261002P00010500%2CRIVN261002P00011000%2CRIVN261002P00011500%2CRIVN261002P00012000%2CRIVN261002P00012500%2CRIVN261002P00013000%2CRIVN261002P00013500%2CRIVN261002P00014000%2CRIVN261002P00014500%2CRIVN261002P00015000%2CRIVN261002P00015500%2CRIVN261002P00016000%2CRIVN261002P00016500%2CRIVN261002P00017000%2CRIVN261002P00017500%2CRIVN261002P00018000&greeks=true'
For more information check: https://developer.mozilla.org/en-US/docs/Web/HTTP/Status/401
2026-09-29T10:52:25 | WARNING  | app.scanning.alpaca_confirmer | AlpacaConfirmer: cannot fetch chain for SOFI 2026-10-02: Client error '401 Unauthorized' for url 'https://api.tradier.com/v1/markets/quotes?symbols=SOFI261002C00005000%2CSOFI261002C00009000%2CSOFI261002C00010000%2CSOFI261002C00011000%2CSOFI261002C00011500%2CSOFI261002C00012000%2CSOFI261002C00012500%2CSOFI261002C00013000%2CSOFI261002C00013500%2CSOFI261002C00014000%2CSOFI261002C00014500%2CSOFI261002C00015000%2CSOFI261002C00015500%2CSOFI261002C00016000%2CSOFI261002C00016500%2CSOFI261002C00017000%2CSOFI261002C00017500%2CSOFI261002C00018000%2CSOFI261002C00018500%2CSOFI261002C00019000%2CSOFI261002C00019500%2CSOFI261002C00020000%2CSOFI261002C00020500%2CSOFI261002C00021000%2CSOFI261002C00021500%2CSOFI261002C00022000%2CSOFI261002C00022500%2CSOFI261002C00023000%2CSOFI261002C00023500%2CSOFI261002C00024000%2CSOFI261002C00025000%2CSOFI261002C00030000%2CSOFI261002P00005000%2CSOFI261002P00009000%2CSOFI261002P00010000%2CSOFI261002P00011000%2CSOFI261002P00011500%2CSOFI261002P00012000%2CSOFI261002P00012500%2CSOFI261002P00013000%2CSOFI261002P00013500%2CSOFI261002P00014000%2CSOFI261002P00014500%2CSOFI261002P00015000%2CSOFI261002P00015500%2CSOFI261002P00016000%2CSOFI261002P00016500%2CSOFI261002P00017000%2CSOFI261002P00017500%2CSOFI261002P00018000&greeks=true'
For more information check: https://developer.mozilla.org/en-US/docs/Web/HTTP/Status/401
2026-09-29T10:52:25 | WARNING  | app.scanning.alpaca_confirmer | AlpacaConfirmer: cannot fetch chain for DKNG 2026-10-02: Client error '401 Unauthorized' for url 'https://api.tradier.com/v1/markets/quotes?symbols=DKNG261002C00011000%2CDKNG261002C00012000%2CDKNG261002C00013000%2CDKNG261002C00014000%2CDKNG261002C00015000%2CDKNG261002C00016000%2CDKNG261002C00017000%2CDKNG261002C00018000%2CDKNG261002C00019000%2CDKNG261002C00020000%2CDKNG261002C00020500%2CDKNG261002C00021000%2CDKNG261002C00021500%2CDKNG261002C00022000%2CDKNG261002C00022500%2CDKNG261002C00023000%2CDKNG261002C00023500%2CDKNG261002C00024000%2CDKNG261002C00024500%2CDKNG261002C00025000%2CDKNG261002C00025500%2CDKNG261002C00026000%2CDKNG261002C00026500%2CDKNG261002C00027000%2CDKNG261002C00027500%2CDKNG261002C00028000%2CDKNG261002C00028500%2CDKNG261002C00029000%2CDKNG261002C00030000%2CDKNG261002C00031000%2CDKNG261002C00032000%2CDKNG261002C00033000%2CDKNG261002C00034000%2CDKNG261002C00035000%2CDKNG261002C00036000%2CDKNG261002P00011000%2CDKNG261002P00012000%2CDKNG261002P00013000%2CDKNG261002P00014000%2CDKNG261002P00015000%2CDKNG261002P00016000%2CDKNG261002P00017000%2CDKNG261002P00018000%2CDKNG261002P00019000%2CDKNG261002P00020000%2CDKNG261002P00020500%2CDKNG261002P00021000%2CDKNG261002P00021500%2CDKNG261002P00022000%2CDKNG261002P00022500&greeks=true'
For more information check: https://developer.mozilla.org/en-US/docs/Web/HTTP/Status/401
2026-09-29T10:52:25 | WARNING  | app.scanning.alpaca_confirmer | AlpacaConfirmer: cannot fetch chain for LYFT 2026-10-02: Client error '401 Unauthorized' for url 'https://api.tradier.com/v1/markets/quotes?symbols=LYFT261002C00005000%2CLYFT261002C00008000%2CLYFT261002C00009000%2CLYFT261002C00010000%2CLYFT261002C00010500%2CLYFT261002C00011000%2CLYFT261002C00011500%2CLYFT261002C00012000%2CLYFT261002C00012500%2CLYFT261002C00013000%2CLYFT261002C00013500%2CLYFT261002C00014000%2CLYFT261002C00014500%2CLYFT261002C00015000%2CLYFT261002C00015500%2CLYFT261002C00016000%2CLYFT261002C00016500%2CLYFT261002C00017000%2CLYFT261002C00017500%2CLYFT261002C00018000%2CLYFT261002C00018500%2CLYFT261002C00019000%2CLYFT261002C00019500%2CLYFT261002C00020000%2CLYFT261002C00020500%2CLYFT261002C00021000%2CLYFT261002C00021500%2CLYFT261002C00022000%2CLYFT261002C00023000%2CLYFT261002C00024000%2CLYFT261002C00025000%2CLYFT261002P00005000%2CLYFT261002P00008000%2CLYFT261002P00009000%2CLYFT261002P00010000%2CLYFT261002P00010500%2CLYFT261002P00011000%2CLYFT261002P00011500%2CLYFT261002P00012000%2CLYFT261002P00012500%2CLYFT261002P00013000%2CLYFT261002P00013500%2CLYFT261002P00014000%2CLYFT261002P00014500%2CLYFT261002P00015000%2CLYFT261002P00015500%2CLYFT261002P00016000%2CLYFT261002P00016500%2CLYFT261002P00017000%2CLYFT261002P00017500&greeks=true'
For more information check: https://developer.mozilla.org/en-US/docs/Web/HTTP/Status/401
2026-09-29T10:52:25 | WARNING  | app.scanning.alpaca_confirmer | AlpacaConfirmer: cannot fetch chain for SPY 2026-10-01: Client error '401 Unauthorized' for url 'https://api.tradier.com/v1/markets/quotes?symbols=SPY261001C00550000%2CSPY261001C00555000%2CSPY261001C00560000%2CSPY261001C00565000%2CSPY261001C00570000%2CSPY261001C00575000%2CSPY261001C00580000%2CSPY261001C00585000%2CSPY261001C00590000%2CSPY261001C00595000%2CSPY261001C00600000%2CSPY261001C00605000%2CSPY261001C00610000%2CSPY261001C00615000%2CSPY261001C00620000%2CSPY261001C00625000%2CSPY261001C00630000%2CSPY261001C00635000%2CSPY261001C00640000%2CSPY261001C00645000%2CSPY261001C00650000%2CSPY261001C00655000%2CSPY261001C00660000%2CSPY261001C00665000%2CSPY261001C00670000%2CSPY261001C00675000%2CSPY261001C00680000%2CSPY261001C00685000%2CSPY261001C00690000%2CSPY261001C00695000%2CSPY261001C00700000%2CSPY261001C00705000%2CSPY261001C00710000%2CSPY261001C00715000%2CSPY261001C00718000%2CSPY261001C00719000%2CSPY261001C00720000%2CSPY261001C00721000%2CSPY261001C00722000%2CSPY261001C00723000%2CSPY261001C00724000%2CSPY261001C00725000%2CSPY261001C00726000%2CSPY261001C00727000%2CSPY261001C00728000%2CSPY261001C00729000%2CSPY261001C00730000%2CSPY261001C00731000%2CSPY261001C00732000%2CSPY261001C00733000&greeks=true'
For more information check: https://developer.mozilla.org/en-US/docs/Web/HTTP/Status/401
2026-09-29T10:52:25 | WARNING  | app.scanning.alpaca_confirmer | AlpacaConfirmer: cannot fetch chain for AVGO 2026-10-02: Client error '401 Unauthorized' for url 'https://api.tradier.com/v1/markets/quotes?symbols=AVGO261002C00210000%2CAVGO261002C00215000%2CAVGO261002C00220000%2CAVGO261002C00225000%2CAVGO261002C00230000%2CAVGO261002C00235000%2CAVGO261002C00240000%2CAVGO261002C00245000%2CAVGO261002C00250000%2CAVGO261002C00255000%2CAVGO261002C00260000%2CAVGO261002C00265000%2CAVGO261002C00270000%2CAVGO261002C00275000%2CAVGO261002C00280000%2CAVGO261002C00285000%2CAVGO261002C00290000%2CAVGO261002C00295000%2CAVGO261002C00297500%2CAVGO261002C00300000%2CAVGO261002C00302500%2CAVGO261002C00305000%2CAVGO261002C00307500%2CAVGO261002C00310000%2CAVGO261002C00312500%2CAVGO261002C00315000%2CAVGO261002C00317500%2CAVGO261002C00320000%2CAVGO261002C00322500%2CAVGO261002C00325000%2CAVGO261002C00327500%2CAVGO261002C00330000%2CAVGO261002C00332500%2CAVGO261002C00335000%2CAVGO261002C00337500%2CAVGO261002C00340000%2CAVGO261002C00342500%2CAVGO261002C00345000%2CAVGO261002C00347500%2CAVGO261002C00350000%2CAVGO261002C00352500%2CAVGO261002C00355000%2CAVGO261002C00357500%2CAVGO261002C00360000%2CAVGO261002C00362500%2CAVGO261002C00365000%2CAVGO261002C00367500%2CAVGO261002C00370000%2CAVGO261002C00372500%2CAVGO261002C00375000&greeks=true'
For more information check: https://developer.mozilla.org/en-US/docs/Web/HTTP/Status/401
2026-09-29T10:52:25 | WARNING  | app.scanning.alpaca_confirmer | AlpacaConfirmer: cannot fetch chain for HOOD 2026-10-02: Client error '401 Unauthorized' for url 'https://api.tradier.com/v1/markets/quotes?symbols=HOOD261002C00025000%2CHOOD261002C00030000%2CHOOD261002C00035000%2CHOOD261002C00040000%2CHOOD261002C00045000%2CHOOD261002C00050000%2CHOOD261002C00055000%2CHOOD261002C00060000%2CHOOD261002C00065000%2CHOOD261002C00070000%2CHOOD261002C00075000%2CHOOD261002C00080000%2CHOOD261002C00082000%2CHOOD261002C00083000%2CHOOD261002C00084000%2CHOOD261002C00085000%2CHOOD261002C00086000%2CHOOD261002C00087000%2CHOOD261002C00088000%2CHOOD261002C00089000%2CHOOD261002C00090000%2CHOOD261002C00091000%2CHOOD261002C00092000%2CHOOD261002C00093000%2CHOOD261002C00094000%2CHOOD261002C00095000%2CHOOD261002C00096000%2CHOOD261002C00097000%2CHOOD261002C00098000%2CHOOD261002C00099000%2CHOOD261002C00100000%2CHOOD261002C00101000%2CHOOD261002C00102000%2CHOOD261002C00103000%2CHOOD261002C00104000%2CHOOD261002C00105000%2CHOOD261002C00106000%2CHOOD261002C00107000%2CHOOD261002C00108000%2CHOOD261002C00109000%2CHOOD261002C00110000%2CHOOD261002C00111000%2CHOOD261002C00112000%2CHOOD261002C00113000%2CHOOD261002C00114000%2CHOOD261002C00115000%2CHOOD261002C00116000%2CHOOD261002C00117000%2CHOOD261002C00118000%2CHOOD261002C00119000&greeks=true'
For more information check: https://developer.mozilla.org/en-US/docs/Web/HTTP/Status/401
2026-09-29T10:52:25 | WARNING  | app.scanning.alpaca_confirmer | AlpacaConfirmer: cannot fetch chain for XLF 2026-10-01: Client error '401 Unauthorized' for url 'https://api.tradier.com/v1/markets/quotes?symbols=XLF261001C00041000%2CXLF261001C00042000%2CXLF261001C00043000%2CXLF261001C00044000%2CXLF261001C00045000%2CXLF261001C00046000%2CXLF261001C00047000%2CXLF261001C00048000%2CXLF261001C00049000%2CXLF261001C00050000%2CXLF261001C00050500%2CXLF261001C00051000%2CXLF261001C00051500%2CXLF261001C00052000%2CXLF261001C00052500%2CXLF261001C00053000%2CXLF261001C00053500%2CXLF261001C00054000%2CXLF261001C00054500%2CXLF261001C00055000%2CXLF261001C00055500%2CXLF261001C00056000%2CXLF261001C00056500%2CXLF261001C00057000%2CXLF261001C00057500%2CXLF261001C00058000%2CXLF261001C00058500%2CXLF261001C00059000%2CXLF261001C00059500%2CXLF261001C00060000%2CXLF261001C00060500%2CXLF261001C00061000%2CXLF261001C00061500%2CXLF261001C00062000%2CXLF261001C00062500%2CXLF261001C00063000%2CXLF261001C00063500%2CXLF261001C00064000%2CXLF261001C00064500%2CXLF261001C00065000%2CXLF261001C00066000%2CXLF261001C00067000%2CXLF261001C00068000%2CXLF261001C00069000%2CXLF261001C00070000%2CXLF261001C00071000%2CXLF261001C00072000%2CXLF261001C00073000%2CXLF261001C00074000%2CXLF261001P00041000&greeks=true'
For more information check: https://developer.mozilla.org/en-US/docs/Web/HTTP/Status/401
2026-09-29T10:52:25 | WARNING  | app.scanning.alpaca_confirmer | AlpacaConfirmer: cannot fetch chain for IWM 2026-10-01: Client error '401 Unauthorized' for url 'https://api.tradier.com/v1/markets/quotes?symbols=IWM261001C00180000%2CIWM261001C00190000%2CIWM261001C00200000%2CIWM261001C00205000%2CIWM261001C00210000%2CIWM261001C00215000%2CIWM261001C00220000%2CIWM261001C00225000%2CIWM261001C00230000%2CIWM261001C00235000%2CIWM261001C00240000%2CIWM261001C00245000%2CIWM261001C00250000%2CIWM261001C00255000%2CIWM261001C00260000%2CIWM261001C00261000%2CIWM261001C00262000%2CIWM261001C00263000%2CIWM261001C00264000%2CIWM261001C00265000%2CIWM261001C00266000%2CIWM261001C00267000%2CIWM261001C00268000%2CIWM261001C00269000%2CIWM261001C00270000%2CIWM261001C00271000%2CIWM261001C00272000%2CIWM261001C00273000%2CIWM261001C00274000%2CIWM261001C00275000%2CIWM261001C00276000%2CIWM261001C00277000%2CIWM261001C00278000%2CIWM261001C00279000%2CIWM261001C00280000%2CIWM261001C00281000%2CIWM261001C00282000%2CIWM261001C00283000%2CIWM261001C00284000%2CIWM261001C00285000%2CIWM261001C00286000%2CIWM261001C00287000%2CIWM261001C00288000%2CIWM261001C00289000%2CIWM261001C00290000%2CIWM261001C00291000%2CIWM261001C00292000%2CIWM261001C00293000%2CIWM261001C00294000%2CIWM261001C00295000&greeks=true'
For more information check: https://developer.mozilla.org/en-US/docs/Web/HTTP/Status/401
2026-09-29T10:52:25 | WARNING  | app.scanning.alpaca_confirmer | AlpacaConfirmer: cannot fetch chain for MSFT 2026-10-02: Client error '401 Unauthorized' for url 'https://api.tradier.com/v1/markets/quotes?symbols=MSFT261002C00270000%2CMSFT261002C00280000%2CMSFT261002C00290000%2CMSFT261002C00300000%2CMSFT261002C00305000%2CMSFT261002C00310000%2CMSFT261002C00315000%2CMSFT261002C00320000%2CMSFT261002C00325000%2CMSFT261002C00330000%2CMSFT261002C00335000%2CMSFT261002C00340000%2CMSFT261002C00345000%2CMSFT261002C00350000%2CMSFT261002C00355000%2CMSFT261002C00360000%2CMSFT261002C00365000%2CMSFT261002C00370000%2CMSFT261002C00375000%2CMSFT261002C00380000%2CMSFT261002C00385000%2CMSFT261002C00390000%2CMSFT261002C00395000%2CMSFT261002C00400000%2CMSFT261002C00405000%2CMSFT261002C00410000%2CMSFT261002C00415000%2CMSFT261002C00420000%2CMSFT261002C00425000%2CMSFT261002C00430000%2CMSFT261002C00435000%2CMSFT261002C00437500%2CMSFT261002C00440000%2CMSFT261002C00442500%2CMSFT261002C00445000%2CMSFT261002C00447500%2CMSFT261002C00450000%2CMSFT261002C00452500%2CMSFT261002C00455000%2CMSFT261002C00457500%2CMSFT261002C00460000%2CMSFT261002C00462500%2CMSFT261002C00465000%2CMSFT261002C00467500%2CMSFT261002C00470000%2CMSFT261002C00472500%2CMSFT261002C00475000%2CMSFT261002C00477500%2CMSFT261002C00480000%2CMSFT261002C00482500&greeks=true'
For more information check: https://developer.mozilla.org/en-US/docs/Web/HTTP/Status/401
2026-09-29T10:52:25 | WARNING  | app.scanning.alpaca_confirmer | AlpacaConfirmer: cannot fetch chain for NVDA 2026-10-02: Client error '401 Unauthorized' for url 'https://api.tradier.com/v1/markets/quotes?symbols=NVDA261002C00050000%2CNVDA261002C00055000%2CNVDA261002C00060000%2CNVDA261002C00065000%2CNVDA261002C00070000%2CNVDA261002C00075000%2CNVDA261002C00080000%2CNVDA261002C00085000%2CNVDA261002C00090000%2CNVDA261002C00095000%2CNVDA261002C00100000%2CNVDA261002C00105000%2CNVDA261002C00110000%2CNVDA261002C00115000%2CNVDA261002C00120000%2CNVDA261002C00125000%2CNVDA261002C00130000%2CNVDA261002C00135000%2CNVDA261002C00140000%2CNVDA261002C00145000%2CNVDA261002C00150000%2CNVDA261002C00155000%2CNVDA261002C00160000%2CNVDA261002C00165000%2CNVDA261002C00170000%2CNVDA261002C00175000%2CNVDA261002C00180000%2CNVDA261002C00182500%2CNVDA261002C00185000%2CNVDA261002C00187500%2CNVDA261002C00190000%2CNVDA261002C00192500%2CNVDA261002C00195000%2CNVDA261002C00197500%2CNVDA261002C00200000%2CNVDA261002C00202500%2CNVDA261002C00205000%2CNVDA261002C00207500%2CNVDA261002C00210000%2CNVDA261002C00212500%2CNVDA261002C00215000%2CNVDA261002C00217500%2CNVDA261002C00220000%2CNVDA261002C00222500%2CNVDA261002C00225000%2CNVDA261002C00227500%2CNVDA261002C00230000%2CNVDA261002C00232500%2CNVDA261002C00235000%2CNVDA261002C00237500&greeks=true'
For more information check: https://developer.mozilla.org/en-US/docs/Web/HTTP/Status/401
2026-09-29T10:52:25 | INFO     | session_runner | AlpacaConfirmer: 0 confirmed symbols: []
2026-09-29T10:52:25 | WARNING  | session_runner | Re-scan returned no confirmed symbols — falling back to ['SPY']
2026-09-29T10:52:26 | INFO     | session_runner | Broad-market regime | SPY=neutral
2026-09-29T10:52:26 | INFO     | session_runner | [bridge:SPY] rsi_trend ready: sufficient bars
2026-09-29T10:52:26 | INFO     | session_runner | Stale signal: SPY/orb age=52 min > max 10 min — skipped
2026-09-29T10:52:26 | INFO     | session_runner | Stale signal: SPY/vwap_reclaim age=62 min > max 10 min — skipped
2026-09-29T10:52:56 | INFO     | session_runner | [cycle 162] 10:52:56 ET | positions=0 | entries=0
2026-09-29T10:52:56 | INFO     | session_runner | [bridge:SPY] rsi_trend ready: sufficient bars
2026-09-29T10:52:56 | INFO     | session_runner | Stale signal: SPY/orb age=53 min > max 10 min — skipped
2026-09-29T10:52:56 | INFO     | session_runner | Stale signal: SPY/vwap_reclaim age=63 min > max 10 min — skipped
2026-09-29T10:53:26 | INFO     | session_runner | [cycle 163] 10:53:26 ET | positions=0 | entries=0
2026-09-29T10:53:26 | INFO     | session_runner | [bridge:SPY] rsi_trend ready: sufficient bars
2026-09-29T10:53:26 | INFO     | session_runner | Stale signal: SPY/orb age=53 min > max 10 min — skipped
2026-09-29T10:53:26 | INFO     | session_runner | Stale signal: SPY/vwap_reclaim age=63 min > max 10 min — skipped
2026-09-29T10:53:56 | INFO     | session_runner | [cycle 164] 10:53:56 ET | positions=0 | entries=0
2026-09-29T10:53:56 | INFO     | session_runner | [bridge:SPY] rsi_trend ready: sufficient bars
2026-09-29T10:53:56 | INFO     | session_runner | Stale signal: SPY/orb age=54 min > max 10 min — skipped
2026-09-29T10:53:56 | INFO     | session_runner | Stale signal: SPY/vwap_reclaim age=64 min > max 10 min — skipped
2026-09-29T10:54:26 | INFO     | session_runner | [cycle 165] 10:54:26 ET | positions=0 | entries=0
2026-09-29T10:54:27 | INFO     | session_runner | [bridge:SPY] rsi_trend ready: sufficient bars
2026-09-29T10:54:27 | INFO     | session_runner | Stale signal: SPY/orb age=54 min > max 10 min — skipped
2026-09-29T10:54:27 | INFO     | session_runner | Stale signal: SPY/vwap_reclaim age=64 min > max 10 min — skipped
2026-09-29T10:54:57 | INFO     | session_runner | [cycle 166] 10:54:57 ET | positions=0 | entries=0
2026-09-29T10:54:57 | INFO     | session_runner | [bridge:SPY] rsi_trend ready: sufficient bars
2026-09-29T10:54:57 | INFO     | session_runner | Stale signal: SPY/orb age=55 min > max 10 min — skipped
2026-09-29T10:54:57 | INFO     | session_runner | Stale signal: SPY/vwap_reclaim age=65 min > max 10 min — skipped
2026-09-29T10:55:27 | INFO     | session_runner | [cycle 167] 10:55:27 ET | positions=0 | entries=0
2026-09-29T10:55:27 | INFO     | session_runner | [bridge:SPY] rsi_trend ready: sufficient bars
2026-09-29T10:55:27 | INFO     | session_runner | Stale signal: SPY/orb age=55 min > max 10 min — skipped
2026-09-29T10:55:27 | INFO     | session_runner | Stale signal: SPY/vwap_reclaim age=65 min > max 10 min — skipped
2026-09-29T10:55:57 | INFO     | session_runner | [cycle 168] 10:55:57 ET | positions=0 | entries=0
2026-09-29T10:55:57 | INFO     | session_runner | [bridge:SPY] rsi_trend ready: sufficient bars
2026-09-29T10:55:57 | INFO     | session_runner | Stale signal: SPY/orb age=56 min > max 10 min — skipped
2026-09-29T10:55:57 | INFO     | session_runner | Stale signal: SPY/vwap_reclaim age=66 min > max 10 min — skipped
2026-09-29T10:56:27 | INFO     | session_runner | [cycle 169] 10:56:27 ET | positions=0 | entries=0
2026-09-29T10:56:28 | INFO     | session_runner | [bridge:SPY] rsi_trend ready: sufficient bars
2026-09-29T10:56:28 | INFO     | session_runner | Stale signal: SPY/orb age=56 min > max 10 min — skipped
2026-09-29T10:56:28 | INFO     | session_runner | Stale signal: SPY/vwap_reclaim age=66 min > max 10 min — skipped
2026-09-29T10:56:58 | INFO     | session_runner | [cycle 170] 10:56:58 ET | positions=0 | entries=0
2026-09-29T10:56:58 | INFO     | session_runner | [bridge:SPY] rsi_trend ready: sufficient bars
2026-09-29T10:56:58 | INFO     | session_runner | Stale signal: SPY/orb age=57 min > max 10 min — skipped
2026-09-29T10:56:58 | INFO     | session_runner | Stale signal: SPY/vwap_reclaim age=67 min > max 10 min — skipped
2026-09-29T10:57:28 | INFO     | session_runner | [cycle 171] 10:57:28 ET | positions=0 | entries=0
2026-09-29T10:57:28 | INFO     | session_runner | Periodic universe re-scan …
2026-09-29T10:57:28 | INFO     | app.scanning.universe_loader | UniverseLoader: loaded 5 groups (13 flat symbols) from config/ticker_universe.yaml (blacklist=0)
2026-09-29T10:57:28 | INFO     | app.scanning.universe_loader | UniverseLoader: 38 symbols from 4 group(s) (blacklist=0)
2026-09-29T10:57:28 | INFO     | session_runner | Universe scan: 38 symbols from 4 group(s) | max_active=6
2026-09-29T10:57:31 | INFO     | session_runner | Scan: 20 passed, 18 rejected
2026-09-29T10:57:31 | INFO     | session_runner |   GOOGL   score=80.0  signal=SHORT    reasons: rvol=1.49x (normal), atr=2.28% (wide-range), orb_breakdown
2026-09-29T10:57:31 | INFO     | session_runner |   MSFT    score=75.0  signal=LONG     reasons: rvol=1.28x (normal), atr=2.39% (wide-range), orb_breakout
2026-09-29T10:57:31 | INFO     | session_runner |   AMD     score=70.0  signal=LONG     reasons: rvol=1.15x (normal), atr=3.94% (wide-range), orb_breakout
2026-09-29T10:57:31 | INFO     | session_runner |   RIVN    score=70.0  signal=LONG     reasons: rvol=1.79x (elevated), atr=4.20% (wide-range), orb_breakout
2026-09-29T10:57:31 | INFO     | session_runner |   AVGO    score=65.0  signal=LONG     reasons: rvol=1.68x (elevated), atr=2.73% (wide-range), near_orb_level
2026-09-29T10:57:31 | WARNING  | app.scanning.alpaca_confirmer | AlpacaConfirmer: cannot fetch chain for MSFT 2026-10-02: Client error '401 Unauthorized' for url 'https://api.tradier.com/v1/markets/quotes?symbols=MSFT261002C00270000%2CMSFT261002C00280000%2CMSFT261002C00290000%2CMSFT261002C00300000%2CMSFT261002C00305000%2CMSFT261002C00310000%2CMSFT261002C00315000%2CMSFT261002C00320000%2CMSFT261002C00325000%2CMSFT261002C00330000%2CMSFT261002C00335000%2CMSFT261002C00340000%2CMSFT261002C00345000%2CMSFT261002C00350000%2CMSFT261002C00355000%2CMSFT261002C00360000%2CMSFT261002C00365000%2CMSFT261002C00370000%2CMSFT261002C00375000%2CMSFT261002C00380000%2CMSFT261002C00385000%2CMSFT261002C00390000%2CMSFT261002C00395000%2CMSFT261002C00400000%2CMSFT261002C00405000%2CMSFT261002C00410000%2CMSFT261002C00415000%2CMSFT261002C00420000%2CMSFT261002C00425000%2CMSFT261002C00430000%2CMSFT261002C00435000%2CMSFT261002C00437500%2CMSFT261002C00440000%2CMSFT261002C00442500%2CMSFT261002C00445000%2CMSFT261002C00447500%2CMSFT261002C00450000%2CMSFT261002C00452500%2CMSFT261002C00455000%2CMSFT261002C00457500%2CMSFT261002C00460000%2CMSFT261002C00462500%2CMSFT261002C00465000%2CMSFT261002C00467500%2CMSFT261002C00470000%2CMSFT261002C00472500%2CMSFT261002C00475000%2CMSFT261002C00477500%2CMSFT261002C00480000%2CMSFT261002C00482500&greeks=true'
For more information check: https://developer.mozilla.org/en-US/docs/Web/HTTP/Status/401
2026-09-29T10:57:31 | WARNING  | app.scanning.alpaca_confirmer | AlpacaConfirmer: cannot fetch chain for NVDA 2026-10-02: Client error '401 Unauthorized' for url 'https://api.tradier.com/v1/markets/quotes?symbols=NVDA261002C00050000%2CNVDA261002C00055000%2CNVDA261002C00060000%2CNVDA261002C00065000%2CNVDA261002C00070000%2CNVDA261002C00075000%2CNVDA261002C00080000%2CNVDA261002C00085000%2CNVDA261002C00090000%2CNVDA261002C00095000%2CNVDA261002C00100000%2CNVDA261002C00105000%2CNVDA261002C00110000%2CNVDA261002C00115000%2CNVDA261002C00120000%2CNVDA261002C00125000%2CNVDA261002C00130000%2CNVDA261002C00135000%2CNVDA261002C00140000%2CNVDA261002C00145000%2CNVDA261002C00150000%2CNVDA261002C00155000%2CNVDA261002C00160000%2CNVDA261002C00165000%2CNVDA261002C00170000%2CNVDA261002C00175000%2CNVDA261002C00180000%2CNVDA261002C00182500%2CNVDA261002C00185000%2CNVDA261002C00187500%2CNVDA261002C00190000%2CNVDA261002C00192500%2CNVDA261002C00195000%2CNVDA261002C00197500%2CNVDA261002C00200000%2CNVDA261002C00202500%2CNVDA261002C00205000%2CNVDA261002C00207500%2CNVDA261002C00210000%2CNVDA261002C00212500%2CNVDA261002C00215000%2CNVDA261002C00217500%2CNVDA261002C00220000%2CNVDA261002C00222500%2CNVDA261002C00225000%2CNVDA261002C00227500%2CNVDA261002C00230000%2CNVDA261002C00232500%2CNVDA261002C00235000%2CNVDA261002C00237500&greeks=true'
For more information check: https://developer.mozilla.org/en-US/docs/Web/HTTP/Status/401
2026-09-29T10:57:31 | WARNING  | app.scanning.alpaca_confirmer | AlpacaConfirmer: cannot fetch chain for IWM 2026-10-01: Client error '401 Unauthorized' for url 'https://api.tradier.com/v1/markets/quotes?symbols=IWM261001C00180000%2CIWM261001C00190000%2CIWM261001C00200000%2CIWM261001C00205000%2CIWM261001C00210000%2CIWM261001C00215000%2CIWM261001C00220000%2CIWM261001C00225000%2CIWM261001C00230000%2CIWM261001C00235000%2CIWM261001C00240000%2CIWM261001C00245000%2CIWM261001C00250000%2CIWM261001C00255000%2CIWM261001C00260000%2CIWM261001C00261000%2CIWM261001C00262000%2CIWM261001C00263000%2CIWM261001C00264000%2CIWM261001C00265000%2CIWM261001C00266000%2CIWM261001C00267000%2CIWM261001C00268000%2CIWM261001C00269000%2CIWM261001C00270000%2CIWM261001C00271000%2CIWM261001C00272000%2CIWM261001C00273000%2CIWM261001C00274000%2CIWM261001C00275000%2CIWM261001C00276000%2CIWM261001C00277000%2CIWM261001C00278000%2CIWM261001C00279000%2CIWM261001C00280000%2CIWM261001C00281000%2CIWM261001C00282000%2CIWM261001C00283000%2CIWM261001C00284000%2CIWM261001C00285000%2CIWM261001C00286000%2CIWM261001C00287000%2CIWM261001C00288000%2CIWM261001C00289000%2CIWM261001C00290000%2CIWM261001C00291000%2CIWM261001C00292000%2CIWM261001C00293000%2CIWM261001C00294000%2CIWM261001C00295000&greeks=true'
For more information check: https://developer.mozilla.org/en-US/docs/Web/HTTP/Status/401
2026-09-29T10:57:31 | WARNING  | app.scanning.alpaca_confirmer | AlpacaConfirmer: cannot fetch chain for RIVN 2026-10-02: Client error '401 Unauthorized' for url 'https://api.tradier.com/v1/markets/quotes?symbols=RIVN261002C00005000%2CRIVN261002C00009000%2CRIVN261002C00010000%2CRIVN261002C00010500%2CRIVN261002C00011000%2CRIVN261002C00011500%2CRIVN261002C00012000%2CRIVN261002C00012500%2CRIVN261002C00013000%2CRIVN261002C00013500%2CRIVN261002C00014000%2CRIVN261002C00014500%2CRIVN261002C00015000%2CRIVN261002C00015500%2CRIVN261002C00016000%2CRIVN261002C00016500%2CRIVN261002C00017000%2CRIVN261002C00017500%2CRIVN261002C00018000%2CRIVN261002C00018500%2CRIVN261002C00019000%2CRIVN261002C00019500%2CRIVN261002C00020000%2CRIVN261002C00020500%2CRIVN261002C00021000%2CRIVN261002C00021500%2CRIVN261002C00022000%2CRIVN261002C00023000%2CRIVN261002C00024000%2CRIVN261002C00025000%2CRIVN261002C00030000%2CRIVN261002P00005000%2CRIVN261002P00009000%2CRIVN261002P00010000%2CRIVN261002P00010500%2CRIVN261002P00011000%2CRIVN261002P00011500%2CRIVN261002P00012000%2CRIVN261002P00012500%2CRIVN261002P00013000%2CRIVN261002P00013500%2CRIVN261002P00014000%2CRIVN261002P00014500%2CRIVN261002P00015000%2CRIVN261002P00015500%2CRIVN261002P00016000%2CRIVN261002P00016500%2CRIVN261002P00017000%2CRIVN261002P00017500%2CRIVN261002P00018000&greeks=true'
For more information check: https://developer.mozilla.org/en-US/docs/Web/HTTP/Status/401
2026-09-29T10:57:31 | WARNING  | app.scanning.alpaca_confirmer | AlpacaConfirmer: cannot fetch chain for AMD 2026-10-02: Client error '401 Unauthorized' for url 'https://api.tradier.com/v1/markets/quotes?symbols=AMD261002C00040000%2CAMD261002C00045000%2CAMD261002C00050000%2CAMD261002C00055000%2CAMD261002C00060000%2CAMD261002C00065000%2CAMD261002C00070000%2CAMD261002C00075000%2CAMD261002C00080000%2CAMD261002C00085000%2CAMD261002C00090000%2CAMD261002C00095000%2CAMD261002C00100000%2CAMD261002C00105000%2CAMD261002C00110000%2CAMD261002C00115000%2CAMD261002C00120000%2CAMD261002C00125000%2CAMD261002C00130000%2CAMD261002C00135000%2CAMD261002C00140000%2CAMD261002C00145000%2CAMD261002C00150000%2CAMD261002C00155000%2CAMD261002C00160000%2CAMD261002C00165000%2CAMD261002C00170000%2CAMD261002C00175000%2CAMD261002C00180000%2CAMD261002C00185000%2CAMD261002C00190000%2CAMD261002C00195000%2CAMD261002C00200000%2CAMD261002C00205000%2CAMD261002C00210000%2CAMD261002C00215000%2CAMD261002C00220000%2CAMD261002C00225000%2CAMD261002C00230000%2CAMD261002C00235000%2CAMD261002C00240000%2CAMD261002C00245000%2CAMD261002C00250000%2CAMD261002C00255000%2CAMD261002C00260000%2CAMD261002C00265000%2CAMD261002C00270000%2CAMD261002C00275000%2CAMD261002C00280000%2CAMD261002C00285000&greeks=true'
For more information check: https://developer.mozilla.org/en-US/docs/Web/HTTP/Status/401
2026-09-29T10:57:31 | WARNING  | app.scanning.alpaca_confirmer | AlpacaConfirmer: cannot fetch chain for SOFI 2026-10-02: Client error '401 Unauthorized' for url 'https://api.tradier.com/v1/markets/quotes?symbols=SOFI261002C00005000%2CSOFI261002C00009000%2CSOFI261002C00010000%2CSOFI261002C00011000%2CSOFI261002C00011500%2CSOFI261002C00012000%2CSOFI261002C00012500%2CSOFI261002C00013000%2CSOFI261002C00013500%2CSOFI261002C00014000%2CSOFI261002C00014500%2CSOFI261002C00015000%2CSOFI261002C00015500%2CSOFI261002C00016000%2CSOFI261002C00016500%2CSOFI261002C00017000%2CSOFI261002C00017500%2CSOFI261002C00018000%2CSOFI261002C00018500%2CSOFI261002C00019000%2CSOFI261002C00019500%2CSOFI261002C00020000%2CSOFI261002C00020500%2CSOFI261002C00021000%2CSOFI261002C00021500%2CSOFI261002C00022000%2CSOFI261002C00022500%2CSOFI261002C00023000%2CSOFI261002C00023500%2CSOFI261002C00024000%2CSOFI261002C00025000%2CSOFI261002C00030000%2CSOFI261002P00005000%2CSOFI261002P00009000%2CSOFI261002P00010000%2CSOFI261002P00011000%2CSOFI261002P00011500%2CSOFI261002P00012000%2CSOFI261002P00012500%2CSOFI261002P00013000%2CSOFI261002P00013500%2CSOFI261002P00014000%2CSOFI261002P00014500%2CSOFI261002P00015000%2CSOFI261002P00015500%2CSOFI261002P00016000%2CSOFI261002P00016500%2CSOFI261002P00017000%2CSOFI261002P00017500%2CSOFI261002P00018000&greeks=true'
For more information check: https://developer.mozilla.org/en-US/docs/Web/HTTP/Status/401
2026-09-29T10:57:31 | WARNING  | app.scanning.alpaca_confirmer | AlpacaConfirmer: cannot fetch chain for SHOP 2026-10-02: Client error '401 Unauthorized' for url 'https://api.tradier.com/v1/markets/quotes?symbols=SHOP261002C00080000%2CSHOP261002C00085000%2CSHOP261002C00090000%2CSHOP261002C00095000%2CSHOP261002C00100000%2CSHOP261002C00103000%2CSHOP261002C00104000%2CSHOP261002C00105000%2CSHOP261002C00106000%2CSHOP261002C00107000%2CSHOP261002C00108000%2CSHOP261002C00109000%2CSHOP261002C00110000%2CSHOP261002C00111000%2CSHOP261002C00112000%2CSHOP261002C00113000%2CSHOP261002C00114000%2CSHOP261002C00115000%2CSHOP261002C00116000%2CSHOP261002C00117000%2CSHOP261002C00118000%2CSHOP261002C00119000%2CSHOP261002C00120000%2CSHOP261002C00121000%2CSHOP261002C00122000%2CSHOP261002C00123000%2CSHOP261002C00124000%2CSHOP261002C00125000%2CSHOP261002C00126000%2CSHOP261002C00127000%2CSHOP261002C00128000%2CSHOP261002C00129000%2CSHOP261002C00130000%2CSHOP261002C00131000%2CSHOP261002C00132000%2CSHOP261002C00133000%2CSHOP261002C00134000%2CSHOP261002C00135000%2CSHOP261002C00136000%2CSHOP261002C00137000%2CSHOP261002C00138000%2CSHOP261002C00139000%2CSHOP261002C00140000%2CSHOP261002C00141000%2CSHOP261002C00142000%2CSHOP261002C00143000%2CSHOP261002C00144000%2CSHOP261002C00145000%2CSHOP261002C00146000%2CSHOP261002C00147000&greeks=true'
For more information check: https://developer.mozilla.org/en-US/docs/Web/HTTP/Status/401
2026-09-29T10:57:31 | WARNING  | app.scanning.alpaca_confirmer | AlpacaConfirmer: cannot fetch chain for DKNG 2026-10-02: Client error '401 Unauthorized' for url 'https://api.tradier.com/v1/markets/quotes?symbols=DKNG261002C00011000%2CDKNG261002C00012000%2CDKNG261002C00013000%2CDKNG261002C00014000%2CDKNG261002C00015000%2CDKNG261002C00016000%2CDKNG261002C00017000%2CDKNG261002C00018000%2CDKNG261002C00019000%2CDKNG261002C00020000%2CDKNG261002C00020500%2CDKNG261002C00021000%2CDKNG261002C00021500%2CDKNG261002C00022000%2CDKNG261002C00022500%2CDKNG261002C00023000%2CDKNG261002C00023500%2CDKNG261002C00024000%2CDKNG261002C00024500%2CDKNG261002C00025000%2CDKNG261002C00025500%2CDKNG261002C00026000%2CDKNG261002C00026500%2CDKNG261002C00027000%2CDKNG261002C00027500%2CDKNG261002C00028000%2CDKNG261002C00028500%2CDKNG261002C00029000%2CDKNG261002C00030000%2CDKNG261002C00031000%2CDKNG261002C00032000%2CDKNG261002C00033000%2CDKNG261002C00034000%2CDKNG261002C00035000%2CDKNG261002C00036000%2CDKNG261002P00011000%2CDKNG261002P00012000%2CDKNG261002P00013000%2CDKNG261002P00014000%2CDKNG261002P00015000%2CDKNG261002P00016000%2CDKNG261002P00017000%2CDKNG261002P00018000%2CDKNG261002P00019000%2CDKNG261002P00020000%2CDKNG261002P00020500%2CDKNG261002P00021000%2CDKNG261002P00021500%2CDKNG261002P00022000%2CDKNG261002P00022500&greeks=true'
For more information check: https://developer.mozilla.org/en-US/docs/Web/HTTP/Status/401
2026-09-29T10:57:31 | WARNING  | app.scanning.alpaca_confirmer | AlpacaConfirmer: cannot fetch chain for GOOGL 2026-10-02: Client error '401 Unauthorized' for url 'https://api.tradier.com/v1/markets/quotes?symbols=GOOGL261002C00100000%2CGOOGL261002C00105000%2CGOOGL261002C00110000%2CGOOGL261002C00115000%2CGOOGL261002C00120000%2CGOOGL261002C00125000%2CGOOGL261002C00130000%2CGOOGL261002C00135000%2CGOOGL261002C00140000%2CGOOGL261002C00145000%2CGOOGL261002C00150000%2CGOOGL261002C00155000%2CGOOGL261002C00160000%2CGOOGL261002C00165000%2CGOOGL261002C00170000%2CGOOGL261002C00175000%2CGOOGL261002C00180000%2CGOOGL261002C00185000%2CGOOGL261002C00190000%2CGOOGL261002C00195000%2CGOOGL261002C00200000%2CGOOGL261002C00205000%2CGOOGL261002C00210000%2CGOOGL261002C00215000%2CGOOGL261002C00220000%2CGOOGL261002C00225000%2CGOOGL261002C00230000%2CGOOGL261002C00235000%2CGOOGL261002C00240000%2CGOOGL261002C00245000%2CGOOGL261002C00250000%2CGOOGL261002C00255000%2CGOOGL261002C00260000%2CGOOGL261002C00265000%2CGOOGL261002C00270000%2CGOOGL261002C00275000%2CGOOGL261002C00280000%2CGOOGL261002C00285000%2CGOOGL261002C00290000%2CGOOGL261002C00295000%2CGOOGL261002C00300000%2CGOOGL261002C00305000%2CGOOGL261002C00307500%2CGOOGL261002C00310000%2CGOOGL261002C00312500%2CGOOGL261002C00315000%2CGOOGL261002C00317500%2CGOOGL261002C00320000%2CGOOGL261002C00322500%2CGOOGL261002C00325000&greeks=true'
For more information check: https://developer.mozilla.org/en-US/docs/Web/HTTP/Status/401
2026-09-29T10:57:31 | WARNING  | app.scanning.alpaca_confirmer | AlpacaConfirmer: cannot fetch chain for UBER 2026-10-02: Client error '401 Unauthorized' for url 'https://api.tradier.com/v1/markets/quotes?symbols=UBER261002C00050000%2CUBER261002C00055000%2CUBER261002C00058000%2CUBER261002C00059000%2CUBER261002C00060000%2CUBER261002C00061000%2CUBER261002C00062000%2CUBER261002C00063000%2CUBER261002C00064000%2CUBER261002C00065000%2CUBER261002C00066000%2CUBER261002C00067000%2CUBER261002C00068000%2CUBER261002C00069000%2CUBER261002C00070000%2CUBER261002C00071000%2CUBER261002C00072000%2CUBER261002C00073000%2CUBER261002C00074000%2CUBER261002C00075000%2CUBER261002C00076000%2CUBER261002C00077000%2CUBER261002C00078000%2CUBER261002C00079000%2CUBER261002C00080000%2CUBER261002C00081000%2CUBER261002C00082000%2CUBER261002C00083000%2CUBER261002C00084000%2CUBER261002C00085000%2CUBER261002C00086000%2CUBER261002C00087000%2CUBER261002C00088000%2CUBER261002C00089000%2CUBER261002C00090000%2CUBER261002C00091000%2CUBER261002C00095000%2CUBER261002C00100000%2CUBER261002C00105000%2CUBER261002P00050000%2CUBER261002P00055000%2CUBER261002P00058000%2CUBER261002P00059000%2CUBER261002P00060000%2CUBER261002P00061000%2CUBER261002P00062000%2CUBER261002P00063000%2CUBER261002P00064000%2CUBER261002P00065000%2CUBER261002P00066000&greeks=true'
For more information check: https://developer.mozilla.org/en-US/docs/Web/HTTP/Status/401
2026-09-29T10:57:32 | WARNING  | app.scanning.alpaca_confirmer | AlpacaConfirmer: cannot fetch chain for AVGO 2026-10-02: Client error '401 Unauthorized' for url 'https://api.tradier.com/v1/markets/quotes?symbols=AVGO261002C00210000%2CAVGO261002C00215000%2CAVGO261002C00220000%2CAVGO261002C00225000%2CAVGO261002C00230000%2CAVGO261002C00235000%2CAVGO261002C00240000%2CAVGO261002C00245000%2CAVGO261002C00250000%2CAVGO261002C00255000%2CAVGO261002C00260000%2CAVGO261002C00265000%2CAVGO261002C00270000%2CAVGO261002C00275000%2CAVGO261002C00280000%2CAVGO261002C00285000%2CAVGO261002C00290000%2CAVGO261002C00295000%2CAVGO261002C00297500%2CAVGO261002C00300000%2CAVGO261002C00302500%2CAVGO261002C00305000%2CAVGO261002C00307500%2CAVGO261002C00310000%2CAVGO261002C00312500%2CAVGO261002C00315000%2CAVGO261002C00317500%2CAVGO261002C00320000%2CAVGO261002C00322500%2CAVGO261002C00325000%2CAVGO261002C00327500%2CAVGO261002C00330000%2CAVGO261002C00332500%2CAVGO261002C00335000%2CAVGO261002C00337500%2CAVGO261002C00340000%2CAVGO261002C00342500%2CAVGO261002C00345000%2CAVGO261002C00347500%2CAVGO261002C00350000%2CAVGO261002C00352500%2CAVGO261002C00355000%2CAVGO261002C00357500%2CAVGO261002C00360000%2CAVGO261002C00362500%2CAVGO261002C00365000%2CAVGO261002C00367500%2CAVGO261002C00370000%2CAVGO261002C00372500%2CAVGO261002C00375000&greeks=true'
For more information check: https://developer.mozilla.org/en-US/docs/Web/HTTP/Status/401
2026-09-29T10:57:32 | WARNING  | app.scanning.alpaca_confirmer | AlpacaConfirmer: cannot fetch chain for XLF 2026-10-01: Client error '401 Unauthorized' for url 'https://api.tradier.com/v1/markets/quotes?symbols=XLF261001C00041000%2CXLF261001C00042000%2CXLF261001C00043000%2CXLF261001C00044000%2CXLF261001C00045000%2CXLF261001C00046000%2CXLF261001C00047000%2CXLF261001C00048000%2CXLF261001C00049000%2CXLF261001C00050000%2CXLF261001C00050500%2CXLF261001C00051000%2CXLF261001C00051500%2CXLF261001C00052000%2CXLF261001C00052500%2CXLF261001C00053000%2CXLF261001C00053500%2CXLF261001C00054000%2CXLF261001C00054500%2CXLF261001C00055000%2CXLF261001C00055500%2CXLF261001C00056000%2CXLF261001C00056500%2CXLF261001C00057000%2CXLF261001C00057500%2CXLF261001C00058000%2CXLF261001C00058500%2CXLF261001C00059000%2CXLF261001C00059500%2CXLF261001C00060000%2CXLF261001C00060500%2CXLF261001C00061000%2CXLF261001C00061500%2CXLF261001C00062000%2CXLF261001C00062500%2CXLF261001C00063000%2CXLF261001C00063500%2CXLF261001C00064000%2CXLF261001C00064500%2CXLF261001C00065000%2CXLF261001C00066000%2CXLF261001C00067000%2CXLF261001C00068000%2CXLF261001C00069000%2CXLF261001C00070000%2CXLF261001C00071000%2CXLF261001C00072000%2CXLF261001C00073000%2CXLF261001C00074000%2CXLF261001P00041000&greeks=true'
For more information check: https://developer.mozilla.org/en-US/docs/Web/HTTP/Status/401
2026-09-29T10:57:32 | INFO     | session_runner | AlpacaConfirmer: 0 confirmed symbols: []
2026-09-29T10:57:32 | WARNING  | session_runner | Re-scan returned no confirmed symbols — falling back to ['SPY']
2026-09-29T10:57:32 | INFO     | session_runner | Broad-market regime | SPY=neutral
2026-09-29T10:57:32 | INFO     | session_runner | [bridge:SPY] rsi_trend ready: sufficient bars
2026-09-29T10:57:32 | INFO     | session_runner | Stale signal: SPY/orb age=57 min > max 10 min — skipped
2026-09-29T10:57:32 | INFO     | session_runner | Stale signal: SPY/vwap_reclaim age=67 min > max 10 min — skipped
2026-09-29T10:58:02 | INFO     | session_runner | [cycle 172] 10:58:02 ET | positions=0 | entries=0
2026-09-29T10:58:02 | INFO     | session_runner | [bridge:SPY] rsi_trend ready: sufficient bars
2026-09-29T10:58:02 | INFO     | session_runner | Stale signal: SPY/orb age=58 min > max 10 min — skipped
2026-09-29T10:58:02 | INFO     | session_runner | Stale signal: SPY/vwap_reclaim age=68 min > max 10 min — skipped
2026-09-29T10:58:32 | INFO     | session_runner | [cycle 173] 10:58:32 ET | positions=0 | entries=0
2026-09-29T10:58:33 | INFO     | session_runner | [bridge:SPY] rsi_trend ready: sufficient bars
2026-09-29T10:58:33 | INFO     | session_runner | Stale signal: SPY/orb age=59 min > max 10 min — skipped
2026-09-29T10:58:33 | INFO     | session_runner | Stale signal: SPY/vwap_reclaim age=69 min > max 10 min — skipped
2026-09-29T10:59:03 | INFO     | session_runner | [cycle 174] 10:59:03 ET | positions=0 | entries=0
2026-09-29T10:59:03 | INFO     | session_runner | [bridge:SPY] rsi_trend ready: sufficient bars
2026-09-29T10:59:03 | INFO     | session_runner | Stale signal: SPY/orb age=59 min > max 10 min — skipped
2026-09-29T10:59:03 | INFO     | session_runner | Stale signal: SPY/vwap_reclaim age=69 min > max 10 min — skipped
2026-09-29T10:59:33 | INFO     | session_runner | [cycle 175] 10:59:33 ET | positions=0 | entries=0
2026-09-29T10:59:33 | INFO     | session_runner | [bridge:SPY] rsi_trend ready: sufficient bars
2026-09-29T10:59:33 | INFO     | session_runner | Stale signal: SPY/orb age=60 min > max 10 min — skipped
2026-09-29T10:59:33 | INFO     | session_runner | Stale signal: SPY/vwap_reclaim age=70 min > max 10 min — skipped
2026-09-29T11:00:03 | INFO     | session_runner | [cycle 176] 11:00:03 ET | positions=0 | entries=0
2026-09-29T11:00:04 | INFO     | session_runner | [bridge:SPY] rsi_trend ready: sufficient bars
2026-09-29T11:00:04 | INFO     | session_runner | Stale signal: SPY/orb age=60 min > max 10 min — skipped
2026-09-29T11:00:04 | INFO     | session_runner | Stale signal: SPY/vwap_reclaim age=70 min > max 10 min — skipped
2026-09-29T11:00:34 | INFO     | session_runner | [cycle 177] 11:00:34 ET | positions=0 | entries=0
2026-09-29T11:00:34 | INFO     | session_runner | [bridge:SPY] rsi_trend ready: sufficient bars
2026-09-29T11:00:34 | INFO     | session_runner | Stale signal: SPY/orb age=61 min > max 10 min — skipped
2026-09-29T11:00:34 | INFO     | session_runner | Stale signal: SPY/vwap_reclaim age=71 min > max 10 min — skipped
2026-09-29T11:01:04 | INFO     | session_runner | [cycle 178] 11:01:04 ET | positions=0 | entries=0
2026-09-29T11:01:04 | INFO     | session_runner | [bridge:SPY] rsi_trend ready: sufficient bars
2026-09-29T11:01:04 | INFO     | session_runner | Stale signal: SPY/orb age=61 min > max 10 min — skipped
2026-09-29T11:01:04 | INFO     | session_runner | Stale signal: SPY/vwap_reclaim age=71 min > max 10 min — skipped
2026-09-29T11:01:34 | INFO     | session_runner | [cycle 179] 11:01:34 ET | positions=0 | entries=0
2026-09-29T11:01:34 | INFO     | session_runner | [bridge:SPY] rsi_trend ready: sufficient bars
2026-09-29T11:01:34 | INFO     | session_runner | Stale signal: SPY/orb age=62 min > max 10 min — skipped
2026-09-29T11:01:34 | INFO     | session_runner | Stale signal: SPY/vwap_reclaim age=72 min > max 10 min — skipped
2026-09-29T11:02:04 | INFO     | session_runner | [cycle 180] 11:02:04 ET | positions=0 | entries=0
2026-09-29T11:02:05 | INFO     | session_runner | [bridge:SPY] rsi_trend ready: sufficient bars
2026-09-29T11:02:05 | INFO     | session_runner | Stale signal: SPY/orb age=62 min > max 10 min — skipped
2026-09-29T11:02:05 | INFO     | session_runner | Stale signal: SPY/vwap_reclaim age=72 min > max 10 min — skipped
2026-09-29T11:02:35 | INFO     | session_runner | [cycle 181] 11:02:35 ET | positions=0 | entries=0
2026-09-29T11:02:35 | INFO     | app.trading.reconciler | Reconciliation done: broker_pos=0 local_pos=0 broker_orders=0 local_pending=0 repaired=0 flagged=0 orders_confirmed=True positions_confirmed=True
2026-09-29T11:02:35 | INFO     | session_runner | Periodic universe re-scan …
2026-09-29T11:02:35 | INFO     | app.scanning.universe_loader | UniverseLoader: loaded 5 groups (13 flat symbols) from config/ticker_universe.yaml (blacklist=0)
2026-09-29T11:02:35 | INFO     | app.scanning.universe_loader | UniverseLoader: 38 symbols from 4 group(s) (blacklist=0)
2026-09-29T11:02:35 | INFO     | session_runner | Universe scan: 38 symbols from 4 group(s) | max_active=6
2026-09-29T11:02:40 | INFO     | session_runner | Scan: 16 passed, 22 rejected
2026-09-29T11:02:40 | INFO     | session_runner |   GOOGL   score=80.0  signal=SHORT    reasons: rvol=1.43x (normal), atr=2.28% (wide-range), orb_breakdown
2026-09-29T11:02:40 | INFO     | session_runner |   MSFT    score=75.0  signal=LONG     reasons: rvol=1.31x (normal), atr=2.39% (wide-range), orb_breakout
2026-09-29T11:02:40 | INFO     | session_runner |   AMD     score=70.0  signal=LONG     reasons: rvol=1.13x (normal), atr=3.94% (wide-range), orb_breakout
2026-09-29T11:02:40 | INFO     | session_runner |   RIVN    score=70.0  signal=LONG     reasons: rvol=1.79x (elevated), atr=4.22% (wide-range), orb_breakout
2026-09-29T11:02:40 | INFO     | session_runner |   DKNG    score=65.0  signal=SHORT    reasons: rvol=1.09x (normal), atr=5.31% (wide-range), orb_breakdown
2026-09-29T11:02:40 | WARNING  | app.scanning.alpaca_confirmer | AlpacaConfirmer: cannot fetch chain for XLF 2026-10-01: Client error '401 Unauthorized' for url 'https://api.tradier.com/v1/markets/quotes?symbols=XLF261001C00041000%2CXLF261001C00042000%2CXLF261001C00043000%2CXLF261001C00044000%2CXLF261001C00045000%2CXLF261001C00046000%2CXLF261001C00047000%2CXLF261001C00048000%2CXLF261001C00049000%2CXLF261001C00050000%2CXLF261001C00050500%2CXLF261001C00051000%2CXLF261001C00051500%2CXLF261001C00052000%2CXLF261001C00052500%2CXLF261001C00053000%2CXLF261001C00053500%2CXLF261001C00054000%2CXLF261001C00054500%2CXLF261001C00055000%2CXLF261001C00055500%2CXLF261001C00056000%2CXLF261001C00056500%2CXLF261001C00057000%2CXLF261001C00057500%2CXLF261001C00058000%2CXLF261001C00058500%2CXLF261001C00059000%2CXLF261001C00059500%2CXLF261001C00060000%2CXLF261001C00060500%2CXLF261001C00061000%2CXLF261001C00061500%2CXLF261001C00062000%2CXLF261001C00062500%2CXLF261001C00063000%2CXLF261001C00063500%2CXLF261001C00064000%2CXLF261001C00064500%2CXLF261001C00065000%2CXLF261001C00066000%2CXLF261001C00067000%2CXLF261001C00068000%2CXLF261001C00069000%2CXLF261001C00070000%2CXLF261001C00071000%2CXLF261001C00072000%2CXLF261001C00073000%2CXLF261001C00074000%2CXLF261001P00041000&greeks=true'
For more information check: https://developer.mozilla.org/en-US/docs/Web/HTTP/Status/401
2026-09-29T11:02:40 | WARNING  | app.scanning.alpaca_confirmer | AlpacaConfirmer: cannot fetch chain for HOOD 2026-10-02: Client error '401 Unauthorized' for url 'https://api.tradier.com/v1/markets/quotes?symbols=HOOD261002C00025000%2CHOOD261002C00030000%2CHOOD261002C00035000%2CHOOD261002C00040000%2CHOOD261002C00045000%2CHOOD261002C00050000%2CHOOD261002C00055000%2CHOOD261002C00060000%2CHOOD261002C00065000%2CHOOD261002C00070000%2CHOOD261002C00075000%2CHOOD261002C00080000%2CHOOD261002C00082000%2CHOOD261002C00083000%2CHOOD261002C00084000%2CHOOD261002C00085000%2CHOOD261002C00086000%2CHOOD261002C00087000%2CHOOD261002C00088000%2CHOOD261002C00089000%2CHOOD261002C00090000%2CHOOD261002C00091000%2CHOOD261002C00092000%2CHOOD261002C00093000%2CHOOD261002C00094000%2CHOOD261002C00095000%2CHOOD261002C00096000%2CHOOD261002C00097000%2CHOOD261002C00098000%2CHOOD261002C00099000%2CHOOD261002C00100000%2CHOOD261002C00101000%2CHOOD261002C00102000%2CHOOD261002C00103000%2CHOOD261002C00104000%2CHOOD261002C00105000%2CHOOD261002C00106000%2CHOOD261002C00107000%2CHOOD261002C00108000%2CHOOD261002C00109000%2CHOOD261002C00110000%2CHOOD261002C00111000%2CHOOD261002C00112000%2CHOOD261002C00113000%2CHOOD261002C00114000%2CHOOD261002C00115000%2CHOOD261002C00116000%2CHOOD261002C00117000%2CHOOD261002C00118000%2CHOOD261002C00119000&greeks=true'
For more information check: https://developer.mozilla.org/en-US/docs/Web/HTTP/Status/401
2026-09-29T11:02:40 | WARNING  | app.scanning.alpaca_confirmer | AlpacaConfirmer: cannot fetch chain for UBER 2026-10-02: Client error '401 Unauthorized' for url 'https://api.tradier.com/v1/markets/quotes?symbols=UBER261002C00050000%2CUBER261002C00055000%2CUBER261002C00058000%2CUBER261002C00059000%2CUBER261002C00060000%2CUBER261002C00061000%2CUBER261002C00062000%2CUBER261002C00063000%2CUBER261002C00064000%2CUBER261002C00065000%2CUBER261002C00066000%2CUBER261002C00067000%2CUBER261002C00068000%2CUBER261002C00069000%2CUBER261002C00070000%2CUBER261002C00071000%2CUBER261002C00072000%2CUBER261002C00073000%2CUBER261002C00074000%2CUBER261002C00075000%2CUBER261002C00076000%2CUBER261002C00077000%2CUBER261002C00078000%2CUBER261002C00079000%2CUBER261002C00080000%2CUBER261002C00081000%2CUBER261002C00082000%2CUBER261002C00083000%2CUBER261002C00084000%2CUBER261002C00085000%2CUBER261002C00086000%2CUBER261002C00087000%2CUBER261002C00088000%2CUBER261002C00089000%2CUBER261002C00090000%2CUBER261002C00091000%2CUBER261002C00095000%2CUBER261002C00100000%2CUBER261002C00105000%2CUBER261002P00050000%2CUBER261002P00055000%2CUBER261002P00058000%2CUBER261002P00059000%2CUBER261002P00060000%2CUBER261002P00061000%2CUBER261002P00062000%2CUBER261002P00063000%2CUBER261002P00064000%2CUBER261002P00065000%2CUBER261002P00066000&greeks=true'
For more information check: https://developer.mozilla.org/en-US/docs/Web/HTTP/Status/401
2026-09-29T11:02:40 | WARNING  | app.scanning.alpaca_confirmer | AlpacaConfirmer: cannot fetch chain for LYFT 2026-10-02: Client error '401 Unauthorized' for url 'https://api.tradier.com/v1/markets/quotes?symbols=LYFT261002C00005000%2CLYFT261002C00008000%2CLYFT261002C00009000%2CLYFT261002C00010000%2CLYFT261002C00010500%2CLYFT261002C00011000%2CLYFT261002C00011500%2CLYFT261002C00012000%2CLYFT261002C00012500%2CLYFT261002C00013000%2CLYFT261002C00013500%2CLYFT261002C00014000%2CLYFT261002C00014500%2CLYFT261002C00015000%2CLYFT261002C00015500%2CLYFT261002C00016000%2CLYFT261002C00016500%2CLYFT261002C00017000%2CLYFT261002C00017500%2CLYFT261002C00018000%2CLYFT261002C00018500%2CLYFT261002C00019000%2CLYFT261002C00019500%2CLYFT261002C00020000%2CLYFT261002C00020500%2CLYFT261002C00021000%2CLYFT261002C00021500%2CLYFT261002C00022000%2CLYFT261002C00023000%2CLYFT261002C00024000%2CLYFT261002C00025000%2CLYFT261002P00005000%2CLYFT261002P00008000%2CLYFT261002P00009000%2CLYFT261002P00010000%2CLYFT261002P00010500%2CLYFT261002P00011000%2CLYFT261002P00011500%2CLYFT261002P00012000%2CLYFT261002P00012500%2CLYFT261002P00013000%2CLYFT261002P00013500%2CLYFT261002P00014000%2CLYFT261002P00014500%2CLYFT261002P00015000%2CLYFT261002P00015500%2CLYFT261002P00016000%2CLYFT261002P00016500%2CLYFT261002P00017000%2CLYFT261002P00017500&greeks=true'
For more information check: https://developer.mozilla.org/en-US/docs/Web/HTTP/Status/401
2026-09-29T11:02:40 | WARNING  | app.scanning.alpaca_confirmer | AlpacaConfirmer: cannot fetch chain for GOOGL 2026-10-02: Client error '401 Unauthorized' for url 'https://api.tradier.com/v1/markets/quotes?symbols=GOOGL261002C00100000%2CGOOGL261002C00105000%2CGOOGL261002C00110000%2CGOOGL261002C00115000%2CGOOGL261002C00120000%2CGOOGL261002C00125000%2CGOOGL261002C00130000%2CGOOGL261002C00135000%2CGOOGL261002C00140000%2CGOOGL261002C00145000%2CGOOGL261002C00150000%2CGOOGL261002C00155000%2CGOOGL261002C00160000%2CGOOGL261002C00165000%2CGOOGL261002C00170000%2CGOOGL261002C00175000%2CGOOGL261002C00180000%2CGOOGL261002C00185000%2CGOOGL261002C00190000%2CGOOGL261002C00195000%2CGOOGL261002C00200000%2CGOOGL261002C00205000%2CGOOGL261002C00210000%2CGOOGL261002C00215000%2CGOOGL261002C00220000%2CGOOGL261002C00225000%2CGOOGL261002C00230000%2CGOOGL261002C00235000%2CGOOGL261002C00240000%2CGOOGL261002C00245000%2CGOOGL261002C00250000%2CGOOGL261002C00255000%2CGOOGL261002C00260000%2CGOOGL261002C00265000%2CGOOGL261002C00270000%2CGOOGL261002C00275000%2CGOOGL261002C00280000%2CGOOGL261002C00285000%2CGOOGL261002C00290000%2CGOOGL261002C00295000%2CGOOGL261002C00300000%2CGOOGL261002C00305000%2CGOOGL261002C00307500%2CGOOGL261002C00310000%2CGOOGL261002C00312500%2CGOOGL261002C00315000%2CGOOGL261002C00317500%2CGOOGL261002C00320000%2CGOOGL261002C00322500%2CGOOGL261002C00325000&greeks=true'
For more information check: https://developer.mozilla.org/en-US/docs/Web/HTTP/Status/401
2026-09-29T11:02:40 | WARNING  | app.scanning.alpaca_confirmer | AlpacaConfirmer: cannot fetch chain for RIVN 2026-10-02: Client error '401 Unauthorized' for url 'https://api.tradier.com/v1/markets/quotes?symbols=RIVN261002C00005000%2CRIVN261002C00009000%2CRIVN261002C00010000%2CRIVN261002C00010500%2CRIVN261002C00011000%2CRIVN261002C00011500%2CRIVN261002C00012000%2CRIVN261002C00012500%2CRIVN261002C00013000%2CRIVN261002C00013500%2CRIVN261002C00014000%2CRIVN261002C00014500%2CRIVN261002C00015000%2CRIVN261002C00015500%2CRIVN261002C00016000%2CRIVN261002C00016500%2CRIVN261002C00017000%2CRIVN261002C00017500%2CRIVN261002C00018000%2CRIVN261002C00018500%2CRIVN261002C00019000%2CRIVN261002C00019500%2CRIVN261002C00020000%2CRIVN261002C00020500%2CRIVN261002C00021000%2CRIVN261002C00021500%2CRIVN261002C00022000%2CRIVN261002C00023000%2CRIVN261002C00024000%2CRIVN261002C00025000%2CRIVN261002C00030000%2CRIVN261002P00005000%2CRIVN261002P00009000%2CRIVN261002P00010000%2CRIVN261002P00010500%2CRIVN261002P00011000%2CRIVN261002P00011500%2CRIVN261002P00012000%2CRIVN261002P00012500%2CRIVN261002P00013000%2CRIVN261002P00013500%2CRIVN261002P00014000%2CRIVN261002P00014500%2CRIVN261002P00015000%2CRIVN261002P00015500%2CRIVN261002P00016000%2CRIVN261002P00016500%2CRIVN261002P00017000%2CRIVN261002P00017500%2CRIVN261002P00018000&greeks=true'
For more information check: https://developer.mozilla.org/en-US/docs/Web/HTTP/Status/401
2026-09-29T11:02:40 | WARNING  | app.scanning.alpaca_confirmer | AlpacaConfirmer: cannot fetch chain for AVGO 2026-10-02: Client error '401 Unauthorized' for url 'https://api.tradier.com/v1/markets/quotes?symbols=AVGO261002C00210000%2CAVGO261002C00215000%2CAVGO261002C00220000%2CAVGO261002C00225000%2CAVGO261002C00230000%2CAVGO261002C00235000%2CAVGO261002C00240000%2CAVGO261002C00245000%2CAVGO261002C00250000%2CAVGO261002C00255000%2CAVGO261002C00260000%2CAVGO261002C00265000%2CAVGO261002C00270000%2CAVGO261002C00275000%2CAVGO261002C00280000%2CAVGO261002C00285000%2CAVGO261002C00290000%2CAVGO261002C00295000%2CAVGO261002C00297500%2CAVGO261002C00300000%2CAVGO261002C00302500%2CAVGO261002C00305000%2CAVGO261002C00307500%2CAVGO261002C00310000%2CAVGO261002C00312500%2CAVGO261002C00315000%2CAVGO261002C00317500%2CAVGO261002C00320000%2CAVGO261002C00322500%2CAVGO261002C00325000%2CAVGO261002C00327500%2CAVGO261002C00330000%2CAVGO261002C00332500%2CAVGO261002C00335000%2CAVGO261002C00337500%2CAVGO261002C00340000%2CAVGO261002C00342500%2CAVGO261002C00345000%2CAVGO261002C00347500%2CAVGO261002C00350000%2CAVGO261002C00352500%2CAVGO261002C00355000%2CAVGO261002C00357500%2CAVGO261002C00360000%2CAVGO261002C00362500%2CAVGO261002C00365000%2CAVGO261002C00367500%2CAVGO261002C00370000%2CAVGO261002C00372500%2CAVGO261002C00375000&greeks=true'
For more information check: https://developer.mozilla.org/en-US/docs/Web/HTTP/Status/401
2026-09-29T11:02:40 | WARNING  | app.scanning.alpaca_confirmer | AlpacaConfirmer: cannot fetch chain for AMD 2026-10-02: Client error '401 Unauthorized' for url 'https://api.tradier.com/v1/markets/quotes?symbols=AMD261002C00040000%2CAMD261002C00045000%2CAMD261002C00050000%2CAMD261002C00055000%2CAMD261002C00060000%2CAMD261002C00065000%2CAMD261002C00070000%2CAMD261002C00075000%2CAMD261002C00080000%2CAMD261002C00085000%2CAMD261002C00090000%2CAMD261002C00095000%2CAMD261002C00100000%2CAMD261002C00105000%2CAMD261002C00110000%2CAMD261002C00115000%2CAMD261002C00120000%2CAMD261002C00125000%2CAMD261002C00130000%2CAMD261002C00135000%2CAMD261002C00140000%2CAMD261002C00145000%2CAMD261002C00150000%2CAMD261002C00155000%2CAMD261002C00160000%2CAMD261002C00165000%2CAMD261002C00170000%2CAMD261002C00175000%2CAMD261002C00180000%2CAMD261002C00185000%2CAMD261002C00190000%2CAMD261002C00195000%2CAMD261002C00200000%2CAMD261002C00205000%2CAMD261002C00210000%2CAMD261002C00215000%2CAMD261002C00220000%2CAMD261002C00225000%2CAMD261002C00230000%2CAMD261002C00235000%2CAMD261002C00240000%2CAMD261002C00245000%2CAMD261002C00250000%2CAMD261002C00255000%2CAMD261002C00260000%2CAMD261002C00265000%2CAMD261002C00270000%2CAMD261002C00275000%2CAMD261002C00280000%2CAMD261002C00285000&greeks=true'
For more information check: https://developer.mozilla.org/en-US/docs/Web/HTTP/Status/401
2026-09-29T11:02:40 | WARNING  | app.scanning.alpaca_confirmer | AlpacaConfirmer: cannot fetch chain for MSFT 2026-10-02: Client error '401 Unauthorized' for url 'https://api.tradier.com/v1/markets/quotes?symbols=MSFT261002C00270000%2CMSFT261002C00280000%2CMSFT261002C00290000%2CMSFT261002C00300000%2CMSFT261002C00305000%2CMSFT261002C00310000%2CMSFT261002C00315000%2CMSFT261002C00320000%2CMSFT261002C00325000%2CMSFT261002C00330000%2CMSFT261002C00335000%2CMSFT261002C00340000%2CMSFT261002C00345000%2CMSFT261002C00350000%2CMSFT261002C00355000%2CMSFT261002C00360000%2CMSFT261002C00365000%2CMSFT261002C00370000%2CMSFT261002C00375000%2CMSFT261002C00380000%2CMSFT261002C00385000%2CMSFT261002C00390000%2CMSFT261002C00395000%2CMSFT261002C00400000%2CMSFT261002C00405000%2CMSFT261002C00410000%2CMSFT261002C00415000%2CMSFT261002C00420000%2CMSFT261002C00425000%2CMSFT261002C00430000%2CMSFT261002C00435000%2CMSFT261002C00437500%2CMSFT261002C00440000%2CMSFT261002C00442500%2CMSFT261002C00445000%2CMSFT261002C00447500%2CMSFT261002C00450000%2CMSFT261002C00452500%2CMSFT261002C00455000%2CMSFT261002C00457500%2CMSFT261002C00460000%2CMSFT261002C00462500%2CMSFT261002C00465000%2CMSFT261002C00467500%2CMSFT261002C00470000%2CMSFT261002C00472500%2CMSFT261002C00475000%2CMSFT261002C00477500%2CMSFT261002C00480000%2CMSFT261002C00482500&greeks=true'
For more information check: https://developer.mozilla.org/en-US/docs/Web/HTTP/Status/401
2026-09-29T11:02:40 | WARNING  | app.scanning.alpaca_confirmer | AlpacaConfirmer: cannot fetch chain for IWM 2026-10-01: Client error '401 Unauthorized' for url 'https://api.tradier.com/v1/markets/quotes?symbols=IWM261001C00180000%2CIWM261001C00190000%2CIWM261001C00200000%2CIWM261001C00205000%2CIWM261001C00210000%2CIWM261001C00215000%2CIWM261001C00220000%2CIWM261001C00225000%2CIWM261001C00230000%2CIWM261001C00235000%2CIWM261001C00240000%2CIWM261001C00245000%2CIWM261001C00250000%2CIWM261001C00255000%2CIWM261001C00260000%2CIWM261001C00261000%2CIWM261001C00262000%2CIWM261001C00263000%2CIWM261001C00264000%2CIWM261001C00265000%2CIWM261001C00266000%2CIWM261001C00267000%2CIWM261001C00268000%2CIWM261001C00269000%2CIWM261001C00270000%2CIWM261001C00271000%2CIWM261001C00272000%2CIWM261001C00273000%2CIWM261001C00274000%2CIWM261001C00275000%2CIWM261001C00276000%2CIWM261001C00277000%2CIWM261001C00278000%2CIWM261001C00279000%2CIWM261001C00280000%2CIWM261001C00281000%2CIWM261001C00282000%2CIWM261001C00283000%2CIWM261001C00284000%2CIWM261001C00285000%2CIWM261001C00286000%2CIWM261001C00287000%2CIWM261001C00288000%2CIWM261001C00289000%2CIWM261001C00290000%2CIWM261001C00291000%2CIWM261001C00292000%2CIWM261001C00293000%2CIWM261001C00294000%2CIWM261001C00295000&greeks=true'
For more information check: https://developer.mozilla.org/en-US/docs/Web/HTTP/Status/401
2026-09-29T11:02:40 | WARNING  | app.scanning.alpaca_confirmer | AlpacaConfirmer: cannot fetch chain for DKNG 2026-10-02: Client error '401 Unauthorized' for url 'https://api.tradier.com/v1/markets/quotes?symbols=DKNG261002C00011000%2CDKNG261002C00012000%2CDKNG261002C00013000%2CDKNG261002C00014000%2CDKNG261002C00015000%2CDKNG261002C00016000%2CDKNG261002C00017000%2CDKNG261002C00018000%2CDKNG261002C00019000%2CDKNG261002C00020000%2CDKNG261002C00020500%2CDKNG261002C00021000%2CDKNG261002C00021500%2CDKNG261002C00022000%2CDKNG261002C00022500%2CDKNG261002C00023000%2CDKNG261002C00023500%2CDKNG261002C00024000%2CDKNG261002C00024500%2CDKNG261002C00025000%2CDKNG261002C00025500%2CDKNG261002C00026000%2CDKNG261002C00026500%2CDKNG261002C00027000%2CDKNG261002C00027500%2CDKNG261002C00028000%2CDKNG261002C00028500%2CDKNG261002C00029000%2CDKNG261002C00030000%2CDKNG261002C00031000%2CDKNG261002C00032000%2CDKNG261002C00033000%2CDKNG261002C00034000%2CDKNG261002C00035000%2CDKNG261002C00036000%2CDKNG261002P00011000%2CDKNG261002P00012000%2CDKNG261002P00013000%2CDKNG261002P00014000%2CDKNG261002P00015000%2CDKNG261002P00016000%2CDKNG261002P00017000%2CDKNG261002P00018000%2CDKNG261002P00019000%2CDKNG261002P00020000%2CDKNG261002P00020500%2CDKNG261002P00021000%2CDKNG261002P00021500%2CDKNG261002P00022000%2CDKNG261002P00022500&greeks=true'
For more information check: https://developer.mozilla.org/en-US/docs/Web/HTTP/Status/401
2026-09-29T11:02:40 | WARNING  | app.scanning.alpaca_confirmer | AlpacaConfirmer: cannot fetch chain for NVDA 2026-10-02: Client error '401 Unauthorized' for url 'https://api.tradier.com/v1/markets/quotes?symbols=NVDA261002C00050000%2CNVDA261002C00055000%2CNVDA261002C00060000%2CNVDA261002C00065000%2CNVDA261002C00070000%2CNVDA261002C00075000%2CNVDA261002C00080000%2CNVDA261002C00085000%2CNVDA261002C00090000%2CNVDA261002C00095000%2CNVDA261002C00100000%2CNVDA261002C00105000%2CNVDA261002C00110000%2CNVDA261002C00115000%2CNVDA261002C00120000%2CNVDA261002C00125000%2CNVDA261002C00130000%2CNVDA261002C00135000%2CNVDA261002C00140000%2CNVDA261002C00145000%2CNVDA261002C00150000%2CNVDA261002C00155000%2CNVDA261002C00160000%2CNVDA261002C00165000%2CNVDA261002C00170000%2CNVDA261002C00175000%2CNVDA261002C00180000%2CNVDA261002C00182500%2CNVDA261002C00185000%2CNVDA261002C00187500%2CNVDA261002C00190000%2CNVDA261002C00192500%2CNVDA261002C00195000%2CNVDA261002C00197500%2CNVDA261002C00200000%2CNVDA261002C00202500%2CNVDA261002C00205000%2CNVDA261002C00207500%2CNVDA261002C00210000%2CNVDA261002C00212500%2CNVDA261002C00215000%2CNVDA261002C00217500%2CNVDA261002C00220000%2CNVDA261002C00222500%2CNVDA261002C00225000%2CNVDA261002C00227500%2CNVDA261002C00230000%2CNVDA261002C00232500%2CNVDA261002C00235000%2CNVDA261002C00237500&greeks=true'
For more information check: https://developer.mozilla.org/en-US/docs/Web/HTTP/Status/401
2026-09-29T11:02:40 | INFO     | session_runner | AlpacaConfirmer: 0 confirmed symbols: []
2026-09-29T11:02:40 | WARNING  | session_runner | Re-scan returned no confirmed symbols — falling back to ['SPY']
2026-09-29T11:02:40 | INFO     | session_runner | Broad-market regime | SPY=short
2026-09-29T11:02:40 | INFO     | session_runner | [bridge:SPY] rsi_trend ready: sufficient bars
2026-09-29T11:02:40 | INFO     | session_runner | Stale signal: SPY/orb age=63 min > max 10 min — skipped
2026-09-29T11:02:40 | INFO     | session_runner | Stale signal: SPY/vwap_reclaim age=73 min > max 10 min — skipped
2026-09-29T11:03:10 | INFO     | session_runner | [cycle 182] 11:03:10 ET | positions=0 | entries=0
2026-09-29T11:03:11 | INFO     | session_runner | [bridge:SPY] rsi_trend ready: sufficient bars
2026-09-29T11:03:11 | INFO     | session_runner | Stale signal: SPY/orb age=63 min > max 10 min — skipped
2026-09-29T11:03:11 | INFO     | session_runner | Stale signal: SPY/vwap_reclaim age=73 min > max 10 min — skipped
2026-09-29T11:03:41 | INFO     | session_runner | [cycle 183] 11:03:41 ET | positions=0 | entries=0
2026-09-29T11:03:41 | INFO     | session_runner | [bridge:SPY] rsi_trend ready: sufficient bars
2026-09-29T11:03:41 | INFO     | session_runner | Stale signal: SPY/orb age=64 min > max 10 min — skipped
2026-09-29T11:03:41 | INFO     | session_runner | Stale signal: SPY/vwap_reclaim age=74 min > max 10 min — skipped
2026-09-29T11:04:11 | INFO     | session_runner | [cycle 184] 11:04:11 ET | positions=0 | entries=0
2026-09-29T11:04:11 | INFO     | session_runner | [bridge:SPY] rsi_trend ready: sufficient bars
2026-09-29T11:04:11 | INFO     | session_runner | Stale signal: SPY/orb age=64 min > max 10 min — skipped
2026-09-29T11:04:11 | INFO     | session_runner | Stale signal: SPY/vwap_reclaim age=74 min > max 10 min — skipped
2026-09-29T11:04:41 | INFO     | session_runner | [cycle 185] 11:04:41 ET | positions=0 | entries=0
2026-09-29T11:04:41 | INFO     | session_runner | [bridge:SPY] rsi_trend ready: sufficient bars
2026-09-29T11:04:41 | INFO     | session_runner | Stale signal: SPY/orb age=65 min > max 10 min — skipped
2026-09-29T11:04:41 | INFO     | session_runner | Stale signal: SPY/vwap_reclaim age=75 min > max 10 min — skipped
2026-09-29T11:05:11 | INFO     | session_runner | [cycle 186] 11:05:11 ET | positions=0 | entries=0
2026-09-29T11:05:12 | INFO     | session_runner | [bridge:SPY] rsi_trend ready: sufficient bars
2026-09-29T11:05:12 | INFO     | session_runner | Stale signal: SPY/orb age=65 min > max 10 min — skipped
2026-09-29T11:05:12 | INFO     | session_runner | Stale signal: SPY/vwap_reclaim age=75 min > max 10 min — skipped
2026-09-29T11:05:42 | INFO     | session_runner | [cycle 187] 11:05:42 ET | positions=0 | entries=0
2026-09-29T11:05:42 | INFO     | session_runner | [bridge:SPY] rsi_trend ready: sufficient bars
2026-09-29T11:05:42 | INFO     | session_runner | Stale signal: SPY/orb age=66 min > max 10 min — skipped
2026-09-29T11:05:42 | INFO     | session_runner | Stale signal: SPY/vwap_reclaim age=76 min > max 10 min — skipped
2026-09-29T11:06:12 | INFO     | session_runner | [cycle 188] 11:06:12 ET | positions=0 | entries=0
2026-09-29T11:06:12 | INFO     | session_runner | [bridge:SPY] rsi_trend ready: sufficient bars
2026-09-29T11:06:12 | INFO     | session_runner | Stale signal: SPY/orb age=66 min > max 10 min — skipped
2026-09-29T11:06:12 | INFO     | session_runner | Stale signal: SPY/vwap_reclaim age=76 min > max 10 min — skipped
2026-09-29T11:06:42 | INFO     | session_runner | [cycle 189] 11:06:42 ET | positions=0 | entries=0
2026-09-29T11:06:42 | INFO     | session_runner | [bridge:SPY] rsi_trend ready: sufficient bars
2026-09-29T11:06:42 | INFO     | session_runner | Stale signal: SPY/orb age=67 min > max 10 min — skipped
2026-09-29T11:06:42 | INFO     | session_runner | Stale signal: SPY/vwap_reclaim age=77 min > max 10 min — skipped
2026-09-29T11:07:12 | INFO     | session_runner | [cycle 190] 11:07:12 ET | positions=0 | entries=0
2026-09-29T11:07:13 | INFO     | session_runner | [bridge:SPY] rsi_trend ready: sufficient bars
2026-09-29T11:07:13 | INFO     | session_runner | Stale signal: SPY/orb age=67 min > max 10 min — skipped
2026-09-29T11:07:13 | INFO     | session_runner | Stale signal: SPY/vwap_reclaim age=77 min > max 10 min — skipped
2026-09-29T11:07:43 | INFO     | session_runner | [cycle 191] 11:07:43 ET | positions=0 | entries=0
2026-09-29T11:07:43 | INFO     | session_runner | Periodic universe re-scan …
2026-09-29T11:07:43 | INFO     | app.scanning.universe_loader | UniverseLoader: loaded 5 groups (13 flat symbols) from config/ticker_universe.yaml (blacklist=0)
2026-09-29T11:07:43 | INFO     | app.scanning.universe_loader | UniverseLoader: 38 symbols from 4 group(s) (blacklist=0)
2026-09-29T11:07:43 | INFO     | session_runner | Universe scan: 38 symbols from 4 group(s) | max_active=6
2026-09-29T11:07:46 | INFO     | session_runner | Scan: 17 passed, 21 rejected
2026-09-29T11:07:46 | INFO     | session_runner |   GOOGL   score=80.0  signal=SHORT    reasons: rvol=1.39x (normal), atr=2.28% (wide-range), orb_breakdown
2026-09-29T11:07:46 | INFO     | session_runner |   MSFT    score=75.0  signal=LONG     reasons: rvol=1.27x (normal), atr=2.39% (wide-range), orb_breakout
2026-09-29T11:07:46 | INFO     | session_runner |   RIVN    score=70.0  signal=LONG     reasons: rvol=1.80x (elevated), atr=4.22% (wide-range), orb_breakout
2026-09-29T11:07:46 | INFO     | session_runner |   DKNG    score=65.0  signal=SHORT    reasons: rvol=1.48x (normal), atr=5.33% (wide-range), orb_breakdown
2026-09-29T11:07:46 | INFO     | session_runner |   HOOD    score=60.0  signal=SHORT    reasons: rvol=1.21x (normal), atr=4.49% (wide-range), orb_breakdown
2026-09-29T11:07:46 | WARNING  | app.scanning.alpaca_confirmer | AlpacaConfirmer: cannot fetch chain for DKNG 2026-10-02: Client error '401 Unauthorized' for url 'https://api.tradier.com/v1/markets/quotes?symbols=DKNG261002C00011000%2CDKNG261002C00012000%2CDKNG261002C00013000%2CDKNG261002C00014000%2CDKNG261002C00015000%2CDKNG261002C00016000%2CDKNG261002C00017000%2CDKNG261002C00018000%2CDKNG261002C00019000%2CDKNG261002C00020000%2CDKNG261002C00020500%2CDKNG261002C00021000%2CDKNG261002C00021500%2CDKNG261002C00022000%2CDKNG261002C00022500%2CDKNG261002C00023000%2CDKNG261002C00023500%2CDKNG261002C00024000%2CDKNG261002C00024500%2CDKNG261002C00025000%2CDKNG261002C00025500%2CDKNG261002C00026000%2CDKNG261002C00026500%2CDKNG261002C00027000%2CDKNG261002C00027500%2CDKNG261002C00028000%2CDKNG261002C00028500%2CDKNG261002C00029000%2CDKNG261002C00030000%2CDKNG261002C00031000%2CDKNG261002C00032000%2CDKNG261002C00033000%2CDKNG261002C00034000%2CDKNG261002C00035000%2CDKNG261002C00036000%2CDKNG261002P00011000%2CDKNG261002P00012000%2CDKNG261002P00013000%2CDKNG261002P00014000%2CDKNG261002P00015000%2CDKNG261002P00016000%2CDKNG261002P00017000%2CDKNG261002P00018000%2CDKNG261002P00019000%2CDKNG261002P00020000%2CDKNG261002P00020500%2CDKNG261002P00021000%2CDKNG261002P00021500%2CDKNG261002P00022000%2CDKNG261002P00022500&greeks=true'
For more information check: https://developer.mozilla.org/en-US/docs/Web/HTTP/Status/401
2026-09-29T11:07:46 | WARNING  | app.scanning.alpaca_confirmer | AlpacaConfirmer: cannot fetch chain for IWM 2026-10-01: Client error '401 Unauthorized' for url 'https://api.tradier.com/v1/markets/quotes?symbols=IWM261001C00180000%2CIWM261001C00190000%2CIWM261001C00200000%2CIWM261001C00205000%2CIWM261001C00210000%2CIWM261001C00215000%2CIWM261001C00220000%2CIWM261001C00225000%2CIWM261001C00230000%2CIWM261001C00235000%2CIWM261001C00240000%2CIWM261001C00245000%2CIWM261001C00250000%2CIWM261001C00255000%2CIWM261001C00260000%2CIWM261001C00261000%2CIWM261001C00262000%2CIWM261001C00263000%2CIWM261001C00264000%2CIWM261001C00265000%2CIWM261001C00266000%2CIWM261001C00267000%2CIWM261001C00268000%2CIWM261001C00269000%2CIWM261001C00270000%2CIWM261001C00271000%2CIWM261001C00272000%2CIWM261001C00273000%2CIWM261001C00274000%2CIWM261001C00275000%2CIWM261001C00276000%2CIWM261001C00277000%2CIWM261001C00278000%2CIWM261001C00279000%2CIWM261001C00280000%2CIWM261001C00281000%2CIWM261001C00282000%2CIWM261001C00283000%2CIWM261001C00284000%2CIWM261001C00285000%2CIWM261001C00286000%2CIWM261001C00287000%2CIWM261001C00288000%2CIWM261001C00289000%2CIWM261001C00290000%2CIWM261001C00291000%2CIWM261001C00292000%2CIWM261001C00293000%2CIWM261001C00294000%2CIWM261001C00295000&greeks=true'
For more information check: https://developer.mozilla.org/en-US/docs/Web/HTTP/Status/401
2026-09-29T11:07:46 | WARNING  | app.scanning.alpaca_confirmer | AlpacaConfirmer: cannot fetch chain for HOOD 2026-10-02: Client error '401 Unauthorized' for url 'https://api.tradier.com/v1/markets/quotes?symbols=HOOD261002C00025000%2CHOOD261002C00030000%2CHOOD261002C00035000%2CHOOD261002C00040000%2CHOOD261002C00045000%2CHOOD261002C00050000%2CHOOD261002C00055000%2CHOOD261002C00060000%2CHOOD261002C00065000%2CHOOD261002C00070000%2CHOOD261002C00075000%2CHOOD261002C00080000%2CHOOD261002C00082000%2CHOOD261002C00083000%2CHOOD261002C00084000%2CHOOD261002C00085000%2CHOOD261002C00086000%2CHOOD261002C00087000%2CHOOD261002C00088000%2CHOOD261002C00089000%2CHOOD261002C00090000%2CHOOD261002C00091000%2CHOOD261002C00092000%2CHOOD261002C00093000%2CHOOD261002C00094000%2CHOOD261002C00095000%2CHOOD261002C00096000%2CHOOD261002C00097000%2CHOOD261002C00098000%2CHOOD261002C00099000%2CHOOD261002C00100000%2CHOOD261002C00101000%2CHOOD261002C00102000%2CHOOD261002C00103000%2CHOOD261002C00104000%2CHOOD261002C00105000%2CHOOD261002C00106000%2CHOOD261002C00107000%2CHOOD261002C00108000%2CHOOD261002C00109000%2CHOOD261002C00110000%2CHOOD261002C00111000%2CHOOD261002C00112000%2CHOOD261002C00113000%2CHOOD261002C00114000%2CHOOD261002C00115000%2CHOOD261002C00116000%2CHOOD261002C00117000%2CHOOD261002C00118000%2CHOOD261002C00119000&greeks=true'
For more information check: https://developer.mozilla.org/en-US/docs/Web/HTTP/Status/401
2026-09-29T11:07:46 | WARNING  | app.scanning.alpaca_confirmer | AlpacaConfirmer: cannot fetch chain for MSFT 2026-10-02: Client error '401 Unauthorized' for url 'https://api.tradier.com/v1/markets/quotes?symbols=MSFT261002C00270000%2CMSFT261002C00280000%2CMSFT261002C00290000%2CMSFT261002C00300000%2CMSFT261002C00305000%2CMSFT261002C00310000%2CMSFT261002C00315000%2CMSFT261002C00320000%2CMSFT261002C00325000%2CMSFT261002C00330000%2CMSFT261002C00335000%2CMSFT261002C00340000%2CMSFT261002C00345000%2CMSFT261002C00350000%2CMSFT261002C00355000%2CMSFT261002C00360000%2CMSFT261002C00365000%2CMSFT261002C00370000%2CMSFT261002C00375000%2CMSFT261002C00380000%2CMSFT261002C00385000%2CMSFT261002C00390000%2CMSFT261002C00395000%2CMSFT261002C00400000%2CMSFT261002C00405000%2CMSFT261002C00410000%2CMSFT261002C00415000%2CMSFT261002C00420000%2CMSFT261002C00425000%2CMSFT261002C00430000%2CMSFT261002C00435000%2CMSFT261002C00437500%2CMSFT261002C00440000%2CMSFT261002C00442500%2CMSFT261002C00445000%2CMSFT261002C00447500%2CMSFT261002C00450000%2CMSFT261002C00452500%2CMSFT261002C00455000%2CMSFT261002C00457500%2CMSFT261002C00460000%2CMSFT261002C00462500%2CMSFT261002C00465000%2CMSFT261002C00467500%2CMSFT261002C00470000%2CMSFT261002C00472500%2CMSFT261002C00475000%2CMSFT261002C00477500%2CMSFT261002C00480000%2CMSFT261002C00482500&greeks=true'
For more information check: https://developer.mozilla.org/en-US/docs/Web/HTTP/Status/401
2026-09-29T11:07:46 | WARNING  | app.scanning.alpaca_confirmer | AlpacaConfirmer: cannot fetch chain for XLF 2026-10-01: Client error '401 Unauthorized' for url 'https://api.tradier.com/v1/markets/quotes?symbols=XLF261001C00041000%2CXLF261001C00042000%2CXLF261001C00043000%2CXLF261001C00044000%2CXLF261001C00045000%2CXLF261001C00046000%2CXLF261001C00047000%2CXLF261001C00048000%2CXLF261001C00049000%2CXLF261001C00050000%2CXLF261001C00050500%2CXLF261001C00051000%2CXLF261001C00051500%2CXLF261001C00052000%2CXLF261001C00052500%2CXLF261001C00053000%2CXLF261001C00053500%2CXLF261001C00054000%2CXLF261001C00054500%2CXLF261001C00055000%2CXLF261001C00055500%2CXLF261001C00056000%2CXLF261001C00056500%2CXLF261001C00057000%2CXLF261001C00057500%2CXLF261001C00058000%2CXLF261001C00058500%2CXLF261001C00059000%2CXLF261001C00059500%2CXLF261001C00060000%2CXLF261001C00060500%2CXLF261001C00061000%2CXLF261001C00061500%2CXLF261001C00062000%2CXLF261001C00062500%2CXLF261001C00063000%2CXLF261001C00063500%2CXLF261001C00064000%2CXLF261001C00064500%2CXLF261001C00065000%2CXLF261001C00066000%2CXLF261001C00067000%2CXLF261001C00068000%2CXLF261001C00069000%2CXLF261001C00070000%2CXLF261001C00071000%2CXLF261001C00072000%2CXLF261001C00073000%2CXLF261001C00074000%2CXLF261001P00041000&greeks=true'
For more information check: https://developer.mozilla.org/en-US/docs/Web/HTTP/Status/401
2026-09-29T11:07:46 | WARNING  | app.scanning.alpaca_confirmer | AlpacaConfirmer: cannot fetch chain for SPY 2026-10-01: Client error '401 Unauthorized' for url 'https://api.tradier.com/v1/markets/quotes?symbols=SPY261001C00550000%2CSPY261001C00555000%2CSPY261001C00560000%2CSPY261001C00565000%2CSPY261001C00570000%2CSPY261001C00575000%2CSPY261001C00580000%2CSPY261001C00585000%2CSPY261001C00590000%2CSPY261001C00595000%2CSPY261001C00600000%2CSPY261001C00605000%2CSPY261001C00610000%2CSPY261001C00615000%2CSPY261001C00620000%2CSPY261001C00625000%2CSPY261001C00630000%2CSPY261001C00635000%2CSPY261001C00640000%2CSPY261001C00645000%2CSPY261001C00650000%2CSPY261001C00655000%2CSPY261001C00660000%2CSPY261001C00665000%2CSPY261001C00670000%2CSPY261001C00675000%2CSPY261001C00680000%2CSPY261001C00685000%2CSPY261001C00690000%2CSPY261001C00695000%2CSPY261001C00700000%2CSPY261001C00705000%2CSPY261001C00710000%2CSPY261001C00715000%2CSPY261001C00718000%2CSPY261001C00719000%2CSPY261001C00720000%2CSPY261001C00721000%2CSPY261001C00722000%2CSPY261001C00723000%2CSPY261001C00724000%2CSPY261001C00725000%2CSPY261001C00726000%2CSPY261001C00727000%2CSPY261001C00728000%2CSPY261001C00729000%2CSPY261001C00730000%2CSPY261001C00731000%2CSPY261001C00732000%2CSPY261001C00733000&greeks=true'
For more information check: https://developer.mozilla.org/en-US/docs/Web/HTTP/Status/401
2026-09-29T11:07:46 | WARNING  | app.scanning.alpaca_confirmer | AlpacaConfirmer: cannot fetch chain for AVGO 2026-10-02: Client error '401 Unauthorized' for url 'https://api.tradier.com/v1/markets/quotes?symbols=AVGO261002C00210000%2CAVGO261002C00215000%2CAVGO261002C00220000%2CAVGO261002C00225000%2CAVGO261002C00230000%2CAVGO261002C00235000%2CAVGO261002C00240000%2CAVGO261002C00245000%2CAVGO261002C00250000%2CAVGO261002C00255000%2CAVGO261002C00260000%2CAVGO261002C00265000%2CAVGO261002C00270000%2CAVGO261002C00275000%2CAVGO261002C00280000%2CAVGO261002C00285000%2CAVGO261002C00290000%2CAVGO261002C00295000%2CAVGO261002C00297500%2CAVGO261002C00300000%2CAVGO261002C00302500%2CAVGO261002C00305000%2CAVGO261002C00307500%2CAVGO261002C00310000%2CAVGO261002C00312500%2CAVGO261002C00315000%2CAVGO261002C00317500%2CAVGO261002C00320000%2CAVGO261002C00322500%2CAVGO261002C00325000%2CAVGO261002C00327500%2CAVGO261002C00330000%2CAVGO261002C00332500%2CAVGO261002C00335000%2CAVGO261002C00337500%2CAVGO261002C00340000%2CAVGO261002C00342500%2CAVGO261002C00345000%2CAVGO261002C00347500%2CAVGO261002C00350000%2CAVGO261002C00352500%2CAVGO261002C00355000%2CAVGO261002C00357500%2CAVGO261002C00360000%2CAVGO261002C00362500%2CAVGO261002C00365000%2CAVGO261002C00367500%2CAVGO261002C00370000%2CAVGO261002C00372500%2CAVGO261002C00375000&greeks=true'
For more information check: https://developer.mozilla.org/en-US/docs/Web/HTTP/Status/401
2026-09-29T11:07:46 | WARNING  | app.scanning.alpaca_confirmer | AlpacaConfirmer: cannot fetch chain for UBER 2026-10-02: Client error '401 Unauthorized' for url 'https://api.tradier.com/v1/markets/quotes?symbols=UBER261002C00050000%2CUBER261002C00055000%2CUBER261002C00058000%2CUBER261002C00059000%2CUBER261002C00060000%2CUBER261002C00061000%2CUBER261002C00062000%2CUBER261002C00063000%2CUBER261002C00064000%2CUBER261002C00065000%2CUBER261002C00066000%2CUBER261002C00067000%2CUBER261002C00068000%2CUBER261002C00069000%2CUBER261002C00070000%2CUBER261002C00071000%2CUBER261002C00072000%2CUBER261002C00073000%2CUBER261002C00074000%2CUBER261002C00075000%2CUBER261002C00076000%2CUBER261002C00077000%2CUBER261002C00078000%2CUBER261002C00079000%2CUBER261002C00080000%2CUBER261002C00081000%2CUBER261002C00082000%2CUBER261002C00083000%2CUBER261002C00084000%2CUBER261002C00085000%2CUBER261002C00086000%2CUBER261002C00087000%2CUBER261002C00088000%2CUBER261002C00089000%2CUBER261002C00090000%2CUBER261002C00091000%2CUBER261002C00095000%2CUBER261002C00100000%2CUBER261002C00105000%2CUBER261002P00050000%2CUBER261002P00055000%2CUBER261002P00058000%2CUBER261002P00059000%2CUBER261002P00060000%2CUBER261002P00061000%2CUBER261002P00062000%2CUBER261002P00063000%2CUBER261002P00064000%2CUBER261002P00065000%2CUBER261002P00066000&greeks=true'
For more information check: https://developer.mozilla.org/en-US/docs/Web/HTTP/Status/401
2026-09-29T11:07:46 | WARNING  | app.scanning.alpaca_confirmer | AlpacaConfirmer: cannot fetch chain for XLE 2026-10-02: Client error '401 Unauthorized' for url 'https://api.tradier.com/v1/markets/quotes?symbols=XLE261002C00035000%2CXLE261002C00040000%2CXLE261002C00045000%2CXLE261002C00048000%2CXLE261002C00049000%2CXLE261002C00050000%2CXLE261002C00051000%2CXLE261002C00052000%2CXLE261002C00053000%2CXLE261002C00054000%2CXLE261002C00054500%2CXLE261002C00055000%2CXLE261002C00055500%2CXLE261002C00056000%2CXLE261002C00056500%2CXLE261002C00057000%2CXLE261002C00057500%2CXLE261002C00058000%2CXLE261002C00058500%2CXLE261002C00059000%2CXLE261002C00059500%2CXLE261002C00060000%2CXLE261002C00060500%2CXLE261002C00061000%2CXLE261002C00061500%2CXLE261002C00062000%2CXLE261002C00062500%2CXLE261002C00063000%2CXLE261002C00063500%2CXLE261002C00064000%2CXLE261002C00064500%2CXLE261002C00065000%2CXLE261002C00065500%2CXLE261002C00066000%2CXLE261002C00066500%2CXLE261002C00067000%2CXLE261002C00068000%2CXLE261002C00068500%2CXLE261002C00069000%2CXLE261002C00070000%2CXLE261002C00071000%2CXLE261002C00075000%2CXLE261002C00080000%2CXLE261002P00035000%2CXLE261002P00040000%2CXLE261002P00045000%2CXLE261002P00048000%2CXLE261002P00049000%2CXLE261002P00050000%2CXLE261002P00051000&greeks=true'
For more information check: https://developer.mozilla.org/en-US/docs/Web/HTTP/Status/401
2026-09-29T11:07:46 | WARNING  | app.scanning.alpaca_confirmer | AlpacaConfirmer: cannot fetch chain for RIVN 2026-10-02: Client error '401 Unauthorized' for url 'https://api.tradier.com/v1/markets/quotes?symbols=RIVN261002C00005000%2CRIVN261002C00009000%2CRIVN261002C00010000%2CRIVN261002C00010500%2CRIVN261002C00011000%2CRIVN261002C00011500%2CRIVN261002C00012000%2CRIVN261002C00012500%2CRIVN261002C00013000%2CRIVN261002C00013500%2CRIVN261002C00014000%2CRIVN261002C00014500%2CRIVN261002C00015000%2CRIVN261002C00015500%2CRIVN261002C00016000%2CRIVN261002C00016500%2CRIVN261002C00017000%2CRIVN261002C00017500%2CRIVN261002C00018000%2CRIVN261002C00018500%2CRIVN261002C00019000%2CRIVN261002C00019500%2CRIVN261002C00020000%2CRIVN261002C00020500%2CRIVN261002C00021000%2CRIVN261002C00021500%2CRIVN261002C00022000%2CRIVN261002C00023000%2CRIVN261002C00024000%2CRIVN261002C00025000%2CRIVN261002C00030000%2CRIVN261002P00005000%2CRIVN261002P00009000%2CRIVN261002P00010000%2CRIVN261002P00010500%2CRIVN261002P00011000%2CRIVN261002P00011500%2CRIVN261002P00012000%2CRIVN261002P00012500%2CRIVN261002P00013000%2CRIVN261002P00013500%2CRIVN261002P00014000%2CRIVN261002P00014500%2CRIVN261002P00015000%2CRIVN261002P00015500%2CRIVN261002P00016000%2CRIVN261002P00016500%2CRIVN261002P00017000%2CRIVN261002P00017500%2CRIVN261002P00018000&greeks=true'
For more information check: https://developer.mozilla.org/en-US/docs/Web/HTTP/Status/401
2026-09-29T11:07:46 | WARNING  | app.scanning.alpaca_confirmer | AlpacaConfirmer: cannot fetch chain for GOOGL 2026-10-02: Client error '401 Unauthorized' for url 'https://api.tradier.com/v1/markets/quotes?symbols=GOOGL261002C00100000%2CGOOGL261002C00105000%2CGOOGL261002C00110000%2CGOOGL261002C00115000%2CGOOGL261002C00120000%2CGOOGL261002C00125000%2CGOOGL261002C00130000%2CGOOGL261002C00135000%2CGOOGL261002C00140000%2CGOOGL261002C00145000%2CGOOGL261002C00150000%2CGOOGL261002C00155000%2CGOOGL261002C00160000%2CGOOGL261002C00165000%2CGOOGL261002C00170000%2CGOOGL261002C00175000%2CGOOGL261002C00180000%2CGOOGL261002C00185000%2CGOOGL261002C00190000%2CGOOGL261002C00195000%2CGOOGL261002C00200000%2CGOOGL261002C00205000%2CGOOGL261002C00210000%2CGOOGL261002C00215000%2CGOOGL261002C00220000%2CGOOGL261002C00225000%2CGOOGL261002C00230000%2CGOOGL261002C00235000%2CGOOGL261002C00240000%2CGOOGL261002C00245000%2CGOOGL261002C00250000%2CGOOGL261002C00255000%2CGOOGL261002C00260000%2CGOOGL261002C00265000%2CGOOGL261002C00270000%2CGOOGL261002C00275000%2CGOOGL261002C00280000%2CGOOGL261002C00285000%2CGOOGL261002C00290000%2CGOOGL261002C00295000%2CGOOGL261002C00300000%2CGOOGL261002C00305000%2CGOOGL261002C00307500%2CGOOGL261002C00310000%2CGOOGL261002C00312500%2CGOOGL261002C00315000%2CGOOGL261002C00317500%2CGOOGL261002C00320000%2CGOOGL261002C00322500%2CGOOGL261002C00325000&greeks=true'
For more information check: https://developer.mozilla.org/en-US/docs/Web/HTTP/Status/401
2026-09-29T11:07:46 | WARNING  | app.scanning.alpaca_confirmer | AlpacaConfirmer: cannot fetch chain for LYFT 2026-10-02: Client error '401 Unauthorized' for url 'https://api.tradier.com/v1/markets/quotes?symbols=LYFT261002C00005000%2CLYFT261002C00008000%2CLYFT261002C00009000%2CLYFT261002C00010000%2CLYFT261002C00010500%2CLYFT261002C00011000%2CLYFT261002C00011500%2CLYFT261002C00012000%2CLYFT261002C00012500%2CLYFT261002C00013000%2CLYFT261002C00013500%2CLYFT261002C00014000%2CLYFT261002C00014500%2CLYFT261002C00015000%2CLYFT261002C00015500%2CLYFT261002C00016000%2CLYFT261002C00016500%2CLYFT261002C00017000%2CLYFT261002C00017500%2CLYFT261002C00018000%2CLYFT261002C00018500%2CLYFT261002C00019000%2CLYFT261002C00019500%2CLYFT261002C00020000%2CLYFT261002C00020500%2CLYFT261002C00021000%2CLYFT261002C00021500%2CLYFT261002C00022000%2CLYFT261002C00023000%2CLYFT261002C00024000%2CLYFT261002C00025000%2CLYFT261002P00005000%2CLYFT261002P00008000%2CLYFT261002P00009000%2CLYFT261002P00010000%2CLYFT261002P00010500%2CLYFT261002P00011000%2CLYFT261002P00011500%2CLYFT261002P00012000%2CLYFT261002P00012500%2CLYFT261002P00013000%2CLYFT261002P00013500%2CLYFT261002P00014000%2CLYFT261002P00014500%2CLYFT261002P00015000%2CLYFT261002P00015500%2CLYFT261002P00016000%2CLYFT261002P00016500%2CLYFT261002P00017000%2CLYFT261002P00017500&greeks=true'
For more information check: https://developer.mozilla.org/en-US/docs/Web/HTTP/Status/401
2026-09-29T11:07:46 | INFO     | session_runner | AlpacaConfirmer: 0 confirmed symbols: []
2026-09-29T11:07:46 | WARNING  | session_runner | Re-scan returned no confirmed symbols — falling back to ['SPY']
2026-09-29T11:07:46 | INFO     | session_runner | Broad-market regime | SPY=short
2026-09-29T11:07:46 | INFO     | session_runner | [bridge:SPY] rsi_trend ready: sufficient bars
2026-09-29T11:07:46 | INFO     | session_runner | Stale signal: SPY/orb age=68 min > max 10 min — skipped
2026-09-29T11:07:46 | INFO     | session_runner | Stale signal: SPY/vwap_reclaim age=78 min > max 10 min — skipped
2026-09-29T11:08:16 | INFO     | session_runner | [cycle 192] 11:08:16 ET | positions=0 | entries=0
2026-09-29T11:08:17 | INFO     | session_runner | [bridge:SPY] rsi_trend ready: sufficient bars
2026-09-29T11:08:17 | INFO     | session_runner | Stale signal: SPY/orb age=68 min > max 10 min — skipped
2026-09-29T11:08:17 | INFO     | session_runner | Stale signal: SPY/vwap_reclaim age=78 min > max 10 min — skipped
2026-09-29T11:08:47 | INFO     | session_runner | [cycle 193] 11:08:47 ET | positions=0 | entries=0
2026-09-29T11:08:47 | INFO     | session_runner | [bridge:SPY] rsi_trend ready: sufficient bars
2026-09-29T11:08:47 | INFO     | session_runner | Stale signal: SPY/orb age=69 min > max 10 min — skipped
2026-09-29T11:08:47 | INFO     | session_runner | Stale signal: SPY/vwap_reclaim age=79 min > max 10 min — skipped
2026-09-29T11:09:17 | INFO     | session_runner | [cycle 194] 11:09:17 ET | positions=0 | entries=0
2026-09-29T11:09:17 | INFO     | session_runner | [bridge:SPY] rsi_trend ready: sufficient bars
2026-09-29T11:09:17 | INFO     | session_runner | Stale signal: SPY/orb age=69 min > max 10 min — skipped
2026-09-29T11:09:17 | INFO     | session_runner | Stale signal: SPY/vwap_reclaim age=79 min > max 10 min — skipped
2026-09-29T11:09:47 | INFO     | session_runner | [cycle 195] 11:09:47 ET | positions=0 | entries=0
2026-09-29T11:09:47 | INFO     | session_runner | [bridge:SPY] rsi_trend ready: sufficient bars
2026-09-29T11:09:47 | INFO     | session_runner | Stale signal: SPY/orb age=70 min > max 10 min — skipped
2026-09-29T11:09:47 | INFO     | session_runner | Stale signal: SPY/vwap_reclaim age=80 min > max 10 min — skipped
2026-09-29T11:10:17 | INFO     | session_runner | [cycle 196] 11:10:17 ET | positions=0 | entries=0
2026-09-29T11:10:18 | INFO     | session_runner | [bridge:SPY] rsi_trend ready: sufficient bars
2026-09-29T11:10:18 | INFO     | session_runner | Stale signal: SPY/orb age=70 min > max 10 min — skipped
2026-09-29T11:10:18 | INFO     | session_runner | Signal quality blocked | SPY/vwap_reclaim score=1.0 < 3.0
2026-09-29T11:10:18 | INFO     | app.evaluation.shadow_book | ShadowBook: v4-20260929-5866-SPY-vwap_reclaim blocked (signal_quality_below_min) but not priceable — signal logged, no simulation
2026-09-29T11:10:18 | INFO     | app.evaluation.shadow_book | ShadowBook: v4-20260929-5867-SPY-vwap_reclaim-inverted blocked (inverted_direction_counterfactual) but not priceable — signal logged, no simulation
2026-09-29T11:10:18 | INFO     | session_runner | Stale signal: SPY/vwap_reclaim age=80 min > max 10 min — skipped
2026-09-29T11:10:48 | INFO     | session_runner | [cycle 197] 11:10:48 ET | positions=0 | entries=0
2026-09-29T11:10:48 | INFO     | session_runner | [bridge:SPY] rsi_trend ready: sufficient bars
2026-09-29T11:10:48 | INFO     | session_runner | Stale signal: SPY/orb age=71 min > max 10 min — skipped
2026-09-29T11:10:48 | INFO     | session_runner | Signal quality blocked | SPY/vwap_reclaim score=1.0 < 3.0
2026-09-29T11:10:48 | INFO     | app.evaluation.shadow_book | ShadowBook: v4-20260929-5868-SPY-vwap_reclaim blocked (signal_quality_below_min) but not priceable — signal logged, no simulation
2026-09-29T11:10:48 | INFO     | session_runner | Stale signal: SPY/vwap_reclaim age=81 min > max 10 min — skipped
2026-09-29T11:11:18 | INFO     | session_runner | [cycle 198] 11:11:18 ET | positions=0 | entries=0
2026-09-29T11:11:19 | INFO     | session_runner | [bridge:SPY] rsi_trend ready: sufficient bars
2026-09-29T11:11:19 | INFO     | session_runner | Stale signal: SPY/orb age=71 min > max 10 min — skipped
2026-09-29T11:11:19 | INFO     | session_runner | Signal quality blocked | SPY/vwap_reclaim score=1.0 < 3.0
2026-09-29T11:11:19 | INFO     | app.evaluation.shadow_book | ShadowBook: v4-20260929-5869-SPY-vwap_reclaim blocked (signal_quality_below_min) but not priceable — signal logged, no simulation
2026-09-29T11:11:19 | INFO     | session_runner | Stale signal: SPY/vwap_reclaim age=81 min > max 10 min — skipped
2026-09-29T11:11:49 | INFO     | session_runner | [cycle 199] 11:11:49 ET | positions=0 | entries=0
2026-09-29T11:11:49 | INFO     | session_runner | [bridge:SPY] rsi_trend ready: sufficient bars
2026-09-29T11:11:49 | INFO     | session_runner | Stale signal: SPY/orb age=72 min > max 10 min — skipped
2026-09-29T11:11:49 | INFO     | session_runner | Signal quality blocked | SPY/vwap_reclaim score=1.0 < 3.0
2026-09-29T11:11:49 | INFO     | app.evaluation.shadow_book | ShadowBook: v4-20260929-5870-SPY-vwap_reclaim blocked (signal_quality_below_min) but not priceable — signal logged, no simulation
2026-09-29T11:11:49 | INFO     | session_runner | Stale signal: SPY/vwap_reclaim age=82 min > max 10 min — skipped
2026-09-29T11:12:19 | INFO     | session_runner | [cycle 200] 11:12:19 ET | positions=0 | entries=0
2026-09-29T11:12:19 | INFO     | session_runner | [bridge:SPY] rsi_trend ready: sufficient bars
2026-09-29T11:12:19 | INFO     | session_runner | Stale signal: SPY/orb age=72 min > max 10 min — skipped
2026-09-29T11:12:19 | INFO     | session_runner | Signal quality blocked | SPY/vwap_reclaim score=1.0 < 3.0
2026-09-29T11:12:19 | INFO     | app.evaluation.shadow_book | ShadowBook: v4-20260929-5871-SPY-vwap_reclaim blocked (signal_quality_below_min) but not priceable — signal logged, no simulation
2026-09-29T11:12:19 | INFO     | session_runner | Stale signal: SPY/vwap_reclaim age=82 min > max 10 min — skipped
2026-09-29T11:12:49 | INFO     | session_runner | [cycle 201] 11:12:49 ET | positions=0 | entries=0
2026-09-29T11:12:50 | INFO     | app.trading.reconciler | Reconciliation done: broker_pos=0 local_pos=0 broker_orders=0 local_pending=0 repaired=0 flagged=0 orders_confirmed=True positions_confirmed=True
2026-09-29T11:12:50 | INFO     | session_runner | Periodic universe re-scan …
2026-09-29T11:12:50 | INFO     | app.scanning.universe_loader | UniverseLoader: loaded 5 groups (13 flat symbols) from config/ticker_universe.yaml (blacklist=0)
2026-09-29T11:12:50 | INFO     | app.scanning.universe_loader | UniverseLoader: 38 symbols from 4 group(s) (blacklist=0)
2026-09-29T11:12:50 | INFO     | session_runner | Universe scan: 38 symbols from 4 group(s) | max_active=6
2026-09-29T11:12:52 | INFO     | session_runner | Scan: 18 passed, 20 rejected
2026-09-29T11:12:52 | INFO     | session_runner |   GOOGL   score=80.0  signal=SHORT    reasons: rvol=1.36x (normal), atr=2.28% (wide-range), orb_breakdown
2026-09-29T11:12:52 | INFO     | session_runner |   RIVN    score=70.0  signal=LONG     reasons: rvol=1.79x (elevated), atr=4.23% (wide-range), orb_breakout
2026-09-29T11:12:52 | INFO     | session_runner |   DKNG    score=65.0  signal=SHORT    reasons: rvol=1.46x (normal), atr=5.31% (wide-range), orb_breakdown
2026-09-29T11:12:52 | INFO     | session_runner |   MSFT    score=63.0  signal=LONG     reasons: rvol=1.29x (normal), atr=2.39% (wide-range), near_orb_level
2026-09-29T11:12:52 | INFO     | session_runner |   XLE     score=62.0  signal=LONG     reasons: rvol=1.41x (normal), atr=1.91% (wide-range), orb_breakout
2026-09-29T11:12:52 | WARNING  | app.scanning.alpaca_confirmer | AlpacaConfirmer: cannot fetch chain for GOOGL 2026-10-02: Client error '401 Unauthorized' for url 'https://api.tradier.com/v1/markets/quotes?symbols=GOOGL261002C00100000%2CGOOGL261002C00105000%2CGOOGL261002C00110000%2CGOOGL261002C00115000%2CGOOGL261002C00120000%2CGOOGL261002C00125000%2CGOOGL261002C00130000%2CGOOGL261002C00135000%2CGOOGL261002C00140000%2CGOOGL261002C00145000%2CGOOGL261002C00150000%2CGOOGL261002C00155000%2CGOOGL261002C00160000%2CGOOGL261002C00165000%2CGOOGL261002C00170000%2CGOOGL261002C00175000%2CGOOGL261002C00180000%2CGOOGL261002C00185000%2CGOOGL261002C00190000%2CGOOGL261002C00195000%2CGOOGL261002C00200000%2CGOOGL261002C00205000%2CGOOGL261002C00210000%2CGOOGL261002C00215000%2CGOOGL261002C00220000%2CGOOGL261002C00225000%2CGOOGL261002C00230000%2CGOOGL261002C00235000%2CGOOGL261002C00240000%2CGOOGL261002C00245000%2CGOOGL261002C00250000%2CGOOGL261002C00255000%2CGOOGL261002C00260000%2CGOOGL261002C00265000%2CGOOGL261002C00270000%2CGOOGL261002C00275000%2CGOOGL261002C00280000%2CGOOGL261002C00285000%2CGOOGL261002C00290000%2CGOOGL261002C00295000%2CGOOGL261002C00300000%2CGOOGL261002C00305000%2CGOOGL261002C00307500%2CGOOGL261002C00310000%2CGOOGL261002C00312500%2CGOOGL261002C00315000%2CGOOGL261002C00317500%2CGOOGL261002C00320000%2CGOOGL261002C00322500%2CGOOGL261002C00325000&greeks=true'
For more information check: https://developer.mozilla.org/en-US/docs/Web/HTTP/Status/401
2026-09-29T11:12:52 | WARNING  | app.scanning.alpaca_confirmer | AlpacaConfirmer: cannot fetch chain for DKNG 2026-10-02: Client error '401 Unauthorized' for url 'https://api.tradier.com/v1/markets/quotes?symbols=DKNG261002C00011000%2CDKNG261002C00012000%2CDKNG261002C00013000%2CDKNG261002C00014000%2CDKNG261002C00015000%2CDKNG261002C00016000%2CDKNG261002C00017000%2CDKNG261002C00018000%2CDKNG261002C00019000%2CDKNG261002C00020000%2CDKNG261002C00020500%2CDKNG261002C00021000%2CDKNG261002C00021500%2CDKNG261002C00022000%2CDKNG261002C00022500%2CDKNG261002C00023000%2CDKNG261002C00023500%2CDKNG261002C00024000%2CDKNG261002C00024500%2CDKNG261002C00025000%2CDKNG261002C00025500%2CDKNG261002C00026000%2CDKNG261002C00026500%2CDKNG261002C00027000%2CDKNG261002C00027500%2CDKNG261002C00028000%2CDKNG261002C00028500%2CDKNG261002C00029000%2CDKNG261002C00030000%2CDKNG261002C00031000%2CDKNG261002C00032000%2CDKNG261002C00033000%2CDKNG261002C00034000%2CDKNG261002C00035000%2CDKNG261002C00036000%2CDKNG261002P00011000%2CDKNG261002P00012000%2CDKNG261002P00013000%2CDKNG261002P00014000%2CDKNG261002P00015000%2CDKNG261002P00016000%2CDKNG261002P00017000%2CDKNG261002P00018000%2CDKNG261002P00019000%2CDKNG261002P00020000%2CDKNG261002P00020500%2CDKNG261002P00021000%2CDKNG261002P00021500%2CDKNG261002P00022000%2CDKNG261002P00022500&greeks=true'
For more information check: https://developer.mozilla.org/en-US/docs/Web/HTTP/Status/401
2026-09-29T11:12:52 | WARNING  | app.scanning.alpaca_confirmer | AlpacaConfirmer: cannot fetch chain for XLF 2026-10-01: Client error '401 Unauthorized' for url 'https://api.tradier.com/v1/markets/quotes?symbols=XLF261001C00041000%2CXLF261001C00042000%2CXLF261001C00043000%2CXLF261001C00044000%2CXLF261001C00045000%2CXLF261001C00046000%2CXLF261001C00047000%2CXLF261001C00048000%2CXLF261001C00049000%2CXLF261001C00050000%2CXLF261001C00050500%2CXLF261001C00051000%2CXLF261001C00051500%2CXLF261001C00052000%2CXLF261001C00052500%2CXLF261001C00053000%2CXLF261001C00053500%2CXLF261001C00054000%2CXLF261001C00054500%2CXLF261001C00055000%2CXLF261001C00055500%2CXLF261001C00056000%2CXLF261001C00056500%2CXLF261001C00057000%2CXLF261001C00057500%2CXLF261001C00058000%2CXLF261001C00058500%2CXLF261001C00059000%2CXLF261001C00059500%2CXLF261001C00060000%2CXLF261001C00060500%2CXLF261001C00061000%2CXLF261001C00061500%2CXLF261001C00062000%2CXLF261001C00062500%2CXLF261001C00063000%2CXLF261001C00063500%2CXLF261001C00064000%2CXLF261001C00064500%2CXLF261001C00065000%2CXLF261001C00066000%2CXLF261001C00067000%2CXLF261001C00068000%2CXLF261001C00069000%2CXLF261001C00070000%2CXLF261001C00071000%2CXLF261001C00072000%2CXLF261001C00073000%2CXLF261001C00074000%2CXLF261001P00041000&greeks=true'
For more information check: https://developer.mozilla.org/en-US/docs/Web/HTTP/Status/401
2026-09-29T11:12:52 | WARNING  | app.scanning.alpaca_confirmer | AlpacaConfirmer: cannot fetch chain for SPY 2026-10-01: Client error '401 Unauthorized' for url 'https://api.tradier.com/v1/markets/quotes?symbols=SPY261001C00550000%2CSPY261001C00555000%2CSPY261001C00560000%2CSPY261001C00565000%2CSPY261001C00570000%2CSPY261001C00575000%2CSPY261001C00580000%2CSPY261001C00585000%2CSPY261001C00590000%2CSPY261001C00595000%2CSPY261001C00600000%2CSPY261001C00605000%2CSPY261001C00610000%2CSPY261001C00615000%2CSPY261001C00620000%2CSPY261001C00625000%2CSPY261001C00630000%2CSPY261001C00635000%2CSPY261001C00640000%2CSPY261001C00645000%2CSPY261001C00650000%2CSPY261001C00655000%2CSPY261001C00660000%2CSPY261001C00665000%2CSPY261001C00670000%2CSPY261001C00675000%2CSPY261001C00680000%2CSPY261001C00685000%2CSPY261001C00690000%2CSPY261001C00695000%2CSPY261001C00700000%2CSPY261001C00705000%2CSPY261001C00710000%2CSPY261001C00715000%2CSPY261001C00718000%2CSPY261001C00719000%2CSPY261001C00720000%2CSPY261001C00721000%2CSPY261001C00722000%2CSPY261001C00723000%2CSPY261001C00724000%2CSPY261001C00725000%2CSPY261001C00726000%2CSPY261001C00727000%2CSPY261001C00728000%2CSPY261001C00729000%2CSPY261001C00730000%2CSPY261001C00731000%2CSPY261001C00732000%2CSPY261001C00733000&greeks=true'
For more information check: https://developer.mozilla.org/en-US/docs/Web/HTTP/Status/401
2026-09-29T11:12:52 | WARNING  | app.scanning.alpaca_confirmer | AlpacaConfirmer: cannot fetch chain for LYFT 2026-10-02: Client error '401 Unauthorized' for url 'https://api.tradier.com/v1/markets/quotes?symbols=LYFT261002C00005000%2CLYFT261002C00008000%2CLYFT261002C00009000%2CLYFT261002C00010000%2CLYFT261002C00010500%2CLYFT261002C00011000%2CLYFT261002C00011500%2CLYFT261002C00012000%2CLYFT261002C00012500%2CLYFT261002C00013000%2CLYFT261002C00013500%2CLYFT261002C00014000%2CLYFT261002C00014500%2CLYFT261002C00015000%2CLYFT261002C00015500%2CLYFT261002C00016000%2CLYFT261002C00016500%2CLYFT261002C00017000%2CLYFT261002C00017500%2CLYFT261002C00018000%2CLYFT261002C00018500%2CLYFT261002C00019000%2CLYFT261002C00019500%2CLYFT261002C00020000%2CLYFT261002C00020500%2CLYFT261002C00021000%2CLYFT261002C00021500%2CLYFT261002C00022000%2CLYFT261002C00023000%2CLYFT261002C00024000%2CLYFT261002C00025000%2CLYFT261002P00005000%2CLYFT261002P00008000%2CLYFT261002P00009000%2CLYFT261002P00010000%2CLYFT261002P00010500%2CLYFT261002P00011000%2CLYFT261002P00011500%2CLYFT261002P00012000%2CLYFT261002P00012500%2CLYFT261002P00013000%2CLYFT261002P00013500%2CLYFT261002P00014000%2CLYFT261002P00014500%2CLYFT261002P00015000%2CLYFT261002P00015500%2CLYFT261002P00016000%2CLYFT261002P00016500%2CLYFT261002P00017000%2CLYFT261002P00017500&greeks=true'
For more information check: https://developer.mozilla.org/en-US/docs/Web/HTTP/Status/401
2026-09-29T11:12:52 | WARNING  | app.scanning.alpaca_confirmer | AlpacaConfirmer: cannot fetch chain for AVGO 2026-10-02: Client error '401 Unauthorized' for url 'https://api.tradier.com/v1/markets/quotes?symbols=AVGO261002C00210000%2CAVGO261002C00215000%2CAVGO261002C00220000%2CAVGO261002C00225000%2CAVGO261002C00230000%2CAVGO261002C00235000%2CAVGO261002C00240000%2CAVGO261002C00245000%2CAVGO261002C00250000%2CAVGO261002C00255000%2CAVGO261002C00260000%2CAVGO261002C00265000%2CAVGO261002C00270000%2CAVGO261002C00275000%2CAVGO261002C00280000%2CAVGO261002C00285000%2CAVGO261002C00290000%2CAVGO261002C00295000%2CAVGO261002C00297500%2CAVGO261002C00300000%2CAVGO261002C00302500%2CAVGO261002C00305000%2CAVGO261002C00307500%2CAVGO261002C00310000%2CAVGO261002C00312500%2CAVGO261002C00315000%2CAVGO261002C00317500%2CAVGO261002C00320000%2CAVGO261002C00322500%2CAVGO261002C00325000%2CAVGO261002C00327500%2CAVGO261002C00330000%2CAVGO261002C00332500%2CAVGO261002C00335000%2CAVGO261002C00337500%2CAVGO261002C00340000%2CAVGO261002C00342500%2CAVGO261002C00345000%2CAVGO261002C00347500%2CAVGO261002C00350000%2CAVGO261002C00352500%2CAVGO261002C00355000%2CAVGO261002C00357500%2CAVGO261002C00360000%2CAVGO261002C00362500%2CAVGO261002C00365000%2CAVGO261002C00367500%2CAVGO261002C00370000%2CAVGO261002C00372500%2CAVGO261002C00375000&greeks=true'
For more information check: https://developer.mozilla.org/en-US/docs/Web/HTTP/Status/401
2026-09-29T11:12:53 | WARNING  | app.scanning.alpaca_confirmer | AlpacaConfirmer: cannot fetch chain for RIVN 2026-10-02: Client error '401 Unauthorized' for url 'https://api.tradier.com/v1/markets/quotes?symbols=RIVN261002C00005000%2CRIVN261002C00009000%2CRIVN261002C00010000%2CRIVN261002C00010500%2CRIVN261002C00011000%2CRIVN261002C00011500%2CRIVN261002C00012000%2CRIVN261002C00012500%2CRIVN261002C00013000%2CRIVN261002C00013500%2CRIVN261002C00014000%2CRIVN261002C00014500%2CRIVN261002C00015000%2CRIVN261002C00015500%2CRIVN261002C00016000%2CRIVN261002C00016500%2CRIVN261002C00017000%2CRIVN261002C00017500%2CRIVN261002C00018000%2CRIVN261002C00018500%2CRIVN261002C00019000%2CRIVN261002C00019500%2CRIVN261002C00020000%2CRIVN261002C00020500%2CRIVN261002C00021000%2CRIVN261002C00021500%2CRIVN261002C00022000%2CRIVN261002C00023000%2CRIVN261002C00024000%2CRIVN261002C00025000%2CRIVN261002C00030000%2CRIVN261002P00005000%2CRIVN261002P00009000%2CRIVN261002P00010000%2CRIVN261002P00010500%2CRIVN261002P00011000%2CRIVN261002P00011500%2CRIVN261002P00012000%2CRIVN261002P00012500%2CRIVN261002P00013000%2CRIVN261002P00013500%2CRIVN261002P00014000%2CRIVN261002P00014500%2CRIVN261002P00015000%2CRIVN261002P00015500%2CRIVN261002P00016000%2CRIVN261002P00016500%2CRIVN261002P00017000%2CRIVN261002P00017500%2CRIVN261002P00018000&greeks=true'
For more information check: https://developer.mozilla.org/en-US/docs/Web/HTTP/Status/401
2026-09-29T11:12:53 | WARNING  | app.scanning.alpaca_confirmer | AlpacaConfirmer: cannot fetch chain for HOOD 2026-10-02: Client error '401 Unauthorized' for url 'https://api.tradier.com/v1/markets/quotes?symbols=HOOD261002C00025000%2CHOOD261002C00030000%2CHOOD261002C00035000%2CHOOD261002C00040000%2CHOOD261002C00045000%2CHOOD261002C00050000%2CHOOD261002C00055000%2CHOOD261002C00060000%2CHOOD261002C00065000%2CHOOD261002C00070000%2CHOOD261002C00075000%2CHOOD261002C00080000%2CHOOD261002C00082000%2CHOOD261002C00083000%2CHOOD261002C00084000%2CHOOD261002C00085000%2CHOOD261002C00086000%2CHOOD261002C00087000%2CHOOD261002C00088000%2CHOOD261002C00089000%2CHOOD261002C00090000%2CHOOD261002C00091000%2CHOOD261002C00092000%2CHOOD261002C00093000%2CHOOD261002C00094000%2CHOOD261002C00095000%2CHOOD261002C00096000%2CHOOD261002C00097000%2CHOOD261002C00098000%2CHOOD261002C00099000%2CHOOD261002C00100000%2CHOOD261002C00101000%2CHOOD261002C00102000%2CHOOD261002C00103000%2CHOOD261002C00104000%2CHOOD261002C00105000%2CHOOD261002C00106000%2CHOOD261002C00107000%2CHOOD261002C00108000%2CHOOD261002C00109000%2CHOOD261002C00110000%2CHOOD261002C00111000%2CHOOD261002C00112000%2CHOOD261002C00113000%2CHOOD261002C00114000%2CHOOD261002C00115000%2CHOOD261002C00116000%2CHOOD261002C00117000%2CHOOD261002C00118000%2CHOOD261002C00119000&greeks=true'
For more information check: https://developer.mozilla.org/en-US/docs/Web/HTTP/Status/401
2026-09-29T11:12:53 | WARNING  | app.scanning.alpaca_confirmer | AlpacaConfirmer: cannot fetch chain for XLE 2026-10-02: Client error '401 Unauthorized' for url 'https://api.tradier.com/v1/markets/quotes?symbols=XLE261002C00035000%2CXLE261002C00040000%2CXLE261002C00045000%2CXLE261002C00048000%2CXLE261002C00049000%2CXLE261002C00050000%2CXLE261002C00051000%2CXLE261002C00052000%2CXLE261002C00053000%2CXLE261002C00054000%2CXLE261002C00054500%2CXLE261002C00055000%2CXLE261002C00055500%2CXLE261002C00056000%2CXLE261002C00056500%2CXLE261002C00057000%2CXLE261002C00057500%2CXLE261002C00058000%2CXLE261002C00058500%2CXLE261002C00059000%2CXLE261002C00059500%2CXLE261002C00060000%2CXLE261002C00060500%2CXLE261002C00061000%2CXLE261002C00061500%2CXLE261002C00062000%2CXLE261002C00062500%2CXLE261002C00063000%2CXLE261002C00063500%2CXLE261002C00064000%2CXLE261002C00064500%2CXLE261002C00065000%2CXLE261002C00065500%2CXLE261002C00066000%2CXLE261002C00066500%2CXLE261002C00067000%2CXLE261002C00068000%2CXLE261002C00068500%2CXLE261002C00069000%2CXLE261002C00070000%2CXLE261002C00071000%2CXLE261002C00075000%2CXLE261002C00080000%2CXLE261002P00035000%2CXLE261002P00040000%2CXLE261002P00045000%2CXLE261002P00048000%2CXLE261002P00049000%2CXLE261002P00050000%2CXLE261002P00051000&greeks=true'
For more information check: https://developer.mozilla.org/en-US/docs/Web/HTTP/Status/401
2026-09-29T11:12:53 | WARNING  | app.scanning.alpaca_confirmer | AlpacaConfirmer: cannot fetch chain for IWM 2026-10-01: Client error '401 Unauthorized' for url 'https://api.tradier.com/v1/markets/quotes?symbols=IWM261001C00180000%2CIWM261001C00190000%2CIWM261001C00200000%2CIWM261001C00205000%2CIWM261001C00210000%2CIWM261001C00215000%2CIWM261001C00220000%2CIWM261001C00225000%2CIWM261001C00230000%2CIWM261001C00235000%2CIWM261001C00240000%2CIWM261001C00245000%2CIWM261001C00250000%2CIWM261001C00255000%2CIWM261001C00260000%2CIWM261001C00261000%2CIWM261001C00262000%2CIWM261001C00263000%2CIWM261001C00264000%2CIWM261001C00265000%2CIWM261001C00266000%2CIWM261001C00267000%2CIWM261001C00268000%2CIWM261001C00269000%2CIWM261001C00270000%2CIWM261001C00271000%2CIWM261001C00272000%2CIWM261001C00273000%2CIWM261001C00274000%2CIWM261001C00275000%2CIWM261001C00276000%2CIWM261001C00277000%2CIWM261001C00278000%2CIWM261001C00279000%2CIWM261001C00280000%2CIWM261001C00281000%2CIWM261001C00282000%2CIWM261001C00283000%2CIWM261001C00284000%2CIWM261001C00285000%2CIWM261001C00286000%2CIWM261001C00287000%2CIWM261001C00288000%2CIWM261001C00289000%2CIWM261001C00290000%2CIWM261001C00291000%2CIWM261001C00292000%2CIWM261001C00293000%2CIWM261001C00294000%2CIWM261001C00295000&greeks=true'
For more information check: https://developer.mozilla.org/en-US/docs/Web/HTTP/Status/401
2026-09-29T11:12:53 | WARNING  | app.scanning.alpaca_confirmer | AlpacaConfirmer: cannot fetch chain for AAPL 2026-10-02: Client error '401 Unauthorized' for url 'https://api.tradier.com/v1/markets/quotes?symbols=AAPL261002C00110000%2CAAPL261002C00120000%2CAAPL261002C00125000%2CAAPL261002C00130000%2CAAPL261002C00135000%2CAAPL261002C00140000%2CAAPL261002C00145000%2CAAPL261002C00150000%2CAAPL261002C00155000%2CAAPL261002C00160000%2CAAPL261002C00165000%2CAAPL261002C00170000%2CAAPL261002C00175000%2CAAPL261002C00180000%2CAAPL261002C00185000%2CAAPL261002C00190000%2CAAPL261002C00195000%2CAAPL261002C00200000%2CAAPL261002C00205000%2CAAPL261002C00210000%2CAAPL261002C00215000%2CAAPL261002C00220000%2CAAPL261002C00225000%2CAAPL261002C00230000%2CAAPL261002C00235000%2CAAPL261002C00240000%2CAAPL261002C00245000%2CAAPL261002C00250000%2CAAPL261002C00255000%2CAAPL261002C00260000%2CAAPL261002C00265000%2CAAPL261002C00270000%2CAAPL261002C00275000%2CAAPL261002C00280000%2CAAPL261002C00285000%2CAAPL261002C00290000%2CAAPL261002C00295000%2CAAPL261002C00297500%2CAAPL261002C00300000%2CAAPL261002C00302500%2CAAPL261002C00305000%2CAAPL261002C00307500%2CAAPL261002C00310000%2CAAPL261002C00312500%2CAAPL261002C00315000%2CAAPL261002C00317500%2CAAPL261002C00320000%2CAAPL261002C00322500%2CAAPL261002C00325000%2CAAPL261002C00327500&greeks=true'
For more information check: https://developer.mozilla.org/en-US/docs/Web/HTTP/Status/401
2026-09-29T11:12:53 | WARNING  | app.scanning.alpaca_confirmer | AlpacaConfirmer: cannot fetch chain for MSFT 2026-10-02: Client error '401 Unauthorized' for url 'https://api.tradier.com/v1/markets/quotes?symbols=MSFT261002C00270000%2CMSFT261002C00280000%2CMSFT261002C00290000%2CMSFT261002C00300000%2CMSFT261002C00305000%2CMSFT261002C00310000%2CMSFT261002C00315000%2CMSFT261002C00320000%2CMSFT261002C00325000%2CMSFT261002C00330000%2CMSFT261002C00335000%2CMSFT261002C00340000%2CMSFT261002C00345000%2CMSFT261002C00350000%2CMSFT261002C00355000%2CMSFT261002C00360000%2CMSFT261002C00365000%2CMSFT261002C00370000%2CMSFT261002C00375000%2CMSFT261002C00380000%2CMSFT261002C00385000%2CMSFT261002C00390000%2CMSFT261002C00395000%2CMSFT261002C00400000%2CMSFT261002C00405000%2CMSFT261002C00410000%2CMSFT261002C00415000%2CMSFT261002C00420000%2CMSFT261002C00425000%2CMSFT261002C00430000%2CMSFT261002C00435000%2CMSFT261002C00437500%2CMSFT261002C00440000%2CMSFT261002C00442500%2CMSFT261002C00445000%2CMSFT261002C00447500%2CMSFT261002C00450000%2CMSFT261002C00452500%2CMSFT261002C00455000%2CMSFT261002C00457500%2CMSFT261002C00460000%2CMSFT261002C00462500%2CMSFT261002C00465000%2CMSFT261002C00467500%2CMSFT261002C00470000%2CMSFT261002C00472500%2CMSFT261002C00475000%2CMSFT261002C00477500%2CMSFT261002C00480000%2CMSFT261002C00482500&greeks=true'
For more information check: https://developer.mozilla.org/en-US/docs/Web/HTTP/Status/401
2026-09-29T11:12:53 | INFO     | session_runner | AlpacaConfirmer: 0 confirmed symbols: []
2026-09-29T11:12:53 | WARNING  | session_runner | Re-scan returned no confirmed symbols — falling back to ['SPY']
2026-09-29T11:12:53 | INFO     | session_runner | Broad-market regime | SPY=short
2026-09-29T11:12:53 | INFO     | session_runner | [bridge:SPY] rsi_trend ready: sufficient bars
2026-09-29T11:12:53 | INFO     | session_runner | Stale signal: SPY/orb age=73 min > max 10 min — skipped
2026-09-29T11:12:53 | INFO     | session_runner | Signal quality blocked | SPY/vwap_reclaim score=1.0 < 3.0
2026-09-29T11:12:53 | INFO     | app.evaluation.shadow_book | ShadowBook: v4-20260929-5872-SPY-vwap_reclaim blocked (signal_quality_below_min) but not priceable — signal logged, no simulation
2026-09-29T11:12:53 | INFO     | session_runner | Stale signal: SPY/vwap_reclaim age=83 min > max 10 min — skipped
2026-09-29T11:13:23 | INFO     | session_runner | [cycle 202] 11:13:23 ET | positions=0 | entries=0
2026-09-29T11:13:23 | INFO     | session_runner | [bridge:SPY] rsi_trend ready: sufficient bars
2026-09-29T11:13:23 | INFO     | session_runner | Stale signal: SPY/orb age=73 min > max 10 min — skipped
2026-09-29T11:13:23 | INFO     | session_runner | Signal quality blocked | SPY/vwap_reclaim score=1.0 < 3.0
2026-09-29T11:13:23 | INFO     | app.evaluation.shadow_book | ShadowBook: v4-20260929-5873-SPY-vwap_reclaim blocked (signal_quality_below_min) but not priceable — signal logged, no simulation
2026-09-29T11:13:23 | INFO     | session_runner | Stale signal: SPY/vwap_reclaim age=83 min > max 10 min — skipped
2026-09-29T11:13:53 | INFO     | session_runner | [cycle 203] 11:13:53 ET | positions=0 | entries=0
2026-09-29T11:13:53 | INFO     | session_runner | [bridge:SPY] rsi_trend ready: sufficient bars
2026-09-29T11:13:53 | INFO     | session_runner | Stale signal: SPY/orb age=74 min > max 10 min — skipped
2026-09-29T11:13:53 | INFO     | session_runner | Signal quality blocked | SPY/vwap_reclaim score=1.0 < 3.0
2026-09-29T11:13:53 | INFO     | app.evaluation.shadow_book | ShadowBook: v4-20260929-5874-SPY-vwap_reclaim blocked (signal_quality_below_min) but not priceable — signal logged, no simulation
2026-09-29T11:13:53 | INFO     | session_runner | Stale signal: SPY/vwap_reclaim age=84 min > max 10 min — skipped
2026-09-29T11:14:23 | INFO     | session_runner | [cycle 204] 11:14:23 ET | positions=0 | entries=0
2026-09-29T11:14:24 | INFO     | session_runner | [bridge:SPY] rsi_trend ready: sufficient bars
2026-09-29T11:14:24 | INFO     | session_runner | Stale signal: SPY/orb age=74 min > max 10 min — skipped
2026-09-29T11:14:24 | INFO     | session_runner | Signal quality blocked | SPY/vwap_reclaim score=1.0 < 3.0
2026-09-29T11:14:24 | INFO     | app.evaluation.shadow_book | ShadowBook: v4-20260929-5875-SPY-vwap_reclaim blocked (signal_quality_below_min) but not priceable — signal logged, no simulation
2026-09-29T11:14:24 | INFO     | session_runner | Stale signal: SPY/vwap_reclaim age=84 min > max 10 min — skipped
2026-09-29T11:14:54 | INFO     | session_runner | [cycle 205] 11:14:54 ET | positions=0 | entries=0
2026-09-29T11:14:54 | INFO     | session_runner | [bridge:SPY] rsi_trend ready: sufficient bars
2026-09-29T11:14:54 | INFO     | session_runner | Stale signal: SPY/orb age=75 min > max 10 min — skipped
2026-09-29T11:14:54 | INFO     | session_runner | Signal quality blocked | SPY/vwap_reclaim score=1.0 < 3.0
2026-09-29T11:14:54 | INFO     | app.evaluation.shadow_book | ShadowBook: v4-20260929-5876-SPY-vwap_reclaim blocked (signal_quality_below_min) but not priceable — signal logged, no simulation
2026-09-29T11:14:54 | INFO     | session_runner | Stale signal: SPY/vwap_reclaim age=85 min > max 10 min — skipped
2026-09-29T11:15:24 | INFO     | session_runner | [cycle 206] 11:15:24 ET | positions=0 | entries=0
2026-09-29T11:15:24 | INFO     | session_runner | [bridge:SPY] rsi_trend ready: sufficient bars
2026-09-29T11:15:24 | INFO     | session_runner | Stale signal: SPY/vwap_reclaim age=10 min > max 10 min — skipped
2026-09-29T11:15:24 | INFO     | session_runner | Stale signal: SPY/orb age=75 min > max 10 min — skipped
2026-09-29T11:15:24 | INFO     | session_runner | Stale signal: SPY/vwap_reclaim age=85 min > max 10 min — skipped
2026-09-29T11:15:54 | INFO     | session_runner | [cycle 207] 11:15:54 ET | positions=0 | entries=0
2026-09-29T11:15:55 | INFO     | session_runner | [bridge:SPY] rsi_trend ready: sufficient bars
2026-09-29T11:15:55 | INFO     | session_runner | Stale signal: SPY/vwap_reclaim age=11 min > max 10 min — skipped
2026-09-29T11:15:55 | INFO     | session_runner | Stale signal: SPY/orb age=76 min > max 10 min — skipped
2026-09-29T11:15:55 | INFO     | session_runner | Stale signal: SPY/vwap_reclaim age=86 min > max 10 min — skipped
2026-09-29T11:16:25 | INFO     | session_runner | [cycle 208] 11:16:25 ET | positions=0 | entries=0
2026-09-29T11:16:25 | INFO     | session_runner | [bridge:SPY] rsi_trend ready: sufficient bars
2026-09-29T11:16:25 | INFO     | session_runner | Stale signal: SPY/vwap_reclaim age=11 min > max 10 min — skipped
2026-09-29T11:16:25 | INFO     | session_runner | Stale signal: SPY/orb age=76 min > max 10 min — skipped
2026-09-29T11:16:25 | INFO     | session_runner | Stale signal: SPY/vwap_reclaim age=86 min > max 10 min — skipped
2026-09-29T11:16:55 | INFO     | session_runner | [cycle 209] 11:16:55 ET | positions=0 | entries=0
2026-09-29T11:16:55 | INFO     | session_runner | [bridge:SPY] rsi_trend ready: sufficient bars
2026-09-29T11:16:55 | INFO     | session_runner | Stale signal: SPY/vwap_reclaim age=12 min > max 10 min — skipped
2026-09-29T11:16:55 | INFO     | session_runner | Stale signal: SPY/orb age=77 min > max 10 min — skipped
2026-09-29T11:16:55 | INFO     | session_runner | Stale signal: SPY/vwap_reclaim age=87 min > max 10 min — skipped
2026-09-29T11:17:25 | INFO     | session_runner | [cycle 210] 11:17:25 ET | positions=0 | entries=0
2026-09-29T11:17:25 | INFO     | session_runner | [bridge:SPY] rsi_trend ready: sufficient bars
2026-09-29T11:17:25 | INFO     | session_runner | Stale signal: SPY/vwap_reclaim age=12 min > max 10 min — skipped
2026-09-29T11:17:25 | INFO     | session_runner | Stale signal: SPY/orb age=77 min > max 10 min — skipped
2026-09-29T11:17:25 | INFO     | session_runner | Stale signal: SPY/vwap_reclaim age=87 min > max 10 min — skipped
2026-09-29T11:17:55 | INFO     | session_runner | [cycle 211] 11:17:55 ET | positions=0 | entries=0
2026-09-29T11:17:55 | INFO     | session_runner | Periodic universe re-scan …
2026-09-29T11:17:55 | INFO     | app.scanning.universe_loader | UniverseLoader: loaded 5 groups (13 flat symbols) from config/ticker_universe.yaml (blacklist=0)
2026-09-29T11:17:55 | INFO     | app.scanning.universe_loader | UniverseLoader: 38 symbols from 4 group(s) (blacklist=0)
2026-09-29T11:17:55 | INFO     | session_runner | Universe scan: 38 symbols from 4 group(s) | max_active=6
2026-09-29T11:17:58 | INFO     | session_runner | Scan: 20 passed, 18 rejected
2026-09-29T11:17:58 | INFO     | session_runner |   GOOGL   score=80.0  signal=SHORT    reasons: rvol=1.34x (normal), atr=2.28% (wide-range), orb_breakdown
2026-09-29T11:17:58 | INFO     | session_runner |   MSFT    score=75.0  signal=LONG     reasons: rvol=1.26x (normal), atr=2.39% (wide-range), orb_breakout
2026-09-29T11:17:58 | INFO     | session_runner |   RIVN    score=70.0  signal=LONG     reasons: rvol=1.78x (elevated), atr=4.20% (wide-range), orb_breakout
2026-09-29T11:17:58 | INFO     | session_runner |   DKNG    score=65.0  signal=SHORT    reasons: rvol=1.43x (normal), atr=5.36% (wide-range), orb_breakdown
2026-09-29T11:17:58 | INFO     | session_runner |   XLE     score=62.0  signal=LONG     reasons: rvol=1.37x (normal), atr=1.91% (wide-range), orb_breakout
2026-09-29T11:17:58 | WARNING  | app.scanning.alpaca_confirmer | AlpacaConfirmer: cannot fetch chain for DKNG 2026-10-02: Client error '401 Unauthorized' for url 'https://api.tradier.com/v1/markets/quotes?symbols=DKNG261002C00011000%2CDKNG261002C00012000%2CDKNG261002C00013000%2CDKNG261002C00014000%2CDKNG261002C00015000%2CDKNG261002C00016000%2CDKNG261002C00017000%2CDKNG261002C00018000%2CDKNG261002C00019000%2CDKNG261002C00020000%2CDKNG261002C00020500%2CDKNG261002C00021000%2CDKNG261002C00021500%2CDKNG261002C00022000%2CDKNG261002C00022500%2CDKNG261002C00023000%2CDKNG261002C00023500%2CDKNG261002C00024000%2CDKNG261002C00024500%2CDKNG261002C00025000%2CDKNG261002C00025500%2CDKNG261002C00026000%2CDKNG261002C00026500%2CDKNG261002C00027000%2CDKNG261002C00027500%2CDKNG261002C00028000%2CDKNG261002C00028500%2CDKNG261002C00029000%2CDKNG261002C00030000%2CDKNG261002C00031000%2CDKNG261002C00032000%2CDKNG261002C00033000%2CDKNG261002C00034000%2CDKNG261002C00035000%2CDKNG261002C00036000%2CDKNG261002P00011000%2CDKNG261002P00012000%2CDKNG261002P00013000%2CDKNG261002P00014000%2CDKNG261002P00015000%2CDKNG261002P00016000%2CDKNG261002P00017000%2CDKNG261002P00018000%2CDKNG261002P00019000%2CDKNG261002P00020000%2CDKNG261002P00020500%2CDKNG261002P00021000%2CDKNG261002P00021500%2CDKNG261002P00022000%2CDKNG261002P00022500&greeks=true'
For more information check: https://developer.mozilla.org/en-US/docs/Web/HTTP/Status/401
2026-09-29T11:17:59 | WARNING  | app.scanning.alpaca_confirmer | AlpacaConfirmer: cannot fetch chain for RIVN 2026-10-02: Client error '401 Unauthorized' for url 'https://api.tradier.com/v1/markets/quotes?symbols=RIVN261002C00005000%2CRIVN261002C00009000%2CRIVN261002C00010000%2CRIVN261002C00010500%2CRIVN261002C00011000%2CRIVN261002C00011500%2CRIVN261002C00012000%2CRIVN261002C00012500%2CRIVN261002C00013000%2CRIVN261002C00013500%2CRIVN261002C00014000%2CRIVN261002C00014500%2CRIVN261002C00015000%2CRIVN261002C00015500%2CRIVN261002C00016000%2CRIVN261002C00016500%2CRIVN261002C00017000%2CRIVN261002C00017500%2CRIVN261002C00018000%2CRIVN261002C00018500%2CRIVN261002C00019000%2CRIVN261002C00019500%2CRIVN261002C00020000%2CRIVN261002C00020500%2CRIVN261002C00021000%2CRIVN261002C00021500%2CRIVN261002C00022000%2CRIVN261002C00023000%2CRIVN261002C00024000%2CRIVN261002C00025000%2CRIVN261002C00030000%2CRIVN261002P00005000%2CRIVN261002P00009000%2CRIVN261002P00010000%2CRIVN261002P00010500%2CRIVN261002P00011000%2CRIVN261002P00011500%2CRIVN261002P00012000%2CRIVN261002P00012500%2CRIVN261002P00013000%2CRIVN261002P00013500%2CRIVN261002P00014000%2CRIVN261002P00014500%2CRIVN261002P00015000%2CRIVN261002P00015500%2CRIVN261002P00016000%2CRIVN261002P00016500%2CRIVN261002P00017000%2CRIVN261002P00017500%2CRIVN261002P00018000&greeks=true'
For more information check: https://developer.mozilla.org/en-US/docs/Web/HTTP/Status/401
2026-09-29T11:17:59 | WARNING  | app.scanning.alpaca_confirmer | AlpacaConfirmer: cannot fetch chain for HOOD 2026-10-02: Client error '401 Unauthorized' for url 'https://api.tradier.com/v1/markets/quotes?symbols=HOOD261002C00025000%2CHOOD261002C00030000%2CHOOD261002C00035000%2CHOOD261002C00040000%2CHOOD261002C00045000%2CHOOD261002C00050000%2CHOOD261002C00055000%2CHOOD261002C00060000%2CHOOD261002C00065000%2CHOOD261002C00070000%2CHOOD261002C00075000%2CHOOD261002C00080000%2CHOOD261002C00082000%2CHOOD261002C00083000%2CHOOD261002C00084000%2CHOOD261002C00085000%2CHOOD261002C00086000%2CHOOD261002C00087000%2CHOOD261002C00088000%2CHOOD261002C00089000%2CHOOD261002C00090000%2CHOOD261002C00091000%2CHOOD261002C00092000%2CHOOD261002C00093000%2CHOOD261002C00094000%2CHOOD261002C00095000%2CHOOD261002C00096000%2CHOOD261002C00097000%2CHOOD261002C00098000%2CHOOD261002C00099000%2CHOOD261002C00100000%2CHOOD261002C00101000%2CHOOD261002C00102000%2CHOOD261002C00103000%2CHOOD261002C00104000%2CHOOD261002C00105000%2CHOOD261002C00106000%2CHOOD261002C00107000%2CHOOD261002C00108000%2CHOOD261002C00109000%2CHOOD261002C00110000%2CHOOD261002C00111000%2CHOOD261002C00112000%2CHOOD261002C00113000%2CHOOD261002C00114000%2CHOOD261002C00115000%2CHOOD261002C00116000%2CHOOD261002C00117000%2CHOOD261002C00118000%2CHOOD261002C00119000&greeks=true'
For more information check: https://developer.mozilla.org/en-US/docs/Web/HTTP/Status/401
2026-09-29T11:17:59 | WARNING  | app.scanning.alpaca_confirmer | AlpacaConfirmer: cannot fetch chain for SPY 2026-10-01: Client error '401 Unauthorized' for url 'https://api.tradier.com/v1/markets/quotes?symbols=SPY261001C00550000%2CSPY261001C00555000%2CSPY261001C00560000%2CSPY261001C00565000%2CSPY261001C00570000%2CSPY261001C00575000%2CSPY261001C00580000%2CSPY261001C00585000%2CSPY261001C00590000%2CSPY261001C00595000%2CSPY261001C00600000%2CSPY261001C00605000%2CSPY261001C00610000%2CSPY261001C00615000%2CSPY261001C00620000%2CSPY261001C00625000%2CSPY261001C00630000%2CSPY261001C00635000%2CSPY261001C00640000%2CSPY261001C00645000%2CSPY261001C00650000%2CSPY261001C00655000%2CSPY261001C00660000%2CSPY261001C00665000%2CSPY261001C00670000%2CSPY261001C00675000%2CSPY261001C00680000%2CSPY261001C00685000%2CSPY261001C00690000%2CSPY261001C00695000%2CSPY261001C00700000%2CSPY261001C00705000%2CSPY261001C00710000%2CSPY261001C00715000%2CSPY261001C00718000%2CSPY261001C00719000%2CSPY261001C00720000%2CSPY261001C00721000%2CSPY261001C00722000%2CSPY261001C00723000%2CSPY261001C00724000%2CSPY261001C00725000%2CSPY261001C00726000%2CSPY261001C00727000%2CSPY261001C00728000%2CSPY261001C00729000%2CSPY261001C00730000%2CSPY261001C00731000%2CSPY261001C00732000%2CSPY261001C00733000&greeks=true'
For more information check: https://developer.mozilla.org/en-US/docs/Web/HTTP/Status/401
2026-09-29T11:17:59 | WARNING  | app.scanning.alpaca_confirmer | AlpacaConfirmer: cannot fetch chain for AVGO 2026-10-02: Client error '401 Unauthorized' for url 'https://api.tradier.com/v1/markets/quotes?symbols=AVGO261002C00210000%2CAVGO261002C00215000%2CAVGO261002C00220000%2CAVGO261002C00225000%2CAVGO261002C00230000%2CAVGO261002C00235000%2CAVGO261002C00240000%2CAVGO261002C00245000%2CAVGO261002C00250000%2CAVGO261002C00255000%2CAVGO261002C00260000%2CAVGO261002C00265000%2CAVGO261002C00270000%2CAVGO261002C00275000%2CAVGO261002C00280000%2CAVGO261002C00285000%2CAVGO261002C00290000%2CAVGO261002C00295000%2CAVGO261002C00297500%2CAVGO261002C00300000%2CAVGO261002C00302500%2CAVGO261002C00305000%2CAVGO261002C00307500%2CAVGO261002C00310000%2CAVGO261002C00312500%2CAVGO261002C00315000%2CAVGO261002C00317500%2CAVGO261002C00320000%2CAVGO261002C00322500%2CAVGO261002C00325000%2CAVGO261002C00327500%2CAVGO261002C00330000%2CAVGO261002C00332500%2CAVGO261002C00335000%2CAVGO261002C00337500%2CAVGO261002C00340000%2CAVGO261002C00342500%2CAVGO261002C00345000%2CAVGO261002C00347500%2CAVGO261002C00350000%2CAVGO261002C00352500%2CAVGO261002C00355000%2CAVGO261002C00357500%2CAVGO261002C00360000%2CAVGO261002C00362500%2CAVGO261002C00365000%2CAVGO261002C00367500%2CAVGO261002C00370000%2CAVGO261002C00372500%2CAVGO261002C00375000&greeks=true'
For more information check: https://developer.mozilla.org/en-US/docs/Web/HTTP/Status/401
2026-09-29T11:17:59 | WARNING  | app.scanning.alpaca_confirmer | AlpacaConfirmer: cannot fetch chain for XLE 2026-10-02: Client error '401 Unauthorized' for url 'https://api.tradier.com/v1/markets/quotes?symbols=XLE261002C00035000%2CXLE261002C00040000%2CXLE261002C00045000%2CXLE261002C00048000%2CXLE261002C00049000%2CXLE261002C00050000%2CXLE261002C00051000%2CXLE261002C00052000%2CXLE261002C00053000%2CXLE261002C00054000%2CXLE261002C00054500%2CXLE261002C00055000%2CXLE261002C00055500%2CXLE261002C00056000%2CXLE261002C00056500%2CXLE261002C00057000%2CXLE261002C00057500%2CXLE261002C00058000%2CXLE261002C00058500%2CXLE261002C00059000%2CXLE261002C00059500%2CXLE261002C00060000%2CXLE261002C00060500%2CXLE261002C00061000%2CXLE261002C00061500%2CXLE261002C00062000%2CXLE261002C00062500%2CXLE261002C00063000%2CXLE261002C00063500%2CXLE261002C00064000%2CXLE261002C00064500%2CXLE261002C00065000%2CXLE261002C00065500%2CXLE261002C00066000%2CXLE261002C00066500%2CXLE261002C00067000%2CXLE261002C00068000%2CXLE261002C00068500%2CXLE261002C00069000%2CXLE261002C00070000%2CXLE261002C00071000%2CXLE261002C00075000%2CXLE261002C00080000%2CXLE261002P00035000%2CXLE261002P00040000%2CXLE261002P00045000%2CXLE261002P00048000%2CXLE261002P00049000%2CXLE261002P00050000%2CXLE261002P00051000&greeks=true'
For more information check: https://developer.mozilla.org/en-US/docs/Web/HTTP/Status/401
2026-09-29T11:17:59 | WARNING  | app.scanning.alpaca_confirmer | AlpacaConfirmer: cannot fetch chain for IWM 2026-10-01: Client error '401 Unauthorized' for url 'https://api.tradier.com/v1/markets/quotes?symbols=IWM261001C00180000%2CIWM261001C00190000%2CIWM261001C00200000%2CIWM261001C00205000%2CIWM261001C00210000%2CIWM261001C00215000%2CIWM261001C00220000%2CIWM261001C00225000%2CIWM261001C00230000%2CIWM261001C00235000%2CIWM261001C00240000%2CIWM261001C00245000%2CIWM261001C00250000%2CIWM261001C00255000%2CIWM261001C00260000%2CIWM261001C00261000%2CIWM261001C00262000%2CIWM261001C00263000%2CIWM261001C00264000%2CIWM261001C00265000%2CIWM261001C00266000%2CIWM261001C00267000%2CIWM261001C00268000%2CIWM261001C00269000%2CIWM261001C00270000%2CIWM261001C00271000%2CIWM261001C00272000%2CIWM261001C00273000%2CIWM261001C00274000%2CIWM261001C00275000%2CIWM261001C00276000%2CIWM261001C00277000%2CIWM261001C00278000%2CIWM261001C00279000%2CIWM261001C00280000%2CIWM261001C00281000%2CIWM261001C00282000%2CIWM261001C00283000%2CIWM261001C00284000%2CIWM261001C00285000%2CIWM261001C00286000%2CIWM261001C00287000%2CIWM261001C00288000%2CIWM261001C00289000%2CIWM261001C00290000%2CIWM261001C00291000%2CIWM261001C00292000%2CIWM261001C00293000%2CIWM261001C00294000%2CIWM261001C00295000&greeks=true'
For more information check: https://developer.mozilla.org/en-US/docs/Web/HTTP/Status/401
2026-09-29T11:17:59 | WARNING  | app.scanning.alpaca_confirmer | AlpacaConfirmer: cannot fetch chain for LYFT 2026-10-02: Client error '401 Unauthorized' for url 'https://api.tradier.com/v1/markets/quotes?symbols=LYFT261002C00005000%2CLYFT261002C00008000%2CLYFT261002C00009000%2CLYFT261002C00010000%2CLYFT261002C00010500%2CLYFT261002C00011000%2CLYFT261002C00011500%2CLYFT261002C00012000%2CLYFT261002C00012500%2CLYFT261002C00013000%2CLYFT261002C00013500%2CLYFT261002C00014000%2CLYFT261002C00014500%2CLYFT261002C00015000%2CLYFT261002C00015500%2CLYFT261002C00016000%2CLYFT261002C00016500%2CLYFT261002C00017000%2CLYFT261002C00017500%2CLYFT261002C00018000%2CLYFT261002C00018500%2CLYFT261002C00019000%2CLYFT261002C00019500%2CLYFT261002C00020000%2CLYFT261002C00020500%2CLYFT261002C00021000%2CLYFT261002C00021500%2CLYFT261002C00022000%2CLYFT261002C00023000%2CLYFT261002C00024000%2CLYFT261002C00025000%2CLYFT261002P00005000%2CLYFT261002P00008000%2CLYFT261002P00009000%2CLYFT261002P00010000%2CLYFT261002P00010500%2CLYFT261002P00011000%2CLYFT261002P00011500%2CLYFT261002P00012000%2CLYFT261002P00012500%2CLYFT261002P00013000%2CLYFT261002P00013500%2CLYFT261002P00014000%2CLYFT261002P00014500%2CLYFT261002P00015000%2CLYFT261002P00015500%2CLYFT261002P00016000%2CLYFT261002P00016500%2CLYFT261002P00017000%2CLYFT261002P00017500&greeks=true'
For more information check: https://developer.mozilla.org/en-US/docs/Web/HTTP/Status/401
2026-09-29T11:17:59 | WARNING  | app.scanning.alpaca_confirmer | AlpacaConfirmer: cannot fetch chain for UBER 2026-10-02: Client error '401 Unauthorized' for url 'https://api.tradier.com/v1/markets/quotes?symbols=UBER261002C00050000%2CUBER261002C00055000%2CUBER261002C00058000%2CUBER261002C00059000%2CUBER261002C00060000%2CUBER261002C00061000%2CUBER261002C00062000%2CUBER261002C00063000%2CUBER261002C00064000%2CUBER261002C00065000%2CUBER261002C00066000%2CUBER261002C00067000%2CUBER261002C00068000%2CUBER261002C00069000%2CUBER261002C00070000%2CUBER261002C00071000%2CUBER261002C00072000%2CUBER261002C00073000%2CUBER261002C00074000%2CUBER261002C00075000%2CUBER261002C00076000%2CUBER261002C00077000%2CUBER261002C00078000%2CUBER261002C00079000%2CUBER261002C00080000%2CUBER261002C00081000%2CUBER261002C00082000%2CUBER261002C00083000%2CUBER261002C00084000%2CUBER261002C00085000%2CUBER261002C00086000%2CUBER261002C00087000%2CUBER261002C00088000%2CUBER261002C00089000%2CUBER261002C00090000%2CUBER261002C00091000%2CUBER261002C00095000%2CUBER261002C00100000%2CUBER261002C00105000%2CUBER261002P00050000%2CUBER261002P00055000%2CUBER261002P00058000%2CUBER261002P00059000%2CUBER261002P00060000%2CUBER261002P00061000%2CUBER261002P00062000%2CUBER261002P00063000%2CUBER261002P00064000%2CUBER261002P00065000%2CUBER261002P00066000&greeks=true'
For more information check: https://developer.mozilla.org/en-US/docs/Web/HTTP/Status/401
2026-09-29T11:17:59 | WARNING  | app.scanning.alpaca_confirmer | AlpacaConfirmer: cannot fetch chain for GOOGL 2026-10-02: Client error '401 Unauthorized' for url 'https://api.tradier.com/v1/markets/quotes?symbols=GOOGL261002C00100000%2CGOOGL261002C00105000%2CGOOGL261002C00110000%2CGOOGL261002C00115000%2CGOOGL261002C00120000%2CGOOGL261002C00125000%2CGOOGL261002C00130000%2CGOOGL261002C00135000%2CGOOGL261002C00140000%2CGOOGL261002C00145000%2CGOOGL261002C00150000%2CGOOGL261002C00155000%2CGOOGL261002C00160000%2CGOOGL261002C00165000%2CGOOGL261002C00170000%2CGOOGL261002C00175000%2CGOOGL261002C00180000%2CGOOGL261002C00185000%2CGOOGL261002C00190000%2CGOOGL261002C00195000%2CGOOGL261002C00200000%2CGOOGL261002C00205000%2CGOOGL261002C00210000%2CGOOGL261002C00215000%2CGOOGL261002C00220000%2CGOOGL261002C00225000%2CGOOGL261002C00230000%2CGOOGL261002C00235000%2CGOOGL261002C00240000%2CGOOGL261002C00245000%2CGOOGL261002C00250000%2CGOOGL261002C00255000%2CGOOGL261002C00260000%2CGOOGL261002C00265000%2CGOOGL261002C00270000%2CGOOGL261002C00275000%2CGOOGL261002C00280000%2CGOOGL261002C00285000%2CGOOGL261002C00290000%2CGOOGL261002C00295000%2CGOOGL261002C00300000%2CGOOGL261002C00305000%2CGOOGL261002C00307500%2CGOOGL261002C00310000%2CGOOGL261002C00312500%2CGOOGL261002C00315000%2CGOOGL261002C00317500%2CGOOGL261002C00320000%2CGOOGL261002C00322500%2CGOOGL261002C00325000&greeks=true'
For more information check: https://developer.mozilla.org/en-US/docs/Web/HTTP/Status/401
2026-09-29T11:17:59 | WARNING  | app.scanning.alpaca_confirmer | AlpacaConfirmer: cannot fetch chain for MSFT 2026-10-02: Client error '401 Unauthorized' for url 'https://api.tradier.com/v1/markets/quotes?symbols=MSFT261002C00270000%2CMSFT261002C00280000%2CMSFT261002C00290000%2CMSFT261002C00300000%2CMSFT261002C00305000%2CMSFT261002C00310000%2CMSFT261002C00315000%2CMSFT261002C00320000%2CMSFT261002C00325000%2CMSFT261002C00330000%2CMSFT261002C00335000%2CMSFT261002C00340000%2CMSFT261002C00345000%2CMSFT261002C00350000%2CMSFT261002C00355000%2CMSFT261002C00360000%2CMSFT261002C00365000%2CMSFT261002C00370000%2CMSFT261002C00375000%2CMSFT261002C00380000%2CMSFT261002C00385000%2CMSFT261002C00390000%2CMSFT261002C00395000%2CMSFT261002C00400000%2CMSFT261002C00405000%2CMSFT261002C00410000%2CMSFT261002C00415000%2CMSFT261002C00420000%2CMSFT261002C00425000%2CMSFT261002C00430000%2CMSFT261002C00435000%2CMSFT261002C00437500%2CMSFT261002C00440000%2CMSFT261002C00442500%2CMSFT261002C00445000%2CMSFT261002C00447500%2CMSFT261002C00450000%2CMSFT261002C00452500%2CMSFT261002C00455000%2CMSFT261002C00457500%2CMSFT261002C00460000%2CMSFT261002C00462500%2CMSFT261002C00465000%2CMSFT261002C00467500%2CMSFT261002C00470000%2CMSFT261002C00472500%2CMSFT261002C00475000%2CMSFT261002C00477500%2CMSFT261002C00480000%2CMSFT261002C00482500&greeks=true'
For more information check: https://developer.mozilla.org/en-US/docs/Web/HTTP/Status/401
2026-09-29T11:17:59 | WARNING  | app.scanning.alpaca_confirmer | AlpacaConfirmer: cannot fetch chain for XLF 2026-10-01: Client error '401 Unauthorized' for url 'https://api.tradier.com/v1/markets/quotes?symbols=XLF261001C00041000%2CXLF261001C00042000%2CXLF261001C00043000%2CXLF261001C00044000%2CXLF261001C00045000%2CXLF261001C00046000%2CXLF261001C00047000%2CXLF261001C00048000%2CXLF261001C00049000%2CXLF261001C00050000%2CXLF261001C00050500%2CXLF261001C00051000%2CXLF261001C00051500%2CXLF261001C00052000%2CXLF261001C00052500%2CXLF261001C00053000%2CXLF261001C00053500%2CXLF261001C00054000%2CXLF261001C00054500%2CXLF261001C00055000%2CXLF261001C00055500%2CXLF261001C00056000%2CXLF261001C00056500%2CXLF261001C00057000%2CXLF261001C00057500%2CXLF261001C00058000%2CXLF261001C00058500%2CXLF261001C00059000%2CXLF261001C00059500%2CXLF261001C00060000%2CXLF261001C00060500%2CXLF261001C00061000%2CXLF261001C00061500%2CXLF261001C00062000%2CXLF261001C00062500%2CXLF261001C00063000%2CXLF261001C00063500%2CXLF261001C00064000%2CXLF261001C00064500%2CXLF261001C00065000%2CXLF261001C00066000%2CXLF261001C00067000%2CXLF261001C00068000%2CXLF261001C00069000%2CXLF261001C00070000%2CXLF261001C00071000%2CXLF261001C00072000%2CXLF261001C00073000%2CXLF261001C00074000%2CXLF261001P00041000&greeks=true'
For more information check: https://developer.mozilla.org/en-US/docs/Web/HTTP/Status/401
2026-09-29T11:17:59 | INFO     | session_runner | AlpacaConfirmer: 0 confirmed symbols: []
2026-09-29T11:17:59 | WARNING  | session_runner | Re-scan returned no confirmed symbols — falling back to ['SPY']
2026-09-29T11:17:59 | INFO     | session_runner | Broad-market regime | SPY=short
2026-09-29T11:17:59 | INFO     | session_runner | [bridge:SPY] rsi_trend ready: sufficient bars
2026-09-29T11:17:59 | INFO     | session_runner | Stale signal: SPY/vwap_reclaim age=13 min > max 10 min — skipped
2026-09-29T11:17:59 | INFO     | session_runner | Stale signal: SPY/orb age=78 min > max 10 min — skipped
2026-09-29T11:17:59 | INFO     | session_runner | Stale signal: SPY/vwap_reclaim age=88 min > max 10 min — skipped
2026-09-29T11:18:29 | INFO     | session_runner | [cycle 212] 11:18:29 ET | positions=0 | entries=0
2026-09-29T11:18:29 | INFO     | session_runner | [bridge:SPY] rsi_trend ready: sufficient bars
2026-09-29T11:18:29 | INFO     | session_runner | Stale signal: SPY/vwap_reclaim age=13 min > max 10 min — skipped
2026-09-29T11:18:29 | INFO     | session_runner | Stale signal: SPY/orb age=78 min > max 10 min — skipped
2026-09-29T11:18:29 | INFO     | session_runner | Stale signal: SPY/vwap_reclaim age=88 min > max 10 min — skipped
2026-09-29T11:18:59 | INFO     | session_runner | [cycle 213] 11:18:59 ET | positions=0 | entries=0
2026-09-29T11:18:59 | INFO     | session_runner | [bridge:SPY] rsi_trend ready: sufficient bars
2026-09-29T11:18:59 | INFO     | session_runner | Stale signal: SPY/vwap_reclaim age=14 min > max 10 min — skipped
2026-09-29T11:18:59 | INFO     | session_runner | Stale signal: SPY/orb age=79 min > max 10 min — skipped
2026-09-29T11:18:59 | INFO     | session_runner | Stale signal: SPY/vwap_reclaim age=89 min > max 10 min — skipped
2026-09-29T11:19:29 | INFO     | session_runner | [cycle 214] 11:19:29 ET | positions=0 | entries=0
2026-09-29T11:19:30 | INFO     | session_runner | [bridge:SPY] rsi_trend ready: sufficient bars
2026-09-29T11:19:30 | INFO     | session_runner | Stale signal: SPY/vwap_reclaim age=14 min > max 10 min — skipped
2026-09-29T11:19:30 | INFO     | session_runner | Stale signal: SPY/orb age=79 min > max 10 min — skipped
2026-09-29T11:19:30 | INFO     | session_runner | Stale signal: SPY/vwap_reclaim age=89 min > max 10 min — skipped
2026-09-29T11:20:00 | INFO     | session_runner | [cycle 215] 11:20:00 ET | positions=0 | entries=0
2026-09-29T11:20:00 | INFO     | session_runner | [bridge:SPY] rsi_trend ready: sufficient bars
2026-09-29T11:20:00 | INFO     | session_runner | Stale signal: SPY/vwap_reclaim age=15 min > max 10 min — skipped
2026-09-29T11:20:00 | INFO     | session_runner | Stale signal: SPY/orb age=80 min > max 10 min — skipped
2026-09-29T11:20:00 | INFO     | session_runner | Stale signal: SPY/vwap_reclaim age=90 min > max 10 min — skipped
2026-09-29T11:20:30 | INFO     | session_runner | [cycle 216] 11:20:30 ET | positions=0 | entries=0
2026-09-29T11:20:30 | INFO     | session_runner | [bridge:SPY] rsi_trend ready: sufficient bars
2026-09-29T11:20:30 | INFO     | session_runner | Stale signal: SPY/vwap_reclaim age=16 min > max 10 min — skipped
2026-09-29T11:20:30 | INFO     | session_runner | Stale signal: SPY/orb age=81 min > max 10 min — skipped
2026-09-29T11:20:30 | INFO     | session_runner | Stale signal: SPY/vwap_reclaim age=91 min > max 10 min — skipped
2026-09-29T11:21:00 | INFO     | session_runner | [cycle 217] 11:21:00 ET | positions=0 | entries=0
2026-09-29T11:21:00 | INFO     | session_runner | [bridge:SPY] rsi_trend ready: sufficient bars
2026-09-29T11:21:00 | INFO     | session_runner | Stale signal: SPY/vwap_reclaim age=16 min > max 10 min — skipped
2026-09-29T11:21:00 | INFO     | session_runner | Stale signal: SPY/orb age=81 min > max 10 min — skipped
2026-09-29T11:21:00 | INFO     | session_runner | Stale signal: SPY/vwap_reclaim age=91 min > max 10 min — skipped
2026-09-29T11:21:30 | INFO     | session_runner | [cycle 218] 11:21:30 ET | positions=0 | entries=0
2026-09-29T11:21:31 | INFO     | session_runner | [bridge:SPY] rsi_trend ready: sufficient bars
2026-09-29T11:21:31 | INFO     | session_runner | Stale signal: SPY/vwap_reclaim age=17 min > max 10 min — skipped
2026-09-29T11:21:31 | INFO     | session_runner | Stale signal: SPY/orb age=82 min > max 10 min — skipped
2026-09-29T11:21:31 | INFO     | session_runner | Stale signal: SPY/vwap_reclaim age=92 min > max 10 min — skipped
2026-09-29T11:22:01 | INFO     | session_runner | [cycle 219] 11:22:01 ET | positions=0 | entries=0
2026-09-29T11:22:01 | INFO     | session_runner | [bridge:SPY] rsi_trend ready: sufficient bars
2026-09-29T11:22:01 | INFO     | session_runner | Stale signal: SPY/vwap_reclaim age=17 min > max 10 min — skipped
2026-09-29T11:22:01 | INFO     | session_runner | Stale signal: SPY/orb age=82 min > max 10 min — skipped
2026-09-29T11:22:01 | INFO     | session_runner | Stale signal: SPY/vwap_reclaim age=92 min > max 10 min — skipped
2026-09-29T11:22:31 | INFO     | session_runner | [cycle 220] 11:22:31 ET | positions=0 | entries=0
2026-09-29T11:22:31 | INFO     | session_runner | [bridge:SPY] rsi_trend ready: sufficient bars
2026-09-29T11:22:31 | INFO     | session_runner | Stale signal: SPY/vwap_reclaim age=18 min > max 10 min — skipped
2026-09-29T11:22:31 | INFO     | session_runner | Stale signal: SPY/orb age=83 min > max 10 min — skipped
2026-09-29T11:22:31 | INFO     | session_runner | Stale signal: SPY/vwap_reclaim age=93 min > max 10 min — skipped
2026-09-29T11:23:01 | INFO     | session_runner | [cycle 221] 11:23:01 ET | positions=0 | entries=0
2026-09-29T11:23:01 | INFO     | app.trading.reconciler | Reconciliation done: broker_pos=0 local_pos=0 broker_orders=0 local_pending=0 repaired=0 flagged=0 orders_confirmed=True positions_confirmed=True
2026-09-29T11:23:01 | INFO     | session_runner | Periodic universe re-scan …
2026-09-29T11:23:01 | INFO     | app.scanning.universe_loader | UniverseLoader: loaded 5 groups (13 flat symbols) from config/ticker_universe.yaml (blacklist=0)
2026-09-29T11:23:01 | INFO     | app.scanning.universe_loader | UniverseLoader: 38 symbols from 4 group(s) (blacklist=0)
2026-09-29T11:23:01 | INFO     | session_runner | Universe scan: 38 symbols from 4 group(s) | max_active=6
2026-09-29T11:23:05 | INFO     | session_runner | Scan: 19 passed, 19 rejected
2026-09-29T11:23:05 | INFO     | session_runner |   GOOGL   score=80.0  signal=SHORT    reasons: rvol=1.30x (normal), atr=2.28% (wide-range), orb_breakdown
2026-09-29T11:23:05 | INFO     | session_runner |   RIVN    score=70.0  signal=LONG     reasons: rvol=1.84x (elevated), atr=4.21% (wide-range), orb_breakout
2026-09-29T11:23:05 | INFO     | session_runner |   HOOD    score=67.0  signal=SHORT    reasons: rvol=1.13x (normal), atr=4.62% (wide-range), orb_breakdown
2026-09-29T11:23:05 | INFO     | session_runner |   SPY     score=65.0  signal=SHORT    reasons: rvol=1.01x (normal), atr=0.83% (good range), orb_breakdown
2026-09-29T11:23:05 | INFO     | session_runner |   DKNG    score=65.0  signal=SHORT    reasons: rvol=1.42x (normal), atr=5.44% (wide-range), orb_breakdown
2026-09-29T11:23:05 | WARNING  | app.scanning.alpaca_confirmer | AlpacaConfirmer: cannot fetch chain for GOOGL 2026-10-02: Client error '401 Unauthorized' for url 'https://api.tradier.com/v1/markets/quotes?symbols=GOOGL261002C00100000%2CGOOGL261002C00105000%2CGOOGL261002C00110000%2CGOOGL261002C00115000%2CGOOGL261002C00120000%2CGOOGL261002C00125000%2CGOOGL261002C00130000%2CGOOGL261002C00135000%2CGOOGL261002C00140000%2CGOOGL261002C00145000%2CGOOGL261002C00150000%2CGOOGL261002C00155000%2CGOOGL261002C00160000%2CGOOGL261002C00165000%2CGOOGL261002C00170000%2CGOOGL261002C00175000%2CGOOGL261002C00180000%2CGOOGL261002C00185000%2CGOOGL261002C00190000%2CGOOGL261002C00195000%2CGOOGL261002C00200000%2CGOOGL261002C00205000%2CGOOGL261002C00210000%2CGOOGL261002C00215000%2CGOOGL261002C00220000%2CGOOGL261002C00225000%2CGOOGL261002C00230000%2CGOOGL261002C00235000%2CGOOGL261002C00240000%2CGOOGL261002C00245000%2CGOOGL261002C00250000%2CGOOGL261002C00255000%2CGOOGL261002C00260000%2CGOOGL261002C00265000%2CGOOGL261002C00270000%2CGOOGL261002C00275000%2CGOOGL261002C00280000%2CGOOGL261002C00285000%2CGOOGL261002C00290000%2CGOOGL261002C00295000%2CGOOGL261002C00300000%2CGOOGL261002C00305000%2CGOOGL261002C00307500%2CGOOGL261002C00310000%2CGOOGL261002C00312500%2CGOOGL261002C00315000%2CGOOGL261002C00317500%2CGOOGL261002C00320000%2CGOOGL261002C00322500%2CGOOGL261002C00325000&greeks=true'
For more information check: https://developer.mozilla.org/en-US/docs/Web/HTTP/Status/401
2026-09-29T11:23:05 | WARNING  | app.scanning.alpaca_confirmer | AlpacaConfirmer: cannot fetch chain for RIVN 2026-10-02: Client error '401 Unauthorized' for url 'https://api.tradier.com/v1/markets/quotes?symbols=RIVN261002C00005000%2CRIVN261002C00009000%2CRIVN261002C00010000%2CRIVN261002C00010500%2CRIVN261002C00011000%2CRIVN261002C00011500%2CRIVN261002C00012000%2CRIVN261002C00012500%2CRIVN261002C00013000%2CRIVN261002C00013500%2CRIVN261002C00014000%2CRIVN261002C00014500%2CRIVN261002C00015000%2CRIVN261002C00015500%2CRIVN261002C00016000%2CRIVN261002C00016500%2CRIVN261002C00017000%2CRIVN261002C00017500%2CRIVN261002C00018000%2CRIVN261002C00018500%2CRIVN261002C00019000%2CRIVN261002C00019500%2CRIVN261002C00020000%2CRIVN261002C00020500%2CRIVN261002C00021000%2CRIVN261002C00021500%2CRIVN261002C00022000%2CRIVN261002C00023000%2CRIVN261002C00024000%2CRIVN261002C00025000%2CRIVN261002C00030000%2CRIVN261002P00005000%2CRIVN261002P00009000%2CRIVN261002P00010000%2CRIVN261002P00010500%2CRIVN261002P00011000%2CRIVN261002P00011500%2CRIVN261002P00012000%2CRIVN261002P00012500%2CRIVN261002P00013000%2CRIVN261002P00013500%2CRIVN261002P00014000%2CRIVN261002P00014500%2CRIVN261002P00015000%2CRIVN261002P00015500%2CRIVN261002P00016000%2CRIVN261002P00016500%2CRIVN261002P00017000%2CRIVN261002P00017500%2CRIVN261002P00018000&greeks=true'
For more information check: https://developer.mozilla.org/en-US/docs/Web/HTTP/Status/401
2026-09-29T11:23:05 | WARNING  | app.scanning.alpaca_confirmer | AlpacaConfirmer: cannot fetch chain for AAPL 2026-10-02: Client error '401 Unauthorized' for url 'https://api.tradier.com/v1/markets/quotes?symbols=AAPL261002C00110000%2CAAPL261002C00120000%2CAAPL261002C00125000%2CAAPL261002C00130000%2CAAPL261002C00135000%2CAAPL261002C00140000%2CAAPL261002C00145000%2CAAPL261002C00150000%2CAAPL261002C00155000%2CAAPL261002C00160000%2CAAPL261002C00165000%2CAAPL261002C00170000%2CAAPL261002C00175000%2CAAPL261002C00180000%2CAAPL261002C00185000%2CAAPL261002C00190000%2CAAPL261002C00195000%2CAAPL261002C00200000%2CAAPL261002C00205000%2CAAPL261002C00210000%2CAAPL261002C00215000%2CAAPL261002C00220000%2CAAPL261002C00225000%2CAAPL261002C00230000%2CAAPL261002C00235000%2CAAPL261002C00240000%2CAAPL261002C00245000%2CAAPL261002C00250000%2CAAPL261002C00255000%2CAAPL261002C00260000%2CAAPL261002C00265000%2CAAPL261002C00270000%2CAAPL261002C00275000%2CAAPL261002C00280000%2CAAPL261002C00285000%2CAAPL261002C00290000%2CAAPL261002C00295000%2CAAPL261002C00297500%2CAAPL261002C00300000%2CAAPL261002C00302500%2CAAPL261002C00305000%2CAAPL261002C00307500%2CAAPL261002C00310000%2CAAPL261002C00312500%2CAAPL261002C00315000%2CAAPL261002C00317500%2CAAPL261002C00320000%2CAAPL261002C00322500%2CAAPL261002C00325000%2CAAPL261002C00327500&greeks=true'
For more information check: https://developer.mozilla.org/en-US/docs/Web/HTTP/Status/401
2026-09-29T11:23:05 | WARNING  | app.scanning.alpaca_confirmer | AlpacaConfirmer: cannot fetch chain for XLF 2026-10-01: Client error '401 Unauthorized' for url 'https://api.tradier.com/v1/markets/quotes?symbols=XLF261001C00041000%2CXLF261001C00042000%2CXLF261001C00043000%2CXLF261001C00044000%2CXLF261001C00045000%2CXLF261001C00046000%2CXLF261001C00047000%2CXLF261001C00048000%2CXLF261001C00049000%2CXLF261001C00050000%2CXLF261001C00050500%2CXLF261001C00051000%2CXLF261001C00051500%2CXLF261001C00052000%2CXLF261001C00052500%2CXLF261001C00053000%2CXLF261001C00053500%2CXLF261001C00054000%2CXLF261001C00054500%2CXLF261001C00055000%2CXLF261001C00055500%2CXLF261001C00056000%2CXLF261001C00056500%2CXLF261001C00057000%2CXLF261001C00057500%2CXLF261001C00058000%2CXLF261001C00058500%2CXLF261001C00059000%2CXLF261001C00059500%2CXLF261001C00060000%2CXLF261001C00060500%2CXLF261001C00061000%2CXLF261001C00061500%2CXLF261001C00062000%2CXLF261001C00062500%2CXLF261001C00063000%2CXLF261001C00063500%2CXLF261001C00064000%2CXLF261001C00064500%2CXLF261001C00065000%2CXLF261001C00066000%2CXLF261001C00067000%2CXLF261001C00068000%2CXLF261001C00069000%2CXLF261001C00070000%2CXLF261001C00071000%2CXLF261001C00072000%2CXLF261001C00073000%2CXLF261001C00074000%2CXLF261001P00041000&greeks=true'
For more information check: https://developer.mozilla.org/en-US/docs/Web/HTTP/Status/401
2026-09-29T11:23:05 | WARNING  | app.scanning.alpaca_confirmer | AlpacaConfirmer: cannot fetch chain for DKNG 2026-10-02: Client error '401 Unauthorized' for url 'https://api.tradier.com/v1/markets/quotes?symbols=DKNG261002C00011000%2CDKNG261002C00012000%2CDKNG261002C00013000%2CDKNG261002C00014000%2CDKNG261002C00015000%2CDKNG261002C00016000%2CDKNG261002C00017000%2CDKNG261002C00018000%2CDKNG261002C00019000%2CDKNG261002C00020000%2CDKNG261002C00020500%2CDKNG261002C00021000%2CDKNG261002C00021500%2CDKNG261002C00022000%2CDKNG261002C00022500%2CDKNG261002C00023000%2CDKNG261002C00023500%2CDKNG261002C00024000%2CDKNG261002C00024500%2CDKNG261002C00025000%2CDKNG261002C00025500%2CDKNG261002C00026000%2CDKNG261002C00026500%2CDKNG261002C00027000%2CDKNG261002C00027500%2CDKNG261002C00028000%2CDKNG261002C00028500%2CDKNG261002C00029000%2CDKNG261002C00030000%2CDKNG261002C00031000%2CDKNG261002C00032000%2CDKNG261002C00033000%2CDKNG261002C00034000%2CDKNG261002C00035000%2CDKNG261002C00036000%2CDKNG261002P00011000%2CDKNG261002P00012000%2CDKNG261002P00013000%2CDKNG261002P00014000%2CDKNG261002P00015000%2CDKNG261002P00016000%2CDKNG261002P00017000%2CDKNG261002P00018000%2CDKNG261002P00019000%2CDKNG261002P00020000%2CDKNG261002P00020500%2CDKNG261002P00021000%2CDKNG261002P00021500%2CDKNG261002P00022000%2CDKNG261002P00022500&greeks=true'
For more information check: https://developer.mozilla.org/en-US/docs/Web/HTTP/Status/401
2026-09-29T11:23:05 | WARNING  | app.scanning.alpaca_confirmer | AlpacaConfirmer: cannot fetch chain for HOOD 2026-10-02: Client error '401 Unauthorized' for url 'https://api.tradier.com/v1/markets/quotes?symbols=HOOD261002C00025000%2CHOOD261002C00030000%2CHOOD261002C00035000%2CHOOD261002C00040000%2CHOOD261002C00045000%2CHOOD261002C00050000%2CHOOD261002C00055000%2CHOOD261002C00060000%2CHOOD261002C00065000%2CHOOD261002C00070000%2CHOOD261002C00075000%2CHOOD261002C00080000%2CHOOD261002C00082000%2CHOOD261002C00083000%2CHOOD261002C00084000%2CHOOD261002C00085000%2CHOOD261002C00086000%2CHOOD261002C00087000%2CHOOD261002C00088000%2CHOOD261002C00089000%2CHOOD261002C00090000%2CHOOD261002C00091000%2CHOOD261002C00092000%2CHOOD261002C00093000%2CHOOD261002C00094000%2CHOOD261002C00095000%2CHOOD261002C00096000%2CHOOD261002C00097000%2CHOOD261002C00098000%2CHOOD261002C00099000%2CHOOD261002C00100000%2CHOOD261002C00101000%2CHOOD261002C00102000%2CHOOD261002C00103000%2CHOOD261002C00104000%2CHOOD261002C00105000%2CHOOD261002C00106000%2CHOOD261002C00107000%2CHOOD261002C00108000%2CHOOD261002C00109000%2CHOOD261002C00110000%2CHOOD261002C00111000%2CHOOD261002C00112000%2CHOOD261002C00113000%2CHOOD261002C00114000%2CHOOD261002C00115000%2CHOOD261002C00116000%2CHOOD261002C00117000%2CHOOD261002C00118000%2CHOOD261002C00119000&greeks=true'
For more information check: https://developer.mozilla.org/en-US/docs/Web/HTTP/Status/401
2026-09-29T11:23:05 | WARNING  | app.scanning.alpaca_confirmer | AlpacaConfirmer: cannot fetch chain for AMZN 2026-10-02: Client error '401 Unauthorized' for url 'https://api.tradier.com/v1/markets/quotes?symbols=AMZN261002C00140000%2CAMZN261002C00145000%2CAMZN261002C00150000%2CAMZN261002C00155000%2CAMZN261002C00160000%2CAMZN261002C00165000%2CAMZN261002C00170000%2CAMZN261002C00175000%2CAMZN261002C00180000%2CAMZN261002C00185000%2CAMZN261002C00190000%2CAMZN261002C00195000%2CAMZN261002C00200000%2CAMZN261002C00205000%2CAMZN261002C00210000%2CAMZN261002C00215000%2CAMZN261002C00217500%2CAMZN261002C00220000%2CAMZN261002C00222500%2CAMZN261002C00225000%2CAMZN261002C00227500%2CAMZN261002C00230000%2CAMZN261002C00232500%2CAMZN261002C00235000%2CAMZN261002C00237500%2CAMZN261002C00240000%2CAMZN261002C00242500%2CAMZN261002C00245000%2CAMZN261002C00247500%2CAMZN261002C00250000%2CAMZN261002C00252500%2CAMZN261002C00255000%2CAMZN261002C00257500%2CAMZN261002C00260000%2CAMZN261002C00262500%2CAMZN261002C00265000%2CAMZN261002C00267500%2CAMZN261002C00270000%2CAMZN261002C00272500%2CAMZN261002C00275000%2CAMZN261002C00277500%2CAMZN261002C00280000%2CAMZN261002C00282500%2CAMZN261002C00285000%2CAMZN261002C00290000%2CAMZN261002C00295000%2CAMZN261002C00300000%2CAMZN261002C00305000%2CAMZN261002C00310000%2CAMZN261002C00315000&greeks=true'
For more information check: https://developer.mozilla.org/en-US/docs/Web/HTTP/Status/401
2026-09-29T11:23:05 | WARNING  | app.scanning.alpaca_confirmer | AlpacaConfirmer: cannot fetch chain for IWM 2026-10-01: Client error '401 Unauthorized' for url 'https://api.tradier.com/v1/markets/quotes?symbols=IWM261001C00180000%2CIWM261001C00190000%2CIWM261001C00200000%2CIWM261001C00205000%2CIWM261001C00210000%2CIWM261001C00215000%2CIWM261001C00220000%2CIWM261001C00225000%2CIWM261001C00230000%2CIWM261001C00235000%2CIWM261001C00240000%2CIWM261001C00245000%2CIWM261001C00250000%2CIWM261001C00255000%2CIWM261001C00260000%2CIWM261001C00261000%2CIWM261001C00262000%2CIWM261001C00263000%2CIWM261001C00264000%2CIWM261001C00265000%2CIWM261001C00266000%2CIWM261001C00267000%2CIWM261001C00268000%2CIWM261001C00269000%2CIWM261001C00270000%2CIWM261001C00271000%2CIWM261001C00272000%2CIWM261001C00273000%2CIWM261001C00274000%2CIWM261001C00275000%2CIWM261001C00276000%2CIWM261001C00277000%2CIWM261001C00278000%2CIWM261001C00279000%2CIWM261001C00280000%2CIWM261001C00281000%2CIWM261001C00282000%2CIWM261001C00283000%2CIWM261001C00284000%2CIWM261001C00285000%2CIWM261001C00286000%2CIWM261001C00287000%2CIWM261001C00288000%2CIWM261001C00289000%2CIWM261001C00290000%2CIWM261001C00291000%2CIWM261001C00292000%2CIWM261001C00293000%2CIWM261001C00294000%2CIWM261001C00295000&greeks=true'
For more information check: https://developer.mozilla.org/en-US/docs/Web/HTTP/Status/401
2026-09-29T11:23:05 | WARNING  | app.scanning.alpaca_confirmer | AlpacaConfirmer: cannot fetch chain for SPY 2026-10-01: Client error '401 Unauthorized' for url 'https://api.tradier.com/v1/markets/quotes?symbols=SPY261001C00550000%2CSPY261001C00555000%2CSPY261001C00560000%2CSPY261001C00565000%2CSPY261001C00570000%2CSPY261001C00575000%2CSPY261001C00580000%2CSPY261001C00585000%2CSPY261001C00590000%2CSPY261001C00595000%2CSPY261001C00600000%2CSPY261001C00605000%2CSPY261001C00610000%2CSPY261001C00615000%2CSPY261001C00620000%2CSPY261001C00625000%2CSPY261001C00630000%2CSPY261001C00635000%2CSPY261001C00640000%2CSPY261001C00645000%2CSPY261001C00650000%2CSPY261001C00655000%2CSPY261001C00660000%2CSPY261001C00665000%2CSPY261001C00670000%2CSPY261001C00675000%2CSPY261001C00680000%2CSPY261001C00685000%2CSPY261001C00690000%2CSPY261001C00695000%2CSPY261001C00700000%2CSPY261001C00705000%2CSPY261001C00710000%2CSPY261001C00715000%2CSPY261001C00718000%2CSPY261001C00719000%2CSPY261001C00720000%2CSPY261001C00721000%2CSPY261001C00722000%2CSPY261001C00723000%2CSPY261001C00724000%2CSPY261001C00725000%2CSPY261001C00726000%2CSPY261001C00727000%2CSPY261001C00728000%2CSPY261001C00729000%2CSPY261001C00730000%2CSPY261001C00731000%2CSPY261001C00732000%2CSPY261001C00733000&greeks=true'
For more information check: https://developer.mozilla.org/en-US/docs/Web/HTTP/Status/401
2026-09-29T11:23:05 | WARNING  | app.scanning.alpaca_confirmer | AlpacaConfirmer: cannot fetch chain for META 2026-10-02: Client error '401 Unauthorized' for url 'https://api.tradier.com/v1/markets/quotes?symbols=META261002C00100000%2CMETA261002C00110000%2CMETA261002C00120000%2CMETA261002C00130000%2CMETA261002C00140000%2CMETA261002C00150000%2CMETA261002C00160000%2CMETA261002C00170000%2CMETA261002C00180000%2CMETA261002C00190000%2CMETA261002C00200000%2CMETA261002C00210000%2CMETA261002C00220000%2CMETA261002C00230000%2CMETA261002C00240000%2CMETA261002C00250000%2CMETA261002C00260000%2CMETA261002C00270000%2CMETA261002C00280000%2CMETA261002C00290000%2CMETA261002C00300000%2CMETA261002C00310000%2CMETA261002C00320000%2CMETA261002C00330000%2CMETA261002C00340000%2CMETA261002C00350000%2CMETA261002C00360000%2CMETA261002C00370000%2CMETA261002C00380000%2CMETA261002C00390000%2CMETA261002C00400000%2CMETA261002C00405000%2CMETA261002C00410000%2CMETA261002C00415000%2CMETA261002C00420000%2CMETA261002C00425000%2CMETA261002C00430000%2CMETA261002C00435000%2CMETA261002C00440000%2CMETA261002C00445000%2CMETA261002C00450000%2CMETA261002C00455000%2CMETA261002C00460000%2CMETA261002C00465000%2CMETA261002C00470000%2CMETA261002C00475000%2CMETA261002C00480000%2CMETA261002C00485000%2CMETA261002C00490000%2CMETA261002C00495000&greeks=true'
For more information check: https://developer.mozilla.org/en-US/docs/Web/HTTP/Status/401
2026-09-29T11:23:05 | WARNING  | app.scanning.alpaca_confirmer | AlpacaConfirmer: cannot fetch chain for LYFT 2026-10-02: Client error '401 Unauthorized' for url 'https://api.tradier.com/v1/markets/quotes?symbols=LYFT261002C00005000%2CLYFT261002C00008000%2CLYFT261002C00009000%2CLYFT261002C00010000%2CLYFT261002C00010500%2CLYFT261002C00011000%2CLYFT261002C00011500%2CLYFT261002C00012000%2CLYFT261002C00012500%2CLYFT261002C00013000%2CLYFT261002C00013500%2CLYFT261002C00014000%2CLYFT261002C00014500%2CLYFT261002C00015000%2CLYFT261002C00015500%2CLYFT261002C00016000%2CLYFT261002C00016500%2CLYFT261002C00017000%2CLYFT261002C00017500%2CLYFT261002C00018000%2CLYFT261002C00018500%2CLYFT261002C00019000%2CLYFT261002C00019500%2CLYFT261002C00020000%2CLYFT261002C00020500%2CLYFT261002C00021000%2CLYFT261002C00021500%2CLYFT261002C00022000%2CLYFT261002C00023000%2CLYFT261002C00024000%2CLYFT261002C00025000%2CLYFT261002P00005000%2CLYFT261002P00008000%2CLYFT261002P00009000%2CLYFT261002P00010000%2CLYFT261002P00010500%2CLYFT261002P00011000%2CLYFT261002P00011500%2CLYFT261002P00012000%2CLYFT261002P00012500%2CLYFT261002P00013000%2CLYFT261002P00013500%2CLYFT261002P00014000%2CLYFT261002P00014500%2CLYFT261002P00015000%2CLYFT261002P00015500%2CLYFT261002P00016000%2CLYFT261002P00016500%2CLYFT261002P00017000%2CLYFT261002P00017500&greeks=true'
For more information check: https://developer.mozilla.org/en-US/docs/Web/HTTP/Status/401
2026-09-29T11:23:05 | WARNING  | app.scanning.alpaca_confirmer | AlpacaConfirmer: cannot fetch chain for XLE 2026-10-02: Client error '401 Unauthorized' for url 'https://api.tradier.com/v1/markets/quotes?symbols=XLE261002C00035000%2CXLE261002C00040000%2CXLE261002C00045000%2CXLE261002C00048000%2CXLE261002C00049000%2CXLE261002C00050000%2CXLE261002C00051000%2CXLE261002C00052000%2CXLE261002C00053000%2CXLE261002C00054000%2CXLE261002C00054500%2CXLE261002C00055000%2CXLE261002C00055500%2CXLE261002C00056000%2CXLE261002C00056500%2CXLE261002C00057000%2CXLE261002C00057500%2CXLE261002C00058000%2CXLE261002C00058500%2CXLE261002C00059000%2CXLE261002C00059500%2CXLE261002C00060000%2CXLE261002C00060500%2CXLE261002C00061000%2CXLE261002C00061500%2CXLE261002C00062000%2CXLE261002C00062500%2CXLE261002C00063000%2CXLE261002C00063500%2CXLE261002C00064000%2CXLE261002C00064500%2CXLE261002C00065000%2CXLE261002C00065500%2CXLE261002C00066000%2CXLE261002C00066500%2CXLE261002C00067000%2CXLE261002C00068000%2CXLE261002C00068500%2CXLE261002C00069000%2CXLE261002C00070000%2CXLE261002C00071000%2CXLE261002C00075000%2CXLE261002C00080000%2CXLE261002P00035000%2CXLE261002P00040000%2CXLE261002P00045000%2CXLE261002P00048000%2CXLE261002P00049000%2CXLE261002P00050000%2CXLE261002P00051000&greeks=true'
For more information check: https://developer.mozilla.org/en-US/docs/Web/HTTP/Status/401
2026-09-29T11:23:05 | INFO     | session_runner | AlpacaConfirmer: 0 confirmed symbols: []
2026-09-29T11:23:05 | WARNING  | session_runner | Re-scan returned no confirmed symbols — falling back to ['SPY']
2026-09-29T11:23:05 | INFO     | session_runner | Broad-market regime | SPY=short
2026-09-29T11:23:05 | INFO     | session_runner | [bridge:SPY] rsi_trend ready: sufficient bars
2026-09-29T11:23:05 | INFO     | session_runner | Stale signal: SPY/vwap_reclaim age=18 min > max 10 min — skipped
2026-09-29T11:23:05 | INFO     | session_runner | Stale signal: SPY/orb age=83 min > max 10 min — skipped
2026-09-29T11:23:05 | INFO     | session_runner | Stale signal: SPY/vwap_reclaim age=93 min > max 10 min — skipped
2026-09-29T11:23:35 | INFO     | session_runner | [cycle 222] 11:23:35 ET | positions=0 | entries=0
2026-09-29T11:23:36 | INFO     | session_runner | [bridge:SPY] rsi_trend ready: sufficient bars
2026-09-29T11:23:36 | INFO     | session_runner | Stale signal: SPY/vwap_reclaim age=19 min > max 10 min — skipped
2026-09-29T11:23:36 | INFO     | session_runner | Stale signal: SPY/orb age=84 min > max 10 min — skipped
2026-09-29T11:23:36 | INFO     | session_runner | Stale signal: SPY/vwap_reclaim age=94 min > max 10 min — skipped
2026-09-29T11:24:06 | INFO     | session_runner | [cycle 223] 11:24:06 ET | positions=0 | entries=0
2026-09-29T11:24:06 | INFO     | session_runner | [bridge:SPY] rsi_trend ready: sufficient bars
2026-09-29T11:24:06 | INFO     | session_runner | Stale signal: SPY/vwap_reclaim age=19 min > max 10 min — skipped
2026-09-29T11:24:06 | INFO     | session_runner | Stale signal: SPY/orb age=84 min > max 10 min — skipped
2026-09-29T11:24:06 | INFO     | session_runner | Stale signal: SPY/vwap_reclaim age=94 min > max 10 min — skipped
2026-09-29T11:24:36 | INFO     | session_runner | [cycle 224] 11:24:36 ET | positions=0 | entries=0
2026-09-29T11:24:36 | INFO     | session_runner | [bridge:SPY] rsi_trend ready: sufficient bars
2026-09-29T11:24:36 | INFO     | session_runner | Stale signal: SPY/vwap_reclaim age=20 min > max 10 min — skipped
2026-09-29T11:24:36 | INFO     | session_runner | Stale signal: SPY/orb age=85 min > max 10 min — skipped
2026-09-29T11:24:36 | INFO     | session_runner | Stale signal: SPY/vwap_reclaim age=95 min > max 10 min — skipped
2026-09-29T11:25:06 | INFO     | session_runner | [cycle 225] 11:25:06 ET | positions=0 | entries=0
2026-09-29T11:25:06 | INFO     | session_runner | [bridge:SPY] rsi_trend ready: sufficient bars
2026-09-29T11:25:06 | INFO     | session_runner | Stale signal: SPY/vwap_reclaim age=20 min > max 10 min — skipped
2026-09-29T11:25:06 | INFO     | session_runner | Stale signal: SPY/orb age=85 min > max 10 min — skipped
2026-09-29T11:25:06 | INFO     | session_runner | Stale signal: SPY/vwap_reclaim age=95 min > max 10 min — skipped
2026-09-29T11:25:36 | INFO     | session_runner | [cycle 226] 11:25:36 ET | positions=0 | entries=0
2026-09-29T11:25:37 | INFO     | session_runner | [bridge:SPY] rsi_trend ready: sufficient bars
2026-09-29T11:25:37 | INFO     | session_runner | Stale signal: SPY/vwap_reclaim age=21 min > max 10 min — skipped
2026-09-29T11:25:37 | INFO     | session_runner | Stale signal: SPY/orb age=86 min > max 10 min — skipped
2026-09-29T11:25:37 | INFO     | session_runner | Stale signal: SPY/vwap_reclaim age=96 min > max 10 min — skipped
2026-09-29T11:26:07 | INFO     | session_runner | [cycle 227] 11:26:07 ET | positions=0 | entries=0
2026-09-29T11:26:07 | INFO     | session_runner | [bridge:SPY] rsi_trend ready: sufficient bars
2026-09-29T11:26:07 | INFO     | session_runner | Stale signal: SPY/vwap_reclaim age=21 min > max 10 min — skipped
2026-09-29T11:26:07 | INFO     | session_runner | Stale signal: SPY/orb age=86 min > max 10 min — skipped
2026-09-29T11:26:07 | INFO     | session_runner | Stale signal: SPY/vwap_reclaim age=96 min > max 10 min — skipped
2026-09-29T11:26:37 | INFO     | session_runner | [cycle 228] 11:26:37 ET | positions=0 | entries=0
2026-09-29T11:26:37 | INFO     | session_runner | [bridge:SPY] rsi_trend ready: sufficient bars
2026-09-29T11:26:37 | INFO     | session_runner | Stale signal: SPY/vwap_reclaim age=22 min > max 10 min — skipped
2026-09-29T11:26:37 | INFO     | session_runner | Stale signal: SPY/orb age=87 min > max 10 min — skipped
2026-09-29T11:26:37 | INFO     | session_runner | Stale signal: SPY/vwap_reclaim age=97 min > max 10 min — skipped
2026-09-29T11:27:07 | INFO     | session_runner | [cycle 229] 11:27:07 ET | positions=0 | entries=0
2026-09-29T11:27:07 | INFO     | session_runner | [bridge:SPY] rsi_trend ready: sufficient bars
2026-09-29T11:27:07 | INFO     | session_runner | Stale signal: SPY/vwap_reclaim age=22 min > max 10 min — skipped
2026-09-29T11:27:07 | INFO     | session_runner | Stale signal: SPY/orb age=87 min > max 10 min — skipped
2026-09-29T11:27:07 | INFO     | session_runner | Stale signal: SPY/vwap_reclaim age=97 min > max 10 min — skipped
2026-09-29T11:27:37 | INFO     | session_runner | [cycle 230] 11:27:37 ET | positions=0 | entries=0
2026-09-29T11:27:37 | INFO     | session_runner | [bridge:SPY] rsi_trend ready: sufficient bars
2026-09-29T11:27:37 | INFO     | session_runner | Stale signal: SPY/vwap_reclaim age=23 min > max 10 min — skipped
2026-09-29T11:27:37 | INFO     | session_runner | Stale signal: SPY/orb age=88 min > max 10 min — skipped
2026-09-29T11:27:37 | INFO     | session_runner | Stale signal: SPY/vwap_reclaim age=98 min > max 10 min — skipped
2026-09-29T11:28:08 | INFO     | session_runner | [cycle 231] 11:28:08 ET | positions=0 | entries=0
2026-09-29T11:28:08 | INFO     | session_runner | Periodic universe re-scan …
2026-09-29T11:28:08 | INFO     | app.scanning.universe_loader | UniverseLoader: loaded 5 groups (13 flat symbols) from config/ticker_universe.yaml (blacklist=0)
2026-09-29T11:28:08 | INFO     | app.scanning.universe_loader | UniverseLoader: 38 symbols from 4 group(s) (blacklist=0)
2026-09-29T11:28:08 | INFO     | session_runner | Universe scan: 38 symbols from 4 group(s) | max_active=6
2026-09-29T11:28:11 | INFO     | session_runner | Scan: 20 passed, 18 rejected
2026-09-29T11:28:11 | INFO     | session_runner |   GOOGL   score=80.0  signal=SHORT    reasons: rvol=1.30x (normal), atr=2.28% (wide-range), orb_breakdown
2026-09-29T11:28:11 | INFO     | session_runner |   RIVN    score=70.0  signal=LONG     reasons: rvol=1.78x (elevated), atr=4.23% (wide-range), orb_breakout
2026-09-29T11:28:11 | INFO     | session_runner |   HOOD    score=67.0  signal=SHORT    reasons: rvol=1.11x (normal), atr=4.69% (wide-range), orb_breakdown
2026-09-29T11:28:11 | INFO     | session_runner |   SPY     score=65.0  signal=SHORT    reasons: rvol=1.01x (normal), atr=0.84% (good range), orb_breakdown
2026-09-29T11:28:11 | INFO     | session_runner |   DKNG    score=65.0  signal=SHORT    reasons: rvol=1.39x (normal), atr=5.44% (wide-range), orb_breakdown
2026-09-29T11:28:11 | WARNING  | app.scanning.alpaca_confirmer | AlpacaConfirmer: cannot fetch chain for DKNG 2026-10-02: Client error '401 Unauthorized' for url 'https://api.tradier.com/v1/markets/quotes?symbols=DKNG261002C00011000%2CDKNG261002C00012000%2CDKNG261002C00013000%2CDKNG261002C00014000%2CDKNG261002C00015000%2CDKNG261002C00016000%2CDKNG261002C00017000%2CDKNG261002C00018000%2CDKNG261002C00019000%2CDKNG261002C00020000%2CDKNG261002C00020500%2CDKNG261002C00021000%2CDKNG261002C00021500%2CDKNG261002C00022000%2CDKNG261002C00022500%2CDKNG261002C00023000%2CDKNG261002C00023500%2CDKNG261002C00024000%2CDKNG261002C00024500%2CDKNG261002C00025000%2CDKNG261002C00025500%2CDKNG261002C00026000%2CDKNG261002C00026500%2CDKNG261002C00027000%2CDKNG261002C00027500%2CDKNG261002C00028000%2CDKNG261002C00028500%2CDKNG261002C00029000%2CDKNG261002C00030000%2CDKNG261002C00031000%2CDKNG261002C00032000%2CDKNG261002C00033000%2CDKNG261002C00034000%2CDKNG261002C00035000%2CDKNG261002C00036000%2CDKNG261002P00011000%2CDKNG261002P00012000%2CDKNG261002P00013000%2CDKNG261002P00014000%2CDKNG261002P00015000%2CDKNG261002P00016000%2CDKNG261002P00017000%2CDKNG261002P00018000%2CDKNG261002P00019000%2CDKNG261002P00020000%2CDKNG261002P00020500%2CDKNG261002P00021000%2CDKNG261002P00021500%2CDKNG261002P00022000%2CDKNG261002P00022500&greeks=true'
For more information check: https://developer.mozilla.org/en-US/docs/Web/HTTP/Status/401
2026-09-29T11:28:11 | WARNING  | app.scanning.alpaca_confirmer | AlpacaConfirmer: cannot fetch chain for SPY 2026-10-01: Client error '401 Unauthorized' for url 'https://api.tradier.com/v1/markets/quotes?symbols=SPY261001C00550000%2CSPY261001C00555000%2CSPY261001C00560000%2CSPY261001C00565000%2CSPY261001C00570000%2CSPY261001C00575000%2CSPY261001C00580000%2CSPY261001C00585000%2CSPY261001C00590000%2CSPY261001C00595000%2CSPY261001C00600000%2CSPY261001C00605000%2CSPY261001C00610000%2CSPY261001C00615000%2CSPY261001C00620000%2CSPY261001C00625000%2CSPY261001C00630000%2CSPY261001C00635000%2CSPY261001C00640000%2CSPY261001C00645000%2CSPY261001C00650000%2CSPY261001C00655000%2CSPY261001C00660000%2CSPY261001C00665000%2CSPY261001C00670000%2CSPY261001C00675000%2CSPY261001C00680000%2CSPY261001C00685000%2CSPY261001C00690000%2CSPY261001C00695000%2CSPY261001C00700000%2CSPY261001C00705000%2CSPY261001C00710000%2CSPY261001C00715000%2CSPY261001C00718000%2CSPY261001C00719000%2CSPY261001C00720000%2CSPY261001C00721000%2CSPY261001C00722000%2CSPY261001C00723000%2CSPY261001C00724000%2CSPY261001C00725000%2CSPY261001C00726000%2CSPY261001C00727000%2CSPY261001C00728000%2CSPY261001C00729000%2CSPY261001C00730000%2CSPY261001C00731000%2CSPY261001C00732000%2CSPY261001C00733000&greeks=true'
For more information check: https://developer.mozilla.org/en-US/docs/Web/HTTP/Status/401
2026-09-29T11:28:11 | WARNING  | app.scanning.alpaca_confirmer | AlpacaConfirmer: cannot fetch chain for IWM 2026-10-01: Client error '401 Unauthorized' for url 'https://api.tradier.com/v1/markets/quotes?symbols=IWM261001C00180000%2CIWM261001C00190000%2CIWM261001C00200000%2CIWM261001C00205000%2CIWM261001C00210000%2CIWM261001C00215000%2CIWM261001C00220000%2CIWM261001C00225000%2CIWM261001C00230000%2CIWM261001C00235000%2CIWM261001C00240000%2CIWM261001C00245000%2CIWM261001C00250000%2CIWM261001C00255000%2CIWM261001C00260000%2CIWM261001C00261000%2CIWM261001C00262000%2CIWM261001C00263000%2CIWM261001C00264000%2CIWM261001C00265000%2CIWM261001C00266000%2CIWM261001C00267000%2CIWM261001C00268000%2CIWM261001C00269000%2CIWM261001C00270000%2CIWM261001C00271000%2CIWM261001C00272000%2CIWM261001C00273000%2CIWM261001C00274000%2CIWM261001C00275000%2CIWM261001C00276000%2CIWM261001C00277000%2CIWM261001C00278000%2CIWM261001C00279000%2CIWM261001C00280000%2CIWM261001C00281000%2CIWM261001C00282000%2CIWM261001C00283000%2CIWM261001C00284000%2CIWM261001C00285000%2CIWM261001C00286000%2CIWM261001C00287000%2CIWM261001C00288000%2CIWM261001C00289000%2CIWM261001C00290000%2CIWM261001C00291000%2CIWM261001C00292000%2CIWM261001C00293000%2CIWM261001C00294000%2CIWM261001C00295000&greeks=true'
For more information check: https://developer.mozilla.org/en-US/docs/Web/HTTP/Status/401
2026-09-29T11:28:11 | WARNING  | app.scanning.alpaca_confirmer | AlpacaConfirmer: cannot fetch chain for XLF 2026-10-01: Client error '401 Unauthorized' for url 'https://api.tradier.com/v1/markets/quotes?symbols=XLF261001C00041000%2CXLF261001C00042000%2CXLF261001C00043000%2CXLF261001C00044000%2CXLF261001C00045000%2CXLF261001C00046000%2CXLF261001C00047000%2CXLF261001C00048000%2CXLF261001C00049000%2CXLF261001C00050000%2CXLF261001C00050500%2CXLF261001C00051000%2CXLF261001C00051500%2CXLF261001C00052000%2CXLF261001C00052500%2CXLF261001C00053000%2CXLF261001C00053500%2CXLF261001C00054000%2CXLF261001C00054500%2CXLF261001C00055000%2CXLF261001C00055500%2CXLF261001C00056000%2CXLF261001C00056500%2CXLF261001C00057000%2CXLF261001C00057500%2CXLF261001C00058000%2CXLF261001C00058500%2CXLF261001C00059000%2CXLF261001C00059500%2CXLF261001C00060000%2CXLF261001C00060500%2CXLF261001C00061000%2CXLF261001C00061500%2CXLF261001C00062000%2CXLF261001C00062500%2CXLF261001C00063000%2CXLF261001C00063500%2CXLF261001C00064000%2CXLF261001C00064500%2CXLF261001C00065000%2CXLF261001C00066000%2CXLF261001C00067000%2CXLF261001C00068000%2CXLF261001C00069000%2CXLF261001C00070000%2CXLF261001C00071000%2CXLF261001C00072000%2CXLF261001C00073000%2CXLF261001C00074000%2CXLF261001P00041000&greeks=true'
For more information check: https://developer.mozilla.org/en-US/docs/Web/HTTP/Status/401
2026-09-29T11:28:11 | WARNING  | app.scanning.alpaca_confirmer | AlpacaConfirmer: cannot fetch chain for GOOGL 2026-10-02: Client error '401 Unauthorized' for url 'https://api.tradier.com/v1/markets/quotes?symbols=GOOGL261002C00100000%2CGOOGL261002C00105000%2CGOOGL261002C00110000%2CGOOGL261002C00115000%2CGOOGL261002C00120000%2CGOOGL261002C00125000%2CGOOGL261002C00130000%2CGOOGL261002C00135000%2CGOOGL261002C00140000%2CGOOGL261002C00145000%2CGOOGL261002C00150000%2CGOOGL261002C00155000%2CGOOGL261002C00160000%2CGOOGL261002C00165000%2CGOOGL261002C00170000%2CGOOGL261002C00175000%2CGOOGL261002C00180000%2CGOOGL261002C00185000%2CGOOGL261002C00190000%2CGOOGL261002C00195000%2CGOOGL261002C00200000%2CGOOGL261002C00205000%2CGOOGL261002C00210000%2CGOOGL261002C00215000%2CGOOGL261002C00220000%2CGOOGL261002C00225000%2CGOOGL261002C00230000%2CGOOGL261002C00235000%2CGOOGL261002C00240000%2CGOOGL261002C00245000%2CGOOGL261002C00250000%2CGOOGL261002C00255000%2CGOOGL261002C00260000%2CGOOGL261002C00265000%2CGOOGL261002C00270000%2CGOOGL261002C00275000%2CGOOGL261002C00280000%2CGOOGL261002C00285000%2CGOOGL261002C00290000%2CGOOGL261002C00295000%2CGOOGL261002C00300000%2CGOOGL261002C00305000%2CGOOGL261002C00307500%2CGOOGL261002C00310000%2CGOOGL261002C00312500%2CGOOGL261002C00315000%2CGOOGL261002C00317500%2CGOOGL261002C00320000%2CGOOGL261002C00322500%2CGOOGL261002C00325000&greeks=true'
For more information check: https://developer.mozilla.org/en-US/docs/Web/HTTP/Status/401
2026-09-29T11:28:11 | WARNING  | app.scanning.alpaca_confirmer | AlpacaConfirmer: cannot fetch chain for HOOD 2026-10-02: Client error '401 Unauthorized' for url 'https://api.tradier.com/v1/markets/quotes?symbols=HOOD261002C00025000%2CHOOD261002C00030000%2CHOOD261002C00035000%2CHOOD261002C00040000%2CHOOD261002C00045000%2CHOOD261002C00050000%2CHOOD261002C00055000%2CHOOD261002C00060000%2CHOOD261002C00065000%2CHOOD261002C00070000%2CHOOD261002C00075000%2CHOOD261002C00080000%2CHOOD261002C00082000%2CHOOD261002C00083000%2CHOOD261002C00084000%2CHOOD261002C00085000%2CHOOD261002C00086000%2CHOOD261002C00087000%2CHOOD261002C00088000%2CHOOD261002C00089000%2CHOOD261002C00090000%2CHOOD261002C00091000%2CHOOD261002C00092000%2CHOOD261002C00093000%2CHOOD261002C00094000%2CHOOD261002C00095000%2CHOOD261002C00096000%2CHOOD261002C00097000%2CHOOD261002C00098000%2CHOOD261002C00099000%2CHOOD261002C00100000%2CHOOD261002C00101000%2CHOOD261002C00102000%2CHOOD261002C00103000%2CHOOD261002C00104000%2CHOOD261002C00105000%2CHOOD261002C00106000%2CHOOD261002C00107000%2CHOOD261002C00108000%2CHOOD261002C00109000%2CHOOD261002C00110000%2CHOOD261002C00111000%2CHOOD261002C00112000%2CHOOD261002C00113000%2CHOOD261002C00114000%2CHOOD261002C00115000%2CHOOD261002C00116000%2CHOOD261002C00117000%2CHOOD261002C00118000%2CHOOD261002C00119000&greeks=true'
For more information check: https://developer.mozilla.org/en-US/docs/Web/HTTP/Status/401
2026-09-29T11:28:11 | WARNING  | app.scanning.alpaca_confirmer | AlpacaConfirmer: cannot fetch chain for LYFT 2026-10-02: Client error '401 Unauthorized' for url 'https://api.tradier.com/v1/markets/quotes?symbols=LYFT261002C00005000%2CLYFT261002C00008000%2CLYFT261002C00009000%2CLYFT261002C00010000%2CLYFT261002C00010500%2CLYFT261002C00011000%2CLYFT261002C00011500%2CLYFT261002C00012000%2CLYFT261002C00012500%2CLYFT261002C00013000%2CLYFT261002C00013500%2CLYFT261002C00014000%2CLYFT261002C00014500%2CLYFT261002C00015000%2CLYFT261002C00015500%2CLYFT261002C00016000%2CLYFT261002C00016500%2CLYFT261002C00017000%2CLYFT261002C00017500%2CLYFT261002C00018000%2CLYFT261002C00018500%2CLYFT261002C00019000%2CLYFT261002C00019500%2CLYFT261002C00020000%2CLYFT261002C00020500%2CLYFT261002C00021000%2CLYFT261002C00021500%2CLYFT261002C00022000%2CLYFT261002C00023000%2CLYFT261002C00024000%2CLYFT261002C00025000%2CLYFT261002P00005000%2CLYFT261002P00008000%2CLYFT261002P00009000%2CLYFT261002P00010000%2CLYFT261002P00010500%2CLYFT261002P00011000%2CLYFT261002P00011500%2CLYFT261002P00012000%2CLYFT261002P00012500%2CLYFT261002P00013000%2CLYFT261002P00013500%2CLYFT261002P00014000%2CLYFT261002P00014500%2CLYFT261002P00015000%2CLYFT261002P00015500%2CLYFT261002P00016000%2CLYFT261002P00016500%2CLYFT261002P00017000%2CLYFT261002P00017500&greeks=true'
For more information check: https://developer.mozilla.org/en-US/docs/Web/HTTP/Status/401
2026-09-29T11:28:11 | WARNING  | app.scanning.alpaca_confirmer | AlpacaConfirmer: cannot fetch chain for AAPL 2026-10-02: Client error '401 Unauthorized' for url 'https://api.tradier.com/v1/markets/quotes?symbols=AAPL261002C00110000%2CAAPL261002C00120000%2CAAPL261002C00125000%2CAAPL261002C00130000%2CAAPL261002C00135000%2CAAPL261002C00140000%2CAAPL261002C00145000%2CAAPL261002C00150000%2CAAPL261002C00155000%2CAAPL261002C00160000%2CAAPL261002C00165000%2CAAPL261002C00170000%2CAAPL261002C00175000%2CAAPL261002C00180000%2CAAPL261002C00185000%2CAAPL261002C00190000%2CAAPL261002C00195000%2CAAPL261002C00200000%2CAAPL261002C00205000%2CAAPL261002C00210000%2CAAPL261002C00215000%2CAAPL261002C00220000%2CAAPL261002C00225000%2CAAPL261002C00230000%2CAAPL261002C00235000%2CAAPL261002C00240000%2CAAPL261002C00245000%2CAAPL261002C00250000%2CAAPL261002C00255000%2CAAPL261002C00260000%2CAAPL261002C00265000%2CAAPL261002C00270000%2CAAPL261002C00275000%2CAAPL261002C00280000%2CAAPL261002C00285000%2CAAPL261002C00290000%2CAAPL261002C00295000%2CAAPL261002C00297500%2CAAPL261002C00300000%2CAAPL261002C00302500%2CAAPL261002C00305000%2CAAPL261002C00307500%2CAAPL261002C00310000%2CAAPL261002C00312500%2CAAPL261002C00315000%2CAAPL261002C00317500%2CAAPL261002C00320000%2CAAPL261002C00322500%2CAAPL261002C00325000%2CAAPL261002C00327500&greeks=true'
For more information check: https://developer.mozilla.org/en-US/docs/Web/HTTP/Status/401
2026-09-29T11:28:11 | WARNING  | app.scanning.alpaca_confirmer | AlpacaConfirmer: cannot fetch chain for META 2026-10-02: Client error '401 Unauthorized' for url 'https://api.tradier.com/v1/markets/quotes?symbols=META261002C00100000%2CMETA261002C00110000%2CMETA261002C00120000%2CMETA261002C00130000%2CMETA261002C00140000%2CMETA261002C00150000%2CMETA261002C00160000%2CMETA261002C00170000%2CMETA261002C00180000%2CMETA261002C00190000%2CMETA261002C00200000%2CMETA261002C00210000%2CMETA261002C00220000%2CMETA261002C00230000%2CMETA261002C00240000%2CMETA261002C00250000%2CMETA261002C00260000%2CMETA261002C00270000%2CMETA261002C00280000%2CMETA261002C00290000%2CMETA261002C00300000%2CMETA261002C00310000%2CMETA261002C00320000%2CMETA261002C00330000%2CMETA261002C00340000%2CMETA261002C00350000%2CMETA261002C00360000%2CMETA261002C00370000%2CMETA261002C00380000%2CMETA261002C00390000%2CMETA261002C00400000%2CMETA261002C00405000%2CMETA261002C00410000%2CMETA261002C00415000%2CMETA261002C00420000%2CMETA261002C00425000%2CMETA261002C00430000%2CMETA261002C00435000%2CMETA261002C00440000%2CMETA261002C00445000%2CMETA261002C00450000%2CMETA261002C00455000%2CMETA261002C00460000%2CMETA261002C00465000%2CMETA261002C00470000%2CMETA261002C00475000%2CMETA261002C00480000%2CMETA261002C00485000%2CMETA261002C00490000%2CMETA261002C00495000&greeks=true'
For more information check: https://developer.mozilla.org/en-US/docs/Web/HTTP/Status/401
2026-09-29T11:28:11 | WARNING  | app.scanning.alpaca_confirmer | AlpacaConfirmer: cannot fetch chain for RIVN 2026-10-02: Client error '401 Unauthorized' for url 'https://api.tradier.com/v1/markets/quotes?symbols=RIVN261002C00005000%2CRIVN261002C00009000%2CRIVN261002C00010000%2CRIVN261002C00010500%2CRIVN261002C00011000%2CRIVN261002C00011500%2CRIVN261002C00012000%2CRIVN261002C00012500%2CRIVN261002C00013000%2CRIVN261002C00013500%2CRIVN261002C00014000%2CRIVN261002C00014500%2CRIVN261002C00015000%2CRIVN261002C00015500%2CRIVN261002C00016000%2CRIVN261002C00016500%2CRIVN261002C00017000%2CRIVN261002C00017500%2CRIVN261002C00018000%2CRIVN261002C00018500%2CRIVN261002C00019000%2CRIVN261002C00019500%2CRIVN261002C00020000%2CRIVN261002C00020500%2CRIVN261002C00021000%2CRIVN261002C00021500%2CRIVN261002C00022000%2CRIVN261002C00023000%2CRIVN261002C00024000%2CRIVN261002C00025000%2CRIVN261002C00030000%2CRIVN261002P00005000%2CRIVN261002P00009000%2CRIVN261002P00010000%2CRIVN261002P00010500%2CRIVN261002P00011000%2CRIVN261002P00011500%2CRIVN261002P00012000%2CRIVN261002P00012500%2CRIVN261002P00013000%2CRIVN261002P00013500%2CRIVN261002P00014000%2CRIVN261002P00014500%2CRIVN261002P00015000%2CRIVN261002P00015500%2CRIVN261002P00016000%2CRIVN261002P00016500%2CRIVN261002P00017000%2CRIVN261002P00017500%2CRIVN261002P00018000&greeks=true'
For more information check: https://developer.mozilla.org/en-US/docs/Web/HTTP/Status/401
2026-09-29T11:28:11 | WARNING  | app.scanning.alpaca_confirmer | AlpacaConfirmer: cannot fetch chain for XLE 2026-10-02: Client error '401 Unauthorized' for url 'https://api.tradier.com/v1/markets/quotes?symbols=XLE261002C00035000%2CXLE261002C00040000%2CXLE261002C00045000%2CXLE261002C00048000%2CXLE261002C00049000%2CXLE261002C00050000%2CXLE261002C00051000%2CXLE261002C00052000%2CXLE261002C00053000%2CXLE261002C00054000%2CXLE261002C00054500%2CXLE261002C00055000%2CXLE261002C00055500%2CXLE261002C00056000%2CXLE261002C00056500%2CXLE261002C00057000%2CXLE261002C00057500%2CXLE261002C00058000%2CXLE261002C00058500%2CXLE261002C00059000%2CXLE261002C00059500%2CXLE261002C00060000%2CXLE261002C00060500%2CXLE261002C00061000%2CXLE261002C00061500%2CXLE261002C00062000%2CXLE261002C00062500%2CXLE261002C00063000%2CXLE261002C00063500%2CXLE261002C00064000%2CXLE261002C00064500%2CXLE261002C00065000%2CXLE261002C00065500%2CXLE261002C00066000%2CXLE261002C00066500%2CXLE261002C00067000%2CXLE261002C00068000%2CXLE261002C00068500%2CXLE261002C00069000%2CXLE261002C00070000%2CXLE261002C00071000%2CXLE261002C00075000%2CXLE261002C00080000%2CXLE261002P00035000%2CXLE261002P00040000%2CXLE261002P00045000%2CXLE261002P00048000%2CXLE261002P00049000%2CXLE261002P00050000%2CXLE261002P00051000&greeks=true'
For more information check: https://developer.mozilla.org/en-US/docs/Web/HTTP/Status/401
2026-09-29T11:28:11 | WARNING  | app.scanning.alpaca_confirmer | AlpacaConfirmer: cannot fetch chain for MSFT 2026-10-02: Client error '401 Unauthorized' for url 'https://api.tradier.com/v1/markets/quotes?symbols=MSFT261002C00270000%2CMSFT261002C00280000%2CMSFT261002C00290000%2CMSFT261002C00300000%2CMSFT261002C00305000%2CMSFT261002C00310000%2CMSFT261002C00315000%2CMSFT261002C00320000%2CMSFT261002C00325000%2CMSFT261002C00330000%2CMSFT261002C00335000%2CMSFT261002C00340000%2CMSFT261002C00345000%2CMSFT261002C00350000%2CMSFT261002C00355000%2CMSFT261002C00360000%2CMSFT261002C00365000%2CMSFT261002C00370000%2CMSFT261002C00375000%2CMSFT261002C00380000%2CMSFT261002C00385000%2CMSFT261002C00390000%2CMSFT261002C00395000%2CMSFT261002C00400000%2CMSFT261002C00405000%2CMSFT261002C00410000%2CMSFT261002C00415000%2CMSFT261002C00420000%2CMSFT261002C00425000%2CMSFT261002C00430000%2CMSFT261002C00435000%2CMSFT261002C00437500%2CMSFT261002C00440000%2CMSFT261002C00442500%2CMSFT261002C00445000%2CMSFT261002C00447500%2CMSFT261002C00450000%2CMSFT261002C00452500%2CMSFT261002C00455000%2CMSFT261002C00457500%2CMSFT261002C00460000%2CMSFT261002C00462500%2CMSFT261002C00465000%2CMSFT261002C00467500%2CMSFT261002C00470000%2CMSFT261002C00472500%2CMSFT261002C00475000%2CMSFT261002C00477500%2CMSFT261002C00480000%2CMSFT261002C00482500&greeks=true'
For more information check: https://developer.mozilla.org/en-US/docs/Web/HTTP/Status/401
2026-09-29T11:28:11 | INFO     | session_runner | AlpacaConfirmer: 0 confirmed symbols: []
2026-09-29T11:28:11 | WARNING  | session_runner | Re-scan returned no confirmed symbols — falling back to ['SPY']
2026-09-29T11:28:11 | INFO     | session_runner | Broad-market regime | SPY=short
2026-09-29T11:28:11 | INFO     | session_runner | [bridge:SPY] rsi_trend ready: sufficient bars
2026-09-29T11:28:11 | INFO     | session_runner | Stale signal: SPY/vwap_reclaim age=23 min > max 10 min — skipped
2026-09-29T11:28:11 | INFO     | session_runner | Stale signal: SPY/orb age=88 min > max 10 min — skipped
2026-09-29T11:28:11 | INFO     | session_runner | Stale signal: SPY/vwap_reclaim age=98 min > max 10 min — skipped
2026-09-29T11:28:41 | INFO     | session_runner | [cycle 232] 11:28:41 ET | positions=0 | entries=0
2026-09-29T11:28:41 | INFO     | session_runner | [bridge:SPY] rsi_trend ready: sufficient bars
2026-09-29T11:28:41 | INFO     | session_runner | Stale signal: SPY/vwap_reclaim age=24 min > max 10 min — skipped
2026-09-29T11:28:41 | INFO     | session_runner | Stale signal: SPY/orb age=89 min > max 10 min — skipped
2026-09-29T11:28:41 | INFO     | session_runner | Stale signal: SPY/vwap_reclaim age=99 min > max 10 min — skipped
2026-09-29T11:29:12 | INFO     | session_runner | [cycle 233] 11:29:12 ET | positions=0 | entries=0
2026-09-29T11:29:12 | INFO     | session_runner | [bridge:SPY] rsi_trend ready: sufficient bars
2026-09-29T11:29:12 | INFO     | session_runner | Stale signal: SPY/vwap_reclaim age=24 min > max 10 min — skipped
2026-09-29T11:29:12 | INFO     | session_runner | Stale signal: SPY/orb age=89 min > max 10 min — skipped
2026-09-29T11:29:12 | INFO     | session_runner | Stale signal: SPY/vwap_reclaim age=99 min > max 10 min — skipped
2026-09-29T11:29:42 | INFO     | session_runner | [cycle 234] 11:29:42 ET | positions=0 | entries=0
2026-09-29T11:29:42 | INFO     | session_runner | [bridge:SPY] rsi_trend ready: sufficient bars
2026-09-29T11:29:42 | INFO     | session_runner | Stale signal: SPY/vwap_reclaim age=25 min > max 10 min — skipped
2026-09-29T11:29:42 | INFO     | session_runner | Stale signal: SPY/orb age=90 min > max 10 min — skipped
2026-09-29T11:29:42 | INFO     | session_runner | Stale signal: SPY/vwap_reclaim age=100 min > max 10 min — skipped
2026-09-29T11:30:12 | INFO     | session_runner | [cycle 235] 11:30:12 ET | positions=0 | entries=0
2026-09-29T11:30:12 | INFO     | session_runner | [bridge:SPY] rsi_trend ready: sufficient bars
2026-09-29T11:30:12 | INFO     | session_runner | Stale signal: SPY/vwap_reclaim age=25 min > max 10 min — skipped
2026-09-29T11:30:12 | INFO     | session_runner | Stale signal: SPY/orb age=90 min > max 10 min — skipped
2026-09-29T11:30:12 | INFO     | session_runner | Stale signal: SPY/vwap_reclaim age=100 min > max 10 min — skipped
2026-09-29T11:30:42 | INFO     | session_runner | [cycle 236] 11:30:42 ET | positions=0 | entries=0
2026-09-29T11:30:43 | INFO     | session_runner | [bridge:SPY] rsi_trend ready: sufficient bars
2026-09-29T11:30:43 | INFO     | session_runner | Stale signal: SPY/vwap_reclaim age=26 min > max 10 min — skipped
2026-09-29T11:30:43 | INFO     | session_runner | Stale signal: SPY/orb age=91 min > max 10 min — skipped
2026-09-29T11:30:43 | INFO     | session_runner | Stale signal: SPY/vwap_reclaim age=101 min > max 10 min — skipped
2026-09-29T11:31:13 | INFO     | session_runner | [cycle 237] 11:31:13 ET | positions=0 | entries=0
2026-09-29T11:31:13 | INFO     | session_runner | [bridge:SPY] rsi_trend ready: sufficient bars
2026-09-29T11:31:13 | INFO     | session_runner | Stale signal: SPY/vwap_reclaim age=26 min > max 10 min — skipped
2026-09-29T11:31:13 | INFO     | session_runner | Stale signal: SPY/orb age=91 min > max 10 min — skipped
2026-09-29T11:31:13 | INFO     | session_runner | Stale signal: SPY/vwap_reclaim age=101 min > max 10 min — skipped
2026-09-29T11:31:43 | INFO     | session_runner | [cycle 238] 11:31:43 ET | positions=0 | entries=0
2026-09-29T11:31:43 | INFO     | session_runner | [bridge:SPY] rsi_trend ready: sufficient bars
2026-09-29T11:31:43 | INFO     | session_runner | Stale signal: SPY/vwap_reclaim age=27 min > max 10 min — skipped
2026-09-29T11:31:43 | INFO     | session_runner | Stale signal: SPY/orb age=92 min > max 10 min — skipped
2026-09-29T11:31:43 | INFO     | session_runner | Stale signal: SPY/vwap_reclaim age=102 min > max 10 min — skipped
2026-09-29T11:32:13 | INFO     | session_runner | [cycle 239] 11:32:13 ET | positions=0 | entries=0
2026-09-29T11:32:13 | INFO     | session_runner | [bridge:SPY] rsi_trend ready: sufficient bars
2026-09-29T11:32:13 | INFO     | session_runner | Stale signal: SPY/vwap_reclaim age=27 min > max 10 min — skipped
2026-09-29T11:32:13 | INFO     | session_runner | Stale signal: SPY/orb age=92 min > max 10 min — skipped
2026-09-29T11:32:13 | INFO     | session_runner | Stale signal: SPY/vwap_reclaim age=102 min > max 10 min — skipped
2026-09-29T11:32:43 | INFO     | session_runner | [cycle 240] 11:32:43 ET | positions=0 | entries=0
2026-09-29T11:32:44 | INFO     | session_runner | [bridge:SPY] rsi_trend ready: sufficient bars
2026-09-29T11:32:44 | INFO     | session_runner | Stale signal: SPY/vwap_reclaim age=28 min > max 10 min — skipped
2026-09-29T11:32:44 | INFO     | session_runner | Stale signal: SPY/orb age=93 min > max 10 min — skipped
2026-09-29T11:32:44 | INFO     | session_runner | Stale signal: SPY/vwap_reclaim age=103 min > max 10 min — skipped
2026-09-29T11:33:14 | INFO     | session_runner | [cycle 241] 11:33:14 ET | positions=0 | entries=0
2026-09-29T11:33:14 | INFO     | app.trading.reconciler | Reconciliation done: broker_pos=0 local_pos=0 broker_orders=0 local_pending=0 repaired=0 flagged=0 orders_confirmed=True positions_confirmed=True
2026-09-29T11:33:14 | INFO     | session_runner | Periodic universe re-scan …
2026-09-29T11:33:14 | INFO     | app.scanning.universe_loader | UniverseLoader: loaded 5 groups (13 flat symbols) from config/ticker_universe.yaml (blacklist=0)
2026-09-29T11:33:14 | INFO     | app.scanning.universe_loader | UniverseLoader: 38 symbols from 4 group(s) (blacklist=0)
2026-09-29T11:33:14 | INFO     | session_runner | Universe scan: 38 symbols from 4 group(s) | max_active=6
2026-09-29T11:33:18 | INFO     | session_runner | Scan: 18 passed, 20 rejected
2026-09-29T11:33:18 | INFO     | session_runner |   GOOGL   score=80.0  signal=SHORT    reasons: rvol=1.30x (normal), atr=2.28% (wide-range), orb_breakdown
2026-09-29T11:33:18 | INFO     | session_runner |   RIVN    score=70.0  signal=LONG     reasons: rvol=1.75x (elevated), atr=4.22% (wide-range), orb_breakout
2026-09-29T11:33:18 | INFO     | session_runner |   HOOD    score=67.0  signal=SHORT    reasons: rvol=1.10x (normal), atr=4.67% (wide-range), orb_breakdown
2026-09-29T11:33:18 | INFO     | session_runner |   DKNG    score=65.0  signal=SHORT    reasons: rvol=1.36x (normal), atr=5.45% (wide-range), orb_breakdown
2026-09-29T11:33:18 | INFO     | session_runner |   MSFT    score=63.0  signal=LONG     reasons: rvol=1.16x (normal), atr=2.39% (wide-range), near_orb_level
2026-09-29T11:33:18 | WARNING  | app.scanning.alpaca_confirmer | AlpacaConfirmer: cannot fetch chain for GOOGL 2026-10-02: Client error '401 Unauthorized' for url 'https://api.tradier.com/v1/markets/quotes?symbols=GOOGL261002C00100000%2CGOOGL261002C00105000%2CGOOGL261002C00110000%2CGOOGL261002C00115000%2CGOOGL261002C00120000%2CGOOGL261002C00125000%2CGOOGL261002C00130000%2CGOOGL261002C00135000%2CGOOGL261002C00140000%2CGOOGL261002C00145000%2CGOOGL261002C00150000%2CGOOGL261002C00155000%2CGOOGL261002C00160000%2CGOOGL261002C00165000%2CGOOGL261002C00170000%2CGOOGL261002C00175000%2CGOOGL261002C00180000%2CGOOGL261002C00185000%2CGOOGL261002C00190000%2CGOOGL261002C00195000%2CGOOGL261002C00200000%2CGOOGL261002C00205000%2CGOOGL261002C00210000%2CGOOGL261002C00215000%2CGOOGL261002C00220000%2CGOOGL261002C00225000%2CGOOGL261002C00230000%2CGOOGL261002C00235000%2CGOOGL261002C00240000%2CGOOGL261002C00245000%2CGOOGL261002C00250000%2CGOOGL261002C00255000%2CGOOGL261002C00260000%2CGOOGL261002C00265000%2CGOOGL261002C00270000%2CGOOGL261002C00275000%2CGOOGL261002C00280000%2CGOOGL261002C00285000%2CGOOGL261002C00290000%2CGOOGL261002C00295000%2CGOOGL261002C00300000%2CGOOGL261002C00305000%2CGOOGL261002C00307500%2CGOOGL261002C00310000%2CGOOGL261002C00312500%2CGOOGL261002C00315000%2CGOOGL261002C00317500%2CGOOGL261002C00320000%2CGOOGL261002C00322500%2CGOOGL261002C00325000&greeks=true'
For more information check: https://developer.mozilla.org/en-US/docs/Web/HTTP/Status/401
2026-09-29T11:33:18 | WARNING  | app.scanning.alpaca_confirmer | AlpacaConfirmer: cannot fetch chain for AAPL 2026-10-02: Client error '401 Unauthorized' for url 'https://api.tradier.com/v1/markets/quotes?symbols=AAPL261002C00110000%2CAAPL261002C00120000%2CAAPL261002C00125000%2CAAPL261002C00130000%2CAAPL261002C00135000%2CAAPL261002C00140000%2CAAPL261002C00145000%2CAAPL261002C00150000%2CAAPL261002C00155000%2CAAPL261002C00160000%2CAAPL261002C00165000%2CAAPL261002C00170000%2CAAPL261002C00175000%2CAAPL261002C00180000%2CAAPL261002C00185000%2CAAPL261002C00190000%2CAAPL261002C00195000%2CAAPL261002C00200000%2CAAPL261002C00205000%2CAAPL261002C00210000%2CAAPL261002C00215000%2CAAPL261002C00220000%2CAAPL261002C00225000%2CAAPL261002C00230000%2CAAPL261002C00235000%2CAAPL261002C00240000%2CAAPL261002C00245000%2CAAPL261002C00250000%2CAAPL261002C00255000%2CAAPL261002C00260000%2CAAPL261002C00265000%2CAAPL261002C00270000%2CAAPL261002C00275000%2CAAPL261002C00280000%2CAAPL261002C00285000%2CAAPL261002C00290000%2CAAPL261002C00295000%2CAAPL261002C00297500%2CAAPL261002C00300000%2CAAPL261002C00302500%2CAAPL261002C00305000%2CAAPL261002C00307500%2CAAPL261002C00310000%2CAAPL261002C00312500%2CAAPL261002C00315000%2CAAPL261002C00317500%2CAAPL261002C00320000%2CAAPL261002C00322500%2CAAPL261002C00325000%2CAAPL261002C00327500&greeks=true'
For more information check: https://developer.mozilla.org/en-US/docs/Web/HTTP/Status/401
2026-09-29T11:33:18 | WARNING  | app.scanning.alpaca_confirmer | AlpacaConfirmer: cannot fetch chain for XLE 2026-10-02: Client error '401 Unauthorized' for url 'https://api.tradier.com/v1/markets/quotes?symbols=XLE261002C00035000%2CXLE261002C00040000%2CXLE261002C00045000%2CXLE261002C00048000%2CXLE261002C00049000%2CXLE261002C00050000%2CXLE261002C00051000%2CXLE261002C00052000%2CXLE261002C00053000%2CXLE261002C00054000%2CXLE261002C00054500%2CXLE261002C00055000%2CXLE261002C00055500%2CXLE261002C00056000%2CXLE261002C00056500%2CXLE261002C00057000%2CXLE261002C00057500%2CXLE261002C00058000%2CXLE261002C00058500%2CXLE261002C00059000%2CXLE261002C00059500%2CXLE261002C00060000%2CXLE261002C00060500%2CXLE261002C00061000%2CXLE261002C00061500%2CXLE261002C00062000%2CXLE261002C00062500%2CXLE261002C00063000%2CXLE261002C00063500%2CXLE261002C00064000%2CXLE261002C00064500%2CXLE261002C00065000%2CXLE261002C00065500%2CXLE261002C00066000%2CXLE261002C00066500%2CXLE261002C00067000%2CXLE261002C00068000%2CXLE261002C00068500%2CXLE261002C00069000%2CXLE261002C00070000%2CXLE261002C00071000%2CXLE261002C00075000%2CXLE261002C00080000%2CXLE261002P00035000%2CXLE261002P00040000%2CXLE261002P00045000%2CXLE261002P00048000%2CXLE261002P00049000%2CXLE261002P00050000%2CXLE261002P00051000&greeks=true'
For more information check: https://developer.mozilla.org/en-US/docs/Web/HTTP/Status/401
2026-09-29T11:33:18 | WARNING  | app.scanning.alpaca_confirmer | AlpacaConfirmer: cannot fetch chain for HOOD 2026-10-02: Client error '401 Unauthorized' for url 'https://api.tradier.com/v1/markets/quotes?symbols=HOOD261002C00025000%2CHOOD261002C00030000%2CHOOD261002C00035000%2CHOOD261002C00040000%2CHOOD261002C00045000%2CHOOD261002C00050000%2CHOOD261002C00055000%2CHOOD261002C00060000%2CHOOD261002C00065000%2CHOOD261002C00070000%2CHOOD261002C00075000%2CHOOD261002C00080000%2CHOOD261002C00082000%2CHOOD261002C00083000%2CHOOD261002C00084000%2CHOOD261002C00085000%2CHOOD261002C00086000%2CHOOD261002C00087000%2CHOOD261002C00088000%2CHOOD261002C00089000%2CHOOD261002C00090000%2CHOOD261002C00091000%2CHOOD261002C00092000%2CHOOD261002C00093000%2CHOOD261002C00094000%2CHOOD261002C00095000%2CHOOD261002C00096000%2CHOOD261002C00097000%2CHOOD261002C00098000%2CHOOD261002C00099000%2CHOOD261002C00100000%2CHOOD261002C00101000%2CHOOD261002C00102000%2CHOOD261002C00103000%2CHOOD261002C00104000%2CHOOD261002C00105000%2CHOOD261002C00106000%2CHOOD261002C00107000%2CHOOD261002C00108000%2CHOOD261002C00109000%2CHOOD261002C00110000%2CHOOD261002C00111000%2CHOOD261002C00112000%2CHOOD261002C00113000%2CHOOD261002C00114000%2CHOOD261002C00115000%2CHOOD261002C00116000%2CHOOD261002C00117000%2CHOOD261002C00118000%2CHOOD261002C00119000&greeks=true'
For more information check: https://developer.mozilla.org/en-US/docs/Web/HTTP/Status/401
2026-09-29T11:33:18 | WARNING  | app.scanning.alpaca_confirmer | AlpacaConfirmer: cannot fetch chain for IWM 2026-10-01: Client error '401 Unauthorized' for url 'https://api.tradier.com/v1/markets/quotes?symbols=IWM261001C00180000%2CIWM261001C00190000%2CIWM261001C00200000%2CIWM261001C00205000%2CIWM261001C00210000%2CIWM261001C00215000%2CIWM261001C00220000%2CIWM261001C00225000%2CIWM261001C00230000%2CIWM261001C00235000%2CIWM261001C00240000%2CIWM261001C00245000%2CIWM261001C00250000%2CIWM261001C00255000%2CIWM261001C00260000%2CIWM261001C00261000%2CIWM261001C00262000%2CIWM261001C00263000%2CIWM261001C00264000%2CIWM261001C00265000%2CIWM261001C00266000%2CIWM261001C00267000%2CIWM261001C00268000%2CIWM261001C00269000%2CIWM261001C00270000%2CIWM261001C00271000%2CIWM261001C00272000%2CIWM261001C00273000%2CIWM261001C00274000%2CIWM261001C00275000%2CIWM261001C00276000%2CIWM261001C00277000%2CIWM261001C00278000%2CIWM261001C00279000%2CIWM261001C00280000%2CIWM261001C00281000%2CIWM261001C00282000%2CIWM261001C00283000%2CIWM261001C00284000%2CIWM261001C00285000%2CIWM261001C00286000%2CIWM261001C00287000%2CIWM261001C00288000%2CIWM261001C00289000%2CIWM261001C00290000%2CIWM261001C00291000%2CIWM261001C00292000%2CIWM261001C00293000%2CIWM261001C00294000%2CIWM261001C00295000&greeks=true'
For more information check: https://developer.mozilla.org/en-US/docs/Web/HTTP/Status/401
2026-09-29T11:33:18 | WARNING  | app.scanning.alpaca_confirmer | AlpacaConfirmer: cannot fetch chain for XLF 2026-10-01: Client error '401 Unauthorized' for url 'https://api.tradier.com/v1/markets/quotes?symbols=XLF261001C00041000%2CXLF261001C00042000%2CXLF261001C00043000%2CXLF261001C00044000%2CXLF261001C00045000%2CXLF261001C00046000%2CXLF261001C00047000%2CXLF261001C00048000%2CXLF261001C00049000%2CXLF261001C00050000%2CXLF261001C00050500%2CXLF261001C00051000%2CXLF261001C00051500%2CXLF261001C00052000%2CXLF261001C00052500%2CXLF261001C00053000%2CXLF261001C00053500%2CXLF261001C00054000%2CXLF261001C00054500%2CXLF261001C00055000%2CXLF261001C00055500%2CXLF261001C00056000%2CXLF261001C00056500%2CXLF261001C00057000%2CXLF261001C00057500%2CXLF261001C00058000%2CXLF261001C00058500%2CXLF261001C00059000%2CXLF261001C00059500%2CXLF261001C00060000%2CXLF261001C00060500%2CXLF261001C00061000%2CXLF261001C00061500%2CXLF261001C00062000%2CXLF261001C00062500%2CXLF261001C00063000%2CXLF261001C00063500%2CXLF261001C00064000%2CXLF261001C00064500%2CXLF261001C00065000%2CXLF261001C00066000%2CXLF261001C00067000%2CXLF261001C00068000%2CXLF261001C00069000%2CXLF261001C00070000%2CXLF261001C00071000%2CXLF261001C00072000%2CXLF261001C00073000%2CXLF261001C00074000%2CXLF261001P00041000&greeks=true'
For more information check: https://developer.mozilla.org/en-US/docs/Web/HTTP/Status/401
2026-09-29T11:33:18 | WARNING  | app.scanning.alpaca_confirmer | AlpacaConfirmer: cannot fetch chain for META 2026-10-02: Client error '401 Unauthorized' for url 'https://api.tradier.com/v1/markets/quotes?symbols=META261002C00100000%2CMETA261002C00110000%2CMETA261002C00120000%2CMETA261002C00130000%2CMETA261002C00140000%2CMETA261002C00150000%2CMETA261002C00160000%2CMETA261002C00170000%2CMETA261002C00180000%2CMETA261002C00190000%2CMETA261002C00200000%2CMETA261002C00210000%2CMETA261002C00220000%2CMETA261002C00230000%2CMETA261002C00240000%2CMETA261002C00250000%2CMETA261002C00260000%2CMETA261002C00270000%2CMETA261002C00280000%2CMETA261002C00290000%2CMETA261002C00300000%2CMETA261002C00310000%2CMETA261002C00320000%2CMETA261002C00330000%2CMETA261002C00340000%2CMETA261002C00350000%2CMETA261002C00360000%2CMETA261002C00370000%2CMETA261002C00380000%2CMETA261002C00390000%2CMETA261002C00400000%2CMETA261002C00405000%2CMETA261002C00410000%2CMETA261002C00415000%2CMETA261002C00420000%2CMETA261002C00425000%2CMETA261002C00430000%2CMETA261002C00435000%2CMETA261002C00440000%2CMETA261002C00445000%2CMETA261002C00450000%2CMETA261002C00455000%2CMETA261002C00460000%2CMETA261002C00465000%2CMETA261002C00470000%2CMETA261002C00475000%2CMETA261002C00480000%2CMETA261002C00485000%2CMETA261002C00490000%2CMETA261002C00495000&greeks=true'
For more information check: https://developer.mozilla.org/en-US/docs/Web/HTTP/Status/401
2026-09-29T11:33:18 | WARNING  | app.scanning.alpaca_confirmer | AlpacaConfirmer: cannot fetch chain for UBER 2026-10-02: Client error '401 Unauthorized' for url 'https://api.tradier.com/v1/markets/quotes?symbols=UBER261002C00050000%2CUBER261002C00055000%2CUBER261002C00058000%2CUBER261002C00059000%2CUBER261002C00060000%2CUBER261002C00061000%2CUBER261002C00062000%2CUBER261002C00063000%2CUBER261002C00064000%2CUBER261002C00065000%2CUBER261002C00066000%2CUBER261002C00067000%2CUBER261002C00068000%2CUBER261002C00069000%2CUBER261002C00070000%2CUBER261002C00071000%2CUBER261002C00072000%2CUBER261002C00073000%2CUBER261002C00074000%2CUBER261002C00075000%2CUBER261002C00076000%2CUBER261002C00077000%2CUBER261002C00078000%2CUBER261002C00079000%2CUBER261002C00080000%2CUBER261002C00081000%2CUBER261002C00082000%2CUBER261002C00083000%2CUBER261002C00084000%2CUBER261002C00085000%2CUBER261002C00086000%2CUBER261002C00087000%2CUBER261002C00088000%2CUBER261002C00089000%2CUBER261002C00090000%2CUBER261002C00091000%2CUBER261002C00095000%2CUBER261002C00100000%2CUBER261002C00105000%2CUBER261002P00050000%2CUBER261002P00055000%2CUBER261002P00058000%2CUBER261002P00059000%2CUBER261002P00060000%2CUBER261002P00061000%2CUBER261002P00062000%2CUBER261002P00063000%2CUBER261002P00064000%2CUBER261002P00065000%2CUBER261002P00066000&greeks=true'
For more information check: https://developer.mozilla.org/en-US/docs/Web/HTTP/Status/401
2026-09-29T11:33:18 | WARNING  | app.scanning.alpaca_confirmer | AlpacaConfirmer: cannot fetch chain for SPY 2026-10-01: Client error '401 Unauthorized' for url 'https://api.tradier.com/v1/markets/quotes?symbols=SPY261001C00550000%2CSPY261001C00555000%2CSPY261001C00560000%2CSPY261001C00565000%2CSPY261001C00570000%2CSPY261001C00575000%2CSPY261001C00580000%2CSPY261001C00585000%2CSPY261001C00590000%2CSPY261001C00595000%2CSPY261001C00600000%2CSPY261001C00605000%2CSPY261001C00610000%2CSPY261001C00615000%2CSPY261001C00620000%2CSPY261001C00625000%2CSPY261001C00630000%2CSPY261001C00635000%2CSPY261001C00640000%2CSPY261001C00645000%2CSPY261001C00650000%2CSPY261001C00655000%2CSPY261001C00660000%2CSPY261001C00665000%2CSPY261001C00670000%2CSPY261001C00675000%2CSPY261001C00680000%2CSPY261001C00685000%2CSPY261001C00690000%2CSPY261001C00695000%2CSPY261001C00700000%2CSPY261001C00705000%2CSPY261001C00710000%2CSPY261001C00715000%2CSPY261001C00718000%2CSPY261001C00719000%2CSPY261001C00720000%2CSPY261001C00721000%2CSPY261001C00722000%2CSPY261001C00723000%2CSPY261001C00724000%2CSPY261001C00725000%2CSPY261001C00726000%2CSPY261001C00727000%2CSPY261001C00728000%2CSPY261001C00729000%2CSPY261001C00730000%2CSPY261001C00731000%2CSPY261001C00732000%2CSPY261001C00733000&greeks=true'
For more information check: https://developer.mozilla.org/en-US/docs/Web/HTTP/Status/401
2026-09-29T11:33:18 | WARNING  | app.scanning.alpaca_confirmer | AlpacaConfirmer: cannot fetch chain for RIVN 2026-10-02: Client error '401 Unauthorized' for url 'https://api.tradier.com/v1/markets/quotes?symbols=RIVN261002C00005000%2CRIVN261002C00009000%2CRIVN261002C00010000%2CRIVN261002C00010500%2CRIVN261002C00011000%2CRIVN261002C00011500%2CRIVN261002C00012000%2CRIVN261002C00012500%2CRIVN261002C00013000%2CRIVN261002C00013500%2CRIVN261002C00014000%2CRIVN261002C00014500%2CRIVN261002C00015000%2CRIVN261002C00015500%2CRIVN261002C00016000%2CRIVN261002C00016500%2CRIVN261002C00017000%2CRIVN261002C00017500%2CRIVN261002C00018000%2CRIVN261002C00018500%2CRIVN261002C00019000%2CRIVN261002C00019500%2CRIVN261002C00020000%2CRIVN261002C00020500%2CRIVN261002C00021000%2CRIVN261002C00021500%2CRIVN261002C00022000%2CRIVN261002C00023000%2CRIVN261002C00024000%2CRIVN261002C00025000%2CRIVN261002C00030000%2CRIVN261002P00005000%2CRIVN261002P00009000%2CRIVN261002P00010000%2CRIVN261002P00010500%2CRIVN261002P00011000%2CRIVN261002P00011500%2CRIVN261002P00012000%2CRIVN261002P00012500%2CRIVN261002P00013000%2CRIVN261002P00013500%2CRIVN261002P00014000%2CRIVN261002P00014500%2CRIVN261002P00015000%2CRIVN261002P00015500%2CRIVN261002P00016000%2CRIVN261002P00016500%2CRIVN261002P00017000%2CRIVN261002P00017500%2CRIVN261002P00018000&greeks=true'
For more information check: https://developer.mozilla.org/en-US/docs/Web/HTTP/Status/401
2026-09-29T11:33:18 | WARNING  | app.scanning.alpaca_confirmer | AlpacaConfirmer: cannot fetch chain for MSFT 2026-10-02: Client error '401 Unauthorized' for url 'https://api.tradier.com/v1/markets/quotes?symbols=MSFT261002C00270000%2CMSFT261002C00280000%2CMSFT261002C00290000%2CMSFT261002C00300000%2CMSFT261002C00305000%2CMSFT261002C00310000%2CMSFT261002C00315000%2CMSFT261002C00320000%2CMSFT261002C00325000%2CMSFT261002C00330000%2CMSFT261002C00335000%2CMSFT261002C00340000%2CMSFT261002C00345000%2CMSFT261002C00350000%2CMSFT261002C00355000%2CMSFT261002C00360000%2CMSFT261002C00365000%2CMSFT261002C00370000%2CMSFT261002C00375000%2CMSFT261002C00380000%2CMSFT261002C00385000%2CMSFT261002C00390000%2CMSFT261002C00395000%2CMSFT261002C00400000%2CMSFT261002C00405000%2CMSFT261002C00410000%2CMSFT261002C00415000%2CMSFT261002C00420000%2CMSFT261002C00425000%2CMSFT261002C00430000%2CMSFT261002C00435000%2CMSFT261002C00437500%2CMSFT261002C00440000%2CMSFT261002C00442500%2CMSFT261002C00445000%2CMSFT261002C00447500%2CMSFT261002C00450000%2CMSFT261002C00452500%2CMSFT261002C00455000%2CMSFT261002C00457500%2CMSFT261002C00460000%2CMSFT261002C00462500%2CMSFT261002C00465000%2CMSFT261002C00467500%2CMSFT261002C00470000%2CMSFT261002C00472500%2CMSFT261002C00475000%2CMSFT261002C00477500%2CMSFT261002C00480000%2CMSFT261002C00482500&greeks=true'
For more information check: https://developer.mozilla.org/en-US/docs/Web/HTTP/Status/401
2026-09-29T11:33:18 | WARNING  | app.scanning.alpaca_confirmer | AlpacaConfirmer: cannot fetch chain for DKNG 2026-10-02: Client error '401 Unauthorized' for url 'https://api.tradier.com/v1/markets/quotes?symbols=DKNG261002C00011000%2CDKNG261002C00012000%2CDKNG261002C00013000%2CDKNG261002C00014000%2CDKNG261002C00015000%2CDKNG261002C00016000%2CDKNG261002C00017000%2CDKNG261002C00018000%2CDKNG261002C00019000%2CDKNG261002C00020000%2CDKNG261002C00020500%2CDKNG261002C00021000%2CDKNG261002C00021500%2CDKNG261002C00022000%2CDKNG261002C00022500%2CDKNG261002C00023000%2CDKNG261002C00023500%2CDKNG261002C00024000%2CDKNG261002C00024500%2CDKNG261002C00025000%2CDKNG261002C00025500%2CDKNG261002C00026000%2CDKNG261002C00026500%2CDKNG261002C00027000%2CDKNG261002C00027500%2CDKNG261002C00028000%2CDKNG261002C00028500%2CDKNG261002C00029000%2CDKNG261002C00030000%2CDKNG261002C00031000%2CDKNG261002C00032000%2CDKNG261002C00033000%2CDKNG261002C00034000%2CDKNG261002C00035000%2CDKNG261002C00036000%2CDKNG261002P00011000%2CDKNG261002P00012000%2CDKNG261002P00013000%2CDKNG261002P00014000%2CDKNG261002P00015000%2CDKNG261002P00016000%2CDKNG261002P00017000%2CDKNG261002P00018000%2CDKNG261002P00019000%2CDKNG261002P00020000%2CDKNG261002P00020500%2CDKNG261002P00021000%2CDKNG261002P00021500%2CDKNG261002P00022000%2CDKNG261002P00022500&greeks=true'
For more information check: https://developer.mozilla.org/en-US/docs/Web/HTTP/Status/401
2026-09-29T11:33:18 | INFO     | session_runner | AlpacaConfirmer: 0 confirmed symbols: []
2026-09-29T11:33:18 | WARNING  | session_runner | Re-scan returned no confirmed symbols — falling back to ['SPY']
2026-09-29T11:33:18 | INFO     | session_runner | Broad-market regime | SPY=short
2026-09-29T11:33:18 | INFO     | session_runner | [bridge:SPY] rsi_trend ready: sufficient bars
2026-09-29T11:33:18 | INFO     | session_runner | Stale signal: SPY/vwap_reclaim age=28 min > max 10 min — skipped
2026-09-29T11:33:18 | INFO     | session_runner | Stale signal: SPY/orb age=93 min > max 10 min — skipped
2026-09-29T11:33:18 | INFO     | session_runner | Stale signal: SPY/vwap_reclaim age=103 min > max 10 min — skipped
2026-09-29T11:33:48 | INFO     | session_runner | [cycle 242] 11:33:48 ET | positions=0 | entries=0
2026-09-29T11:33:49 | INFO     | session_runner | [bridge:SPY] rsi_trend ready: sufficient bars
2026-09-29T11:33:49 | INFO     | session_runner | Stale signal: SPY/vwap_reclaim age=29 min > max 10 min — skipped
2026-09-29T11:33:49 | INFO     | session_runner | Stale signal: SPY/orb age=94 min > max 10 min — skipped
2026-09-29T11:33:49 | INFO     | session_runner | Stale signal: SPY/vwap_reclaim age=104 min > max 10 min — skipped
2026-09-29T11:34:19 | INFO     | session_runner | [cycle 243] 11:34:19 ET | positions=0 | entries=0
2026-09-29T11:34:19 | INFO     | session_runner | [bridge:SPY] rsi_trend ready: sufficient bars
2026-09-29T11:34:19 | INFO     | session_runner | Stale signal: SPY/vwap_reclaim age=29 min > max 10 min — skipped
2026-09-29T11:34:19 | INFO     | session_runner | Stale signal: SPY/orb age=94 min > max 10 min — skipped
2026-09-29T11:34:19 | INFO     | session_runner | Stale signal: SPY/vwap_reclaim age=104 min > max 10 min — skipped
2026-09-29T11:34:49 | INFO     | session_runner | [cycle 244] 11:34:49 ET | positions=0 | entries=0
2026-09-29T11:34:49 | INFO     | session_runner | [bridge:SPY] rsi_trend ready: sufficient bars
2026-09-29T11:34:49 | INFO     | session_runner | Stale signal: SPY/vwap_reclaim age=30 min > max 10 min — skipped
2026-09-29T11:34:49 | INFO     | session_runner | Stale signal: SPY/orb age=95 min > max 10 min — skipped
2026-09-29T11:34:49 | INFO     | session_runner | Stale signal: SPY/vwap_reclaim age=105 min > max 10 min — skipped
2026-09-29T11:35:19 | INFO     | session_runner | [cycle 245] 11:35:19 ET | positions=0 | entries=0
2026-09-29T11:35:19 | INFO     | session_runner | [bridge:SPY] rsi_trend ready: sufficient bars
2026-09-29T11:35:19 | INFO     | session_runner | Stale signal: SPY/vwap_reclaim age=30 min > max 10 min — skipped
2026-09-29T11:35:19 | INFO     | session_runner | Stale signal: SPY/orb age=95 min > max 10 min — skipped
2026-09-29T11:35:19 | INFO     | session_runner | Stale signal: SPY/vwap_reclaim age=105 min > max 10 min — skipped
2026-09-29T11:35:49 | INFO     | session_runner | [cycle 246] 11:35:49 ET | positions=0 | entries=0
2026-09-29T11:35:50 | INFO     | session_runner | [bridge:SPY] rsi_trend ready: sufficient bars
2026-09-29T11:35:50 | INFO     | session_runner | Stale signal: SPY/vwap_reclaim age=31 min > max 10 min — skipped
2026-09-29T11:35:50 | INFO     | session_runner | Stale signal: SPY/orb age=96 min > max 10 min — skipped
2026-09-29T11:35:50 | INFO     | session_runner | Stale signal: SPY/vwap_reclaim age=106 min > max 10 min — skipped
2026-09-29T11:36:20 | INFO     | session_runner | [cycle 247] 11:36:20 ET | positions=0 | entries=0
2026-09-29T11:36:20 | INFO     | session_runner | [bridge:SPY] rsi_trend ready: sufficient bars
2026-09-29T11:36:20 | INFO     | session_runner | Stale signal: SPY/vwap_reclaim age=31 min > max 10 min — skipped
2026-09-29T11:36:20 | INFO     | session_runner | Stale signal: SPY/orb age=96 min > max 10 min — skipped
2026-09-29T11:36:20 | INFO     | session_runner | Stale signal: SPY/vwap_reclaim age=106 min > max 10 min — skipped
2026-09-29T11:36:50 | INFO     | session_runner | [cycle 248] 11:36:50 ET | positions=0 | entries=0
2026-09-29T11:36:50 | INFO     | session_runner | [bridge:SPY] rsi_trend ready: sufficient bars
2026-09-29T11:36:50 | INFO     | session_runner | Stale signal: SPY/vwap_reclaim age=32 min > max 10 min — skipped
2026-09-29T11:36:50 | INFO     | session_runner | Stale signal: SPY/orb age=97 min > max 10 min — skipped
2026-09-29T11:36:50 | INFO     | session_runner | Stale signal: SPY/vwap_reclaim age=107 min > max 10 min — skipped
2026-09-29T11:37:20 | INFO     | session_runner | [cycle 249] 11:37:20 ET | positions=0 | entries=0
2026-09-29T11:37:20 | INFO     | session_runner | [bridge:SPY] rsi_trend ready: sufficient bars
2026-09-29T11:37:20 | INFO     | session_runner | Stale signal: SPY/vwap_reclaim age=32 min > max 10 min — skipped
2026-09-29T11:37:20 | INFO     | session_runner | Stale signal: SPY/orb age=97 min > max 10 min — skipped
2026-09-29T11:37:20 | INFO     | session_runner | Stale signal: SPY/vwap_reclaim age=107 min > max 10 min — skipped
2026-09-29T11:37:50 | INFO     | session_runner | [cycle 250] 11:37:50 ET | positions=0 | entries=0
2026-09-29T11:37:51 | INFO     | session_runner | [bridge:SPY] rsi_trend ready: sufficient bars
2026-09-29T11:37:51 | INFO     | session_runner | Stale signal: SPY/vwap_reclaim age=33 min > max 10 min — skipped
2026-09-29T11:37:51 | INFO     | session_runner | Stale signal: SPY/orb age=98 min > max 10 min — skipped
2026-09-29T11:37:51 | INFO     | session_runner | Stale signal: SPY/vwap_reclaim age=108 min > max 10 min — skipped
2026-09-29T11:38:21 | INFO     | session_runner | [cycle 251] 11:38:21 ET | positions=0 | entries=0
2026-09-29T11:38:21 | INFO     | session_runner | Periodic universe re-scan …
2026-09-29T11:38:21 | INFO     | app.scanning.universe_loader | UniverseLoader: loaded 5 groups (13 flat symbols) from config/ticker_universe.yaml (blacklist=0)
2026-09-29T11:38:21 | INFO     | app.scanning.universe_loader | UniverseLoader: 38 symbols from 4 group(s) (blacklist=0)
2026-09-29T11:38:21 | INFO     | session_runner | Universe scan: 38 symbols from 4 group(s) | max_active=6
2026-09-29T11:38:23 | INFO     | session_runner | Scan: 19 passed, 19 rejected
2026-09-29T11:38:23 | INFO     | session_runner |   GOOGL   score=80.0  signal=SHORT    reasons: rvol=1.30x (normal), atr=2.28% (wide-range), orb_breakdown
2026-09-29T11:38:23 | INFO     | session_runner |   RIVN    score=70.0  signal=LONG     reasons: rvol=1.73x (elevated), atr=4.21% (wide-range), orb_breakout
2026-09-29T11:38:23 | INFO     | session_runner |   HOOD    score=67.0  signal=SHORT    reasons: rvol=1.09x (normal), atr=4.66% (wide-range), orb_breakdown
2026-09-29T11:38:23 | INFO     | session_runner |   SPY     score=65.0  signal=SHORT    reasons: rvol=1.01x (normal), atr=0.84% (good range), orb_breakdown
2026-09-29T11:38:23 | INFO     | session_runner |   DKNG    score=65.0  signal=SHORT    reasons: rvol=1.35x (normal), atr=5.44% (wide-range), orb_breakdown
2026-09-29T11:38:24 | WARNING  | app.scanning.alpaca_confirmer | AlpacaConfirmer: cannot fetch chain for LYFT 2026-10-02: Client error '401 Unauthorized' for url 'https://api.tradier.com/v1/markets/quotes?symbols=LYFT261002C00005000%2CLYFT261002C00008000%2CLYFT261002C00009000%2CLYFT261002C00010000%2CLYFT261002C00010500%2CLYFT261002C00011000%2CLYFT261002C00011500%2CLYFT261002C00012000%2CLYFT261002C00012500%2CLYFT261002C00013000%2CLYFT261002C00013500%2CLYFT261002C00014000%2CLYFT261002C00014500%2CLYFT261002C00015000%2CLYFT261002C00015500%2CLYFT261002C00016000%2CLYFT261002C00016500%2CLYFT261002C00017000%2CLYFT261002C00017500%2CLYFT261002C00018000%2CLYFT261002C00018500%2CLYFT261002C00019000%2CLYFT261002C00019500%2CLYFT261002C00020000%2CLYFT261002C00020500%2CLYFT261002C00021000%2CLYFT261002C00021500%2CLYFT261002C00022000%2CLYFT261002C00023000%2CLYFT261002C00024000%2CLYFT261002C00025000%2CLYFT261002P00005000%2CLYFT261002P00008000%2CLYFT261002P00009000%2CLYFT261002P00010000%2CLYFT261002P00010500%2CLYFT261002P00011000%2CLYFT261002P00011500%2CLYFT261002P00012000%2CLYFT261002P00012500%2CLYFT261002P00013000%2CLYFT261002P00013500%2CLYFT261002P00014000%2CLYFT261002P00014500%2CLYFT261002P00015000%2CLYFT261002P00015500%2CLYFT261002P00016000%2CLYFT261002P00016500%2CLYFT261002P00017000%2CLYFT261002P00017500&greeks=true'
For more information check: https://developer.mozilla.org/en-US/docs/Web/HTTP/Status/401
2026-09-29T11:38:24 | WARNING  | app.scanning.alpaca_confirmer | AlpacaConfirmer: cannot fetch chain for RIVN 2026-10-02: Client error '401 Unauthorized' for url 'https://api.tradier.com/v1/markets/quotes?symbols=RIVN261002C00005000%2CRIVN261002C00009000%2CRIVN261002C00010000%2CRIVN261002C00010500%2CRIVN261002C00011000%2CRIVN261002C00011500%2CRIVN261002C00012000%2CRIVN261002C00012500%2CRIVN261002C00013000%2CRIVN261002C00013500%2CRIVN261002C00014000%2CRIVN261002C00014500%2CRIVN261002C00015000%2CRIVN261002C00015500%2CRIVN261002C00016000%2CRIVN261002C00016500%2CRIVN261002C00017000%2CRIVN261002C00017500%2CRIVN261002C00018000%2CRIVN261002C00018500%2CRIVN261002C00019000%2CRIVN261002C00019500%2CRIVN261002C00020000%2CRIVN261002C00020500%2CRIVN261002C00021000%2CRIVN261002C00021500%2CRIVN261002C00022000%2CRIVN261002C00023000%2CRIVN261002C00024000%2CRIVN261002C00025000%2CRIVN261002C00030000%2CRIVN261002P00005000%2CRIVN261002P00009000%2CRIVN261002P00010000%2CRIVN261002P00010500%2CRIVN261002P00011000%2CRIVN261002P00011500%2CRIVN261002P00012000%2CRIVN261002P00012500%2CRIVN261002P00013000%2CRIVN261002P00013500%2CRIVN261002P00014000%2CRIVN261002P00014500%2CRIVN261002P00015000%2CRIVN261002P00015500%2CRIVN261002P00016000%2CRIVN261002P00016500%2CRIVN261002P00017000%2CRIVN261002P00017500%2CRIVN261002P00018000&greeks=true'
For more information check: https://developer.mozilla.org/en-US/docs/Web/HTTP/Status/401
2026-09-29T11:38:24 | WARNING  | app.scanning.alpaca_confirmer | AlpacaConfirmer: cannot fetch chain for IWM 2026-10-01: Client error '401 Unauthorized' for url 'https://api.tradier.com/v1/markets/quotes?symbols=IWM261001C00180000%2CIWM261001C00190000%2CIWM261001C00200000%2CIWM261001C00205000%2CIWM261001C00210000%2CIWM261001C00215000%2CIWM261001C00220000%2CIWM261001C00225000%2CIWM261001C00230000%2CIWM261001C00235000%2CIWM261001C00240000%2CIWM261001C00245000%2CIWM261001C00250000%2CIWM261001C00255000%2CIWM261001C00260000%2CIWM261001C00261000%2CIWM261001C00262000%2CIWM261001C00263000%2CIWM261001C00264000%2CIWM261001C00265000%2CIWM261001C00266000%2CIWM261001C00267000%2CIWM261001C00268000%2CIWM261001C00269000%2CIWM261001C00270000%2CIWM261001C00271000%2CIWM261001C00272000%2CIWM261001C00273000%2CIWM261001C00274000%2CIWM261001C00275000%2CIWM261001C00276000%2CIWM261001C00277000%2CIWM261001C00278000%2CIWM261001C00279000%2CIWM261001C00280000%2CIWM261001C00281000%2CIWM261001C00282000%2CIWM261001C00283000%2CIWM261001C00284000%2CIWM261001C00285000%2CIWM261001C00286000%2CIWM261001C00287000%2CIWM261001C00288000%2CIWM261001C00289000%2CIWM261001C00290000%2CIWM261001C00291000%2CIWM261001C00292000%2CIWM261001C00293000%2CIWM261001C00294000%2CIWM261001C00295000&greeks=true'
For more information check: https://developer.mozilla.org/en-US/docs/Web/HTTP/Status/401
2026-09-29T11:38:24 | WARNING  | app.scanning.alpaca_confirmer | AlpacaConfirmer: cannot fetch chain for SPY 2026-10-01: Client error '401 Unauthorized' for url 'https://api.tradier.com/v1/markets/quotes?symbols=SPY261001C00550000%2CSPY261001C00555000%2CSPY261001C00560000%2CSPY261001C00565000%2CSPY261001C00570000%2CSPY261001C00575000%2CSPY261001C00580000%2CSPY261001C00585000%2CSPY261001C00590000%2CSPY261001C00595000%2CSPY261001C00600000%2CSPY261001C00605000%2CSPY261001C00610000%2CSPY261001C00615000%2CSPY261001C00620000%2CSPY261001C00625000%2CSPY261001C00630000%2CSPY261001C00635000%2CSPY261001C00640000%2CSPY261001C00645000%2CSPY261001C00650000%2CSPY261001C00655000%2CSPY261001C00660000%2CSPY261001C00665000%2CSPY261001C00670000%2CSPY261001C00675000%2CSPY261001C00680000%2CSPY261001C00685000%2CSPY261001C00690000%2CSPY261001C00695000%2CSPY261001C00700000%2CSPY261001C00705000%2CSPY261001C00710000%2CSPY261001C00715000%2CSPY261001C00718000%2CSPY261001C00719000%2CSPY261001C00720000%2CSPY261001C00721000%2CSPY261001C00722000%2CSPY261001C00723000%2CSPY261001C00724000%2CSPY261001C00725000%2CSPY261001C00726000%2CSPY261001C00727000%2CSPY261001C00728000%2CSPY261001C00729000%2CSPY261001C00730000%2CSPY261001C00731000%2CSPY261001C00732000%2CSPY261001C00733000&greeks=true'
For more information check: https://developer.mozilla.org/en-US/docs/Web/HTTP/Status/401
2026-09-29T11:38:24 | WARNING  | app.scanning.alpaca_confirmer | AlpacaConfirmer: cannot fetch chain for XLF 2026-10-01: Client error '401 Unauthorized' for url 'https://api.tradier.com/v1/markets/quotes?symbols=XLF261001C00041000%2CXLF261001C00042000%2CXLF261001C00043000%2CXLF261001C00044000%2CXLF261001C00045000%2CXLF261001C00046000%2CXLF261001C00047000%2CXLF261001C00048000%2CXLF261001C00049000%2CXLF261001C00050000%2CXLF261001C00050500%2CXLF261001C00051000%2CXLF261001C00051500%2CXLF261001C00052000%2CXLF261001C00052500%2CXLF261001C00053000%2CXLF261001C00053500%2CXLF261001C00054000%2CXLF261001C00054500%2CXLF261001C00055000%2CXLF261001C00055500%2CXLF261001C00056000%2CXLF261001C00056500%2CXLF261001C00057000%2CXLF261001C00057500%2CXLF261001C00058000%2CXLF261001C00058500%2CXLF261001C00059000%2CXLF261001C00059500%2CXLF261001C00060000%2CXLF261001C00060500%2CXLF261001C00061000%2CXLF261001C00061500%2CXLF261001C00062000%2CXLF261001C00062500%2CXLF261001C00063000%2CXLF261001C00063500%2CXLF261001C00064000%2CXLF261001C00064500%2CXLF261001C00065000%2CXLF261001C00066000%2CXLF261001C00067000%2CXLF261001C00068000%2CXLF261001C00069000%2CXLF261001C00070000%2CXLF261001C00071000%2CXLF261001C00072000%2CXLF261001C00073000%2CXLF261001C00074000%2CXLF261001P00041000&greeks=true'
For more information check: https://developer.mozilla.org/en-US/docs/Web/HTTP/Status/401
2026-09-29T11:38:24 | WARNING  | app.scanning.alpaca_confirmer | AlpacaConfirmer: cannot fetch chain for GOOGL 2026-10-02: Client error '401 Unauthorized' for url 'https://api.tradier.com/v1/markets/quotes?symbols=GOOGL261002C00100000%2CGOOGL261002C00105000%2CGOOGL261002C00110000%2CGOOGL261002C00115000%2CGOOGL261002C00120000%2CGOOGL261002C00125000%2CGOOGL261002C00130000%2CGOOGL261002C00135000%2CGOOGL261002C00140000%2CGOOGL261002C00145000%2CGOOGL261002C00150000%2CGOOGL261002C00155000%2CGOOGL261002C00160000%2CGOOGL261002C00165000%2CGOOGL261002C00170000%2CGOOGL261002C00175000%2CGOOGL261002C00180000%2CGOOGL261002C00185000%2CGOOGL261002C00190000%2CGOOGL261002C00195000%2CGOOGL261002C00200000%2CGOOGL261002C00205000%2CGOOGL261002C00210000%2CGOOGL261002C00215000%2CGOOGL261002C00220000%2CGOOGL261002C00225000%2CGOOGL261002C00230000%2CGOOGL261002C00235000%2CGOOGL261002C00240000%2CGOOGL261002C00245000%2CGOOGL261002C00250000%2CGOOGL261002C00255000%2CGOOGL261002C00260000%2CGOOGL261002C00265000%2CGOOGL261002C00270000%2CGOOGL261002C00275000%2CGOOGL261002C00280000%2CGOOGL261002C00285000%2CGOOGL261002C00290000%2CGOOGL261002C00295000%2CGOOGL261002C00300000%2CGOOGL261002C00305000%2CGOOGL261002C00307500%2CGOOGL261002C00310000%2CGOOGL261002C00312500%2CGOOGL261002C00315000%2CGOOGL261002C00317500%2CGOOGL261002C00320000%2CGOOGL261002C00322500%2CGOOGL261002C00325000&greeks=true'
For more information check: https://developer.mozilla.org/en-US/docs/Web/HTTP/Status/401
2026-09-29T11:38:24 | WARNING  | app.scanning.alpaca_confirmer | AlpacaConfirmer: cannot fetch chain for AMZN 2026-10-02: Client error '401 Unauthorized' for url 'https://api.tradier.com/v1/markets/quotes?symbols=AMZN261002C00140000%2CAMZN261002C00145000%2CAMZN261002C00150000%2CAMZN261002C00155000%2CAMZN261002C00160000%2CAMZN261002C00165000%2CAMZN261002C00170000%2CAMZN261002C00175000%2CAMZN261002C00180000%2CAMZN261002C00185000%2CAMZN261002C00190000%2CAMZN261002C00195000%2CAMZN261002C00200000%2CAMZN261002C00205000%2CAMZN261002C00210000%2CAMZN261002C00215000%2CAMZN261002C00217500%2CAMZN261002C00220000%2CAMZN261002C00222500%2CAMZN261002C00225000%2CAMZN261002C00227500%2CAMZN261002C00230000%2CAMZN261002C00232500%2CAMZN261002C00235000%2CAMZN261002C00237500%2CAMZN261002C00240000%2CAMZN261002C00242500%2CAMZN261002C00245000%2CAMZN261002C00247500%2CAMZN261002C00250000%2CAMZN261002C00252500%2CAMZN261002C00255000%2CAMZN261002C00257500%2CAMZN261002C00260000%2CAMZN261002C00262500%2CAMZN261002C00265000%2CAMZN261002C00267500%2CAMZN261002C00270000%2CAMZN261002C00272500%2CAMZN261002C00275000%2CAMZN261002C00277500%2CAMZN261002C00280000%2CAMZN261002C00282500%2CAMZN261002C00285000%2CAMZN261002C00290000%2CAMZN261002C00295000%2CAMZN261002C00300000%2CAMZN261002C00305000%2CAMZN261002C00310000%2CAMZN261002C00315000&greeks=true'
For more information check: https://developer.mozilla.org/en-US/docs/Web/HTTP/Status/401
2026-09-29T11:38:24 | WARNING  | app.scanning.alpaca_confirmer | AlpacaConfirmer: cannot fetch chain for DKNG 2026-10-02: Client error '401 Unauthorized' for url 'https://api.tradier.com/v1/markets/quotes?symbols=DKNG261002C00011000%2CDKNG261002C00012000%2CDKNG261002C00013000%2CDKNG261002C00014000%2CDKNG261002C00015000%2CDKNG261002C00016000%2CDKNG261002C00017000%2CDKNG261002C00018000%2CDKNG261002C00019000%2CDKNG261002C00020000%2CDKNG261002C00020500%2CDKNG261002C00021000%2CDKNG261002C00021500%2CDKNG261002C00022000%2CDKNG261002C00022500%2CDKNG261002C00023000%2CDKNG261002C00023500%2CDKNG261002C00024000%2CDKNG261002C00024500%2CDKNG261002C00025000%2CDKNG261002C00025500%2CDKNG261002C00026000%2CDKNG261002C00026500%2CDKNG261002C00027000%2CDKNG261002C00027500%2CDKNG261002C00028000%2CDKNG261002C00028500%2CDKNG261002C00029000%2CDKNG261002C00030000%2CDKNG261002C00031000%2CDKNG261002C00032000%2CDKNG261002C00033000%2CDKNG261002C00034000%2CDKNG261002C00035000%2CDKNG261002C00036000%2CDKNG261002P00011000%2CDKNG261002P00012000%2CDKNG261002P00013000%2CDKNG261002P00014000%2CDKNG261002P00015000%2CDKNG261002P00016000%2CDKNG261002P00017000%2CDKNG261002P00018000%2CDKNG261002P00019000%2CDKNG261002P00020000%2CDKNG261002P00020500%2CDKNG261002P00021000%2CDKNG261002P00021500%2CDKNG261002P00022000%2CDKNG261002P00022500&greeks=true'
For more information check: https://developer.mozilla.org/en-US/docs/Web/HTTP/Status/401
2026-09-29T11:38:24 | WARNING  | app.scanning.alpaca_confirmer | AlpacaConfirmer: cannot fetch chain for META 2026-10-02: Client error '401 Unauthorized' for url 'https://api.tradier.com/v1/markets/quotes?symbols=META261002C00100000%2CMETA261002C00110000%2CMETA261002C00120000%2CMETA261002C00130000%2CMETA261002C00140000%2CMETA261002C00150000%2CMETA261002C00160000%2CMETA261002C00170000%2CMETA261002C00180000%2CMETA261002C00190000%2CMETA261002C00200000%2CMETA261002C00210000%2CMETA261002C00220000%2CMETA261002C00230000%2CMETA261002C00240000%2CMETA261002C00250000%2CMETA261002C00260000%2CMETA261002C00270000%2CMETA261002C00280000%2CMETA261002C00290000%2CMETA261002C00300000%2CMETA261002C00310000%2CMETA261002C00320000%2CMETA261002C00330000%2CMETA261002C00340000%2CMETA261002C00350000%2CMETA261002C00360000%2CMETA261002C00370000%2CMETA261002C00380000%2CMETA261002C00390000%2CMETA261002C00400000%2CMETA261002C00405000%2CMETA261002C00410000%2CMETA261002C00415000%2CMETA261002C00420000%2CMETA261002C00425000%2CMETA261002C00430000%2CMETA261002C00435000%2CMETA261002C00440000%2CMETA261002C00445000%2CMETA261002C00450000%2CMETA261002C00455000%2CMETA261002C00460000%2CMETA261002C00465000%2CMETA261002C00470000%2CMETA261002C00475000%2CMETA261002C00480000%2CMETA261002C00485000%2CMETA261002C00490000%2CMETA261002C00495000&greeks=true'
For more information check: https://developer.mozilla.org/en-US/docs/Web/HTTP/Status/401
2026-09-29T11:38:24 | WARNING  | app.scanning.alpaca_confirmer | AlpacaConfirmer: cannot fetch chain for MSFT 2026-10-02: Client error '401 Unauthorized' for url 'https://api.tradier.com/v1/markets/quotes?symbols=MSFT261002C00270000%2CMSFT261002C00280000%2CMSFT261002C00290000%2CMSFT261002C00300000%2CMSFT261002C00305000%2CMSFT261002C00310000%2CMSFT261002C00315000%2CMSFT261002C00320000%2CMSFT261002C00325000%2CMSFT261002C00330000%2CMSFT261002C00335000%2CMSFT261002C00340000%2CMSFT261002C00345000%2CMSFT261002C00350000%2CMSFT261002C00355000%2CMSFT261002C00360000%2CMSFT261002C00365000%2CMSFT261002C00370000%2CMSFT261002C00375000%2CMSFT261002C00380000%2CMSFT261002C00385000%2CMSFT261002C00390000%2CMSFT261002C00395000%2CMSFT261002C00400000%2CMSFT261002C00405000%2CMSFT261002C00410000%2CMSFT261002C00415000%2CMSFT261002C00420000%2CMSFT261002C00425000%2CMSFT261002C00430000%2CMSFT261002C00435000%2CMSFT261002C00437500%2CMSFT261002C00440000%2CMSFT261002C00442500%2CMSFT261002C00445000%2CMSFT261002C00447500%2CMSFT261002C00450000%2CMSFT261002C00452500%2CMSFT261002C00455000%2CMSFT261002C00457500%2CMSFT261002C00460000%2CMSFT261002C00462500%2CMSFT261002C00465000%2CMSFT261002C00467500%2CMSFT261002C00470000%2CMSFT261002C00472500%2CMSFT261002C00475000%2CMSFT261002C00477500%2CMSFT261002C00480000%2CMSFT261002C00482500&greeks=true'
For more information check: https://developer.mozilla.org/en-US/docs/Web/HTTP/Status/401
2026-09-29T11:38:24 | WARNING  | app.scanning.alpaca_confirmer | AlpacaConfirmer: cannot fetch chain for HOOD 2026-10-02: Client error '401 Unauthorized' for url 'https://api.tradier.com/v1/markets/quotes?symbols=HOOD261002C00025000%2CHOOD261002C00030000%2CHOOD261002C00035000%2CHOOD261002C00040000%2CHOOD261002C00045000%2CHOOD261002C00050000%2CHOOD261002C00055000%2CHOOD261002C00060000%2CHOOD261002C00065000%2CHOOD261002C00070000%2CHOOD261002C00075000%2CHOOD261002C00080000%2CHOOD261002C00082000%2CHOOD261002C00083000%2CHOOD261002C00084000%2CHOOD261002C00085000%2CHOOD261002C00086000%2CHOOD261002C00087000%2CHOOD261002C00088000%2CHOOD261002C00089000%2CHOOD261002C00090000%2CHOOD261002C00091000%2CHOOD261002C00092000%2CHOOD261002C00093000%2CHOOD261002C00094000%2CHOOD261002C00095000%2CHOOD261002C00096000%2CHOOD261002C00097000%2CHOOD261002C00098000%2CHOOD261002C00099000%2CHOOD261002C00100000%2CHOOD261002C00101000%2CHOOD261002C00102000%2CHOOD261002C00103000%2CHOOD261002C00104000%2CHOOD261002C00105000%2CHOOD261002C00106000%2CHOOD261002C00107000%2CHOOD261002C00108000%2CHOOD261002C00109000%2CHOOD261002C00110000%2CHOOD261002C00111000%2CHOOD261002C00112000%2CHOOD261002C00113000%2CHOOD261002C00114000%2CHOOD261002C00115000%2CHOOD261002C00116000%2CHOOD261002C00117000%2CHOOD261002C00118000%2CHOOD261002C00119000&greeks=true'
For more information check: https://developer.mozilla.org/en-US/docs/Web/HTTP/Status/401
2026-09-29T11:38:24 | WARNING  | app.scanning.alpaca_confirmer | AlpacaConfirmer: cannot fetch chain for SOFI 2026-10-02: Client error '401 Unauthorized' for url 'https://api.tradier.com/v1/markets/quotes?symbols=SOFI261002C00005000%2CSOFI261002C00009000%2CSOFI261002C00010000%2CSOFI261002C00011000%2CSOFI261002C00011500%2CSOFI261002C00012000%2CSOFI261002C00012500%2CSOFI261002C00013000%2CSOFI261002C00013500%2CSOFI261002C00014000%2CSOFI261002C00014500%2CSOFI261002C00015000%2CSOFI261002C00015500%2CSOFI261002C00016000%2CSOFI261002C00016500%2CSOFI261002C00017000%2CSOFI261002C00017500%2CSOFI261002C00018000%2CSOFI261002C00018500%2CSOFI261002C00019000%2CSOFI261002C00019500%2CSOFI261002C00020000%2CSOFI261002C00020500%2CSOFI261002C00021000%2CSOFI261002C00021500%2CSOFI261002C00022000%2CSOFI261002C00022500%2CSOFI261002C00023000%2CSOFI261002C00023500%2CSOFI261002C00024000%2CSOFI261002C00025000%2CSOFI261002C00030000%2CSOFI261002P00005000%2CSOFI261002P00009000%2CSOFI261002P00010000%2CSOFI261002P00011000%2CSOFI261002P00011500%2CSOFI261002P00012000%2CSOFI261002P00012500%2CSOFI261002P00013000%2CSOFI261002P00013500%2CSOFI261002P00014000%2CSOFI261002P00014500%2CSOFI261002P00015000%2CSOFI261002P00015500%2CSOFI261002P00016000%2CSOFI261002P00016500%2CSOFI261002P00017000%2CSOFI261002P00017500%2CSOFI261002P00018000&greeks=true'
For more information check: https://developer.mozilla.org/en-US/docs/Web/HTTP/Status/401
2026-09-29T11:38:24 | INFO     | session_runner | AlpacaConfirmer: 0 confirmed symbols: []
2026-09-29T11:38:24 | WARNING  | session_runner | Re-scan returned no confirmed symbols — falling back to ['SPY']
2026-09-29T11:38:24 | INFO     | session_runner | Broad-market regime | SPY=short
2026-09-29T11:38:24 | INFO     | session_runner | [bridge:SPY] rsi_trend ready: sufficient bars
2026-09-29T11:38:24 | INFO     | session_runner | Stale signal: SPY/vwap_reclaim age=33 min > max 10 min — skipped
2026-09-29T11:38:24 | INFO     | session_runner | Stale signal: SPY/orb age=98 min > max 10 min — skipped
2026-09-29T11:38:24 | INFO     | session_runner | Stale signal: SPY/vwap_reclaim age=108 min > max 10 min — skipped
2026-09-29T11:38:54 | INFO     | session_runner | [cycle 252] 11:38:54 ET | positions=0 | entries=0
2026-09-29T11:38:54 | INFO     | session_runner | [bridge:SPY] rsi_trend ready: sufficient bars
2026-09-29T11:38:54 | INFO     | session_runner | Stale signal: SPY/vwap_reclaim age=34 min > max 10 min — skipped
2026-09-29T11:38:54 | INFO     | session_runner | Stale signal: SPY/orb age=99 min > max 10 min — skipped
2026-09-29T11:38:54 | INFO     | session_runner | Stale signal: SPY/vwap_reclaim age=109 min > max 10 min — skipped
2026-09-29T11:39:24 | INFO     | session_runner | [cycle 253] 11:39:24 ET | positions=0 | entries=0
2026-09-29T11:39:25 | INFO     | session_runner | [bridge:SPY] rsi_trend ready: sufficient bars
2026-09-29T11:39:25 | INFO     | session_runner | Stale signal: SPY/vwap_reclaim age=34 min > max 10 min — skipped
2026-09-29T11:39:25 | INFO     | session_runner | Stale signal: SPY/orb age=99 min > max 10 min — skipped
2026-09-29T11:39:25 | INFO     | session_runner | Stale signal: SPY/vwap_reclaim age=109 min > max 10 min — skipped
2026-09-29T11:39:55 | INFO     | session_runner | [cycle 254] 11:39:55 ET | positions=0 | entries=0
2026-09-29T11:39:55 | INFO     | session_runner | [bridge:SPY] rsi_trend ready: sufficient bars
2026-09-29T11:39:55 | INFO     | session_runner | Stale signal: SPY/vwap_reclaim age=35 min > max 10 min — skipped
2026-09-29T11:39:55 | INFO     | session_runner | Stale signal: SPY/orb age=100 min > max 10 min — skipped
2026-09-29T11:39:55 | INFO     | session_runner | Stale signal: SPY/vwap_reclaim age=110 min > max 10 min — skipped
2026-09-29T11:40:25 | INFO     | session_runner | [cycle 255] 11:40:25 ET | positions=0 | entries=0
2026-09-29T11:40:25 | INFO     | session_runner | [bridge:SPY] rsi_trend ready: sufficient bars
2026-09-29T11:40:25 | INFO     | session_runner | Stale signal: SPY/vwap_reclaim age=35 min > max 10 min — skipped
2026-09-29T11:40:25 | INFO     | session_runner | Stale signal: SPY/orb age=100 min > max 10 min — skipped
2026-09-29T11:40:25 | INFO     | session_runner | Stale signal: SPY/vwap_reclaim age=110 min > max 10 min — skipped
2026-09-29T11:40:55 | INFO     | session_runner | [cycle 256] 11:40:55 ET | positions=0 | entries=0
2026-09-29T11:40:55 | INFO     | session_runner | [bridge:SPY] rsi_trend ready: sufficient bars
2026-09-29T11:40:55 | INFO     | session_runner | Stale signal: SPY/vwap_reclaim age=36 min > max 10 min — skipped
2026-09-29T11:40:55 | INFO     | session_runner | Stale signal: SPY/orb age=101 min > max 10 min — skipped
2026-09-29T11:40:55 | INFO     | session_runner | Stale signal: SPY/vwap_reclaim age=111 min > max 10 min — skipped
2026-09-29T11:41:25 | INFO     | session_runner | [cycle 257] 11:41:25 ET | positions=0 | entries=0
2026-09-29T11:41:26 | INFO     | session_runner | [bridge:SPY] rsi_trend ready: sufficient bars
2026-09-29T11:41:26 | INFO     | session_runner | Stale signal: SPY/vwap_reclaim age=36 min > max 10 min — skipped
2026-09-29T11:41:26 | INFO     | session_runner | Stale signal: SPY/orb age=101 min > max 10 min — skipped
2026-09-29T11:41:26 | INFO     | session_runner | Stale signal: SPY/vwap_reclaim age=111 min > max 10 min — skipped
2026-09-29T11:41:56 | INFO     | session_runner | [cycle 258] 11:41:56 ET | positions=0 | entries=0
2026-09-29T11:41:56 | INFO     | session_runner | [bridge:SPY] rsi_trend ready: sufficient bars
2026-09-29T11:41:56 | INFO     | session_runner | Stale signal: SPY/vwap_reclaim age=37 min > max 10 min — skipped
2026-09-29T11:41:56 | INFO     | session_runner | Stale signal: SPY/orb age=102 min > max 10 min — skipped
2026-09-29T11:41:56 | INFO     | session_runner | Stale signal: SPY/vwap_reclaim age=112 min > max 10 min — skipped
2026-09-29T11:42:26 | INFO     | session_runner | [cycle 259] 11:42:26 ET | positions=0 | entries=0
2026-09-29T11:42:26 | INFO     | session_runner | [bridge:SPY] rsi_trend ready: sufficient bars
2026-09-29T11:42:26 | INFO     | session_runner | Stale signal: SPY/vwap_reclaim age=37 min > max 10 min — skipped
2026-09-29T11:42:26 | INFO     | session_runner | Stale signal: SPY/orb age=102 min > max 10 min — skipped
2026-09-29T11:42:26 | INFO     | session_runner | Stale signal: SPY/vwap_reclaim age=112 min > max 10 min — skipped
2026-09-29T11:42:56 | INFO     | session_runner | [cycle 260] 11:42:56 ET | positions=0 | entries=0
2026-09-29T11:42:56 | INFO     | session_runner | [bridge:SPY] rsi_trend ready: sufficient bars
2026-09-29T11:42:56 | INFO     | session_runner | Stale signal: SPY/vwap_reclaim age=38 min > max 10 min — skipped
2026-09-29T11:42:56 | INFO     | session_runner | Stale signal: SPY/orb age=103 min > max 10 min — skipped
2026-09-29T11:42:56 | INFO     | session_runner | Stale signal: SPY/vwap_reclaim age=113 min > max 10 min — skipped
2026-09-29T11:43:26 | INFO     | session_runner | [cycle 261] 11:43:26 ET | positions=0 | entries=0
2026-09-29T11:43:26 | INFO     | app.trading.reconciler | Reconciliation done: broker_pos=0 local_pos=0 broker_orders=0 local_pending=0 repaired=0 flagged=0 orders_confirmed=True positions_confirmed=True
2026-09-29T11:43:26 | INFO     | session_runner | Periodic universe re-scan …
2026-09-29T11:43:26 | INFO     | app.scanning.universe_loader | UniverseLoader: loaded 5 groups (13 flat symbols) from config/ticker_universe.yaml (blacklist=0)
2026-09-29T11:43:26 | INFO     | app.scanning.universe_loader | UniverseLoader: 38 symbols from 4 group(s) (blacklist=0)
2026-09-29T11:43:26 | INFO     | session_runner | Universe scan: 38 symbols from 4 group(s) | max_active=6
2026-09-29T11:43:29 | INFO     | session_runner | Scan: 18 passed, 20 rejected
2026-09-29T11:43:29 | INFO     | session_runner |   GOOGL   score=80.0  signal=SHORT    reasons: rvol=1.27x (normal), atr=2.28% (wide-range), orb_breakdown
2026-09-29T11:43:29 | INFO     | session_runner |   MSFT    score=75.0  signal=LONG     reasons: rvol=1.11x (normal), atr=2.39% (wide-range), orb_breakout
2026-09-29T11:43:29 | INFO     | session_runner |   RIVN    score=70.0  signal=LONG     reasons: rvol=1.71x (elevated), atr=4.21% (wide-range), orb_breakout
2026-09-29T11:43:29 | INFO     | session_runner |   HOOD    score=67.0  signal=SHORT    reasons: rvol=1.07x (normal), atr=4.66% (wide-range), orb_breakdown
2026-09-29T11:43:29 | INFO     | session_runner |   DKNG    score=65.0  signal=SHORT    reasons: rvol=1.32x (normal), atr=5.45% (wide-range), orb_breakdown
2026-09-29T11:43:29 | WARNING  | app.scanning.alpaca_confirmer | AlpacaConfirmer: cannot fetch chain for GOOGL 2026-10-02: Client error '401 Unauthorized' for url 'https://api.tradier.com/v1/markets/quotes?symbols=GOOGL261002C00100000%2CGOOGL261002C00105000%2CGOOGL261002C00110000%2CGOOGL261002C00115000%2CGOOGL261002C00120000%2CGOOGL261002C00125000%2CGOOGL261002C00130000%2CGOOGL261002C00135000%2CGOOGL261002C00140000%2CGOOGL261002C00145000%2CGOOGL261002C00150000%2CGOOGL261002C00155000%2CGOOGL261002C00160000%2CGOOGL261002C00165000%2CGOOGL261002C00170000%2CGOOGL261002C00175000%2CGOOGL261002C00180000%2CGOOGL261002C00185000%2CGOOGL261002C00190000%2CGOOGL261002C00195000%2CGOOGL261002C00200000%2CGOOGL261002C00205000%2CGOOGL261002C00210000%2CGOOGL261002C00215000%2CGOOGL261002C00220000%2CGOOGL261002C00225000%2CGOOGL261002C00230000%2CGOOGL261002C00235000%2CGOOGL261002C00240000%2CGOOGL261002C00245000%2CGOOGL261002C00250000%2CGOOGL261002C00255000%2CGOOGL261002C00260000%2CGOOGL261002C00265000%2CGOOGL261002C00270000%2CGOOGL261002C00275000%2CGOOGL261002C00280000%2CGOOGL261002C00285000%2CGOOGL261002C00290000%2CGOOGL261002C00295000%2CGOOGL261002C00300000%2CGOOGL261002C00305000%2CGOOGL261002C00307500%2CGOOGL261002C00310000%2CGOOGL261002C00312500%2CGOOGL261002C00315000%2CGOOGL261002C00317500%2CGOOGL261002C00320000%2CGOOGL261002C00322500%2CGOOGL261002C00325000&greeks=true'
For more information check: https://developer.mozilla.org/en-US/docs/Web/HTTP/Status/401
2026-09-29T11:43:29 | WARNING  | app.scanning.alpaca_confirmer | AlpacaConfirmer: cannot fetch chain for HOOD 2026-10-02: Client error '401 Unauthorized' for url 'https://api.tradier.com/v1/markets/quotes?symbols=HOOD261002C00025000%2CHOOD261002C00030000%2CHOOD261002C00035000%2CHOOD261002C00040000%2CHOOD261002C00045000%2CHOOD261002C00050000%2CHOOD261002C00055000%2CHOOD261002C00060000%2CHOOD261002C00065000%2CHOOD261002C00070000%2CHOOD261002C00075000%2CHOOD261002C00080000%2CHOOD261002C00082000%2CHOOD261002C00083000%2CHOOD261002C00084000%2CHOOD261002C00085000%2CHOOD261002C00086000%2CHOOD261002C00087000%2CHOOD261002C00088000%2CHOOD261002C00089000%2CHOOD261002C00090000%2CHOOD261002C00091000%2CHOOD261002C00092000%2CHOOD261002C00093000%2CHOOD261002C00094000%2CHOOD261002C00095000%2CHOOD261002C00096000%2CHOOD261002C00097000%2CHOOD261002C00098000%2CHOOD261002C00099000%2CHOOD261002C00100000%2CHOOD261002C00101000%2CHOOD261002C00102000%2CHOOD261002C00103000%2CHOOD261002C00104000%2CHOOD261002C00105000%2CHOOD261002C00106000%2CHOOD261002C00107000%2CHOOD261002C00108000%2CHOOD261002C00109000%2CHOOD261002C00110000%2CHOOD261002C00111000%2CHOOD261002C00112000%2CHOOD261002C00113000%2CHOOD261002C00114000%2CHOOD261002C00115000%2CHOOD261002C00116000%2CHOOD261002C00117000%2CHOOD261002C00118000%2CHOOD261002C00119000&greeks=true'
For more information check: https://developer.mozilla.org/en-US/docs/Web/HTTP/Status/401
2026-09-29T11:43:29 | WARNING  | app.scanning.alpaca_confirmer | AlpacaConfirmer: cannot fetch chain for RIVN 2026-10-02: Client error '401 Unauthorized' for url 'https://api.tradier.com/v1/markets/quotes?symbols=RIVN261002C00005000%2CRIVN261002C00009000%2CRIVN261002C00010000%2CRIVN261002C00010500%2CRIVN261002C00011000%2CRIVN261002C00011500%2CRIVN261002C00012000%2CRIVN261002C00012500%2CRIVN261002C00013000%2CRIVN261002C00013500%2CRIVN261002C00014000%2CRIVN261002C00014500%2CRIVN261002C00015000%2CRIVN261002C00015500%2CRIVN261002C00016000%2CRIVN261002C00016500%2CRIVN261002C00017000%2CRIVN261002C00017500%2CRIVN261002C00018000%2CRIVN261002C00018500%2CRIVN261002C00019000%2CRIVN261002C00019500%2CRIVN261002C00020000%2CRIVN261002C00020500%2CRIVN261002C00021000%2CRIVN261002C00021500%2CRIVN261002C00022000%2CRIVN261002C00023000%2CRIVN261002C00024000%2CRIVN261002C00025000%2CRIVN261002C00030000%2CRIVN261002P00005000%2CRIVN261002P00009000%2CRIVN261002P00010000%2CRIVN261002P00010500%2CRIVN261002P00011000%2CRIVN261002P00011500%2CRIVN261002P00012000%2CRIVN261002P00012500%2CRIVN261002P00013000%2CRIVN261002P00013500%2CRIVN261002P00014000%2CRIVN261002P00014500%2CRIVN261002P00015000%2CRIVN261002P00015500%2CRIVN261002P00016000%2CRIVN261002P00016500%2CRIVN261002P00017000%2CRIVN261002P00017500%2CRIVN261002P00018000&greeks=true'
For more information check: https://developer.mozilla.org/en-US/docs/Web/HTTP/Status/401
2026-09-29T11:43:29 | WARNING  | app.scanning.alpaca_confirmer | AlpacaConfirmer: cannot fetch chain for MSFT 2026-10-02: Client error '401 Unauthorized' for url 'https://api.tradier.com/v1/markets/quotes?symbols=MSFT261002C00270000%2CMSFT261002C00280000%2CMSFT261002C00290000%2CMSFT261002C00300000%2CMSFT261002C00305000%2CMSFT261002C00310000%2CMSFT261002C00315000%2CMSFT261002C00320000%2CMSFT261002C00325000%2CMSFT261002C00330000%2CMSFT261002C00335000%2CMSFT261002C00340000%2CMSFT261002C00345000%2CMSFT261002C00350000%2CMSFT261002C00355000%2CMSFT261002C00360000%2CMSFT261002C00365000%2CMSFT261002C00370000%2CMSFT261002C00375000%2CMSFT261002C00380000%2CMSFT261002C00385000%2CMSFT261002C00390000%2CMSFT261002C00395000%2CMSFT261002C00400000%2CMSFT261002C00405000%2CMSFT261002C00410000%2CMSFT261002C00415000%2CMSFT261002C00420000%2CMSFT261002C00425000%2CMSFT261002C00430000%2CMSFT261002C00435000%2CMSFT261002C00437500%2CMSFT261002C00440000%2CMSFT261002C00442500%2CMSFT261002C00445000%2CMSFT261002C00447500%2CMSFT261002C00450000%2CMSFT261002C00452500%2CMSFT261002C00455000%2CMSFT261002C00457500%2CMSFT261002C00460000%2CMSFT261002C00462500%2CMSFT261002C00465000%2CMSFT261002C00467500%2CMSFT261002C00470000%2CMSFT261002C00472500%2CMSFT261002C00475000%2CMSFT261002C00477500%2CMSFT261002C00480000%2CMSFT261002C00482500&greeks=true'
For more information check: https://developer.mozilla.org/en-US/docs/Web/HTTP/Status/401
2026-09-29T11:43:29 | WARNING  | app.scanning.alpaca_confirmer | AlpacaConfirmer: cannot fetch chain for DKNG 2026-10-02: Client error '401 Unauthorized' for url 'https://api.tradier.com/v1/markets/quotes?symbols=DKNG261002C00011000%2CDKNG261002C00012000%2CDKNG261002C00013000%2CDKNG261002C00014000%2CDKNG261002C00015000%2CDKNG261002C00016000%2CDKNG261002C00017000%2CDKNG261002C00018000%2CDKNG261002C00019000%2CDKNG261002C00020000%2CDKNG261002C00020500%2CDKNG261002C00021000%2CDKNG261002C00021500%2CDKNG261002C00022000%2CDKNG261002C00022500%2CDKNG261002C00023000%2CDKNG261002C00023500%2CDKNG261002C00024000%2CDKNG261002C00024500%2CDKNG261002C00025000%2CDKNG261002C00025500%2CDKNG261002C00026000%2CDKNG261002C00026500%2CDKNG261002C00027000%2CDKNG261002C00027500%2CDKNG261002C00028000%2CDKNG261002C00028500%2CDKNG261002C00029000%2CDKNG261002C00030000%2CDKNG261002C00031000%2CDKNG261002C00032000%2CDKNG261002C00033000%2CDKNG261002C00034000%2CDKNG261002C00035000%2CDKNG261002C00036000%2CDKNG261002P00011000%2CDKNG261002P00012000%2CDKNG261002P00013000%2CDKNG261002P00014000%2CDKNG261002P00015000%2CDKNG261002P00016000%2CDKNG261002P00017000%2CDKNG261002P00018000%2CDKNG261002P00019000%2CDKNG261002P00020000%2CDKNG261002P00020500%2CDKNG261002P00021000%2CDKNG261002P00021500%2CDKNG261002P00022000%2CDKNG261002P00022500&greeks=true'
For more information check: https://developer.mozilla.org/en-US/docs/Web/HTTP/Status/401
2026-09-29T11:43:29 | WARNING  | app.scanning.alpaca_confirmer | AlpacaConfirmer: cannot fetch chain for XLE 2026-10-02: Client error '401 Unauthorized' for url 'https://api.tradier.com/v1/markets/quotes?symbols=XLE261002C00035000%2CXLE261002C00040000%2CXLE261002C00045000%2CXLE261002C00048000%2CXLE261002C00049000%2CXLE261002C00050000%2CXLE261002C00051000%2CXLE261002C00052000%2CXLE261002C00053000%2CXLE261002C00054000%2CXLE261002C00054500%2CXLE261002C00055000%2CXLE261002C00055500%2CXLE261002C00056000%2CXLE261002C00056500%2CXLE261002C00057000%2CXLE261002C00057500%2CXLE261002C00058000%2CXLE261002C00058500%2CXLE261002C00059000%2CXLE261002C00059500%2CXLE261002C00060000%2CXLE261002C00060500%2CXLE261002C00061000%2CXLE261002C00061500%2CXLE261002C00062000%2CXLE261002C00062500%2CXLE261002C00063000%2CXLE261002C00063500%2CXLE261002C00064000%2CXLE261002C00064500%2CXLE261002C00065000%2CXLE261002C00065500%2CXLE261002C00066000%2CXLE261002C00066500%2CXLE261002C00067000%2CXLE261002C00068000%2CXLE261002C00068500%2CXLE261002C00069000%2CXLE261002C00070000%2CXLE261002C00071000%2CXLE261002C00075000%2CXLE261002C00080000%2CXLE261002P00035000%2CXLE261002P00040000%2CXLE261002P00045000%2CXLE261002P00048000%2CXLE261002P00049000%2CXLE261002P00050000%2CXLE261002P00051000&greeks=true'
For more information check: https://developer.mozilla.org/en-US/docs/Web/HTTP/Status/401
2026-09-29T11:43:29 | WARNING  | app.scanning.alpaca_confirmer | AlpacaConfirmer: cannot fetch chain for XLF 2026-10-01: Client error '401 Unauthorized' for url 'https://api.tradier.com/v1/markets/quotes?symbols=XLF261001C00041000%2CXLF261001C00042000%2CXLF261001C00043000%2CXLF261001C00044000%2CXLF261001C00045000%2CXLF261001C00046000%2CXLF261001C00047000%2CXLF261001C00048000%2CXLF261001C00049000%2CXLF261001C00050000%2CXLF261001C00050500%2CXLF261001C00051000%2CXLF261001C00051500%2CXLF261001C00052000%2CXLF261001C00052500%2CXLF261001C00053000%2CXLF261001C00053500%2CXLF261001C00054000%2CXLF261001C00054500%2CXLF261001C00055000%2CXLF261001C00055500%2CXLF261001C00056000%2CXLF261001C00056500%2CXLF261001C00057000%2CXLF261001C00057500%2CXLF261001C00058000%2CXLF261001C00058500%2CXLF261001C00059000%2CXLF261001C00059500%2CXLF261001C00060000%2CXLF261001C00060500%2CXLF261001C00061000%2CXLF261001C00061500%2CXLF261001C00062000%2CXLF261001C00062500%2CXLF261001C00063000%2CXLF261001C00063500%2CXLF261001C00064000%2CXLF261001C00064500%2CXLF261001C00065000%2CXLF261001C00066000%2CXLF261001C00067000%2CXLF261001C00068000%2CXLF261001C00069000%2CXLF261001C00070000%2CXLF261001C00071000%2CXLF261001C00072000%2CXLF261001C00073000%2CXLF261001C00074000%2CXLF261001P00041000&greeks=true'
For more information check: https://developer.mozilla.org/en-US/docs/Web/HTTP/Status/401
2026-09-29T11:43:29 | WARNING  | app.scanning.alpaca_confirmer | AlpacaConfirmer: cannot fetch chain for LYFT 2026-10-02: Client error '401 Unauthorized' for url 'https://api.tradier.com/v1/markets/quotes?symbols=LYFT261002C00005000%2CLYFT261002C00008000%2CLYFT261002C00009000%2CLYFT261002C00010000%2CLYFT261002C00010500%2CLYFT261002C00011000%2CLYFT261002C00011500%2CLYFT261002C00012000%2CLYFT261002C00012500%2CLYFT261002C00013000%2CLYFT261002C00013500%2CLYFT261002C00014000%2CLYFT261002C00014500%2CLYFT261002C00015000%2CLYFT261002C00015500%2CLYFT261002C00016000%2CLYFT261002C00016500%2CLYFT261002C00017000%2CLYFT261002C00017500%2CLYFT261002C00018000%2CLYFT261002C00018500%2CLYFT261002C00019000%2CLYFT261002C00019500%2CLYFT261002C00020000%2CLYFT261002C00020500%2CLYFT261002C00021000%2CLYFT261002C00021500%2CLYFT261002C00022000%2CLYFT261002C00023000%2CLYFT261002C00024000%2CLYFT261002C00025000%2CLYFT261002P00005000%2CLYFT261002P00008000%2CLYFT261002P00009000%2CLYFT261002P00010000%2CLYFT261002P00010500%2CLYFT261002P00011000%2CLYFT261002P00011500%2CLYFT261002P00012000%2CLYFT261002P00012500%2CLYFT261002P00013000%2CLYFT261002P00013500%2CLYFT261002P00014000%2CLYFT261002P00014500%2CLYFT261002P00015000%2CLYFT261002P00015500%2CLYFT261002P00016000%2CLYFT261002P00016500%2CLYFT261002P00017000%2CLYFT261002P00017500&greeks=true'
For more information check: https://developer.mozilla.org/en-US/docs/Web/HTTP/Status/401
2026-09-29T11:43:29 | WARNING  | app.scanning.alpaca_confirmer | AlpacaConfirmer: cannot fetch chain for SPY 2026-10-01: Client error '401 Unauthorized' for url 'https://api.tradier.com/v1/markets/quotes?symbols=SPY261001C00550000%2CSPY261001C00555000%2CSPY261001C00560000%2CSPY261001C00565000%2CSPY261001C00570000%2CSPY261001C00575000%2CSPY261001C00580000%2CSPY261001C00585000%2CSPY261001C00590000%2CSPY261001C00595000%2CSPY261001C00600000%2CSPY261001C00605000%2CSPY261001C00610000%2CSPY261001C00615000%2CSPY261001C00620000%2CSPY261001C00625000%2CSPY261001C00630000%2CSPY261001C00635000%2CSPY261001C00640000%2CSPY261001C00645000%2CSPY261001C00650000%2CSPY261001C00655000%2CSPY261001C00660000%2CSPY261001C00665000%2CSPY261001C00670000%2CSPY261001C00675000%2CSPY261001C00680000%2CSPY261001C00685000%2CSPY261001C00690000%2CSPY261001C00695000%2CSPY261001C00700000%2CSPY261001C00705000%2CSPY261001C00710000%2CSPY261001C00715000%2CSPY261001C00718000%2CSPY261001C00719000%2CSPY261001C00720000%2CSPY261001C00721000%2CSPY261001C00722000%2CSPY261001C00723000%2CSPY261001C00724000%2CSPY261001C00725000%2CSPY261001C00726000%2CSPY261001C00727000%2CSPY261001C00728000%2CSPY261001C00729000%2CSPY261001C00730000%2CSPY261001C00731000%2CSPY261001C00732000%2CSPY261001C00733000&greeks=true'
For more information check: https://developer.mozilla.org/en-US/docs/Web/HTTP/Status/401
2026-09-29T11:43:29 | WARNING  | app.scanning.alpaca_confirmer | AlpacaConfirmer: cannot fetch chain for UBER 2026-10-02: Client error '401 Unauthorized' for url 'https://api.tradier.com/v1/markets/quotes?symbols=UBER261002C00050000%2CUBER261002C00055000%2CUBER261002C00058000%2CUBER261002C00059000%2CUBER261002C00060000%2CUBER261002C00061000%2CUBER261002C00062000%2CUBER261002C00063000%2CUBER261002C00064000%2CUBER261002C00065000%2CUBER261002C00066000%2CUBER261002C00067000%2CUBER261002C00068000%2CUBER261002C00069000%2CUBER261002C00070000%2CUBER261002C00071000%2CUBER261002C00072000%2CUBER261002C00073000%2CUBER261002C00074000%2CUBER261002C00075000%2CUBER261002C00076000%2CUBER261002C00077000%2CUBER261002C00078000%2CUBER261002C00079000%2CUBER261002C00080000%2CUBER261002C00081000%2CUBER261002C00082000%2CUBER261002C00083000%2CUBER261002C00084000%2CUBER261002C00085000%2CUBER261002C00086000%2CUBER261002C00087000%2CUBER261002C00088000%2CUBER261002C00089000%2CUBER261002C00090000%2CUBER261002C00091000%2CUBER261002C00095000%2CUBER261002C00100000%2CUBER261002C00105000%2CUBER261002P00050000%2CUBER261002P00055000%2CUBER261002P00058000%2CUBER261002P00059000%2CUBER261002P00060000%2CUBER261002P00061000%2CUBER261002P00062000%2CUBER261002P00063000%2CUBER261002P00064000%2CUBER261002P00065000%2CUBER261002P00066000&greeks=true'
For more information check: https://developer.mozilla.org/en-US/docs/Web/HTTP/Status/401
2026-09-29T11:43:29 | WARNING  | app.scanning.alpaca_confirmer | AlpacaConfirmer: cannot fetch chain for META 2026-10-02: Client error '401 Unauthorized' for url 'https://api.tradier.com/v1/markets/quotes?symbols=META261002C00100000%2CMETA261002C00110000%2CMETA261002C00120000%2CMETA261002C00130000%2CMETA261002C00140000%2CMETA261002C00150000%2CMETA261002C00160000%2CMETA261002C00170000%2CMETA261002C00180000%2CMETA261002C00190000%2CMETA261002C00200000%2CMETA261002C00210000%2CMETA261002C00220000%2CMETA261002C00230000%2CMETA261002C00240000%2CMETA261002C00250000%2CMETA261002C00260000%2CMETA261002C00270000%2CMETA261002C00280000%2CMETA261002C00290000%2CMETA261002C00300000%2CMETA261002C00310000%2CMETA261002C00320000%2CMETA261002C00330000%2CMETA261002C00340000%2CMETA261002C00350000%2CMETA261002C00360000%2CMETA261002C00370000%2CMETA261002C00380000%2CMETA261002C00390000%2CMETA261002C00400000%2CMETA261002C00405000%2CMETA261002C00410000%2CMETA261002C00415000%2CMETA261002C00420000%2CMETA261002C00425000%2CMETA261002C00430000%2CMETA261002C00435000%2CMETA261002C00440000%2CMETA261002C00445000%2CMETA261002C00450000%2CMETA261002C00455000%2CMETA261002C00460000%2CMETA261002C00465000%2CMETA261002C00470000%2CMETA261002C00475000%2CMETA261002C00480000%2CMETA261002C00485000%2CMETA261002C00490000%2CMETA261002C00495000&greeks=true'
For more information check: https://developer.mozilla.org/en-US/docs/Web/HTTP/Status/401
2026-09-29T11:43:29 | WARNING  | app.scanning.alpaca_confirmer | AlpacaConfirmer: cannot fetch chain for IWM 2026-10-01: Client error '401 Unauthorized' for url 'https://api.tradier.com/v1/markets/quotes?symbols=IWM261001C00180000%2CIWM261001C00190000%2CIWM261001C00200000%2CIWM261001C00205000%2CIWM261001C00210000%2CIWM261001C00215000%2CIWM261001C00220000%2CIWM261001C00225000%2CIWM261001C00230000%2CIWM261001C00235000%2CIWM261001C00240000%2CIWM261001C00245000%2CIWM261001C00250000%2CIWM261001C00255000%2CIWM261001C00260000%2CIWM261001C00261000%2CIWM261001C00262000%2CIWM261001C00263000%2CIWM261001C00264000%2CIWM261001C00265000%2CIWM261001C00266000%2CIWM261001C00267000%2CIWM261001C00268000%2CIWM261001C00269000%2CIWM261001C00270000%2CIWM261001C00271000%2CIWM261001C00272000%2CIWM261001C00273000%2CIWM261001C00274000%2CIWM261001C00275000%2CIWM261001C00276000%2CIWM261001C00277000%2CIWM261001C00278000%2CIWM261001C00279000%2CIWM261001C00280000%2CIWM261001C00281000%2CIWM261001C00282000%2CIWM261001C00283000%2CIWM261001C00284000%2CIWM261001C00285000%2CIWM261001C00286000%2CIWM261001C00287000%2CIWM261001C00288000%2CIWM261001C00289000%2CIWM261001C00290000%2CIWM261001C00291000%2CIWM261001C00292000%2CIWM261001C00293000%2CIWM261001C00294000%2CIWM261001C00295000&greeks=true'
For more information check: https://developer.mozilla.org/en-US/docs/Web/HTTP/Status/401
2026-09-29T11:43:29 | INFO     | session_runner | AlpacaConfirmer: 0 confirmed symbols: []
2026-09-29T11:43:29 | WARNING  | session_runner | Re-scan returned no confirmed symbols — falling back to ['SPY']
2026-09-29T11:43:30 | INFO     | session_runner | Broad-market regime | SPY=short
2026-09-29T11:43:30 | INFO     | session_runner | [bridge:SPY] rsi_trend ready: sufficient bars
2026-09-29T11:43:30 | INFO     | session_runner | Stale signal: SPY/vwap_reclaim age=38 min > max 10 min — skipped
2026-09-29T11:43:30 | INFO     | session_runner | Stale signal: SPY/orb age=103 min > max 10 min — skipped
2026-09-29T11:43:30 | INFO     | session_runner | Stale signal: SPY/vwap_reclaim age=113 min > max 10 min — skipped
2026-09-29T11:44:00 | INFO     | session_runner | [cycle 262] 11:44:00 ET | positions=0 | entries=0
2026-09-29T11:44:00 | INFO     | session_runner | [bridge:SPY] rsi_trend ready: sufficient bars
2026-09-29T11:44:00 | INFO     | session_runner | Stale signal: SPY/vwap_reclaim age=39 min > max 10 min — skipped
2026-09-29T11:44:00 | INFO     | session_runner | Stale signal: SPY/orb age=104 min > max 10 min — skipped
2026-09-29T11:44:00 | INFO     | session_runner | Stale signal: SPY/vwap_reclaim age=114 min > max 10 min — skipped
2026-09-29T11:44:30 | INFO     | session_runner | [cycle 263] 11:44:30 ET | positions=0 | entries=0
2026-09-29T11:44:30 | INFO     | session_runner | [bridge:SPY] rsi_trend ready: sufficient bars
2026-09-29T11:44:30 | INFO     | session_runner | Stale signal: SPY/vwap_reclaim age=40 min > max 10 min — skipped
2026-09-29T11:44:30 | INFO     | session_runner | Stale signal: SPY/orb age=105 min > max 10 min — skipped
2026-09-29T11:44:30 | INFO     | session_runner | Stale signal: SPY/vwap_reclaim age=115 min > max 10 min — skipped
2026-09-29T11:45:00 | INFO     | session_runner | [cycle 264] 11:45:00 ET | positions=0 | entries=0
2026-09-29T11:45:01 | INFO     | session_runner | [bridge:SPY] rsi_trend ready: sufficient bars
2026-09-29T11:45:01 | INFO     | session_runner | Stale signal: SPY/vwap_reclaim age=40 min > max 10 min — skipped
2026-09-29T11:45:01 | INFO     | session_runner | Stale signal: SPY/orb age=105 min > max 10 min — skipped
2026-09-29T11:45:01 | INFO     | session_runner | Stale signal: SPY/vwap_reclaim age=115 min > max 10 min — skipped
2026-09-29T11:45:31 | INFO     | session_runner | [cycle 265] 11:45:31 ET | positions=0 | entries=0
2026-09-29T11:45:31 | INFO     | session_runner | [bridge:SPY] rsi_trend ready: sufficient bars
2026-09-29T11:45:31 | INFO     | session_runner | Stale signal: SPY/vwap_reclaim age=41 min > max 10 min — skipped
2026-09-29T11:45:31 | INFO     | session_runner | Stale signal: SPY/orb age=106 min > max 10 min — skipped
2026-09-29T11:45:31 | INFO     | session_runner | Stale signal: SPY/vwap_reclaim age=116 min > max 10 min — skipped
2026-09-29T11:46:01 | INFO     | session_runner | [cycle 266] 11:46:01 ET | positions=0 | entries=0
2026-09-29T11:46:01 | INFO     | session_runner | [bridge:SPY] rsi_trend ready: sufficient bars
2026-09-29T11:46:01 | INFO     | session_runner | Stale signal: SPY/vwap_reclaim age=41 min > max 10 min — skipped
2026-09-29T11:46:01 | INFO     | session_runner | Stale signal: SPY/orb age=106 min > max 10 min — skipped
2026-09-29T11:46:01 | INFO     | session_runner | Stale signal: SPY/vwap_reclaim age=116 min > max 10 min — skipped
2026-09-29T11:46:31 | INFO     | session_runner | [cycle 267] 11:46:31 ET | positions=0 | entries=0
2026-09-29T11:46:31 | INFO     | session_runner | [bridge:SPY] rsi_trend ready: sufficient bars
2026-09-29T11:46:31 | INFO     | session_runner | Stale signal: SPY/vwap_reclaim age=42 min > max 10 min — skipped
2026-09-29T11:46:31 | INFO     | session_runner | Stale signal: SPY/orb age=107 min > max 10 min — skipped
2026-09-29T11:46:31 | INFO     | session_runner | Stale signal: SPY/vwap_reclaim age=117 min > max 10 min — skipped
2026-09-29T11:47:01 | INFO     | session_runner | [cycle 268] 11:47:01 ET | positions=0 | entries=0
2026-09-29T11:47:02 | INFO     | session_runner | [bridge:SPY] rsi_trend ready: sufficient bars
2026-09-29T11:47:02 | INFO     | session_runner | Stale signal: SPY/vwap_reclaim age=42 min > max 10 min — skipped
2026-09-29T11:47:02 | INFO     | session_runner | Stale signal: SPY/orb age=107 min > max 10 min — skipped
2026-09-29T11:47:02 | INFO     | session_runner | Stale signal: SPY/vwap_reclaim age=117 min > max 10 min — skipped
2026-09-29T11:47:32 | INFO     | session_runner | [cycle 269] 11:47:32 ET | positions=0 | entries=0
2026-09-29T11:47:32 | INFO     | session_runner | [bridge:SPY] rsi_trend ready: sufficient bars
2026-09-29T11:47:32 | INFO     | session_runner | Stale signal: SPY/vwap_reclaim age=43 min > max 10 min — skipped
2026-09-29T11:47:32 | INFO     | session_runner | Stale signal: SPY/orb age=108 min > max 10 min — skipped
2026-09-29T11:47:32 | INFO     | session_runner | Stale signal: SPY/vwap_reclaim age=118 min > max 10 min — skipped
2026-09-29T11:48:02 | INFO     | session_runner | [cycle 270] 11:48:02 ET | positions=0 | entries=0
2026-09-29T11:48:02 | INFO     | session_runner | [bridge:SPY] rsi_trend ready: sufficient bars
2026-09-29T11:48:02 | INFO     | session_runner | Stale signal: SPY/vwap_reclaim age=43 min > max 10 min — skipped
2026-09-29T11:48:02 | INFO     | session_runner | Stale signal: SPY/orb age=108 min > max 10 min — skipped
2026-09-29T11:48:02 | INFO     | session_runner | Stale signal: SPY/vwap_reclaim age=118 min > max 10 min — skipped
2026-09-29T11:48:32 | INFO     | session_runner | [cycle 271] 11:48:32 ET | positions=0 | entries=0
2026-09-29T11:48:32 | INFO     | session_runner | Periodic universe re-scan …
2026-09-29T11:48:32 | INFO     | app.scanning.universe_loader | UniverseLoader: loaded 5 groups (13 flat symbols) from config/ticker_universe.yaml (blacklist=0)
2026-09-29T11:48:32 | INFO     | app.scanning.universe_loader | UniverseLoader: 38 symbols from 4 group(s) (blacklist=0)
2026-09-29T11:48:32 | INFO     | session_runner | Universe scan: 38 symbols from 4 group(s) | max_active=6
2026-09-29T11:48:35 | INFO     | session_runner | Scan: 19 passed, 19 rejected
2026-09-29T11:48:35 | INFO     | session_runner |   GOOGL   score=80.0  signal=SHORT    reasons: rvol=1.26x (normal), atr=2.28% (wide-range), orb_breakdown
2026-09-29T11:48:35 | INFO     | session_runner |   MSFT    score=75.0  signal=LONG     reasons: rvol=1.10x (normal), atr=2.39% (wide-range), orb_breakout
2026-09-29T11:48:35 | INFO     | session_runner |   RIVN    score=70.0  signal=LONG     reasons: rvol=1.69x (elevated), atr=4.20% (wide-range), orb_breakout
2026-09-29T11:48:35 | INFO     | session_runner |   HOOD    score=67.0  signal=SHORT    reasons: rvol=1.07x (normal), atr=4.66% (wide-range), orb_breakdown
2026-09-29T11:48:35 | INFO     | session_runner |   DKNG    score=65.0  signal=SHORT    reasons: rvol=1.30x (normal), atr=5.45% (wide-range), orb_breakdown
2026-09-29T11:48:36 | WARNING  | app.scanning.alpaca_confirmer | AlpacaConfirmer: cannot fetch chain for AAPL 2026-10-02: Client error '401 Unauthorized' for url 'https://api.tradier.com/v1/markets/quotes?symbols=AAPL261002C00110000%2CAAPL261002C00120000%2CAAPL261002C00125000%2CAAPL261002C00130000%2CAAPL261002C00135000%2CAAPL261002C00140000%2CAAPL261002C00145000%2CAAPL261002C00150000%2CAAPL261002C00155000%2CAAPL261002C00160000%2CAAPL261002C00165000%2CAAPL261002C00170000%2CAAPL261002C00175000%2CAAPL261002C00180000%2CAAPL261002C00185000%2CAAPL261002C00190000%2CAAPL261002C00195000%2CAAPL261002C00200000%2CAAPL261002C00205000%2CAAPL261002C00210000%2CAAPL261002C00215000%2CAAPL261002C00220000%2CAAPL261002C00225000%2CAAPL261002C00230000%2CAAPL261002C00235000%2CAAPL261002C00240000%2CAAPL261002C00245000%2CAAPL261002C00250000%2CAAPL261002C00255000%2CAAPL261002C00260000%2CAAPL261002C00265000%2CAAPL261002C00270000%2CAAPL261002C00275000%2CAAPL261002C00280000%2CAAPL261002C00285000%2CAAPL261002C00290000%2CAAPL261002C00295000%2CAAPL261002C00297500%2CAAPL261002C00300000%2CAAPL261002C00302500%2CAAPL261002C00305000%2CAAPL261002C00307500%2CAAPL261002C00310000%2CAAPL261002C00312500%2CAAPL261002C00315000%2CAAPL261002C00317500%2CAAPL261002C00320000%2CAAPL261002C00322500%2CAAPL261002C00325000%2CAAPL261002C00327500&greeks=true'
For more information check: https://developer.mozilla.org/en-US/docs/Web/HTTP/Status/401
2026-09-29T11:48:36 | WARNING  | app.scanning.alpaca_confirmer | AlpacaConfirmer: cannot fetch chain for RIVN 2026-10-02: Client error '401 Unauthorized' for url 'https://api.tradier.com/v1/markets/quotes?symbols=RIVN261002C00005000%2CRIVN261002C00009000%2CRIVN261002C00010000%2CRIVN261002C00010500%2CRIVN261002C00011000%2CRIVN261002C00011500%2CRIVN261002C00012000%2CRIVN261002C00012500%2CRIVN261002C00013000%2CRIVN261002C00013500%2CRIVN261002C00014000%2CRIVN261002C00014500%2CRIVN261002C00015000%2CRIVN261002C00015500%2CRIVN261002C00016000%2CRIVN261002C00016500%2CRIVN261002C00017000%2CRIVN261002C00017500%2CRIVN261002C00018000%2CRIVN261002C00018500%2CRIVN261002C00019000%2CRIVN261002C00019500%2CRIVN261002C00020000%2CRIVN261002C00020500%2CRIVN261002C00021000%2CRIVN261002C00021500%2CRIVN261002C00022000%2CRIVN261002C00023000%2CRIVN261002C00024000%2CRIVN261002C00025000%2CRIVN261002C00030000%2CRIVN261002P00005000%2CRIVN261002P00009000%2CRIVN261002P00010000%2CRIVN261002P00010500%2CRIVN261002P00011000%2CRIVN261002P00011500%2CRIVN261002P00012000%2CRIVN261002P00012500%2CRIVN261002P00013000%2CRIVN261002P00013500%2CRIVN261002P00014000%2CRIVN261002P00014500%2CRIVN261002P00015000%2CRIVN261002P00015500%2CRIVN261002P00016000%2CRIVN261002P00016500%2CRIVN261002P00017000%2CRIVN261002P00017500%2CRIVN261002P00018000&greeks=true'
For more information check: https://developer.mozilla.org/en-US/docs/Web/HTTP/Status/401
2026-09-29T11:48:36 | WARNING  | app.scanning.alpaca_confirmer | AlpacaConfirmer: cannot fetch chain for META 2026-10-02: Client error '401 Unauthorized' for url 'https://api.tradier.com/v1/markets/quotes?symbols=META261002C00100000%2CMETA261002C00110000%2CMETA261002C00120000%2CMETA261002C00130000%2CMETA261002C00140000%2CMETA261002C00150000%2CMETA261002C00160000%2CMETA261002C00170000%2CMETA261002C00180000%2CMETA261002C00190000%2CMETA261002C00200000%2CMETA261002C00210000%2CMETA261002C00220000%2CMETA261002C00230000%2CMETA261002C00240000%2CMETA261002C00250000%2CMETA261002C00260000%2CMETA261002C00270000%2CMETA261002C00280000%2CMETA261002C00290000%2CMETA261002C00300000%2CMETA261002C00310000%2CMETA261002C00320000%2CMETA261002C00330000%2CMETA261002C00340000%2CMETA261002C00350000%2CMETA261002C00360000%2CMETA261002C00370000%2CMETA261002C00380000%2CMETA261002C00390000%2CMETA261002C00400000%2CMETA261002C00405000%2CMETA261002C00410000%2CMETA261002C00415000%2CMETA261002C00420000%2CMETA261002C00425000%2CMETA261002C00430000%2CMETA261002C00435000%2CMETA261002C00440000%2CMETA261002C00445000%2CMETA261002C00450000%2CMETA261002C00455000%2CMETA261002C00460000%2CMETA261002C00465000%2CMETA261002C00470000%2CMETA261002C00475000%2CMETA261002C00480000%2CMETA261002C00485000%2CMETA261002C00490000%2CMETA261002C00495000&greeks=true'
For more information check: https://developer.mozilla.org/en-US/docs/Web/HTTP/Status/401
2026-09-29T11:48:36 | WARNING  | app.scanning.alpaca_confirmer | AlpacaConfirmer: cannot fetch chain for IWM 2026-10-01: Client error '401 Unauthorized' for url 'https://api.tradier.com/v1/markets/quotes?symbols=IWM261001C00180000%2CIWM261001C00190000%2CIWM261001C00200000%2CIWM261001C00205000%2CIWM261001C00210000%2CIWM261001C00215000%2CIWM261001C00220000%2CIWM261001C00225000%2CIWM261001C00230000%2CIWM261001C00235000%2CIWM261001C00240000%2CIWM261001C00245000%2CIWM261001C00250000%2CIWM261001C00255000%2CIWM261001C00260000%2CIWM261001C00261000%2CIWM261001C00262000%2CIWM261001C00263000%2CIWM261001C00264000%2CIWM261001C00265000%2CIWM261001C00266000%2CIWM261001C00267000%2CIWM261001C00268000%2CIWM261001C00269000%2CIWM261001C00270000%2CIWM261001C00271000%2CIWM261001C00272000%2CIWM261001C00273000%2CIWM261001C00274000%2CIWM261001C00275000%2CIWM261001C00276000%2CIWM261001C00277000%2CIWM261001C00278000%2CIWM261001C00279000%2CIWM261001C00280000%2CIWM261001C00281000%2CIWM261001C00282000%2CIWM261001C00283000%2CIWM261001C00284000%2CIWM261001C00285000%2CIWM261001C00286000%2CIWM261001C00287000%2CIWM261001C00288000%2CIWM261001C00289000%2CIWM261001C00290000%2CIWM261001C00291000%2CIWM261001C00292000%2CIWM261001C00293000%2CIWM261001C00294000%2CIWM261001C00295000&greeks=true'
For more information check: https://developer.mozilla.org/en-US/docs/Web/HTTP/Status/401
2026-09-29T11:48:36 | WARNING  | app.scanning.alpaca_confirmer | AlpacaConfirmer: cannot fetch chain for XLF 2026-10-01: Client error '401 Unauthorized' for url 'https://api.tradier.com/v1/markets/quotes?symbols=XLF261001C00041000%2CXLF261001C00042000%2CXLF261001C00043000%2CXLF261001C00044000%2CXLF261001C00045000%2CXLF261001C00046000%2CXLF261001C00047000%2CXLF261001C00048000%2CXLF261001C00049000%2CXLF261001C00050000%2CXLF261001C00050500%2CXLF261001C00051000%2CXLF261001C00051500%2CXLF261001C00052000%2CXLF261001C00052500%2CXLF261001C00053000%2CXLF261001C00053500%2CXLF261001C00054000%2CXLF261001C00054500%2CXLF261001C00055000%2CXLF261001C00055500%2CXLF261001C00056000%2CXLF261001C00056500%2CXLF261001C00057000%2CXLF261001C00057500%2CXLF261001C00058000%2CXLF261001C00058500%2CXLF261001C00059000%2CXLF261001C00059500%2CXLF261001C00060000%2CXLF261001C00060500%2CXLF261001C00061000%2CXLF261001C00061500%2CXLF261001C00062000%2CXLF261001C00062500%2CXLF261001C00063000%2CXLF261001C00063500%2CXLF261001C00064000%2CXLF261001C00064500%2CXLF261001C00065000%2CXLF261001C00066000%2CXLF261001C00067000%2CXLF261001C00068000%2CXLF261001C00069000%2CXLF261001C00070000%2CXLF261001C00071000%2CXLF261001C00072000%2CXLF261001C00073000%2CXLF261001C00074000%2CXLF261001P00041000&greeks=true'
For more information check: https://developer.mozilla.org/en-US/docs/Web/HTTP/Status/401
2026-09-29T11:48:36 | WARNING  | app.scanning.alpaca_confirmer | AlpacaConfirmer: cannot fetch chain for GOOGL 2026-10-02: Client error '401 Unauthorized' for url 'https://api.tradier.com/v1/markets/quotes?symbols=GOOGL261002C00100000%2CGOOGL261002C00105000%2CGOOGL261002C00110000%2CGOOGL261002C00115000%2CGOOGL261002C00120000%2CGOOGL261002C00125000%2CGOOGL261002C00130000%2CGOOGL261002C00135000%2CGOOGL261002C00140000%2CGOOGL261002C00145000%2CGOOGL261002C00150000%2CGOOGL261002C00155000%2CGOOGL261002C00160000%2CGOOGL261002C00165000%2CGOOGL261002C00170000%2CGOOGL261002C00175000%2CGOOGL261002C00180000%2CGOOGL261002C00185000%2CGOOGL261002C00190000%2CGOOGL261002C00195000%2CGOOGL261002C00200000%2CGOOGL261002C00205000%2CGOOGL261002C00210000%2CGOOGL261002C00215000%2CGOOGL261002C00220000%2CGOOGL261002C00225000%2CGOOGL261002C00230000%2CGOOGL261002C00235000%2CGOOGL261002C00240000%2CGOOGL261002C00245000%2CGOOGL261002C00250000%2CGOOGL261002C00255000%2CGOOGL261002C00260000%2CGOOGL261002C00265000%2CGOOGL261002C00270000%2CGOOGL261002C00275000%2CGOOGL261002C00280000%2CGOOGL261002C00285000%2CGOOGL261002C00290000%2CGOOGL261002C00295000%2CGOOGL261002C00300000%2CGOOGL261002C00305000%2CGOOGL261002C00307500%2CGOOGL261002C00310000%2CGOOGL261002C00312500%2CGOOGL261002C00315000%2CGOOGL261002C00317500%2CGOOGL261002C00320000%2CGOOGL261002C00322500%2CGOOGL261002C00325000&greeks=true'
For more information check: https://developer.mozilla.org/en-US/docs/Web/HTTP/Status/401
2026-09-29T11:48:36 | WARNING  | app.scanning.alpaca_confirmer | AlpacaConfirmer: cannot fetch chain for HOOD 2026-10-02: Client error '401 Unauthorized' for url 'https://api.tradier.com/v1/markets/quotes?symbols=HOOD261002C00025000%2CHOOD261002C00030000%2CHOOD261002C00035000%2CHOOD261002C00040000%2CHOOD261002C00045000%2CHOOD261002C00050000%2CHOOD261002C00055000%2CHOOD261002C00060000%2CHOOD261002C00065000%2CHOOD261002C00070000%2CHOOD261002C00075000%2CHOOD261002C00080000%2CHOOD261002C00082000%2CHOOD261002C00083000%2CHOOD261002C00084000%2CHOOD261002C00085000%2CHOOD261002C00086000%2CHOOD261002C00087000%2CHOOD261002C00088000%2CHOOD261002C00089000%2CHOOD261002C00090000%2CHOOD261002C00091000%2CHOOD261002C00092000%2CHOOD261002C00093000%2CHOOD261002C00094000%2CHOOD261002C00095000%2CHOOD261002C00096000%2CHOOD261002C00097000%2CHOOD261002C00098000%2CHOOD261002C00099000%2CHOOD261002C00100000%2CHOOD261002C00101000%2CHOOD261002C00102000%2CHOOD261002C00103000%2CHOOD261002C00104000%2CHOOD261002C00105000%2CHOOD261002C00106000%2CHOOD261002C00107000%2CHOOD261002C00108000%2CHOOD261002C00109000%2CHOOD261002C00110000%2CHOOD261002C00111000%2CHOOD261002C00112000%2CHOOD261002C00113000%2CHOOD261002C00114000%2CHOOD261002C00115000%2CHOOD261002C00116000%2CHOOD261002C00117000%2CHOOD261002C00118000%2CHOOD261002C00119000&greeks=true'
For more information check: https://developer.mozilla.org/en-US/docs/Web/HTTP/Status/401
2026-09-29T11:48:36 | WARNING  | app.scanning.alpaca_confirmer | AlpacaConfirmer: cannot fetch chain for MSFT 2026-10-02: Client error '401 Unauthorized' for url 'https://api.tradier.com/v1/markets/quotes?symbols=MSFT261002C00270000%2CMSFT261002C00280000%2CMSFT261002C00290000%2CMSFT261002C00300000%2CMSFT261002C00305000%2CMSFT261002C00310000%2CMSFT261002C00315000%2CMSFT261002C00320000%2CMSFT261002C00325000%2CMSFT261002C00330000%2CMSFT261002C00335000%2CMSFT261002C00340000%2CMSFT261002C00345000%2CMSFT261002C00350000%2CMSFT261002C00355000%2CMSFT261002C00360000%2CMSFT261002C00365000%2CMSFT261002C00370000%2CMSFT261002C00375000%2CMSFT261002C00380000%2CMSFT261002C00385000%2CMSFT261002C00390000%2CMSFT261002C00395000%2CMSFT261002C00400000%2CMSFT261002C00405000%2CMSFT261002C00410000%2CMSFT261002C00415000%2CMSFT261002C00420000%2CMSFT261002C00425000%2CMSFT261002C00430000%2CMSFT261002C00435000%2CMSFT261002C00437500%2CMSFT261002C00440000%2CMSFT261002C00442500%2CMSFT261002C00445000%2CMSFT261002C00447500%2CMSFT261002C00450000%2CMSFT261002C00452500%2CMSFT261002C00455000%2CMSFT261002C00457500%2CMSFT261002C00460000%2CMSFT261002C00462500%2CMSFT261002C00465000%2CMSFT261002C00467500%2CMSFT261002C00470000%2CMSFT261002C00472500%2CMSFT261002C00475000%2CMSFT261002C00477500%2CMSFT261002C00480000%2CMSFT261002C00482500&greeks=true'
For more information check: https://developer.mozilla.org/en-US/docs/Web/HTTP/Status/401
2026-09-29T11:48:36 | WARNING  | app.scanning.alpaca_confirmer | AlpacaConfirmer: cannot fetch chain for SOFI 2026-10-02: Client error '401 Unauthorized' for url 'https://api.tradier.com/v1/markets/quotes?symbols=SOFI261002C00005000%2CSOFI261002C00009000%2CSOFI261002C00010000%2CSOFI261002C00011000%2CSOFI261002C00011500%2CSOFI261002C00012000%2CSOFI261002C00012500%2CSOFI261002C00013000%2CSOFI261002C00013500%2CSOFI261002C00014000%2CSOFI261002C00014500%2CSOFI261002C00015000%2CSOFI261002C00015500%2CSOFI261002C00016000%2CSOFI261002C00016500%2CSOFI261002C00017000%2CSOFI261002C00017500%2CSOFI261002C00018000%2CSOFI261002C00018500%2CSOFI261002C00019000%2CSOFI261002C00019500%2CSOFI261002C00020000%2CSOFI261002C00020500%2CSOFI261002C00021000%2CSOFI261002C00021500%2CSOFI261002C00022000%2CSOFI261002C00022500%2CSOFI261002C00023000%2CSOFI261002C00023500%2CSOFI261002C00024000%2CSOFI261002C00025000%2CSOFI261002C00030000%2CSOFI261002P00005000%2CSOFI261002P00009000%2CSOFI261002P00010000%2CSOFI261002P00011000%2CSOFI261002P00011500%2CSOFI261002P00012000%2CSOFI261002P00012500%2CSOFI261002P00013000%2CSOFI261002P00013500%2CSOFI261002P00014000%2CSOFI261002P00014500%2CSOFI261002P00015000%2CSOFI261002P00015500%2CSOFI261002P00016000%2CSOFI261002P00016500%2CSOFI261002P00017000%2CSOFI261002P00017500%2CSOFI261002P00018000&greeks=true'
For more information check: https://developer.mozilla.org/en-US/docs/Web/HTTP/Status/401
2026-09-29T11:48:36 | WARNING  | app.scanning.alpaca_confirmer | AlpacaConfirmer: cannot fetch chain for LYFT 2026-10-02: Client error '401 Unauthorized' for url 'https://api.tradier.com/v1/markets/quotes?symbols=LYFT261002C00005000%2CLYFT261002C00008000%2CLYFT261002C00009000%2CLYFT261002C00010000%2CLYFT261002C00010500%2CLYFT261002C00011000%2CLYFT261002C00011500%2CLYFT261002C00012000%2CLYFT261002C00012500%2CLYFT261002C00013000%2CLYFT261002C00013500%2CLYFT261002C00014000%2CLYFT261002C00014500%2CLYFT261002C00015000%2CLYFT261002C00015500%2CLYFT261002C00016000%2CLYFT261002C00016500%2CLYFT261002C00017000%2CLYFT261002C00017500%2CLYFT261002C00018000%2CLYFT261002C00018500%2CLYFT261002C00019000%2CLYFT261002C00019500%2CLYFT261002C00020000%2CLYFT261002C00020500%2CLYFT261002C00021000%2CLYFT261002C00021500%2CLYFT261002C00022000%2CLYFT261002C00023000%2CLYFT261002C00024000%2CLYFT261002C00025000%2CLYFT261002P00005000%2CLYFT261002P00008000%2CLYFT261002P00009000%2CLYFT261002P00010000%2CLYFT261002P00010500%2CLYFT261002P00011000%2CLYFT261002P00011500%2CLYFT261002P00012000%2CLYFT261002P00012500%2CLYFT261002P00013000%2CLYFT261002P00013500%2CLYFT261002P00014000%2CLYFT261002P00014500%2CLYFT261002P00015000%2CLYFT261002P00015500%2CLYFT261002P00016000%2CLYFT261002P00016500%2CLYFT261002P00017000%2CLYFT261002P00017500&greeks=true'
For more information check: https://developer.mozilla.org/en-US/docs/Web/HTTP/Status/401
2026-09-29T11:48:36 | WARNING  | app.scanning.alpaca_confirmer | AlpacaConfirmer: cannot fetch chain for NVDA 2026-10-02: Client error '401 Unauthorized' for url 'https://api.tradier.com/v1/markets/quotes?symbols=NVDA261002C00050000%2CNVDA261002C00055000%2CNVDA261002C00060000%2CNVDA261002C00065000%2CNVDA261002C00070000%2CNVDA261002C00075000%2CNVDA261002C00080000%2CNVDA261002C00085000%2CNVDA261002C00090000%2CNVDA261002C00095000%2CNVDA261002C00100000%2CNVDA261002C00105000%2CNVDA261002C00110000%2CNVDA261002C00115000%2CNVDA261002C00120000%2CNVDA261002C00125000%2CNVDA261002C00130000%2CNVDA261002C00135000%2CNVDA261002C00140000%2CNVDA261002C00145000%2CNVDA261002C00150000%2CNVDA261002C00155000%2CNVDA261002C00160000%2CNVDA261002C00165000%2CNVDA261002C00170000%2CNVDA261002C00175000%2CNVDA261002C00180000%2CNVDA261002C00182500%2CNVDA261002C00185000%2CNVDA261002C00187500%2CNVDA261002C00190000%2CNVDA261002C00192500%2CNVDA261002C00195000%2CNVDA261002C00197500%2CNVDA261002C00200000%2CNVDA261002C00202500%2CNVDA261002C00205000%2CNVDA261002C00207500%2CNVDA261002C00210000%2CNVDA261002C00212500%2CNVDA261002C00215000%2CNVDA261002C00217500%2CNVDA261002C00220000%2CNVDA261002C00222500%2CNVDA261002C00225000%2CNVDA261002C00227500%2CNVDA261002C00230000%2CNVDA261002C00232500%2CNVDA261002C00235000%2CNVDA261002C00237500&greeks=true'
For more information check: https://developer.mozilla.org/en-US/docs/Web/HTTP/Status/401
2026-09-29T11:48:36 | WARNING  | app.scanning.alpaca_confirmer | AlpacaConfirmer: cannot fetch chain for DKNG 2026-10-02: Client error '401 Unauthorized' for url 'https://api.tradier.com/v1/markets/quotes?symbols=DKNG261002C00011000%2CDKNG261002C00012000%2CDKNG261002C00013000%2CDKNG261002C00014000%2CDKNG261002C00015000%2CDKNG261002C00016000%2CDKNG261002C00017000%2CDKNG261002C00018000%2CDKNG261002C00019000%2CDKNG261002C00020000%2CDKNG261002C00020500%2CDKNG261002C00021000%2CDKNG261002C00021500%2CDKNG261002C00022000%2CDKNG261002C00022500%2CDKNG261002C00023000%2CDKNG261002C00023500%2CDKNG261002C00024000%2CDKNG261002C00024500%2CDKNG261002C00025000%2CDKNG261002C00025500%2CDKNG261002C00026000%2CDKNG261002C00026500%2CDKNG261002C00027000%2CDKNG261002C00027500%2CDKNG261002C00028000%2CDKNG261002C00028500%2CDKNG261002C00029000%2CDKNG261002C00030000%2CDKNG261002C00031000%2CDKNG261002C00032000%2CDKNG261002C00033000%2CDKNG261002C00034000%2CDKNG261002C00035000%2CDKNG261002C00036000%2CDKNG261002P00011000%2CDKNG261002P00012000%2CDKNG261002P00013000%2CDKNG261002P00014000%2CDKNG261002P00015000%2CDKNG261002P00016000%2CDKNG261002P00017000%2CDKNG261002P00018000%2CDKNG261002P00019000%2CDKNG261002P00020000%2CDKNG261002P00020500%2CDKNG261002P00021000%2CDKNG261002P00021500%2CDKNG261002P00022000%2CDKNG261002P00022500&greeks=true'
For more information check: https://developer.mozilla.org/en-US/docs/Web/HTTP/Status/401
2026-09-29T11:48:36 | INFO     | session_runner | AlpacaConfirmer: 0 confirmed symbols: []
2026-09-29T11:48:36 | WARNING  | session_runner | Re-scan returned no confirmed symbols — falling back to ['SPY']
2026-09-29T11:48:36 | INFO     | session_runner | Broad-market regime | SPY=short
2026-09-29T11:48:36 | INFO     | session_runner | [bridge:SPY] rsi_trend ready: sufficient bars
2026-09-29T11:48:36 | INFO     | session_runner | Stale signal: SPY/vwap_reclaim age=44 min > max 10 min — skipped
2026-09-29T11:48:36 | INFO     | session_runner | Stale signal: SPY/orb age=109 min > max 10 min — skipped
2026-09-29T11:48:36 | INFO     | session_runner | Stale signal: SPY/vwap_reclaim age=119 min > max 10 min — skipped
2026-09-29T11:49:06 | INFO     | session_runner | [cycle 272] 11:49:06 ET | positions=0 | entries=0
2026-09-29T11:49:06 | INFO     | session_runner | [bridge:SPY] rsi_trend ready: sufficient bars
2026-09-29T11:49:06 | INFO     | session_runner | Stale signal: SPY/vwap_reclaim age=44 min > max 10 min — skipped
2026-09-29T11:49:06 | INFO     | session_runner | Stale signal: SPY/orb age=109 min > max 10 min — skipped
2026-09-29T11:49:06 | INFO     | session_runner | Stale signal: SPY/vwap_reclaim age=119 min > max 10 min — skipped
2026-09-29T11:49:36 | INFO     | session_runner | [cycle 273] 11:49:36 ET | positions=0 | entries=0
2026-09-29T11:49:36 | INFO     | session_runner | [bridge:SPY] rsi_trend ready: sufficient bars
2026-09-29T11:49:36 | INFO     | session_runner | Stale signal: SPY/vwap_reclaim age=45 min > max 10 min — skipped
2026-09-29T11:49:36 | INFO     | session_runner | Stale signal: SPY/orb age=110 min > max 10 min — skipped
2026-09-29T11:49:36 | INFO     | session_runner | Stale signal: SPY/vwap_reclaim age=120 min > max 10 min — skipped
2026-09-29T11:50:06 | INFO     | session_runner | [cycle 274] 11:50:06 ET | positions=0 | entries=0
2026-09-29T11:50:07 | INFO     | session_runner | [bridge:SPY] rsi_trend ready: sufficient bars
2026-09-29T11:50:07 | INFO     | session_runner | Stale signal: SPY/vwap_reclaim age=45 min > max 10 min — skipped
2026-09-29T11:50:07 | INFO     | session_runner | Stale signal: SPY/orb age=110 min > max 10 min — skipped
2026-09-29T11:50:07 | INFO     | session_runner | Stale signal: SPY/vwap_reclaim age=120 min > max 10 min — skipped
2026-09-29T11:50:37 | INFO     | session_runner | [cycle 275] 11:50:37 ET | positions=0 | entries=0
2026-09-29T11:50:37 | INFO     | session_runner | [bridge:SPY] rsi_trend ready: sufficient bars
2026-09-29T11:50:37 | INFO     | session_runner | Stale signal: SPY/vwap_reclaim age=46 min > max 10 min — skipped
2026-09-29T11:50:37 | INFO     | session_runner | Stale signal: SPY/orb age=111 min > max 10 min — skipped
2026-09-29T11:50:37 | INFO     | session_runner | Stale signal: SPY/vwap_reclaim age=121 min > max 10 min — skipped
2026-09-29T11:51:07 | INFO     | session_runner | [cycle 276] 11:51:07 ET | positions=0 | entries=0
2026-09-29T11:51:07 | INFO     | session_runner | [bridge:SPY] rsi_trend ready: sufficient bars
2026-09-29T11:51:07 | INFO     | session_runner | Stale signal: SPY/vwap_reclaim age=46 min > max 10 min — skipped
2026-09-29T11:51:07 | INFO     | session_runner | Stale signal: SPY/orb age=111 min > max 10 min — skipped
2026-09-29T11:51:07 | INFO     | session_runner | Stale signal: SPY/vwap_reclaim age=121 min > max 10 min — skipped
2026-09-29T11:51:37 | INFO     | session_runner | [cycle 277] 11:51:37 ET | positions=0 | entries=0
2026-09-29T11:51:37 | INFO     | session_runner | [bridge:SPY] rsi_trend ready: sufficient bars
2026-09-29T11:51:37 | INFO     | session_runner | Stale signal: SPY/vwap_reclaim age=47 min > max 10 min — skipped
2026-09-29T11:51:37 | INFO     | session_runner | Stale signal: SPY/orb age=112 min > max 10 min — skipped
2026-09-29T11:51:37 | INFO     | session_runner | Stale signal: SPY/vwap_reclaim age=122 min > max 10 min — skipped
2026-09-29T11:52:07 | INFO     | session_runner | [cycle 278] 11:52:07 ET | positions=0 | entries=0
2026-09-29T11:52:08 | INFO     | session_runner | [bridge:SPY] rsi_trend ready: sufficient bars
2026-09-29T11:52:08 | INFO     | session_runner | Stale signal: SPY/vwap_reclaim age=47 min > max 10 min — skipped
2026-09-29T11:52:08 | INFO     | session_runner | Stale signal: SPY/orb age=112 min > max 10 min — skipped
2026-09-29T11:52:08 | INFO     | session_runner | Stale signal: SPY/vwap_reclaim age=122 min > max 10 min — skipped
2026-09-29T11:52:38 | INFO     | session_runner | [cycle 279] 11:52:38 ET | positions=0 | entries=0
2026-09-29T11:52:38 | INFO     | session_runner | [bridge:SPY] rsi_trend ready: sufficient bars
2026-09-29T11:52:38 | INFO     | session_runner | Stale signal: SPY/vwap_reclaim age=48 min > max 10 min — skipped
2026-09-29T11:52:38 | INFO     | session_runner | Stale signal: SPY/orb age=113 min > max 10 min — skipped
2026-09-29T11:52:38 | INFO     | session_runner | Stale signal: SPY/vwap_reclaim age=123 min > max 10 min — skipped
2026-09-29T11:53:08 | INFO     | session_runner | [cycle 280] 11:53:08 ET | positions=0 | entries=0
2026-09-29T11:53:08 | INFO     | session_runner | [bridge:SPY] rsi_trend ready: sufficient bars
2026-09-29T11:53:08 | INFO     | session_runner | Stale signal: SPY/vwap_reclaim age=48 min > max 10 min — skipped
2026-09-29T11:53:08 | INFO     | session_runner | Stale signal: SPY/orb age=113 min > max 10 min — skipped
2026-09-29T11:53:08 | INFO     | session_runner | Stale signal: SPY/vwap_reclaim age=123 min > max 10 min — skipped
2026-09-29T11:53:38 | INFO     | session_runner | [cycle 281] 11:53:38 ET | positions=0 | entries=0
2026-09-29T11:53:38 | INFO     | app.trading.reconciler | Reconciliation done: broker_pos=0 local_pos=0 broker_orders=0 local_pending=0 repaired=0 flagged=0 orders_confirmed=True positions_confirmed=True
2026-09-29T11:53:38 | INFO     | session_runner | Periodic universe re-scan …
2026-09-29T11:53:38 | INFO     | app.scanning.universe_loader | UniverseLoader: loaded 5 groups (13 flat symbols) from config/ticker_universe.yaml (blacklist=0)
2026-09-29T11:53:38 | INFO     | app.scanning.universe_loader | UniverseLoader: 38 symbols from 4 group(s) (blacklist=0)
2026-09-29T11:53:38 | INFO     | session_runner | Universe scan: 38 symbols from 4 group(s) | max_active=6
2026-09-29T11:53:41 | INFO     | session_runner | Scan: 19 passed, 19 rejected
2026-09-29T11:53:41 | INFO     | session_runner |   GOOGL   score=80.0  signal=SHORT    reasons: rvol=1.27x (normal), atr=2.29% (wide-range), orb_breakdown
2026-09-29T11:53:41 | INFO     | session_runner |   MSFT    score=75.0  signal=LONG     reasons: rvol=1.09x (normal), atr=2.39% (wide-range), orb_breakout
2026-09-29T11:53:41 | INFO     | session_runner |   RIVN    score=70.0  signal=LONG     reasons: rvol=1.67x (elevated), atr=4.21% (wide-range), orb_breakout
2026-09-29T11:53:41 | INFO     | session_runner |   HOOD    score=67.0  signal=SHORT    reasons: rvol=1.04x (normal), atr=4.67% (wide-range), orb_breakdown
2026-09-29T11:53:41 | INFO     | session_runner |   SPY     score=65.0  signal=SHORT    reasons: rvol=1.02x (normal), atr=0.84% (good range), orb_breakdown
2026-09-29T11:53:42 | WARNING  | app.scanning.alpaca_confirmer | AlpacaConfirmer: cannot fetch chain for RIVN 2026-10-02: Client error '401 Unauthorized' for url 'https://api.tradier.com/v1/markets/quotes?symbols=RIVN261002C00005000%2CRIVN261002C00009000%2CRIVN261002C00010000%2CRIVN261002C00010500%2CRIVN261002C00011000%2CRIVN261002C00011500%2CRIVN261002C00012000%2CRIVN261002C00012500%2CRIVN261002C00013000%2CRIVN261002C00013500%2CRIVN261002C00014000%2CRIVN261002C00014500%2CRIVN261002C00015000%2CRIVN261002C00015500%2CRIVN261002C00016000%2CRIVN261002C00016500%2CRIVN261002C00017000%2CRIVN261002C00017500%2CRIVN261002C00018000%2CRIVN261002C00018500%2CRIVN261002C00019000%2CRIVN261002C00019500%2CRIVN261002C00020000%2CRIVN261002C00020500%2CRIVN261002C00021000%2CRIVN261002C00021500%2CRIVN261002C00022000%2CRIVN261002C00023000%2CRIVN261002C00024000%2CRIVN261002C00025000%2CRIVN261002C00030000%2CRIVN261002P00005000%2CRIVN261002P00009000%2CRIVN261002P00010000%2CRIVN261002P00010500%2CRIVN261002P00011000%2CRIVN261002P00011500%2CRIVN261002P00012000%2CRIVN261002P00012500%2CRIVN261002P00013000%2CRIVN261002P00013500%2CRIVN261002P00014000%2CRIVN261002P00014500%2CRIVN261002P00015000%2CRIVN261002P00015500%2CRIVN261002P00016000%2CRIVN261002P00016500%2CRIVN261002P00017000%2CRIVN261002P00017500%2CRIVN261002P00018000&greeks=true'
For more information check: https://developer.mozilla.org/en-US/docs/Web/HTTP/Status/401
2026-09-29T11:53:42 | WARNING  | app.scanning.alpaca_confirmer | AlpacaConfirmer: cannot fetch chain for XLE 2026-10-02: Client error '401 Unauthorized' for url 'https://api.tradier.com/v1/markets/quotes?symbols=XLE261002C00035000%2CXLE261002C00040000%2CXLE261002C00045000%2CXLE261002C00048000%2CXLE261002C00049000%2CXLE261002C00050000%2CXLE261002C00051000%2CXLE261002C00052000%2CXLE261002C00053000%2CXLE261002C00054000%2CXLE261002C00054500%2CXLE261002C00055000%2CXLE261002C00055500%2CXLE261002C00056000%2CXLE261002C00056500%2CXLE261002C00057000%2CXLE261002C00057500%2CXLE261002C00058000%2CXLE261002C00058500%2CXLE261002C00059000%2CXLE261002C00059500%2CXLE261002C00060000%2CXLE261002C00060500%2CXLE261002C00061000%2CXLE261002C00061500%2CXLE261002C00062000%2CXLE261002C00062500%2CXLE261002C00063000%2CXLE261002C00063500%2CXLE261002C00064000%2CXLE261002C00064500%2CXLE261002C00065000%2CXLE261002C00065500%2CXLE261002C00066000%2CXLE261002C00066500%2CXLE261002C00067000%2CXLE261002C00068000%2CXLE261002C00068500%2CXLE261002C00069000%2CXLE261002C00070000%2CXLE261002C00071000%2CXLE261002C00075000%2CXLE261002C00080000%2CXLE261002P00035000%2CXLE261002P00040000%2CXLE261002P00045000%2CXLE261002P00048000%2CXLE261002P00049000%2CXLE261002P00050000%2CXLE261002P00051000&greeks=true'
For more information check: https://developer.mozilla.org/en-US/docs/Web/HTTP/Status/401
2026-09-29T11:53:42 | WARNING  | app.scanning.alpaca_confirmer | AlpacaConfirmer: cannot fetch chain for MSFT 2026-10-02: Client error '401 Unauthorized' for url 'https://api.tradier.com/v1/markets/quotes?symbols=MSFT261002C00270000%2CMSFT261002C00280000%2CMSFT261002C00290000%2CMSFT261002C00300000%2CMSFT261002C00305000%2CMSFT261002C00310000%2CMSFT261002C00315000%2CMSFT261002C00320000%2CMSFT261002C00325000%2CMSFT261002C00330000%2CMSFT261002C00335000%2CMSFT261002C00340000%2CMSFT261002C00345000%2CMSFT261002C00350000%2CMSFT261002C00355000%2CMSFT261002C00360000%2CMSFT261002C00365000%2CMSFT261002C00370000%2CMSFT261002C00375000%2CMSFT261002C00380000%2CMSFT261002C00385000%2CMSFT261002C00390000%2CMSFT261002C00395000%2CMSFT261002C00400000%2CMSFT261002C00405000%2CMSFT261002C00410000%2CMSFT261002C00415000%2CMSFT261002C00420000%2CMSFT261002C00425000%2CMSFT261002C00430000%2CMSFT261002C00435000%2CMSFT261002C00437500%2CMSFT261002C00440000%2CMSFT261002C00442500%2CMSFT261002C00445000%2CMSFT261002C00447500%2CMSFT261002C00450000%2CMSFT261002C00452500%2CMSFT261002C00455000%2CMSFT261002C00457500%2CMSFT261002C00460000%2CMSFT261002C00462500%2CMSFT261002C00465000%2CMSFT261002C00467500%2CMSFT261002C00470000%2CMSFT261002C00472500%2CMSFT261002C00475000%2CMSFT261002C00477500%2CMSFT261002C00480000%2CMSFT261002C00482500&greeks=true'
For more information check: https://developer.mozilla.org/en-US/docs/Web/HTTP/Status/401
2026-09-29T11:53:42 | WARNING  | app.scanning.alpaca_confirmer | AlpacaConfirmer: cannot fetch chain for HOOD 2026-10-02: Client error '401 Unauthorized' for url 'https://api.tradier.com/v1/markets/quotes?symbols=HOOD261002C00025000%2CHOOD261002C00030000%2CHOOD261002C00035000%2CHOOD261002C00040000%2CHOOD261002C00045000%2CHOOD261002C00050000%2CHOOD261002C00055000%2CHOOD261002C00060000%2CHOOD261002C00065000%2CHOOD261002C00070000%2CHOOD261002C00075000%2CHOOD261002C00080000%2CHOOD261002C00082000%2CHOOD261002C00083000%2CHOOD261002C00084000%2CHOOD261002C00085000%2CHOOD261002C00086000%2CHOOD261002C00087000%2CHOOD261002C00088000%2CHOOD261002C00089000%2CHOOD261002C00090000%2CHOOD261002C00091000%2CHOOD261002C00092000%2CHOOD261002C00093000%2CHOOD261002C00094000%2CHOOD261002C00095000%2CHOOD261002C00096000%2CHOOD261002C00097000%2CHOOD261002C00098000%2CHOOD261002C00099000%2CHOOD261002C00100000%2CHOOD261002C00101000%2CHOOD261002C00102000%2CHOOD261002C00103000%2CHOOD261002C00104000%2CHOOD261002C00105000%2CHOOD261002C00106000%2CHOOD261002C00107000%2CHOOD261002C00108000%2CHOOD261002C00109000%2CHOOD261002C00110000%2CHOOD261002C00111000%2CHOOD261002C00112000%2CHOOD261002C00113000%2CHOOD261002C00114000%2CHOOD261002C00115000%2CHOOD261002C00116000%2CHOOD261002C00117000%2CHOOD261002C00118000%2CHOOD261002C00119000&greeks=true'
For more information check: https://developer.mozilla.org/en-US/docs/Web/HTTP/Status/401
2026-09-29T11:53:42 | WARNING  | app.scanning.alpaca_confirmer | AlpacaConfirmer: cannot fetch chain for AAPL 2026-10-02: Client error '401 Unauthorized' for url 'https://api.tradier.com/v1/markets/quotes?symbols=AAPL261002C00110000%2CAAPL261002C00120000%2CAAPL261002C00125000%2CAAPL261002C00130000%2CAAPL261002C00135000%2CAAPL261002C00140000%2CAAPL261002C00145000%2CAAPL261002C00150000%2CAAPL261002C00155000%2CAAPL261002C00160000%2CAAPL261002C00165000%2CAAPL261002C00170000%2CAAPL261002C00175000%2CAAPL261002C00180000%2CAAPL261002C00185000%2CAAPL261002C00190000%2CAAPL261002C00195000%2CAAPL261002C00200000%2CAAPL261002C00205000%2CAAPL261002C00210000%2CAAPL261002C00215000%2CAAPL261002C00220000%2CAAPL261002C00225000%2CAAPL261002C00230000%2CAAPL261002C00235000%2CAAPL261002C00240000%2CAAPL261002C00245000%2CAAPL261002C00250000%2CAAPL261002C00255000%2CAAPL261002C00260000%2CAAPL261002C00265000%2CAAPL261002C00270000%2CAAPL261002C00275000%2CAAPL261002C00280000%2CAAPL261002C00285000%2CAAPL261002C00290000%2CAAPL261002C00295000%2CAAPL261002C00297500%2CAAPL261002C00300000%2CAAPL261002C00302500%2CAAPL261002C00305000%2CAAPL261002C00307500%2CAAPL261002C00310000%2CAAPL261002C00312500%2CAAPL261002C00315000%2CAAPL261002C00317500%2CAAPL261002C00320000%2CAAPL261002C00322500%2CAAPL261002C00325000%2CAAPL261002C00327500&greeks=true'
For more information check: https://developer.mozilla.org/en-US/docs/Web/HTTP/Status/401
2026-09-29T11:53:42 | WARNING  | app.scanning.alpaca_confirmer | AlpacaConfirmer: cannot fetch chain for DKNG 2026-10-02: Client error '401 Unauthorized' for url 'https://api.tradier.com/v1/markets/quotes?symbols=DKNG261002C00011000%2CDKNG261002C00012000%2CDKNG261002C00013000%2CDKNG261002C00014000%2CDKNG261002C00015000%2CDKNG261002C00016000%2CDKNG261002C00017000%2CDKNG261002C00018000%2CDKNG261002C00019000%2CDKNG261002C00020000%2CDKNG261002C00020500%2CDKNG261002C00021000%2CDKNG261002C00021500%2CDKNG261002C00022000%2CDKNG261002C00022500%2CDKNG261002C00023000%2CDKNG261002C00023500%2CDKNG261002C00024000%2CDKNG261002C00024500%2CDKNG261002C00025000%2CDKNG261002C00025500%2CDKNG261002C00026000%2CDKNG261002C00026500%2CDKNG261002C00027000%2CDKNG261002C00027500%2CDKNG261002C00028000%2CDKNG261002C00028500%2CDKNG261002C00029000%2CDKNG261002C00030000%2CDKNG261002C00031000%2CDKNG261002C00032000%2CDKNG261002C00033000%2CDKNG261002C00034000%2CDKNG261002C00035000%2CDKNG261002C00036000%2CDKNG261002P00011000%2CDKNG261002P00012000%2CDKNG261002P00013000%2CDKNG261002P00014000%2CDKNG261002P00015000%2CDKNG261002P00016000%2CDKNG261002P00017000%2CDKNG261002P00018000%2CDKNG261002P00019000%2CDKNG261002P00020000%2CDKNG261002P00020500%2CDKNG261002P00021000%2CDKNG261002P00021500%2CDKNG261002P00022000%2CDKNG261002P00022500&greeks=true'
For more information check: https://developer.mozilla.org/en-US/docs/Web/HTTP/Status/401
2026-09-29T11:53:42 | WARNING  | app.scanning.alpaca_confirmer | AlpacaConfirmer: cannot fetch chain for XLF 2026-10-01: Client error '401 Unauthorized' for url 'https://api.tradier.com/v1/markets/quotes?symbols=XLF261001C00041000%2CXLF261001C00042000%2CXLF261001C00043000%2CXLF261001C00044000%2CXLF261001C00045000%2CXLF261001C00046000%2CXLF261001C00047000%2CXLF261001C00048000%2CXLF261001C00049000%2CXLF261001C00050000%2CXLF261001C00050500%2CXLF261001C00051000%2CXLF261001C00051500%2CXLF261001C00052000%2CXLF261001C00052500%2CXLF261001C00053000%2CXLF261001C00053500%2CXLF261001C00054000%2CXLF261001C00054500%2CXLF261001C00055000%2CXLF261001C00055500%2CXLF261001C00056000%2CXLF261001C00056500%2CXLF261001C00057000%2CXLF261001C00057500%2CXLF261001C00058000%2CXLF261001C00058500%2CXLF261001C00059000%2CXLF261001C00059500%2CXLF261001C00060000%2CXLF261001C00060500%2CXLF261001C00061000%2CXLF261001C00061500%2CXLF261001C00062000%2CXLF261001C00062500%2CXLF261001C00063000%2CXLF261001C00063500%2CXLF261001C00064000%2CXLF261001C00064500%2CXLF261001C00065000%2CXLF261001C00066000%2CXLF261001C00067000%2CXLF261001C00068000%2CXLF261001C00069000%2CXLF261001C00070000%2CXLF261001C00071000%2CXLF261001C00072000%2CXLF261001C00073000%2CXLF261001C00074000%2CXLF261001P00041000&greeks=true'
For more information check: https://developer.mozilla.org/en-US/docs/Web/HTTP/Status/401
2026-09-29T11:53:42 | WARNING  | app.scanning.alpaca_confirmer | AlpacaConfirmer: cannot fetch chain for GOOGL 2026-10-02: Client error '401 Unauthorized' for url 'https://api.tradier.com/v1/markets/quotes?symbols=GOOGL261002C00100000%2CGOOGL261002C00105000%2CGOOGL261002C00110000%2CGOOGL261002C00115000%2CGOOGL261002C00120000%2CGOOGL261002C00125000%2CGOOGL261002C00130000%2CGOOGL261002C00135000%2CGOOGL261002C00140000%2CGOOGL261002C00145000%2CGOOGL261002C00150000%2CGOOGL261002C00155000%2CGOOGL261002C00160000%2CGOOGL261002C00165000%2CGOOGL261002C00170000%2CGOOGL261002C00175000%2CGOOGL261002C00180000%2CGOOGL261002C00185000%2CGOOGL261002C00190000%2CGOOGL261002C00195000%2CGOOGL261002C00200000%2CGOOGL261002C00205000%2CGOOGL261002C00210000%2CGOOGL261002C00215000%2CGOOGL261002C00220000%2CGOOGL261002C00225000%2CGOOGL261002C00230000%2CGOOGL261002C00235000%2CGOOGL261002C00240000%2CGOOGL261002C00245000%2CGOOGL261002C00250000%2CGOOGL261002C00255000%2CGOOGL261002C00260000%2CGOOGL261002C00265000%2CGOOGL261002C00270000%2CGOOGL261002C00275000%2CGOOGL261002C00280000%2CGOOGL261002C00285000%2CGOOGL261002C00290000%2CGOOGL261002C00295000%2CGOOGL261002C00300000%2CGOOGL261002C00305000%2CGOOGL261002C00307500%2CGOOGL261002C00310000%2CGOOGL261002C00312500%2CGOOGL261002C00315000%2CGOOGL261002C00317500%2CGOOGL261002C00320000%2CGOOGL261002C00322500%2CGOOGL261002C00325000&greeks=true'
For more information check: https://developer.mozilla.org/en-US/docs/Web/HTTP/Status/401
2026-09-29T11:53:42 | WARNING  | app.scanning.alpaca_confirmer | AlpacaConfirmer: cannot fetch chain for IWM 2026-10-01: Client error '401 Unauthorized' for url 'https://api.tradier.com/v1/markets/quotes?symbols=IWM261001C00180000%2CIWM261001C00190000%2CIWM261001C00200000%2CIWM261001C00205000%2CIWM261001C00210000%2CIWM261001C00215000%2CIWM261001C00220000%2CIWM261001C00225000%2CIWM261001C00230000%2CIWM261001C00235000%2CIWM261001C00240000%2CIWM261001C00245000%2CIWM261001C00250000%2CIWM261001C00255000%2CIWM261001C00260000%2CIWM261001C00261000%2CIWM261001C00262000%2CIWM261001C00263000%2CIWM261001C00264000%2CIWM261001C00265000%2CIWM261001C00266000%2CIWM261001C00267000%2CIWM261001C00268000%2CIWM261001C00269000%2CIWM261001C00270000%2CIWM261001C00271000%2CIWM261001C00272000%2CIWM261001C00273000%2CIWM261001C00274000%2CIWM261001C00275000%2CIWM261001C00276000%2CIWM261001C00277000%2CIWM261001C00278000%2CIWM261001C00279000%2CIWM261001C00280000%2CIWM261001C00281000%2CIWM261001C00282000%2CIWM261001C00283000%2CIWM261001C00284000%2CIWM261001C00285000%2CIWM261001C00286000%2CIWM261001C00287000%2CIWM261001C00288000%2CIWM261001C00289000%2CIWM261001C00290000%2CIWM261001C00291000%2CIWM261001C00292000%2CIWM261001C00293000%2CIWM261001C00294000%2CIWM261001C00295000&greeks=true'
For more information check: https://developer.mozilla.org/en-US/docs/Web/HTTP/Status/401
2026-09-29T11:53:42 | WARNING  | app.scanning.alpaca_confirmer | AlpacaConfirmer: cannot fetch chain for SPY 2026-10-01: Client error '401 Unauthorized' for url 'https://api.tradier.com/v1/markets/quotes?symbols=SPY261001C00550000%2CSPY261001C00555000%2CSPY261001C00560000%2CSPY261001C00565000%2CSPY261001C00570000%2CSPY261001C00575000%2CSPY261001C00580000%2CSPY261001C00585000%2CSPY261001C00590000%2CSPY261001C00595000%2CSPY261001C00600000%2CSPY261001C00605000%2CSPY261001C00610000%2CSPY261001C00615000%2CSPY261001C00620000%2CSPY261001C00625000%2CSPY261001C00630000%2CSPY261001C00635000%2CSPY261001C00640000%2CSPY261001C00645000%2CSPY261001C00650000%2CSPY261001C00655000%2CSPY261001C00660000%2CSPY261001C00665000%2CSPY261001C00670000%2CSPY261001C00675000%2CSPY261001C00680000%2CSPY261001C00685000%2CSPY261001C00690000%2CSPY261001C00695000%2CSPY261001C00700000%2CSPY261001C00705000%2CSPY261001C00710000%2CSPY261001C00715000%2CSPY261001C00718000%2CSPY261001C00719000%2CSPY261001C00720000%2CSPY261001C00721000%2CSPY261001C00722000%2CSPY261001C00723000%2CSPY261001C00724000%2CSPY261001C00725000%2CSPY261001C00726000%2CSPY261001C00727000%2CSPY261001C00728000%2CSPY261001C00729000%2CSPY261001C00730000%2CSPY261001C00731000%2CSPY261001C00732000%2CSPY261001C00733000&greeks=true'
For more information check: https://developer.mozilla.org/en-US/docs/Web/HTTP/Status/401
2026-09-29T11:53:42 | WARNING  | app.scanning.alpaca_confirmer | AlpacaConfirmer: cannot fetch chain for LYFT 2026-10-02: Client error '401 Unauthorized' for url 'https://api.tradier.com/v1/markets/quotes?symbols=LYFT261002C00005000%2CLYFT261002C00008000%2CLYFT261002C00009000%2CLYFT261002C00010000%2CLYFT261002C00010500%2CLYFT261002C00011000%2CLYFT261002C00011500%2CLYFT261002C00012000%2CLYFT261002C00012500%2CLYFT261002C00013000%2CLYFT261002C00013500%2CLYFT261002C00014000%2CLYFT261002C00014500%2CLYFT261002C00015000%2CLYFT261002C00015500%2CLYFT261002C00016000%2CLYFT261002C00016500%2CLYFT261002C00017000%2CLYFT261002C00017500%2CLYFT261002C00018000%2CLYFT261002C00018500%2CLYFT261002C00019000%2CLYFT261002C00019500%2CLYFT261002C00020000%2CLYFT261002C00020500%2CLYFT261002C00021000%2CLYFT261002C00021500%2CLYFT261002C00022000%2CLYFT261002C00023000%2CLYFT261002C00024000%2CLYFT261002C00025000%2CLYFT261002P00005000%2CLYFT261002P00008000%2CLYFT261002P00009000%2CLYFT261002P00010000%2CLYFT261002P00010500%2CLYFT261002P00011000%2CLYFT261002P00011500%2CLYFT261002P00012000%2CLYFT261002P00012500%2CLYFT261002P00013000%2CLYFT261002P00013500%2CLYFT261002P00014000%2CLYFT261002P00014500%2CLYFT261002P00015000%2CLYFT261002P00015500%2CLYFT261002P00016000%2CLYFT261002P00016500%2CLYFT261002P00017000%2CLYFT261002P00017500&greeks=true'
For more information check: https://developer.mozilla.org/en-US/docs/Web/HTTP/Status/401
2026-09-29T11:53:42 | WARNING  | app.scanning.alpaca_confirmer | AlpacaConfirmer: cannot fetch chain for META 2026-10-02: Client error '401 Unauthorized' for url 'https://api.tradier.com/v1/markets/quotes?symbols=META261002C00100000%2CMETA261002C00110000%2CMETA261002C00120000%2CMETA261002C00130000%2CMETA261002C00140000%2CMETA261002C00150000%2CMETA261002C00160000%2CMETA261002C00170000%2CMETA261002C00180000%2CMETA261002C00190000%2CMETA261002C00200000%2CMETA261002C00210000%2CMETA261002C00220000%2CMETA261002C00230000%2CMETA261002C00240000%2CMETA261002C00250000%2CMETA261002C00260000%2CMETA261002C00270000%2CMETA261002C00280000%2CMETA261002C00290000%2CMETA261002C00300000%2CMETA261002C00310000%2CMETA261002C00320000%2CMETA261002C00330000%2CMETA261002C00340000%2CMETA261002C00350000%2CMETA261002C00360000%2CMETA261002C00370000%2CMETA261002C00380000%2CMETA261002C00390000%2CMETA261002C00400000%2CMETA261002C00405000%2CMETA261002C00410000%2CMETA261002C00415000%2CMETA261002C00420000%2CMETA261002C00425000%2CMETA261002C00430000%2CMETA261002C00435000%2CMETA261002C00440000%2CMETA261002C00445000%2CMETA261002C00450000%2CMETA261002C00455000%2CMETA261002C00460000%2CMETA261002C00465000%2CMETA261002C00470000%2CMETA261002C00475000%2CMETA261002C00480000%2CMETA261002C00485000%2CMETA261002C00490000%2CMETA261002C00495000&greeks=true'
For more information check: https://developer.mozilla.org/en-US/docs/Web/HTTP/Status/401
2026-09-29T11:53:42 | INFO     | session_runner | AlpacaConfirmer: 0 confirmed symbols: []
2026-09-29T11:53:42 | WARNING  | session_runner | Re-scan returned no confirmed symbols — falling back to ['SPY']
2026-09-29T11:53:42 | INFO     | session_runner | Broad-market regime | SPY=short
2026-09-29T11:53:42 | INFO     | session_runner | [bridge:SPY] rsi_trend ready: sufficient bars
2026-09-29T11:53:42 | INFO     | session_runner | Stale signal: SPY/vwap_reclaim age=49 min > max 10 min — skipped
2026-09-29T11:53:42 | INFO     | session_runner | Stale signal: SPY/orb age=114 min > max 10 min — skipped
2026-09-29T11:53:42 | INFO     | session_runner | Stale signal: SPY/vwap_reclaim age=124 min > max 10 min — skipped
2026-09-29T11:54:12 | INFO     | session_runner | [cycle 282] 11:54:12 ET | positions=0 | entries=0
2026-09-29T11:54:12 | INFO     | session_runner | [bridge:SPY] rsi_trend ready: sufficient bars
2026-09-29T11:54:12 | INFO     | session_runner | Stale signal: SPY/vwap_reclaim age=49 min > max 10 min — skipped
2026-09-29T11:54:12 | INFO     | session_runner | Stale signal: SPY/orb age=114 min > max 10 min — skipped
2026-09-29T11:54:12 | INFO     | session_runner | Stale signal: SPY/vwap_reclaim age=124 min > max 10 min — skipped
2026-09-29T11:54:42 | INFO     | session_runner | [cycle 283] 11:54:42 ET | positions=0 | entries=0
2026-09-29T11:54:42 | INFO     | session_runner | [bridge:SPY] rsi_trend ready: sufficient bars
2026-09-29T11:54:42 | INFO     | session_runner | Stale signal: SPY/vwap_reclaim age=50 min > max 10 min — skipped
2026-09-29T11:54:42 | INFO     | session_runner | Stale signal: SPY/orb age=115 min > max 10 min — skipped
2026-09-29T11:54:42 | INFO     | session_runner | Stale signal: SPY/vwap_reclaim age=125 min > max 10 min — skipped
2026-09-29T11:55:12 | INFO     | session_runner | [cycle 284] 11:55:12 ET | positions=0 | entries=0
2026-09-29T11:55:13 | INFO     | session_runner | [bridge:SPY] rsi_trend ready: sufficient bars
2026-09-29T11:55:13 | INFO     | session_runner | Stale signal: SPY/vwap_reclaim age=50 min > max 10 min — skipped
2026-09-29T11:55:13 | INFO     | session_runner | Stale signal: SPY/orb age=115 min > max 10 min — skipped
2026-09-29T11:55:13 | INFO     | session_runner | Stale signal: SPY/vwap_reclaim age=125 min > max 10 min — skipped
2026-09-29T11:55:43 | INFO     | session_runner | [cycle 285] 11:55:43 ET | positions=0 | entries=0
2026-09-29T11:55:43 | INFO     | session_runner | [bridge:SPY] rsi_trend ready: sufficient bars
2026-09-29T11:55:43 | INFO     | session_runner | Stale signal: SPY/vwap_reclaim age=51 min > max 10 min — skipped
2026-09-29T11:55:43 | INFO     | session_runner | Stale signal: SPY/orb age=116 min > max 10 min — skipped
2026-09-29T11:55:43 | INFO     | session_runner | Stale signal: SPY/vwap_reclaim age=126 min > max 10 min — skipped
2026-09-29T11:56:13 | INFO     | session_runner | [cycle 286] 11:56:13 ET | positions=0 | entries=0
2026-09-29T11:56:13 | INFO     | session_runner | [bridge:SPY] rsi_trend ready: sufficient bars
2026-09-29T11:56:13 | INFO     | session_runner | Stale signal: SPY/vwap_reclaim age=51 min > max 10 min — skipped
2026-09-29T11:56:13 | INFO     | session_runner | Stale signal: SPY/orb age=116 min > max 10 min — skipped
2026-09-29T11:56:13 | INFO     | session_runner | Stale signal: SPY/vwap_reclaim age=126 min > max 10 min — skipped
2026-09-29T11:56:43 | INFO     | session_runner | [cycle 287] 11:56:43 ET | positions=0 | entries=0
2026-09-29T11:56:43 | INFO     | session_runner | [bridge:SPY] rsi_trend ready: sufficient bars
2026-09-29T11:56:43 | INFO     | session_runner | Stale signal: SPY/vwap_reclaim age=52 min > max 10 min — skipped
2026-09-29T11:56:43 | INFO     | session_runner | Stale signal: SPY/orb age=117 min > max 10 min — skipped
2026-09-29T11:56:43 | INFO     | session_runner | Stale signal: SPY/vwap_reclaim age=127 min > max 10 min — skipped
2026-09-29T11:57:13 | INFO     | session_runner | [cycle 288] 11:57:13 ET | positions=0 | entries=0
2026-09-29T11:57:14 | INFO     | session_runner | [bridge:SPY] rsi_trend ready: sufficient bars
2026-09-29T11:57:14 | INFO     | session_runner | Stale signal: SPY/vwap_reclaim age=52 min > max 10 min — skipped
2026-09-29T11:57:14 | INFO     | session_runner | Stale signal: SPY/orb age=117 min > max 10 min — skipped
2026-09-29T11:57:14 | INFO     | session_runner | Stale signal: SPY/vwap_reclaim age=127 min > max 10 min — skipped
2026-09-29T11:57:44 | INFO     | session_runner | [cycle 289] 11:57:44 ET | positions=0 | entries=0
2026-09-29T11:57:44 | INFO     | session_runner | [bridge:SPY] rsi_trend ready: sufficient bars
2026-09-29T11:57:44 | INFO     | session_runner | Stale signal: SPY/vwap_reclaim age=53 min > max 10 min — skipped
2026-09-29T11:57:44 | INFO     | session_runner | Stale signal: SPY/orb age=118 min > max 10 min — skipped
2026-09-29T11:57:44 | INFO     | session_runner | Stale signal: SPY/vwap_reclaim age=128 min > max 10 min — skipped
2026-09-29T11:58:14 | INFO     | session_runner | [cycle 290] 11:58:14 ET | positions=0 | entries=0
2026-09-29T11:58:14 | INFO     | session_runner | [bridge:SPY] rsi_trend ready: sufficient bars
2026-09-29T11:58:14 | INFO     | session_runner | Stale signal: SPY/vwap_reclaim age=53 min > max 10 min — skipped
2026-09-29T11:58:14 | INFO     | session_runner | Stale signal: SPY/orb age=118 min > max 10 min — skipped
2026-09-29T11:58:14 | INFO     | session_runner | Stale signal: SPY/vwap_reclaim age=128 min > max 10 min — skipped
2026-09-29T11:58:44 | INFO     | session_runner | [cycle 291] 11:58:44 ET | positions=0 | entries=0
2026-09-29T11:58:44 | INFO     | session_runner | Periodic universe re-scan …
2026-09-29T11:58:44 | INFO     | app.scanning.universe_loader | UniverseLoader: loaded 5 groups (13 flat symbols) from config/ticker_universe.yaml (blacklist=0)
2026-09-29T11:58:44 | INFO     | app.scanning.universe_loader | UniverseLoader: 38 symbols from 4 group(s) (blacklist=0)
2026-09-29T11:58:44 | INFO     | session_runner | Universe scan: 38 symbols from 4 group(s) | max_active=6
2026-09-29T11:58:47 | INFO     | session_runner | Scan: 18 passed, 20 rejected
2026-09-29T11:58:47 | INFO     | session_runner |   GOOGL   score=80.0  signal=SHORT    reasons: rvol=1.25x (normal), atr=2.29% (wide-range), orb_breakdown
2026-09-29T11:58:47 | INFO     | session_runner |   MSFT    score=75.0  signal=LONG     reasons: rvol=1.07x (normal), atr=2.39% (wide-range), orb_breakout
2026-09-29T11:58:47 | INFO     | session_runner |   RIVN    score=70.0  signal=LONG     reasons: rvol=1.64x (elevated), atr=4.22% (wide-range), orb_breakout
2026-09-29T11:58:47 | INFO     | session_runner |   HOOD    score=67.0  signal=SHORT    reasons: rvol=1.02x (normal), atr=4.66% (wide-range), orb_breakdown
2026-09-29T11:58:47 | INFO     | session_runner |   DKNG    score=65.0  signal=SHORT    reasons: rvol=1.24x (normal), atr=5.44% (wide-range), orb_breakdown
2026-09-29T11:58:47 | WARNING  | app.scanning.alpaca_confirmer | AlpacaConfirmer: cannot fetch chain for MSFT 2026-10-02: Client error '401 Unauthorized' for url 'https://api.tradier.com/v1/markets/quotes?symbols=MSFT261002C00270000%2CMSFT261002C00280000%2CMSFT261002C00290000%2CMSFT261002C00300000%2CMSFT261002C00305000%2CMSFT261002C00310000%2CMSFT261002C00315000%2CMSFT261002C00320000%2CMSFT261002C00325000%2CMSFT261002C00330000%2CMSFT261002C00335000%2CMSFT261002C00340000%2CMSFT261002C00345000%2CMSFT261002C00350000%2CMSFT261002C00355000%2CMSFT261002C00360000%2CMSFT261002C00365000%2CMSFT261002C00370000%2CMSFT261002C00375000%2CMSFT261002C00380000%2CMSFT261002C00385000%2CMSFT261002C00390000%2CMSFT261002C00395000%2CMSFT261002C00400000%2CMSFT261002C00405000%2CMSFT261002C00410000%2CMSFT261002C00415000%2CMSFT261002C00420000%2CMSFT261002C00425000%2CMSFT261002C00430000%2CMSFT261002C00435000%2CMSFT261002C00437500%2CMSFT261002C00440000%2CMSFT261002C00442500%2CMSFT261002C00445000%2CMSFT261002C00447500%2CMSFT261002C00450000%2CMSFT261002C00452500%2CMSFT261002C00455000%2CMSFT261002C00457500%2CMSFT261002C00460000%2CMSFT261002C00462500%2CMSFT261002C00465000%2CMSFT261002C00467500%2CMSFT261002C00470000%2CMSFT261002C00472500%2CMSFT261002C00475000%2CMSFT261002C00477500%2CMSFT261002C00480000%2CMSFT261002C00482500&greeks=true'
For more information check: https://developer.mozilla.org/en-US/docs/Web/HTTP/Status/401
2026-09-29T11:58:47 | WARNING  | app.scanning.alpaca_confirmer | AlpacaConfirmer: cannot fetch chain for META 2026-10-02: Client error '401 Unauthorized' for url 'https://api.tradier.com/v1/markets/quotes?symbols=META261002C00100000%2CMETA261002C00110000%2CMETA261002C00120000%2CMETA261002C00130000%2CMETA261002C00140000%2CMETA261002C00150000%2CMETA261002C00160000%2CMETA261002C00170000%2CMETA261002C00180000%2CMETA261002C00190000%2CMETA261002C00200000%2CMETA261002C00210000%2CMETA261002C00220000%2CMETA261002C00230000%2CMETA261002C00240000%2CMETA261002C00250000%2CMETA261002C00260000%2CMETA261002C00270000%2CMETA261002C00280000%2CMETA261002C00290000%2CMETA261002C00300000%2CMETA261002C00310000%2CMETA261002C00320000%2CMETA261002C00330000%2CMETA261002C00340000%2CMETA261002C00350000%2CMETA261002C00360000%2CMETA261002C00370000%2CMETA261002C00380000%2CMETA261002C00390000%2CMETA261002C00400000%2CMETA261002C00405000%2CMETA261002C00410000%2CMETA261002C00415000%2CMETA261002C00420000%2CMETA261002C00425000%2CMETA261002C00430000%2CMETA261002C00435000%2CMETA261002C00440000%2CMETA261002C00445000%2CMETA261002C00450000%2CMETA261002C00455000%2CMETA261002C00460000%2CMETA261002C00465000%2CMETA261002C00470000%2CMETA261002C00475000%2CMETA261002C00480000%2CMETA261002C00485000%2CMETA261002C00490000%2CMETA261002C00495000&greeks=true'
For more information check: https://developer.mozilla.org/en-US/docs/Web/HTTP/Status/401
2026-09-29T11:58:47 | WARNING  | app.scanning.alpaca_confirmer | AlpacaConfirmer: cannot fetch chain for XLF 2026-10-01: Client error '401 Unauthorized' for url 'https://api.tradier.com/v1/markets/quotes?symbols=XLF261001C00041000%2CXLF261001C00042000%2CXLF261001C00043000%2CXLF261001C00044000%2CXLF261001C00045000%2CXLF261001C00046000%2CXLF261001C00047000%2CXLF261001C00048000%2CXLF261001C00049000%2CXLF261001C00050000%2CXLF261001C00050500%2CXLF261001C00051000%2CXLF261001C00051500%2CXLF261001C00052000%2CXLF261001C00052500%2CXLF261001C00053000%2CXLF261001C00053500%2CXLF261001C00054000%2CXLF261001C00054500%2CXLF261001C00055000%2CXLF261001C00055500%2CXLF261001C00056000%2CXLF261001C00056500%2CXLF261001C00057000%2CXLF261001C00057500%2CXLF261001C00058000%2CXLF261001C00058500%2CXLF261001C00059000%2CXLF261001C00059500%2CXLF261001C00060000%2CXLF261001C00060500%2CXLF261001C00061000%2CXLF261001C00061500%2CXLF261001C00062000%2CXLF261001C00062500%2CXLF261001C00063000%2CXLF261001C00063500%2CXLF261001C00064000%2CXLF261001C00064500%2CXLF261001C00065000%2CXLF261001C00066000%2CXLF261001C00067000%2CXLF261001C00068000%2CXLF261001C00069000%2CXLF261001C00070000%2CXLF261001C00071000%2CXLF261001C00072000%2CXLF261001C00073000%2CXLF261001C00074000%2CXLF261001P00041000&greeks=true'
For more information check: https://developer.mozilla.org/en-US/docs/Web/HTTP/Status/401
2026-09-29T11:58:47 | WARNING  | app.scanning.alpaca_confirmer | AlpacaConfirmer: cannot fetch chain for HOOD 2026-10-02: Client error '401 Unauthorized' for url 'https://api.tradier.com/v1/markets/quotes?symbols=HOOD261002C00025000%2CHOOD261002C00030000%2CHOOD261002C00035000%2CHOOD261002C00040000%2CHOOD261002C00045000%2CHOOD261002C00050000%2CHOOD261002C00055000%2CHOOD261002C00060000%2CHOOD261002C00065000%2CHOOD261002C00070000%2CHOOD261002C00075000%2CHOOD261002C00080000%2CHOOD261002C00082000%2CHOOD261002C00083000%2CHOOD261002C00084000%2CHOOD261002C00085000%2CHOOD261002C00086000%2CHOOD261002C00087000%2CHOOD261002C00088000%2CHOOD261002C00089000%2CHOOD261002C00090000%2CHOOD261002C00091000%2CHOOD261002C00092000%2CHOOD261002C00093000%2CHOOD261002C00094000%2CHOOD261002C00095000%2CHOOD261002C00096000%2CHOOD261002C00097000%2CHOOD261002C00098000%2CHOOD261002C00099000%2CHOOD261002C00100000%2CHOOD261002C00101000%2CHOOD261002C00102000%2CHOOD261002C00103000%2CHOOD261002C00104000%2CHOOD261002C00105000%2CHOOD261002C00106000%2CHOOD261002C00107000%2CHOOD261002C00108000%2CHOOD261002C00109000%2CHOOD261002C00110000%2CHOOD261002C00111000%2CHOOD261002C00112000%2CHOOD261002C00113000%2CHOOD261002C00114000%2CHOOD261002C00115000%2CHOOD261002C00116000%2CHOOD261002C00117000%2CHOOD261002C00118000%2CHOOD261002C00119000&greeks=true'
For more information check: https://developer.mozilla.org/en-US/docs/Web/HTTP/Status/401
2026-09-29T11:58:47 | WARNING  | app.scanning.alpaca_confirmer | AlpacaConfirmer: cannot fetch chain for DKNG 2026-10-02: Client error '401 Unauthorized' for url 'https://api.tradier.com/v1/markets/quotes?symbols=DKNG261002C00011000%2CDKNG261002C00012000%2CDKNG261002C00013000%2CDKNG261002C00014000%2CDKNG261002C00015000%2CDKNG261002C00016000%2CDKNG261002C00017000%2CDKNG261002C00018000%2CDKNG261002C00019000%2CDKNG261002C00020000%2CDKNG261002C00020500%2CDKNG261002C00021000%2CDKNG261002C00021500%2CDKNG261002C00022000%2CDKNG261002C00022500%2CDKNG261002C00023000%2CDKNG261002C00023500%2CDKNG261002C00024000%2CDKNG261002C00024500%2CDKNG261002C00025000%2CDKNG261002C00025500%2CDKNG261002C00026000%2CDKNG261002C00026500%2CDKNG261002C00027000%2CDKNG261002C00027500%2CDKNG261002C00028000%2CDKNG261002C00028500%2CDKNG261002C00029000%2CDKNG261002C00030000%2CDKNG261002C00031000%2CDKNG261002C00032000%2CDKNG261002C00033000%2CDKNG261002C00034000%2CDKNG261002C00035000%2CDKNG261002C00036000%2CDKNG261002P00011000%2CDKNG261002P00012000%2CDKNG261002P00013000%2CDKNG261002P00014000%2CDKNG261002P00015000%2CDKNG261002P00016000%2CDKNG261002P00017000%2CDKNG261002P00018000%2CDKNG261002P00019000%2CDKNG261002P00020000%2CDKNG261002P00020500%2CDKNG261002P00021000%2CDKNG261002P00021500%2CDKNG261002P00022000%2CDKNG261002P00022500&greeks=true'
For more information check: https://developer.mozilla.org/en-US/docs/Web/HTTP/Status/401
2026-09-29T11:58:47 | WARNING  | app.scanning.alpaca_confirmer | AlpacaConfirmer: cannot fetch chain for XLE 2026-10-02: Client error '401 Unauthorized' for url 'https://api.tradier.com/v1/markets/quotes?symbols=XLE261002C00035000%2CXLE261002C00040000%2CXLE261002C00045000%2CXLE261002C00048000%2CXLE261002C00049000%2CXLE261002C00050000%2CXLE261002C00051000%2CXLE261002C00052000%2CXLE261002C00053000%2CXLE261002C00054000%2CXLE261002C00054500%2CXLE261002C00055000%2CXLE261002C00055500%2CXLE261002C00056000%2CXLE261002C00056500%2CXLE261002C00057000%2CXLE261002C00057500%2CXLE261002C00058000%2CXLE261002C00058500%2CXLE261002C00059000%2CXLE261002C00059500%2CXLE261002C00060000%2CXLE261002C00060500%2CXLE261002C00061000%2CXLE261002C00061500%2CXLE261002C00062000%2CXLE261002C00062500%2CXLE261002C00063000%2CXLE261002C00063500%2CXLE261002C00064000%2CXLE261002C00064500%2CXLE261002C00065000%2CXLE261002C00065500%2CXLE261002C00066000%2CXLE261002C00066500%2CXLE261002C00067000%2CXLE261002C00068000%2CXLE261002C00068500%2CXLE261002C00069000%2CXLE261002C00070000%2CXLE261002C00071000%2CXLE261002C00075000%2CXLE261002C00080000%2CXLE261002P00035000%2CXLE261002P00040000%2CXLE261002P00045000%2CXLE261002P00048000%2CXLE261002P00049000%2CXLE261002P00050000%2CXLE261002P00051000&greeks=true'
For more information check: https://developer.mozilla.org/en-US/docs/Web/HTTP/Status/401
2026-09-29T11:58:47 | WARNING  | app.scanning.alpaca_confirmer | AlpacaConfirmer: cannot fetch chain for IWM 2026-10-01: Client error '401 Unauthorized' for url 'https://api.tradier.com/v1/markets/quotes?symbols=IWM261001C00180000%2CIWM261001C00190000%2CIWM261001C00200000%2CIWM261001C00205000%2CIWM261001C00210000%2CIWM261001C00215000%2CIWM261001C00220000%2CIWM261001C00225000%2CIWM261001C00230000%2CIWM261001C00235000%2CIWM261001C00240000%2CIWM261001C00245000%2CIWM261001C00250000%2CIWM261001C00255000%2CIWM261001C00260000%2CIWM261001C00261000%2CIWM261001C00262000%2CIWM261001C00263000%2CIWM261001C00264000%2CIWM261001C00265000%2CIWM261001C00266000%2CIWM261001C00267000%2CIWM261001C00268000%2CIWM261001C00269000%2CIWM261001C00270000%2CIWM261001C00271000%2CIWM261001C00272000%2CIWM261001C00273000%2CIWM261001C00274000%2CIWM261001C00275000%2CIWM261001C00276000%2CIWM261001C00277000%2CIWM261001C00278000%2CIWM261001C00279000%2CIWM261001C00280000%2CIWM261001C00281000%2CIWM261001C00282000%2CIWM261001C00283000%2CIWM261001C00284000%2CIWM261001C00285000%2CIWM261001C00286000%2CIWM261001C00287000%2CIWM261001C00288000%2CIWM261001C00289000%2CIWM261001C00290000%2CIWM261001C00291000%2CIWM261001C00292000%2CIWM261001C00293000%2CIWM261001C00294000%2CIWM261001C00295000&greeks=true'
For more information check: https://developer.mozilla.org/en-US/docs/Web/HTTP/Status/401
2026-09-29T11:58:47 | WARNING  | app.scanning.alpaca_confirmer | AlpacaConfirmer: cannot fetch chain for AAPL 2026-10-02: Client error '401 Unauthorized' for url 'https://api.tradier.com/v1/markets/quotes?symbols=AAPL261002C00110000%2CAAPL261002C00120000%2CAAPL261002C00125000%2CAAPL261002C00130000%2CAAPL261002C00135000%2CAAPL261002C00140000%2CAAPL261002C00145000%2CAAPL261002C00150000%2CAAPL261002C00155000%2CAAPL261002C00160000%2CAAPL261002C00165000%2CAAPL261002C00170000%2CAAPL261002C00175000%2CAAPL261002C00180000%2CAAPL261002C00185000%2CAAPL261002C00190000%2CAAPL261002C00195000%2CAAPL261002C00200000%2CAAPL261002C00205000%2CAAPL261002C00210000%2CAAPL261002C00215000%2CAAPL261002C00220000%2CAAPL261002C00225000%2CAAPL261002C00230000%2CAAPL261002C00235000%2CAAPL261002C00240000%2CAAPL261002C00245000%2CAAPL261002C00250000%2CAAPL261002C00255000%2CAAPL261002C00260000%2CAAPL261002C00265000%2CAAPL261002C00270000%2CAAPL261002C00275000%2CAAPL261002C00280000%2CAAPL261002C00285000%2CAAPL261002C00290000%2CAAPL261002C00295000%2CAAPL261002C00297500%2CAAPL261002C00300000%2CAAPL261002C00302500%2CAAPL261002C00305000%2CAAPL261002C00307500%2CAAPL261002C00310000%2CAAPL261002C00312500%2CAAPL261002C00315000%2CAAPL261002C00317500%2CAAPL261002C00320000%2CAAPL261002C00322500%2CAAPL261002C00325000%2CAAPL261002C00327500&greeks=true'
For more information check: https://developer.mozilla.org/en-US/docs/Web/HTTP/Status/401
2026-09-29T11:58:47 | WARNING  | app.scanning.alpaca_confirmer | AlpacaConfirmer: cannot fetch chain for SPY 2026-10-01: Client error '401 Unauthorized' for url 'https://api.tradier.com/v1/markets/quotes?symbols=SPY261001C00550000%2CSPY261001C00555000%2CSPY261001C00560000%2CSPY261001C00565000%2CSPY261001C00570000%2CSPY261001C00575000%2CSPY261001C00580000%2CSPY261001C00585000%2CSPY261001C00590000%2CSPY261001C00595000%2CSPY261001C00600000%2CSPY261001C00605000%2CSPY261001C00610000%2CSPY261001C00615000%2CSPY261001C00620000%2CSPY261001C00625000%2CSPY261001C00630000%2CSPY261001C00635000%2CSPY261001C00640000%2CSPY261001C00645000%2CSPY261001C00650000%2CSPY261001C00655000%2CSPY261001C00660000%2CSPY261001C00665000%2CSPY261001C00670000%2CSPY261001C00675000%2CSPY261001C00680000%2CSPY261001C00685000%2CSPY261001C00690000%2CSPY261001C00695000%2CSPY261001C00700000%2CSPY261001C00705000%2CSPY261001C00710000%2CSPY261001C00715000%2CSPY261001C00718000%2CSPY261001C00719000%2CSPY261001C00720000%2CSPY261001C00721000%2CSPY261001C00722000%2CSPY261001C00723000%2CSPY261001C00724000%2CSPY261001C00725000%2CSPY261001C00726000%2CSPY261001C00727000%2CSPY261001C00728000%2CSPY261001C00729000%2CSPY261001C00730000%2CSPY261001C00731000%2CSPY261001C00732000%2CSPY261001C00733000&greeks=true'
For more information check: https://developer.mozilla.org/en-US/docs/Web/HTTP/Status/401
2026-09-29T11:58:47 | WARNING  | app.scanning.alpaca_confirmer | AlpacaConfirmer: cannot fetch chain for LYFT 2026-10-02: Client error '401 Unauthorized' for url 'https://api.tradier.com/v1/markets/quotes?symbols=LYFT261002C00005000%2CLYFT261002C00008000%2CLYFT261002C00009000%2CLYFT261002C00010000%2CLYFT261002C00010500%2CLYFT261002C00011000%2CLYFT261002C00011500%2CLYFT261002C00012000%2CLYFT261002C00012500%2CLYFT261002C00013000%2CLYFT261002C00013500%2CLYFT261002C00014000%2CLYFT261002C00014500%2CLYFT261002C00015000%2CLYFT261002C00015500%2CLYFT261002C00016000%2CLYFT261002C00016500%2CLYFT261002C00017000%2CLYFT261002C00017500%2CLYFT261002C00018000%2CLYFT261002C00018500%2CLYFT261002C00019000%2CLYFT261002C00019500%2CLYFT261002C00020000%2CLYFT261002C00020500%2CLYFT261002C00021000%2CLYFT261002C00021500%2CLYFT261002C00022000%2CLYFT261002C00023000%2CLYFT261002C00024000%2CLYFT261002C00025000%2CLYFT261002P00005000%2CLYFT261002P00008000%2CLYFT261002P00009000%2CLYFT261002P00010000%2CLYFT261002P00010500%2CLYFT261002P00011000%2CLYFT261002P00011500%2CLYFT261002P00012000%2CLYFT261002P00012500%2CLYFT261002P00013000%2CLYFT261002P00013500%2CLYFT261002P00014000%2CLYFT261002P00014500%2CLYFT261002P00015000%2CLYFT261002P00015500%2CLYFT261002P00016000%2CLYFT261002P00016500%2CLYFT261002P00017000%2CLYFT261002P00017500&greeks=true'
For more information check: https://developer.mozilla.org/en-US/docs/Web/HTTP/Status/401
2026-09-29T11:58:47 | WARNING  | app.scanning.alpaca_confirmer | AlpacaConfirmer: cannot fetch chain for GOOGL 2026-10-02: Client error '401 Unauthorized' for url 'https://api.tradier.com/v1/markets/quotes?symbols=GOOGL261002C00100000%2CGOOGL261002C00105000%2CGOOGL261002C00110000%2CGOOGL261002C00115000%2CGOOGL261002C00120000%2CGOOGL261002C00125000%2CGOOGL261002C00130000%2CGOOGL261002C00135000%2CGOOGL261002C00140000%2CGOOGL261002C00145000%2CGOOGL261002C00150000%2CGOOGL261002C00155000%2CGOOGL261002C00160000%2CGOOGL261002C00165000%2CGOOGL261002C00170000%2CGOOGL261002C00175000%2CGOOGL261002C00180000%2CGOOGL261002C00185000%2CGOOGL261002C00190000%2CGOOGL261002C00195000%2CGOOGL261002C00200000%2CGOOGL261002C00205000%2CGOOGL261002C00210000%2CGOOGL261002C00215000%2CGOOGL261002C00220000%2CGOOGL261002C00225000%2CGOOGL261002C00230000%2CGOOGL261002C00235000%2CGOOGL261002C00240000%2CGOOGL261002C00245000%2CGOOGL261002C00250000%2CGOOGL261002C00255000%2CGOOGL261002C00260000%2CGOOGL261002C00265000%2CGOOGL261002C00270000%2CGOOGL261002C00275000%2CGOOGL261002C00280000%2CGOOGL261002C00285000%2CGOOGL261002C00290000%2CGOOGL261002C00295000%2CGOOGL261002C00300000%2CGOOGL261002C00305000%2CGOOGL261002C00307500%2CGOOGL261002C00310000%2CGOOGL261002C00312500%2CGOOGL261002C00315000%2CGOOGL261002C00317500%2CGOOGL261002C00320000%2CGOOGL261002C00322500%2CGOOGL261002C00325000&greeks=true'
For more information check: https://developer.mozilla.org/en-US/docs/Web/HTTP/Status/401
2026-09-29T11:58:47 | WARNING  | app.scanning.alpaca_confirmer | AlpacaConfirmer: cannot fetch chain for RIVN 2026-10-02: Client error '401 Unauthorized' for url 'https://api.tradier.com/v1/markets/quotes?symbols=RIVN261002C00005000%2CRIVN261002C00009000%2CRIVN261002C00010000%2CRIVN261002C00010500%2CRIVN261002C00011000%2CRIVN261002C00011500%2CRIVN261002C00012000%2CRIVN261002C00012500%2CRIVN261002C00013000%2CRIVN261002C00013500%2CRIVN261002C00014000%2CRIVN261002C00014500%2CRIVN261002C00015000%2CRIVN261002C00015500%2CRIVN261002C00016000%2CRIVN261002C00016500%2CRIVN261002C00017000%2CRIVN261002C00017500%2CRIVN261002C00018000%2CRIVN261002C00018500%2CRIVN261002C00019000%2CRIVN261002C00019500%2CRIVN261002C00020000%2CRIVN261002C00020500%2CRIVN261002C00021000%2CRIVN261002C00021500%2CRIVN261002C00022000%2CRIVN261002C00023000%2CRIVN261002C00024000%2CRIVN261002C00025000%2CRIVN261002C00030000%2CRIVN261002P00005000%2CRIVN261002P00009000%2CRIVN261002P00010000%2CRIVN261002P00010500%2CRIVN261002P00011000%2CRIVN261002P00011500%2CRIVN261002P00012000%2CRIVN261002P00012500%2CRIVN261002P00013000%2CRIVN261002P00013500%2CRIVN261002P00014000%2CRIVN261002P00014500%2CRIVN261002P00015000%2CRIVN261002P00015500%2CRIVN261002P00016000%2CRIVN261002P00016500%2CRIVN261002P00017000%2CRIVN261002P00017500%2CRIVN261002P00018000&greeks=true'
For more information check: https://developer.mozilla.org/en-US/docs/Web/HTTP/Status/401
2026-09-29T11:58:47 | INFO     | session_runner | AlpacaConfirmer: 0 confirmed symbols: []
2026-09-29T11:58:47 | WARNING  | session_runner | Re-scan returned no confirmed symbols — falling back to ['SPY']
2026-09-29T11:58:47 | INFO     | session_runner | Broad-market regime | SPY=short
2026-09-29T11:58:47 | INFO     | session_runner | [bridge:SPY] rsi_trend ready: sufficient bars
2026-09-29T11:58:47 | INFO     | session_runner | Stale signal: SPY/vwap_reclaim age=54 min > max 10 min — skipped
2026-09-29T11:58:47 | INFO     | session_runner | Stale signal: SPY/orb age=119 min > max 10 min — skipped
2026-09-29T11:58:47 | INFO     | session_runner | Stale signal: SPY/vwap_reclaim age=129 min > max 10 min — skipped
2026-09-29T11:59:17 | INFO     | session_runner | [cycle 292] 11:59:17 ET | positions=0 | entries=0
2026-09-29T11:59:18 | INFO     | session_runner | [bridge:SPY] rsi_trend ready: sufficient bars
2026-09-29T11:59:18 | INFO     | session_runner | Stale signal: SPY/vwap_reclaim age=54 min > max 10 min — skipped
2026-09-29T11:59:18 | INFO     | session_runner | Stale signal: SPY/orb age=119 min > max 10 min — skipped
2026-09-29T11:59:18 | INFO     | session_runner | Stale signal: SPY/vwap_reclaim age=129 min > max 10 min — skipped
2026-09-29T11:59:48 | INFO     | session_runner | [cycle 293] 11:59:48 ET | positions=0 | entries=0
2026-09-29T11:59:48 | INFO     | session_runner | [bridge:SPY] rsi_trend ready: sufficient bars
2026-09-29T11:59:48 | INFO     | session_runner | Stale signal: SPY/vwap_reclaim age=55 min > max 10 min — skipped
2026-09-29T11:59:48 | INFO     | session_runner | Stale signal: SPY/orb age=120 min > max 10 min — skipped
2026-09-29T11:59:48 | INFO     | session_runner | Stale signal: SPY/vwap_reclaim age=130 min > max 10 min — skipped
2026-09-29T12:00:18 | INFO     | session_runner | [cycle 294] 12:00:18 ET | positions=0 | entries=0
2026-09-29T12:00:18 | INFO     | session_runner | [bridge:SPY] rsi_trend ready: sufficient bars
2026-09-29T12:00:18 | INFO     | session_runner | Stale signal: SPY/vwap_reclaim age=55 min > max 10 min — skipped
2026-09-29T12:00:18 | INFO     | session_runner | Stale signal: SPY/orb age=120 min > max 10 min — skipped
2026-09-29T12:00:18 | INFO     | session_runner | Stale signal: SPY/vwap_reclaim age=130 min > max 10 min — skipped
2026-09-29T12:00:48 | INFO     | session_runner | [cycle 295] 12:00:48 ET | positions=0 | entries=0
2026-09-29T12:00:48 | INFO     | session_runner | [bridge:SPY] rsi_trend ready: sufficient bars
2026-09-29T12:00:48 | INFO     | session_runner | Stale signal: SPY/vwap_reclaim age=56 min > max 10 min — skipped
2026-09-29T12:00:48 | INFO     | session_runner | Stale signal: SPY/orb age=121 min > max 10 min — skipped
2026-09-29T12:00:48 | INFO     | session_runner | Stale signal: SPY/vwap_reclaim age=131 min > max 10 min — skipped
2026-09-29T12:01:18 | INFO     | session_runner | [cycle 296] 12:01:18 ET | positions=0 | entries=0
2026-09-29T12:01:19 | INFO     | session_runner | [bridge:SPY] rsi_trend ready: sufficient bars
2026-09-29T12:01:19 | INFO     | session_runner | Stale signal: SPY/vwap_reclaim age=56 min > max 10 min — skipped
2026-09-29T12:01:19 | INFO     | session_runner | Stale signal: SPY/orb age=121 min > max 10 min — skipped
2026-09-29T12:01:19 | INFO     | session_runner | Stale signal: SPY/vwap_reclaim age=131 min > max 10 min — skipped
2026-09-29T12:01:49 | INFO     | session_runner | [cycle 297] 12:01:49 ET | positions=0 | entries=0
2026-09-29T12:01:49 | INFO     | session_runner | [bridge:SPY] rsi_trend ready: sufficient bars
2026-09-29T12:01:49 | INFO     | session_runner | Stale signal: SPY/vwap_reclaim age=57 min > max 10 min — skipped
2026-09-29T12:01:49 | INFO     | session_runner | Stale signal: SPY/orb age=122 min > max 10 min — skipped
2026-09-29T12:01:49 | INFO     | session_runner | Stale signal: SPY/vwap_reclaim age=132 min > max 10 min — skipped
2026-09-29T12:02:19 | INFO     | session_runner | [cycle 298] 12:02:19 ET | positions=0 | entries=0
2026-09-29T12:02:19 | INFO     | session_runner | [bridge:SPY] rsi_trend ready: sufficient bars
2026-09-29T12:02:19 | INFO     | session_runner | Stale signal: SPY/vwap_reclaim age=57 min > max 10 min — skipped
2026-09-29T12:02:19 | INFO     | session_runner | Stale signal: SPY/orb age=122 min > max 10 min — skipped
2026-09-29T12:02:19 | INFO     | session_runner | Stale signal: SPY/vwap_reclaim age=132 min > max 10 min — skipped
2026-09-29T12:02:49 | INFO     | session_runner | [cycle 299] 12:02:49 ET | positions=0 | entries=0
2026-09-29T12:02:49 | INFO     | session_runner | [bridge:SPY] rsi_trend ready: sufficient bars
2026-09-29T12:02:49 | INFO     | session_runner | Stale signal: SPY/vwap_reclaim age=58 min > max 10 min — skipped
2026-09-29T12:02:49 | INFO     | session_runner | Stale signal: SPY/orb age=123 min > max 10 min — skipped
2026-09-29T12:02:49 | INFO     | session_runner | Stale signal: SPY/vwap_reclaim age=133 min > max 10 min — skipped
2026-09-29T12:03:19 | INFO     | session_runner | [cycle 300] 12:03:19 ET | positions=0 | entries=0
2026-09-29T12:03:20 | INFO     | session_runner | [bridge:SPY] rsi_trend ready: sufficient bars
2026-09-29T12:03:20 | INFO     | session_runner | Stale signal: SPY/vwap_reclaim age=58 min > max 10 min — skipped
2026-09-29T12:03:20 | INFO     | session_runner | Stale signal: SPY/orb age=123 min > max 10 min — skipped
2026-09-29T12:03:20 | INFO     | session_runner | Stale signal: SPY/vwap_reclaim age=133 min > max 10 min — skipped
2026-09-29T12:03:50 | INFO     | session_runner | [cycle 301] 12:03:50 ET | positions=0 | entries=0
2026-09-29T12:03:50 | INFO     | app.trading.reconciler | Reconciliation done: broker_pos=0 local_pos=0 broker_orders=0 local_pending=0 repaired=0 flagged=0 orders_confirmed=True positions_confirmed=True
2026-09-29T12:03:50 | INFO     | session_runner | Periodic universe re-scan …
2026-09-29T12:03:50 | INFO     | app.scanning.universe_loader | UniverseLoader: loaded 5 groups (13 flat symbols) from config/ticker_universe.yaml (blacklist=0)
2026-09-29T12:03:50 | INFO     | app.scanning.universe_loader | UniverseLoader: 38 symbols from 4 group(s) (blacklist=0)
2026-09-29T12:03:50 | INFO     | session_runner | Universe scan: 38 symbols from 4 group(s) | max_active=6
2026-09-29T12:03:53 | INFO     | session_runner | Scan: 18 passed, 20 rejected
2026-09-29T12:03:53 | INFO     | session_runner |   GOOGL   score=80.0  signal=SHORT    reasons: rvol=1.23x (normal), atr=2.29% (wide-range), orb_breakdown
2026-09-29T12:03:53 | INFO     | session_runner |   RIVN    score=70.0  signal=LONG     reasons: rvol=1.62x (elevated), atr=4.22% (wide-range), orb_breakout
2026-09-29T12:03:53 | INFO     | session_runner |   AAPL    score=67.0  signal=SHORT    reasons: rvol=1.09x (normal), atr=1.96% (wide-range), orb_breakdown
2026-09-29T12:03:53 | INFO     | session_runner |   DKNG    score=65.0  signal=SHORT    reasons: rvol=1.23x (normal), atr=5.44% (wide-range), orb_breakdown
2026-09-29T12:03:53 | INFO     | session_runner |   XLE     score=62.0  signal=LONG     reasons: rvol=1.40x (normal), atr=1.91% (wide-range), orb_breakout
2026-09-29T12:03:53 | WARNING  | app.scanning.alpaca_confirmer | AlpacaConfirmer: cannot fetch chain for GOOGL 2026-10-02: Client error '401 Unauthorized' for url 'https://api.tradier.com/v1/markets/quotes?symbols=GOOGL261002C00100000%2CGOOGL261002C00105000%2CGOOGL261002C00110000%2CGOOGL261002C00115000%2CGOOGL261002C00120000%2CGOOGL261002C00125000%2CGOOGL261002C00130000%2CGOOGL261002C00135000%2CGOOGL261002C00140000%2CGOOGL261002C00145000%2CGOOGL261002C00150000%2CGOOGL261002C00155000%2CGOOGL261002C00160000%2CGOOGL261002C00165000%2CGOOGL261002C00170000%2CGOOGL261002C00175000%2CGOOGL261002C00180000%2CGOOGL261002C00185000%2CGOOGL261002C00190000%2CGOOGL261002C00195000%2CGOOGL261002C00200000%2CGOOGL261002C00205000%2CGOOGL261002C00210000%2CGOOGL261002C00215000%2CGOOGL261002C00220000%2CGOOGL261002C00225000%2CGOOGL261002C00230000%2CGOOGL261002C00235000%2CGOOGL261002C00240000%2CGOOGL261002C00245000%2CGOOGL261002C00250000%2CGOOGL261002C00255000%2CGOOGL261002C00260000%2CGOOGL261002C00265000%2CGOOGL261002C00270000%2CGOOGL261002C00275000%2CGOOGL261002C00280000%2CGOOGL261002C00285000%2CGOOGL261002C00290000%2CGOOGL261002C00295000%2CGOOGL261002C00300000%2CGOOGL261002C00305000%2CGOOGL261002C00307500%2CGOOGL261002C00310000%2CGOOGL261002C00312500%2CGOOGL261002C00315000%2CGOOGL261002C00317500%2CGOOGL261002C00320000%2CGOOGL261002C00322500%2CGOOGL261002C00325000&greeks=true'
For more information check: https://developer.mozilla.org/en-US/docs/Web/HTTP/Status/401
2026-09-29T12:03:53 | WARNING  | app.scanning.alpaca_confirmer | AlpacaConfirmer: cannot fetch chain for RIVN 2026-10-02: Client error '401 Unauthorized' for url 'https://api.tradier.com/v1/markets/quotes?symbols=RIVN261002C00005000%2CRIVN261002C00009000%2CRIVN261002C00010000%2CRIVN261002C00010500%2CRIVN261002C00011000%2CRIVN261002C00011500%2CRIVN261002C00012000%2CRIVN261002C00012500%2CRIVN261002C00013000%2CRIVN261002C00013500%2CRIVN261002C00014000%2CRIVN261002C00014500%2CRIVN261002C00015000%2CRIVN261002C00015500%2CRIVN261002C00016000%2CRIVN261002C00016500%2CRIVN261002C00017000%2CRIVN261002C00017500%2CRIVN261002C00018000%2CRIVN261002C00018500%2CRIVN261002C00019000%2CRIVN261002C00019500%2CRIVN261002C00020000%2CRIVN261002C00020500%2CRIVN261002C00021000%2CRIVN261002C00021500%2CRIVN261002C00022000%2CRIVN261002C00023000%2CRIVN261002C00024000%2CRIVN261002C00025000%2CRIVN261002C00030000%2CRIVN261002P00005000%2CRIVN261002P00009000%2CRIVN261002P00010000%2CRIVN261002P00010500%2CRIVN261002P00011000%2CRIVN261002P00011500%2CRIVN261002P00012000%2CRIVN261002P00012500%2CRIVN261002P00013000%2CRIVN261002P00013500%2CRIVN261002P00014000%2CRIVN261002P00014500%2CRIVN261002P00015000%2CRIVN261002P00015500%2CRIVN261002P00016000%2CRIVN261002P00016500%2CRIVN261002P00017000%2CRIVN261002P00017500%2CRIVN261002P00018000&greeks=true'
For more information check: https://developer.mozilla.org/en-US/docs/Web/HTTP/Status/401
2026-09-29T12:03:53 | WARNING  | app.scanning.alpaca_confirmer | AlpacaConfirmer: cannot fetch chain for DKNG 2026-10-02: Client error '401 Unauthorized' for url 'https://api.tradier.com/v1/markets/quotes?symbols=DKNG261002C00011000%2CDKNG261002C00012000%2CDKNG261002C00013000%2CDKNG261002C00014000%2CDKNG261002C00015000%2CDKNG261002C00016000%2CDKNG261002C00017000%2CDKNG261002C00018000%2CDKNG261002C00019000%2CDKNG261002C00020000%2CDKNG261002C00020500%2CDKNG261002C00021000%2CDKNG261002C00021500%2CDKNG261002C00022000%2CDKNG261002C00022500%2CDKNG261002C00023000%2CDKNG261002C00023500%2CDKNG261002C00024000%2CDKNG261002C00024500%2CDKNG261002C00025000%2CDKNG261002C00025500%2CDKNG261002C00026000%2CDKNG261002C00026500%2CDKNG261002C00027000%2CDKNG261002C00027500%2CDKNG261002C00028000%2CDKNG261002C00028500%2CDKNG261002C00029000%2CDKNG261002C00030000%2CDKNG261002C00031000%2CDKNG261002C00032000%2CDKNG261002C00033000%2CDKNG261002C00034000%2CDKNG261002C00035000%2CDKNG261002C00036000%2CDKNG261002P00011000%2CDKNG261002P00012000%2CDKNG261002P00013000%2CDKNG261002P00014000%2CDKNG261002P00015000%2CDKNG261002P00016000%2CDKNG261002P00017000%2CDKNG261002P00018000%2CDKNG261002P00019000%2CDKNG261002P00020000%2CDKNG261002P00020500%2CDKNG261002P00021000%2CDKNG261002P00021500%2CDKNG261002P00022000%2CDKNG261002P00022500&greeks=true'
For more information check: https://developer.mozilla.org/en-US/docs/Web/HTTP/Status/401
2026-09-29T12:03:53 | WARNING  | app.scanning.alpaca_confirmer | AlpacaConfirmer: cannot fetch chain for AAPL 2026-10-02: Client error '401 Unauthorized' for url 'https://api.tradier.com/v1/markets/quotes?symbols=AAPL261002C00110000%2CAAPL261002C00120000%2CAAPL261002C00125000%2CAAPL261002C00130000%2CAAPL261002C00135000%2CAAPL261002C00140000%2CAAPL261002C00145000%2CAAPL261002C00150000%2CAAPL261002C00155000%2CAAPL261002C00160000%2CAAPL261002C00165000%2CAAPL261002C00170000%2CAAPL261002C00175000%2CAAPL261002C00180000%2CAAPL261002C00185000%2CAAPL261002C00190000%2CAAPL261002C00195000%2CAAPL261002C00200000%2CAAPL261002C00205000%2CAAPL261002C00210000%2CAAPL261002C00215000%2CAAPL261002C00220000%2CAAPL261002C00225000%2CAAPL261002C00230000%2CAAPL261002C00235000%2CAAPL261002C00240000%2CAAPL261002C00245000%2CAAPL261002C00250000%2CAAPL261002C00255000%2CAAPL261002C00260000%2CAAPL261002C00265000%2CAAPL261002C00270000%2CAAPL261002C00275000%2CAAPL261002C00280000%2CAAPL261002C00285000%2CAAPL261002C00290000%2CAAPL261002C00295000%2CAAPL261002C00297500%2CAAPL261002C00300000%2CAAPL261002C00302500%2CAAPL261002C00305000%2CAAPL261002C00307500%2CAAPL261002C00310000%2CAAPL261002C00312500%2CAAPL261002C00315000%2CAAPL261002C00317500%2CAAPL261002C00320000%2CAAPL261002C00322500%2CAAPL261002C00325000%2CAAPL261002C00327500&greeks=true'
For more information check: https://developer.mozilla.org/en-US/docs/Web/HTTP/Status/401
2026-09-29T12:03:53 | WARNING  | app.scanning.alpaca_confirmer | AlpacaConfirmer: cannot fetch chain for HOOD 2026-10-02: Client error '401 Unauthorized' for url 'https://api.tradier.com/v1/markets/quotes?symbols=HOOD261002C00025000%2CHOOD261002C00030000%2CHOOD261002C00035000%2CHOOD261002C00040000%2CHOOD261002C00045000%2CHOOD261002C00050000%2CHOOD261002C00055000%2CHOOD261002C00060000%2CHOOD261002C00065000%2CHOOD261002C00070000%2CHOOD261002C00075000%2CHOOD261002C00080000%2CHOOD261002C00082000%2CHOOD261002C00083000%2CHOOD261002C00084000%2CHOOD261002C00085000%2CHOOD261002C00086000%2CHOOD261002C00087000%2CHOOD261002C00088000%2CHOOD261002C00089000%2CHOOD261002C00090000%2CHOOD261002C00091000%2CHOOD261002C00092000%2CHOOD261002C00093000%2CHOOD261002C00094000%2CHOOD261002C00095000%2CHOOD261002C00096000%2CHOOD261002C00097000%2CHOOD261002C00098000%2CHOOD261002C00099000%2CHOOD261002C00100000%2CHOOD261002C00101000%2CHOOD261002C00102000%2CHOOD261002C00103000%2CHOOD261002C00104000%2CHOOD261002C00105000%2CHOOD261002C00106000%2CHOOD261002C00107000%2CHOOD261002C00108000%2CHOOD261002C00109000%2CHOOD261002C00110000%2CHOOD261002C00111000%2CHOOD261002C00112000%2CHOOD261002C00113000%2CHOOD261002C00114000%2CHOOD261002C00115000%2CHOOD261002C00116000%2CHOOD261002C00117000%2CHOOD261002C00118000%2CHOOD261002C00119000&greeks=true'
For more information check: https://developer.mozilla.org/en-US/docs/Web/HTTP/Status/401
2026-09-29T12:03:53 | WARNING  | app.scanning.alpaca_confirmer | AlpacaConfirmer: cannot fetch chain for XLF 2026-10-01: Client error '401 Unauthorized' for url 'https://api.tradier.com/v1/markets/quotes?symbols=XLF261001C00041000%2CXLF261001C00042000%2CXLF261001C00043000%2CXLF261001C00044000%2CXLF261001C00045000%2CXLF261001C00046000%2CXLF261001C00047000%2CXLF261001C00048000%2CXLF261001C00049000%2CXLF261001C00050000%2CXLF261001C00050500%2CXLF261001C00051000%2CXLF261001C00051500%2CXLF261001C00052000%2CXLF261001C00052500%2CXLF261001C00053000%2CXLF261001C00053500%2CXLF261001C00054000%2CXLF261001C00054500%2CXLF261001C00055000%2CXLF261001C00055500%2CXLF261001C00056000%2CXLF261001C00056500%2CXLF261001C00057000%2CXLF261001C00057500%2CXLF261001C00058000%2CXLF261001C00058500%2CXLF261001C00059000%2CXLF261001C00059500%2CXLF261001C00060000%2CXLF261001C00060500%2CXLF261001C00061000%2CXLF261001C00061500%2CXLF261001C00062000%2CXLF261001C00062500%2CXLF261001C00063000%2CXLF261001C00063500%2CXLF261001C00064000%2CXLF261001C00064500%2CXLF261001C00065000%2CXLF261001C00066000%2CXLF261001C00067000%2CXLF261001C00068000%2CXLF261001C00069000%2CXLF261001C00070000%2CXLF261001C00071000%2CXLF261001C00072000%2CXLF261001C00073000%2CXLF261001C00074000%2CXLF261001P00041000&greeks=true'
For more information check: https://developer.mozilla.org/en-US/docs/Web/HTTP/Status/401
2026-09-29T12:03:53 | WARNING  | app.scanning.alpaca_confirmer | AlpacaConfirmer: cannot fetch chain for SPY 2026-10-01: Client error '401 Unauthorized' for url 'https://api.tradier.com/v1/markets/quotes?symbols=SPY261001C00550000%2CSPY261001C00555000%2CSPY261001C00560000%2CSPY261001C00565000%2CSPY261001C00570000%2CSPY261001C00575000%2CSPY261001C00580000%2CSPY261001C00585000%2CSPY261001C00590000%2CSPY261001C00595000%2CSPY261001C00600000%2CSPY261001C00605000%2CSPY261001C00610000%2CSPY261001C00615000%2CSPY261001C00620000%2CSPY261001C00625000%2CSPY261001C00630000%2CSPY261001C00635000%2CSPY261001C00640000%2CSPY261001C00645000%2CSPY261001C00650000%2CSPY261001C00655000%2CSPY261001C00660000%2CSPY261001C00665000%2CSPY261001C00670000%2CSPY261001C00675000%2CSPY261001C00680000%2CSPY261001C00685000%2CSPY261001C00690000%2CSPY261001C00695000%2CSPY261001C00700000%2CSPY261001C00705000%2CSPY261001C00710000%2CSPY261001C00715000%2CSPY261001C00718000%2CSPY261001C00719000%2CSPY261001C00720000%2CSPY261001C00721000%2CSPY261001C00722000%2CSPY261001C00723000%2CSPY261001C00724000%2CSPY261001C00725000%2CSPY261001C00726000%2CSPY261001C00727000%2CSPY261001C00728000%2CSPY261001C00729000%2CSPY261001C00730000%2CSPY261001C00731000%2CSPY261001C00732000%2CSPY261001C00733000&greeks=true'
For more information check: https://developer.mozilla.org/en-US/docs/Web/HTTP/Status/401
2026-09-29T12:03:53 | WARNING  | app.scanning.alpaca_confirmer | AlpacaConfirmer: cannot fetch chain for IWM 2026-10-01: Client error '401 Unauthorized' for url 'https://api.tradier.com/v1/markets/quotes?symbols=IWM261001C00180000%2CIWM261001C00190000%2CIWM261001C00200000%2CIWM261001C00205000%2CIWM261001C00210000%2CIWM261001C00215000%2CIWM261001C00220000%2CIWM261001C00225000%2CIWM261001C00230000%2CIWM261001C00235000%2CIWM261001C00240000%2CIWM261001C00245000%2CIWM261001C00250000%2CIWM261001C00255000%2CIWM261001C00260000%2CIWM261001C00261000%2CIWM261001C00262000%2CIWM261001C00263000%2CIWM261001C00264000%2CIWM261001C00265000%2CIWM261001C00266000%2CIWM261001C00267000%2CIWM261001C00268000%2CIWM261001C00269000%2CIWM261001C00270000%2CIWM261001C00271000%2CIWM261001C00272000%2CIWM261001C00273000%2CIWM261001C00274000%2CIWM261001C00275000%2CIWM261001C00276000%2CIWM261001C00277000%2CIWM261001C00278000%2CIWM261001C00279000%2CIWM261001C00280000%2CIWM261001C00281000%2CIWM261001C00282000%2CIWM261001C00283000%2CIWM261001C00284000%2CIWM261001C00285000%2CIWM261001C00286000%2CIWM261001C00287000%2CIWM261001C00288000%2CIWM261001C00289000%2CIWM261001C00290000%2CIWM261001C00291000%2CIWM261001C00292000%2CIWM261001C00293000%2CIWM261001C00294000%2CIWM261001C00295000&greeks=true'
For more information check: https://developer.mozilla.org/en-US/docs/Web/HTTP/Status/401
2026-09-29T12:03:53 | WARNING  | app.scanning.alpaca_confirmer | AlpacaConfirmer: cannot fetch chain for MSFT 2026-10-02: Client error '401 Unauthorized' for url 'https://api.tradier.com/v1/markets/quotes?symbols=MSFT261002C00270000%2CMSFT261002C00280000%2CMSFT261002C00290000%2CMSFT261002C00300000%2CMSFT261002C00305000%2CMSFT261002C00310000%2CMSFT261002C00315000%2CMSFT261002C00320000%2CMSFT261002C00325000%2CMSFT261002C00330000%2CMSFT261002C00335000%2CMSFT261002C00340000%2CMSFT261002C00345000%2CMSFT261002C00350000%2CMSFT261002C00355000%2CMSFT261002C00360000%2CMSFT261002C00365000%2CMSFT261002C00370000%2CMSFT261002C00375000%2CMSFT261002C00380000%2CMSFT261002C00385000%2CMSFT261002C00390000%2CMSFT261002C00395000%2CMSFT261002C00400000%2CMSFT261002C00405000%2CMSFT261002C00410000%2CMSFT261002C00415000%2CMSFT261002C00420000%2CMSFT261002C00425000%2CMSFT261002C00430000%2CMSFT261002C00435000%2CMSFT261002C00437500%2CMSFT261002C00440000%2CMSFT261002C00442500%2CMSFT261002C00445000%2CMSFT261002C00447500%2CMSFT261002C00450000%2CMSFT261002C00452500%2CMSFT261002C00455000%2CMSFT261002C00457500%2CMSFT261002C00460000%2CMSFT261002C00462500%2CMSFT261002C00465000%2CMSFT261002C00467500%2CMSFT261002C00470000%2CMSFT261002C00472500%2CMSFT261002C00475000%2CMSFT261002C00477500%2CMSFT261002C00480000%2CMSFT261002C00482500&greeks=true'
For more information check: https://developer.mozilla.org/en-US/docs/Web/HTTP/Status/401
2026-09-29T12:03:53 | WARNING  | app.scanning.alpaca_confirmer | AlpacaConfirmer: cannot fetch chain for META 2026-10-02: Client error '401 Unauthorized' for url 'https://api.tradier.com/v1/markets/quotes?symbols=META261002C00100000%2CMETA261002C00110000%2CMETA261002C00120000%2CMETA261002C00130000%2CMETA261002C00140000%2CMETA261002C00150000%2CMETA261002C00160000%2CMETA261002C00170000%2CMETA261002C00180000%2CMETA261002C00190000%2CMETA261002C00200000%2CMETA261002C00210000%2CMETA261002C00220000%2CMETA261002C00230000%2CMETA261002C00240000%2CMETA261002C00250000%2CMETA261002C00260000%2CMETA261002C00270000%2CMETA261002C00280000%2CMETA261002C00290000%2CMETA261002C00300000%2CMETA261002C00310000%2CMETA261002C00320000%2CMETA261002C00330000%2CMETA261002C00340000%2CMETA261002C00350000%2CMETA261002C00360000%2CMETA261002C00370000%2CMETA261002C00380000%2CMETA261002C00390000%2CMETA261002C00400000%2CMETA261002C00405000%2CMETA261002C00410000%2CMETA261002C00415000%2CMETA261002C00420000%2CMETA261002C00425000%2CMETA261002C00430000%2CMETA261002C00435000%2CMETA261002C00440000%2CMETA261002C00445000%2CMETA261002C00450000%2CMETA261002C00455000%2CMETA261002C00460000%2CMETA261002C00465000%2CMETA261002C00470000%2CMETA261002C00475000%2CMETA261002C00480000%2CMETA261002C00485000%2CMETA261002C00490000%2CMETA261002C00495000&greeks=true'
For more information check: https://developer.mozilla.org/en-US/docs/Web/HTTP/Status/401
2026-09-29T12:03:53 | WARNING  | app.scanning.alpaca_confirmer | AlpacaConfirmer: cannot fetch chain for UBER 2026-10-02: Client error '401 Unauthorized' for url 'https://api.tradier.com/v1/markets/quotes?symbols=UBER261002C00050000%2CUBER261002C00055000%2CUBER261002C00058000%2CUBER261002C00059000%2CUBER261002C00060000%2CUBER261002C00061000%2CUBER261002C00062000%2CUBER261002C00063000%2CUBER261002C00064000%2CUBER261002C00065000%2CUBER261002C00066000%2CUBER261002C00067000%2CUBER261002C00068000%2CUBER261002C00069000%2CUBER261002C00070000%2CUBER261002C00071000%2CUBER261002C00072000%2CUBER261002C00073000%2CUBER261002C00074000%2CUBER261002C00075000%2CUBER261002C00076000%2CUBER261002C00077000%2CUBER261002C00078000%2CUBER261002C00079000%2CUBER261002C00080000%2CUBER261002C00081000%2CUBER261002C00082000%2CUBER261002C00083000%2CUBER261002C00084000%2CUBER261002C00085000%2CUBER261002C00086000%2CUBER261002C00087000%2CUBER261002C00088000%2CUBER261002C00089000%2CUBER261002C00090000%2CUBER261002C00091000%2CUBER261002C00095000%2CUBER261002C00100000%2CUBER261002C00105000%2CUBER261002P00050000%2CUBER261002P00055000%2CUBER261002P00058000%2CUBER261002P00059000%2CUBER261002P00060000%2CUBER261002P00061000%2CUBER261002P00062000%2CUBER261002P00063000%2CUBER261002P00064000%2CUBER261002P00065000%2CUBER261002P00066000&greeks=true'
For more information check: https://developer.mozilla.org/en-US/docs/Web/HTTP/Status/401
2026-09-29T12:03:53 | WARNING  | app.scanning.alpaca_confirmer | AlpacaConfirmer: cannot fetch chain for XLE 2026-10-02: Client error '401 Unauthorized' for url 'https://api.tradier.com/v1/markets/quotes?symbols=XLE261002C00035000%2CXLE261002C00040000%2CXLE261002C00045000%2CXLE261002C00048000%2CXLE261002C00049000%2CXLE261002C00050000%2CXLE261002C00051000%2CXLE261002C00052000%2CXLE261002C00053000%2CXLE261002C00054000%2CXLE261002C00054500%2CXLE261002C00055000%2CXLE261002C00055500%2CXLE261002C00056000%2CXLE261002C00056500%2CXLE261002C00057000%2CXLE261002C00057500%2CXLE261002C00058000%2CXLE261002C00058500%2CXLE261002C00059000%2CXLE261002C00059500%2CXLE261002C00060000%2CXLE261002C00060500%2CXLE261002C00061000%2CXLE261002C00061500%2CXLE261002C00062000%2CXLE261002C00062500%2CXLE261002C00063000%2CXLE261002C00063500%2CXLE261002C00064000%2CXLE261002C00064500%2CXLE261002C00065000%2CXLE261002C00065500%2CXLE261002C00066000%2CXLE261002C00066500%2CXLE261002C00067000%2CXLE261002C00068000%2CXLE261002C00068500%2CXLE261002C00069000%2CXLE261002C00070000%2CXLE261002C00071000%2CXLE261002C00075000%2CXLE261002C00080000%2CXLE261002P00035000%2CXLE261002P00040000%2CXLE261002P00045000%2CXLE261002P00048000%2CXLE261002P00049000%2CXLE261002P00050000%2CXLE261002P00051000&greeks=true'
For more information check: https://developer.mozilla.org/en-US/docs/Web/HTTP/Status/401
2026-09-29T12:03:53 | INFO     | session_runner | AlpacaConfirmer: 0 confirmed symbols: []
2026-09-29T12:03:53 | WARNING  | session_runner | Re-scan returned no confirmed symbols — falling back to ['SPY']
2026-09-29T12:03:53 | INFO     | session_runner | Broad-market regime | SPY=short
2026-09-29T12:03:54 | INFO     | session_runner | [bridge:SPY] rsi_trend ready: sufficient bars
2026-09-29T12:03:54 | INFO     | session_runner | Stale signal: SPY/vwap_reclaim age=59 min > max 10 min — skipped
2026-09-29T12:03:54 | INFO     | session_runner | Stale signal: SPY/orb age=124 min > max 10 min — skipped
2026-09-29T12:03:54 | INFO     | session_runner | Stale signal: SPY/vwap_reclaim age=134 min > max 10 min — skipped
2026-09-29T12:04:24 | INFO     | session_runner | [cycle 302] 12:04:24 ET | positions=0 | entries=0
2026-09-29T12:04:24 | INFO     | session_runner | [bridge:SPY] rsi_trend ready: sufficient bars
2026-09-29T12:04:24 | INFO     | session_runner | Stale signal: SPY/vwap_reclaim age=59 min > max 10 min — skipped
2026-09-29T12:04:24 | INFO     | session_runner | Stale signal: SPY/orb age=124 min > max 10 min — skipped
2026-09-29T12:04:24 | INFO     | session_runner | Stale signal: SPY/vwap_reclaim age=134 min > max 10 min — skipped
2026-09-29T12:04:54 | INFO     | session_runner | [cycle 303] 12:04:54 ET | positions=0 | entries=0
2026-09-29T12:04:54 | INFO     | session_runner | [bridge:SPY] rsi_trend ready: sufficient bars
2026-09-29T12:04:54 | INFO     | session_runner | Stale signal: SPY/vwap_reclaim age=60 min > max 10 min — skipped
2026-09-29T12:04:54 | INFO     | session_runner | Stale signal: SPY/orb age=125 min > max 10 min — skipped
2026-09-29T12:04:54 | INFO     | session_runner | Stale signal: SPY/vwap_reclaim age=135 min > max 10 min — skipped
2026-09-29T12:05:24 | INFO     | session_runner | [cycle 304] 12:05:24 ET | positions=0 | entries=0
2026-09-29T12:05:24 | INFO     | session_runner | [bridge:SPY] rsi_trend ready: sufficient bars
2026-09-29T12:05:24 | INFO     | session_runner | Stale signal: SPY/vwap_reclaim age=60 min > max 10 min — skipped
2026-09-29T12:05:24 | INFO     | session_runner | Stale signal: SPY/orb age=125 min > max 10 min — skipped
2026-09-29T12:05:24 | INFO     | session_runner | Stale signal: SPY/vwap_reclaim age=135 min > max 10 min — skipped
2026-09-29T12:05:54 | INFO     | session_runner | [cycle 305] 12:05:54 ET | positions=0 | entries=0
2026-09-29T12:05:55 | INFO     | session_runner | [bridge:SPY] rsi_trend ready: sufficient bars
2026-09-29T12:05:55 | INFO     | session_runner | Stale signal: SPY/vwap_reclaim age=61 min > max 10 min — skipped
2026-09-29T12:05:55 | INFO     | session_runner | Stale signal: SPY/orb age=126 min > max 10 min — skipped
2026-09-29T12:05:55 | INFO     | session_runner | Stale signal: SPY/vwap_reclaim age=136 min > max 10 min — skipped
2026-09-29T12:06:25 | INFO     | session_runner | [cycle 306] 12:06:25 ET | positions=0 | entries=0
2026-09-29T12:06:25 | INFO     | session_runner | [bridge:SPY] rsi_trend ready: sufficient bars
2026-09-29T12:06:25 | INFO     | session_runner | Stale signal: SPY/vwap_reclaim age=61 min > max 10 min — skipped
2026-09-29T12:06:25 | INFO     | session_runner | Stale signal: SPY/orb age=126 min > max 10 min — skipped
2026-09-29T12:06:25 | INFO     | session_runner | Stale signal: SPY/vwap_reclaim age=136 min > max 10 min — skipped
2026-09-29T12:06:55 | INFO     | session_runner | [cycle 307] 12:06:55 ET | positions=0 | entries=0
2026-09-29T12:06:55 | INFO     | session_runner | [bridge:SPY] rsi_trend ready: sufficient bars
2026-09-29T12:06:55 | INFO     | session_runner | Stale signal: SPY/vwap_reclaim age=62 min > max 10 min — skipped
2026-09-29T12:06:55 | INFO     | session_runner | Stale signal: SPY/orb age=127 min > max 10 min — skipped
2026-09-29T12:06:55 | INFO     | session_runner | Stale signal: SPY/vwap_reclaim age=137 min > max 10 min — skipped
2026-09-29T12:07:25 | INFO     | session_runner | [cycle 308] 12:07:25 ET | positions=0 | entries=0
2026-09-29T12:07:25 | INFO     | session_runner | [bridge:SPY] rsi_trend ready: sufficient bars
2026-09-29T12:07:25 | INFO     | session_runner | Stale signal: SPY/vwap_reclaim age=62 min > max 10 min — skipped
2026-09-29T12:07:25 | INFO     | session_runner | Stale signal: SPY/orb age=127 min > max 10 min — skipped
2026-09-29T12:07:25 | INFO     | session_runner | Stale signal: SPY/vwap_reclaim age=137 min > max 10 min — skipped
2026-09-29T12:07:55 | INFO     | session_runner | [cycle 309] 12:07:55 ET | positions=0 | entries=0
2026-09-29T12:07:56 | INFO     | session_runner | [bridge:SPY] rsi_trend ready: sufficient bars
2026-09-29T12:07:56 | INFO     | session_runner | Stale signal: SPY/vwap_reclaim age=63 min > max 10 min — skipped
2026-09-29T12:07:56 | INFO     | session_runner | Stale signal: SPY/orb age=128 min > max 10 min — skipped
2026-09-29T12:07:56 | INFO     | session_runner | Stale signal: SPY/vwap_reclaim age=138 min > max 10 min — skipped
2026-09-29T12:08:26 | INFO     | session_runner | [cycle 310] 12:08:26 ET | positions=0 | entries=0
2026-09-29T12:08:26 | INFO     | session_runner | [bridge:SPY] rsi_trend ready: sufficient bars
2026-09-29T12:08:26 | INFO     | session_runner | Stale signal: SPY/vwap_reclaim age=63 min > max 10 min — skipped
2026-09-29T12:08:26 | INFO     | session_runner | Stale signal: SPY/orb age=128 min > max 10 min — skipped
2026-09-29T12:08:26 | INFO     | session_runner | Stale signal: SPY/vwap_reclaim age=138 min > max 10 min — skipped
2026-09-29T12:08:56 | INFO     | session_runner | [cycle 311] 12:08:56 ET | positions=0 | entries=0
2026-09-29T12:08:56 | INFO     | session_runner | Periodic universe re-scan …
2026-09-29T12:08:56 | INFO     | app.scanning.universe_loader | UniverseLoader: loaded 5 groups (13 flat symbols) from config/ticker_universe.yaml (blacklist=0)
2026-09-29T12:08:56 | INFO     | app.scanning.universe_loader | UniverseLoader: 38 symbols from 4 group(s) (blacklist=0)
2026-09-29T12:08:56 | INFO     | session_runner | Universe scan: 38 symbols from 4 group(s) | max_active=6
2026-09-29T12:08:59 | INFO     | session_runner | Scan: 18 passed, 20 rejected
2026-09-29T12:08:59 | INFO     | session_runner |   GOOGL   score=80.0  signal=SHORT    reasons: rvol=1.20x (normal), atr=2.28% (wide-range), orb_breakdown
2026-09-29T12:08:59 | INFO     | session_runner |   RIVN    score=70.0  signal=LONG     reasons: rvol=1.60x (elevated), atr=4.22% (wide-range), orb_breakout
2026-09-29T12:08:59 | INFO     | session_runner |   AAPL    score=67.0  signal=SHORT    reasons: rvol=1.10x (normal), atr=1.97% (wide-range), orb_breakdown
2026-09-29T12:08:59 | INFO     | session_runner |   HOOD    score=67.0  signal=SHORT    reasons: rvol=1.01x (normal), atr=4.66% (wide-range), orb_breakdown
2026-09-29T12:08:59 | INFO     | session_runner |   DKNG    score=65.0  signal=SHORT    reasons: rvol=1.21x (normal), atr=5.52% (wide-range), orb_breakdown
2026-09-29T12:08:59 | WARNING  | app.scanning.alpaca_confirmer | AlpacaConfirmer: cannot fetch chain for HOOD 2026-10-02: Client error '401 Unauthorized' for url 'https://api.tradier.com/v1/markets/quotes?symbols=HOOD261002C00025000%2CHOOD261002C00030000%2CHOOD261002C00035000%2CHOOD261002C00040000%2CHOOD261002C00045000%2CHOOD261002C00050000%2CHOOD261002C00055000%2CHOOD261002C00060000%2CHOOD261002C00065000%2CHOOD261002C00070000%2CHOOD261002C00075000%2CHOOD261002C00080000%2CHOOD261002C00082000%2CHOOD261002C00083000%2CHOOD261002C00084000%2CHOOD261002C00085000%2CHOOD261002C00086000%2CHOOD261002C00087000%2CHOOD261002C00088000%2CHOOD261002C00089000%2CHOOD261002C00090000%2CHOOD261002C00091000%2CHOOD261002C00092000%2CHOOD261002C00093000%2CHOOD261002C00094000%2CHOOD261002C00095000%2CHOOD261002C00096000%2CHOOD261002C00097000%2CHOOD261002C00098000%2CHOOD261002C00099000%2CHOOD261002C00100000%2CHOOD261002C00101000%2CHOOD261002C00102000%2CHOOD261002C00103000%2CHOOD261002C00104000%2CHOOD261002C00105000%2CHOOD261002C00106000%2CHOOD261002C00107000%2CHOOD261002C00108000%2CHOOD261002C00109000%2CHOOD261002C00110000%2CHOOD261002C00111000%2CHOOD261002C00112000%2CHOOD261002C00113000%2CHOOD261002C00114000%2CHOOD261002C00115000%2CHOOD261002C00116000%2CHOOD261002C00117000%2CHOOD261002C00118000%2CHOOD261002C00119000&greeks=true'
For more information check: https://developer.mozilla.org/en-US/docs/Web/HTTP/Status/401
2026-09-29T12:08:59 | WARNING  | app.scanning.alpaca_confirmer | AlpacaConfirmer: cannot fetch chain for AAPL 2026-10-02: Client error '401 Unauthorized' for url 'https://api.tradier.com/v1/markets/quotes?symbols=AAPL261002C00110000%2CAAPL261002C00120000%2CAAPL261002C00125000%2CAAPL261002C00130000%2CAAPL261002C00135000%2CAAPL261002C00140000%2CAAPL261002C00145000%2CAAPL261002C00150000%2CAAPL261002C00155000%2CAAPL261002C00160000%2CAAPL261002C00165000%2CAAPL261002C00170000%2CAAPL261002C00175000%2CAAPL261002C00180000%2CAAPL261002C00185000%2CAAPL261002C00190000%2CAAPL261002C00195000%2CAAPL261002C00200000%2CAAPL261002C00205000%2CAAPL261002C00210000%2CAAPL261002C00215000%2CAAPL261002C00220000%2CAAPL261002C00225000%2CAAPL261002C00230000%2CAAPL261002C00235000%2CAAPL261002C00240000%2CAAPL261002C00245000%2CAAPL261002C00250000%2CAAPL261002C00255000%2CAAPL261002C00260000%2CAAPL261002C00265000%2CAAPL261002C00270000%2CAAPL261002C00275000%2CAAPL261002C00280000%2CAAPL261002C00285000%2CAAPL261002C00290000%2CAAPL261002C00295000%2CAAPL261002C00297500%2CAAPL261002C00300000%2CAAPL261002C00302500%2CAAPL261002C00305000%2CAAPL261002C00307500%2CAAPL261002C00310000%2CAAPL261002C00312500%2CAAPL261002C00315000%2CAAPL261002C00317500%2CAAPL261002C00320000%2CAAPL261002C00322500%2CAAPL261002C00325000%2CAAPL261002C00327500&greeks=true'
For more information check: https://developer.mozilla.org/en-US/docs/Web/HTTP/Status/401
2026-09-29T12:08:59 | WARNING  | app.scanning.alpaca_confirmer | AlpacaConfirmer: cannot fetch chain for XLE 2026-10-02: Client error '401 Unauthorized' for url 'https://api.tradier.com/v1/markets/quotes?symbols=XLE261002C00035000%2CXLE261002C00040000%2CXLE261002C00045000%2CXLE261002C00048000%2CXLE261002C00049000%2CXLE261002C00050000%2CXLE261002C00051000%2CXLE261002C00052000%2CXLE261002C00053000%2CXLE261002C00054000%2CXLE261002C00054500%2CXLE261002C00055000%2CXLE261002C00055500%2CXLE261002C00056000%2CXLE261002C00056500%2CXLE261002C00057000%2CXLE261002C00057500%2CXLE261002C00058000%2CXLE261002C00058500%2CXLE261002C00059000%2CXLE261002C00059500%2CXLE261002C00060000%2CXLE261002C00060500%2CXLE261002C00061000%2CXLE261002C00061500%2CXLE261002C00062000%2CXLE261002C00062500%2CXLE261002C00063000%2CXLE261002C00063500%2CXLE261002C00064000%2CXLE261002C00064500%2CXLE261002C00065000%2CXLE261002C00065500%2CXLE261002C00066000%2CXLE261002C00066500%2CXLE261002C00067000%2CXLE261002C00068000%2CXLE261002C00068500%2CXLE261002C00069000%2CXLE261002C00070000%2CXLE261002C00071000%2CXLE261002C00075000%2CXLE261002C00080000%2CXLE261002P00035000%2CXLE261002P00040000%2CXLE261002P00045000%2CXLE261002P00048000%2CXLE261002P00049000%2CXLE261002P00050000%2CXLE261002P00051000&greeks=true'
For more information check: https://developer.mozilla.org/en-US/docs/Web/HTTP/Status/401
2026-09-29T12:08:59 | WARNING  | app.scanning.alpaca_confirmer | AlpacaConfirmer: cannot fetch chain for SOFI 2026-10-02: Client error '401 Unauthorized' for url 'https://api.tradier.com/v1/markets/quotes?symbols=SOFI261002C00005000%2CSOFI261002C00009000%2CSOFI261002C00010000%2CSOFI261002C00011000%2CSOFI261002C00011500%2CSOFI261002C00012000%2CSOFI261002C00012500%2CSOFI261002C00013000%2CSOFI261002C00013500%2CSOFI261002C00014000%2CSOFI261002C00014500%2CSOFI261002C00015000%2CSOFI261002C00015500%2CSOFI261002C00016000%2CSOFI261002C00016500%2CSOFI261002C00017000%2CSOFI261002C00017500%2CSOFI261002C00018000%2CSOFI261002C00018500%2CSOFI261002C00019000%2CSOFI261002C00019500%2CSOFI261002C00020000%2CSOFI261002C00020500%2CSOFI261002C00021000%2CSOFI261002C00021500%2CSOFI261002C00022000%2CSOFI261002C00022500%2CSOFI261002C00023000%2CSOFI261002C00023500%2CSOFI261002C00024000%2CSOFI261002C00025000%2CSOFI261002C00030000%2CSOFI261002P00005000%2CSOFI261002P00009000%2CSOFI261002P00010000%2CSOFI261002P00011000%2CSOFI261002P00011500%2CSOFI261002P00012000%2CSOFI261002P00012500%2CSOFI261002P00013000%2CSOFI261002P00013500%2CSOFI261002P00014000%2CSOFI261002P00014500%2CSOFI261002P00015000%2CSOFI261002P00015500%2CSOFI261002P00016000%2CSOFI261002P00016500%2CSOFI261002P00017000%2CSOFI261002P00017500%2CSOFI261002P00018000&greeks=true'
For more information check: https://developer.mozilla.org/en-US/docs/Web/HTTP/Status/401
2026-09-29T12:08:59 | WARNING  | app.scanning.alpaca_confirmer | AlpacaConfirmer: cannot fetch chain for IWM 2026-10-01: Client error '401 Unauthorized' for url 'https://api.tradier.com/v1/markets/quotes?symbols=IWM261001C00180000%2CIWM261001C00190000%2CIWM261001C00200000%2CIWM261001C00205000%2CIWM261001C00210000%2CIWM261001C00215000%2CIWM261001C00220000%2CIWM261001C00225000%2CIWM261001C00230000%2CIWM261001C00235000%2CIWM261001C00240000%2CIWM261001C00245000%2CIWM261001C00250000%2CIWM261001C00255000%2CIWM261001C00260000%2CIWM261001C00261000%2CIWM261001C00262000%2CIWM261001C00263000%2CIWM261001C00264000%2CIWM261001C00265000%2CIWM261001C00266000%2CIWM261001C00267000%2CIWM261001C00268000%2CIWM261001C00269000%2CIWM261001C00270000%2CIWM261001C00271000%2CIWM261001C00272000%2CIWM261001C00273000%2CIWM261001C00274000%2CIWM261001C00275000%2CIWM261001C00276000%2CIWM261001C00277000%2CIWM261001C00278000%2CIWM261001C00279000%2CIWM261001C00280000%2CIWM261001C00281000%2CIWM261001C00282000%2CIWM261001C00283000%2CIWM261001C00284000%2CIWM261001C00285000%2CIWM261001C00286000%2CIWM261001C00287000%2CIWM261001C00288000%2CIWM261001C00289000%2CIWM261001C00290000%2CIWM261001C00291000%2CIWM261001C00292000%2CIWM261001C00293000%2CIWM261001C00294000%2CIWM261001C00295000&greeks=true'
For more information check: https://developer.mozilla.org/en-US/docs/Web/HTTP/Status/401
2026-09-29T12:08:59 | WARNING  | app.scanning.alpaca_confirmer | AlpacaConfirmer: cannot fetch chain for SPY 2026-10-01: Client error '401 Unauthorized' for url 'https://api.tradier.com/v1/markets/quotes?symbols=SPY261001C00550000%2CSPY261001C00555000%2CSPY261001C00560000%2CSPY261001C00565000%2CSPY261001C00570000%2CSPY261001C00575000%2CSPY261001C00580000%2CSPY261001C00585000%2CSPY261001C00590000%2CSPY261001C00595000%2CSPY261001C00600000%2CSPY261001C00605000%2CSPY261001C00610000%2CSPY261001C00615000%2CSPY261001C00620000%2CSPY261001C00625000%2CSPY261001C00630000%2CSPY261001C00635000%2CSPY261001C00640000%2CSPY261001C00645000%2CSPY261001C00650000%2CSPY261001C00655000%2CSPY261001C00660000%2CSPY261001C00665000%2CSPY261001C00670000%2CSPY261001C00675000%2CSPY261001C00680000%2CSPY261001C00685000%2CSPY261001C00690000%2CSPY261001C00695000%2CSPY261001C00700000%2CSPY261001C00705000%2CSPY261001C00710000%2CSPY261001C00715000%2CSPY261001C00718000%2CSPY261001C00719000%2CSPY261001C00720000%2CSPY261001C00721000%2CSPY261001C00722000%2CSPY261001C00723000%2CSPY261001C00724000%2CSPY261001C00725000%2CSPY261001C00726000%2CSPY261001C00727000%2CSPY261001C00728000%2CSPY261001C00729000%2CSPY261001C00730000%2CSPY261001C00731000%2CSPY261001C00732000%2CSPY261001C00733000&greeks=true'
For more information check: https://developer.mozilla.org/en-US/docs/Web/HTTP/Status/401
2026-09-29T12:08:59 | WARNING  | app.scanning.alpaca_confirmer | AlpacaConfirmer: cannot fetch chain for GOOGL 2026-10-02: Client error '401 Unauthorized' for url 'https://api.tradier.com/v1/markets/quotes?symbols=GOOGL261002C00100000%2CGOOGL261002C00105000%2CGOOGL261002C00110000%2CGOOGL261002C00115000%2CGOOGL261002C00120000%2CGOOGL261002C00125000%2CGOOGL261002C00130000%2CGOOGL261002C00135000%2CGOOGL261002C00140000%2CGOOGL261002C00145000%2CGOOGL261002C00150000%2CGOOGL261002C00155000%2CGOOGL261002C00160000%2CGOOGL261002C00165000%2CGOOGL261002C00170000%2CGOOGL261002C00175000%2CGOOGL261002C00180000%2CGOOGL261002C00185000%2CGOOGL261002C00190000%2CGOOGL261002C00195000%2CGOOGL261002C00200000%2CGOOGL261002C00205000%2CGOOGL261002C00210000%2CGOOGL261002C00215000%2CGOOGL261002C00220000%2CGOOGL261002C00225000%2CGOOGL261002C00230000%2CGOOGL261002C00235000%2CGOOGL261002C00240000%2CGOOGL261002C00245000%2CGOOGL261002C00250000%2CGOOGL261002C00255000%2CGOOGL261002C00260000%2CGOOGL261002C00265000%2CGOOGL261002C00270000%2CGOOGL261002C00275000%2CGOOGL261002C00280000%2CGOOGL261002C00285000%2CGOOGL261002C00290000%2CGOOGL261002C00295000%2CGOOGL261002C00300000%2CGOOGL261002C00305000%2CGOOGL261002C00307500%2CGOOGL261002C00310000%2CGOOGL261002C00312500%2CGOOGL261002C00315000%2CGOOGL261002C00317500%2CGOOGL261002C00320000%2CGOOGL261002C00322500%2CGOOGL261002C00325000&greeks=true'
For more information check: https://developer.mozilla.org/en-US/docs/Web/HTTP/Status/401
2026-09-29T12:08:59 | WARNING  | app.scanning.alpaca_confirmer | AlpacaConfirmer: cannot fetch chain for RIVN 2026-10-02: Client error '401 Unauthorized' for url 'https://api.tradier.com/v1/markets/quotes?symbols=RIVN261002C00005000%2CRIVN261002C00009000%2CRIVN261002C00010000%2CRIVN261002C00010500%2CRIVN261002C00011000%2CRIVN261002C00011500%2CRIVN261002C00012000%2CRIVN261002C00012500%2CRIVN261002C00013000%2CRIVN261002C00013500%2CRIVN261002C00014000%2CRIVN261002C00014500%2CRIVN261002C00015000%2CRIVN261002C00015500%2CRIVN261002C00016000%2CRIVN261002C00016500%2CRIVN261002C00017000%2CRIVN261002C00017500%2CRIVN261002C00018000%2CRIVN261002C00018500%2CRIVN261002C00019000%2CRIVN261002C00019500%2CRIVN261002C00020000%2CRIVN261002C00020500%2CRIVN261002C00021000%2CRIVN261002C00021500%2CRIVN261002C00022000%2CRIVN261002C00023000%2CRIVN261002C00024000%2CRIVN261002C00025000%2CRIVN261002C00030000%2CRIVN261002P00005000%2CRIVN261002P00009000%2CRIVN261002P00010000%2CRIVN261002P00010500%2CRIVN261002P00011000%2CRIVN261002P00011500%2CRIVN261002P00012000%2CRIVN261002P00012500%2CRIVN261002P00013000%2CRIVN261002P00013500%2CRIVN261002P00014000%2CRIVN261002P00014500%2CRIVN261002P00015000%2CRIVN261002P00015500%2CRIVN261002P00016000%2CRIVN261002P00016500%2CRIVN261002P00017000%2CRIVN261002P00017500%2CRIVN261002P00018000&greeks=true'
For more information check: https://developer.mozilla.org/en-US/docs/Web/HTTP/Status/401
2026-09-29T12:08:59 | WARNING  | app.scanning.alpaca_confirmer | AlpacaConfirmer: cannot fetch chain for META 2026-10-02: Client error '401 Unauthorized' for url 'https://api.tradier.com/v1/markets/quotes?symbols=META261002C00100000%2CMETA261002C00110000%2CMETA261002C00120000%2CMETA261002C00130000%2CMETA261002C00140000%2CMETA261002C00150000%2CMETA261002C00160000%2CMETA261002C00170000%2CMETA261002C00180000%2CMETA261002C00190000%2CMETA261002C00200000%2CMETA261002C00210000%2CMETA261002C00220000%2CMETA261002C00230000%2CMETA261002C00240000%2CMETA261002C00250000%2CMETA261002C00260000%2CMETA261002C00270000%2CMETA261002C00280000%2CMETA261002C00290000%2CMETA261002C00300000%2CMETA261002C00310000%2CMETA261002C00320000%2CMETA261002C00330000%2CMETA261002C00340000%2CMETA261002C00350000%2CMETA261002C00360000%2CMETA261002C00370000%2CMETA261002C00380000%2CMETA261002C00390000%2CMETA261002C00400000%2CMETA261002C00405000%2CMETA261002C00410000%2CMETA261002C00415000%2CMETA261002C00420000%2CMETA261002C00425000%2CMETA261002C00430000%2CMETA261002C00435000%2CMETA261002C00440000%2CMETA261002C00445000%2CMETA261002C00450000%2CMETA261002C00455000%2CMETA261002C00460000%2CMETA261002C00465000%2CMETA261002C00470000%2CMETA261002C00475000%2CMETA261002C00480000%2CMETA261002C00485000%2CMETA261002C00490000%2CMETA261002C00495000&greeks=true'
For more information check: https://developer.mozilla.org/en-US/docs/Web/HTTP/Status/401
2026-09-29T12:08:59 | WARNING  | app.scanning.alpaca_confirmer | AlpacaConfirmer: cannot fetch chain for DKNG 2026-10-02: Client error '401 Unauthorized' for url 'https://api.tradier.com/v1/markets/quotes?symbols=DKNG261002C00011000%2CDKNG261002C00012000%2CDKNG261002C00013000%2CDKNG261002C00014000%2CDKNG261002C00015000%2CDKNG261002C00016000%2CDKNG261002C00017000%2CDKNG261002C00018000%2CDKNG261002C00019000%2CDKNG261002C00020000%2CDKNG261002C00020500%2CDKNG261002C00021000%2CDKNG261002C00021500%2CDKNG261002C00022000%2CDKNG261002C00022500%2CDKNG261002C00023000%2CDKNG261002C00023500%2CDKNG261002C00024000%2CDKNG261002C00024500%2CDKNG261002C00025000%2CDKNG261002C00025500%2CDKNG261002C00026000%2CDKNG261002C00026500%2CDKNG261002C00027000%2CDKNG261002C00027500%2CDKNG261002C00028000%2CDKNG261002C00028500%2CDKNG261002C00029000%2CDKNG261002C00030000%2CDKNG261002C00031000%2CDKNG261002C00032000%2CDKNG261002C00033000%2CDKNG261002C00034000%2CDKNG261002C00035000%2CDKNG261002C00036000%2CDKNG261002P00011000%2CDKNG261002P00012000%2CDKNG261002P00013000%2CDKNG261002P00014000%2CDKNG261002P00015000%2CDKNG261002P00016000%2CDKNG261002P00017000%2CDKNG261002P00018000%2CDKNG261002P00019000%2CDKNG261002P00020000%2CDKNG261002P00020500%2CDKNG261002P00021000%2CDKNG261002P00021500%2CDKNG261002P00022000%2CDKNG261002P00022500&greeks=true'
For more information check: https://developer.mozilla.org/en-US/docs/Web/HTTP/Status/401
2026-09-29T12:08:59 | WARNING  | app.scanning.alpaca_confirmer | AlpacaConfirmer: cannot fetch chain for MSFT 2026-10-02: Client error '401 Unauthorized' for url 'https://api.tradier.com/v1/markets/quotes?symbols=MSFT261002C00270000%2CMSFT261002C00280000%2CMSFT261002C00290000%2CMSFT261002C00300000%2CMSFT261002C00305000%2CMSFT261002C00310000%2CMSFT261002C00315000%2CMSFT261002C00320000%2CMSFT261002C00325000%2CMSFT261002C00330000%2CMSFT261002C00335000%2CMSFT261002C00340000%2CMSFT261002C00345000%2CMSFT261002C00350000%2CMSFT261002C00355000%2CMSFT261002C00360000%2CMSFT261002C00365000%2CMSFT261002C00370000%2CMSFT261002C00375000%2CMSFT261002C00380000%2CMSFT261002C00385000%2CMSFT261002C00390000%2CMSFT261002C00395000%2CMSFT261002C00400000%2CMSFT261002C00405000%2CMSFT261002C00410000%2CMSFT261002C00415000%2CMSFT261002C00420000%2CMSFT261002C00425000%2CMSFT261002C00430000%2CMSFT261002C00435000%2CMSFT261002C00437500%2CMSFT261002C00440000%2CMSFT261002C00442500%2CMSFT261002C00445000%2CMSFT261002C00447500%2CMSFT261002C00450000%2CMSFT261002C00452500%2CMSFT261002C00455000%2CMSFT261002C00457500%2CMSFT261002C00460000%2CMSFT261002C00462500%2CMSFT261002C00465000%2CMSFT261002C00467500%2CMSFT261002C00470000%2CMSFT261002C00472500%2CMSFT261002C00475000%2CMSFT261002C00477500%2CMSFT261002C00480000%2CMSFT261002C00482500&greeks=true'
For more information check: https://developer.mozilla.org/en-US/docs/Web/HTTP/Status/401
2026-09-29T12:08:59 | WARNING  | app.scanning.alpaca_confirmer | AlpacaConfirmer: cannot fetch chain for XLF 2026-10-01: Client error '401 Unauthorized' for url 'https://api.tradier.com/v1/markets/quotes?symbols=XLF261001C00041000%2CXLF261001C00042000%2CXLF261001C00043000%2CXLF261001C00044000%2CXLF261001C00045000%2CXLF261001C00046000%2CXLF261001C00047000%2CXLF261001C00048000%2CXLF261001C00049000%2CXLF261001C00050000%2CXLF261001C00050500%2CXLF261001C00051000%2CXLF261001C00051500%2CXLF261001C00052000%2CXLF261001C00052500%2CXLF261001C00053000%2CXLF261001C00053500%2CXLF261001C00054000%2CXLF261001C00054500%2CXLF261001C00055000%2CXLF261001C00055500%2CXLF261001C00056000%2CXLF261001C00056500%2CXLF261001C00057000%2CXLF261001C00057500%2CXLF261001C00058000%2CXLF261001C00058500%2CXLF261001C00059000%2CXLF261001C00059500%2CXLF261001C00060000%2CXLF261001C00060500%2CXLF261001C00061000%2CXLF261001C00061500%2CXLF261001C00062000%2CXLF261001C00062500%2CXLF261001C00063000%2CXLF261001C00063500%2CXLF261001C00064000%2CXLF261001C00064500%2CXLF261001C00065000%2CXLF261001C00066000%2CXLF261001C00067000%2CXLF261001C00068000%2CXLF261001C00069000%2CXLF261001C00070000%2CXLF261001C00071000%2CXLF261001C00072000%2CXLF261001C00073000%2CXLF261001C00074000%2CXLF261001P00041000&greeks=true'
For more information check: https://developer.mozilla.org/en-US/docs/Web/HTTP/Status/401
2026-09-29T12:08:59 | INFO     | session_runner | AlpacaConfirmer: 0 confirmed symbols: []
2026-09-29T12:08:59 | WARNING  | session_runner | Re-scan returned no confirmed symbols — falling back to ['SPY']
2026-09-29T12:08:59 | INFO     | session_runner | Broad-market regime | SPY=short
2026-09-29T12:09:00 | INFO     | session_runner | [bridge:SPY] rsi_trend ready: sufficient bars
2026-09-29T12:09:00 | INFO     | session_runner | Stale signal: SPY/vwap_reclaim age=64 min > max 10 min — skipped
2026-09-29T12:09:00 | INFO     | session_runner | Stale signal: SPY/orb age=129 min > max 10 min — skipped
2026-09-29T12:09:00 | INFO     | session_runner | Stale signal: SPY/vwap_reclaim age=139 min > max 10 min — skipped
2026-09-29T12:09:30 | INFO     | session_runner | [cycle 312] 12:09:30 ET | positions=0 | entries=0
2026-09-29T12:09:30 | INFO     | session_runner | [bridge:SPY] rsi_trend ready: sufficient bars
2026-09-29T12:09:30 | INFO     | session_runner | Stale signal: SPY/vwap_reclaim age=65 min > max 10 min — skipped
2026-09-29T12:09:30 | INFO     | session_runner | Stale signal: SPY/orb age=130 min > max 10 min — skipped
2026-09-29T12:09:30 | INFO     | session_runner | Stale signal: SPY/vwap_reclaim age=140 min > max 10 min — skipped
2026-09-29T12:10:00 | INFO     | session_runner | [cycle 313] 12:10:00 ET | positions=0 | entries=0
2026-09-29T12:10:00 | INFO     | session_runner | [bridge:SPY] rsi_trend ready: sufficient bars
2026-09-29T12:10:00 | INFO     | session_runner | Stale signal: SPY/vwap_reclaim age=65 min > max 10 min — skipped
2026-09-29T12:10:00 | INFO     | session_runner | Stale signal: SPY/orb age=130 min > max 10 min — skipped
2026-09-29T12:10:00 | INFO     | session_runner | Stale signal: SPY/vwap_reclaim age=140 min > max 10 min — skipped
2026-09-29T12:10:30 | INFO     | session_runner | [cycle 314] 12:10:30 ET | positions=0 | entries=0
2026-09-29T12:10:30 | INFO     | session_runner | [bridge:SPY] rsi_trend ready: sufficient bars
2026-09-29T12:10:30 | INFO     | session_runner | Stale signal: SPY/vwap_reclaim age=66 min > max 10 min — skipped
2026-09-29T12:10:30 | INFO     | session_runner | Stale signal: SPY/orb age=131 min > max 10 min — skipped
2026-09-29T12:10:30 | INFO     | session_runner | Stale signal: SPY/vwap_reclaim age=141 min > max 10 min — skipped
2026-09-29T12:11:00 | INFO     | session_runner | [cycle 315] 12:11:00 ET | positions=0 | entries=0
2026-09-29T12:11:01 | INFO     | session_runner | [bridge:SPY] rsi_trend ready: sufficient bars
2026-09-29T12:11:01 | INFO     | session_runner | Stale signal: SPY/vwap_reclaim age=66 min > max 10 min — skipped
2026-09-29T12:11:01 | INFO     | session_runner | Stale signal: SPY/orb age=131 min > max 10 min — skipped
2026-09-29T12:11:01 | INFO     | session_runner | Stale signal: SPY/vwap_reclaim age=141 min > max 10 min — skipped
2026-09-29T12:11:31 | INFO     | session_runner | [cycle 316] 12:11:31 ET | positions=0 | entries=0
2026-09-29T12:11:31 | INFO     | session_runner | [bridge:SPY] rsi_trend ready: sufficient bars
2026-09-29T12:11:31 | INFO     | session_runner | Stale signal: SPY/vwap_reclaim age=67 min > max 10 min — skipped
2026-09-29T12:11:31 | INFO     | session_runner | Stale signal: SPY/orb age=132 min > max 10 min — skipped
2026-09-29T12:11:31 | INFO     | session_runner | Stale signal: SPY/vwap_reclaim age=142 min > max 10 min — skipped
2026-09-29T12:12:01 | INFO     | session_runner | [cycle 317] 12:12:01 ET | positions=0 | entries=0
2026-09-29T12:12:01 | INFO     | session_runner | [bridge:SPY] rsi_trend ready: sufficient bars
2026-09-29T12:12:01 | INFO     | session_runner | Stale signal: SPY/vwap_reclaim age=67 min > max 10 min — skipped
2026-09-29T12:12:01 | INFO     | session_runner | Stale signal: SPY/orb age=132 min > max 10 min — skipped
2026-09-29T12:12:01 | INFO     | session_runner | Stale signal: SPY/vwap_reclaim age=142 min > max 10 min — skipped
2026-09-29T12:12:32 | INFO     | session_runner | [cycle 318] 12:12:32 ET | positions=0 | entries=0
2026-09-29T12:12:32 | INFO     | session_runner | [bridge:SPY] rsi_trend ready: sufficient bars
2026-09-29T12:12:32 | INFO     | session_runner | Stale signal: SPY/vwap_reclaim age=68 min > max 10 min — skipped
2026-09-29T12:12:32 | INFO     | session_runner | Stale signal: SPY/orb age=133 min > max 10 min — skipped
2026-09-29T12:12:32 | INFO     | session_runner | Stale signal: SPY/vwap_reclaim age=143 min > max 10 min — skipped
2026-09-29T12:13:02 | INFO     | session_runner | [cycle 319] 12:13:02 ET | positions=0 | entries=0
2026-09-29T12:13:02 | INFO     | session_runner | [bridge:SPY] rsi_trend ready: sufficient bars
2026-09-29T12:13:02 | INFO     | session_runner | Stale signal: SPY/vwap_reclaim age=68 min > max 10 min — skipped
2026-09-29T12:13:02 | INFO     | session_runner | Stale signal: SPY/orb age=133 min > max 10 min — skipped
2026-09-29T12:13:02 | INFO     | session_runner | Stale signal: SPY/vwap_reclaim age=143 min > max 10 min — skipped
2026-09-29T12:13:32 | INFO     | session_runner | [cycle 320] 12:13:32 ET | positions=0 | entries=0
2026-09-29T12:13:32 | INFO     | session_runner | [bridge:SPY] rsi_trend ready: sufficient bars
2026-09-29T12:13:32 | INFO     | session_runner | Stale signal: SPY/vwap_reclaim age=69 min > max 10 min — skipped
2026-09-29T12:13:32 | INFO     | session_runner | Stale signal: SPY/orb age=134 min > max 10 min — skipped
2026-09-29T12:13:32 | INFO     | session_runner | Stale signal: SPY/vwap_reclaim age=144 min > max 10 min — skipped
2026-09-29T12:14:02 | INFO     | session_runner | [cycle 321] 12:14:02 ET | positions=0 | entries=0
2026-09-29T12:14:02 | INFO     | app.trading.reconciler | Reconciliation done: broker_pos=0 local_pos=0 broker_orders=0 local_pending=0 repaired=0 flagged=0 orders_confirmed=True positions_confirmed=True
2026-09-29T12:14:02 | INFO     | session_runner | Periodic universe re-scan …
2026-09-29T12:14:02 | INFO     | app.scanning.universe_loader | UniverseLoader: loaded 5 groups (13 flat symbols) from config/ticker_universe.yaml (blacklist=0)
2026-09-29T12:14:02 | INFO     | app.scanning.universe_loader | UniverseLoader: 38 symbols from 4 group(s) (blacklist=0)
2026-09-29T12:14:02 | INFO     | session_runner | Universe scan: 38 symbols from 4 group(s) | max_active=6
2026-09-29T12:14:06 | INFO     | session_runner | Scan: 18 passed, 20 rejected
2026-09-29T12:14:06 | INFO     | session_runner |   GOOGL   score=80.0  signal=SHORT    reasons: rvol=1.18x (normal), atr=2.28% (wide-range), orb_breakdown
2026-09-29T12:14:06 | INFO     | session_runner |   RIVN    score=70.0  signal=LONG     reasons: rvol=1.58x (elevated), atr=4.23% (wide-range), orb_breakout
2026-09-29T12:14:06 | INFO     | session_runner |   AAPL    score=67.0  signal=SHORT    reasons: rvol=1.08x (normal), atr=1.97% (wide-range), orb_breakdown
2026-09-29T12:14:06 | INFO     | session_runner |   SOFI    score=65.0  signal=SHORT    reasons: rvol=1.33x (normal), atr=3.72% (wide-range), orb_breakdown
2026-09-29T12:14:06 | INFO     | session_runner |   DKNG    score=65.0  signal=SHORT    reasons: rvol=1.20x (normal), atr=5.53% (wide-range), orb_breakdown
2026-09-29T12:14:06 | WARNING  | app.scanning.alpaca_confirmer | AlpacaConfirmer: cannot fetch chain for GOOGL 2026-10-02: Client error '401 Unauthorized' for url 'https://api.tradier.com/v1/markets/quotes?symbols=GOOGL261002C00100000%2CGOOGL261002C00105000%2CGOOGL261002C00110000%2CGOOGL261002C00115000%2CGOOGL261002C00120000%2CGOOGL261002C00125000%2CGOOGL261002C00130000%2CGOOGL261002C00135000%2CGOOGL261002C00140000%2CGOOGL261002C00145000%2CGOOGL261002C00150000%2CGOOGL261002C00155000%2CGOOGL261002C00160000%2CGOOGL261002C00165000%2CGOOGL261002C00170000%2CGOOGL261002C00175000%2CGOOGL261002C00180000%2CGOOGL261002C00185000%2CGOOGL261002C00190000%2CGOOGL261002C00195000%2CGOOGL261002C00200000%2CGOOGL261002C00205000%2CGOOGL261002C00210000%2CGOOGL261002C00215000%2CGOOGL261002C00220000%2CGOOGL261002C00225000%2CGOOGL261002C00230000%2CGOOGL261002C00235000%2CGOOGL261002C00240000%2CGOOGL261002C00245000%2CGOOGL261002C00250000%2CGOOGL261002C00255000%2CGOOGL261002C00260000%2CGOOGL261002C00265000%2CGOOGL261002C00270000%2CGOOGL261002C00275000%2CGOOGL261002C00280000%2CGOOGL261002C00285000%2CGOOGL261002C00290000%2CGOOGL261002C00295000%2CGOOGL261002C00300000%2CGOOGL261002C00305000%2CGOOGL261002C00307500%2CGOOGL261002C00310000%2CGOOGL261002C00312500%2CGOOGL261002C00315000%2CGOOGL261002C00317500%2CGOOGL261002C00320000%2CGOOGL261002C00322500%2CGOOGL261002C00325000&greeks=true'
For more information check: https://developer.mozilla.org/en-US/docs/Web/HTTP/Status/401
2026-09-29T12:14:06 | WARNING  | app.scanning.alpaca_confirmer | AlpacaConfirmer: cannot fetch chain for RIVN 2026-10-02: Client error '401 Unauthorized' for url 'https://api.tradier.com/v1/markets/quotes?symbols=RIVN261002C00005000%2CRIVN261002C00009000%2CRIVN261002C00010000%2CRIVN261002C00010500%2CRIVN261002C00011000%2CRIVN261002C00011500%2CRIVN261002C00012000%2CRIVN261002C00012500%2CRIVN261002C00013000%2CRIVN261002C00013500%2CRIVN261002C00014000%2CRIVN261002C00014500%2CRIVN261002C00015000%2CRIVN261002C00015500%2CRIVN261002C00016000%2CRIVN261002C00016500%2CRIVN261002C00017000%2CRIVN261002C00017500%2CRIVN261002C00018000%2CRIVN261002C00018500%2CRIVN261002C00019000%2CRIVN261002C00019500%2CRIVN261002C00020000%2CRIVN261002C00020500%2CRIVN261002C00021000%2CRIVN261002C00021500%2CRIVN261002C00022000%2CRIVN261002C00023000%2CRIVN261002C00024000%2CRIVN261002C00025000%2CRIVN261002C00030000%2CRIVN261002P00005000%2CRIVN261002P00009000%2CRIVN261002P00010000%2CRIVN261002P00010500%2CRIVN261002P00011000%2CRIVN261002P00011500%2CRIVN261002P00012000%2CRIVN261002P00012500%2CRIVN261002P00013000%2CRIVN261002P00013500%2CRIVN261002P00014000%2CRIVN261002P00014500%2CRIVN261002P00015000%2CRIVN261002P00015500%2CRIVN261002P00016000%2CRIVN261002P00016500%2CRIVN261002P00017000%2CRIVN261002P00017500%2CRIVN261002P00018000&greeks=true'
For more information check: https://developer.mozilla.org/en-US/docs/Web/HTTP/Status/401
2026-09-29T12:14:06 | WARNING  | app.scanning.alpaca_confirmer | AlpacaConfirmer: cannot fetch chain for MSFT 2026-10-02: Client error '401 Unauthorized' for url 'https://api.tradier.com/v1/markets/quotes?symbols=MSFT261002C00270000%2CMSFT261002C00280000%2CMSFT261002C00290000%2CMSFT261002C00300000%2CMSFT261002C00305000%2CMSFT261002C00310000%2CMSFT261002C00315000%2CMSFT261002C00320000%2CMSFT261002C00325000%2CMSFT261002C00330000%2CMSFT261002C00335000%2CMSFT261002C00340000%2CMSFT261002C00345000%2CMSFT261002C00350000%2CMSFT261002C00355000%2CMSFT261002C00360000%2CMSFT261002C00365000%2CMSFT261002C00370000%2CMSFT261002C00375000%2CMSFT261002C00380000%2CMSFT261002C00385000%2CMSFT261002C00390000%2CMSFT261002C00395000%2CMSFT261002C00400000%2CMSFT261002C00405000%2CMSFT261002C00410000%2CMSFT261002C00415000%2CMSFT261002C00420000%2CMSFT261002C00425000%2CMSFT261002C00430000%2CMSFT261002C00435000%2CMSFT261002C00437500%2CMSFT261002C00440000%2CMSFT261002C00442500%2CMSFT261002C00445000%2CMSFT261002C00447500%2CMSFT261002C00450000%2CMSFT261002C00452500%2CMSFT261002C00455000%2CMSFT261002C00457500%2CMSFT261002C00460000%2CMSFT261002C00462500%2CMSFT261002C00465000%2CMSFT261002C00467500%2CMSFT261002C00470000%2CMSFT261002C00472500%2CMSFT261002C00475000%2CMSFT261002C00477500%2CMSFT261002C00480000%2CMSFT261002C00482500&greeks=true'
For more information check: https://developer.mozilla.org/en-US/docs/Web/HTTP/Status/401
2026-09-29T12:14:06 | WARNING  | app.scanning.alpaca_confirmer | AlpacaConfirmer: cannot fetch chain for SPY 2026-10-01: Client error '401 Unauthorized' for url 'https://api.tradier.com/v1/markets/quotes?symbols=SPY261001C00550000%2CSPY261001C00555000%2CSPY261001C00560000%2CSPY261001C00565000%2CSPY261001C00570000%2CSPY261001C00575000%2CSPY261001C00580000%2CSPY261001C00585000%2CSPY261001C00590000%2CSPY261001C00595000%2CSPY261001C00600000%2CSPY261001C00605000%2CSPY261001C00610000%2CSPY261001C00615000%2CSPY261001C00620000%2CSPY261001C00625000%2CSPY261001C00630000%2CSPY261001C00635000%2CSPY261001C00640000%2CSPY261001C00645000%2CSPY261001C00650000%2CSPY261001C00655000%2CSPY261001C00660000%2CSPY261001C00665000%2CSPY261001C00670000%2CSPY261001C00675000%2CSPY261001C00680000%2CSPY261001C00685000%2CSPY261001C00690000%2CSPY261001C00695000%2CSPY261001C00700000%2CSPY261001C00705000%2CSPY261001C00710000%2CSPY261001C00715000%2CSPY261001C00718000%2CSPY261001C00719000%2CSPY261001C00720000%2CSPY261001C00721000%2CSPY261001C00722000%2CSPY261001C00723000%2CSPY261001C00724000%2CSPY261001C00725000%2CSPY261001C00726000%2CSPY261001C00727000%2CSPY261001C00728000%2CSPY261001C00729000%2CSPY261001C00730000%2CSPY261001C00731000%2CSPY261001C00732000%2CSPY261001C00733000&greeks=true'
For more information check: https://developer.mozilla.org/en-US/docs/Web/HTTP/Status/401
2026-09-29T12:14:06 | WARNING  | app.scanning.alpaca_confirmer | AlpacaConfirmer: cannot fetch chain for SOFI 2026-10-02: Client error '401 Unauthorized' for url 'https://api.tradier.com/v1/markets/quotes?symbols=SOFI261002C00005000%2CSOFI261002C00009000%2CSOFI261002C00010000%2CSOFI261002C00011000%2CSOFI261002C00011500%2CSOFI261002C00012000%2CSOFI261002C00012500%2CSOFI261002C00013000%2CSOFI261002C00013500%2CSOFI261002C00014000%2CSOFI261002C00014500%2CSOFI261002C00015000%2CSOFI261002C00015500%2CSOFI261002C00016000%2CSOFI261002C00016500%2CSOFI261002C00017000%2CSOFI261002C00017500%2CSOFI261002C00018000%2CSOFI261002C00018500%2CSOFI261002C00019000%2CSOFI261002C00019500%2CSOFI261002C00020000%2CSOFI261002C00020500%2CSOFI261002C00021000%2CSOFI261002C00021500%2CSOFI261002C00022000%2CSOFI261002C00022500%2CSOFI261002C00023000%2CSOFI261002C00023500%2CSOFI261002C00024000%2CSOFI261002C00025000%2CSOFI261002C00030000%2CSOFI261002P00005000%2CSOFI261002P00009000%2CSOFI261002P00010000%2CSOFI261002P00011000%2CSOFI261002P00011500%2CSOFI261002P00012000%2CSOFI261002P00012500%2CSOFI261002P00013000%2CSOFI261002P00013500%2CSOFI261002P00014000%2CSOFI261002P00014500%2CSOFI261002P00015000%2CSOFI261002P00015500%2CSOFI261002P00016000%2CSOFI261002P00016500%2CSOFI261002P00017000%2CSOFI261002P00017500%2CSOFI261002P00018000&greeks=true'
For more information check: https://developer.mozilla.org/en-US/docs/Web/HTTP/Status/401
2026-09-29T12:14:06 | WARNING  | app.scanning.alpaca_confirmer | AlpacaConfirmer: cannot fetch chain for XLE 2026-10-02: Client error '401 Unauthorized' for url 'https://api.tradier.com/v1/markets/quotes?symbols=XLE261002C00035000%2CXLE261002C00040000%2CXLE261002C00045000%2CXLE261002C00048000%2CXLE261002C00049000%2CXLE261002C00050000%2CXLE261002C00051000%2CXLE261002C00052000%2CXLE261002C00053000%2CXLE261002C00054000%2CXLE261002C00054500%2CXLE261002C00055000%2CXLE261002C00055500%2CXLE261002C00056000%2CXLE261002C00056500%2CXLE261002C00057000%2CXLE261002C00057500%2CXLE261002C00058000%2CXLE261002C00058500%2CXLE261002C00059000%2CXLE261002C00059500%2CXLE261002C00060000%2CXLE261002C00060500%2CXLE261002C00061000%2CXLE261002C00061500%2CXLE261002C00062000%2CXLE261002C00062500%2CXLE261002C00063000%2CXLE261002C00063500%2CXLE261002C00064000%2CXLE261002C00064500%2CXLE261002C00065000%2CXLE261002C00065500%2CXLE261002C00066000%2CXLE261002C00066500%2CXLE261002C00067000%2CXLE261002C00068000%2CXLE261002C00068500%2CXLE261002C00069000%2CXLE261002C00070000%2CXLE261002C00071000%2CXLE261002C00075000%2CXLE261002C00080000%2CXLE261002P00035000%2CXLE261002P00040000%2CXLE261002P00045000%2CXLE261002P00048000%2CXLE261002P00049000%2CXLE261002P00050000%2CXLE261002P00051000&greeks=true'
For more information check: https://developer.mozilla.org/en-US/docs/Web/HTTP/Status/401
2026-09-29T12:14:06 | WARNING  | app.scanning.alpaca_confirmer | AlpacaConfirmer: cannot fetch chain for HOOD 2026-10-02: Client error '401 Unauthorized' for url 'https://api.tradier.com/v1/markets/quotes?symbols=HOOD261002C00025000%2CHOOD261002C00030000%2CHOOD261002C00035000%2CHOOD261002C00040000%2CHOOD261002C00045000%2CHOOD261002C00050000%2CHOOD261002C00055000%2CHOOD261002C00060000%2CHOOD261002C00065000%2CHOOD261002C00070000%2CHOOD261002C00075000%2CHOOD261002C00080000%2CHOOD261002C00082000%2CHOOD261002C00083000%2CHOOD261002C00084000%2CHOOD261002C00085000%2CHOOD261002C00086000%2CHOOD261002C00087000%2CHOOD261002C00088000%2CHOOD261002C00089000%2CHOOD261002C00090000%2CHOOD261002C00091000%2CHOOD261002C00092000%2CHOOD261002C00093000%2CHOOD261002C00094000%2CHOOD261002C00095000%2CHOOD261002C00096000%2CHOOD261002C00097000%2CHOOD261002C00098000%2CHOOD261002C00099000%2CHOOD261002C00100000%2CHOOD261002C00101000%2CHOOD261002C00102000%2CHOOD261002C00103000%2CHOOD261002C00104000%2CHOOD261002C00105000%2CHOOD261002C00106000%2CHOOD261002C00107000%2CHOOD261002C00108000%2CHOOD261002C00109000%2CHOOD261002C00110000%2CHOOD261002C00111000%2CHOOD261002C00112000%2CHOOD261002C00113000%2CHOOD261002C00114000%2CHOOD261002C00115000%2CHOOD261002C00116000%2CHOOD261002C00117000%2CHOOD261002C00118000%2CHOOD261002C00119000&greeks=true'
For more information check: https://developer.mozilla.org/en-US/docs/Web/HTTP/Status/401
2026-09-29T12:14:06 | WARNING  | app.scanning.alpaca_confirmer | AlpacaConfirmer: cannot fetch chain for IWM 2026-10-01: Client error '401 Unauthorized' for url 'https://api.tradier.com/v1/markets/quotes?symbols=IWM261001C00180000%2CIWM261001C00190000%2CIWM261001C00200000%2CIWM261001C00205000%2CIWM261001C00210000%2CIWM261001C00215000%2CIWM261001C00220000%2CIWM261001C00225000%2CIWM261001C00230000%2CIWM261001C00235000%2CIWM261001C00240000%2CIWM261001C00245000%2CIWM261001C00250000%2CIWM261001C00255000%2CIWM261001C00260000%2CIWM261001C00261000%2CIWM261001C00262000%2CIWM261001C00263000%2CIWM261001C00264000%2CIWM261001C00265000%2CIWM261001C00266000%2CIWM261001C00267000%2CIWM261001C00268000%2CIWM261001C00269000%2CIWM261001C00270000%2CIWM261001C00271000%2CIWM261001C00272000%2CIWM261001C00273000%2CIWM261001C00274000%2CIWM261001C00275000%2CIWM261001C00276000%2CIWM261001C00277000%2CIWM261001C00278000%2CIWM261001C00279000%2CIWM261001C00280000%2CIWM261001C00281000%2CIWM261001C00282000%2CIWM261001C00283000%2CIWM261001C00284000%2CIWM261001C00285000%2CIWM261001C00286000%2CIWM261001C00287000%2CIWM261001C00288000%2CIWM261001C00289000%2CIWM261001C00290000%2CIWM261001C00291000%2CIWM261001C00292000%2CIWM261001C00293000%2CIWM261001C00294000%2CIWM261001C00295000&greeks=true'
For more information check: https://developer.mozilla.org/en-US/docs/Web/HTTP/Status/401
2026-09-29T12:14:06 | WARNING  | app.scanning.alpaca_confirmer | AlpacaConfirmer: cannot fetch chain for XLF 2026-10-01: Client error '401 Unauthorized' for url 'https://api.tradier.com/v1/markets/quotes?symbols=XLF261001C00041000%2CXLF261001C00042000%2CXLF261001C00043000%2CXLF261001C00044000%2CXLF261001C00045000%2CXLF261001C00046000%2CXLF261001C00047000%2CXLF261001C00048000%2CXLF261001C00049000%2CXLF261001C00050000%2CXLF261001C00050500%2CXLF261001C00051000%2CXLF261001C00051500%2CXLF261001C00052000%2CXLF261001C00052500%2CXLF261001C00053000%2CXLF261001C00053500%2CXLF261001C00054000%2CXLF261001C00054500%2CXLF261001C00055000%2CXLF261001C00055500%2CXLF261001C00056000%2CXLF261001C00056500%2CXLF261001C00057000%2CXLF261001C00057500%2CXLF261001C00058000%2CXLF261001C00058500%2CXLF261001C00059000%2CXLF261001C00059500%2CXLF261001C00060000%2CXLF261001C00060500%2CXLF261001C00061000%2CXLF261001C00061500%2CXLF261001C00062000%2CXLF261001C00062500%2CXLF261001C00063000%2CXLF261001C00063500%2CXLF261001C00064000%2CXLF261001C00064500%2CXLF261001C00065000%2CXLF261001C00066000%2CXLF261001C00067000%2CXLF261001C00068000%2CXLF261001C00069000%2CXLF261001C00070000%2CXLF261001C00071000%2CXLF261001C00072000%2CXLF261001C00073000%2CXLF261001C00074000%2CXLF261001P00041000&greeks=true'
For more information check: https://developer.mozilla.org/en-US/docs/Web/HTTP/Status/401
2026-09-29T12:14:06 | WARNING  | app.scanning.alpaca_confirmer | AlpacaConfirmer: cannot fetch chain for AAPL 2026-10-02: Client error '401 Unauthorized' for url 'https://api.tradier.com/v1/markets/quotes?symbols=AAPL261002C00110000%2CAAPL261002C00120000%2CAAPL261002C00125000%2CAAPL261002C00130000%2CAAPL261002C00135000%2CAAPL261002C00140000%2CAAPL261002C00145000%2CAAPL261002C00150000%2CAAPL261002C00155000%2CAAPL261002C00160000%2CAAPL261002C00165000%2CAAPL261002C00170000%2CAAPL261002C00175000%2CAAPL261002C00180000%2CAAPL261002C00185000%2CAAPL261002C00190000%2CAAPL261002C00195000%2CAAPL261002C00200000%2CAAPL261002C00205000%2CAAPL261002C00210000%2CAAPL261002C00215000%2CAAPL261002C00220000%2CAAPL261002C00225000%2CAAPL261002C00230000%2CAAPL261002C00235000%2CAAPL261002C00240000%2CAAPL261002C00245000%2CAAPL261002C00250000%2CAAPL261002C00255000%2CAAPL261002C00260000%2CAAPL261002C00265000%2CAAPL261002C00270000%2CAAPL261002C00275000%2CAAPL261002C00280000%2CAAPL261002C00285000%2CAAPL261002C00290000%2CAAPL261002C00295000%2CAAPL261002C00297500%2CAAPL261002C00300000%2CAAPL261002C00302500%2CAAPL261002C00305000%2CAAPL261002C00307500%2CAAPL261002C00310000%2CAAPL261002C00312500%2CAAPL261002C00315000%2CAAPL261002C00317500%2CAAPL261002C00320000%2CAAPL261002C00322500%2CAAPL261002C00325000%2CAAPL261002C00327500&greeks=true'
For more information check: https://developer.mozilla.org/en-US/docs/Web/HTTP/Status/401
2026-09-29T12:14:06 | WARNING  | app.scanning.alpaca_confirmer | AlpacaConfirmer: cannot fetch chain for DKNG 2026-10-02: Client error '401 Unauthorized' for url 'https://api.tradier.com/v1/markets/quotes?symbols=DKNG261002C00011000%2CDKNG261002C00012000%2CDKNG261002C00013000%2CDKNG261002C00014000%2CDKNG261002C00015000%2CDKNG261002C00016000%2CDKNG261002C00017000%2CDKNG261002C00018000%2CDKNG261002C00019000%2CDKNG261002C00020000%2CDKNG261002C00020500%2CDKNG261002C00021000%2CDKNG261002C00021500%2CDKNG261002C00022000%2CDKNG261002C00022500%2CDKNG261002C00023000%2CDKNG261002C00023500%2CDKNG261002C00024000%2CDKNG261002C00024500%2CDKNG261002C00025000%2CDKNG261002C00025500%2CDKNG261002C00026000%2CDKNG261002C00026500%2CDKNG261002C00027000%2CDKNG261002C00027500%2CDKNG261002C00028000%2CDKNG261002C00028500%2CDKNG261002C00029000%2CDKNG261002C00030000%2CDKNG261002C00031000%2CDKNG261002C00032000%2CDKNG261002C00033000%2CDKNG261002C00034000%2CDKNG261002C00035000%2CDKNG261002C00036000%2CDKNG261002P00011000%2CDKNG261002P00012000%2CDKNG261002P00013000%2CDKNG261002P00014000%2CDKNG261002P00015000%2CDKNG261002P00016000%2CDKNG261002P00017000%2CDKNG261002P00018000%2CDKNG261002P00019000%2CDKNG261002P00020000%2CDKNG261002P00020500%2CDKNG261002P00021000%2CDKNG261002P00021500%2CDKNG261002P00022000%2CDKNG261002P00022500&greeks=true'
For more information check: https://developer.mozilla.org/en-US/docs/Web/HTTP/Status/401
2026-09-29T12:14:06 | WARNING  | app.scanning.alpaca_confirmer | AlpacaConfirmer: cannot fetch chain for META 2026-10-02: Client error '401 Unauthorized' for url 'https://api.tradier.com/v1/markets/quotes?symbols=META261002C00100000%2CMETA261002C00110000%2CMETA261002C00120000%2CMETA261002C00130000%2CMETA261002C00140000%2CMETA261002C00150000%2CMETA261002C00160000%2CMETA261002C00170000%2CMETA261002C00180000%2CMETA261002C00190000%2CMETA261002C00200000%2CMETA261002C00210000%2CMETA261002C00220000%2CMETA261002C00230000%2CMETA261002C00240000%2CMETA261002C00250000%2CMETA261002C00260000%2CMETA261002C00270000%2CMETA261002C00280000%2CMETA261002C00290000%2CMETA261002C00300000%2CMETA261002C00310000%2CMETA261002C00320000%2CMETA261002C00330000%2CMETA261002C00340000%2CMETA261002C00350000%2CMETA261002C00360000%2CMETA261002C00370000%2CMETA261002C00380000%2CMETA261002C00390000%2CMETA261002C00400000%2CMETA261002C00405000%2CMETA261002C00410000%2CMETA261002C00415000%2CMETA261002C00420000%2CMETA261002C00425000%2CMETA261002C00430000%2CMETA261002C00435000%2CMETA261002C00440000%2CMETA261002C00445000%2CMETA261002C00450000%2CMETA261002C00455000%2CMETA261002C00460000%2CMETA261002C00465000%2CMETA261002C00470000%2CMETA261002C00475000%2CMETA261002C00480000%2CMETA261002C00485000%2CMETA261002C00490000%2CMETA261002C00495000&greeks=true'
For more information check: https://developer.mozilla.org/en-US/docs/Web/HTTP/Status/401
2026-09-29T12:14:06 | INFO     | session_runner | AlpacaConfirmer: 0 confirmed symbols: []
2026-09-29T12:14:06 | WARNING  | session_runner | Re-scan returned no confirmed symbols — falling back to ['SPY']
2026-09-29T12:14:06 | INFO     | session_runner | Broad-market regime | SPY=short
2026-09-29T12:14:06 | INFO     | session_runner | [bridge:SPY] rsi_trend ready: sufficient bars
2026-09-29T12:14:06 | INFO     | session_runner | Stale signal: SPY/vwap_reclaim age=69 min > max 10 min — skipped
2026-09-29T12:14:06 | INFO     | session_runner | Stale signal: SPY/orb age=134 min > max 10 min — skipped
2026-09-29T12:14:06 | INFO     | session_runner | Stale signal: SPY/vwap_reclaim age=144 min > max 10 min — skipped
2026-09-29T12:14:36 | INFO     | session_runner | [cycle 322] 12:14:36 ET | positions=0 | entries=0
2026-09-29T12:14:37 | INFO     | session_runner | [bridge:SPY] rsi_trend ready: sufficient bars
2026-09-29T12:14:37 | INFO     | session_runner | Stale signal: SPY/vwap_reclaim age=70 min > max 10 min — skipped
2026-09-29T12:14:37 | INFO     | session_runner | Stale signal: SPY/orb age=135 min > max 10 min — skipped
2026-09-29T12:14:37 | INFO     | session_runner | Stale signal: SPY/vwap_reclaim age=145 min > max 10 min — skipped
2026-09-29T12:15:07 | INFO     | session_runner | [cycle 323] 12:15:07 ET | positions=0 | entries=0
2026-09-29T12:15:07 | INFO     | session_runner | [bridge:SPY] rsi_trend ready: sufficient bars
2026-09-29T12:15:07 | INFO     | session_runner | Stale signal: SPY/vwap_reclaim age=70 min > max 10 min — skipped
2026-09-29T12:15:07 | INFO     | session_runner | Stale signal: SPY/orb age=135 min > max 10 min — skipped
2026-09-29T12:15:07 | INFO     | session_runner | Stale signal: SPY/vwap_reclaim age=145 min > max 10 min — skipped
2026-09-29T12:15:37 | INFO     | session_runner | [cycle 324] 12:15:37 ET | positions=0 | entries=0
2026-09-29T12:15:37 | INFO     | session_runner | [bridge:SPY] rsi_trend ready: sufficient bars
2026-09-29T12:15:37 | INFO     | session_runner | Stale signal: SPY/vwap_reclaim age=71 min > max 10 min — skipped
2026-09-29T12:15:37 | INFO     | session_runner | Stale signal: SPY/orb age=136 min > max 10 min — skipped
2026-09-29T12:15:37 | INFO     | session_runner | Stale signal: SPY/vwap_reclaim age=146 min > max 10 min — skipped
2026-09-29T12:16:07 | INFO     | session_runner | [cycle 325] 12:16:07 ET | positions=0 | entries=0
2026-09-29T12:16:07 | INFO     | session_runner | [bridge:SPY] rsi_trend ready: sufficient bars
2026-09-29T12:16:07 | INFO     | session_runner | Stale signal: SPY/vwap_reclaim age=71 min > max 10 min — skipped
2026-09-29T12:16:07 | INFO     | session_runner | Stale signal: SPY/orb age=136 min > max 10 min — skipped
2026-09-29T12:16:07 | INFO     | session_runner | Stale signal: SPY/vwap_reclaim age=146 min > max 10 min — skipped
2026-09-29T12:16:37 | INFO     | session_runner | [cycle 326] 12:16:37 ET | positions=0 | entries=0
2026-09-29T12:16:38 | INFO     | session_runner | [bridge:SPY] rsi_trend ready: sufficient bars
2026-09-29T12:16:38 | INFO     | session_runner | Stale signal: SPY/vwap_reclaim age=72 min > max 10 min — skipped
2026-09-29T12:16:38 | INFO     | session_runner | Stale signal: SPY/orb age=137 min > max 10 min — skipped
2026-09-29T12:16:38 | INFO     | session_runner | Stale signal: SPY/vwap_reclaim age=147 min > max 10 min — skipped
2026-09-29T12:17:08 | INFO     | session_runner | [cycle 327] 12:17:08 ET | positions=0 | entries=0
2026-09-29T12:17:08 | INFO     | session_runner | [bridge:SPY] rsi_trend ready: sufficient bars
2026-09-29T12:17:08 | INFO     | session_runner | Stale signal: SPY/vwap_reclaim age=72 min > max 10 min — skipped
2026-09-29T12:17:08 | INFO     | session_runner | Stale signal: SPY/orb age=137 min > max 10 min — skipped
2026-09-29T12:17:08 | INFO     | session_runner | Stale signal: SPY/vwap_reclaim age=147 min > max 10 min — skipped
2026-09-29T12:17:38 | INFO     | session_runner | [cycle 328] 12:17:38 ET | positions=0 | entries=0
2026-09-29T12:17:38 | INFO     | session_runner | [bridge:SPY] rsi_trend ready: sufficient bars
2026-09-29T12:17:38 | INFO     | session_runner | Stale signal: SPY/vwap_reclaim age=73 min > max 10 min — skipped
2026-09-29T12:17:38 | INFO     | session_runner | Stale signal: SPY/orb age=138 min > max 10 min — skipped
2026-09-29T12:17:38 | INFO     | session_runner | Stale signal: SPY/vwap_reclaim age=148 min > max 10 min — skipped
2026-09-29T12:18:08 | INFO     | session_runner | [cycle 329] 12:18:08 ET | positions=0 | entries=0
2026-09-29T12:18:09 | INFO     | session_runner | [bridge:SPY] rsi_trend ready: sufficient bars
2026-09-29T12:18:09 | INFO     | session_runner | Stale signal: SPY/vwap_reclaim age=73 min > max 10 min — skipped
2026-09-29T12:18:09 | INFO     | session_runner | Stale signal: SPY/orb age=138 min > max 10 min — skipped
2026-09-29T12:18:09 | INFO     | session_runner | Stale signal: SPY/vwap_reclaim age=148 min > max 10 min — skipped
2026-09-29T12:18:39 | INFO     | session_runner | [cycle 330] 12:18:39 ET | positions=0 | entries=0
2026-09-29T12:18:39 | INFO     | session_runner | [bridge:SPY] rsi_trend ready: sufficient bars
2026-09-29T12:18:39 | INFO     | session_runner | Stale signal: SPY/vwap_reclaim age=74 min > max 10 min — skipped
2026-09-29T12:18:39 | INFO     | session_runner | Stale signal: SPY/orb age=139 min > max 10 min — skipped
2026-09-29T12:18:39 | INFO     | session_runner | Stale signal: SPY/vwap_reclaim age=149 min > max 10 min — skipped
2026-09-29T12:19:09 | INFO     | session_runner | [cycle 331] 12:19:09 ET | positions=0 | entries=0
2026-09-29T12:19:09 | INFO     | session_runner | Periodic universe re-scan …
2026-09-29T12:19:09 | INFO     | app.scanning.universe_loader | UniverseLoader: loaded 5 groups (13 flat symbols) from config/ticker_universe.yaml (blacklist=0)
2026-09-29T12:19:09 | INFO     | app.scanning.universe_loader | UniverseLoader: 38 symbols from 4 group(s) (blacklist=0)
2026-09-29T12:19:09 | INFO     | session_runner | Universe scan: 38 symbols from 4 group(s) | max_active=6
2026-09-29T12:19:13 | INFO     | session_runner | Scan: 19 passed, 19 rejected
2026-09-29T12:19:13 | INFO     | session_runner |   GOOGL   score=80.0  signal=SHORT    reasons: rvol=1.15x (normal), atr=2.28% (wide-range), orb_breakdown
2026-09-29T12:19:13 | INFO     | session_runner |   RIVN    score=70.0  signal=LONG     reasons: rvol=1.57x (elevated), atr=4.23% (wide-range), orb_breakout
2026-09-29T12:19:13 | INFO     | session_runner |   XLE     score=67.0  signal=LONG     reasons: rvol=1.33x (normal), atr=1.91% (wide-range), orb_breakout
2026-09-29T12:19:13 | INFO     | session_runner |   AAPL    score=67.0  signal=SHORT    reasons: rvol=1.08x (normal), atr=1.97% (wide-range), orb_breakdown
2026-09-29T12:19:13 | INFO     | session_runner |   SOFI    score=65.0  signal=SHORT    reasons: rvol=1.32x (normal), atr=3.73% (wide-range), orb_breakdown
2026-09-29T12:19:13 | WARNING  | app.scanning.alpaca_confirmer | AlpacaConfirmer: cannot fetch chain for XLE 2026-10-02: Client error '401 Unauthorized' for url 'https://api.tradier.com/v1/markets/quotes?symbols=XLE261002C00035000%2CXLE261002C00040000%2CXLE261002C00045000%2CXLE261002C00048000%2CXLE261002C00049000%2CXLE261002C00050000%2CXLE261002C00051000%2CXLE261002C00052000%2CXLE261002C00053000%2CXLE261002C00054000%2CXLE261002C00054500%2CXLE261002C00055000%2CXLE261002C00055500%2CXLE261002C00056000%2CXLE261002C00056500%2CXLE261002C00057000%2CXLE261002C00057500%2CXLE261002C00058000%2CXLE261002C00058500%2CXLE261002C00059000%2CXLE261002C00059500%2CXLE261002C00060000%2CXLE261002C00060500%2CXLE261002C00061000%2CXLE261002C00061500%2CXLE261002C00062000%2CXLE261002C00062500%2CXLE261002C00063000%2CXLE261002C00063500%2CXLE261002C00064000%2CXLE261002C00064500%2CXLE261002C00065000%2CXLE261002C00065500%2CXLE261002C00066000%2CXLE261002C00066500%2CXLE261002C00067000%2CXLE261002C00068000%2CXLE261002C00068500%2CXLE261002C00069000%2CXLE261002C00070000%2CXLE261002C00071000%2CXLE261002C00075000%2CXLE261002C00080000%2CXLE261002P00035000%2CXLE261002P00040000%2CXLE261002P00045000%2CXLE261002P00048000%2CXLE261002P00049000%2CXLE261002P00050000%2CXLE261002P00051000&greeks=true'
For more information check: https://developer.mozilla.org/en-US/docs/Web/HTTP/Status/401
2026-09-29T12:19:13 | WARNING  | app.scanning.alpaca_confirmer | AlpacaConfirmer: cannot fetch chain for DKNG 2026-10-02: Client error '401 Unauthorized' for url 'https://api.tradier.com/v1/markets/quotes?symbols=DKNG261002C00011000%2CDKNG261002C00012000%2CDKNG261002C00013000%2CDKNG261002C00014000%2CDKNG261002C00015000%2CDKNG261002C00016000%2CDKNG261002C00017000%2CDKNG261002C00018000%2CDKNG261002C00019000%2CDKNG261002C00020000%2CDKNG261002C00020500%2CDKNG261002C00021000%2CDKNG261002C00021500%2CDKNG261002C00022000%2CDKNG261002C00022500%2CDKNG261002C00023000%2CDKNG261002C00023500%2CDKNG261002C00024000%2CDKNG261002C00024500%2CDKNG261002C00025000%2CDKNG261002C00025500%2CDKNG261002C00026000%2CDKNG261002C00026500%2CDKNG261002C00027000%2CDKNG261002C00027500%2CDKNG261002C00028000%2CDKNG261002C00028500%2CDKNG261002C00029000%2CDKNG261002C00030000%2CDKNG261002C00031000%2CDKNG261002C00032000%2CDKNG261002C00033000%2CDKNG261002C00034000%2CDKNG261002C00035000%2CDKNG261002C00036000%2CDKNG261002P00011000%2CDKNG261002P00012000%2CDKNG261002P00013000%2CDKNG261002P00014000%2CDKNG261002P00015000%2CDKNG261002P00016000%2CDKNG261002P00017000%2CDKNG261002P00018000%2CDKNG261002P00019000%2CDKNG261002P00020000%2CDKNG261002P00020500%2CDKNG261002P00021000%2CDKNG261002P00021500%2CDKNG261002P00022000%2CDKNG261002P00022500&greeks=true'
For more information check: https://developer.mozilla.org/en-US/docs/Web/HTTP/Status/401
2026-09-29T12:19:13 | WARNING  | app.scanning.alpaca_confirmer | AlpacaConfirmer: cannot fetch chain for AAPL 2026-10-02: Client error '401 Unauthorized' for url 'https://api.tradier.com/v1/markets/quotes?symbols=AAPL261002C00110000%2CAAPL261002C00120000%2CAAPL261002C00125000%2CAAPL261002C00130000%2CAAPL261002C00135000%2CAAPL261002C00140000%2CAAPL261002C00145000%2CAAPL261002C00150000%2CAAPL261002C00155000%2CAAPL261002C00160000%2CAAPL261002C00165000%2CAAPL261002C00170000%2CAAPL261002C00175000%2CAAPL261002C00180000%2CAAPL261002C00185000%2CAAPL261002C00190000%2CAAPL261002C00195000%2CAAPL261002C00200000%2CAAPL261002C00205000%2CAAPL261002C00210000%2CAAPL261002C00215000%2CAAPL261002C00220000%2CAAPL261002C00225000%2CAAPL261002C00230000%2CAAPL261002C00235000%2CAAPL261002C00240000%2CAAPL261002C00245000%2CAAPL261002C00250000%2CAAPL261002C00255000%2CAAPL261002C00260000%2CAAPL261002C00265000%2CAAPL261002C00270000%2CAAPL261002C00275000%2CAAPL261002C00280000%2CAAPL261002C00285000%2CAAPL261002C00290000%2CAAPL261002C00295000%2CAAPL261002C00297500%2CAAPL261002C00300000%2CAAPL261002C00302500%2CAAPL261002C00305000%2CAAPL261002C00307500%2CAAPL261002C00310000%2CAAPL261002C00312500%2CAAPL261002C00315000%2CAAPL261002C00317500%2CAAPL261002C00320000%2CAAPL261002C00322500%2CAAPL261002C00325000%2CAAPL261002C00327500&greeks=true'
For more information check: https://developer.mozilla.org/en-US/docs/Web/HTTP/Status/401
2026-09-29T12:19:13 | WARNING  | app.scanning.alpaca_confirmer | AlpacaConfirmer: cannot fetch chain for SPY 2026-10-01: Client error '401 Unauthorized' for url 'https://api.tradier.com/v1/markets/quotes?symbols=SPY261001C00550000%2CSPY261001C00555000%2CSPY261001C00560000%2CSPY261001C00565000%2CSPY261001C00570000%2CSPY261001C00575000%2CSPY261001C00580000%2CSPY261001C00585000%2CSPY261001C00590000%2CSPY261001C00595000%2CSPY261001C00600000%2CSPY261001C00605000%2CSPY261001C00610000%2CSPY261001C00615000%2CSPY261001C00620000%2CSPY261001C00625000%2CSPY261001C00630000%2CSPY261001C00635000%2CSPY261001C00640000%2CSPY261001C00645000%2CSPY261001C00650000%2CSPY261001C00655000%2CSPY261001C00660000%2CSPY261001C00665000%2CSPY261001C00670000%2CSPY261001C00675000%2CSPY261001C00680000%2CSPY261001C00685000%2CSPY261001C00690000%2CSPY261001C00695000%2CSPY261001C00700000%2CSPY261001C00705000%2CSPY261001C00710000%2CSPY261001C00715000%2CSPY261001C00718000%2CSPY261001C00719000%2CSPY261001C00720000%2CSPY261001C00721000%2CSPY261001C00722000%2CSPY261001C00723000%2CSPY261001C00724000%2CSPY261001C00725000%2CSPY261001C00726000%2CSPY261001C00727000%2CSPY261001C00728000%2CSPY261001C00729000%2CSPY261001C00730000%2CSPY261001C00731000%2CSPY261001C00732000%2CSPY261001C00733000&greeks=true'
For more information check: https://developer.mozilla.org/en-US/docs/Web/HTTP/Status/401
2026-09-29T12:19:13 | WARNING  | app.scanning.alpaca_confirmer | AlpacaConfirmer: cannot fetch chain for XLF 2026-10-01: Client error '401 Unauthorized' for url 'https://api.tradier.com/v1/markets/quotes?symbols=XLF261001C00041000%2CXLF261001C00042000%2CXLF261001C00043000%2CXLF261001C00044000%2CXLF261001C00045000%2CXLF261001C00046000%2CXLF261001C00047000%2CXLF261001C00048000%2CXLF261001C00049000%2CXLF261001C00050000%2CXLF261001C00050500%2CXLF261001C00051000%2CXLF261001C00051500%2CXLF261001C00052000%2CXLF261001C00052500%2CXLF261001C00053000%2CXLF261001C00053500%2CXLF261001C00054000%2CXLF261001C00054500%2CXLF261001C00055000%2CXLF261001C00055500%2CXLF261001C00056000%2CXLF261001C00056500%2CXLF261001C00057000%2CXLF261001C00057500%2CXLF261001C00058000%2CXLF261001C00058500%2CXLF261001C00059000%2CXLF261001C00059500%2CXLF261001C00060000%2CXLF261001C00060500%2CXLF261001C00061000%2CXLF261001C00061500%2CXLF261001C00062000%2CXLF261001C00062500%2CXLF261001C00063000%2CXLF261001C00063500%2CXLF261001C00064000%2CXLF261001C00064500%2CXLF261001C00065000%2CXLF261001C00066000%2CXLF261001C00067000%2CXLF261001C00068000%2CXLF261001C00069000%2CXLF261001C00070000%2CXLF261001C00071000%2CXLF261001C00072000%2CXLF261001C00073000%2CXLF261001C00074000%2CXLF261001P00041000&greeks=true'
For more information check: https://developer.mozilla.org/en-US/docs/Web/HTTP/Status/401
2026-09-29T12:19:13 | WARNING  | app.scanning.alpaca_confirmer | AlpacaConfirmer: cannot fetch chain for GOOGL 2026-10-02: Client error '401 Unauthorized' for url 'https://api.tradier.com/v1/markets/quotes?symbols=GOOGL261002C00100000%2CGOOGL261002C00105000%2CGOOGL261002C00110000%2CGOOGL261002C00115000%2CGOOGL261002C00120000%2CGOOGL261002C00125000%2CGOOGL261002C00130000%2CGOOGL261002C00135000%2CGOOGL261002C00140000%2CGOOGL261002C00145000%2CGOOGL261002C00150000%2CGOOGL261002C00155000%2CGOOGL261002C00160000%2CGOOGL261002C00165000%2CGOOGL261002C00170000%2CGOOGL261002C00175000%2CGOOGL261002C00180000%2CGOOGL261002C00185000%2CGOOGL261002C00190000%2CGOOGL261002C00195000%2CGOOGL261002C00200000%2CGOOGL261002C00205000%2CGOOGL261002C00210000%2CGOOGL261002C00215000%2CGOOGL261002C00220000%2CGOOGL261002C00225000%2CGOOGL261002C00230000%2CGOOGL261002C00235000%2CGOOGL261002C00240000%2CGOOGL261002C00245000%2CGOOGL261002C00250000%2CGOOGL261002C00255000%2CGOOGL261002C00260000%2CGOOGL261002C00265000%2CGOOGL261002C00270000%2CGOOGL261002C00275000%2CGOOGL261002C00280000%2CGOOGL261002C00285000%2CGOOGL261002C00290000%2CGOOGL261002C00295000%2CGOOGL261002C00300000%2CGOOGL261002C00305000%2CGOOGL261002C00307500%2CGOOGL261002C00310000%2CGOOGL261002C00312500%2CGOOGL261002C00315000%2CGOOGL261002C00317500%2CGOOGL261002C00320000%2CGOOGL261002C00322500%2CGOOGL261002C00325000&greeks=true'
For more information check: https://developer.mozilla.org/en-US/docs/Web/HTTP/Status/401
2026-09-29T12:19:13 | WARNING  | app.scanning.alpaca_confirmer | AlpacaConfirmer: cannot fetch chain for MSFT 2026-10-02: Client error '401 Unauthorized' for url 'https://api.tradier.com/v1/markets/quotes?symbols=MSFT261002C00270000%2CMSFT261002C00280000%2CMSFT261002C00290000%2CMSFT261002C00300000%2CMSFT261002C00305000%2CMSFT261002C00310000%2CMSFT261002C00315000%2CMSFT261002C00320000%2CMSFT261002C00325000%2CMSFT261002C00330000%2CMSFT261002C00335000%2CMSFT261002C00340000%2CMSFT261002C00345000%2CMSFT261002C00350000%2CMSFT261002C00355000%2CMSFT261002C00360000%2CMSFT261002C00365000%2CMSFT261002C00370000%2CMSFT261002C00375000%2CMSFT261002C00380000%2CMSFT261002C00385000%2CMSFT261002C00390000%2CMSFT261002C00395000%2CMSFT261002C00400000%2CMSFT261002C00405000%2CMSFT261002C00410000%2CMSFT261002C00415000%2CMSFT261002C00420000%2CMSFT261002C00425000%2CMSFT261002C00430000%2CMSFT261002C00435000%2CMSFT261002C00437500%2CMSFT261002C00440000%2CMSFT261002C00442500%2CMSFT261002C00445000%2CMSFT261002C00447500%2CMSFT261002C00450000%2CMSFT261002C00452500%2CMSFT261002C00455000%2CMSFT261002C00457500%2CMSFT261002C00460000%2CMSFT261002C00462500%2CMSFT261002C00465000%2CMSFT261002C00467500%2CMSFT261002C00470000%2CMSFT261002C00472500%2CMSFT261002C00475000%2CMSFT261002C00477500%2CMSFT261002C00480000%2CMSFT261002C00482500&greeks=true'
For more information check: https://developer.mozilla.org/en-US/docs/Web/HTTP/Status/401
2026-09-29T12:19:13 | WARNING  | app.scanning.alpaca_confirmer | AlpacaConfirmer: cannot fetch chain for RIVN 2026-10-02: Client error '401 Unauthorized' for url 'https://api.tradier.com/v1/markets/quotes?symbols=RIVN261002C00005000%2CRIVN261002C00009000%2CRIVN261002C00010000%2CRIVN261002C00010500%2CRIVN261002C00011000%2CRIVN261002C00011500%2CRIVN261002C00012000%2CRIVN261002C00012500%2CRIVN261002C00013000%2CRIVN261002C00013500%2CRIVN261002C00014000%2CRIVN261002C00014500%2CRIVN261002C00015000%2CRIVN261002C00015500%2CRIVN261002C00016000%2CRIVN261002C00016500%2CRIVN261002C00017000%2CRIVN261002C00017500%2CRIVN261002C00018000%2CRIVN261002C00018500%2CRIVN261002C00019000%2CRIVN261002C00019500%2CRIVN261002C00020000%2CRIVN261002C00020500%2CRIVN261002C00021000%2CRIVN261002C00021500%2CRIVN261002C00022000%2CRIVN261002C00023000%2CRIVN261002C00024000%2CRIVN261002C00025000%2CRIVN261002C00030000%2CRIVN261002P00005000%2CRIVN261002P00009000%2CRIVN261002P00010000%2CRIVN261002P00010500%2CRIVN261002P00011000%2CRIVN261002P00011500%2CRIVN261002P00012000%2CRIVN261002P00012500%2CRIVN261002P00013000%2CRIVN261002P00013500%2CRIVN261002P00014000%2CRIVN261002P00014500%2CRIVN261002P00015000%2CRIVN261002P00015500%2CRIVN261002P00016000%2CRIVN261002P00016500%2CRIVN261002P00017000%2CRIVN261002P00017500%2CRIVN261002P00018000&greeks=true'
For more information check: https://developer.mozilla.org/en-US/docs/Web/HTTP/Status/401
2026-09-29T12:19:13 | WARNING  | app.scanning.alpaca_confirmer | AlpacaConfirmer: cannot fetch chain for SOFI 2026-10-02: Client error '401 Unauthorized' for url 'https://api.tradier.com/v1/markets/quotes?symbols=SOFI261002C00005000%2CSOFI261002C00009000%2CSOFI261002C00010000%2CSOFI261002C00011000%2CSOFI261002C00011500%2CSOFI261002C00012000%2CSOFI261002C00012500%2CSOFI261002C00013000%2CSOFI261002C00013500%2CSOFI261002C00014000%2CSOFI261002C00014500%2CSOFI261002C00015000%2CSOFI261002C00015500%2CSOFI261002C00016000%2CSOFI261002C00016500%2CSOFI261002C00017000%2CSOFI261002C00017500%2CSOFI261002C00018000%2CSOFI261002C00018500%2CSOFI261002C00019000%2CSOFI261002C00019500%2CSOFI261002C00020000%2CSOFI261002C00020500%2CSOFI261002C00021000%2CSOFI261002C00021500%2CSOFI261002C00022000%2CSOFI261002C00022500%2CSOFI261002C00023000%2CSOFI261002C00023500%2CSOFI261002C00024000%2CSOFI261002C00025000%2CSOFI261002C00030000%2CSOFI261002P00005000%2CSOFI261002P00009000%2CSOFI261002P00010000%2CSOFI261002P00011000%2CSOFI261002P00011500%2CSOFI261002P00012000%2CSOFI261002P00012500%2CSOFI261002P00013000%2CSOFI261002P00013500%2CSOFI261002P00014000%2CSOFI261002P00014500%2CSOFI261002P00015000%2CSOFI261002P00015500%2CSOFI261002P00016000%2CSOFI261002P00016500%2CSOFI261002P00017000%2CSOFI261002P00017500%2CSOFI261002P00018000&greeks=true'
For more information check: https://developer.mozilla.org/en-US/docs/Web/HTTP/Status/401
2026-09-29T12:19:13 | WARNING  | app.scanning.alpaca_confirmer | AlpacaConfirmer: cannot fetch chain for HOOD 2026-10-02: Client error '401 Unauthorized' for url 'https://api.tradier.com/v1/markets/quotes?symbols=HOOD261002C00025000%2CHOOD261002C00030000%2CHOOD261002C00035000%2CHOOD261002C00040000%2CHOOD261002C00045000%2CHOOD261002C00050000%2CHOOD261002C00055000%2CHOOD261002C00060000%2CHOOD261002C00065000%2CHOOD261002C00070000%2CHOOD261002C00075000%2CHOOD261002C00080000%2CHOOD261002C00082000%2CHOOD261002C00083000%2CHOOD261002C00084000%2CHOOD261002C00085000%2CHOOD261002C00086000%2CHOOD261002C00087000%2CHOOD261002C00088000%2CHOOD261002C00089000%2CHOOD261002C00090000%2CHOOD261002C00091000%2CHOOD261002C00092000%2CHOOD261002C00093000%2CHOOD261002C00094000%2CHOOD261002C00095000%2CHOOD261002C00096000%2CHOOD261002C00097000%2CHOOD261002C00098000%2CHOOD261002C00099000%2CHOOD261002C00100000%2CHOOD261002C00101000%2CHOOD261002C00102000%2CHOOD261002C00103000%2CHOOD261002C00104000%2CHOOD261002C00105000%2CHOOD261002C00106000%2CHOOD261002C00107000%2CHOOD261002C00108000%2CHOOD261002C00109000%2CHOOD261002C00110000%2CHOOD261002C00111000%2CHOOD261002C00112000%2CHOOD261002C00113000%2CHOOD261002C00114000%2CHOOD261002C00115000%2CHOOD261002C00116000%2CHOOD261002C00117000%2CHOOD261002C00118000%2CHOOD261002C00119000&greeks=true'
For more information check: https://developer.mozilla.org/en-US/docs/Web/HTTP/Status/401
2026-09-29T12:19:13 | WARNING  | app.scanning.alpaca_confirmer | AlpacaConfirmer: cannot fetch chain for META 2026-10-02: Client error '401 Unauthorized' for url 'https://api.tradier.com/v1/markets/quotes?symbols=META261002C00100000%2CMETA261002C00110000%2CMETA261002C00120000%2CMETA261002C00130000%2CMETA261002C00140000%2CMETA261002C00150000%2CMETA261002C00160000%2CMETA261002C00170000%2CMETA261002C00180000%2CMETA261002C00190000%2CMETA261002C00200000%2CMETA261002C00210000%2CMETA261002C00220000%2CMETA261002C00230000%2CMETA261002C00240000%2CMETA261002C00250000%2CMETA261002C00260000%2CMETA261002C00270000%2CMETA261002C00280000%2CMETA261002C00290000%2CMETA261002C00300000%2CMETA261002C00310000%2CMETA261002C00320000%2CMETA261002C00330000%2CMETA261002C00340000%2CMETA261002C00350000%2CMETA261002C00360000%2CMETA261002C00370000%2CMETA261002C00380000%2CMETA261002C00390000%2CMETA261002C00400000%2CMETA261002C00405000%2CMETA261002C00410000%2CMETA261002C00415000%2CMETA261002C00420000%2CMETA261002C00425000%2CMETA261002C00430000%2CMETA261002C00435000%2CMETA261002C00440000%2CMETA261002C00445000%2CMETA261002C00450000%2CMETA261002C00455000%2CMETA261002C00460000%2CMETA261002C00465000%2CMETA261002C00470000%2CMETA261002C00475000%2CMETA261002C00480000%2CMETA261002C00485000%2CMETA261002C00490000%2CMETA261002C00495000&greeks=true'
For more information check: https://developer.mozilla.org/en-US/docs/Web/HTTP/Status/401
2026-09-29T12:19:13 | WARNING  | app.scanning.alpaca_confirmer | AlpacaConfirmer: cannot fetch chain for IWM 2026-10-01: Client error '401 Unauthorized' for url 'https://api.tradier.com/v1/markets/quotes?symbols=IWM261001C00180000%2CIWM261001C00190000%2CIWM261001C00200000%2CIWM261001C00205000%2CIWM261001C00210000%2CIWM261001C00215000%2CIWM261001C00220000%2CIWM261001C00225000%2CIWM261001C00230000%2CIWM261001C00235000%2CIWM261001C00240000%2CIWM261001C00245000%2CIWM261001C00250000%2CIWM261001C00255000%2CIWM261001C00260000%2CIWM261001C00261000%2CIWM261001C00262000%2CIWM261001C00263000%2CIWM261001C00264000%2CIWM261001C00265000%2CIWM261001C00266000%2CIWM261001C00267000%2CIWM261001C00268000%2CIWM261001C00269000%2CIWM261001C00270000%2CIWM261001C00271000%2CIWM261001C00272000%2CIWM261001C00273000%2CIWM261001C00274000%2CIWM261001C00275000%2CIWM261001C00276000%2CIWM261001C00277000%2CIWM261001C00278000%2CIWM261001C00279000%2CIWM261001C00280000%2CIWM261001C00281000%2CIWM261001C00282000%2CIWM261001C00283000%2CIWM261001C00284000%2CIWM261001C00285000%2CIWM261001C00286000%2CIWM261001C00287000%2CIWM261001C00288000%2CIWM261001C00289000%2CIWM261001C00290000%2CIWM261001C00291000%2CIWM261001C00292000%2CIWM261001C00293000%2CIWM261001C00294000%2CIWM261001C00295000&greeks=true'
For more information check: https://developer.mozilla.org/en-US/docs/Web/HTTP/Status/401
2026-09-29T12:19:13 | INFO     | session_runner | AlpacaConfirmer: 0 confirmed symbols: []
2026-09-29T12:19:13 | WARNING  | session_runner | Re-scan returned no confirmed symbols — falling back to ['SPY']
2026-09-29T12:19:13 | INFO     | session_runner | Broad-market regime | SPY=short
2026-09-29T12:19:13 | INFO     | session_runner | [bridge:SPY] rsi_trend ready: sufficient bars
2026-09-29T12:19:13 | INFO     | session_runner | Stale signal: SPY/vwap_reclaim age=74 min > max 10 min — skipped
2026-09-29T12:19:13 | INFO     | session_runner | Stale signal: SPY/orb age=139 min > max 10 min — skipped
2026-09-29T12:19:13 | INFO     | session_runner | Stale signal: SPY/vwap_reclaim age=149 min > max 10 min — skipped
2026-09-29T12:19:43 | INFO     | session_runner | [cycle 332] 12:19:43 ET | positions=0 | entries=0
2026-09-29T12:19:44 | INFO     | session_runner | [bridge:SPY] rsi_trend ready: sufficient bars
2026-09-29T12:19:44 | INFO     | session_runner | Stale signal: SPY/vwap_reclaim age=75 min > max 10 min — skipped
2026-09-29T12:19:44 | INFO     | session_runner | Stale signal: SPY/orb age=140 min > max 10 min — skipped
2026-09-29T12:19:44 | INFO     | session_runner | Stale signal: SPY/vwap_reclaim age=150 min > max 10 min — skipped
2026-09-29T12:20:14 | INFO     | session_runner | [cycle 333] 12:20:14 ET | positions=0 | entries=0
2026-09-29T12:20:14 | INFO     | session_runner | [bridge:SPY] rsi_trend ready: sufficient bars
2026-09-29T12:20:14 | INFO     | session_runner | Stale signal: SPY/vwap_reclaim age=75 min > max 10 min — skipped
2026-09-29T12:20:14 | INFO     | session_runner | Stale signal: SPY/orb age=140 min > max 10 min — skipped
2026-09-29T12:20:14 | INFO     | session_runner | Stale signal: SPY/vwap_reclaim age=150 min > max 10 min — skipped
2026-09-29T12:20:44 | INFO     | session_runner | [cycle 334] 12:20:44 ET | positions=0 | entries=0
2026-09-29T12:20:44 | INFO     | session_runner | [bridge:SPY] rsi_trend ready: sufficient bars
2026-09-29T12:20:44 | INFO     | session_runner | Stale signal: SPY/vwap_reclaim age=76 min > max 10 min — skipped
2026-09-29T12:20:44 | INFO     | session_runner | Stale signal: SPY/orb age=141 min > max 10 min — skipped
2026-09-29T12:20:44 | INFO     | session_runner | Stale signal: SPY/vwap_reclaim age=151 min > max 10 min — skipped
2026-09-29T12:21:14 | INFO     | session_runner | [cycle 335] 12:21:14 ET | positions=0 | entries=0
2026-09-29T12:21:14 | INFO     | session_runner | [bridge:SPY] rsi_trend ready: sufficient bars
2026-09-29T12:21:14 | INFO     | session_runner | Stale signal: SPY/vwap_reclaim age=76 min > max 10 min — skipped
2026-09-29T12:21:14 | INFO     | session_runner | Stale signal: SPY/orb age=141 min > max 10 min — skipped
2026-09-29T12:21:14 | INFO     | session_runner | Stale signal: SPY/vwap_reclaim age=151 min > max 10 min — skipped
2026-09-29T12:21:44 | INFO     | session_runner | [cycle 336] 12:21:44 ET | positions=0 | entries=0
2026-09-29T12:21:45 | INFO     | session_runner | [bridge:SPY] rsi_trend ready: sufficient bars
2026-09-29T12:21:45 | INFO     | session_runner | Stale signal: SPY/vwap_reclaim age=77 min > max 10 min — skipped
2026-09-29T12:21:45 | INFO     | session_runner | Stale signal: SPY/orb age=142 min > max 10 min — skipped
2026-09-29T12:21:45 | INFO     | session_runner | Stale signal: SPY/vwap_reclaim age=152 min > max 10 min — skipped
2026-09-29T12:22:15 | INFO     | session_runner | [cycle 337] 12:22:15 ET | positions=0 | entries=0
2026-09-29T12:22:15 | INFO     | session_runner | [bridge:SPY] rsi_trend ready: sufficient bars
2026-09-29T12:22:15 | INFO     | session_runner | Stale signal: SPY/vwap_reclaim age=77 min > max 10 min — skipped
2026-09-29T12:22:15 | INFO     | session_runner | Stale signal: SPY/orb age=142 min > max 10 min — skipped
2026-09-29T12:22:15 | INFO     | session_runner | Stale signal: SPY/vwap_reclaim age=152 min > max 10 min — skipped
2026-09-29T12:22:45 | INFO     | session_runner | [cycle 338] 12:22:45 ET | positions=0 | entries=0
2026-09-29T12:22:45 | INFO     | session_runner | [bridge:SPY] rsi_trend ready: sufficient bars
2026-09-29T12:22:45 | INFO     | session_runner | Stale signal: SPY/vwap_reclaim age=78 min > max 10 min — skipped
2026-09-29T12:22:45 | INFO     | session_runner | Stale signal: SPY/orb age=143 min > max 10 min — skipped
2026-09-29T12:22:45 | INFO     | session_runner | Stale signal: SPY/vwap_reclaim age=153 min > max 10 min — skipped
2026-09-29T12:23:15 | INFO     | session_runner | [cycle 339] 12:23:15 ET | positions=0 | entries=0
2026-09-29T12:23:15 | INFO     | session_runner | [bridge:SPY] rsi_trend ready: sufficient bars
2026-09-29T12:23:15 | INFO     | session_runner | Stale signal: SPY/vwap_reclaim age=78 min > max 10 min — skipped
2026-09-29T12:23:15 | INFO     | session_runner | Stale signal: SPY/orb age=143 min > max 10 min — skipped
2026-09-29T12:23:15 | INFO     | session_runner | Stale signal: SPY/vwap_reclaim age=153 min > max 10 min — skipped
2026-09-29T12:23:45 | INFO     | session_runner | [cycle 340] 12:23:45 ET | positions=0 | entries=0
2026-09-29T12:23:46 | INFO     | session_runner | [bridge:SPY] rsi_trend ready: sufficient bars
2026-09-29T12:23:46 | INFO     | session_runner | Stale signal: SPY/vwap_reclaim age=79 min > max 10 min — skipped
2026-09-29T12:23:46 | INFO     | session_runner | Stale signal: SPY/orb age=144 min > max 10 min — skipped
2026-09-29T12:23:46 | INFO     | session_runner | Stale signal: SPY/vwap_reclaim age=154 min > max 10 min — skipped
2026-09-29T12:24:16 | INFO     | session_runner | [cycle 341] 12:24:16 ET | positions=0 | entries=0
2026-09-29T12:24:16 | INFO     | app.trading.reconciler | Reconciliation done: broker_pos=0 local_pos=0 broker_orders=0 local_pending=0 repaired=0 flagged=0 orders_confirmed=True positions_confirmed=True
2026-09-29T12:24:16 | INFO     | session_runner | Periodic universe re-scan …
2026-09-29T12:24:16 | INFO     | app.scanning.universe_loader | UniverseLoader: loaded 5 groups (13 flat symbols) from config/ticker_universe.yaml (blacklist=0)
2026-09-29T12:24:16 | INFO     | app.scanning.universe_loader | UniverseLoader: 38 symbols from 4 group(s) (blacklist=0)
2026-09-29T12:24:16 | INFO     | session_runner | Universe scan: 38 symbols from 4 group(s) | max_active=6
2026-09-29T12:24:19 | INFO     | session_runner | Scan: 18 passed, 20 rejected
2026-09-29T12:24:19 | INFO     | session_runner |   GOOGL   score=70.0  signal=SHORT    reasons: rvol=1.13x (normal), atr=2.28% (wide-range), orb_breakdown
2026-09-29T12:24:19 | INFO     | session_runner |   RIVN    score=70.0  signal=LONG     reasons: rvol=1.54x (elevated), atr=4.23% (wide-range), orb_breakout
2026-09-29T12:24:19 | INFO     | session_runner |   AAPL    score=67.0  signal=SHORT    reasons: rvol=1.10x (normal), atr=1.97% (wide-range), orb_breakdown
2026-09-29T12:24:19 | INFO     | session_runner |   SOFI    score=65.0  signal=SHORT    reasons: rvol=1.30x (normal), atr=3.73% (wide-range), orb_breakdown
2026-09-29T12:24:19 | INFO     | session_runner |   DKNG    score=65.0  signal=SHORT    reasons: rvol=1.19x (normal), atr=5.58% (wide-range), orb_breakdown
2026-09-29T12:24:19 | WARNING  | app.scanning.alpaca_confirmer | AlpacaConfirmer: cannot fetch chain for RIVN 2026-10-02: Client error '401 Unauthorized' for url 'https://api.tradier.com/v1/markets/quotes?symbols=RIVN261002C00005000%2CRIVN261002C00009000%2CRIVN261002C00010000%2CRIVN261002C00010500%2CRIVN261002C00011000%2CRIVN261002C00011500%2CRIVN261002C00012000%2CRIVN261002C00012500%2CRIVN261002C00013000%2CRIVN261002C00013500%2CRIVN261002C00014000%2CRIVN261002C00014500%2CRIVN261002C00015000%2CRIVN261002C00015500%2CRIVN261002C00016000%2CRIVN261002C00016500%2CRIVN261002C00017000%2CRIVN261002C00017500%2CRIVN261002C00018000%2CRIVN261002C00018500%2CRIVN261002C00019000%2CRIVN261002C00019500%2CRIVN261002C00020000%2CRIVN261002C00020500%2CRIVN261002C00021000%2CRIVN261002C00021500%2CRIVN261002C00022000%2CRIVN261002C00023000%2CRIVN261002C00024000%2CRIVN261002C00025000%2CRIVN261002C00030000%2CRIVN261002P00005000%2CRIVN261002P00009000%2CRIVN261002P00010000%2CRIVN261002P00010500%2CRIVN261002P00011000%2CRIVN261002P00011500%2CRIVN261002P00012000%2CRIVN261002P00012500%2CRIVN261002P00013000%2CRIVN261002P00013500%2CRIVN261002P00014000%2CRIVN261002P00014500%2CRIVN261002P00015000%2CRIVN261002P00015500%2CRIVN261002P00016000%2CRIVN261002P00016500%2CRIVN261002P00017000%2CRIVN261002P00017500%2CRIVN261002P00018000&greeks=true'
For more information check: https://developer.mozilla.org/en-US/docs/Web/HTTP/Status/401
2026-09-29T12:24:19 | WARNING  | app.scanning.alpaca_confirmer | AlpacaConfirmer: cannot fetch chain for HOOD 2026-10-02: Client error '401 Unauthorized' for url 'https://api.tradier.com/v1/markets/quotes?symbols=HOOD261002C00025000%2CHOOD261002C00030000%2CHOOD261002C00035000%2CHOOD261002C00040000%2CHOOD261002C00045000%2CHOOD261002C00050000%2CHOOD261002C00055000%2CHOOD261002C00060000%2CHOOD261002C00065000%2CHOOD261002C00070000%2CHOOD261002C00075000%2CHOOD261002C00080000%2CHOOD261002C00082000%2CHOOD261002C00083000%2CHOOD261002C00084000%2CHOOD261002C00085000%2CHOOD261002C00086000%2CHOOD261002C00087000%2CHOOD261002C00088000%2CHOOD261002C00089000%2CHOOD261002C00090000%2CHOOD261002C00091000%2CHOOD261002C00092000%2CHOOD261002C00093000%2CHOOD261002C00094000%2CHOOD261002C00095000%2CHOOD261002C00096000%2CHOOD261002C00097000%2CHOOD261002C00098000%2CHOOD261002C00099000%2CHOOD261002C00100000%2CHOOD261002C00101000%2CHOOD261002C00102000%2CHOOD261002C00103000%2CHOOD261002C00104000%2CHOOD261002C00105000%2CHOOD261002C00106000%2CHOOD261002C00107000%2CHOOD261002C00108000%2CHOOD261002C00109000%2CHOOD261002C00110000%2CHOOD261002C00111000%2CHOOD261002C00112000%2CHOOD261002C00113000%2CHOOD261002C00114000%2CHOOD261002C00115000%2CHOOD261002C00116000%2CHOOD261002C00117000%2CHOOD261002C00118000%2CHOOD261002C00119000&greeks=true'
For more information check: https://developer.mozilla.org/en-US/docs/Web/HTTP/Status/401
2026-09-29T12:24:19 | WARNING  | app.scanning.alpaca_confirmer | AlpacaConfirmer: cannot fetch chain for META 2026-10-02: Client error '401 Unauthorized' for url 'https://api.tradier.com/v1/markets/quotes?symbols=META261002C00100000%2CMETA261002C00110000%2CMETA261002C00120000%2CMETA261002C00130000%2CMETA261002C00140000%2CMETA261002C00150000%2CMETA261002C00160000%2CMETA261002C00170000%2CMETA261002C00180000%2CMETA261002C00190000%2CMETA261002C00200000%2CMETA261002C00210000%2CMETA261002C00220000%2CMETA261002C00230000%2CMETA261002C00240000%2CMETA261002C00250000%2CMETA261002C00260000%2CMETA261002C00270000%2CMETA261002C00280000%2CMETA261002C00290000%2CMETA261002C00300000%2CMETA261002C00310000%2CMETA261002C00320000%2CMETA261002C00330000%2CMETA261002C00340000%2CMETA261002C00350000%2CMETA261002C00360000%2CMETA261002C00370000%2CMETA261002C00380000%2CMETA261002C00390000%2CMETA261002C00400000%2CMETA261002C00405000%2CMETA261002C00410000%2CMETA261002C00415000%2CMETA261002C00420000%2CMETA261002C00425000%2CMETA261002C00430000%2CMETA261002C00435000%2CMETA261002C00440000%2CMETA261002C00445000%2CMETA261002C00450000%2CMETA261002C00455000%2CMETA261002C00460000%2CMETA261002C00465000%2CMETA261002C00470000%2CMETA261002C00475000%2CMETA261002C00480000%2CMETA261002C00485000%2CMETA261002C00490000%2CMETA261002C00495000&greeks=true'
For more information check: https://developer.mozilla.org/en-US/docs/Web/HTTP/Status/401
2026-09-29T12:24:19 | WARNING  | app.scanning.alpaca_confirmer | AlpacaConfirmer: cannot fetch chain for IWM 2026-10-01: Client error '401 Unauthorized' for url 'https://api.tradier.com/v1/markets/quotes?symbols=IWM261001C00180000%2CIWM261001C00190000%2CIWM261001C00200000%2CIWM261001C00205000%2CIWM261001C00210000%2CIWM261001C00215000%2CIWM261001C00220000%2CIWM261001C00225000%2CIWM261001C00230000%2CIWM261001C00235000%2CIWM261001C00240000%2CIWM261001C00245000%2CIWM261001C00250000%2CIWM261001C00255000%2CIWM261001C00260000%2CIWM261001C00261000%2CIWM261001C00262000%2CIWM261001C00263000%2CIWM261001C00264000%2CIWM261001C00265000%2CIWM261001C00266000%2CIWM261001C00267000%2CIWM261001C00268000%2CIWM261001C00269000%2CIWM261001C00270000%2CIWM261001C00271000%2CIWM261001C00272000%2CIWM261001C00273000%2CIWM261001C00274000%2CIWM261001C00275000%2CIWM261001C00276000%2CIWM261001C00277000%2CIWM261001C00278000%2CIWM261001C00279000%2CIWM261001C00280000%2CIWM261001C00281000%2CIWM261001C00282000%2CIWM261001C00283000%2CIWM261001C00284000%2CIWM261001C00285000%2CIWM261001C00286000%2CIWM261001C00287000%2CIWM261001C00288000%2CIWM261001C00289000%2CIWM261001C00290000%2CIWM261001C00291000%2CIWM261001C00292000%2CIWM261001C00293000%2CIWM261001C00294000%2CIWM261001C00295000&greeks=true'
For more information check: https://developer.mozilla.org/en-US/docs/Web/HTTP/Status/401
2026-09-29T12:24:19 | WARNING  | app.scanning.alpaca_confirmer | AlpacaConfirmer: cannot fetch chain for XLE 2026-10-02: Client error '401 Unauthorized' for url 'https://api.tradier.com/v1/markets/quotes?symbols=XLE261002C00035000%2CXLE261002C00040000%2CXLE261002C00045000%2CXLE261002C00048000%2CXLE261002C00049000%2CXLE261002C00050000%2CXLE261002C00051000%2CXLE261002C00052000%2CXLE261002C00053000%2CXLE261002C00054000%2CXLE261002C00054500%2CXLE261002C00055000%2CXLE261002C00055500%2CXLE261002C00056000%2CXLE261002C00056500%2CXLE261002C00057000%2CXLE261002C00057500%2CXLE261002C00058000%2CXLE261002C00058500%2CXLE261002C00059000%2CXLE261002C00059500%2CXLE261002C00060000%2CXLE261002C00060500%2CXLE261002C00061000%2CXLE261002C00061500%2CXLE261002C00062000%2CXLE261002C00062500%2CXLE261002C00063000%2CXLE261002C00063500%2CXLE261002C00064000%2CXLE261002C00064500%2CXLE261002C00065000%2CXLE261002C00065500%2CXLE261002C00066000%2CXLE261002C00066500%2CXLE261002C00067000%2CXLE261002C00068000%2CXLE261002C00068500%2CXLE261002C00069000%2CXLE261002C00070000%2CXLE261002C00071000%2CXLE261002C00075000%2CXLE261002C00080000%2CXLE261002P00035000%2CXLE261002P00040000%2CXLE261002P00045000%2CXLE261002P00048000%2CXLE261002P00049000%2CXLE261002P00050000%2CXLE261002P00051000&greeks=true'
For more information check: https://developer.mozilla.org/en-US/docs/Web/HTTP/Status/401
2026-09-29T12:24:19 | WARNING  | app.scanning.alpaca_confirmer | AlpacaConfirmer: cannot fetch chain for SOFI 2026-10-02: Client error '401 Unauthorized' for url 'https://api.tradier.com/v1/markets/quotes?symbols=SOFI261002C00005000%2CSOFI261002C00009000%2CSOFI261002C00010000%2CSOFI261002C00011000%2CSOFI261002C00011500%2CSOFI261002C00012000%2CSOFI261002C00012500%2CSOFI261002C00013000%2CSOFI261002C00013500%2CSOFI261002C00014000%2CSOFI261002C00014500%2CSOFI261002C00015000%2CSOFI261002C00015500%2CSOFI261002C00016000%2CSOFI261002C00016500%2CSOFI261002C00017000%2CSOFI261002C00017500%2CSOFI261002C00018000%2CSOFI261002C00018500%2CSOFI261002C00019000%2CSOFI261002C00019500%2CSOFI261002C00020000%2CSOFI261002C00020500%2CSOFI261002C00021000%2CSOFI261002C00021500%2CSOFI261002C00022000%2CSOFI261002C00022500%2CSOFI261002C00023000%2CSOFI261002C00023500%2CSOFI261002C00024000%2CSOFI261002C00025000%2CSOFI261002C00030000%2CSOFI261002P00005000%2CSOFI261002P00009000%2CSOFI261002P00010000%2CSOFI261002P00011000%2CSOFI261002P00011500%2CSOFI261002P00012000%2CSOFI261002P00012500%2CSOFI261002P00013000%2CSOFI261002P00013500%2CSOFI261002P00014000%2CSOFI261002P00014500%2CSOFI261002P00015000%2CSOFI261002P00015500%2CSOFI261002P00016000%2CSOFI261002P00016500%2CSOFI261002P00017000%2CSOFI261002P00017500%2CSOFI261002P00018000&greeks=true'
For more information check: https://developer.mozilla.org/en-US/docs/Web/HTTP/Status/401
2026-09-29T12:24:19 | WARNING  | app.scanning.alpaca_confirmer | AlpacaConfirmer: cannot fetch chain for XLF 2026-10-01: Client error '401 Unauthorized' for url 'https://api.tradier.com/v1/markets/quotes?symbols=XLF261001C00041000%2CXLF261001C00042000%2CXLF261001C00043000%2CXLF261001C00044000%2CXLF261001C00045000%2CXLF261001C00046000%2CXLF261001C00047000%2CXLF261001C00048000%2CXLF261001C00049000%2CXLF261001C00050000%2CXLF261001C00050500%2CXLF261001C00051000%2CXLF261001C00051500%2CXLF261001C00052000%2CXLF261001C00052500%2CXLF261001C00053000%2CXLF261001C00053500%2CXLF261001C00054000%2CXLF261001C00054500%2CXLF261001C00055000%2CXLF261001C00055500%2CXLF261001C00056000%2CXLF261001C00056500%2CXLF261001C00057000%2CXLF261001C00057500%2CXLF261001C00058000%2CXLF261001C00058500%2CXLF261001C00059000%2CXLF261001C00059500%2CXLF261001C00060000%2CXLF261001C00060500%2CXLF261001C00061000%2CXLF261001C00061500%2CXLF261001C00062000%2CXLF261001C00062500%2CXLF261001C00063000%2CXLF261001C00063500%2CXLF261001C00064000%2CXLF261001C00064500%2CXLF261001C00065000%2CXLF261001C00066000%2CXLF261001C00067000%2CXLF261001C00068000%2CXLF261001C00069000%2CXLF261001C00070000%2CXLF261001C00071000%2CXLF261001C00072000%2CXLF261001C00073000%2CXLF261001C00074000%2CXLF261001P00041000&greeks=true'
For more information check: https://developer.mozilla.org/en-US/docs/Web/HTTP/Status/401
2026-09-29T12:24:19 | WARNING  | app.scanning.alpaca_confirmer | AlpacaConfirmer: cannot fetch chain for RIOT 2026-10-02: Client error '401 Unauthorized' for url 'https://api.tradier.com/v1/markets/quotes?symbols=RIOT261002C00008000%2CRIOT261002C00009000%2CRIOT261002C00010000%2CRIOT261002C00011000%2CRIOT261002C00012000%2CRIOT261002C00013000%2CRIOT261002C00014000%2CRIOT261002C00015000%2CRIOT261002C00015500%2CRIOT261002C00016000%2CRIOT261002C00016500%2CRIOT261002C00017000%2CRIOT261002C00017500%2CRIOT261002C00018000%2CRIOT261002C00018500%2CRIOT261002C00019000%2CRIOT261002C00019500%2CRIOT261002C00020000%2CRIOT261002C00020500%2CRIOT261002C00021000%2CRIOT261002C00021500%2CRIOT261002C00022000%2CRIOT261002C00022500%2CRIOT261002C00023000%2CRIOT261002C00023500%2CRIOT261002C00024000%2CRIOT261002C00024500%2CRIOT261002C00025000%2CRIOT261002C00025500%2CRIOT261002C00026000%2CRIOT261002C00026500%2CRIOT261002C00027000%2CRIOT261002C00027500%2CRIOT261002C00028000%2CRIOT261002C00028500%2CRIOT261002C00029000%2CRIOT261002C00029500%2CRIOT261002C00030000%2CRIOT261002C00030500%2CRIOT261002C00031000%2CRIOT261002C00031500%2CRIOT261002C00032000%2CRIOT261002C00033000%2CRIOT261002C00034000%2CRIOT261002C00035000%2CRIOT261002P00008000%2CRIOT261002P00009000%2CRIOT261002P00010000%2CRIOT261002P00011000%2CRIOT261002P00012000&greeks=true'
For more information check: https://developer.mozilla.org/en-US/docs/Web/HTTP/Status/401
2026-09-29T12:24:19 | WARNING  | app.scanning.alpaca_confirmer | AlpacaConfirmer: cannot fetch chain for DKNG 2026-10-02: Client error '401 Unauthorized' for url 'https://api.tradier.com/v1/markets/quotes?symbols=DKNG261002C00011000%2CDKNG261002C00012000%2CDKNG261002C00013000%2CDKNG261002C00014000%2CDKNG261002C00015000%2CDKNG261002C00016000%2CDKNG261002C00017000%2CDKNG261002C00018000%2CDKNG261002C00019000%2CDKNG261002C00020000%2CDKNG261002C00020500%2CDKNG261002C00021000%2CDKNG261002C00021500%2CDKNG261002C00022000%2CDKNG261002C00022500%2CDKNG261002C00023000%2CDKNG261002C00023500%2CDKNG261002C00024000%2CDKNG261002C00024500%2CDKNG261002C00025000%2CDKNG261002C00025500%2CDKNG261002C00026000%2CDKNG261002C00026500%2CDKNG261002C00027000%2CDKNG261002C00027500%2CDKNG261002C00028000%2CDKNG261002C00028500%2CDKNG261002C00029000%2CDKNG261002C00030000%2CDKNG261002C00031000%2CDKNG261002C00032000%2CDKNG261002C00033000%2CDKNG261002C00034000%2CDKNG261002C00035000%2CDKNG261002C00036000%2CDKNG261002P00011000%2CDKNG261002P00012000%2CDKNG261002P00013000%2CDKNG261002P00014000%2CDKNG261002P00015000%2CDKNG261002P00016000%2CDKNG261002P00017000%2CDKNG261002P00018000%2CDKNG261002P00019000%2CDKNG261002P00020000%2CDKNG261002P00020500%2CDKNG261002P00021000%2CDKNG261002P00021500%2CDKNG261002P00022000%2CDKNG261002P00022500&greeks=true'
For more information check: https://developer.mozilla.org/en-US/docs/Web/HTTP/Status/401
2026-09-29T12:24:19 | WARNING  | app.scanning.alpaca_confirmer | AlpacaConfirmer: cannot fetch chain for GOOGL 2026-10-02: Client error '401 Unauthorized' for url 'https://api.tradier.com/v1/markets/quotes?symbols=GOOGL261002C00100000%2CGOOGL261002C00105000%2CGOOGL261002C00110000%2CGOOGL261002C00115000%2CGOOGL261002C00120000%2CGOOGL261002C00125000%2CGOOGL261002C00130000%2CGOOGL261002C00135000%2CGOOGL261002C00140000%2CGOOGL261002C00145000%2CGOOGL261002C00150000%2CGOOGL261002C00155000%2CGOOGL261002C00160000%2CGOOGL261002C00165000%2CGOOGL261002C00170000%2CGOOGL261002C00175000%2CGOOGL261002C00180000%2CGOOGL261002C00185000%2CGOOGL261002C00190000%2CGOOGL261002C00195000%2CGOOGL261002C00200000%2CGOOGL261002C00205000%2CGOOGL261002C00210000%2CGOOGL261002C00215000%2CGOOGL261002C00220000%2CGOOGL261002C00225000%2CGOOGL261002C00230000%2CGOOGL261002C00235000%2CGOOGL261002C00240000%2CGOOGL261002C00245000%2CGOOGL261002C00250000%2CGOOGL261002C00255000%2CGOOGL261002C00260000%2CGOOGL261002C00265000%2CGOOGL261002C00270000%2CGOOGL261002C00275000%2CGOOGL261002C00280000%2CGOOGL261002C00285000%2CGOOGL261002C00290000%2CGOOGL261002C00295000%2CGOOGL261002C00300000%2CGOOGL261002C00305000%2CGOOGL261002C00307500%2CGOOGL261002C00310000%2CGOOGL261002C00312500%2CGOOGL261002C00315000%2CGOOGL261002C00317500%2CGOOGL261002C00320000%2CGOOGL261002C00322500%2CGOOGL261002C00325000&greeks=true'
For more information check: https://developer.mozilla.org/en-US/docs/Web/HTTP/Status/401
2026-09-29T12:24:19 | WARNING  | app.scanning.alpaca_confirmer | AlpacaConfirmer: cannot fetch chain for AAPL 2026-10-02: Client error '401 Unauthorized' for url 'https://api.tradier.com/v1/markets/quotes?symbols=AAPL261002C00110000%2CAAPL261002C00120000%2CAAPL261002C00125000%2CAAPL261002C00130000%2CAAPL261002C00135000%2CAAPL261002C00140000%2CAAPL261002C00145000%2CAAPL261002C00150000%2CAAPL261002C00155000%2CAAPL261002C00160000%2CAAPL261002C00165000%2CAAPL261002C00170000%2CAAPL261002C00175000%2CAAPL261002C00180000%2CAAPL261002C00185000%2CAAPL261002C00190000%2CAAPL261002C00195000%2CAAPL261002C00200000%2CAAPL261002C00205000%2CAAPL261002C00210000%2CAAPL261002C00215000%2CAAPL261002C00220000%2CAAPL261002C00225000%2CAAPL261002C00230000%2CAAPL261002C00235000%2CAAPL261002C00240000%2CAAPL261002C00245000%2CAAPL261002C00250000%2CAAPL261002C00255000%2CAAPL261002C00260000%2CAAPL261002C00265000%2CAAPL261002C00270000%2CAAPL261002C00275000%2CAAPL261002C00280000%2CAAPL261002C00285000%2CAAPL261002C00290000%2CAAPL261002C00295000%2CAAPL261002C00297500%2CAAPL261002C00300000%2CAAPL261002C00302500%2CAAPL261002C00305000%2CAAPL261002C00307500%2CAAPL261002C00310000%2CAAPL261002C00312500%2CAAPL261002C00315000%2CAAPL261002C00317500%2CAAPL261002C00320000%2CAAPL261002C00322500%2CAAPL261002C00325000%2CAAPL261002C00327500&greeks=true'
For more information check: https://developer.mozilla.org/en-US/docs/Web/HTTP/Status/401
2026-09-29T12:24:20 | WARNING  | app.scanning.alpaca_confirmer | AlpacaConfirmer: cannot fetch chain for SPY 2026-10-01: Client error '401 Unauthorized' for url 'https://api.tradier.com/v1/markets/quotes?symbols=SPY261001C00550000%2CSPY261001C00555000%2CSPY261001C00560000%2CSPY261001C00565000%2CSPY261001C00570000%2CSPY261001C00575000%2CSPY261001C00580000%2CSPY261001C00585000%2CSPY261001C00590000%2CSPY261001C00595000%2CSPY261001C00600000%2CSPY261001C00605000%2CSPY261001C00610000%2CSPY261001C00615000%2CSPY261001C00620000%2CSPY261001C00625000%2CSPY261001C00630000%2CSPY261001C00635000%2CSPY261001C00640000%2CSPY261001C00645000%2CSPY261001C00650000%2CSPY261001C00655000%2CSPY261001C00660000%2CSPY261001C00665000%2CSPY261001C00670000%2CSPY261001C00675000%2CSPY261001C00680000%2CSPY261001C00685000%2CSPY261001C00690000%2CSPY261001C00695000%2CSPY261001C00700000%2CSPY261001C00705000%2CSPY261001C00710000%2CSPY261001C00715000%2CSPY261001C00718000%2CSPY261001C00719000%2CSPY261001C00720000%2CSPY261001C00721000%2CSPY261001C00722000%2CSPY261001C00723000%2CSPY261001C00724000%2CSPY261001C00725000%2CSPY261001C00726000%2CSPY261001C00727000%2CSPY261001C00728000%2CSPY261001C00729000%2CSPY261001C00730000%2CSPY261001C00731000%2CSPY261001C00732000%2CSPY261001C00733000&greeks=true'
For more information check: https://developer.mozilla.org/en-US/docs/Web/HTTP/Status/401
2026-09-29T12:24:20 | INFO     | session_runner | AlpacaConfirmer: 0 confirmed symbols: []
2026-09-29T12:24:20 | WARNING  | session_runner | Re-scan returned no confirmed symbols — falling back to ['SPY']
2026-09-29T12:24:20 | INFO     | session_runner | Broad-market regime | SPY=short
2026-09-29T12:24:20 | INFO     | session_runner | [bridge:SPY] rsi_trend ready: sufficient bars
2026-09-29T12:24:20 | INFO     | session_runner | Stale signal: SPY/vwap_reclaim age=79 min > max 10 min — skipped
2026-09-29T12:24:20 | INFO     | session_runner | Stale signal: SPY/orb age=144 min > max 10 min — skipped
2026-09-29T12:24:20 | INFO     | session_runner | Stale signal: SPY/vwap_reclaim age=154 min > max 10 min — skipped
2026-09-29T12:24:50 | INFO     | session_runner | [cycle 342] 12:24:50 ET | positions=0 | entries=0
2026-09-29T12:24:50 | INFO     | session_runner | [bridge:SPY] rsi_trend ready: sufficient bars
2026-09-29T12:24:50 | INFO     | session_runner | Stale signal: SPY/vwap_reclaim age=80 min > max 10 min — skipped
2026-09-29T12:24:50 | INFO     | session_runner | Stale signal: SPY/orb age=145 min > max 10 min — skipped
2026-09-29T12:24:50 | INFO     | session_runner | Stale signal: SPY/vwap_reclaim age=155 min > max 10 min — skipped
2026-09-29T12:25:20 | INFO     | session_runner | [cycle 343] 12:25:20 ET | positions=0 | entries=0
2026-09-29T12:25:20 | INFO     | session_runner | [bridge:SPY] rsi_trend ready: sufficient bars
2026-09-29T12:25:20 | INFO     | session_runner | Stale signal: SPY/vwap_reclaim age=80 min > max 10 min — skipped
2026-09-29T12:25:20 | INFO     | session_runner | Stale signal: SPY/orb age=145 min > max 10 min — skipped
2026-09-29T12:25:20 | INFO     | session_runner | Stale signal: SPY/vwap_reclaim age=155 min > max 10 min — skipped
2026-09-29T12:25:50 | INFO     | session_runner | [cycle 344] 12:25:50 ET | positions=0 | entries=0
2026-09-29T12:25:51 | INFO     | session_runner | [bridge:SPY] rsi_trend ready: sufficient bars
2026-09-29T12:25:51 | INFO     | session_runner | Stale signal: SPY/vwap_reclaim age=81 min > max 10 min — skipped
2026-09-29T12:25:51 | INFO     | session_runner | Stale signal: SPY/orb age=146 min > max 10 min — skipped
2026-09-29T12:25:51 | INFO     | session_runner | Stale signal: SPY/vwap_reclaim age=156 min > max 10 min — skipped
2026-09-29T12:26:21 | INFO     | session_runner | [cycle 345] 12:26:21 ET | positions=0 | entries=0
2026-09-29T12:26:21 | INFO     | session_runner | [bridge:SPY] rsi_trend ready: sufficient bars
2026-09-29T12:26:21 | INFO     | session_runner | Stale signal: SPY/vwap_reclaim age=81 min > max 10 min — skipped
2026-09-29T12:26:21 | INFO     | session_runner | Stale signal: SPY/orb age=146 min > max 10 min — skipped
2026-09-29T12:26:21 | INFO     | session_runner | Stale signal: SPY/vwap_reclaim age=156 min > max 10 min — skipped
2026-09-29T12:26:51 | INFO     | session_runner | [cycle 346] 12:26:51 ET | positions=0 | entries=0
2026-09-29T12:26:51 | INFO     | session_runner | [bridge:SPY] rsi_trend ready: sufficient bars
2026-09-29T12:26:51 | INFO     | session_runner | Stale signal: SPY/vwap_reclaim age=82 min > max 10 min — skipped
2026-09-29T12:26:51 | INFO     | session_runner | Stale signal: SPY/orb age=147 min > max 10 min — skipped
2026-09-29T12:26:51 | INFO     | session_runner | Stale signal: SPY/vwap_reclaim age=157 min > max 10 min — skipped
2026-09-29T12:27:21 | INFO     | session_runner | [cycle 347] 12:27:21 ET | positions=0 | entries=0
2026-09-29T12:27:21 | INFO     | session_runner | [bridge:SPY] rsi_trend ready: sufficient bars
2026-09-29T12:27:21 | INFO     | session_runner | Stale signal: SPY/vwap_reclaim age=82 min > max 10 min — skipped
2026-09-29T12:27:21 | INFO     | session_runner | Stale signal: SPY/orb age=147 min > max 10 min — skipped
2026-09-29T12:27:21 | INFO     | session_runner | Stale signal: SPY/vwap_reclaim age=157 min > max 10 min — skipped
2026-09-29T12:27:51 | INFO     | session_runner | [cycle 348] 12:27:51 ET | positions=0 | entries=0
2026-09-29T12:27:52 | INFO     | session_runner | [bridge:SPY] rsi_trend ready: sufficient bars
2026-09-29T12:27:52 | INFO     | session_runner | Stale signal: SPY/vwap_reclaim age=83 min > max 10 min — skipped
2026-09-29T12:27:52 | INFO     | session_runner | Stale signal: SPY/orb age=148 min > max 10 min — skipped
2026-09-29T12:27:52 | INFO     | session_runner | Stale signal: SPY/vwap_reclaim age=158 min > max 10 min — skipped
2026-09-29T12:28:22 | INFO     | session_runner | [cycle 349] 12:28:22 ET | positions=0 | entries=0
2026-09-29T12:28:22 | INFO     | session_runner | [bridge:SPY] rsi_trend ready: sufficient bars
2026-09-29T12:28:22 | INFO     | session_runner | Stale signal: SPY/vwap_reclaim age=83 min > max 10 min — skipped
2026-09-29T12:28:22 | INFO     | session_runner | Stale signal: SPY/orb age=148 min > max 10 min — skipped
2026-09-29T12:28:22 | INFO     | session_runner | Stale signal: SPY/vwap_reclaim age=158 min > max 10 min — skipped
2026-09-29T12:28:52 | INFO     | session_runner | [cycle 350] 12:28:52 ET | positions=0 | entries=0
2026-09-29T12:28:52 | INFO     | session_runner | [bridge:SPY] rsi_trend ready: sufficient bars
2026-09-29T12:28:52 | INFO     | session_runner | Stale signal: SPY/vwap_reclaim age=84 min > max 10 min — skipped
2026-09-29T12:28:52 | INFO     | session_runner | Stale signal: SPY/orb age=149 min > max 10 min — skipped
2026-09-29T12:28:52 | INFO     | session_runner | Stale signal: SPY/vwap_reclaim age=159 min > max 10 min — skipped
2026-09-29T12:29:22 | INFO     | session_runner | [cycle 351] 12:29:22 ET | positions=0 | entries=0
2026-09-29T12:29:22 | INFO     | session_runner | Periodic universe re-scan …
2026-09-29T12:29:22 | INFO     | app.scanning.universe_loader | UniverseLoader: loaded 5 groups (13 flat symbols) from config/ticker_universe.yaml (blacklist=0)
2026-09-29T12:29:22 | INFO     | app.scanning.universe_loader | UniverseLoader: 38 symbols from 4 group(s) (blacklist=0)
2026-09-29T12:29:22 | INFO     | session_runner | Universe scan: 38 symbols from 4 group(s) | max_active=6
2026-09-29T12:29:25 | INFO     | session_runner | Scan: 20 passed, 18 rejected
2026-09-29T12:29:25 | INFO     | session_runner |   GOOGL   score=70.0  signal=SHORT    reasons: rvol=1.11x (normal), atr=2.28% (wide-range), orb_breakdown
2026-09-29T12:29:25 | INFO     | session_runner |   RIVN    score=70.0  signal=LONG     reasons: rvol=1.51x (elevated), atr=4.23% (wide-range), orb_breakout
2026-09-29T12:29:25 | INFO     | session_runner |   DKNG    score=65.0  signal=SHORT    reasons: rvol=1.17x (normal), atr=5.59% (wide-range), orb_breakdown
2026-09-29T12:29:25 | INFO     | session_runner |   XLE     score=62.0  signal=LONG     reasons: rvol=1.30x (normal), atr=1.91% (wide-range), orb_breakout
2026-09-29T12:29:25 | INFO     | session_runner |   HOOD    score=62.0  signal=SHORT    reasons: atr=4.67% (wide-range), orb_breakdown, trend_sideways
2026-09-29T12:29:26 | WARNING  | app.scanning.alpaca_confirmer | AlpacaConfirmer: cannot fetch chain for RIVN 2026-10-02: Client error '401 Unauthorized' for url 'https://api.tradier.com/v1/markets/quotes?symbols=RIVN261002C00005000%2CRIVN261002C00009000%2CRIVN261002C00010000%2CRIVN261002C00010500%2CRIVN261002C00011000%2CRIVN261002C00011500%2CRIVN261002C00012000%2CRIVN261002C00012500%2CRIVN261002C00013000%2CRIVN261002C00013500%2CRIVN261002C00014000%2CRIVN261002C00014500%2CRIVN261002C00015000%2CRIVN261002C00015500%2CRIVN261002C00016000%2CRIVN261002C00016500%2CRIVN261002C00017000%2CRIVN261002C00017500%2CRIVN261002C00018000%2CRIVN261002C00018500%2CRIVN261002C00019000%2CRIVN261002C00019500%2CRIVN261002C00020000%2CRIVN261002C00020500%2CRIVN261002C00021000%2CRIVN261002C00021500%2CRIVN261002C00022000%2CRIVN261002C00023000%2CRIVN261002C00024000%2CRIVN261002C00025000%2CRIVN261002C00030000%2CRIVN261002P00005000%2CRIVN261002P00009000%2CRIVN261002P00010000%2CRIVN261002P00010500%2CRIVN261002P00011000%2CRIVN261002P00011500%2CRIVN261002P00012000%2CRIVN261002P00012500%2CRIVN261002P00013000%2CRIVN261002P00013500%2CRIVN261002P00014000%2CRIVN261002P00014500%2CRIVN261002P00015000%2CRIVN261002P00015500%2CRIVN261002P00016000%2CRIVN261002P00016500%2CRIVN261002P00017000%2CRIVN261002P00017500%2CRIVN261002P00018000&greeks=true'
For more information check: https://developer.mozilla.org/en-US/docs/Web/HTTP/Status/401
2026-09-29T12:29:26 | WARNING  | app.scanning.alpaca_confirmer | AlpacaConfirmer: cannot fetch chain for SOFI 2026-10-02: Client error '401 Unauthorized' for url 'https://api.tradier.com/v1/markets/quotes?symbols=SOFI261002C00005000%2CSOFI261002C00009000%2CSOFI261002C00010000%2CSOFI261002C00011000%2CSOFI261002C00011500%2CSOFI261002C00012000%2CSOFI261002C00012500%2CSOFI261002C00013000%2CSOFI261002C00013500%2CSOFI261002C00014000%2CSOFI261002C00014500%2CSOFI261002C00015000%2CSOFI261002C00015500%2CSOFI261002C00016000%2CSOFI261002C00016500%2CSOFI261002C00017000%2CSOFI261002C00017500%2CSOFI261002C00018000%2CSOFI261002C00018500%2CSOFI261002C00019000%2CSOFI261002C00019500%2CSOFI261002C00020000%2CSOFI261002C00020500%2CSOFI261002C00021000%2CSOFI261002C00021500%2CSOFI261002C00022000%2CSOFI261002C00022500%2CSOFI261002C00023000%2CSOFI261002C00023500%2CSOFI261002C00024000%2CSOFI261002C00025000%2CSOFI261002C00030000%2CSOFI261002P00005000%2CSOFI261002P00009000%2CSOFI261002P00010000%2CSOFI261002P00011000%2CSOFI261002P00011500%2CSOFI261002P00012000%2CSOFI261002P00012500%2CSOFI261002P00013000%2CSOFI261002P00013500%2CSOFI261002P00014000%2CSOFI261002P00014500%2CSOFI261002P00015000%2CSOFI261002P00015500%2CSOFI261002P00016000%2CSOFI261002P00016500%2CSOFI261002P00017000%2CSOFI261002P00017500%2CSOFI261002P00018000&greeks=true'
For more information check: https://developer.mozilla.org/en-US/docs/Web/HTTP/Status/401
2026-09-29T12:29:26 | WARNING  | app.scanning.alpaca_confirmer | AlpacaConfirmer: cannot fetch chain for HOOD 2026-10-02: Client error '401 Unauthorized' for url 'https://api.tradier.com/v1/markets/quotes?symbols=HOOD261002C00025000%2CHOOD261002C00030000%2CHOOD261002C00035000%2CHOOD261002C00040000%2CHOOD261002C00045000%2CHOOD261002C00050000%2CHOOD261002C00055000%2CHOOD261002C00060000%2CHOOD261002C00065000%2CHOOD261002C00070000%2CHOOD261002C00075000%2CHOOD261002C00080000%2CHOOD261002C00082000%2CHOOD261002C00083000%2CHOOD261002C00084000%2CHOOD261002C00085000%2CHOOD261002C00086000%2CHOOD261002C00087000%2CHOOD261002C00088000%2CHOOD261002C00089000%2CHOOD261002C00090000%2CHOOD261002C00091000%2CHOOD261002C00092000%2CHOOD261002C00093000%2CHOOD261002C00094000%2CHOOD261002C00095000%2CHOOD261002C00096000%2CHOOD261002C00097000%2CHOOD261002C00098000%2CHOOD261002C00099000%2CHOOD261002C00100000%2CHOOD261002C00101000%2CHOOD261002C00102000%2CHOOD261002C00103000%2CHOOD261002C00104000%2CHOOD261002C00105000%2CHOOD261002C00106000%2CHOOD261002C00107000%2CHOOD261002C00108000%2CHOOD261002C00109000%2CHOOD261002C00110000%2CHOOD261002C00111000%2CHOOD261002C00112000%2CHOOD261002C00113000%2CHOOD261002C00114000%2CHOOD261002C00115000%2CHOOD261002C00116000%2CHOOD261002C00117000%2CHOOD261002C00118000%2CHOOD261002C00119000&greeks=true'
For more information check: https://developer.mozilla.org/en-US/docs/Web/HTTP/Status/401
2026-09-29T12:29:26 | WARNING  | app.scanning.alpaca_confirmer | AlpacaConfirmer: cannot fetch chain for META 2026-10-02: Client error '401 Unauthorized' for url 'https://api.tradier.com/v1/markets/quotes?symbols=META261002C00100000%2CMETA261002C00110000%2CMETA261002C00120000%2CMETA261002C00130000%2CMETA261002C00140000%2CMETA261002C00150000%2CMETA261002C00160000%2CMETA261002C00170000%2CMETA261002C00180000%2CMETA261002C00190000%2CMETA261002C00200000%2CMETA261002C00210000%2CMETA261002C00220000%2CMETA261002C00230000%2CMETA261002C00240000%2CMETA261002C00250000%2CMETA261002C00260000%2CMETA261002C00270000%2CMETA261002C00280000%2CMETA261002C00290000%2CMETA261002C00300000%2CMETA261002C00310000%2CMETA261002C00320000%2CMETA261002C00330000%2CMETA261002C00340000%2CMETA261002C00350000%2CMETA261002C00360000%2CMETA261002C00370000%2CMETA261002C00380000%2CMETA261002C00390000%2CMETA261002C00400000%2CMETA261002C00405000%2CMETA261002C00410000%2CMETA261002C00415000%2CMETA261002C00420000%2CMETA261002C00425000%2CMETA261002C00430000%2CMETA261002C00435000%2CMETA261002C00440000%2CMETA261002C00445000%2CMETA261002C00450000%2CMETA261002C00455000%2CMETA261002C00460000%2CMETA261002C00465000%2CMETA261002C00470000%2CMETA261002C00475000%2CMETA261002C00480000%2CMETA261002C00485000%2CMETA261002C00490000%2CMETA261002C00495000&greeks=true'
For more information check: https://developer.mozilla.org/en-US/docs/Web/HTTP/Status/401
2026-09-29T12:29:26 | WARNING  | app.scanning.alpaca_confirmer | AlpacaConfirmer: cannot fetch chain for IWM 2026-10-01: Client error '401 Unauthorized' for url 'https://api.tradier.com/v1/markets/quotes?symbols=IWM261001C00180000%2CIWM261001C00190000%2CIWM261001C00200000%2CIWM261001C00205000%2CIWM261001C00210000%2CIWM261001C00215000%2CIWM261001C00220000%2CIWM261001C00225000%2CIWM261001C00230000%2CIWM261001C00235000%2CIWM261001C00240000%2CIWM261001C00245000%2CIWM261001C00250000%2CIWM261001C00255000%2CIWM261001C00260000%2CIWM261001C00261000%2CIWM261001C00262000%2CIWM261001C00263000%2CIWM261001C00264000%2CIWM261001C00265000%2CIWM261001C00266000%2CIWM261001C00267000%2CIWM261001C00268000%2CIWM261001C00269000%2CIWM261001C00270000%2CIWM261001C00271000%2CIWM261001C00272000%2CIWM261001C00273000%2CIWM261001C00274000%2CIWM261001C00275000%2CIWM261001C00276000%2CIWM261001C00277000%2CIWM261001C00278000%2CIWM261001C00279000%2CIWM261001C00280000%2CIWM261001C00281000%2CIWM261001C00282000%2CIWM261001C00283000%2CIWM261001C00284000%2CIWM261001C00285000%2CIWM261001C00286000%2CIWM261001C00287000%2CIWM261001C00288000%2CIWM261001C00289000%2CIWM261001C00290000%2CIWM261001C00291000%2CIWM261001C00292000%2CIWM261001C00293000%2CIWM261001C00294000%2CIWM261001C00295000&greeks=true'
For more information check: https://developer.mozilla.org/en-US/docs/Web/HTTP/Status/401
2026-09-29T12:29:26 | WARNING  | app.scanning.alpaca_confirmer | AlpacaConfirmer: cannot fetch chain for XLE 2026-10-02: Client error '401 Unauthorized' for url 'https://api.tradier.com/v1/markets/quotes?symbols=XLE261002C00035000%2CXLE261002C00040000%2CXLE261002C00045000%2CXLE261002C00048000%2CXLE261002C00049000%2CXLE261002C00050000%2CXLE261002C00051000%2CXLE261002C00052000%2CXLE261002C00053000%2CXLE261002C00054000%2CXLE261002C00054500%2CXLE261002C00055000%2CXLE261002C00055500%2CXLE261002C00056000%2CXLE261002C00056500%2CXLE261002C00057000%2CXLE261002C00057500%2CXLE261002C00058000%2CXLE261002C00058500%2CXLE261002C00059000%2CXLE261002C00059500%2CXLE261002C00060000%2CXLE261002C00060500%2CXLE261002C00061000%2CXLE261002C00061500%2CXLE261002C00062000%2CXLE261002C00062500%2CXLE261002C00063000%2CXLE261002C00063500%2CXLE261002C00064000%2CXLE261002C00064500%2CXLE261002C00065000%2CXLE261002C00065500%2CXLE261002C00066000%2CXLE261002C00066500%2CXLE261002C00067000%2CXLE261002C00068000%2CXLE261002C00068500%2CXLE261002C00069000%2CXLE261002C00070000%2CXLE261002C00071000%2CXLE261002C00075000%2CXLE261002C00080000%2CXLE261002P00035000%2CXLE261002P00040000%2CXLE261002P00045000%2CXLE261002P00048000%2CXLE261002P00049000%2CXLE261002P00050000%2CXLE261002P00051000&greeks=true'
For more information check: https://developer.mozilla.org/en-US/docs/Web/HTTP/Status/401
2026-09-29T12:29:26 | WARNING  | app.scanning.alpaca_confirmer | AlpacaConfirmer: cannot fetch chain for AAPL 2026-10-02: Client error '401 Unauthorized' for url 'https://api.tradier.com/v1/markets/quotes?symbols=AAPL261002C00110000%2CAAPL261002C00120000%2CAAPL261002C00125000%2CAAPL261002C00130000%2CAAPL261002C00135000%2CAAPL261002C00140000%2CAAPL261002C00145000%2CAAPL261002C00150000%2CAAPL261002C00155000%2CAAPL261002C00160000%2CAAPL261002C00165000%2CAAPL261002C00170000%2CAAPL261002C00175000%2CAAPL261002C00180000%2CAAPL261002C00185000%2CAAPL261002C00190000%2CAAPL261002C00195000%2CAAPL261002C00200000%2CAAPL261002C00205000%2CAAPL261002C00210000%2CAAPL261002C00215000%2CAAPL261002C00220000%2CAAPL261002C00225000%2CAAPL261002C00230000%2CAAPL261002C00235000%2CAAPL261002C00240000%2CAAPL261002C00245000%2CAAPL261002C00250000%2CAAPL261002C00255000%2CAAPL261002C00260000%2CAAPL261002C00265000%2CAAPL261002C00270000%2CAAPL261002C00275000%2CAAPL261002C00280000%2CAAPL261002C00285000%2CAAPL261002C00290000%2CAAPL261002C00295000%2CAAPL261002C00297500%2CAAPL261002C00300000%2CAAPL261002C00302500%2CAAPL261002C00305000%2CAAPL261002C00307500%2CAAPL261002C00310000%2CAAPL261002C00312500%2CAAPL261002C00315000%2CAAPL261002C00317500%2CAAPL261002C00320000%2CAAPL261002C00322500%2CAAPL261002C00325000%2CAAPL261002C00327500&greeks=true'
For more information check: https://developer.mozilla.org/en-US/docs/Web/HTTP/Status/401
2026-09-29T12:29:26 | WARNING  | app.scanning.alpaca_confirmer | AlpacaConfirmer: cannot fetch chain for XLF 2026-10-01: Client error '401 Unauthorized' for url 'https://api.tradier.com/v1/markets/quotes?symbols=XLF261001C00041000%2CXLF261001C00042000%2CXLF261001C00043000%2CXLF261001C00044000%2CXLF261001C00045000%2CXLF261001C00046000%2CXLF261001C00047000%2CXLF261001C00048000%2CXLF261001C00049000%2CXLF261001C00050000%2CXLF261001C00050500%2CXLF261001C00051000%2CXLF261001C00051500%2CXLF261001C00052000%2CXLF261001C00052500%2CXLF261001C00053000%2CXLF261001C00053500%2CXLF261001C00054000%2CXLF261001C00054500%2CXLF261001C00055000%2CXLF261001C00055500%2CXLF261001C00056000%2CXLF261001C00056500%2CXLF261001C00057000%2CXLF261001C00057500%2CXLF261001C00058000%2CXLF261001C00058500%2CXLF261001C00059000%2CXLF261001C00059500%2CXLF261001C00060000%2CXLF261001C00060500%2CXLF261001C00061000%2CXLF261001C00061500%2CXLF261001C00062000%2CXLF261001C00062500%2CXLF261001C00063000%2CXLF261001C00063500%2CXLF261001C00064000%2CXLF261001C00064500%2CXLF261001C00065000%2CXLF261001C00066000%2CXLF261001C00067000%2CXLF261001C00068000%2CXLF261001C00069000%2CXLF261001C00070000%2CXLF261001C00071000%2CXLF261001C00072000%2CXLF261001C00073000%2CXLF261001C00074000%2CXLF261001P00041000&greeks=true'
For more information check: https://developer.mozilla.org/en-US/docs/Web/HTTP/Status/401
2026-09-29T12:29:26 | WARNING  | app.scanning.alpaca_confirmer | AlpacaConfirmer: cannot fetch chain for SPY 2026-10-01: Client error '401 Unauthorized' for url 'https://api.tradier.com/v1/markets/quotes?symbols=SPY261001C00550000%2CSPY261001C00555000%2CSPY261001C00560000%2CSPY261001C00565000%2CSPY261001C00570000%2CSPY261001C00575000%2CSPY261001C00580000%2CSPY261001C00585000%2CSPY261001C00590000%2CSPY261001C00595000%2CSPY261001C00600000%2CSPY261001C00605000%2CSPY261001C00610000%2CSPY261001C00615000%2CSPY261001C00620000%2CSPY261001C00625000%2CSPY261001C00630000%2CSPY261001C00635000%2CSPY261001C00640000%2CSPY261001C00645000%2CSPY261001C00650000%2CSPY261001C00655000%2CSPY261001C00660000%2CSPY261001C00665000%2CSPY261001C00670000%2CSPY261001C00675000%2CSPY261001C00680000%2CSPY261001C00685000%2CSPY261001C00690000%2CSPY261001C00695000%2CSPY261001C00700000%2CSPY261001C00705000%2CSPY261001C00710000%2CSPY261001C00715000%2CSPY261001C00718000%2CSPY261001C00719000%2CSPY261001C00720000%2CSPY261001C00721000%2CSPY261001C00722000%2CSPY261001C00723000%2CSPY261001C00724000%2CSPY261001C00725000%2CSPY261001C00726000%2CSPY261001C00727000%2CSPY261001C00728000%2CSPY261001C00729000%2CSPY261001C00730000%2CSPY261001C00731000%2CSPY261001C00732000%2CSPY261001C00733000&greeks=true'
For more information check: https://developer.mozilla.org/en-US/docs/Web/HTTP/Status/401
2026-09-29T12:29:26 | WARNING  | app.scanning.alpaca_confirmer | AlpacaConfirmer: cannot fetch chain for DKNG 2026-10-02: Client error '401 Unauthorized' for url 'https://api.tradier.com/v1/markets/quotes?symbols=DKNG261002C00011000%2CDKNG261002C00012000%2CDKNG261002C00013000%2CDKNG261002C00014000%2CDKNG261002C00015000%2CDKNG261002C00016000%2CDKNG261002C00017000%2CDKNG261002C00018000%2CDKNG261002C00019000%2CDKNG261002C00020000%2CDKNG261002C00020500%2CDKNG261002C00021000%2CDKNG261002C00021500%2CDKNG261002C00022000%2CDKNG261002C00022500%2CDKNG261002C00023000%2CDKNG261002C00023500%2CDKNG261002C00024000%2CDKNG261002C00024500%2CDKNG261002C00025000%2CDKNG261002C00025500%2CDKNG261002C00026000%2CDKNG261002C00026500%2CDKNG261002C00027000%2CDKNG261002C00027500%2CDKNG261002C00028000%2CDKNG261002C00028500%2CDKNG261002C00029000%2CDKNG261002C00030000%2CDKNG261002C00031000%2CDKNG261002C00032000%2CDKNG261002C00033000%2CDKNG261002C00034000%2CDKNG261002C00035000%2CDKNG261002C00036000%2CDKNG261002P00011000%2CDKNG261002P00012000%2CDKNG261002P00013000%2CDKNG261002P00014000%2CDKNG261002P00015000%2CDKNG261002P00016000%2CDKNG261002P00017000%2CDKNG261002P00018000%2CDKNG261002P00019000%2CDKNG261002P00020000%2CDKNG261002P00020500%2CDKNG261002P00021000%2CDKNG261002P00021500%2CDKNG261002P00022000%2CDKNG261002P00022500&greeks=true'
For more information check: https://developer.mozilla.org/en-US/docs/Web/HTTP/Status/401
2026-09-29T12:29:26 | WARNING  | app.scanning.alpaca_confirmer | AlpacaConfirmer: cannot fetch chain for MSFT 2026-10-02: Client error '401 Unauthorized' for url 'https://api.tradier.com/v1/markets/quotes?symbols=MSFT261002C00270000%2CMSFT261002C00280000%2CMSFT261002C00290000%2CMSFT261002C00300000%2CMSFT261002C00305000%2CMSFT261002C00310000%2CMSFT261002C00315000%2CMSFT261002C00320000%2CMSFT261002C00325000%2CMSFT261002C00330000%2CMSFT261002C00335000%2CMSFT261002C00340000%2CMSFT261002C00345000%2CMSFT261002C00350000%2CMSFT261002C00355000%2CMSFT261002C00360000%2CMSFT261002C00365000%2CMSFT261002C00370000%2CMSFT261002C00375000%2CMSFT261002C00380000%2CMSFT261002C00385000%2CMSFT261002C00390000%2CMSFT261002C00395000%2CMSFT261002C00400000%2CMSFT261002C00405000%2CMSFT261002C00410000%2CMSFT261002C00415000%2CMSFT261002C00420000%2CMSFT261002C00425000%2CMSFT261002C00430000%2CMSFT261002C00435000%2CMSFT261002C00437500%2CMSFT261002C00440000%2CMSFT261002C00442500%2CMSFT261002C00445000%2CMSFT261002C00447500%2CMSFT261002C00450000%2CMSFT261002C00452500%2CMSFT261002C00455000%2CMSFT261002C00457500%2CMSFT261002C00460000%2CMSFT261002C00462500%2CMSFT261002C00465000%2CMSFT261002C00467500%2CMSFT261002C00470000%2CMSFT261002C00472500%2CMSFT261002C00475000%2CMSFT261002C00477500%2CMSFT261002C00480000%2CMSFT261002C00482500&greeks=true'
For more information check: https://developer.mozilla.org/en-US/docs/Web/HTTP/Status/401
2026-09-29T12:29:26 | WARNING  | app.scanning.alpaca_confirmer | AlpacaConfirmer: cannot fetch chain for GOOGL 2026-10-02: Client error '401 Unauthorized' for url 'https://api.tradier.com/v1/markets/quotes?symbols=GOOGL261002C00100000%2CGOOGL261002C00105000%2CGOOGL261002C00110000%2CGOOGL261002C00115000%2CGOOGL261002C00120000%2CGOOGL261002C00125000%2CGOOGL261002C00130000%2CGOOGL261002C00135000%2CGOOGL261002C00140000%2CGOOGL261002C00145000%2CGOOGL261002C00150000%2CGOOGL261002C00155000%2CGOOGL261002C00160000%2CGOOGL261002C00165000%2CGOOGL261002C00170000%2CGOOGL261002C00175000%2CGOOGL261002C00180000%2CGOOGL261002C00185000%2CGOOGL261002C00190000%2CGOOGL261002C00195000%2CGOOGL261002C00200000%2CGOOGL261002C00205000%2CGOOGL261002C00210000%2CGOOGL261002C00215000%2CGOOGL261002C00220000%2CGOOGL261002C00225000%2CGOOGL261002C00230000%2CGOOGL261002C00235000%2CGOOGL261002C00240000%2CGOOGL261002C00245000%2CGOOGL261002C00250000%2CGOOGL261002C00255000%2CGOOGL261002C00260000%2CGOOGL261002C00265000%2CGOOGL261002C00270000%2CGOOGL261002C00275000%2CGOOGL261002C00280000%2CGOOGL261002C00285000%2CGOOGL261002C00290000%2CGOOGL261002C00295000%2CGOOGL261002C00300000%2CGOOGL261002C00305000%2CGOOGL261002C00307500%2CGOOGL261002C00310000%2CGOOGL261002C00312500%2CGOOGL261002C00315000%2CGOOGL261002C00317500%2CGOOGL261002C00320000%2CGOOGL261002C00322500%2CGOOGL261002C00325000&greeks=true'
For more information check: https://developer.mozilla.org/en-US/docs/Web/HTTP/Status/401
2026-09-29T12:29:26 | INFO     | session_runner | AlpacaConfirmer: 0 confirmed symbols: []
2026-09-29T12:29:26 | WARNING  | session_runner | Re-scan returned no confirmed symbols — falling back to ['SPY']
2026-09-29T12:29:26 | INFO     | session_runner | Broad-market regime | SPY=short
2026-09-29T12:29:26 | INFO     | session_runner | [bridge:SPY] rsi_trend ready: sufficient bars
2026-09-29T12:29:26 | INFO     | session_runner | Stale signal: SPY/vwap_reclaim age=84 min > max 10 min — skipped
2026-09-29T12:29:26 | INFO     | session_runner | Stale signal: SPY/orb age=149 min > max 10 min — skipped
2026-09-29T12:29:26 | INFO     | session_runner | Stale signal: SPY/vwap_reclaim age=159 min > max 10 min — skipped
2026-09-29T12:29:56 | INFO     | session_runner | [cycle 352] 12:29:56 ET | positions=0 | entries=0
2026-09-29T12:29:56 | INFO     | session_runner | [bridge:SPY] rsi_trend ready: sufficient bars
2026-09-29T12:29:56 | INFO     | session_runner | Stale signal: SPY/vwap_reclaim age=85 min > max 10 min — skipped
2026-09-29T12:29:56 | INFO     | session_runner | Stale signal: SPY/orb age=150 min > max 10 min — skipped
2026-09-29T12:29:56 | INFO     | session_runner | Stale signal: SPY/vwap_reclaim age=160 min > max 10 min — skipped
2026-09-29T12:30:26 | INFO     | session_runner | [cycle 353] 12:30:26 ET | positions=0 | entries=0
2026-09-29T12:30:26 | WARNING  | session_runner | EOD time reached — cancelling pending orders and liquidating all positions
2026-09-29T12:30:26 | INFO     | session_runner | EOD complete — exiting session loop
2026-09-29T12:30:26 | INFO     | session_runner | Shutdown: 0 position(s) open, 0 order(s) pending
2026-09-29T12:30:26 | INFO     | session_runner | Health report: {"session_date": "2026-09-29", "generated_at": "2026-09-29T12:30:26.746956-04:00", "api_errors": 0, "data_feed_errors": 0, "reconciliation_warnings": [], "trades": {"total_closed": 0, "wins": 0, "losses": 0, "breakevens": 0, "missing_pnl": 0, "win_rate": 0.0, "still_open": 0, "rejected": 0, "cancelled": 0}, "realized_pnl": 0, "pnl_complete": true, "unrealized_pnl": 0, "avg_win": 0.0, "avg_loss": 0.0, "max_drawdown": 0.0, "orders": {"submitted": 0, "filled": 0, "partial_fills": 0, "cancelled": 0, "stale_cancels": 0, "rejected": 0, "status_breakdown": {}}, "by_strategy": {}}
2026-09-29T12:30:26 | INFO     | session_runner | Health report written to logs/session_2026-09-29.json
2026-09-29T12:30:26 | INFO     | app.evaluation.post_session | Post-session: ORB forward performance: 0 rows updated
2026-09-29T12:30:27 | INFO     | app.evaluation.post_session | Post-session: evaluation report saved → evaluation/reports/2026-09-29.json
2026-09-29T12:30:27 | INFO     | app.evaluation.post_session | Post-session: using separate scaled-sizing ledger evaluation/ledger.options_tradier.guardrails_v3_tradier_options_2026_09_08.paper_scaled_250_cap_10.guardrails_v3_shadow_validation.json
2026-09-29T12:30:27 | INFO     | app.evaluation.ledger | Evaluation ledger saved to evaluation/ledger.options_tradier.guardrails_v3_tradier_options_2026_09_08.paper_scaled_250_cap_10.guardrails_v3_shadow_validation.json (13 session(s))
2026-09-29T12:30:27 | INFO     | app.evaluation.post_session | Post-session complete | date=2026-09-29 | cancelled=0 | report=evaluation/reports/2026-09-29.json | ledger=True
2026-09-29T12:30:27 | INFO     | session_runner | Post-session evaluation | report=evaluation/reports/2026-09-29.json | ledger_updated=True | errors=none
2026-09-29T12:30:27 | INFO     | session_runner | Session complete | cycles=353 | entry_orders_placed=0 | pnl=0.00

  Session complete — 353 cycles | 0 entry order(s) | P&L $0.00

