2026-10-06T09:30:07 | INFO     | root | Logging configured | level=INFO | dir=logs | handlers=6 | session_redirected=True
2026-10-06T09:30:12 | INFO     | app.brokers.factory | Creating broker adapter | broker=alpaca | live=False
2026-10-06T09:30:12 | INFO     | app.brokers.alpaca_broker | AlpacaBroker initialised | paper=True | trade_url=https://paper-api.alpaca.markets | data_url=https://data.alpaca.markets
2026-10-06T09:30:12 | INFO     | app.utils.alerting | AlertService: No channels configured — alerts suppressed
2026-10-06T09:30:12 | INFO     | session_runner | RSITrendStrategy config | rsi_period=14 | rsi_oversold=35.0 | rsi_overbought=65.0 | trend_ema_period=50 | min_bars_required=55 | bar_interval=5m | mode=standard
2026-10-06T09:30:12 | INFO     | session_runner | Session runner starting | mode=PAPER | symbols=['SPY'] | universe=grouped | poll=30s
2026-10-06T09:30:12 | WARNING  | session_runner | Scaled cohort guardrails_v3_shadow_validation | broker entries blocked symbols=QQQ strategies=vwap_reclaim,orb | DTE=2-8 | delta_required=True | signal_age=10min | exit_variants=True

════════════════════════════════════════════════════════════
  Session Runner — 2026-10-06  [PAPER]
  Market: 09:30 – 16:00 ET
  EOD exit: 12:30 ET  |  Poll: every 30s
════════════════════════════════════════════════════════════

2026-10-06T09:30:12 | INFO     | app.evaluation.pre_session | pre_session [PASS] paper_mode_confirmed: Live trading disabled — paper mode confirmed
2026-10-06T09:30:12 | INFO     | app.evaluation.pre_session | pre_session [PASS] kill_switch_inactive: Kill switch inactive
2026-10-06T09:30:12 | INFO     | app.evaluation.pre_session | pre_session [PASS] market_day: Today is Tuesday 2026-10-06 — trading day
2026-10-06T09:30:12 | INFO     | app.evaluation.pre_session | pre_session [PASS] broker_reachable: Broker reachable — paper=True
2026-10-06T09:30:12 | INFO     | app.evaluation.pre_session | pre_session [PASS] db_writable: Database accessible and writable
2026-10-06T09:30:12 | INFO     | app.evaluation.pre_session | pre_session [PASS] logs_writable: Log directory writable: logs
2026-10-06T09:30:12 | INFO     | app.evaluation.pre_session | pre_session [PASS] daily_loss_reset: Daily PnL at zero — fresh session
2026-10-06T09:30:12 | INFO     | app.evaluation.pre_session | pre_session [PASS] no_stale_pending_orders: No stale pending orders from prior sessions
2026-10-06T09:30:12 | INFO     | app.evaluation.pre_session | pre_session [WARMING_UP] data_feed_fresh: First completed regular-session 5Min bar is expected at 09:35 ET; SPY equity quote age=0.0s; quote_valid_and_fresh=True; bar readiness unverified
Pre-session checklist:
  ✓  [required]  paper_mode_confirmed            Live trading disabled — paper mode confirmed
  ✓  [required]  kill_switch_inactive            Kill switch inactive
  ✓  [advisory]  market_day                      Today is Tuesday 2026-10-06 — trading day
  ✓  [required]  broker_reachable                Broker reachable — paper=True
  ✓  [required]  db_writable                     Database accessible and writable
  ✓  [required]  logs_writable                   Log directory writable: logs
  ✓  [required]  daily_loss_reset                Daily PnL at zero — fresh session
  ✓  [required]  no_stale_pending_orders         No stale pending orders from prior sessions
  ⚠  [advisory]  data_feed_fresh                 WARMING_UP: First completed regular-session 5Min bar is expected at 09:35 ET; SPY equity quote age=0.0s; quote_valid_and_fresh=True; bar readiness unverified

  Result: PASS
2026-10-06T09:30:12 | INFO     | session_runner | Pre-session checklist results:
Pre-session checklist:
  ✓  [required]  paper_mode_confirmed            Live trading disabled — paper mode confirmed
  ✓  [required]  kill_switch_inactive            Kill switch inactive
  ✓  [advisory]  market_day                      Today is Tuesday 2026-10-06 — trading day
  ✓  [required]  broker_reachable                Broker reachable — paper=True
  ✓  [required]  db_writable                     Database accessible and writable
  ✓  [required]  logs_writable                   Log directory writable: logs
  ✓  [required]  daily_loss_reset                Daily PnL at zero — fresh session
  ✓  [required]  no_stale_pending_orders         No stale pending orders from prior sessions
  ⚠  [advisory]  data_feed_fresh                 WARMING_UP: First completed regular-session 5Min bar is expected at 09:35 ET; SPY equity quote age=0.0s; quote_valid_and_fresh=True; bar readiness unverified

  Result: PASS
2026-10-06T09:30:12 | INFO     | session_runner | Pre-session checks PASSED — proceeding
2026-10-06T09:30:12 | INFO     | app.risk.risk_manager | RiskManager: new session 2026-10-06 | starting_equity=98461.40
2026-10-06T09:30:12 | INFO     | session_runner | Account: equity=98461.40 paper=True
2026-10-06T09:30:12 | INFO     | session_runner | Paper endpoint verified | hostname=paper-api.alpaca.markets key_prefix=PK
2026-10-06T09:30:12 | INFO     | app.trading.session_recovery | Recovery: _pending_entries set to 0 (broker-confirmed open orders; DB had 0 rows)
2026-10-06T09:30:12 | INFO     | app.risk.risk_manager | RiskManager: counters restored from DB | entries 0→0 | pending 0→0 | losses=0 | pnl 0.00
2026-10-06T09:30:12 | INFO     | app.trading.session_recovery | Recovery complete: 0 pending orders, 0 broker positions, 0 warnings, 0 errors
2026-10-06T09:30:12 | INFO     | session_runner | Session context: {"broker_entry_strategies": [], "diagnostic_only_strategies": ["rsi_trend"], "evaluation_cohort": "guardrails_v3_tradier_options_2026_09_08", "observation_review_targets": {"eligible_opportunities": 10, "scheduled_sessions": 5}, "options_data_adapter_hash": "567d1f77", "options_data_provider": "tradier", "replay_policy": {"close_buffer_minutes": 15, "contract_cap": 10, "cooldown_minutes": 15.0, "correlated_groups": "broad_index:SPY,QQQ,IWM,DIA", "daily_loss_dollars": 250.0, "entry_filters": {"blocked_symbols": "QQQ", "confirm_market_regime": true, "delta_max": 0.45, "delta_min": 0.35, "entry_marketable_offset_pct": 0.01, "entry_price_mode": "marketable_limit", "global_ranking": true, "max_dte": 8, "max_signal_age_minutes": 10, "max_spread_pct": 0.1, "min_dte": 2, "min_open_interest": 100, "min_quality": 3.0, "min_volume": 50, "preferred_dte": [0, 1, 2], "require_delta": true}, "entry_timeout_seconds": 120.0, "eod_exit_time": "12:30", "exit_variants_enabled": true, "guardrails": true, "market_close": "16:00", "market_open": "09:30", "max_active_positions": 1, "max_daily_loss_fraction": 0.02, "max_entries": 3, "max_hold_minutes": 120, "max_losing_trades": 2, "max_risk_per_trade": 0.01, "max_symbols": 3, "min_entry_minutes_before_eod": 30, "one_entry_per_symbol_per_day": true, "open_buffer_minutes": 15, "orb_reservation": true, "orb_reserve_until": "11:30", "partial_fraction": 0.5, "premium_budget": 250.0, "scaled_sizing": true, "schema_version": 1, "stop_loss_pct": 0.5, "take_profit_pct": 1.0, "trailing_activation_pct": 0.25, "trailing_stop_pct": 0.25, "variant_trigger_pct": 0.25}, "replay_policy_hash": "7ffc555cb32513d5", "runner_started_at": "2026-10-06T09:30:12.887451-04:00", "scheduled_start_at": "2026-10-06T09:30:00-04:00", "schema_version": 1, "session_labels": [], "shadow_model_version": "4", "shadow_only_strategies": ["orb", "vwap_reclaim"], "start_delay_seconds": 12.887, "starting_equity": 98461.4}
2026-10-06T09:30:12 | INFO     | session_runner | Running pre-session universe scan (mode=grouped) …
2026-10-06T09:30:12 | INFO     | app.scanning.universe_loader | UniverseLoader: loaded 5 groups (13 flat symbols) from config/ticker_universe.yaml (blacklist=0)
2026-10-06T09:30:12 | INFO     | app.scanning.universe_loader | UniverseLoader: 38 symbols from 4 group(s) (blacklist=0)
2026-10-06T09:30:12 | INFO     | session_runner | Universe scan: 38 symbols from 4 group(s) | max_active=6
2026-10-06T09:30:20 | WARNING  | app.scanning.yfinance_scanner | YFinanceScanner: SPY intraday data stale (age=5113s, threshold=1200s)
2026-10-06T09:30:21 | WARNING  | app.scanning.yfinance_scanner | YFinanceScanner: no intraday bars for XLK today — falling back to previous_close=200.96
2026-10-06T09:30:21 | WARNING  | app.scanning.yfinance_scanner | YFinanceScanner: XLK intraday data stale (age=no bars, threshold=1200s)
2026-10-06T09:30:21 | WARNING  | app.scanning.yfinance_scanner | YFinanceScanner: no intraday bars for DIA today — falling back to previous_close=512.02
2026-10-06T09:30:21 | WARNING  | app.scanning.yfinance_scanner | YFinanceScanner: DIA intraday data stale (age=no bars, threshold=1200s)
2026-10-06T09:30:21 | WARNING  | app.scanning.yfinance_scanner | YFinanceScanner: no intraday bars for XLF today — falling back to previous_close=53.87
2026-10-06T09:30:21 | WARNING  | app.scanning.yfinance_scanner | YFinanceScanner: XLF intraday data stale (age=no bars, threshold=1200s)
2026-10-06T09:30:21 | WARNING  | app.scanning.yfinance_scanner | YFinanceScanner: no intraday bars for XLE today — falling back to previous_close=63.44
2026-10-06T09:30:21 | WARNING  | app.scanning.yfinance_scanner | YFinanceScanner: XLE intraday data stale (age=no bars, threshold=1200s)
2026-10-06T09:30:21 | WARNING  | app.scanning.yfinance_scanner | YFinanceScanner: no intraday bars for XLY today — falling back to previous_close=110.40
2026-10-06T09:30:21 | WARNING  | app.scanning.yfinance_scanner | YFinanceScanner: XLY intraday data stale (age=no bars, threshold=1200s)
2026-10-06T09:30:21 | WARNING  | app.scanning.yfinance_scanner | YFinanceScanner: SMH intraday data stale (age=3313s, threshold=1200s)
2026-10-06T09:30:21 | WARNING  | app.scanning.yfinance_scanner | YFinanceScanner: no intraday bars for MSFT today — falling back to previous_close=525.01
2026-10-06T09:30:21 | WARNING  | app.scanning.yfinance_scanner | YFinanceScanner: MSFT intraday data stale (age=no bars, threshold=1200s)
2026-10-06T09:30:21 | WARNING  | app.scanning.yfinance_scanner | YFinanceScanner: no intraday bars for NVDA today — falling back to previous_close=238.98
2026-10-06T09:30:21 | WARNING  | app.scanning.yfinance_scanner | YFinanceScanner: NVDA intraday data stale (age=no bars, threshold=1200s)
2026-10-06T09:30:21 | WARNING  | app.scanning.yfinance_scanner | YFinanceScanner: AAPL intraday data stale (age=4213s, threshold=1200s)
2026-10-06T09:30:21 | WARNING  | app.scanning.yfinance_scanner | YFinanceScanner: no intraday bars for GOOGL today — falling back to previous_close=346.46
2026-10-06T09:30:21 | WARNING  | app.scanning.yfinance_scanner | YFinanceScanner: GOOGL intraday data stale (age=no bars, threshold=1200s)
2026-10-06T09:30:21 | WARNING  | app.scanning.yfinance_scanner | YFinanceScanner: no intraday bars for AMZN today — falling back to previous_close=251.28
2026-10-06T09:30:21 | WARNING  | app.scanning.yfinance_scanner | YFinanceScanner: AMZN intraday data stale (age=no bars, threshold=1200s)
2026-10-06T09:30:21 | WARNING  | app.scanning.yfinance_scanner | YFinanceScanner: no intraday bars for AMD today — falling back to previous_close=631.96
2026-10-06T09:30:21 | WARNING  | app.scanning.yfinance_scanner | YFinanceScanner: AMD intraday data stale (age=no bars, threshold=1200s)
2026-10-06T09:30:21 | WARNING  | app.scanning.yfinance_scanner | YFinanceScanner: META intraday data stale (age=1513s, threshold=1200s)
2026-10-06T09:30:21 | WARNING  | app.scanning.yfinance_scanner | YFinanceScanner: TSLA intraday data stale (age=3313s, threshold=1200s)
2026-10-06T09:30:22 | WARNING  | app.scanning.yfinance_scanner | YFinanceScanner: no intraday bars for ARM today — falling back to previous_close=302.86
2026-10-06T09:30:22 | WARNING  | app.scanning.yfinance_scanner | YFinanceScanner: ARM intraday data stale (age=no bars, threshold=1200s)
2026-10-06T09:30:22 | WARNING  | app.scanning.yfinance_scanner | YFinanceScanner: MSTR intraday data stale (age=5413s, threshold=1200s)
2026-10-06T09:30:22 | WARNING  | app.scanning.yfinance_scanner | YFinanceScanner: no intraday bars for PLTR today — falling back to previous_close=189.31
2026-10-06T09:30:22 | WARNING  | app.scanning.yfinance_scanner | YFinanceScanner: PLTR intraday data stale (age=no bars, threshold=1200s)
2026-10-06T09:30:22 | WARNING  | app.scanning.yfinance_scanner | YFinanceScanner: no intraday bars for COIN today — falling back to previous_close=188.19
2026-10-06T09:30:22 | WARNING  | app.scanning.yfinance_scanner | YFinanceScanner: COIN intraday data stale (age=no bars, threshold=1200s)
2026-10-06T09:30:22 | WARNING  | app.scanning.yfinance_scanner | YFinanceScanner: no intraday bars for SHOP today — falling back to previous_close=160.10
2026-10-06T09:30:22 | WARNING  | app.scanning.yfinance_scanner | YFinanceScanner: SHOP intraday data stale (age=no bars, threshold=1200s)
2026-10-06T09:30:22 | WARNING  | app.scanning.yfinance_scanner | YFinanceScanner: no intraday bars for SNOW today — falling back to previous_close=338.93
2026-10-06T09:30:22 | WARNING  | app.scanning.yfinance_scanner | YFinanceScanner: SNOW intraday data stale (age=no bars, threshold=1200s)
2026-10-06T09:30:22 | WARNING  | app.scanning.yfinance_scanner | YFinanceScanner: no intraday bars for NET today — falling back to previous_close=359.47
2026-10-06T09:30:22 | WARNING  | app.scanning.yfinance_scanner | YFinanceScanner: NET intraday data stale (age=no bars, threshold=1200s)
2026-10-06T09:30:22 | WARNING  | app.scanning.yfinance_scanner | YFinanceScanner: no intraday bars for DDOG today — falling back to previous_close=276.21
2026-10-06T09:30:22 | WARNING  | app.scanning.yfinance_scanner | YFinanceScanner: DDOG intraday data stale (age=no bars, threshold=1200s)
2026-10-06T09:30:22 | WARNING  | app.scanning.yfinance_scanner | YFinanceScanner: CRWD intraday data stale (age=3613s, threshold=1200s)
2026-10-06T09:30:22 | WARNING  | app.scanning.yfinance_scanner | YFinanceScanner: no intraday bars for RIVN today — falling back to previous_close=14.61
2026-10-06T09:30:22 | WARNING  | app.scanning.yfinance_scanner | YFinanceScanner: RIVN intraday data stale (age=no bars, threshold=1200s)
2026-10-06T09:30:22 | WARNING  | app.scanning.yfinance_scanner | YFinanceScanner: no intraday bars for MARA today — falling back to previous_close=11.18
2026-10-06T09:30:22 | WARNING  | app.scanning.yfinance_scanner | YFinanceScanner: MARA intraday data stale (age=no bars, threshold=1200s)
2026-10-06T09:30:22 | WARNING  | app.scanning.yfinance_scanner | YFinanceScanner: no intraday bars for HOOD today — falling back to previous_close=114.13
2026-10-06T09:30:22 | WARNING  | app.scanning.yfinance_scanner | YFinanceScanner: HOOD intraday data stale (age=no bars, threshold=1200s)
2026-10-06T09:30:23 | WARNING  | app.scanning.yfinance_scanner | YFinanceScanner: no intraday bars for RIOT today — falling back to previous_close=19.32
2026-10-06T09:30:23 | WARNING  | app.scanning.yfinance_scanner | YFinanceScanner: RIOT intraday data stale (age=no bars, threshold=1200s)
2026-10-06T09:30:23 | WARNING  | app.scanning.yfinance_scanner | YFinanceScanner: no intraday bars for ROKU today — falling back to previous_close=153.42
2026-10-06T09:30:23 | WARNING  | app.scanning.yfinance_scanner | YFinanceScanner: ROKU intraday data stale (age=no bars, threshold=1200s)
2026-10-06T09:30:23 | WARNING  | app.scanning.yfinance_scanner | YFinanceScanner: no intraday bars for LYFT today — falling back to previous_close=15.75
2026-10-06T09:30:23 | WARNING  | app.scanning.yfinance_scanner | YFinanceScanner: LYFT intraday data stale (age=no bars, threshold=1200s)
2026-10-06T09:30:23 | WARNING  | app.scanning.yfinance_scanner | YFinanceScanner: no intraday bars for AFRM today — falling back to previous_close=74.73
2026-10-06T09:30:23 | WARNING  | app.scanning.yfinance_scanner | YFinanceScanner: AFRM intraday data stale (age=no bars, threshold=1200s)
2026-10-06T09:30:23 | WARNING  | app.scanning.yfinance_scanner | YFinanceScanner: UBER intraday data stale (age=1513s, threshold=1200s)
2026-10-06T09:30:23 | WARNING  | app.scanning.yfinance_scanner | YFinanceScanner: no intraday bars for XYZ today — falling back to previous_close=76.25
2026-10-06T09:30:23 | WARNING  | app.scanning.yfinance_scanner | YFinanceScanner: XYZ intraday data stale (age=no bars, threshold=1200s)
2026-10-06T09:30:23 | WARNING  | app.scanning.yfinance_scanner | YFinanceScanner: no intraday bars for DKNG today — falling back to previous_close=19.59
2026-10-06T09:30:23 | WARNING  | app.scanning.yfinance_scanner | YFinanceScanner: DKNG intraday data stale (age=no bars, threshold=1200s)
2026-10-06T09:30:23 | INFO     | session_runner | Scan: 0 passed, 38 rejected
2026-10-06T09:30:23 | INFO     | session_runner |   SOFI    score=53.0  signal=SHORT    REJECTED: low_volume_chop
2026-10-06T09:30:23 | INFO     | session_runner |   XLE     score=48.0  signal=LONG     REJECTED: data_fetch_error, scanner_data_stale, low_volume_chop
2026-10-06T09:30:23 | INFO     | session_runner |   AAPL    score=48.0  signal=LONG     REJECTED: scanner_data_stale, low_volume_chop
2026-10-06T09:30:23 | INFO     | session_runner |   AMZN    score=48.0  signal=SHORT    REJECTED: data_fetch_error, scanner_data_stale, low_volume_chop
2026-10-06T09:30:23 | INFO     | session_runner |   META    score=48.0  signal=LONG     REJECTED: scanner_data_stale, low_volume_chop
2026-10-06T09:30:23 | WARNING  | session_runner | STANDBY: all_38_candidates_rejected_fallback_disabled
2026-10-06T09:30:23 | WARNING  | session_runner | STANDBY: scanner rejected all candidates, fallback blocked — entries paused until a later scan recovers
2026-10-06T09:30:23 | INFO     | session_runner | [cycle 1] 09:30:23 ET | positions=0 | entries=0
2026-10-06T09:30:23 | INFO     | app.trading.reconciler | Reconciliation done: broker_pos=0 local_pos=0 broker_orders=0 local_pending=0 repaired=0 flagged=0 orders_confirmed=True positions_confirmed=True
2026-10-06T09:30:23 | INFO     | session_runner | Broad-market regime | SPY=neutral
2026-10-06T09:30:53 | INFO     | session_runner | [cycle 2] 09:30:53 ET | positions=0 | entries=0
2026-10-06T09:31:23 | INFO     | session_runner | [cycle 3] 09:31:23 ET | positions=0 | entries=0
2026-10-06T09:31:53 | INFO     | session_runner | [cycle 4] 09:31:53 ET | positions=0 | entries=0
2026-10-06T09:32:24 | INFO     | session_runner | [cycle 5] 09:32:24 ET | positions=0 | entries=0
2026-10-06T09:32:54 | INFO     | session_runner | [cycle 6] 09:32:54 ET | positions=0 | entries=0
2026-10-06T09:33:24 | INFO     | session_runner | [cycle 7] 09:33:24 ET | positions=0 | entries=0
2026-10-06T09:33:54 | INFO     | session_runner | [cycle 8] 09:33:54 ET | positions=0 | entries=0
2026-10-06T09:34:24 | INFO     | session_runner | [cycle 9] 09:34:24 ET | positions=0 | entries=0
2026-10-06T09:34:54 | INFO     | session_runner | [cycle 10] 09:34:54 ET | positions=0 | entries=0
2026-10-06T09:35:24 | INFO     | session_runner | [cycle 11] 09:35:24 ET | positions=0 | entries=0
2026-10-06T09:35:24 | INFO     | session_runner | Periodic universe re-scan …
2026-10-06T09:35:24 | INFO     | app.scanning.universe_loader | UniverseLoader: loaded 5 groups (13 flat symbols) from config/ticker_universe.yaml (blacklist=0)
2026-10-06T09:35:24 | INFO     | app.scanning.universe_loader | UniverseLoader: 38 symbols from 4 group(s) (blacklist=0)
2026-10-06T09:35:24 | INFO     | session_runner | Universe scan: 38 symbols from 4 group(s) | max_active=6
2026-10-06T09:35:35 | INFO     | session_runner | Scan: 20 passed, 18 rejected
2026-10-06T09:35:35 | INFO     | session_runner |   HOOD    score=83.0  signal=LONG     reasons: rvol=2.50x (high), atr=4.44% (wide-range), near_orb_level
2026-10-06T09:35:35 | INFO     | session_runner |   TSLA    score=78.0  signal=LONG     reasons: rvol=3.58x (high), atr=3.00% (wide-range), near_orb_level
2026-10-06T09:35:35 | INFO     | session_runner |   AAPL    score=65.0  signal=NEUTRAL  reasons: rvol=2.48x (high), atr=1.76% (wide-range), near_orb_level
2026-10-06T09:35:35 | INFO     | session_runner |   AVGO    score=65.0  signal=SHORT    reasons: rvol=1.60x (elevated), atr=2.56% (wide-range), near_orb_level
2026-10-06T09:35:35 | INFO     | session_runner |   MSFT    score=63.0  signal=LONG     reasons: rvol=3.63x (high), atr=2.14% (wide-range), near_orb_level
2026-10-06T09:35:35 | WARNING  | app.scanning.alpaca_confirmer | AlpacaConfirmer: cannot fetch chain for HOOD 2026-10-09: Client error '401 Unauthorized' for url 'https://api.tradier.com/v1/markets/quotes?symbols=HOOD261009C00025000%2CHOOD261009C00030000%2CHOOD261009C00035000%2CHOOD261009C00040000%2CHOOD261009C00045000%2CHOOD261009C00050000%2CHOOD261009C00055000%2CHOOD261009C00060000%2CHOOD261009C00065000%2CHOOD261009C00070000%2CHOOD261009C00075000%2CHOOD261009C00080000%2CHOOD261009C00085000%2CHOOD261009C00090000%2CHOOD261009C00091000%2CHOOD261009C00092000%2CHOOD261009C00093000%2CHOOD261009C00094000%2CHOOD261009C00095000%2CHOOD261009C00096000%2CHOOD261009C00097000%2CHOOD261009C00098000%2CHOOD261009C00099000%2CHOOD261009C00100000%2CHOOD261009C00101000%2CHOOD261009C00102000%2CHOOD261009C00103000%2CHOOD261009C00104000%2CHOOD261009C00105000%2CHOOD261009C00106000%2CHOOD261009C00107000%2CHOOD261009C00108000%2CHOOD261009C00109000%2CHOOD261009C00110000%2CHOOD261009C00111000%2CHOOD261009C00112000%2CHOOD261009C00113000%2CHOOD261009C00114000%2CHOOD261009C00115000%2CHOOD261009C00116000%2CHOOD261009C00117000%2CHOOD261009C00118000%2CHOOD261009C00119000%2CHOOD261009C00120000%2CHOOD261009C00121000%2CHOOD261009C00122000%2CHOOD261009C00123000%2CHOOD261009C00124000%2CHOOD261009C00125000%2CHOOD261009C00126000&greeks=true'
For more information check: https://developer.mozilla.org/en-US/docs/Web/HTTP/Status/401
2026-10-06T09:35:35 | WARNING  | app.scanning.alpaca_confirmer | AlpacaConfirmer: cannot fetch chain for MSFT 2026-10-09: Client error '401 Unauthorized' for url 'https://api.tradier.com/v1/markets/quotes?symbols=MSFT261009C00270000%2CMSFT261009C00280000%2CMSFT261009C00290000%2CMSFT261009C00300000%2CMSFT261009C00305000%2CMSFT261009C00310000%2CMSFT261009C00315000%2CMSFT261009C00320000%2CMSFT261009C00325000%2CMSFT261009C00330000%2CMSFT261009C00335000%2CMSFT261009C00340000%2CMSFT261009C00345000%2CMSFT261009C00350000%2CMSFT261009C00355000%2CMSFT261009C00360000%2CMSFT261009C00365000%2CMSFT261009C00370000%2CMSFT261009C00375000%2CMSFT261009C00380000%2CMSFT261009C00385000%2CMSFT261009C00390000%2CMSFT261009C00395000%2CMSFT261009C00400000%2CMSFT261009C00405000%2CMSFT261009C00410000%2CMSFT261009C00415000%2CMSFT261009C00420000%2CMSFT261009C00425000%2CMSFT261009C00430000%2CMSFT261009C00435000%2CMSFT261009C00440000%2CMSFT261009C00445000%2CMSFT261009C00450000%2CMSFT261009C00455000%2CMSFT261009C00457500%2CMSFT261009C00460000%2CMSFT261009C00462500%2CMSFT261009C00465000%2CMSFT261009C00467500%2CMSFT261009C00470000%2CMSFT261009C00472500%2CMSFT261009C00475000%2CMSFT261009C00477500%2CMSFT261009C00480000%2CMSFT261009C00482500%2CMSFT261009C00485000%2CMSFT261009C00487500%2CMSFT261009C00490000%2CMSFT261009C00492500&greeks=true'
For more information check: https://developer.mozilla.org/en-US/docs/Web/HTTP/Status/401
2026-10-06T09:35:35 | WARNING  | app.scanning.alpaca_confirmer | AlpacaConfirmer: cannot fetch chain for XLF 2026-10-08: Client error '401 Unauthorized' for url 'https://api.tradier.com/v1/markets/quotes?symbols=XLF261008C00040000%2CXLF261008C00041000%2CXLF261008C00042000%2CXLF261008C00043000%2CXLF261008C00044000%2CXLF261008C00045000%2CXLF261008C00046000%2CXLF261008C00047000%2CXLF261008C00048000%2CXLF261008C00049000%2CXLF261008C00050000%2CXLF261008C00050500%2CXLF261008C00051000%2CXLF261008C00051500%2CXLF261008C00052000%2CXLF261008C00052500%2CXLF261008C00053000%2CXLF261008C00053500%2CXLF261008C00054000%2CXLF261008C00054500%2CXLF261008C00055000%2CXLF261008C00055500%2CXLF261008C00056000%2CXLF261008C00056500%2CXLF261008C00057000%2CXLF261008C00057500%2CXLF261008C00058000%2CXLF261008C00058500%2CXLF261008C00059000%2CXLF261008C00059500%2CXLF261008C00060000%2CXLF261008C00060500%2CXLF261008C00061000%2CXLF261008C00061500%2CXLF261008C00062000%2CXLF261008C00062500%2CXLF261008C00063000%2CXLF261008C00063500%2CXLF261008C00064000%2CXLF261008C00064500%2CXLF261008C00065000%2CXLF261008C00066000%2CXLF261008C00067000%2CXLF261008C00068000%2CXLF261008C00069000%2CXLF261008C00070000%2CXLF261008C00071000%2CXLF261008C00072000%2CXLF261008C00073000%2CXLF261008C00074000&greeks=true'
For more information check: https://developer.mozilla.org/en-US/docs/Web/HTTP/Status/401
2026-10-06T09:35:35 | WARNING  | app.scanning.alpaca_confirmer | AlpacaConfirmer: cannot fetch chain for RIOT 2026-10-09: Client error '401 Unauthorized' for url 'https://api.tradier.com/v1/markets/quotes?symbols=RIOT261009C00008000%2CRIOT261009C00009000%2CRIOT261009C00010000%2CRIOT261009C00011000%2CRIOT261009C00012000%2CRIOT261009C00013000%2CRIOT261009C00014000%2CRIOT261009C00015000%2CRIOT261009C00016000%2CRIOT261009C00017000%2CRIOT261009C00017500%2CRIOT261009C00018000%2CRIOT261009C00018500%2CRIOT261009C00019000%2CRIOT261009C00019500%2CRIOT261009C00020000%2CRIOT261009C00020500%2CRIOT261009C00021000%2CRIOT261009C00021500%2CRIOT261009C00022000%2CRIOT261009C00022500%2CRIOT261009C00023000%2CRIOT261009C00023500%2CRIOT261009C00024000%2CRIOT261009C00024500%2CRIOT261009C00025000%2CRIOT261009C00025500%2CRIOT261009C00026000%2CRIOT261009C00026500%2CRIOT261009C00027000%2CRIOT261009C00027500%2CRIOT261009C00028000%2CRIOT261009C00028500%2CRIOT261009C00029000%2CRIOT261009C00029500%2CRIOT261009C00030000%2CRIOT261009C00031000%2CRIOT261009C00032000%2CRIOT261009C00033000%2CRIOT261009C00034000%2CRIOT261009C00035000%2CRIOT261009P00008000%2CRIOT261009P00009000%2CRIOT261009P00010000%2CRIOT261009P00011000%2CRIOT261009P00012000%2CRIOT261009P00013000%2CRIOT261009P00014000%2CRIOT261009P00015000%2CRIOT261009P00016000&greeks=true'
For more information check: https://developer.mozilla.org/en-US/docs/Web/HTTP/Status/401
2026-10-06T09:35:35 | WARNING  | app.scanning.alpaca_confirmer | AlpacaConfirmer: cannot fetch chain for AVGO 2026-10-09: Client error '401 Unauthorized' for url 'https://api.tradier.com/v1/markets/quotes?symbols=AVGO261009C00210000%2CAVGO261009C00215000%2CAVGO261009C00220000%2CAVGO261009C00225000%2CAVGO261009C00230000%2CAVGO261009C00235000%2CAVGO261009C00240000%2CAVGO261009C00245000%2CAVGO261009C00250000%2CAVGO261009C00255000%2CAVGO261009C00260000%2CAVGO261009C00265000%2CAVGO261009C00270000%2CAVGO261009C00275000%2CAVGO261009C00280000%2CAVGO261009C00285000%2CAVGO261009C00290000%2CAVGO261009C00295000%2CAVGO261009C00300000%2CAVGO261009C00305000%2CAVGO261009C00310000%2CAVGO261009C00315000%2CAVGO261009C00317500%2CAVGO261009C00320000%2CAVGO261009C00322500%2CAVGO261009C00325000%2CAVGO261009C00327500%2CAVGO261009C00330000%2CAVGO261009C00332500%2CAVGO261009C00335000%2CAVGO261009C00337500%2CAVGO261009C00340000%2CAVGO261009C00342500%2CAVGO261009C00345000%2CAVGO261009C00347500%2CAVGO261009C00350000%2CAVGO261009C00352500%2CAVGO261009C00355000%2CAVGO261009C00357500%2CAVGO261009C00360000%2CAVGO261009C00362500%2CAVGO261009C00365000%2CAVGO261009C00367500%2CAVGO261009C00370000%2CAVGO261009C00372500%2CAVGO261009C00375000%2CAVGO261009C00377500%2CAVGO261009C00380000%2CAVGO261009C00382500%2CAVGO261009C00385000&greeks=true'
For more information check: https://developer.mozilla.org/en-US/docs/Web/HTTP/Status/401
2026-10-06T09:35:35 | WARNING  | app.scanning.alpaca_confirmer | AlpacaConfirmer: cannot fetch chain for TSLA 2026-10-09: Client error '401 Unauthorized' for url 'https://api.tradier.com/v1/markets/quotes?symbols=TSLA261009C00050000%2CTSLA261009C00060000%2CTSLA261009C00070000%2CTSLA261009C00080000%2CTSLA261009C00090000%2CTSLA261009C00100000%2CTSLA261009C00110000%2CTSLA261009C00120000%2CTSLA261009C00130000%2CTSLA261009C00140000%2CTSLA261009C00150000%2CTSLA261009C00160000%2CTSLA261009C00170000%2CTSLA261009C00180000%2CTSLA261009C00190000%2CTSLA261009C00200000%2CTSLA261009C00210000%2CTSLA261009C00220000%2CTSLA261009C00230000%2CTSLA261009C00235000%2CTSLA261009C00240000%2CTSLA261009C00245000%2CTSLA261009C00250000%2CTSLA261009C00255000%2CTSLA261009C00260000%2CTSLA261009C00265000%2CTSLA261009C00270000%2CTSLA261009C00275000%2CTSLA261009C00280000%2CTSLA261009C00285000%2CTSLA261009C00290000%2CTSLA261009C00295000%2CTSLA261009C00300000%2CTSLA261009C00305000%2CTSLA261009C00307500%2CTSLA261009C00310000%2CTSLA261009C00312500%2CTSLA261009C00315000%2CTSLA261009C00317500%2CTSLA261009C00320000%2CTSLA261009C00322500%2CTSLA261009C00325000%2CTSLA261009C00327500%2CTSLA261009C00330000%2CTSLA261009C00332500%2CTSLA261009C00335000%2CTSLA261009C00337500%2CTSLA261009C00340000%2CTSLA261009C00342500%2CTSLA261009C00345000&greeks=true'
For more information check: https://developer.mozilla.org/en-US/docs/Web/HTTP/Status/401
2026-10-06T09:35:35 | INFO     | session_runner | AlpacaConfirmer: 0 confirmed symbols: []
2026-10-06T09:35:35 | INFO     | session_runner | STANDBY RECOVERED: scanner produced 20 passing candidate(s) and 0 confirmed symbol(s)
2026-10-06T09:35:35 | WARNING  | session_runner | Re-scan returned no confirmed symbols — falling back to ['SPY']
2026-10-06T09:35:35 | INFO     | session_runner | Broad-market regime | SPY=short
2026-10-06T09:35:36 | INFO     | session_runner | [bridge:SPY] rsi_trend ready: sufficient bars
2026-10-06T09:36:06 | INFO     | session_runner | [cycle 12] 09:36:06 ET | positions=0 | entries=0
2026-10-06T09:36:06 | INFO     | session_runner | [bridge:SPY] rsi_trend ready: sufficient bars
2026-10-06T09:36:36 | INFO     | session_runner | [cycle 13] 09:36:36 ET | positions=0 | entries=0
2026-10-06T09:36:36 | INFO     | session_runner | [bridge:SPY] rsi_trend ready: sufficient bars
2026-10-06T09:37:06 | INFO     | session_runner | [cycle 14] 09:37:06 ET | positions=0 | entries=0
2026-10-06T09:37:06 | INFO     | session_runner | [bridge:SPY] rsi_trend ready: sufficient bars
2026-10-06T09:37:37 | INFO     | session_runner | [cycle 15] 09:37:37 ET | positions=0 | entries=0
2026-10-06T09:37:38 | INFO     | session_runner | [bridge:SPY] rsi_trend ready: sufficient bars
2026-10-06T09:38:08 | INFO     | session_runner | [cycle 16] 09:38:08 ET | positions=0 | entries=0
2026-10-06T09:38:08 | INFO     | session_runner | [bridge:SPY] rsi_trend ready: sufficient bars
2026-10-06T09:38:39 | INFO     | session_runner | [cycle 17] 09:38:39 ET | positions=0 | entries=0
2026-10-06T09:38:39 | INFO     | session_runner | [bridge:SPY] rsi_trend ready: sufficient bars
2026-10-06T09:39:09 | INFO     | session_runner | [cycle 18] 09:39:09 ET | positions=0 | entries=0
2026-10-06T09:39:09 | INFO     | session_runner | [bridge:SPY] rsi_trend ready: sufficient bars
2026-10-06T09:39:39 | INFO     | session_runner | [cycle 19] 09:39:39 ET | positions=0 | entries=0
2026-10-06T09:39:39 | INFO     | session_runner | [bridge:SPY] rsi_trend ready: sufficient bars
2026-10-06T09:40:09 | INFO     | session_runner | [cycle 20] 09:40:09 ET | positions=0 | entries=0
2026-10-06T09:40:10 | INFO     | session_runner | [bridge:SPY] rsi_trend ready: sufficient bars
2026-10-06T09:40:40 | INFO     | session_runner | [cycle 21] 09:40:40 ET | positions=0 | entries=0
2026-10-06T09:40:40 | INFO     | app.trading.reconciler | Reconciliation done: broker_pos=0 local_pos=0 broker_orders=0 local_pending=0 repaired=0 flagged=0 orders_confirmed=True positions_confirmed=True
2026-10-06T09:40:40 | INFO     | session_runner | Periodic universe re-scan …
2026-10-06T09:40:40 | INFO     | app.scanning.universe_loader | UniverseLoader: loaded 5 groups (13 flat symbols) from config/ticker_universe.yaml (blacklist=0)
2026-10-06T09:40:40 | INFO     | app.scanning.universe_loader | UniverseLoader: 38 symbols from 4 group(s) (blacklist=0)
2026-10-06T09:40:40 | INFO     | session_runner | Universe scan: 38 symbols from 4 group(s) | max_active=6
2026-10-06T09:40:48 | INFO     | session_runner | Scan: 21 passed, 17 rejected
2026-10-06T09:40:48 | INFO     | session_runner |   SOFI    score=83.0  signal=SHORT    reasons: rvol=3.78x (high), atr=3.17% (wide-range), near_orb_level
2026-10-06T09:40:48 | INFO     | session_runner |   XLE     score=75.0  signal=SHORT    reasons: rvol=2.47x (high), atr=1.80% (wide-range), near_orb_level
2026-10-06T09:40:48 | INFO     | session_runner |   HOOD    score=75.0  signal=SHORT    reasons: rvol=2.09x (high), atr=4.51% (wide-range), near_orb_level
2026-10-06T09:40:48 | INFO     | session_runner |   GOOGL   score=70.0  signal=SHORT    reasons: rvol=1.60x (elevated), atr=2.30% (wide-range), near_orb_level
2026-10-06T09:40:48 | INFO     | session_runner |   MARA    score=67.0  signal=SHORT    reasons: rvol=2.24x (high), atr=6.29% (wide-range), trend_sideways
2026-10-06T09:40:48 | WARNING  | app.scanning.alpaca_confirmer | AlpacaConfirmer: cannot fetch chain for HOOD 2026-10-09: Client error '401 Unauthorized' for url 'https://api.tradier.com/v1/markets/quotes?symbols=HOOD261009C00025000%2CHOOD261009C00030000%2CHOOD261009C00035000%2CHOOD261009C00040000%2CHOOD261009C00045000%2CHOOD261009C00050000%2CHOOD261009C00055000%2CHOOD261009C00060000%2CHOOD261009C00065000%2CHOOD261009C00070000%2CHOOD261009C00075000%2CHOOD261009C00080000%2CHOOD261009C00085000%2CHOOD261009C00090000%2CHOOD261009C00091000%2CHOOD261009C00092000%2CHOOD261009C00093000%2CHOOD261009C00094000%2CHOOD261009C00095000%2CHOOD261009C00096000%2CHOOD261009C00097000%2CHOOD261009C00098000%2CHOOD261009C00099000%2CHOOD261009C00100000%2CHOOD261009C00101000%2CHOOD261009C00102000%2CHOOD261009C00103000%2CHOOD261009C00104000%2CHOOD261009C00105000%2CHOOD261009C00106000%2CHOOD261009C00107000%2CHOOD261009C00108000%2CHOOD261009C00109000%2CHOOD261009C00110000%2CHOOD261009C00111000%2CHOOD261009C00112000%2CHOOD261009C00113000%2CHOOD261009C00114000%2CHOOD261009C00115000%2CHOOD261009C00116000%2CHOOD261009C00117000%2CHOOD261009C00118000%2CHOOD261009C00119000%2CHOOD261009C00120000%2CHOOD261009C00121000%2CHOOD261009C00122000%2CHOOD261009C00123000%2CHOOD261009C00124000%2CHOOD261009C00125000%2CHOOD261009C00126000&greeks=true'
For more information check: https://developer.mozilla.org/en-US/docs/Web/HTTP/Status/401
2026-10-06T09:40:48 | WARNING  | app.scanning.alpaca_confirmer | AlpacaConfirmer: cannot fetch chain for MSFT 2026-10-09: Client error '401 Unauthorized' for url 'https://api.tradier.com/v1/markets/quotes?symbols=MSFT261009C00270000%2CMSFT261009C00280000%2CMSFT261009C00290000%2CMSFT261009C00300000%2CMSFT261009C00305000%2CMSFT261009C00310000%2CMSFT261009C00315000%2CMSFT261009C00320000%2CMSFT261009C00325000%2CMSFT261009C00330000%2CMSFT261009C00335000%2CMSFT261009C00340000%2CMSFT261009C00345000%2CMSFT261009C00350000%2CMSFT261009C00355000%2CMSFT261009C00360000%2CMSFT261009C00365000%2CMSFT261009C00370000%2CMSFT261009C00375000%2CMSFT261009C00380000%2CMSFT261009C00385000%2CMSFT261009C00390000%2CMSFT261009C00395000%2CMSFT261009C00400000%2CMSFT261009C00405000%2CMSFT261009C00410000%2CMSFT261009C00415000%2CMSFT261009C00420000%2CMSFT261009C00425000%2CMSFT261009C00430000%2CMSFT261009C00435000%2CMSFT261009C00440000%2CMSFT261009C00445000%2CMSFT261009C00450000%2CMSFT261009C00455000%2CMSFT261009C00457500%2CMSFT261009C00460000%2CMSFT261009C00462500%2CMSFT261009C00465000%2CMSFT261009C00467500%2CMSFT261009C00470000%2CMSFT261009C00472500%2CMSFT261009C00475000%2CMSFT261009C00477500%2CMSFT261009C00480000%2CMSFT261009C00482500%2CMSFT261009C00485000%2CMSFT261009C00487500%2CMSFT261009C00490000%2CMSFT261009C00492500&greeks=true'
For more information check: https://developer.mozilla.org/en-US/docs/Web/HTTP/Status/401
2026-10-06T09:40:48 | WARNING  | app.scanning.alpaca_confirmer | AlpacaConfirmer: cannot fetch chain for AVGO 2026-10-09: Client error '401 Unauthorized' for url 'https://api.tradier.com/v1/markets/quotes?symbols=AVGO261009C00210000%2CAVGO261009C00215000%2CAVGO261009C00220000%2CAVGO261009C00225000%2CAVGO261009C00230000%2CAVGO261009C00235000%2CAVGO261009C00240000%2CAVGO261009C00245000%2CAVGO261009C00250000%2CAVGO261009C00255000%2CAVGO261009C00260000%2CAVGO261009C00265000%2CAVGO261009C00270000%2CAVGO261009C00275000%2CAVGO261009C00280000%2CAVGO261009C00285000%2CAVGO261009C00290000%2CAVGO261009C00295000%2CAVGO261009C00300000%2CAVGO261009C00305000%2CAVGO261009C00310000%2CAVGO261009C00315000%2CAVGO261009C00317500%2CAVGO261009C00320000%2CAVGO261009C00322500%2CAVGO261009C00325000%2CAVGO261009C00327500%2CAVGO261009C00330000%2CAVGO261009C00332500%2CAVGO261009C00335000%2CAVGO261009C00337500%2CAVGO261009C00340000%2CAVGO261009C00342500%2CAVGO261009C00345000%2CAVGO261009C00347500%2CAVGO261009C00350000%2CAVGO261009C00352500%2CAVGO261009C00355000%2CAVGO261009C00357500%2CAVGO261009C00360000%2CAVGO261009C00362500%2CAVGO261009C00365000%2CAVGO261009C00367500%2CAVGO261009C00370000%2CAVGO261009C00372500%2CAVGO261009C00375000%2CAVGO261009C00377500%2CAVGO261009C00380000%2CAVGO261009C00382500%2CAVGO261009C00385000&greeks=true'
For more information check: https://developer.mozilla.org/en-US/docs/Web/HTTP/Status/401
2026-10-06T09:40:48 | WARNING  | app.scanning.alpaca_confirmer | AlpacaConfirmer: cannot fetch chain for XLE 2026-10-09: Client error '401 Unauthorized' for url 'https://api.tradier.com/v1/markets/quotes?symbols=XLE261009C00035000%2CXLE261009C00040000%2CXLE261009C00045000%2CXLE261009C00050000%2CXLE261009C00051000%2CXLE261009C00052000%2CXLE261009C00053000%2CXLE261009C00054000%2CXLE261009C00055000%2CXLE261009C00056000%2CXLE261009C00056500%2CXLE261009C00057000%2CXLE261009C00057500%2CXLE261009C00058000%2CXLE261009C00058500%2CXLE261009C00059000%2CXLE261009C00059500%2CXLE261009C00060000%2CXLE261009C00060500%2CXLE261009C00061000%2CXLE261009C00061500%2CXLE261009C00062000%2CXLE261009C00062500%2CXLE261009C00063000%2CXLE261009C00063500%2CXLE261009C00064000%2CXLE261009C00064500%2CXLE261009C00065000%2CXLE261009C00065500%2CXLE261009C00066000%2CXLE261009C00066500%2CXLE261009C00067000%2CXLE261009C00067500%2CXLE261009C00068000%2CXLE261009C00068500%2CXLE261009C00069000%2CXLE261009C00070000%2CXLE261009C00071000%2CXLE261009C00075000%2CXLE261009C00080000%2CXLE261009P00035000%2CXLE261009P00040000%2CXLE261009P00045000%2CXLE261009P00050000%2CXLE261009P00051000%2CXLE261009P00052000%2CXLE261009P00053000%2CXLE261009P00054000%2CXLE261009P00055000%2CXLE261009P00056000&greeks=true'
For more information check: https://developer.mozilla.org/en-US/docs/Web/HTTP/Status/401
2026-10-06T09:40:49 | WARNING  | app.scanning.alpaca_confirmer | AlpacaConfirmer: cannot fetch chain for MARA 2026-10-09: Client error '401 Unauthorized' for url 'https://api.tradier.com/v1/markets/quotes?symbols=MARA261009C00004000%2CMARA261009C00005000%2CMARA261009C00006000%2CMARA261009C00006500%2CMARA261009C00007000%2CMARA261009C00007500%2CMARA261009C00008000%2CMARA261009C00008500%2CMARA261009C00009000%2CMARA261009C00009500%2CMARA261009C00010000%2CMARA261009C00010500%2CMARA261009C00011000%2CMARA261009C00011500%2CMARA261009C00012000%2CMARA261009C00012500%2CMARA261009C00013000%2CMARA261009C00013500%2CMARA261009C00014000%2CMARA261009C00014500%2CMARA261009C00015000%2CMARA261009C00015500%2CMARA261009C00016000%2CMARA261009C00016500%2CMARA261009C00017000%2CMARA261009C00017500%2CMARA261009C00018000%2CMARA261009C00019000%2CMARA261009C00020000%2CMARA261009C00021000%2CMARA261009C00022000%2CMARA261009C00023000%2CMARA261009P00004000%2CMARA261009P00005000%2CMARA261009P00006000%2CMARA261009P00006500%2CMARA261009P00007000%2CMARA261009P00007500%2CMARA261009P00008000%2CMARA261009P00008500%2CMARA261009P00009000%2CMARA261009P00009500%2CMARA261009P00010000%2CMARA261009P00010500%2CMARA261009P00011000%2CMARA261009P00011500%2CMARA261009P00012000%2CMARA261009P00012500%2CMARA261009P00013000%2CMARA261009P00013500&greeks=true'
For more information check: https://developer.mozilla.org/en-US/docs/Web/HTTP/Status/401
2026-10-06T09:40:49 | WARNING  | app.scanning.alpaca_confirmer | AlpacaConfirmer: cannot fetch chain for UBER 2026-10-09: Client error '401 Unauthorized' for url 'https://api.tradier.com/v1/markets/quotes?symbols=UBER261009C00050000%2CUBER261009C00055000%2CUBER261009C00057000%2CUBER261009C00058000%2CUBER261009C00059000%2CUBER261009C00060000%2CUBER261009C00061000%2CUBER261009C00062000%2CUBER261009C00063000%2CUBER261009C00064000%2CUBER261009C00065000%2CUBER261009C00066000%2CUBER261009C00067000%2CUBER261009C00068000%2CUBER261009C00069000%2CUBER261009C00070000%2CUBER261009C00071000%2CUBER261009C00072000%2CUBER261009C00073000%2CUBER261009C00074000%2CUBER261009C00075000%2CUBER261009C00076000%2CUBER261009C00077000%2CUBER261009C00078000%2CUBER261009C00079000%2CUBER261009C00080000%2CUBER261009C00081000%2CUBER261009C00082000%2CUBER261009C00083000%2CUBER261009C00084000%2CUBER261009C00085000%2CUBER261009C00086000%2CUBER261009C00087000%2CUBER261009C00088000%2CUBER261009C00089000%2CUBER261009C00090000%2CUBER261009C00091000%2CUBER261009C00095000%2CUBER261009C00100000%2CUBER261009C00105000%2CUBER261009P00050000%2CUBER261009P00055000%2CUBER261009P00057000%2CUBER261009P00058000%2CUBER261009P00059000%2CUBER261009P00060000%2CUBER261009P00061000%2CUBER261009P00062000%2CUBER261009P00063000%2CUBER261009P00064000&greeks=true'
For more information check: https://developer.mozilla.org/en-US/docs/Web/HTTP/Status/401
2026-10-06T09:40:49 | WARNING  | app.scanning.alpaca_confirmer | AlpacaConfirmer: cannot fetch chain for NVDA 2026-10-09: Client error '401 Unauthorized' for url 'https://api.tradier.com/v1/markets/quotes?symbols=NVDA261009C00050000%2CNVDA261009C00055000%2CNVDA261009C00060000%2CNVDA261009C00065000%2CNVDA261009C00070000%2CNVDA261009C00075000%2CNVDA261009C00080000%2CNVDA261009C00085000%2CNVDA261009C00090000%2CNVDA261009C00095000%2CNVDA261009C00100000%2CNVDA261009C00105000%2CNVDA261009C00110000%2CNVDA261009C00115000%2CNVDA261009C00120000%2CNVDA261009C00125000%2CNVDA261009C00130000%2CNVDA261009C00135000%2CNVDA261009C00140000%2CNVDA261009C00145000%2CNVDA261009C00150000%2CNVDA261009C00155000%2CNVDA261009C00160000%2CNVDA261009C00165000%2CNVDA261009C00170000%2CNVDA261009C00175000%2CNVDA261009C00180000%2CNVDA261009C00185000%2CNVDA261009C00190000%2CNVDA261009C00195000%2CNVDA261009C00197500%2CNVDA261009C00200000%2CNVDA261009C00202500%2CNVDA261009C00205000%2CNVDA261009C00207500%2CNVDA261009C00210000%2CNVDA261009C00212500%2CNVDA261009C00215000%2CNVDA261009C00217500%2CNVDA261009C00220000%2CNVDA261009C00222500%2CNVDA261009C00225000%2CNVDA261009C00227500%2CNVDA261009C00230000%2CNVDA261009C00232500%2CNVDA261009C00235000%2CNVDA261009C00237500%2CNVDA261009C00240000%2CNVDA261009C00242500%2CNVDA261009C00245000&greeks=true'
For more information check: https://developer.mozilla.org/en-US/docs/Web/HTTP/Status/401
2026-10-06T09:40:49 | WARNING  | app.scanning.alpaca_confirmer | AlpacaConfirmer: cannot fetch chain for GOOGL 2026-10-09: Client error '401 Unauthorized' for url 'https://api.tradier.com/v1/markets/quotes?symbols=GOOGL261009C00100000%2CGOOGL261009C00105000%2CGOOGL261009C00110000%2CGOOGL261009C00115000%2CGOOGL261009C00120000%2CGOOGL261009C00125000%2CGOOGL261009C00130000%2CGOOGL261009C00135000%2CGOOGL261009C00140000%2CGOOGL261009C00145000%2CGOOGL261009C00150000%2CGOOGL261009C00155000%2CGOOGL261009C00160000%2CGOOGL261009C00165000%2CGOOGL261009C00170000%2CGOOGL261009C00175000%2CGOOGL261009C00180000%2CGOOGL261009C00185000%2CGOOGL261009C00190000%2CGOOGL261009C00195000%2CGOOGL261009C00200000%2CGOOGL261009C00205000%2CGOOGL261009C00210000%2CGOOGL261009C00215000%2CGOOGL261009C00220000%2CGOOGL261009C00225000%2CGOOGL261009C00230000%2CGOOGL261009C00235000%2CGOOGL261009C00240000%2CGOOGL261009C00245000%2CGOOGL261009C00250000%2CGOOGL261009C00255000%2CGOOGL261009C00260000%2CGOOGL261009C00265000%2CGOOGL261009C00270000%2CGOOGL261009C00275000%2CGOOGL261009C00280000%2CGOOGL261009C00285000%2CGOOGL261009C00290000%2CGOOGL261009C00295000%2CGOOGL261009C00300000%2CGOOGL261009C00305000%2CGOOGL261009C00307500%2CGOOGL261009C00310000%2CGOOGL261009C00312500%2CGOOGL261009C00315000%2CGOOGL261009C00317500%2CGOOGL261009C00320000%2CGOOGL261009C00322500%2CGOOGL261009C00325000&greeks=true'
For more information check: https://developer.mozilla.org/en-US/docs/Web/HTTP/Status/401
2026-10-06T09:40:49 | WARNING  | app.scanning.alpaca_confirmer | AlpacaConfirmer: cannot fetch chain for AMD 2026-10-09: Client error '401 Unauthorized' for url 'https://api.tradier.com/v1/markets/quotes?symbols=AMD261009C00040000%2CAMD261009C00045000%2CAMD261009C00050000%2CAMD261009C00055000%2CAMD261009C00060000%2CAMD261009C00065000%2CAMD261009C00070000%2CAMD261009C00075000%2CAMD261009C00080000%2CAMD261009C00085000%2CAMD261009C00090000%2CAMD261009C00095000%2CAMD261009C00100000%2CAMD261009C00105000%2CAMD261009C00110000%2CAMD261009C00115000%2CAMD261009C00120000%2CAMD261009C00125000%2CAMD261009C00130000%2CAMD261009C00135000%2CAMD261009C00140000%2CAMD261009C00145000%2CAMD261009C00150000%2CAMD261009C00155000%2CAMD261009C00160000%2CAMD261009C00165000%2CAMD261009C00170000%2CAMD261009C00175000%2CAMD261009C00180000%2CAMD261009C00185000%2CAMD261009C00190000%2CAMD261009C00195000%2CAMD261009C00200000%2CAMD261009C00205000%2CAMD261009C00210000%2CAMD261009C00215000%2CAMD261009C00220000%2CAMD261009C00225000%2CAMD261009C00230000%2CAMD261009C00235000%2CAMD261009C00240000%2CAMD261009C00245000%2CAMD261009C00250000%2CAMD261009C00255000%2CAMD261009C00260000%2CAMD261009C00265000%2CAMD261009C00270000%2CAMD261009C00275000%2CAMD261009C00280000%2CAMD261009C00285000&greeks=true'
For more information check: https://developer.mozilla.org/en-US/docs/Web/HTTP/Status/401
2026-10-06T09:40:49 | WARNING  | app.scanning.alpaca_confirmer | AlpacaConfirmer: cannot fetch chain for SHOP 2026-10-09: Client error '401 Unauthorized' for url 'https://api.tradier.com/v1/markets/quotes?symbols=SHOP261009C00080000%2CSHOP261009C00085000%2CSHOP261009C00090000%2CSHOP261009C00095000%2CSHOP261009C00100000%2CSHOP261009C00105000%2CSHOP261009C00110000%2CSHOP261009C00112000%2CSHOP261009C00113000%2CSHOP261009C00114000%2CSHOP261009C00115000%2CSHOP261009C00116000%2CSHOP261009C00117000%2CSHOP261009C00118000%2CSHOP261009C00119000%2CSHOP261009C00120000%2CSHOP261009C00121000%2CSHOP261009C00122000%2CSHOP261009C00123000%2CSHOP261009C00124000%2CSHOP261009C00125000%2CSHOP261009C00126000%2CSHOP261009C00127000%2CSHOP261009C00128000%2CSHOP261009C00129000%2CSHOP261009C00130000%2CSHOP261009C00131000%2CSHOP261009C00132000%2CSHOP261009C00133000%2CSHOP261009C00134000%2CSHOP261009C00135000%2CSHOP261009C00136000%2CSHOP261009C00137000%2CSHOP261009C00138000%2CSHOP261009C00139000%2CSHOP261009C00140000%2CSHOP261009C00141000%2CSHOP261009C00142000%2CSHOP261009C00143000%2CSHOP261009C00144000%2CSHOP261009C00145000%2CSHOP261009C00146000%2CSHOP261009C00147000%2CSHOP261009C00148000%2CSHOP261009C00149000%2CSHOP261009C00150000%2CSHOP261009C00152500%2CSHOP261009C00155000%2CSHOP261009C00157500%2CSHOP261009C00160000&greeks=true'
For more information check: https://developer.mozilla.org/en-US/docs/Web/HTTP/Status/401
2026-10-06T09:40:49 | WARNING  | app.scanning.alpaca_confirmer | AlpacaConfirmer: cannot fetch chain for SOFI 2026-10-09: Client error '401 Unauthorized' for url 'https://api.tradier.com/v1/markets/quotes?symbols=SOFI261009C00005000%2CSOFI261009C00009000%2CSOFI261009C00010000%2CSOFI261009C00011000%2CSOFI261009C00011500%2CSOFI261009C00012000%2CSOFI261009C00012500%2CSOFI261009C00013000%2CSOFI261009C00013500%2CSOFI261009C00014000%2CSOFI261009C00014500%2CSOFI261009C00015000%2CSOFI261009C00015500%2CSOFI261009C00016000%2CSOFI261009C00016500%2CSOFI261009C00017000%2CSOFI261009C00017500%2CSOFI261009C00018000%2CSOFI261009C00018500%2CSOFI261009C00019000%2CSOFI261009C00019500%2CSOFI261009C00020000%2CSOFI261009C00020500%2CSOFI261009C00021000%2CSOFI261009C00021500%2CSOFI261009C00022000%2CSOFI261009C00022500%2CSOFI261009C00023000%2CSOFI261009C00023500%2CSOFI261009C00024000%2CSOFI261009C00025000%2CSOFI261009C00030000%2CSOFI261009P00005000%2CSOFI261009P00009000%2CSOFI261009P00010000%2CSOFI261009P00011000%2CSOFI261009P00011500%2CSOFI261009P00012000%2CSOFI261009P00012500%2CSOFI261009P00013000%2CSOFI261009P00013500%2CSOFI261009P00014000%2CSOFI261009P00014500%2CSOFI261009P00015000%2CSOFI261009P00015500%2CSOFI261009P00016000%2CSOFI261009P00016500%2CSOFI261009P00017000%2CSOFI261009P00017500%2CSOFI261009P00018000&greeks=true'
For more information check: https://developer.mozilla.org/en-US/docs/Web/HTTP/Status/401
2026-10-06T09:40:49 | INFO     | session_runner | AlpacaConfirmer: 0 confirmed symbols: []
2026-10-06T09:40:49 | WARNING  | session_runner | Re-scan returned no confirmed symbols — falling back to ['SPY']
2026-10-06T09:40:49 | INFO     | session_runner | Broad-market regime | SPY=long
2026-10-06T09:40:49 | INFO     | session_runner | [bridge:SPY] rsi_trend ready: sufficient bars
2026-10-06T09:41:19 | INFO     | session_runner | [cycle 22] 09:41:19 ET | positions=0 | entries=0
2026-10-06T09:41:19 | INFO     | session_runner | [bridge:SPY] rsi_trend ready: sufficient bars
2026-10-06T09:41:49 | INFO     | session_runner | [cycle 23] 09:41:49 ET | positions=0 | entries=0
2026-10-06T09:41:49 | INFO     | session_runner | [bridge:SPY] rsi_trend ready: sufficient bars
2026-10-06T09:42:19 | INFO     | session_runner | [cycle 24] 09:42:19 ET | positions=0 | entries=0
2026-10-06T09:42:20 | INFO     | session_runner | [bridge:SPY] rsi_trend ready: sufficient bars
2026-10-06T09:42:50 | INFO     | session_runner | [cycle 25] 09:42:50 ET | positions=0 | entries=0
2026-10-06T09:42:50 | INFO     | session_runner | [bridge:SPY] rsi_trend ready: sufficient bars
2026-10-06T09:43:20 | INFO     | session_runner | [cycle 26] 09:43:20 ET | positions=0 | entries=0
2026-10-06T09:43:20 | INFO     | session_runner | [bridge:SPY] rsi_trend ready: sufficient bars
2026-10-06T09:43:50 | INFO     | session_runner | [cycle 27] 09:43:50 ET | positions=0 | entries=0
2026-10-06T09:43:51 | INFO     | session_runner | [bridge:SPY] rsi_trend ready: sufficient bars
2026-10-06T09:44:21 | INFO     | session_runner | [cycle 28] 09:44:21 ET | positions=0 | entries=0
2026-10-06T09:44:21 | INFO     | session_runner | [bridge:SPY] rsi_trend ready: sufficient bars
2026-10-06T09:44:51 | INFO     | session_runner | [cycle 29] 09:44:51 ET | positions=0 | entries=0
2026-10-06T09:44:51 | INFO     | session_runner | [bridge:SPY] rsi_trend ready: sufficient bars
2026-10-06T09:45:21 | INFO     | session_runner | [cycle 30] 09:45:21 ET | positions=0 | entries=0
2026-10-06T09:45:22 | INFO     | session_runner | [bridge:SPY] rsi_trend ready: sufficient bars
2026-10-06T09:45:52 | INFO     | session_runner | [cycle 31] 09:45:52 ET | positions=0 | entries=0
2026-10-06T09:45:52 | INFO     | session_runner | Periodic universe re-scan …
2026-10-06T09:45:52 | INFO     | app.scanning.universe_loader | UniverseLoader: loaded 5 groups (13 flat symbols) from config/ticker_universe.yaml (blacklist=0)
2026-10-06T09:45:52 | INFO     | app.scanning.universe_loader | UniverseLoader: 38 symbols from 4 group(s) (blacklist=0)
2026-10-06T09:45:52 | INFO     | session_runner | Universe scan: 38 symbols from 4 group(s) | max_active=6
2026-10-06T09:46:03 | INFO     | session_runner | Scan: 19 passed, 19 rejected
2026-10-06T09:46:03 | INFO     | session_runner |   SOFI    score=83.0  signal=SHORT    reasons: rvol=2.98x (high), atr=3.17% (wide-range), near_orb_level
2026-10-06T09:46:03 | INFO     | session_runner |   IWM     score=76.0  signal=SHORT    reasons: rvol=2.06x (high), atr=1.21% (good range), near_orb_level
2026-10-06T09:46:03 | INFO     | session_runner |   XLE     score=75.0  signal=SHORT    reasons: rvol=2.55x (high), atr=1.80% (wide-range), near_orb_level
2026-10-06T09:46:03 | INFO     | session_runner |   MSFT    score=73.0  signal=LONG     reasons: rvol=2.30x (high), atr=2.13% (wide-range), near_orb_level
2026-10-06T09:46:03 | INFO     | session_runner |   UBER    score=73.0  signal=SHORT    reasons: rvol=1.81x (elevated), atr=2.09% (wide-range), near_orb_level
2026-10-06T09:46:04 | WARNING  | app.scanning.alpaca_confirmer | AlpacaConfirmer: cannot fetch chain for HOOD 2026-10-09: Client error '401 Unauthorized' for url 'https://api.tradier.com/v1/markets/quotes?symbols=HOOD261009C00025000%2CHOOD261009C00030000%2CHOOD261009C00035000%2CHOOD261009C00040000%2CHOOD261009C00045000%2CHOOD261009C00050000%2CHOOD261009C00055000%2CHOOD261009C00060000%2CHOOD261009C00065000%2CHOOD261009C00070000%2CHOOD261009C00075000%2CHOOD261009C00080000%2CHOOD261009C00085000%2CHOOD261009C00090000%2CHOOD261009C00091000%2CHOOD261009C00092000%2CHOOD261009C00093000%2CHOOD261009C00094000%2CHOOD261009C00095000%2CHOOD261009C00096000%2CHOOD261009C00097000%2CHOOD261009C00098000%2CHOOD261009C00099000%2CHOOD261009C00100000%2CHOOD261009C00101000%2CHOOD261009C00102000%2CHOOD261009C00103000%2CHOOD261009C00104000%2CHOOD261009C00105000%2CHOOD261009C00106000%2CHOOD261009C00107000%2CHOOD261009C00108000%2CHOOD261009C00109000%2CHOOD261009C00110000%2CHOOD261009C00111000%2CHOOD261009C00112000%2CHOOD261009C00113000%2CHOOD261009C00114000%2CHOOD261009C00115000%2CHOOD261009C00116000%2CHOOD261009C00117000%2CHOOD261009C00118000%2CHOOD261009C00119000%2CHOOD261009C00120000%2CHOOD261009C00121000%2CHOOD261009C00122000%2CHOOD261009C00123000%2CHOOD261009C00124000%2CHOOD261009C00125000%2CHOOD261009C00126000&greeks=true'
For more information check: https://developer.mozilla.org/en-US/docs/Web/HTTP/Status/401
2026-10-06T09:46:04 | WARNING  | app.scanning.alpaca_confirmer | AlpacaConfirmer: cannot fetch chain for UBER 2026-10-09: Client error '401 Unauthorized' for url 'https://api.tradier.com/v1/markets/quotes?symbols=UBER261009C00050000%2CUBER261009C00055000%2CUBER261009C00057000%2CUBER261009C00058000%2CUBER261009C00059000%2CUBER261009C00060000%2CUBER261009C00061000%2CUBER261009C00062000%2CUBER261009C00063000%2CUBER261009C00064000%2CUBER261009C00065000%2CUBER261009C00066000%2CUBER261009C00067000%2CUBER261009C00068000%2CUBER261009C00069000%2CUBER261009C00070000%2CUBER261009C00071000%2CUBER261009C00072000%2CUBER261009C00073000%2CUBER261009C00074000%2CUBER261009C00075000%2CUBER261009C00076000%2CUBER261009C00077000%2CUBER261009C00078000%2CUBER261009C00079000%2CUBER261009C00080000%2CUBER261009C00081000%2CUBER261009C00082000%2CUBER261009C00083000%2CUBER261009C00084000%2CUBER261009C00085000%2CUBER261009C00086000%2CUBER261009C00087000%2CUBER261009C00088000%2CUBER261009C00089000%2CUBER261009C00090000%2CUBER261009C00091000%2CUBER261009C00095000%2CUBER261009C00100000%2CUBER261009C00105000%2CUBER261009P00050000%2CUBER261009P00055000%2CUBER261009P00057000%2CUBER261009P00058000%2CUBER261009P00059000%2CUBER261009P00060000%2CUBER261009P00061000%2CUBER261009P00062000%2CUBER261009P00063000%2CUBER261009P00064000&greeks=true'
For more information check: https://developer.mozilla.org/en-US/docs/Web/HTTP/Status/401
2026-10-06T09:46:04 | WARNING  | app.scanning.alpaca_confirmer | AlpacaConfirmer: cannot fetch chain for SOFI 2026-10-09: Client error '401 Unauthorized' for url 'https://api.tradier.com/v1/markets/quotes?symbols=SOFI261009C00005000%2CSOFI261009C00009000%2CSOFI261009C00010000%2CSOFI261009C00011000%2CSOFI261009C00011500%2CSOFI261009C00012000%2CSOFI261009C00012500%2CSOFI261009C00013000%2CSOFI261009C00013500%2CSOFI261009C00014000%2CSOFI261009C00014500%2CSOFI261009C00015000%2CSOFI261009C00015500%2CSOFI261009C00016000%2CSOFI261009C00016500%2CSOFI261009C00017000%2CSOFI261009C00017500%2CSOFI261009C00018000%2CSOFI261009C00018500%2CSOFI261009C00019000%2CSOFI261009C00019500%2CSOFI261009C00020000%2CSOFI261009C00020500%2CSOFI261009C00021000%2CSOFI261009C00021500%2CSOFI261009C00022000%2CSOFI261009C00022500%2CSOFI261009C00023000%2CSOFI261009C00023500%2CSOFI261009C00024000%2CSOFI261009C00025000%2CSOFI261009C00030000%2CSOFI261009P00005000%2CSOFI261009P00009000%2CSOFI261009P00010000%2CSOFI261009P00011000%2CSOFI261009P00011500%2CSOFI261009P00012000%2CSOFI261009P00012500%2CSOFI261009P00013000%2CSOFI261009P00013500%2CSOFI261009P00014000%2CSOFI261009P00014500%2CSOFI261009P00015000%2CSOFI261009P00015500%2CSOFI261009P00016000%2CSOFI261009P00016500%2CSOFI261009P00017000%2CSOFI261009P00017500%2CSOFI261009P00018000&greeks=true'
For more information check: https://developer.mozilla.org/en-US/docs/Web/HTTP/Status/401
2026-10-06T09:46:04 | WARNING  | app.scanning.alpaca_confirmer | AlpacaConfirmer: cannot fetch chain for XLE 2026-10-09: Client error '401 Unauthorized' for url 'https://api.tradier.com/v1/markets/quotes?symbols=XLE261009C00035000%2CXLE261009C00040000%2CXLE261009C00045000%2CXLE261009C00050000%2CXLE261009C00051000%2CXLE261009C00052000%2CXLE261009C00053000%2CXLE261009C00054000%2CXLE261009C00055000%2CXLE261009C00056000%2CXLE261009C00056500%2CXLE261009C00057000%2CXLE261009C00057500%2CXLE261009C00058000%2CXLE261009C00058500%2CXLE261009C00059000%2CXLE261009C00059500%2CXLE261009C00060000%2CXLE261009C00060500%2CXLE261009C00061000%2CXLE261009C00061500%2CXLE261009C00062000%2CXLE261009C00062500%2CXLE261009C00063000%2CXLE261009C00063500%2CXLE261009C00064000%2CXLE261009C00064500%2CXLE261009C00065000%2CXLE261009C00065500%2CXLE261009C00066000%2CXLE261009C00066500%2CXLE261009C00067000%2CXLE261009C00067500%2CXLE261009C00068000%2CXLE261009C00068500%2CXLE261009C00069000%2CXLE261009C00070000%2CXLE261009C00071000%2CXLE261009C00075000%2CXLE261009C00080000%2CXLE261009P00035000%2CXLE261009P00040000%2CXLE261009P00045000%2CXLE261009P00050000%2CXLE261009P00051000%2CXLE261009P00052000%2CXLE261009P00053000%2CXLE261009P00054000%2CXLE261009P00055000%2CXLE261009P00056000&greeks=true'
For more information check: https://developer.mozilla.org/en-US/docs/Web/HTTP/Status/401
2026-10-06T09:46:04 | WARNING  | app.scanning.alpaca_confirmer | AlpacaConfirmer: cannot fetch chain for AVGO 2026-10-09: Client error '401 Unauthorized' for url 'https://api.tradier.com/v1/markets/quotes?symbols=AVGO261009C00210000%2CAVGO261009C00215000%2CAVGO261009C00220000%2CAVGO261009C00225000%2CAVGO261009C00230000%2CAVGO261009C00235000%2CAVGO261009C00240000%2CAVGO261009C00245000%2CAVGO261009C00250000%2CAVGO261009C00255000%2CAVGO261009C00260000%2CAVGO261009C00265000%2CAVGO261009C00270000%2CAVGO261009C00275000%2CAVGO261009C00280000%2CAVGO261009C00285000%2CAVGO261009C00290000%2CAVGO261009C00295000%2CAVGO261009C00300000%2CAVGO261009C00305000%2CAVGO261009C00310000%2CAVGO261009C00315000%2CAVGO261009C00317500%2CAVGO261009C00320000%2CAVGO261009C00322500%2CAVGO261009C00325000%2CAVGO261009C00327500%2CAVGO261009C00330000%2CAVGO261009C00332500%2CAVGO261009C00335000%2CAVGO261009C00337500%2CAVGO261009C00340000%2CAVGO261009C00342500%2CAVGO261009C00345000%2CAVGO261009C00347500%2CAVGO261009C00350000%2CAVGO261009C00352500%2CAVGO261009C00355000%2CAVGO261009C00357500%2CAVGO261009C00360000%2CAVGO261009C00362500%2CAVGO261009C00365000%2CAVGO261009C00367500%2CAVGO261009C00370000%2CAVGO261009C00372500%2CAVGO261009C00375000%2CAVGO261009C00377500%2CAVGO261009C00380000%2CAVGO261009C00382500%2CAVGO261009C00385000&greeks=true'
For more information check: https://developer.mozilla.org/en-US/docs/Web/HTTP/Status/401
2026-10-06T09:46:04 | WARNING  | app.scanning.alpaca_confirmer | AlpacaConfirmer: cannot fetch chain for IWM 2026-10-08: Client error '401 Unauthorized' for url 'https://api.tradier.com/v1/markets/quotes?symbols=IWM261008C00180000%2CIWM261008C00190000%2CIWM261008C00200000%2CIWM261008C00205000%2CIWM261008C00210000%2CIWM261008C00215000%2CIWM261008C00220000%2CIWM261008C00225000%2CIWM261008C00230000%2CIWM261008C00235000%2CIWM261008C00240000%2CIWM261008C00245000%2CIWM261008C00250000%2CIWM261008C00255000%2CIWM261008C00260000%2CIWM261008C00261000%2CIWM261008C00262000%2CIWM261008C00263000%2CIWM261008C00264000%2CIWM261008C00265000%2CIWM261008C00266000%2CIWM261008C00267000%2CIWM261008C00268000%2CIWM261008C00269000%2CIWM261008C00270000%2CIWM261008C00271000%2CIWM261008C00272000%2CIWM261008C00273000%2CIWM261008C00274000%2CIWM261008C00275000%2CIWM261008C00276000%2CIWM261008C00277000%2CIWM261008C00278000%2CIWM261008C00279000%2CIWM261008C00280000%2CIWM261008C00281000%2CIWM261008C00282000%2CIWM261008C00283000%2CIWM261008C00284000%2CIWM261008C00285000%2CIWM261008C00286000%2CIWM261008C00287000%2CIWM261008C00288000%2CIWM261008C00289000%2CIWM261008C00290000%2CIWM261008C00291000%2CIWM261008C00292000%2CIWM261008C00293000%2CIWM261008C00294000%2CIWM261008C00295000&greeks=true'
For more information check: https://developer.mozilla.org/en-US/docs/Web/HTTP/Status/401
2026-10-06T09:46:04 | WARNING  | app.scanning.alpaca_confirmer | AlpacaConfirmer: cannot fetch chain for PLTR 2026-10-09: Client error '401 Unauthorized' for url 'https://api.tradier.com/v1/markets/quotes?symbols=PLTR261009C00050000%2CPLTR261009C00055000%2CPLTR261009C00060000%2CPLTR261009C00065000%2CPLTR261009C00070000%2CPLTR261009C00075000%2CPLTR261009C00080000%2CPLTR261009C00085000%2CPLTR261009C00090000%2CPLTR261009C00095000%2CPLTR261009C00100000%2CPLTR261009C00105000%2CPLTR261009C00110000%2CPLTR261009C00115000%2CPLTR261009C00120000%2CPLTR261009C00125000%2CPLTR261009C00130000%2CPLTR261009C00135000%2CPLTR261009C00140000%2CPLTR261009C00144000%2CPLTR261009C00145000%2CPLTR261009C00146000%2CPLTR261009C00147000%2CPLTR261009C00148000%2CPLTR261009C00149000%2CPLTR261009C00150000%2CPLTR261009C00152500%2CPLTR261009C00155000%2CPLTR261009C00157500%2CPLTR261009C00160000%2CPLTR261009C00162500%2CPLTR261009C00165000%2CPLTR261009C00167500%2CPLTR261009C00170000%2CPLTR261009C00172500%2CPLTR261009C00175000%2CPLTR261009C00177500%2CPLTR261009C00180000%2CPLTR261009C00182500%2CPLTR261009C00185000%2CPLTR261009C00187500%2CPLTR261009C00190000%2CPLTR261009C00192500%2CPLTR261009C00195000%2CPLTR261009C00197500%2CPLTR261009C00200000%2CPLTR261009C00202500%2CPLTR261009C00205000%2CPLTR261009C00207500%2CPLTR261009C00210000&greeks=true'
For more information check: https://developer.mozilla.org/en-US/docs/Web/HTTP/Status/401
2026-10-06T09:46:04 | WARNING  | app.scanning.alpaca_confirmer | AlpacaConfirmer: cannot fetch chain for MSFT 2026-10-09: Client error '401 Unauthorized' for url 'https://api.tradier.com/v1/markets/quotes?symbols=MSFT261009C00270000%2CMSFT261009C00280000%2CMSFT261009C00290000%2CMSFT261009C00300000%2CMSFT261009C00305000%2CMSFT261009C00310000%2CMSFT261009C00315000%2CMSFT261009C00320000%2CMSFT261009C00325000%2CMSFT261009C00330000%2CMSFT261009C00335000%2CMSFT261009C00340000%2CMSFT261009C00345000%2CMSFT261009C00350000%2CMSFT261009C00355000%2CMSFT261009C00360000%2CMSFT261009C00365000%2CMSFT261009C00370000%2CMSFT261009C00375000%2CMSFT261009C00380000%2CMSFT261009C00385000%2CMSFT261009C00390000%2CMSFT261009C00395000%2CMSFT261009C00400000%2CMSFT261009C00405000%2CMSFT261009C00410000%2CMSFT261009C00415000%2CMSFT261009C00420000%2CMSFT261009C00425000%2CMSFT261009C00430000%2CMSFT261009C00435000%2CMSFT261009C00440000%2CMSFT261009C00445000%2CMSFT261009C00450000%2CMSFT261009C00455000%2CMSFT261009C00457500%2CMSFT261009C00460000%2CMSFT261009C00462500%2CMSFT261009C00465000%2CMSFT261009C00467500%2CMSFT261009C00470000%2CMSFT261009C00472500%2CMSFT261009C00475000%2CMSFT261009C00477500%2CMSFT261009C00480000%2CMSFT261009C00482500%2CMSFT261009C00485000%2CMSFT261009C00487500%2CMSFT261009C00490000%2CMSFT261009C00492500&greeks=true'
For more information check: https://developer.mozilla.org/en-US/docs/Web/HTTP/Status/401
2026-10-06T09:46:04 | WARNING  | app.scanning.alpaca_confirmer | AlpacaConfirmer: cannot fetch chain for SHOP 2026-10-09: Client error '401 Unauthorized' for url 'https://api.tradier.com/v1/markets/quotes?symbols=SHOP261009C00080000%2CSHOP261009C00085000%2CSHOP261009C00090000%2CSHOP261009C00095000%2CSHOP261009C00100000%2CSHOP261009C00105000%2CSHOP261009C00110000%2CSHOP261009C00112000%2CSHOP261009C00113000%2CSHOP261009C00114000%2CSHOP261009C00115000%2CSHOP261009C00116000%2CSHOP261009C00117000%2CSHOP261009C00118000%2CSHOP261009C00119000%2CSHOP261009C00120000%2CSHOP261009C00121000%2CSHOP261009C00122000%2CSHOP261009C00123000%2CSHOP261009C00124000%2CSHOP261009C00125000%2CSHOP261009C00126000%2CSHOP261009C00127000%2CSHOP261009C00128000%2CSHOP261009C00129000%2CSHOP261009C00130000%2CSHOP261009C00131000%2CSHOP261009C00132000%2CSHOP261009C00133000%2CSHOP261009C00134000%2CSHOP261009C00135000%2CSHOP261009C00136000%2CSHOP261009C00137000%2CSHOP261009C00138000%2CSHOP261009C00139000%2CSHOP261009C00140000%2CSHOP261009C00141000%2CSHOP261009C00142000%2CSHOP261009C00143000%2CSHOP261009C00144000%2CSHOP261009C00145000%2CSHOP261009C00146000%2CSHOP261009C00147000%2CSHOP261009C00148000%2CSHOP261009C00149000%2CSHOP261009C00150000%2CSHOP261009C00152500%2CSHOP261009C00155000%2CSHOP261009C00157500%2CSHOP261009C00160000&greeks=true'
For more information check: https://developer.mozilla.org/en-US/docs/Web/HTTP/Status/401
2026-10-06T09:46:04 | WARNING  | app.scanning.alpaca_confirmer | AlpacaConfirmer: cannot fetch chain for AMD 2026-10-09: Client error '401 Unauthorized' for url 'https://api.tradier.com/v1/markets/quotes?symbols=AMD261009C00040000%2CAMD261009C00045000%2CAMD261009C00050000%2CAMD261009C00055000%2CAMD261009C00060000%2CAMD261009C00065000%2CAMD261009C00070000%2CAMD261009C00075000%2CAMD261009C00080000%2CAMD261009C00085000%2CAMD261009C00090000%2CAMD261009C00095000%2CAMD261009C00100000%2CAMD261009C00105000%2CAMD261009C00110000%2CAMD261009C00115000%2CAMD261009C00120000%2CAMD261009C00125000%2CAMD261009C00130000%2CAMD261009C00135000%2CAMD261009C00140000%2CAMD261009C00145000%2CAMD261009C00150000%2CAMD261009C00155000%2CAMD261009C00160000%2CAMD261009C00165000%2CAMD261009C00170000%2CAMD261009C00175000%2CAMD261009C00180000%2CAMD261009C00185000%2CAMD261009C00190000%2CAMD261009C00195000%2CAMD261009C00200000%2CAMD261009C00205000%2CAMD261009C00210000%2CAMD261009C00215000%2CAMD261009C00220000%2CAMD261009C00225000%2CAMD261009C00230000%2CAMD261009C00235000%2CAMD261009C00240000%2CAMD261009C00245000%2CAMD261009C00250000%2CAMD261009C00255000%2CAMD261009C00260000%2CAMD261009C00265000%2CAMD261009C00270000%2CAMD261009C00275000%2CAMD261009C00280000%2CAMD261009C00285000&greeks=true'
For more information check: https://developer.mozilla.org/en-US/docs/Web/HTTP/Status/401
2026-10-06T09:46:04 | INFO     | session_runner | AlpacaConfirmer: 0 confirmed symbols: []
2026-10-06T09:46:04 | WARNING  | session_runner | Re-scan returned no confirmed symbols — falling back to ['SPY']
2026-10-06T09:46:04 | INFO     | session_runner | Broad-market regime | SPY=long
2026-10-06T09:46:04 | INFO     | session_runner | [bridge:SPY] rsi_trend ready: sufficient bars
2026-10-06T09:46:34 | INFO     | session_runner | [cycle 32] 09:46:34 ET | positions=0 | entries=0
2026-10-06T09:46:35 | INFO     | session_runner | [bridge:SPY] rsi_trend ready: sufficient bars
2026-10-06T09:47:05 | INFO     | session_runner | [cycle 33] 09:47:05 ET | positions=0 | entries=0
2026-10-06T09:47:05 | INFO     | session_runner | [bridge:SPY] rsi_trend ready: sufficient bars
2026-10-06T09:47:35 | INFO     | session_runner | [cycle 34] 09:47:35 ET | positions=0 | entries=0
2026-10-06T09:47:35 | INFO     | session_runner | [bridge:SPY] rsi_trend ready: sufficient bars
2026-10-06T09:48:05 | INFO     | session_runner | [cycle 35] 09:48:05 ET | positions=0 | entries=0
2026-10-06T09:48:06 | INFO     | session_runner | [bridge:SPY] rsi_trend ready: sufficient bars
2026-10-06T09:48:36 | INFO     | session_runner | [cycle 36] 09:48:36 ET | positions=0 | entries=0
2026-10-06T09:48:36 | INFO     | session_runner | [bridge:SPY] rsi_trend ready: sufficient bars
2026-10-06T09:49:06 | INFO     | session_runner | [cycle 37] 09:49:06 ET | positions=0 | entries=0
2026-10-06T09:49:07 | INFO     | session_runner | [bridge:SPY] rsi_trend ready: sufficient bars
2026-10-06T09:49:37 | INFO     | session_runner | [cycle 38] 09:49:37 ET | positions=0 | entries=0
2026-10-06T09:49:37 | INFO     | session_runner | [bridge:SPY] rsi_trend ready: sufficient bars
2026-10-06T09:50:07 | INFO     | session_runner | [cycle 39] 09:50:07 ET | positions=0 | entries=0
2026-10-06T09:50:07 | INFO     | session_runner | [bridge:SPY] rsi_trend ready: sufficient bars
2026-10-06T09:50:07 | INFO     | session_runner | Signal quality blocked | SPY/vwap_reclaim score=0.0 < 3.0
2026-10-06T09:50:08 | INFO     | app.evaluation.shadow_book | ShadowBook: v4-20261006-5973-SPY-vwap_reclaim blocked (signal_quality_below_min) but not priceable — signal logged, no simulation
2026-10-06T09:50:08 | INFO     | app.evaluation.shadow_book | ShadowBook: v4-20261006-5974-SPY-vwap_reclaim-inverted blocked (inverted_direction_counterfactual) but not priceable — signal logged, no simulation
2026-10-06T09:50:38 | INFO     | session_runner | [cycle 40] 09:50:38 ET | positions=0 | entries=0
2026-10-06T09:50:38 | INFO     | session_runner | [bridge:SPY] rsi_trend ready: sufficient bars
2026-10-06T09:50:38 | INFO     | session_runner | Signal quality blocked | SPY/vwap_reclaim score=0.0 < 3.0
2026-10-06T09:50:38 | INFO     | app.evaluation.shadow_book | ShadowBook: v4-20261006-5975-SPY-vwap_reclaim blocked (signal_quality_below_min) but not priceable — signal logged, no simulation
2026-10-06T09:51:08 | INFO     | session_runner | [cycle 41] 09:51:08 ET | positions=0 | entries=0
2026-10-06T09:51:09 | INFO     | app.trading.reconciler | Reconciliation done: broker_pos=0 local_pos=0 broker_orders=0 local_pending=0 repaired=0 flagged=0 orders_confirmed=True positions_confirmed=True
2026-10-06T09:51:09 | INFO     | session_runner | Periodic universe re-scan …
2026-10-06T09:51:09 | INFO     | app.scanning.universe_loader | UniverseLoader: loaded 5 groups (13 flat symbols) from config/ticker_universe.yaml (blacklist=0)
2026-10-06T09:51:09 | INFO     | app.scanning.universe_loader | UniverseLoader: 38 symbols from 4 group(s) (blacklist=0)
2026-10-06T09:51:09 | INFO     | session_runner | Universe scan: 38 symbols from 4 group(s) | max_active=6
2026-10-06T09:51:21 | INFO     | session_runner | Scan: 19 passed, 19 rejected
2026-10-06T09:51:21 | INFO     | session_runner |   IWM     score=78.0  signal=SHORT    reasons: rvol=1.75x (elevated), atr=1.22% (good range), orb_breakdown
2026-10-06T09:51:21 | INFO     | session_runner |   MSFT    score=75.0  signal=LONG     reasons: rvol=1.85x (elevated), atr=2.15% (wide-range), orb_breakout
2026-10-06T09:51:21 | INFO     | session_runner |   HOOD    score=67.0  signal=SHORT    reasons: rvol=1.46x (normal), atr=4.64% (wide-range), orb_breakdown
2026-10-06T09:51:21 | INFO     | session_runner |   AMD     score=65.0  signal=LONG     reasons: rvol=2.32x (high), atr=3.46% (wide-range), trend_up
2026-10-06T09:51:21 | INFO     | session_runner |   PLTR    score=65.0  signal=LONG     reasons: rvol=2.37x (high), atr=2.82% (wide-range), trend_up
2026-10-06T09:51:22 | WARNING  | app.scanning.alpaca_confirmer | AlpacaConfirmer: cannot fetch chain for HOOD 2026-10-09: Client error '401 Unauthorized' for url 'https://api.tradier.com/v1/markets/quotes?symbols=HOOD261009C00025000%2CHOOD261009C00030000%2CHOOD261009C00035000%2CHOOD261009C00040000%2CHOOD261009C00045000%2CHOOD261009C00050000%2CHOOD261009C00055000%2CHOOD261009C00060000%2CHOOD261009C00065000%2CHOOD261009C00070000%2CHOOD261009C00075000%2CHOOD261009C00080000%2CHOOD261009C00085000%2CHOOD261009C00090000%2CHOOD261009C00091000%2CHOOD261009C00092000%2CHOOD261009C00093000%2CHOOD261009C00094000%2CHOOD261009C00095000%2CHOOD261009C00096000%2CHOOD261009C00097000%2CHOOD261009C00098000%2CHOOD261009C00099000%2CHOOD261009C00100000%2CHOOD261009C00101000%2CHOOD261009C00102000%2CHOOD261009C00103000%2CHOOD261009C00104000%2CHOOD261009C00105000%2CHOOD261009C00106000%2CHOOD261009C00107000%2CHOOD261009C00108000%2CHOOD261009C00109000%2CHOOD261009C00110000%2CHOOD261009C00111000%2CHOOD261009C00112000%2CHOOD261009C00113000%2CHOOD261009C00114000%2CHOOD261009C00115000%2CHOOD261009C00116000%2CHOOD261009C00117000%2CHOOD261009C00118000%2CHOOD261009C00119000%2CHOOD261009C00120000%2CHOOD261009C00121000%2CHOOD261009C00122000%2CHOOD261009C00123000%2CHOOD261009C00124000%2CHOOD261009C00125000%2CHOOD261009C00126000&greeks=true'
For more information check: https://developer.mozilla.org/en-US/docs/Web/HTTP/Status/401
2026-10-06T09:51:22 | WARNING  | app.scanning.alpaca_confirmer | AlpacaConfirmer: cannot fetch chain for PLTR 2026-10-09: Client error '401 Unauthorized' for url 'https://api.tradier.com/v1/markets/quotes?symbols=PLTR261009C00050000%2CPLTR261009C00055000%2CPLTR261009C00060000%2CPLTR261009C00065000%2CPLTR261009C00070000%2CPLTR261009C00075000%2CPLTR261009C00080000%2CPLTR261009C00085000%2CPLTR261009C00090000%2CPLTR261009C00095000%2CPLTR261009C00100000%2CPLTR261009C00105000%2CPLTR261009C00110000%2CPLTR261009C00115000%2CPLTR261009C00120000%2CPLTR261009C00125000%2CPLTR261009C00130000%2CPLTR261009C00135000%2CPLTR261009C00140000%2CPLTR261009C00144000%2CPLTR261009C00145000%2CPLTR261009C00146000%2CPLTR261009C00147000%2CPLTR261009C00148000%2CPLTR261009C00149000%2CPLTR261009C00150000%2CPLTR261009C00152500%2CPLTR261009C00155000%2CPLTR261009C00157500%2CPLTR261009C00160000%2CPLTR261009C00162500%2CPLTR261009C00165000%2CPLTR261009C00167500%2CPLTR261009C00170000%2CPLTR261009C00172500%2CPLTR261009C00175000%2CPLTR261009C00177500%2CPLTR261009C00180000%2CPLTR261009C00182500%2CPLTR261009C00185000%2CPLTR261009C00187500%2CPLTR261009C00190000%2CPLTR261009C00192500%2CPLTR261009C00195000%2CPLTR261009C00197500%2CPLTR261009C00200000%2CPLTR261009C00202500%2CPLTR261009C00205000%2CPLTR261009C00207500%2CPLTR261009C00210000&greeks=true'
For more information check: https://developer.mozilla.org/en-US/docs/Web/HTTP/Status/401
2026-10-06T09:51:22 | WARNING  | app.scanning.alpaca_confirmer | AlpacaConfirmer: cannot fetch chain for AMD 2026-10-09: Client error '401 Unauthorized' for url 'https://api.tradier.com/v1/markets/quotes?symbols=AMD261009C00040000%2CAMD261009C00045000%2CAMD261009C00050000%2CAMD261009C00055000%2CAMD261009C00060000%2CAMD261009C00065000%2CAMD261009C00070000%2CAMD261009C00075000%2CAMD261009C00080000%2CAMD261009C00085000%2CAMD261009C00090000%2CAMD261009C00095000%2CAMD261009C00100000%2CAMD261009C00105000%2CAMD261009C00110000%2CAMD261009C00115000%2CAMD261009C00120000%2CAMD261009C00125000%2CAMD261009C00130000%2CAMD261009C00135000%2CAMD261009C00140000%2CAMD261009C00145000%2CAMD261009C00150000%2CAMD261009C00155000%2CAMD261009C00160000%2CAMD261009C00165000%2CAMD261009C00170000%2CAMD261009C00175000%2CAMD261009C00180000%2CAMD261009C00185000%2CAMD261009C00190000%2CAMD261009C00195000%2CAMD261009C00200000%2CAMD261009C00205000%2CAMD261009C00210000%2CAMD261009C00215000%2CAMD261009C00220000%2CAMD261009C00225000%2CAMD261009C00230000%2CAMD261009C00235000%2CAMD261009C00240000%2CAMD261009C00245000%2CAMD261009C00250000%2CAMD261009C00255000%2CAMD261009C00260000%2CAMD261009C00265000%2CAMD261009C00270000%2CAMD261009C00275000%2CAMD261009C00280000%2CAMD261009C00285000&greeks=true'
For more information check: https://developer.mozilla.org/en-US/docs/Web/HTTP/Status/401
2026-10-06T09:51:22 | WARNING  | app.scanning.alpaca_confirmer | AlpacaConfirmer: cannot fetch chain for SOFI 2026-10-09: Client error '401 Unauthorized' for url 'https://api.tradier.com/v1/markets/quotes?symbols=SOFI261009C00005000%2CSOFI261009C00009000%2CSOFI261009C00010000%2CSOFI261009C00011000%2CSOFI261009C00011500%2CSOFI261009C00012000%2CSOFI261009C00012500%2CSOFI261009C00013000%2CSOFI261009C00013500%2CSOFI261009C00014000%2CSOFI261009C00014500%2CSOFI261009C00015000%2CSOFI261009C00015500%2CSOFI261009C00016000%2CSOFI261009C00016500%2CSOFI261009C00017000%2CSOFI261009C00017500%2CSOFI261009C00018000%2CSOFI261009C00018500%2CSOFI261009C00019000%2CSOFI261009C00019500%2CSOFI261009C00020000%2CSOFI261009C00020500%2CSOFI261009C00021000%2CSOFI261009C00021500%2CSOFI261009C00022000%2CSOFI261009C00022500%2CSOFI261009C00023000%2CSOFI261009C00023500%2CSOFI261009C00024000%2CSOFI261009C00025000%2CSOFI261009C00030000%2CSOFI261009P00005000%2CSOFI261009P00009000%2CSOFI261009P00010000%2CSOFI261009P00011000%2CSOFI261009P00011500%2CSOFI261009P00012000%2CSOFI261009P00012500%2CSOFI261009P00013000%2CSOFI261009P00013500%2CSOFI261009P00014000%2CSOFI261009P00014500%2CSOFI261009P00015000%2CSOFI261009P00015500%2CSOFI261009P00016000%2CSOFI261009P00016500%2CSOFI261009P00017000%2CSOFI261009P00017500%2CSOFI261009P00018000&greeks=true'
For more information check: https://developer.mozilla.org/en-US/docs/Web/HTTP/Status/401
2026-10-06T09:51:22 | WARNING  | app.scanning.alpaca_confirmer | AlpacaConfirmer: cannot fetch chain for MSFT 2026-10-09: Client error '401 Unauthorized' for url 'https://api.tradier.com/v1/markets/quotes?symbols=MSFT261009C00270000%2CMSFT261009C00280000%2CMSFT261009C00290000%2CMSFT261009C00300000%2CMSFT261009C00305000%2CMSFT261009C00310000%2CMSFT261009C00315000%2CMSFT261009C00320000%2CMSFT261009C00325000%2CMSFT261009C00330000%2CMSFT261009C00335000%2CMSFT261009C00340000%2CMSFT261009C00345000%2CMSFT261009C00350000%2CMSFT261009C00355000%2CMSFT261009C00360000%2CMSFT261009C00365000%2CMSFT261009C00370000%2CMSFT261009C00375000%2CMSFT261009C00380000%2CMSFT261009C00385000%2CMSFT261009C00390000%2CMSFT261009C00395000%2CMSFT261009C00400000%2CMSFT261009C00405000%2CMSFT261009C00410000%2CMSFT261009C00415000%2CMSFT261009C00420000%2CMSFT261009C00425000%2CMSFT261009C00430000%2CMSFT261009C00435000%2CMSFT261009C00440000%2CMSFT261009C00445000%2CMSFT261009C00450000%2CMSFT261009C00455000%2CMSFT261009C00457500%2CMSFT261009C00460000%2CMSFT261009C00462500%2CMSFT261009C00465000%2CMSFT261009C00467500%2CMSFT261009C00470000%2CMSFT261009C00472500%2CMSFT261009C00475000%2CMSFT261009C00477500%2CMSFT261009C00480000%2CMSFT261009C00482500%2CMSFT261009C00485000%2CMSFT261009C00487500%2CMSFT261009C00490000%2CMSFT261009C00492500&greeks=true'
For more information check: https://developer.mozilla.org/en-US/docs/Web/HTTP/Status/401
2026-10-06T09:51:22 | WARNING  | app.scanning.alpaca_confirmer | AlpacaConfirmer: cannot fetch chain for AVGO 2026-10-09: Client error '401 Unauthorized' for url 'https://api.tradier.com/v1/markets/quotes?symbols=AVGO261009C00210000%2CAVGO261009C00215000%2CAVGO261009C00220000%2CAVGO261009C00225000%2CAVGO261009C00230000%2CAVGO261009C00235000%2CAVGO261009C00240000%2CAVGO261009C00245000%2CAVGO261009C00250000%2CAVGO261009C00255000%2CAVGO261009C00260000%2CAVGO261009C00265000%2CAVGO261009C00270000%2CAVGO261009C00275000%2CAVGO261009C00280000%2CAVGO261009C00285000%2CAVGO261009C00290000%2CAVGO261009C00295000%2CAVGO261009C00300000%2CAVGO261009C00305000%2CAVGO261009C00310000%2CAVGO261009C00315000%2CAVGO261009C00317500%2CAVGO261009C00320000%2CAVGO261009C00322500%2CAVGO261009C00325000%2CAVGO261009C00327500%2CAVGO261009C00330000%2CAVGO261009C00332500%2CAVGO261009C00335000%2CAVGO261009C00337500%2CAVGO261009C00340000%2CAVGO261009C00342500%2CAVGO261009C00345000%2CAVGO261009C00347500%2CAVGO261009C00350000%2CAVGO261009C00352500%2CAVGO261009C00355000%2CAVGO261009C00357500%2CAVGO261009C00360000%2CAVGO261009C00362500%2CAVGO261009C00365000%2CAVGO261009C00367500%2CAVGO261009C00370000%2CAVGO261009C00372500%2CAVGO261009C00375000%2CAVGO261009C00377500%2CAVGO261009C00380000%2CAVGO261009C00382500%2CAVGO261009C00385000&greeks=true'
For more information check: https://developer.mozilla.org/en-US/docs/Web/HTTP/Status/401
2026-10-06T09:51:22 | WARNING  | app.scanning.alpaca_confirmer | AlpacaConfirmer: cannot fetch chain for IWM 2026-10-08: Client error '401 Unauthorized' for url 'https://api.tradier.com/v1/markets/quotes?symbols=IWM261008C00180000%2CIWM261008C00190000%2CIWM261008C00200000%2CIWM261008C00205000%2CIWM261008C00210000%2CIWM261008C00215000%2CIWM261008C00220000%2CIWM261008C00225000%2CIWM261008C00230000%2CIWM261008C00235000%2CIWM261008C00240000%2CIWM261008C00245000%2CIWM261008C00250000%2CIWM261008C00255000%2CIWM261008C00260000%2CIWM261008C00261000%2CIWM261008C00262000%2CIWM261008C00263000%2CIWM261008C00264000%2CIWM261008C00265000%2CIWM261008C00266000%2CIWM261008C00267000%2CIWM261008C00268000%2CIWM261008C00269000%2CIWM261008C00270000%2CIWM261008C00271000%2CIWM261008C00272000%2CIWM261008C00273000%2CIWM261008C00274000%2CIWM261008C00275000%2CIWM261008C00276000%2CIWM261008C00277000%2CIWM261008C00278000%2CIWM261008C00279000%2CIWM261008C00280000%2CIWM261008C00281000%2CIWM261008C00282000%2CIWM261008C00283000%2CIWM261008C00284000%2CIWM261008C00285000%2CIWM261008C00286000%2CIWM261008C00287000%2CIWM261008C00288000%2CIWM261008C00289000%2CIWM261008C00290000%2CIWM261008C00291000%2CIWM261008C00292000%2CIWM261008C00293000%2CIWM261008C00294000%2CIWM261008C00295000&greeks=true'
For more information check: https://developer.mozilla.org/en-US/docs/Web/HTTP/Status/401
2026-10-06T09:51:22 | WARNING  | app.scanning.alpaca_confirmer | AlpacaConfirmer: cannot fetch chain for META 2026-10-09: Client error '401 Unauthorized' for url 'https://api.tradier.com/v1/markets/quotes?symbols=META261009C00100000%2CMETA261009C00110000%2CMETA261009C00120000%2CMETA261009C00130000%2CMETA261009C00140000%2CMETA261009C00150000%2CMETA261009C00160000%2CMETA261009C00170000%2CMETA261009C00180000%2CMETA261009C00190000%2CMETA261009C00200000%2CMETA261009C00210000%2CMETA261009C00220000%2CMETA261009C00230000%2CMETA261009C00240000%2CMETA261009C00250000%2CMETA261009C00260000%2CMETA261009C00270000%2CMETA261009C00280000%2CMETA261009C00290000%2CMETA261009C00300000%2CMETA261009C00310000%2CMETA261009C00320000%2CMETA261009C00330000%2CMETA261009C00340000%2CMETA261009C00350000%2CMETA261009C00360000%2CMETA261009C00370000%2CMETA261009C00380000%2CMETA261009C00390000%2CMETA261009C00400000%2CMETA261009C00405000%2CMETA261009C00410000%2CMETA261009C00415000%2CMETA261009C00420000%2CMETA261009C00425000%2CMETA261009C00430000%2CMETA261009C00435000%2CMETA261009C00440000%2CMETA261009C00445000%2CMETA261009C00450000%2CMETA261009C00455000%2CMETA261009C00460000%2CMETA261009C00465000%2CMETA261009C00470000%2CMETA261009C00475000%2CMETA261009C00480000%2CMETA261009C00485000%2CMETA261009C00490000%2CMETA261009C00495000&greeks=true'
For more information check: https://developer.mozilla.org/en-US/docs/Web/HTTP/Status/401
2026-10-06T09:51:22 | WARNING  | app.scanning.alpaca_confirmer | AlpacaConfirmer: cannot fetch chain for UBER 2026-10-09: Client error '401 Unauthorized' for url 'https://api.tradier.com/v1/markets/quotes?symbols=UBER261009C00050000%2CUBER261009C00055000%2CUBER261009C00057000%2CUBER261009C00058000%2CUBER261009C00059000%2CUBER261009C00060000%2CUBER261009C00061000%2CUBER261009C00062000%2CUBER261009C00063000%2CUBER261009C00064000%2CUBER261009C00065000%2CUBER261009C00066000%2CUBER261009C00067000%2CUBER261009C00068000%2CUBER261009C00069000%2CUBER261009C00070000%2CUBER261009C00071000%2CUBER261009C00072000%2CUBER261009C00073000%2CUBER261009C00074000%2CUBER261009C00075000%2CUBER261009C00076000%2CUBER261009C00077000%2CUBER261009C00078000%2CUBER261009C00079000%2CUBER261009C00080000%2CUBER261009C00081000%2CUBER261009C00082000%2CUBER261009C00083000%2CUBER261009C00084000%2CUBER261009C00085000%2CUBER261009C00086000%2CUBER261009C00087000%2CUBER261009C00088000%2CUBER261009C00089000%2CUBER261009C00090000%2CUBER261009C00091000%2CUBER261009C00095000%2CUBER261009C00100000%2CUBER261009C00105000%2CUBER261009P00050000%2CUBER261009P00055000%2CUBER261009P00057000%2CUBER261009P00058000%2CUBER261009P00059000%2CUBER261009P00060000%2CUBER261009P00061000%2CUBER261009P00062000%2CUBER261009P00063000%2CUBER261009P00064000&greeks=true'
For more information check: https://developer.mozilla.org/en-US/docs/Web/HTTP/Status/401
2026-10-06T09:51:22 | WARNING  | app.scanning.alpaca_confirmer | AlpacaConfirmer: cannot fetch chain for GOOGL 2026-10-09: Client error '401 Unauthorized' for url 'https://api.tradier.com/v1/markets/quotes?symbols=GOOGL261009C00100000%2CGOOGL261009C00105000%2CGOOGL261009C00110000%2CGOOGL261009C00115000%2CGOOGL261009C00120000%2CGOOGL261009C00125000%2CGOOGL261009C00130000%2CGOOGL261009C00135000%2CGOOGL261009C00140000%2CGOOGL261009C00145000%2CGOOGL261009C00150000%2CGOOGL261009C00155000%2CGOOGL261009C00160000%2CGOOGL261009C00165000%2CGOOGL261009C00170000%2CGOOGL261009C00175000%2CGOOGL261009C00180000%2CGOOGL261009C00185000%2CGOOGL261009C00190000%2CGOOGL261009C00195000%2CGOOGL261009C00200000%2CGOOGL261009C00205000%2CGOOGL261009C00210000%2CGOOGL261009C00215000%2CGOOGL261009C00220000%2CGOOGL261009C00225000%2CGOOGL261009C00230000%2CGOOGL261009C00235000%2CGOOGL261009C00240000%2CGOOGL261009C00245000%2CGOOGL261009C00250000%2CGOOGL261009C00255000%2CGOOGL261009C00260000%2CGOOGL261009C00265000%2CGOOGL261009C00270000%2CGOOGL261009C00275000%2CGOOGL261009C00280000%2CGOOGL261009C00285000%2CGOOGL261009C00290000%2CGOOGL261009C00295000%2CGOOGL261009C00300000%2CGOOGL261009C00305000%2CGOOGL261009C00307500%2CGOOGL261009C00310000%2CGOOGL261009C00312500%2CGOOGL261009C00315000%2CGOOGL261009C00317500%2CGOOGL261009C00320000%2CGOOGL261009C00322500%2CGOOGL261009C00325000&greeks=true'
For more information check: https://developer.mozilla.org/en-US/docs/Web/HTTP/Status/401
2026-10-06T09:51:22 | WARNING  | app.scanning.alpaca_confirmer | AlpacaConfirmer: cannot fetch chain for AMZN 2026-10-09: Client error '401 Unauthorized' for url 'https://api.tradier.com/v1/markets/quotes?symbols=AMZN261009C00140000%2CAMZN261009C00145000%2CAMZN261009C00150000%2CAMZN261009C00155000%2CAMZN261009C00160000%2CAMZN261009C00165000%2CAMZN261009C00170000%2CAMZN261009C00175000%2CAMZN261009C00180000%2CAMZN261009C00185000%2CAMZN261009C00190000%2CAMZN261009C00195000%2CAMZN261009C00200000%2CAMZN261009C00205000%2CAMZN261009C00210000%2CAMZN261009C00215000%2CAMZN261009C00220000%2CAMZN261009C00222500%2CAMZN261009C00225000%2CAMZN261009C00227500%2CAMZN261009C00230000%2CAMZN261009C00232500%2CAMZN261009C00235000%2CAMZN261009C00237500%2CAMZN261009C00240000%2CAMZN261009C00242500%2CAMZN261009C00245000%2CAMZN261009C00247500%2CAMZN261009C00250000%2CAMZN261009C00252500%2CAMZN261009C00255000%2CAMZN261009C00257500%2CAMZN261009C00260000%2CAMZN261009C00262500%2CAMZN261009C00265000%2CAMZN261009C00267500%2CAMZN261009C00270000%2CAMZN261009C00272500%2CAMZN261009C00275000%2CAMZN261009C00277500%2CAMZN261009C00280000%2CAMZN261009C00285000%2CAMZN261009C00290000%2CAMZN261009C00295000%2CAMZN261009C00300000%2CAMZN261009C00305000%2CAMZN261009C00310000%2CAMZN261009C00315000%2CAMZN261009C00320000%2CAMZN261009C00325000&greeks=true'
For more information check: https://developer.mozilla.org/en-US/docs/Web/HTTP/Status/401
2026-10-06T09:51:22 | INFO     | session_runner | AlpacaConfirmer: 0 confirmed symbols: []
2026-10-06T09:51:22 | WARNING  | session_runner | Re-scan returned no confirmed symbols — falling back to ['SPY']
2026-10-06T09:51:22 | INFO     | session_runner | Broad-market regime | SPY=long
2026-10-06T09:51:22 | INFO     | session_runner | [bridge:SPY] rsi_trend ready: sufficient bars
2026-10-06T09:51:22 | INFO     | session_runner | Signal quality blocked | SPY/vwap_reclaim score=0.0 < 3.0
2026-10-06T09:51:23 | INFO     | app.evaluation.shadow_book | ShadowBook: v4-20261006-5976-SPY-vwap_reclaim blocked (signal_quality_below_min) but not priceable — signal logged, no simulation
2026-10-06T09:51:53 | INFO     | session_runner | [cycle 42] 09:51:53 ET | positions=0 | entries=0
2026-10-06T09:51:53 | INFO     | session_runner | [bridge:SPY] rsi_trend ready: sufficient bars
2026-10-06T09:51:53 | INFO     | session_runner | Signal quality blocked | SPY/vwap_reclaim score=0.0 < 3.0
2026-10-06T09:51:53 | INFO     | app.evaluation.shadow_book | ShadowBook: v4-20261006-5977-SPY-vwap_reclaim blocked (signal_quality_below_min) but not priceable — signal logged, no simulation
2026-10-06T09:52:23 | INFO     | session_runner | [cycle 43] 09:52:23 ET | positions=0 | entries=0
2026-10-06T09:52:23 | INFO     | session_runner | [bridge:SPY] rsi_trend ready: sufficient bars
2026-10-06T09:52:23 | INFO     | session_runner | Signal quality blocked | SPY/vwap_reclaim score=0.0 < 3.0
2026-10-06T09:52:23 | INFO     | app.evaluation.shadow_book | ShadowBook: v4-20261006-5978-SPY-vwap_reclaim blocked (signal_quality_below_min) but not priceable — signal logged, no simulation
2026-10-06T09:52:53 | INFO     | session_runner | [cycle 44] 09:52:53 ET | positions=0 | entries=0
2026-10-06T09:52:54 | INFO     | session_runner | [bridge:SPY] rsi_trend ready: sufficient bars
2026-10-06T09:52:54 | INFO     | session_runner | Signal quality blocked | SPY/vwap_reclaim score=0.0 < 3.0
2026-10-06T09:52:54 | INFO     | app.evaluation.shadow_book | ShadowBook: v4-20261006-5979-SPY-vwap_reclaim blocked (signal_quality_below_min) but not priceable — signal logged, no simulation
2026-10-06T09:53:24 | INFO     | session_runner | [cycle 45] 09:53:24 ET | positions=0 | entries=0
2026-10-06T09:53:24 | INFO     | session_runner | [bridge:SPY] rsi_trend ready: sufficient bars
2026-10-06T09:53:24 | INFO     | session_runner | Signal quality blocked | SPY/vwap_reclaim score=0.0 < 3.0
2026-10-06T09:53:24 | INFO     | app.evaluation.shadow_book | ShadowBook: v4-20261006-5980-SPY-vwap_reclaim blocked (signal_quality_below_min) but not priceable — signal logged, no simulation
2026-10-06T09:53:54 | INFO     | session_runner | [cycle 46] 09:53:54 ET | positions=0 | entries=0
2026-10-06T09:53:55 | INFO     | session_runner | [bridge:SPY] rsi_trend ready: sufficient bars
2026-10-06T09:53:55 | INFO     | session_runner | Signal quality blocked | SPY/vwap_reclaim score=0.0 < 3.0
2026-10-06T09:53:55 | INFO     | app.evaluation.shadow_book | ShadowBook: v4-20261006-5981-SPY-vwap_reclaim blocked (signal_quality_below_min) but not priceable — signal logged, no simulation
2026-10-06T09:54:25 | INFO     | session_runner | [cycle 47] 09:54:25 ET | positions=0 | entries=0
2026-10-06T09:54:25 | INFO     | session_runner | [bridge:SPY] rsi_trend ready: sufficient bars
2026-10-06T09:54:25 | INFO     | session_runner | Signal quality blocked | SPY/vwap_reclaim score=0.0 < 3.0
2026-10-06T09:54:25 | INFO     | app.evaluation.shadow_book | ShadowBook: v4-20261006-5982-SPY-vwap_reclaim blocked (signal_quality_below_min) but not priceable — signal logged, no simulation
2026-10-06T09:54:55 | INFO     | session_runner | [cycle 48] 09:54:55 ET | positions=0 | entries=0
2026-10-06T09:54:55 | INFO     | session_runner | [bridge:SPY] rsi_trend ready: sufficient bars
2026-10-06T09:54:55 | INFO     | session_runner | Signal quality blocked | SPY/vwap_reclaim score=0.0 < 3.0
2026-10-06T09:54:55 | INFO     | app.evaluation.shadow_book | ShadowBook: v4-20261006-5983-SPY-vwap_reclaim blocked (signal_quality_below_min) but not priceable — signal logged, no simulation
2026-10-06T09:55:26 | INFO     | session_runner | [cycle 49] 09:55:26 ET | positions=0 | entries=0
2026-10-06T09:55:26 | INFO     | session_runner | [bridge:SPY] rsi_trend ready: sufficient bars
2026-10-06T09:55:26 | INFO     | session_runner | Signal quality blocked | SPY/orb score=2.0 < 3.0
2026-10-06T09:55:26 | INFO     | app.evaluation.shadow_book | ShadowBook: v4-20261006-5984-SPY-orb blocked (signal_quality_below_min) but not priceable — signal logged, no simulation
2026-10-06T09:55:26 | INFO     | app.evaluation.shadow_book | ShadowBook: v4-20261006-5985-SPY-orb-inverted blocked (inverted_direction_counterfactual) but not priceable — signal logged, no simulation
2026-10-06T09:55:26 | INFO     | session_runner | Stale signal: SPY/vwap_reclaim age=10 min > max 10 min — skipped
2026-10-06T09:55:56 | INFO     | session_runner | [cycle 50] 09:55:56 ET | positions=0 | entries=0
2026-10-06T09:55:56 | INFO     | session_runner | [bridge:SPY] rsi_trend ready: sufficient bars
2026-10-06T09:55:56 | INFO     | session_runner | Signal quality blocked | SPY/orb score=2.0 < 3.0
2026-10-06T09:55:57 | INFO     | app.evaluation.shadow_book | ShadowBook: v4-20261006-5986-SPY-orb blocked (signal_quality_below_min) but not priceable — signal logged, no simulation
2026-10-06T09:55:57 | INFO     | session_runner | Stale signal: SPY/vwap_reclaim age=11 min > max 10 min — skipped
2026-10-06T09:56:27 | INFO     | session_runner | [cycle 51] 09:56:27 ET | positions=0 | entries=0
2026-10-06T09:56:27 | INFO     | session_runner | Periodic universe re-scan …
2026-10-06T09:56:27 | INFO     | app.scanning.universe_loader | UniverseLoader: loaded 5 groups (13 flat symbols) from config/ticker_universe.yaml (blacklist=0)
2026-10-06T09:56:27 | INFO     | app.scanning.universe_loader | UniverseLoader: 38 symbols from 4 group(s) (blacklist=0)
2026-10-06T09:56:27 | INFO     | session_runner | Universe scan: 38 symbols from 4 group(s) | max_active=6
2026-10-06T09:56:31 | INFO     | session_runner | Scan: 19 passed, 19 rejected
2026-10-06T09:56:31 | INFO     | session_runner |   UBER    score=75.0  signal=SHORT    reasons: rvol=1.28x (normal), atr=2.13% (wide-range), orb_breakdown
2026-10-06T09:56:31 | INFO     | session_runner |   SOFI    score=73.0  signal=SHORT    reasons: rvol=1.87x (elevated), atr=3.18% (wide-range), near_orb_level
2026-10-06T09:56:31 | INFO     | session_runner |   AVGO    score=72.0  signal=LONG     reasons: rvol=1.60x (elevated), atr=2.66% (wide-range), orb_breakout
2026-10-06T09:56:31 | INFO     | session_runner |   AAPL    score=67.0  signal=SHORT    reasons: rvol=1.07x (normal), atr=1.82% (wide-range), orb_breakdown
2026-10-06T09:56:31 | INFO     | session_runner |   HOOD    score=67.0  signal=SHORT    reasons: rvol=1.42x (normal), atr=4.62% (wide-range), orb_breakdown
2026-10-06T09:56:32 | WARNING  | app.scanning.alpaca_confirmer | AlpacaConfirmer: cannot fetch chain for NVDA 2026-10-09: Client error '401 Unauthorized' for url 'https://api.tradier.com/v1/markets/quotes?symbols=NVDA261009C00050000%2CNVDA261009C00055000%2CNVDA261009C00060000%2CNVDA261009C00065000%2CNVDA261009C00070000%2CNVDA261009C00075000%2CNVDA261009C00080000%2CNVDA261009C00085000%2CNVDA261009C00090000%2CNVDA261009C00095000%2CNVDA261009C00100000%2CNVDA261009C00105000%2CNVDA261009C00110000%2CNVDA261009C00115000%2CNVDA261009C00120000%2CNVDA261009C00125000%2CNVDA261009C00130000%2CNVDA261009C00135000%2CNVDA261009C00140000%2CNVDA261009C00145000%2CNVDA261009C00150000%2CNVDA261009C00155000%2CNVDA261009C00160000%2CNVDA261009C00165000%2CNVDA261009C00170000%2CNVDA261009C00175000%2CNVDA261009C00180000%2CNVDA261009C00185000%2CNVDA261009C00190000%2CNVDA261009C00195000%2CNVDA261009C00197500%2CNVDA261009C00200000%2CNVDA261009C00202500%2CNVDA261009C00205000%2CNVDA261009C00207500%2CNVDA261009C00210000%2CNVDA261009C00212500%2CNVDA261009C00215000%2CNVDA261009C00217500%2CNVDA261009C00220000%2CNVDA261009C00222500%2CNVDA261009C00225000%2CNVDA261009C00227500%2CNVDA261009C00230000%2CNVDA261009C00232500%2CNVDA261009C00235000%2CNVDA261009C00237500%2CNVDA261009C00240000%2CNVDA261009C00242500%2CNVDA261009C00245000&greeks=true'
For more information check: https://developer.mozilla.org/en-US/docs/Web/HTTP/Status/401
2026-10-06T09:56:32 | WARNING  | app.scanning.alpaca_confirmer | AlpacaConfirmer: cannot fetch chain for AVGO 2026-10-09: Client error '401 Unauthorized' for url 'https://api.tradier.com/v1/markets/quotes?symbols=AVGO261009C00210000%2CAVGO261009C00215000%2CAVGO261009C00220000%2CAVGO261009C00225000%2CAVGO261009C00230000%2CAVGO261009C00235000%2CAVGO261009C00240000%2CAVGO261009C00245000%2CAVGO261009C00250000%2CAVGO261009C00255000%2CAVGO261009C00260000%2CAVGO261009C00265000%2CAVGO261009C00270000%2CAVGO261009C00275000%2CAVGO261009C00280000%2CAVGO261009C00285000%2CAVGO261009C00290000%2CAVGO261009C00295000%2CAVGO261009C00300000%2CAVGO261009C00305000%2CAVGO261009C00310000%2CAVGO261009C00315000%2CAVGO261009C00317500%2CAVGO261009C00320000%2CAVGO261009C00322500%2CAVGO261009C00325000%2CAVGO261009C00327500%2CAVGO261009C00330000%2CAVGO261009C00332500%2CAVGO261009C00335000%2CAVGO261009C00337500%2CAVGO261009C00340000%2CAVGO261009C00342500%2CAVGO261009C00345000%2CAVGO261009C00347500%2CAVGO261009C00350000%2CAVGO261009C00352500%2CAVGO261009C00355000%2CAVGO261009C00357500%2CAVGO261009C00360000%2CAVGO261009C00362500%2CAVGO261009C00365000%2CAVGO261009C00367500%2CAVGO261009C00370000%2CAVGO261009C00372500%2CAVGO261009C00375000%2CAVGO261009C00377500%2CAVGO261009C00380000%2CAVGO261009C00382500%2CAVGO261009C00385000&greeks=true'
For more information check: https://developer.mozilla.org/en-US/docs/Web/HTTP/Status/401
2026-10-06T09:56:32 | WARNING  | app.scanning.alpaca_confirmer | AlpacaConfirmer: cannot fetch chain for HOOD 2026-10-09: Client error '401 Unauthorized' for url 'https://api.tradier.com/v1/markets/quotes?symbols=HOOD261009C00025000%2CHOOD261009C00030000%2CHOOD261009C00035000%2CHOOD261009C00040000%2CHOOD261009C00045000%2CHOOD261009C00050000%2CHOOD261009C00055000%2CHOOD261009C00060000%2CHOOD261009C00065000%2CHOOD261009C00070000%2CHOOD261009C00075000%2CHOOD261009C00080000%2CHOOD261009C00085000%2CHOOD261009C00090000%2CHOOD261009C00091000%2CHOOD261009C00092000%2CHOOD261009C00093000%2CHOOD261009C00094000%2CHOOD261009C00095000%2CHOOD261009C00096000%2CHOOD261009C00097000%2CHOOD261009C00098000%2CHOOD261009C00099000%2CHOOD261009C00100000%2CHOOD261009C00101000%2CHOOD261009C00102000%2CHOOD261009C00103000%2CHOOD261009C00104000%2CHOOD261009C00105000%2CHOOD261009C00106000%2CHOOD261009C00107000%2CHOOD261009C00108000%2CHOOD261009C00109000%2CHOOD261009C00110000%2CHOOD261009C00111000%2CHOOD261009C00112000%2CHOOD261009C00113000%2CHOOD261009C00114000%2CHOOD261009C00115000%2CHOOD261009C00116000%2CHOOD261009C00117000%2CHOOD261009C00118000%2CHOOD261009C00119000%2CHOOD261009C00120000%2CHOOD261009C00121000%2CHOOD261009C00122000%2CHOOD261009C00123000%2CHOOD261009C00124000%2CHOOD261009C00125000%2CHOOD261009C00126000&greeks=true'
For more information check: https://developer.mozilla.org/en-US/docs/Web/HTTP/Status/401
2026-10-06T09:56:32 | WARNING  | app.scanning.alpaca_confirmer | AlpacaConfirmer: cannot fetch chain for SOFI 2026-10-09: Client error '401 Unauthorized' for url 'https://api.tradier.com/v1/markets/quotes?symbols=SOFI261009C00005000%2CSOFI261009C00009000%2CSOFI261009C00010000%2CSOFI261009C00011000%2CSOFI261009C00011500%2CSOFI261009C00012000%2CSOFI261009C00012500%2CSOFI261009C00013000%2CSOFI261009C00013500%2CSOFI261009C00014000%2CSOFI261009C00014500%2CSOFI261009C00015000%2CSOFI261009C00015500%2CSOFI261009C00016000%2CSOFI261009C00016500%2CSOFI261009C00017000%2CSOFI261009C00017500%2CSOFI261009C00018000%2CSOFI261009C00018500%2CSOFI261009C00019000%2CSOFI261009C00019500%2CSOFI261009C00020000%2CSOFI261009C00020500%2CSOFI261009C00021000%2CSOFI261009C00021500%2CSOFI261009C00022000%2CSOFI261009C00022500%2CSOFI261009C00023000%2CSOFI261009C00023500%2CSOFI261009C00024000%2CSOFI261009C00025000%2CSOFI261009C00030000%2CSOFI261009P00005000%2CSOFI261009P00009000%2CSOFI261009P00010000%2CSOFI261009P00011000%2CSOFI261009P00011500%2CSOFI261009P00012000%2CSOFI261009P00012500%2CSOFI261009P00013000%2CSOFI261009P00013500%2CSOFI261009P00014000%2CSOFI261009P00014500%2CSOFI261009P00015000%2CSOFI261009P00015500%2CSOFI261009P00016000%2CSOFI261009P00016500%2CSOFI261009P00017000%2CSOFI261009P00017500%2CSOFI261009P00018000&greeks=true'
For more information check: https://developer.mozilla.org/en-US/docs/Web/HTTP/Status/401
2026-10-06T09:56:32 | WARNING  | app.scanning.alpaca_confirmer | AlpacaConfirmer: cannot fetch chain for XLE 2026-10-09: Client error '401 Unauthorized' for url 'https://api.tradier.com/v1/markets/quotes?symbols=XLE261009C00035000%2CXLE261009C00040000%2CXLE261009C00045000%2CXLE261009C00050000%2CXLE261009C00051000%2CXLE261009C00052000%2CXLE261009C00053000%2CXLE261009C00054000%2CXLE261009C00055000%2CXLE261009C00056000%2CXLE261009C00056500%2CXLE261009C00057000%2CXLE261009C00057500%2CXLE261009C00058000%2CXLE261009C00058500%2CXLE261009C00059000%2CXLE261009C00059500%2CXLE261009C00060000%2CXLE261009C00060500%2CXLE261009C00061000%2CXLE261009C00061500%2CXLE261009C00062000%2CXLE261009C00062500%2CXLE261009C00063000%2CXLE261009C00063500%2CXLE261009C00064000%2CXLE261009C00064500%2CXLE261009C00065000%2CXLE261009C00065500%2CXLE261009C00066000%2CXLE261009C00066500%2CXLE261009C00067000%2CXLE261009C00067500%2CXLE261009C00068000%2CXLE261009C00068500%2CXLE261009C00069000%2CXLE261009C00070000%2CXLE261009C00071000%2CXLE261009C00075000%2CXLE261009C00080000%2CXLE261009P00035000%2CXLE261009P00040000%2CXLE261009P00045000%2CXLE261009P00050000%2CXLE261009P00051000%2CXLE261009P00052000%2CXLE261009P00053000%2CXLE261009P00054000%2CXLE261009P00055000%2CXLE261009P00056000&greeks=true'
For more information check: https://developer.mozilla.org/en-US/docs/Web/HTTP/Status/401
2026-10-06T09:56:32 | WARNING  | app.scanning.alpaca_confirmer | AlpacaConfirmer: cannot fetch chain for PLTR 2026-10-09: Client error '401 Unauthorized' for url 'https://api.tradier.com/v1/markets/quotes?symbols=PLTR261009C00050000%2CPLTR261009C00055000%2CPLTR261009C00060000%2CPLTR261009C00065000%2CPLTR261009C00070000%2CPLTR261009C00075000%2CPLTR261009C00080000%2CPLTR261009C00085000%2CPLTR261009C00090000%2CPLTR261009C00095000%2CPLTR261009C00100000%2CPLTR261009C00105000%2CPLTR261009C00110000%2CPLTR261009C00115000%2CPLTR261009C00120000%2CPLTR261009C00125000%2CPLTR261009C00130000%2CPLTR261009C00135000%2CPLTR261009C00140000%2CPLTR261009C00144000%2CPLTR261009C00145000%2CPLTR261009C00146000%2CPLTR261009C00147000%2CPLTR261009C00148000%2CPLTR261009C00149000%2CPLTR261009C00150000%2CPLTR261009C00152500%2CPLTR261009C00155000%2CPLTR261009C00157500%2CPLTR261009C00160000%2CPLTR261009C00162500%2CPLTR261009C00165000%2CPLTR261009C00167500%2CPLTR261009C00170000%2CPLTR261009C00172500%2CPLTR261009C00175000%2CPLTR261009C00177500%2CPLTR261009C00180000%2CPLTR261009C00182500%2CPLTR261009C00185000%2CPLTR261009C00187500%2CPLTR261009C00190000%2CPLTR261009C00192500%2CPLTR261009C00195000%2CPLTR261009C00197500%2CPLTR261009C00200000%2CPLTR261009C00202500%2CPLTR261009C00205000%2CPLTR261009C00207500%2CPLTR261009C00210000&greeks=true'
For more information check: https://developer.mozilla.org/en-US/docs/Web/HTTP/Status/401
2026-10-06T09:56:32 | WARNING  | app.scanning.alpaca_confirmer | AlpacaConfirmer: cannot fetch chain for SPY 2026-10-08: Client error '401 Unauthorized' for url 'https://api.tradier.com/v1/markets/quotes?symbols=SPY261008C00550000%2CSPY261008C00555000%2CSPY261008C00560000%2CSPY261008C00565000%2CSPY261008C00570000%2CSPY261008C00575000%2CSPY261008C00580000%2CSPY261008C00585000%2CSPY261008C00590000%2CSPY261008C00595000%2CSPY261008C00600000%2CSPY261008C00605000%2CSPY261008C00610000%2CSPY261008C00615000%2CSPY261008C00620000%2CSPY261008C00625000%2CSPY261008C00630000%2CSPY261008C00635000%2CSPY261008C00640000%2CSPY261008C00645000%2CSPY261008C00650000%2CSPY261008C00655000%2CSPY261008C00660000%2CSPY261008C00665000%2CSPY261008C00670000%2CSPY261008C00675000%2CSPY261008C00680000%2CSPY261008C00685000%2CSPY261008C00690000%2CSPY261008C00695000%2CSPY261008C00700000%2CSPY261008C00705000%2CSPY261008C00710000%2CSPY261008C00715000%2CSPY261008C00720000%2CSPY261008C00723000%2CSPY261008C00724000%2CSPY261008C00725000%2CSPY261008C00726000%2CSPY261008C00727000%2CSPY261008C00728000%2CSPY261008C00729000%2CSPY261008C00730000%2CSPY261008C00731000%2CSPY261008C00732000%2CSPY261008C00733000%2CSPY261008C00734000%2CSPY261008C00735000%2CSPY261008C00736000%2CSPY261008C00737000&greeks=true'
For more information check: https://developer.mozilla.org/en-US/docs/Web/HTTP/Status/401
2026-10-06T09:56:32 | WARNING  | app.scanning.alpaca_confirmer | AlpacaConfirmer: cannot fetch chain for UBER 2026-10-09: Client error '401 Unauthorized' for url 'https://api.tradier.com/v1/markets/quotes?symbols=UBER261009C00050000%2CUBER261009C00055000%2CUBER261009C00057000%2CUBER261009C00058000%2CUBER261009C00059000%2CUBER261009C00060000%2CUBER261009C00061000%2CUBER261009C00062000%2CUBER261009C00063000%2CUBER261009C00064000%2CUBER261009C00065000%2CUBER261009C00066000%2CUBER261009C00067000%2CUBER261009C00068000%2CUBER261009C00069000%2CUBER261009C00070000%2CUBER261009C00071000%2CUBER261009C00072000%2CUBER261009C00073000%2CUBER261009C00074000%2CUBER261009C00075000%2CUBER261009C00076000%2CUBER261009C00077000%2CUBER261009C00078000%2CUBER261009C00079000%2CUBER261009C00080000%2CUBER261009C00081000%2CUBER261009C00082000%2CUBER261009C00083000%2CUBER261009C00084000%2CUBER261009C00085000%2CUBER261009C00086000%2CUBER261009C00087000%2CUBER261009C00088000%2CUBER261009C00089000%2CUBER261009C00090000%2CUBER261009C00091000%2CUBER261009C00095000%2CUBER261009C00100000%2CUBER261009C00105000%2CUBER261009P00050000%2CUBER261009P00055000%2CUBER261009P00057000%2CUBER261009P00058000%2CUBER261009P00059000%2CUBER261009P00060000%2CUBER261009P00061000%2CUBER261009P00062000%2CUBER261009P00063000%2CUBER261009P00064000&greeks=true'
For more information check: https://developer.mozilla.org/en-US/docs/Web/HTTP/Status/401
2026-10-06T09:56:32 | WARNING  | app.scanning.alpaca_confirmer | AlpacaConfirmer: cannot fetch chain for AMD 2026-10-09: Client error '401 Unauthorized' for url 'https://api.tradier.com/v1/markets/quotes?symbols=AMD261009C00040000%2CAMD261009C00045000%2CAMD261009C00050000%2CAMD261009C00055000%2CAMD261009C00060000%2CAMD261009C00065000%2CAMD261009C00070000%2CAMD261009C00075000%2CAMD261009C00080000%2CAMD261009C00085000%2CAMD261009C00090000%2CAMD261009C00095000%2CAMD261009C00100000%2CAMD261009C00105000%2CAMD261009C00110000%2CAMD261009C00115000%2CAMD261009C00120000%2CAMD261009C00125000%2CAMD261009C00130000%2CAMD261009C00135000%2CAMD261009C00140000%2CAMD261009C00145000%2CAMD261009C00150000%2CAMD261009C00155000%2CAMD261009C00160000%2CAMD261009C00165000%2CAMD261009C00170000%2CAMD261009C00175000%2CAMD261009C00180000%2CAMD261009C00185000%2CAMD261009C00190000%2CAMD261009C00195000%2CAMD261009C00200000%2CAMD261009C00205000%2CAMD261009C00210000%2CAMD261009C00215000%2CAMD261009C00220000%2CAMD261009C00225000%2CAMD261009C00230000%2CAMD261009C00235000%2CAMD261009C00240000%2CAMD261009C00245000%2CAMD261009C00250000%2CAMD261009C00255000%2CAMD261009C00260000%2CAMD261009C00265000%2CAMD261009C00270000%2CAMD261009C00275000%2CAMD261009C00280000%2CAMD261009C00285000&greeks=true'
For more information check: https://developer.mozilla.org/en-US/docs/Web/HTTP/Status/401
2026-10-06T09:56:32 | WARNING  | app.scanning.alpaca_confirmer | AlpacaConfirmer: cannot fetch chain for AAPL 2026-10-09: Client error '401 Unauthorized' for url 'https://api.tradier.com/v1/markets/quotes?symbols=AAPL261009C00110000%2CAAPL261009C00120000%2CAAPL261009C00125000%2CAAPL261009C00130000%2CAAPL261009C00135000%2CAAPL261009C00140000%2CAAPL261009C00145000%2CAAPL261009C00150000%2CAAPL261009C00155000%2CAAPL261009C00160000%2CAAPL261009C00165000%2CAAPL261009C00170000%2CAAPL261009C00175000%2CAAPL261009C00180000%2CAAPL261009C00185000%2CAAPL261009C00190000%2CAAPL261009C00195000%2CAAPL261009C00200000%2CAAPL261009C00205000%2CAAPL261009C00210000%2CAAPL261009C00215000%2CAAPL261009C00220000%2CAAPL261009C00225000%2CAAPL261009C00230000%2CAAPL261009C00235000%2CAAPL261009C00240000%2CAAPL261009C00245000%2CAAPL261009C00250000%2CAAPL261009C00255000%2CAAPL261009C00260000%2CAAPL261009C00265000%2CAAPL261009C00270000%2CAAPL261009C00275000%2CAAPL261009C00280000%2CAAPL261009C00285000%2CAAPL261009C00290000%2CAAPL261009C00295000%2CAAPL261009C00300000%2CAAPL261009C00302500%2CAAPL261009C00305000%2CAAPL261009C00307500%2CAAPL261009C00310000%2CAAPL261009C00312500%2CAAPL261009C00315000%2CAAPL261009C00317500%2CAAPL261009C00320000%2CAAPL261009C00322500%2CAAPL261009C00325000%2CAAPL261009C00327500%2CAAPL261009C00330000&greeks=true'
For more information check: https://developer.mozilla.org/en-US/docs/Web/HTTP/Status/401
2026-10-06T09:56:32 | WARNING  | app.scanning.alpaca_confirmer | AlpacaConfirmer: cannot fetch chain for MSFT 2026-10-09: Client error '401 Unauthorized' for url 'https://api.tradier.com/v1/markets/quotes?symbols=MSFT261009C00270000%2CMSFT261009C00280000%2CMSFT261009C00290000%2CMSFT261009C00300000%2CMSFT261009C00305000%2CMSFT261009C00310000%2CMSFT261009C00315000%2CMSFT261009C00320000%2CMSFT261009C00325000%2CMSFT261009C00330000%2CMSFT261009C00335000%2CMSFT261009C00340000%2CMSFT261009C00345000%2CMSFT261009C00350000%2CMSFT261009C00355000%2CMSFT261009C00360000%2CMSFT261009C00365000%2CMSFT261009C00370000%2CMSFT261009C00375000%2CMSFT261009C00380000%2CMSFT261009C00385000%2CMSFT261009C00390000%2CMSFT261009C00395000%2CMSFT261009C00400000%2CMSFT261009C00405000%2CMSFT261009C00410000%2CMSFT261009C00415000%2CMSFT261009C00420000%2CMSFT261009C00425000%2CMSFT261009C00430000%2CMSFT261009C00435000%2CMSFT261009C00440000%2CMSFT261009C00445000%2CMSFT261009C00450000%2CMSFT261009C00455000%2CMSFT261009C00457500%2CMSFT261009C00460000%2CMSFT261009C00462500%2CMSFT261009C00465000%2CMSFT261009C00467500%2CMSFT261009C00470000%2CMSFT261009C00472500%2CMSFT261009C00475000%2CMSFT261009C00477500%2CMSFT261009C00480000%2CMSFT261009C00482500%2CMSFT261009C00485000%2CMSFT261009C00487500%2CMSFT261009C00490000%2CMSFT261009C00492500&greeks=true'
For more information check: https://developer.mozilla.org/en-US/docs/Web/HTTP/Status/401
2026-10-06T09:56:32 | WARNING  | app.scanning.alpaca_confirmer | AlpacaConfirmer: cannot fetch chain for META 2026-10-09: Client error '401 Unauthorized' for url 'https://api.tradier.com/v1/markets/quotes?symbols=META261009C00100000%2CMETA261009C00110000%2CMETA261009C00120000%2CMETA261009C00130000%2CMETA261009C00140000%2CMETA261009C00150000%2CMETA261009C00160000%2CMETA261009C00170000%2CMETA261009C00180000%2CMETA261009C00190000%2CMETA261009C00200000%2CMETA261009C00210000%2CMETA261009C00220000%2CMETA261009C00230000%2CMETA261009C00240000%2CMETA261009C00250000%2CMETA261009C00260000%2CMETA261009C00270000%2CMETA261009C00280000%2CMETA261009C00290000%2CMETA261009C00300000%2CMETA261009C00310000%2CMETA261009C00320000%2CMETA261009C00330000%2CMETA261009C00340000%2CMETA261009C00350000%2CMETA261009C00360000%2CMETA261009C00370000%2CMETA261009C00380000%2CMETA261009C00390000%2CMETA261009C00400000%2CMETA261009C00405000%2CMETA261009C00410000%2CMETA261009C00415000%2CMETA261009C00420000%2CMETA261009C00425000%2CMETA261009C00430000%2CMETA261009C00435000%2CMETA261009C00440000%2CMETA261009C00445000%2CMETA261009C00450000%2CMETA261009C00455000%2CMETA261009C00460000%2CMETA261009C00465000%2CMETA261009C00470000%2CMETA261009C00475000%2CMETA261009C00480000%2CMETA261009C00485000%2CMETA261009C00490000%2CMETA261009C00495000&greeks=true'
For more information check: https://developer.mozilla.org/en-US/docs/Web/HTTP/Status/401
2026-10-06T09:56:32 | INFO     | session_runner | AlpacaConfirmer: 0 confirmed symbols: []
2026-10-06T09:56:32 | WARNING  | session_runner | Re-scan returned no confirmed symbols — falling back to ['SPY']
2026-10-06T09:56:32 | INFO     | session_runner | Broad-market regime | SPY=long
2026-10-06T09:56:32 | INFO     | session_runner | [bridge:SPY] rsi_trend ready: sufficient bars
2026-10-06T09:56:32 | INFO     | session_runner | Signal quality blocked | SPY/orb score=2.0 < 3.0
2026-10-06T09:56:32 | INFO     | app.evaluation.shadow_book | ShadowBook: v4-20261006-5987-SPY-orb blocked (signal_quality_below_min) but not priceable — signal logged, no simulation
2026-10-06T09:56:32 | INFO     | session_runner | Stale signal: SPY/vwap_reclaim age=11 min > max 10 min — skipped
2026-10-06T09:57:02 | INFO     | session_runner | [cycle 52] 09:57:02 ET | positions=0 | entries=0
2026-10-06T09:57:03 | INFO     | session_runner | [bridge:SPY] rsi_trend ready: sufficient bars
2026-10-06T09:57:03 | INFO     | session_runner | Signal quality blocked | SPY/orb score=2.0 < 3.0
2026-10-06T09:57:03 | INFO     | app.evaluation.shadow_book | ShadowBook: v4-20261006-5988-SPY-orb blocked (signal_quality_below_min) but not priceable — signal logged, no simulation
2026-10-06T09:57:03 | INFO     | session_runner | Stale signal: SPY/vwap_reclaim age=12 min > max 10 min — skipped
2026-10-06T09:57:33 | INFO     | session_runner | [cycle 53] 09:57:33 ET | positions=0 | entries=0
2026-10-06T09:57:33 | INFO     | session_runner | [bridge:SPY] rsi_trend ready: sufficient bars
2026-10-06T09:57:33 | INFO     | session_runner | Signal quality blocked | SPY/orb score=2.0 < 3.0
2026-10-06T09:57:33 | INFO     | app.evaluation.shadow_book | ShadowBook: v4-20261006-5989-SPY-orb blocked (signal_quality_below_min) but not priceable — signal logged, no simulation
2026-10-06T09:57:33 | INFO     | session_runner | Stale signal: SPY/vwap_reclaim age=13 min > max 10 min — skipped
2026-10-06T09:58:03 | INFO     | session_runner | [cycle 54] 09:58:03 ET | positions=0 | entries=0
2026-10-06T09:58:04 | INFO     | session_runner | [bridge:SPY] rsi_trend ready: sufficient bars
2026-10-06T09:58:04 | INFO     | session_runner | Signal quality blocked | SPY/orb score=2.0 < 3.0
2026-10-06T09:58:04 | INFO     | app.evaluation.shadow_book | ShadowBook: v4-20261006-5990-SPY-orb blocked (signal_quality_below_min) but not priceable — signal logged, no simulation
2026-10-06T09:58:04 | INFO     | session_runner | Stale signal: SPY/vwap_reclaim age=13 min > max 10 min — skipped
2026-10-06T09:58:34 | INFO     | session_runner | [cycle 55] 09:58:34 ET | positions=0 | entries=0
2026-10-06T09:58:34 | INFO     | session_runner | [bridge:SPY] rsi_trend ready: sufficient bars
2026-10-06T09:58:34 | INFO     | session_runner | Signal quality blocked | SPY/orb score=2.0 < 3.0
2026-10-06T09:58:34 | INFO     | app.evaluation.shadow_book | ShadowBook: v4-20261006-5991-SPY-orb blocked (signal_quality_below_min) but not priceable — signal logged, no simulation
2026-10-06T09:58:34 | INFO     | session_runner | Stale signal: SPY/vwap_reclaim age=14 min > max 10 min — skipped
2026-10-06T09:59:04 | INFO     | session_runner | [cycle 56] 09:59:04 ET | positions=0 | entries=0
2026-10-06T09:59:05 | INFO     | session_runner | [bridge:SPY] rsi_trend ready: sufficient bars
2026-10-06T09:59:05 | INFO     | session_runner | Signal quality blocked | SPY/orb score=2.0 < 3.0
2026-10-06T09:59:05 | INFO     | app.evaluation.shadow_book | ShadowBook: v4-20261006-5992-SPY-orb blocked (signal_quality_below_min) but not priceable — signal logged, no simulation
2026-10-06T09:59:05 | INFO     | session_runner | Stale signal: SPY/vwap_reclaim age=14 min > max 10 min — skipped
2026-10-06T09:59:35 | INFO     | session_runner | [cycle 57] 09:59:35 ET | positions=0 | entries=0
2026-10-06T09:59:35 | INFO     | session_runner | [bridge:SPY] rsi_trend ready: sufficient bars
2026-10-06T09:59:35 | INFO     | session_runner | Signal quality blocked | SPY/orb score=2.0 < 3.0
2026-10-06T09:59:35 | INFO     | app.evaluation.shadow_book | ShadowBook: v4-20261006-5993-SPY-orb blocked (signal_quality_below_min) but not priceable — signal logged, no simulation
2026-10-06T09:59:35 | INFO     | session_runner | Stale signal: SPY/vwap_reclaim age=15 min > max 10 min — skipped
2026-10-06T10:00:05 | INFO     | session_runner | [cycle 58] 10:00:05 ET | positions=0 | entries=0
2026-10-06T10:00:06 | INFO     | session_runner | [bridge:SPY] rsi_trend ready: sufficient bars
2026-10-06T10:00:06 | INFO     | session_runner | Stale signal: SPY/orb age=10 min > max 10 min — skipped
2026-10-06T10:00:06 | INFO     | session_runner | Stale signal: SPY/vwap_reclaim age=15 min > max 10 min — skipped
2026-10-06T10:00:36 | INFO     | session_runner | [cycle 59] 10:00:36 ET | positions=0 | entries=0
2026-10-06T10:00:36 | INFO     | session_runner | [bridge:SPY] rsi_trend ready: sufficient bars
2026-10-06T10:00:36 | INFO     | session_runner | Stale signal: SPY/orb age=11 min > max 10 min — skipped
2026-10-06T10:00:36 | INFO     | session_runner | Stale signal: SPY/vwap_reclaim age=16 min > max 10 min — skipped
2026-10-06T10:01:06 | INFO     | session_runner | [cycle 60] 10:01:06 ET | positions=0 | entries=0
2026-10-06T10:01:06 | INFO     | session_runner | [bridge:SPY] rsi_trend ready: sufficient bars
2026-10-06T10:01:06 | INFO     | session_runner | Stale signal: SPY/orb age=11 min > max 10 min — skipped
2026-10-06T10:01:06 | INFO     | session_runner | Stale signal: SPY/vwap_reclaim age=16 min > max 10 min — skipped
2026-10-06T10:01:36 | INFO     | session_runner | [cycle 61] 10:01:36 ET | positions=0 | entries=0
2026-10-06T10:01:37 | INFO     | app.trading.reconciler | Reconciliation done: broker_pos=0 local_pos=0 broker_orders=0 local_pending=0 repaired=0 flagged=0 orders_confirmed=True positions_confirmed=True
2026-10-06T10:01:37 | INFO     | session_runner | Periodic universe re-scan …
2026-10-06T10:01:37 | INFO     | app.scanning.universe_loader | UniverseLoader: loaded 5 groups (13 flat symbols) from config/ticker_universe.yaml (blacklist=0)
2026-10-06T10:01:37 | INFO     | app.scanning.universe_loader | UniverseLoader: 38 symbols from 4 group(s) (blacklist=0)
2026-10-06T10:01:37 | INFO     | session_runner | Universe scan: 38 symbols from 4 group(s) | max_active=6
2026-10-06T10:01:43 | INFO     | session_runner | Scan: 20 passed, 18 rejected
2026-10-06T10:01:43 | INFO     | session_runner |   MSFT    score=85.0  signal=LONG     reasons: rvol=2.10x (high), atr=2.18% (wide-range), orb_breakout
2026-10-06T10:01:43 | INFO     | session_runner |   AVGO    score=72.0  signal=LONG     reasons: rvol=1.59x (elevated), atr=2.67% (wide-range), orb_breakout
2026-10-06T10:01:43 | INFO     | session_runner |   XLE     score=67.0  signal=LONG     reasons: rvol=2.19x (high), atr=1.80% (wide-range), trend_sideways
2026-10-06T10:01:43 | INFO     | session_runner |   HOOD    score=67.0  signal=SHORT    reasons: rvol=1.30x (normal), atr=4.63% (wide-range), orb_breakdown
2026-10-06T10:01:43 | INFO     | session_runner |   NVDA    score=65.0  signal=LONG     reasons: rvol=2.74x (high), atr=2.25% (wide-range), trend_up
2026-10-06T10:01:44 | WARNING  | app.scanning.alpaca_confirmer | AlpacaConfirmer: cannot fetch chain for AVGO 2026-10-09: Client error '401 Unauthorized' for url 'https://api.tradier.com/v1/markets/quotes?symbols=AVGO261009C00210000%2CAVGO261009C00215000%2CAVGO261009C00220000%2CAVGO261009C00225000%2CAVGO261009C00230000%2CAVGO261009C00235000%2CAVGO261009C00240000%2CAVGO261009C00245000%2CAVGO261009C00250000%2CAVGO261009C00255000%2CAVGO261009C00260000%2CAVGO261009C00265000%2CAVGO261009C00270000%2CAVGO261009C00275000%2CAVGO261009C00280000%2CAVGO261009C00285000%2CAVGO261009C00290000%2CAVGO261009C00295000%2CAVGO261009C00300000%2CAVGO261009C00305000%2CAVGO261009C00310000%2CAVGO261009C00315000%2CAVGO261009C00317500%2CAVGO261009C00320000%2CAVGO261009C00322500%2CAVGO261009C00325000%2CAVGO261009C00327500%2CAVGO261009C00330000%2CAVGO261009C00332500%2CAVGO261009C00335000%2CAVGO261009C00337500%2CAVGO261009C00340000%2CAVGO261009C00342500%2CAVGO261009C00345000%2CAVGO261009C00347500%2CAVGO261009C00350000%2CAVGO261009C00352500%2CAVGO261009C00355000%2CAVGO261009C00357500%2CAVGO261009C00360000%2CAVGO261009C00362500%2CAVGO261009C00365000%2CAVGO261009C00367500%2CAVGO261009C00370000%2CAVGO261009C00372500%2CAVGO261009C00375000%2CAVGO261009C00377500%2CAVGO261009C00380000%2CAVGO261009C00382500%2CAVGO261009C00385000&greeks=true'
For more information check: https://developer.mozilla.org/en-US/docs/Web/HTTP/Status/401
2026-10-06T10:01:44 | WARNING  | app.scanning.alpaca_confirmer | AlpacaConfirmer: cannot fetch chain for PLTR 2026-10-09: Client error '401 Unauthorized' for url 'https://api.tradier.com/v1/markets/quotes?symbols=PLTR261009C00050000%2CPLTR261009C00055000%2CPLTR261009C00060000%2CPLTR261009C00065000%2CPLTR261009C00070000%2CPLTR261009C00075000%2CPLTR261009C00080000%2CPLTR261009C00085000%2CPLTR261009C00090000%2CPLTR261009C00095000%2CPLTR261009C00100000%2CPLTR261009C00105000%2CPLTR261009C00110000%2CPLTR261009C00115000%2CPLTR261009C00120000%2CPLTR261009C00125000%2CPLTR261009C00130000%2CPLTR261009C00135000%2CPLTR261009C00140000%2CPLTR261009C00144000%2CPLTR261009C00145000%2CPLTR261009C00146000%2CPLTR261009C00147000%2CPLTR261009C00148000%2CPLTR261009C00149000%2CPLTR261009C00150000%2CPLTR261009C00152500%2CPLTR261009C00155000%2CPLTR261009C00157500%2CPLTR261009C00160000%2CPLTR261009C00162500%2CPLTR261009C00165000%2CPLTR261009C00167500%2CPLTR261009C00170000%2CPLTR261009C00172500%2CPLTR261009C00175000%2CPLTR261009C00177500%2CPLTR261009C00180000%2CPLTR261009C00182500%2CPLTR261009C00185000%2CPLTR261009C00187500%2CPLTR261009C00190000%2CPLTR261009C00192500%2CPLTR261009C00195000%2CPLTR261009C00197500%2CPLTR261009C00200000%2CPLTR261009C00202500%2CPLTR261009C00205000%2CPLTR261009C00207500%2CPLTR261009C00210000&greeks=true'
For more information check: https://developer.mozilla.org/en-US/docs/Web/HTTP/Status/401
2026-10-06T10:01:44 | WARNING  | app.scanning.alpaca_confirmer | AlpacaConfirmer: cannot fetch chain for XLE 2026-10-09: Client error '401 Unauthorized' for url 'https://api.tradier.com/v1/markets/quotes?symbols=XLE261009C00035000%2CXLE261009C00040000%2CXLE261009C00045000%2CXLE261009C00050000%2CXLE261009C00051000%2CXLE261009C00052000%2CXLE261009C00053000%2CXLE261009C00054000%2CXLE261009C00055000%2CXLE261009C00056000%2CXLE261009C00056500%2CXLE261009C00057000%2CXLE261009C00057500%2CXLE261009C00058000%2CXLE261009C00058500%2CXLE261009C00059000%2CXLE261009C00059500%2CXLE261009C00060000%2CXLE261009C00060500%2CXLE261009C00061000%2CXLE261009C00061500%2CXLE261009C00062000%2CXLE261009C00062500%2CXLE261009C00063000%2CXLE261009C00063500%2CXLE261009C00064000%2CXLE261009C00064500%2CXLE261009C00065000%2CXLE261009C00065500%2CXLE261009C00066000%2CXLE261009C00066500%2CXLE261009C00067000%2CXLE261009C00067500%2CXLE261009C00068000%2CXLE261009C00068500%2CXLE261009C00069000%2CXLE261009C00070000%2CXLE261009C00071000%2CXLE261009C00075000%2CXLE261009C00080000%2CXLE261009P00035000%2CXLE261009P00040000%2CXLE261009P00045000%2CXLE261009P00050000%2CXLE261009P00051000%2CXLE261009P00052000%2CXLE261009P00053000%2CXLE261009P00054000%2CXLE261009P00055000%2CXLE261009P00056000&greeks=true'
For more information check: https://developer.mozilla.org/en-US/docs/Web/HTTP/Status/401
2026-10-06T10:01:44 | WARNING  | app.scanning.alpaca_confirmer | AlpacaConfirmer: cannot fetch chain for HOOD 2026-10-09: Client error '401 Unauthorized' for url 'https://api.tradier.com/v1/markets/quotes?symbols=HOOD261009C00025000%2CHOOD261009C00030000%2CHOOD261009C00035000%2CHOOD261009C00040000%2CHOOD261009C00045000%2CHOOD261009C00050000%2CHOOD261009C00055000%2CHOOD261009C00060000%2CHOOD261009C00065000%2CHOOD261009C00070000%2CHOOD261009C00075000%2CHOOD261009C00080000%2CHOOD261009C00085000%2CHOOD261009C00090000%2CHOOD261009C00091000%2CHOOD261009C00092000%2CHOOD261009C00093000%2CHOOD261009C00094000%2CHOOD261009C00095000%2CHOOD261009C00096000%2CHOOD261009C00097000%2CHOOD261009C00098000%2CHOOD261009C00099000%2CHOOD261009C00100000%2CHOOD261009C00101000%2CHOOD261009C00102000%2CHOOD261009C00103000%2CHOOD261009C00104000%2CHOOD261009C00105000%2CHOOD261009C00106000%2CHOOD261009C00107000%2CHOOD261009C00108000%2CHOOD261009C00109000%2CHOOD261009C00110000%2CHOOD261009C00111000%2CHOOD261009C00112000%2CHOOD261009C00113000%2CHOOD261009C00114000%2CHOOD261009C00115000%2CHOOD261009C00116000%2CHOOD261009C00117000%2CHOOD261009C00118000%2CHOOD261009C00119000%2CHOOD261009C00120000%2CHOOD261009C00121000%2CHOOD261009C00122000%2CHOOD261009C00123000%2CHOOD261009C00124000%2CHOOD261009C00125000%2CHOOD261009C00126000&greeks=true'
For more information check: https://developer.mozilla.org/en-US/docs/Web/HTTP/Status/401
2026-10-06T10:01:44 | WARNING  | app.scanning.alpaca_confirmer | AlpacaConfirmer: cannot fetch chain for AMD 2026-10-09: Client error '401 Unauthorized' for url 'https://api.tradier.com/v1/markets/quotes?symbols=AMD261009C00040000%2CAMD261009C00045000%2CAMD261009C00050000%2CAMD261009C00055000%2CAMD261009C00060000%2CAMD261009C00065000%2CAMD261009C00070000%2CAMD261009C00075000%2CAMD261009C00080000%2CAMD261009C00085000%2CAMD261009C00090000%2CAMD261009C00095000%2CAMD261009C00100000%2CAMD261009C00105000%2CAMD261009C00110000%2CAMD261009C00115000%2CAMD261009C00120000%2CAMD261009C00125000%2CAMD261009C00130000%2CAMD261009C00135000%2CAMD261009C00140000%2CAMD261009C00145000%2CAMD261009C00150000%2CAMD261009C00155000%2CAMD261009C00160000%2CAMD261009C00165000%2CAMD261009C00170000%2CAMD261009C00175000%2CAMD261009C00180000%2CAMD261009C00185000%2CAMD261009C00190000%2CAMD261009C00195000%2CAMD261009C00200000%2CAMD261009C00205000%2CAMD261009C00210000%2CAMD261009C00215000%2CAMD261009C00220000%2CAMD261009C00225000%2CAMD261009C00230000%2CAMD261009C00235000%2CAMD261009C00240000%2CAMD261009C00245000%2CAMD261009C00250000%2CAMD261009C00255000%2CAMD261009C00260000%2CAMD261009C00265000%2CAMD261009C00270000%2CAMD261009C00275000%2CAMD261009C00280000%2CAMD261009C00285000&greeks=true'
For more information check: https://developer.mozilla.org/en-US/docs/Web/HTTP/Status/401
2026-10-06T10:01:44 | WARNING  | app.scanning.alpaca_confirmer | AlpacaConfirmer: cannot fetch chain for MSFT 2026-10-09: Client error '401 Unauthorized' for url 'https://api.tradier.com/v1/markets/quotes?symbols=MSFT261009C00270000%2CMSFT261009C00280000%2CMSFT261009C00290000%2CMSFT261009C00300000%2CMSFT261009C00305000%2CMSFT261009C00310000%2CMSFT261009C00315000%2CMSFT261009C00320000%2CMSFT261009C00325000%2CMSFT261009C00330000%2CMSFT261009C00335000%2CMSFT261009C00340000%2CMSFT261009C00345000%2CMSFT261009C00350000%2CMSFT261009C00355000%2CMSFT261009C00360000%2CMSFT261009C00365000%2CMSFT261009C00370000%2CMSFT261009C00375000%2CMSFT261009C00380000%2CMSFT261009C00385000%2CMSFT261009C00390000%2CMSFT261009C00395000%2CMSFT261009C00400000%2CMSFT261009C00405000%2CMSFT261009C00410000%2CMSFT261009C00415000%2CMSFT261009C00420000%2CMSFT261009C00425000%2CMSFT261009C00430000%2CMSFT261009C00435000%2CMSFT261009C00440000%2CMSFT261009C00445000%2CMSFT261009C00450000%2CMSFT261009C00455000%2CMSFT261009C00457500%2CMSFT261009C00460000%2CMSFT261009C00462500%2CMSFT261009C00465000%2CMSFT261009C00467500%2CMSFT261009C00470000%2CMSFT261009C00472500%2CMSFT261009C00475000%2CMSFT261009C00477500%2CMSFT261009C00480000%2CMSFT261009C00482500%2CMSFT261009C00485000%2CMSFT261009C00487500%2CMSFT261009C00490000%2CMSFT261009C00492500&greeks=true'
For more information check: https://developer.mozilla.org/en-US/docs/Web/HTTP/Status/401
2026-10-06T10:01:44 | WARNING  | app.scanning.alpaca_confirmer | AlpacaConfirmer: cannot fetch chain for IWM 2026-10-08: Client error '401 Unauthorized' for url 'https://api.tradier.com/v1/markets/quotes?symbols=IWM261008C00180000%2CIWM261008C00190000%2CIWM261008C00200000%2CIWM261008C00205000%2CIWM261008C00210000%2CIWM261008C00215000%2CIWM261008C00220000%2CIWM261008C00225000%2CIWM261008C00230000%2CIWM261008C00235000%2CIWM261008C00240000%2CIWM261008C00245000%2CIWM261008C00250000%2CIWM261008C00255000%2CIWM261008C00260000%2CIWM261008C00261000%2CIWM261008C00262000%2CIWM261008C00263000%2CIWM261008C00264000%2CIWM261008C00265000%2CIWM261008C00266000%2CIWM261008C00267000%2CIWM261008C00268000%2CIWM261008C00269000%2CIWM261008C00270000%2CIWM261008C00271000%2CIWM261008C00272000%2CIWM261008C00273000%2CIWM261008C00274000%2CIWM261008C00275000%2CIWM261008C00276000%2CIWM261008C00277000%2CIWM261008C00278000%2CIWM261008C00279000%2CIWM261008C00280000%2CIWM261008C00281000%2CIWM261008C00282000%2CIWM261008C00283000%2CIWM261008C00284000%2CIWM261008C00285000%2CIWM261008C00286000%2CIWM261008C00287000%2CIWM261008C00288000%2CIWM261008C00289000%2CIWM261008C00290000%2CIWM261008C00291000%2CIWM261008C00292000%2CIWM261008C00293000%2CIWM261008C00294000%2CIWM261008C00295000&greeks=true'
For more information check: https://developer.mozilla.org/en-US/docs/Web/HTTP/Status/401
2026-10-06T10:01:44 | WARNING  | app.scanning.alpaca_confirmer | AlpacaConfirmer: cannot fetch chain for SPY 2026-10-08: Client error '401 Unauthorized' for url 'https://api.tradier.com/v1/markets/quotes?symbols=SPY261008C00550000%2CSPY261008C00555000%2CSPY261008C00560000%2CSPY261008C00565000%2CSPY261008C00570000%2CSPY261008C00575000%2CSPY261008C00580000%2CSPY261008C00585000%2CSPY261008C00590000%2CSPY261008C00595000%2CSPY261008C00600000%2CSPY261008C00605000%2CSPY261008C00610000%2CSPY261008C00615000%2CSPY261008C00620000%2CSPY261008C00625000%2CSPY261008C00630000%2CSPY261008C00635000%2CSPY261008C00640000%2CSPY261008C00645000%2CSPY261008C00650000%2CSPY261008C00655000%2CSPY261008C00660000%2CSPY261008C00665000%2CSPY261008C00670000%2CSPY261008C00675000%2CSPY261008C00680000%2CSPY261008C00685000%2CSPY261008C00690000%2CSPY261008C00695000%2CSPY261008C00700000%2CSPY261008C00705000%2CSPY261008C00710000%2CSPY261008C00715000%2CSPY261008C00720000%2CSPY261008C00723000%2CSPY261008C00724000%2CSPY261008C00725000%2CSPY261008C00726000%2CSPY261008C00727000%2CSPY261008C00728000%2CSPY261008C00729000%2CSPY261008C00730000%2CSPY261008C00731000%2CSPY261008C00732000%2CSPY261008C00733000%2CSPY261008C00734000%2CSPY261008C00735000%2CSPY261008C00736000%2CSPY261008C00737000&greeks=true'
For more information check: https://developer.mozilla.org/en-US/docs/Web/HTTP/Status/401
2026-10-06T10:01:44 | WARNING  | app.scanning.alpaca_confirmer | AlpacaConfirmer: cannot fetch chain for RIVN 2026-10-09: Client error '401 Unauthorized' for url 'https://api.tradier.com/v1/markets/quotes?symbols=RIVN261009C00005000%2CRIVN261009C00009000%2CRIVN261009C00010000%2CRIVN261009C00010500%2CRIVN261009C00011000%2CRIVN261009C00011500%2CRIVN261009C00012000%2CRIVN261009C00012500%2CRIVN261009C00013000%2CRIVN261009C00013500%2CRIVN261009C00014000%2CRIVN261009C00014500%2CRIVN261009C00015000%2CRIVN261009C00015500%2CRIVN261009C00016000%2CRIVN261009C00016500%2CRIVN261009C00017000%2CRIVN261009C00017500%2CRIVN261009C00018000%2CRIVN261009C00018500%2CRIVN261009C00019000%2CRIVN261009C00019500%2CRIVN261009C00020000%2CRIVN261009C00020500%2CRIVN261009C00021000%2CRIVN261009C00021500%2CRIVN261009C00022000%2CRIVN261009C00023000%2CRIVN261009C00024000%2CRIVN261009C00025000%2CRIVN261009C00030000%2CRIVN261009P00005000%2CRIVN261009P00009000%2CRIVN261009P00010000%2CRIVN261009P00010500%2CRIVN261009P00011000%2CRIVN261009P00011500%2CRIVN261009P00012000%2CRIVN261009P00012500%2CRIVN261009P00013000%2CRIVN261009P00013500%2CRIVN261009P00014000%2CRIVN261009P00014500%2CRIVN261009P00015000%2CRIVN261009P00015500%2CRIVN261009P00016000%2CRIVN261009P00016500%2CRIVN261009P00017000%2CRIVN261009P00017500%2CRIVN261009P00018000&greeks=true'
For more information check: https://developer.mozilla.org/en-US/docs/Web/HTTP/Status/401
2026-10-06T10:01:44 | WARNING  | app.scanning.alpaca_confirmer | AlpacaConfirmer: cannot fetch chain for AMZN 2026-10-09: Client error '401 Unauthorized' for url 'https://api.tradier.com/v1/markets/quotes?symbols=AMZN261009C00140000%2CAMZN261009C00145000%2CAMZN261009C00150000%2CAMZN261009C00155000%2CAMZN261009C00160000%2CAMZN261009C00165000%2CAMZN261009C00170000%2CAMZN261009C00175000%2CAMZN261009C00180000%2CAMZN261009C00185000%2CAMZN261009C00190000%2CAMZN261009C00195000%2CAMZN261009C00200000%2CAMZN261009C00205000%2CAMZN261009C00210000%2CAMZN261009C00215000%2CAMZN261009C00220000%2CAMZN261009C00222500%2CAMZN261009C00225000%2CAMZN261009C00227500%2CAMZN261009C00230000%2CAMZN261009C00232500%2CAMZN261009C00235000%2CAMZN261009C00237500%2CAMZN261009C00240000%2CAMZN261009C00242500%2CAMZN261009C00245000%2CAMZN261009C00247500%2CAMZN261009C00250000%2CAMZN261009C00252500%2CAMZN261009C00255000%2CAMZN261009C00257500%2CAMZN261009C00260000%2CAMZN261009C00262500%2CAMZN261009C00265000%2CAMZN261009C00267500%2CAMZN261009C00270000%2CAMZN261009C00272500%2CAMZN261009C00275000%2CAMZN261009C00277500%2CAMZN261009C00280000%2CAMZN261009C00285000%2CAMZN261009C00290000%2CAMZN261009C00295000%2CAMZN261009C00300000%2CAMZN261009C00305000%2CAMZN261009C00310000%2CAMZN261009C00315000%2CAMZN261009C00320000%2CAMZN261009C00325000&greeks=true'
For more information check: https://developer.mozilla.org/en-US/docs/Web/HTTP/Status/401
2026-10-06T10:01:44 | WARNING  | app.scanning.alpaca_confirmer | AlpacaConfirmer: cannot fetch chain for META 2026-10-09: Client error '401 Unauthorized' for url 'https://api.tradier.com/v1/markets/quotes?symbols=META261009C00100000%2CMETA261009C00110000%2CMETA261009C00120000%2CMETA261009C00130000%2CMETA261009C00140000%2CMETA261009C00150000%2CMETA261009C00160000%2CMETA261009C00170000%2CMETA261009C00180000%2CMETA261009C00190000%2CMETA261009C00200000%2CMETA261009C00210000%2CMETA261009C00220000%2CMETA261009C00230000%2CMETA261009C00240000%2CMETA261009C00250000%2CMETA261009C00260000%2CMETA261009C00270000%2CMETA261009C00280000%2CMETA261009C00290000%2CMETA261009C00300000%2CMETA261009C00310000%2CMETA261009C00320000%2CMETA261009C00330000%2CMETA261009C00340000%2CMETA261009C00350000%2CMETA261009C00360000%2CMETA261009C00370000%2CMETA261009C00380000%2CMETA261009C00390000%2CMETA261009C00400000%2CMETA261009C00405000%2CMETA261009C00410000%2CMETA261009C00415000%2CMETA261009C00420000%2CMETA261009C00425000%2CMETA261009C00430000%2CMETA261009C00435000%2CMETA261009C00440000%2CMETA261009C00445000%2CMETA261009C00450000%2CMETA261009C00455000%2CMETA261009C00460000%2CMETA261009C00465000%2CMETA261009C00470000%2CMETA261009C00475000%2CMETA261009C00480000%2CMETA261009C00485000%2CMETA261009C00490000%2CMETA261009C00495000&greeks=true'
For more information check: https://developer.mozilla.org/en-US/docs/Web/HTTP/Status/401
2026-10-06T10:01:44 | WARNING  | app.scanning.alpaca_confirmer | AlpacaConfirmer: cannot fetch chain for NVDA 2026-10-09: Client error '401 Unauthorized' for url 'https://api.tradier.com/v1/markets/quotes?symbols=NVDA261009C00050000%2CNVDA261009C00055000%2CNVDA261009C00060000%2CNVDA261009C00065000%2CNVDA261009C00070000%2CNVDA261009C00075000%2CNVDA261009C00080000%2CNVDA261009C00085000%2CNVDA261009C00090000%2CNVDA261009C00095000%2CNVDA261009C00100000%2CNVDA261009C00105000%2CNVDA261009C00110000%2CNVDA261009C00115000%2CNVDA261009C00120000%2CNVDA261009C00125000%2CNVDA261009C00130000%2CNVDA261009C00135000%2CNVDA261009C00140000%2CNVDA261009C00145000%2CNVDA261009C00150000%2CNVDA261009C00155000%2CNVDA261009C00160000%2CNVDA261009C00165000%2CNVDA261009C00170000%2CNVDA261009C00175000%2CNVDA261009C00180000%2CNVDA261009C00185000%2CNVDA261009C00190000%2CNVDA261009C00195000%2CNVDA261009C00197500%2CNVDA261009C00200000%2CNVDA261009C00202500%2CNVDA261009C00205000%2CNVDA261009C00207500%2CNVDA261009C00210000%2CNVDA261009C00212500%2CNVDA261009C00215000%2CNVDA261009C00217500%2CNVDA261009C00220000%2CNVDA261009C00222500%2CNVDA261009C00225000%2CNVDA261009C00227500%2CNVDA261009C00230000%2CNVDA261009C00232500%2CNVDA261009C00235000%2CNVDA261009C00237500%2CNVDA261009C00240000%2CNVDA261009C00242500%2CNVDA261009C00245000&greeks=true'
For more information check: https://developer.mozilla.org/en-US/docs/Web/HTTP/Status/401
2026-10-06T10:01:44 | INFO     | session_runner | AlpacaConfirmer: 0 confirmed symbols: []
2026-10-06T10:01:44 | WARNING  | session_runner | Re-scan returned no confirmed symbols — falling back to ['SPY']
2026-10-06T10:01:44 | INFO     | session_runner | Broad-market regime | SPY=long
2026-10-06T10:01:44 | INFO     | session_runner | [bridge:SPY] rsi_trend ready: sufficient bars
2026-10-06T10:01:44 | INFO     | session_runner | Stale signal: SPY/orb age=12 min > max 10 min — skipped
2026-10-06T10:01:44 | INFO     | session_runner | Stale signal: SPY/vwap_reclaim age=17 min > max 10 min — skipped
2026-10-06T10:02:14 | INFO     | session_runner | [cycle 62] 10:02:14 ET | positions=0 | entries=0
2026-10-06T10:02:14 | INFO     | session_runner | [bridge:SPY] rsi_trend ready: sufficient bars
2026-10-06T10:02:14 | INFO     | session_runner | Stale signal: SPY/orb age=12 min > max 10 min — skipped
2026-10-06T10:02:14 | INFO     | session_runner | Stale signal: SPY/vwap_reclaim age=17 min > max 10 min — skipped
2026-10-06T10:02:44 | INFO     | session_runner | [cycle 63] 10:02:44 ET | positions=0 | entries=0
2026-10-06T10:02:45 | INFO     | session_runner | [bridge:SPY] rsi_trend ready: sufficient bars
2026-10-06T10:02:45 | INFO     | session_runner | Stale signal: SPY/orb age=13 min > max 10 min — skipped
2026-10-06T10:02:45 | INFO     | session_runner | Stale signal: SPY/vwap_reclaim age=18 min > max 10 min — skipped
2026-10-06T10:03:15 | INFO     | session_runner | [cycle 64] 10:03:15 ET | positions=0 | entries=0
2026-10-06T10:03:15 | INFO     | session_runner | [bridge:SPY] rsi_trend ready: sufficient bars
2026-10-06T10:03:15 | INFO     | session_runner | Stale signal: SPY/orb age=13 min > max 10 min — skipped
2026-10-06T10:03:15 | INFO     | session_runner | Stale signal: SPY/vwap_reclaim age=18 min > max 10 min — skipped
2026-10-06T10:03:45 | INFO     | session_runner | [cycle 65] 10:03:45 ET | positions=0 | entries=0
2026-10-06T10:03:45 | INFO     | session_runner | [bridge:SPY] rsi_trend ready: sufficient bars
2026-10-06T10:03:45 | INFO     | session_runner | Stale signal: SPY/orb age=14 min > max 10 min — skipped
2026-10-06T10:03:45 | INFO     | session_runner | Stale signal: SPY/vwap_reclaim age=19 min > max 10 min — skipped
2026-10-06T10:04:15 | INFO     | session_runner | [cycle 66] 10:04:15 ET | positions=0 | entries=0
2026-10-06T10:04:16 | INFO     | session_runner | [bridge:SPY] rsi_trend ready: sufficient bars
2026-10-06T10:04:16 | INFO     | session_runner | Stale signal: SPY/orb age=14 min > max 10 min — skipped
2026-10-06T10:04:16 | INFO     | session_runner | Stale signal: SPY/vwap_reclaim age=19 min > max 10 min — skipped
2026-10-06T10:04:46 | INFO     | session_runner | [cycle 67] 10:04:46 ET | positions=0 | entries=0
2026-10-06T10:04:46 | INFO     | session_runner | [bridge:SPY] rsi_trend ready: sufficient bars
2026-10-06T10:04:46 | INFO     | session_runner | Stale signal: SPY/orb age=15 min > max 10 min — skipped
2026-10-06T10:04:46 | INFO     | session_runner | Stale signal: SPY/vwap_reclaim age=20 min > max 10 min — skipped
2026-10-06T10:05:16 | INFO     | session_runner | [cycle 68] 10:05:16 ET | positions=0 | entries=0
2026-10-06T10:05:17 | INFO     | session_runner | [bridge:SPY] rsi_trend ready: sufficient bars
2026-10-06T10:05:17 | INFO     | session_runner | Stale signal: SPY/orb age=15 min > max 10 min — skipped
2026-10-06T10:05:17 | INFO     | session_runner | Stale signal: SPY/vwap_reclaim age=20 min > max 10 min — skipped
2026-10-06T10:05:47 | INFO     | session_runner | [cycle 69] 10:05:47 ET | positions=0 | entries=0
2026-10-06T10:05:47 | INFO     | session_runner | [bridge:SPY] rsi_trend ready: sufficient bars
2026-10-06T10:05:47 | INFO     | session_runner | Stale signal: SPY/orb age=16 min > max 10 min — skipped
2026-10-06T10:05:47 | INFO     | session_runner | Stale signal: SPY/vwap_reclaim age=21 min > max 10 min — skipped
2026-10-06T10:06:17 | INFO     | session_runner | [cycle 70] 10:06:17 ET | positions=0 | entries=0
2026-10-06T10:06:17 | INFO     | session_runner | [bridge:SPY] rsi_trend ready: sufficient bars
2026-10-06T10:06:17 | INFO     | session_runner | Stale signal: SPY/orb age=16 min > max 10 min — skipped
2026-10-06T10:06:17 | INFO     | session_runner | Stale signal: SPY/vwap_reclaim age=21 min > max 10 min — skipped
2026-10-06T10:06:47 | INFO     | session_runner | [cycle 71] 10:06:47 ET | positions=0 | entries=0
2026-10-06T10:06:47 | INFO     | session_runner | Periodic universe re-scan …
2026-10-06T10:06:47 | INFO     | app.scanning.universe_loader | UniverseLoader: loaded 5 groups (13 flat symbols) from config/ticker_universe.yaml (blacklist=0)
2026-10-06T10:06:47 | INFO     | app.scanning.universe_loader | UniverseLoader: 38 symbols from 4 group(s) (blacklist=0)
2026-10-06T10:06:47 | INFO     | session_runner | Universe scan: 38 symbols from 4 group(s) | max_active=6
2026-10-06T10:06:52 | INFO     | session_runner | Scan: 20 passed, 18 rejected
2026-10-06T10:06:52 | INFO     | session_runner |   MSFT    score=85.0  signal=LONG     reasons: rvol=2.09x (high), atr=2.19% (wide-range), orb_breakout
2026-10-06T10:06:52 | INFO     | session_runner |   XLE     score=75.0  signal=LONG     reasons: rvol=2.07x (high), atr=1.80% (wide-range), trend_up
2026-10-06T10:06:52 | INFO     | session_runner |   AVGO    score=72.0  signal=LONG     reasons: rvol=1.71x (elevated), atr=2.72% (wide-range), orb_breakout
2026-10-06T10:06:52 | INFO     | session_runner |   IWM     score=68.0  signal=SHORT    reasons: rvol=1.84x (elevated), atr=1.22% (good range), orb_breakdown
2026-10-06T10:06:52 | INFO     | session_runner |   HOOD    score=67.0  signal=SHORT    reasons: rvol=1.23x (normal), atr=4.67% (wide-range), orb_breakdown
2026-10-06T10:06:52 | WARNING  | app.scanning.alpaca_confirmer | AlpacaConfirmer: cannot fetch chain for IWM 2026-10-08: Client error '401 Unauthorized' for url 'https://api.tradier.com/v1/markets/quotes?symbols=IWM261008C00180000%2CIWM261008C00190000%2CIWM261008C00200000%2CIWM261008C00205000%2CIWM261008C00210000%2CIWM261008C00215000%2CIWM261008C00220000%2CIWM261008C00225000%2CIWM261008C00230000%2CIWM261008C00235000%2CIWM261008C00240000%2CIWM261008C00245000%2CIWM261008C00250000%2CIWM261008C00255000%2CIWM261008C00260000%2CIWM261008C00261000%2CIWM261008C00262000%2CIWM261008C00263000%2CIWM261008C00264000%2CIWM261008C00265000%2CIWM261008C00266000%2CIWM261008C00267000%2CIWM261008C00268000%2CIWM261008C00269000%2CIWM261008C00270000%2CIWM261008C00271000%2CIWM261008C00272000%2CIWM261008C00273000%2CIWM261008C00274000%2CIWM261008C00275000%2CIWM261008C00276000%2CIWM261008C00277000%2CIWM261008C00278000%2CIWM261008C00279000%2CIWM261008C00280000%2CIWM261008C00281000%2CIWM261008C00282000%2CIWM261008C00283000%2CIWM261008C00284000%2CIWM261008C00285000%2CIWM261008C00286000%2CIWM261008C00287000%2CIWM261008C00288000%2CIWM261008C00289000%2CIWM261008C00290000%2CIWM261008C00291000%2CIWM261008C00292000%2CIWM261008C00293000%2CIWM261008C00294000%2CIWM261008C00295000&greeks=true'
For more information check: https://developer.mozilla.org/en-US/docs/Web/HTTP/Status/401
2026-10-06T10:06:52 | WARNING  | app.scanning.alpaca_confirmer | AlpacaConfirmer: cannot fetch chain for HOOD 2026-10-09: Client error '401 Unauthorized' for url 'https://api.tradier.com/v1/markets/quotes?symbols=HOOD261009C00025000%2CHOOD261009C00030000%2CHOOD261009C00035000%2CHOOD261009C00040000%2CHOOD261009C00045000%2CHOOD261009C00050000%2CHOOD261009C00055000%2CHOOD261009C00060000%2CHOOD261009C00065000%2CHOOD261009C00070000%2CHOOD261009C00075000%2CHOOD261009C00080000%2CHOOD261009C00085000%2CHOOD261009C00090000%2CHOOD261009C00091000%2CHOOD261009C00092000%2CHOOD261009C00093000%2CHOOD261009C00094000%2CHOOD261009C00095000%2CHOOD261009C00096000%2CHOOD261009C00097000%2CHOOD261009C00098000%2CHOOD261009C00099000%2CHOOD261009C00100000%2CHOOD261009C00101000%2CHOOD261009C00102000%2CHOOD261009C00103000%2CHOOD261009C00104000%2CHOOD261009C00105000%2CHOOD261009C00106000%2CHOOD261009C00107000%2CHOOD261009C00108000%2CHOOD261009C00109000%2CHOOD261009C00110000%2CHOOD261009C00111000%2CHOOD261009C00112000%2CHOOD261009C00113000%2CHOOD261009C00114000%2CHOOD261009C00115000%2CHOOD261009C00116000%2CHOOD261009C00117000%2CHOOD261009C00118000%2CHOOD261009C00119000%2CHOOD261009C00120000%2CHOOD261009C00121000%2CHOOD261009C00122000%2CHOOD261009C00123000%2CHOOD261009C00124000%2CHOOD261009C00125000%2CHOOD261009C00126000&greeks=true'
For more information check: https://developer.mozilla.org/en-US/docs/Web/HTTP/Status/401
2026-10-06T10:06:52 | WARNING  | app.scanning.alpaca_confirmer | AlpacaConfirmer: cannot fetch chain for AMD 2026-10-09: Client error '401 Unauthorized' for url 'https://api.tradier.com/v1/markets/quotes?symbols=AMD261009C00040000%2CAMD261009C00045000%2CAMD261009C00050000%2CAMD261009C00055000%2CAMD261009C00060000%2CAMD261009C00065000%2CAMD261009C00070000%2CAMD261009C00075000%2CAMD261009C00080000%2CAMD261009C00085000%2CAMD261009C00090000%2CAMD261009C00095000%2CAMD261009C00100000%2CAMD261009C00105000%2CAMD261009C00110000%2CAMD261009C00115000%2CAMD261009C00120000%2CAMD261009C00125000%2CAMD261009C00130000%2CAMD261009C00135000%2CAMD261009C00140000%2CAMD261009C00145000%2CAMD261009C00150000%2CAMD261009C00155000%2CAMD261009C00160000%2CAMD261009C00165000%2CAMD261009C00170000%2CAMD261009C00175000%2CAMD261009C00180000%2CAMD261009C00185000%2CAMD261009C00190000%2CAMD261009C00195000%2CAMD261009C00200000%2CAMD261009C00205000%2CAMD261009C00210000%2CAMD261009C00215000%2CAMD261009C00220000%2CAMD261009C00225000%2CAMD261009C00230000%2CAMD261009C00235000%2CAMD261009C00240000%2CAMD261009C00245000%2CAMD261009C00250000%2CAMD261009C00255000%2CAMD261009C00260000%2CAMD261009C00265000%2CAMD261009C00270000%2CAMD261009C00275000%2CAMD261009C00280000%2CAMD261009C00285000&greeks=true'
For more information check: https://developer.mozilla.org/en-US/docs/Web/HTTP/Status/401
2026-10-06T10:06:52 | WARNING  | app.scanning.alpaca_confirmer | AlpacaConfirmer: cannot fetch chain for AVGO 2026-10-09: Client error '401 Unauthorized' for url 'https://api.tradier.com/v1/markets/quotes?symbols=AVGO261009C00210000%2CAVGO261009C00215000%2CAVGO261009C00220000%2CAVGO261009C00225000%2CAVGO261009C00230000%2CAVGO261009C00235000%2CAVGO261009C00240000%2CAVGO261009C00245000%2CAVGO261009C00250000%2CAVGO261009C00255000%2CAVGO261009C00260000%2CAVGO261009C00265000%2CAVGO261009C00270000%2CAVGO261009C00275000%2CAVGO261009C00280000%2CAVGO261009C00285000%2CAVGO261009C00290000%2CAVGO261009C00295000%2CAVGO261009C00300000%2CAVGO261009C00305000%2CAVGO261009C00310000%2CAVGO261009C00315000%2CAVGO261009C00317500%2CAVGO261009C00320000%2CAVGO261009C00322500%2CAVGO261009C00325000%2CAVGO261009C00327500%2CAVGO261009C00330000%2CAVGO261009C00332500%2CAVGO261009C00335000%2CAVGO261009C00337500%2CAVGO261009C00340000%2CAVGO261009C00342500%2CAVGO261009C00345000%2CAVGO261009C00347500%2CAVGO261009C00350000%2CAVGO261009C00352500%2CAVGO261009C00355000%2CAVGO261009C00357500%2CAVGO261009C00360000%2CAVGO261009C00362500%2CAVGO261009C00365000%2CAVGO261009C00367500%2CAVGO261009C00370000%2CAVGO261009C00372500%2CAVGO261009C00375000%2CAVGO261009C00377500%2CAVGO261009C00380000%2CAVGO261009C00382500%2CAVGO261009C00385000&greeks=true'
For more information check: https://developer.mozilla.org/en-US/docs/Web/HTTP/Status/401
2026-10-06T10:06:52 | WARNING  | app.scanning.alpaca_confirmer | AlpacaConfirmer: cannot fetch chain for MSFT 2026-10-09: Client error '401 Unauthorized' for url 'https://api.tradier.com/v1/markets/quotes?symbols=MSFT261009C00270000%2CMSFT261009C00280000%2CMSFT261009C00290000%2CMSFT261009C00300000%2CMSFT261009C00305000%2CMSFT261009C00310000%2CMSFT261009C00315000%2CMSFT261009C00320000%2CMSFT261009C00325000%2CMSFT261009C00330000%2CMSFT261009C00335000%2CMSFT261009C00340000%2CMSFT261009C00345000%2CMSFT261009C00350000%2CMSFT261009C00355000%2CMSFT261009C00360000%2CMSFT261009C00365000%2CMSFT261009C00370000%2CMSFT261009C00375000%2CMSFT261009C00380000%2CMSFT261009C00385000%2CMSFT261009C00390000%2CMSFT261009C00395000%2CMSFT261009C00400000%2CMSFT261009C00405000%2CMSFT261009C00410000%2CMSFT261009C00415000%2CMSFT261009C00420000%2CMSFT261009C00425000%2CMSFT261009C00430000%2CMSFT261009C00435000%2CMSFT261009C00440000%2CMSFT261009C00445000%2CMSFT261009C00450000%2CMSFT261009C00455000%2CMSFT261009C00457500%2CMSFT261009C00460000%2CMSFT261009C00462500%2CMSFT261009C00465000%2CMSFT261009C00467500%2CMSFT261009C00470000%2CMSFT261009C00472500%2CMSFT261009C00475000%2CMSFT261009C00477500%2CMSFT261009C00480000%2CMSFT261009C00482500%2CMSFT261009C00485000%2CMSFT261009C00487500%2CMSFT261009C00490000%2CMSFT261009C00492500&greeks=true'
For more information check: https://developer.mozilla.org/en-US/docs/Web/HTTP/Status/401
2026-10-06T10:06:52 | WARNING  | app.scanning.alpaca_confirmer | AlpacaConfirmer: cannot fetch chain for XLE 2026-10-09: Client error '401 Unauthorized' for url 'https://api.tradier.com/v1/markets/quotes?symbols=XLE261009C00035000%2CXLE261009C00040000%2CXLE261009C00045000%2CXLE261009C00050000%2CXLE261009C00051000%2CXLE261009C00052000%2CXLE261009C00053000%2CXLE261009C00054000%2CXLE261009C00055000%2CXLE261009C00056000%2CXLE261009C00056500%2CXLE261009C00057000%2CXLE261009C00057500%2CXLE261009C00058000%2CXLE261009C00058500%2CXLE261009C00059000%2CXLE261009C00059500%2CXLE261009C00060000%2CXLE261009C00060500%2CXLE261009C00061000%2CXLE261009C00061500%2CXLE261009C00062000%2CXLE261009C00062500%2CXLE261009C00063000%2CXLE261009C00063500%2CXLE261009C00064000%2CXLE261009C00064500%2CXLE261009C00065000%2CXLE261009C00065500%2CXLE261009C00066000%2CXLE261009C00066500%2CXLE261009C00067000%2CXLE261009C00067500%2CXLE261009C00068000%2CXLE261009C00068500%2CXLE261009C00069000%2CXLE261009C00070000%2CXLE261009C00071000%2CXLE261009C00075000%2CXLE261009C00080000%2CXLE261009P00035000%2CXLE261009P00040000%2CXLE261009P00045000%2CXLE261009P00050000%2CXLE261009P00051000%2CXLE261009P00052000%2CXLE261009P00053000%2CXLE261009P00054000%2CXLE261009P00055000%2CXLE261009P00056000&greeks=true'
For more information check: https://developer.mozilla.org/en-US/docs/Web/HTTP/Status/401
2026-10-06T10:06:52 | WARNING  | app.scanning.alpaca_confirmer | AlpacaConfirmer: cannot fetch chain for NVDA 2026-10-09: Client error '401 Unauthorized' for url 'https://api.tradier.com/v1/markets/quotes?symbols=NVDA261009C00050000%2CNVDA261009C00055000%2CNVDA261009C00060000%2CNVDA261009C00065000%2CNVDA261009C00070000%2CNVDA261009C00075000%2CNVDA261009C00080000%2CNVDA261009C00085000%2CNVDA261009C00090000%2CNVDA261009C00095000%2CNVDA261009C00100000%2CNVDA261009C00105000%2CNVDA261009C00110000%2CNVDA261009C00115000%2CNVDA261009C00120000%2CNVDA261009C00125000%2CNVDA261009C00130000%2CNVDA261009C00135000%2CNVDA261009C00140000%2CNVDA261009C00145000%2CNVDA261009C00150000%2CNVDA261009C00155000%2CNVDA261009C00160000%2CNVDA261009C00165000%2CNVDA261009C00170000%2CNVDA261009C00175000%2CNVDA261009C00180000%2CNVDA261009C00185000%2CNVDA261009C00190000%2CNVDA261009C00195000%2CNVDA261009C00197500%2CNVDA261009C00200000%2CNVDA261009C00202500%2CNVDA261009C00205000%2CNVDA261009C00207500%2CNVDA261009C00210000%2CNVDA261009C00212500%2CNVDA261009C00215000%2CNVDA261009C00217500%2CNVDA261009C00220000%2CNVDA261009C00222500%2CNVDA261009C00225000%2CNVDA261009C00227500%2CNVDA261009C00230000%2CNVDA261009C00232500%2CNVDA261009C00235000%2CNVDA261009C00237500%2CNVDA261009C00240000%2CNVDA261009C00242500%2CNVDA261009C00245000&greeks=true'
For more information check: https://developer.mozilla.org/en-US/docs/Web/HTTP/Status/401
2026-10-06T10:06:52 | WARNING  | app.scanning.alpaca_confirmer | AlpacaConfirmer: cannot fetch chain for RIVN 2026-10-09: Client error '401 Unauthorized' for url 'https://api.tradier.com/v1/markets/quotes?symbols=RIVN261009C00005000%2CRIVN261009C00009000%2CRIVN261009C00010000%2CRIVN261009C00010500%2CRIVN261009C00011000%2CRIVN261009C00011500%2CRIVN261009C00012000%2CRIVN261009C00012500%2CRIVN261009C00013000%2CRIVN261009C00013500%2CRIVN261009C00014000%2CRIVN261009C00014500%2CRIVN261009C00015000%2CRIVN261009C00015500%2CRIVN261009C00016000%2CRIVN261009C00016500%2CRIVN261009C00017000%2CRIVN261009C00017500%2CRIVN261009C00018000%2CRIVN261009C00018500%2CRIVN261009C00019000%2CRIVN261009C00019500%2CRIVN261009C00020000%2CRIVN261009C00020500%2CRIVN261009C00021000%2CRIVN261009C00021500%2CRIVN261009C00022000%2CRIVN261009C00023000%2CRIVN261009C00024000%2CRIVN261009C00025000%2CRIVN261009C00030000%2CRIVN261009P00005000%2CRIVN261009P00009000%2CRIVN261009P00010000%2CRIVN261009P00010500%2CRIVN261009P00011000%2CRIVN261009P00011500%2CRIVN261009P00012000%2CRIVN261009P00012500%2CRIVN261009P00013000%2CRIVN261009P00013500%2CRIVN261009P00014000%2CRIVN261009P00014500%2CRIVN261009P00015000%2CRIVN261009P00015500%2CRIVN261009P00016000%2CRIVN261009P00016500%2CRIVN261009P00017000%2CRIVN261009P00017500%2CRIVN261009P00018000&greeks=true'
For more information check: https://developer.mozilla.org/en-US/docs/Web/HTTP/Status/401
2026-10-06T10:06:52 | WARNING  | app.scanning.alpaca_confirmer | AlpacaConfirmer: cannot fetch chain for META 2026-10-09: Client error '401 Unauthorized' for url 'https://api.tradier.com/v1/markets/quotes?symbols=META261009C00100000%2CMETA261009C00110000%2CMETA261009C00120000%2CMETA261009C00130000%2CMETA261009C00140000%2CMETA261009C00150000%2CMETA261009C00160000%2CMETA261009C00170000%2CMETA261009C00180000%2CMETA261009C00190000%2CMETA261009C00200000%2CMETA261009C00210000%2CMETA261009C00220000%2CMETA261009C00230000%2CMETA261009C00240000%2CMETA261009C00250000%2CMETA261009C00260000%2CMETA261009C00270000%2CMETA261009C00280000%2CMETA261009C00290000%2CMETA261009C00300000%2CMETA261009C00310000%2CMETA261009C00320000%2CMETA261009C00330000%2CMETA261009C00340000%2CMETA261009C00350000%2CMETA261009C00360000%2CMETA261009C00370000%2CMETA261009C00380000%2CMETA261009C00390000%2CMETA261009C00400000%2CMETA261009C00405000%2CMETA261009C00410000%2CMETA261009C00415000%2CMETA261009C00420000%2CMETA261009C00425000%2CMETA261009C00430000%2CMETA261009C00435000%2CMETA261009C00440000%2CMETA261009C00445000%2CMETA261009C00450000%2CMETA261009C00455000%2CMETA261009C00460000%2CMETA261009C00465000%2CMETA261009C00470000%2CMETA261009C00475000%2CMETA261009C00480000%2CMETA261009C00485000%2CMETA261009C00490000%2CMETA261009C00495000&greeks=true'
For more information check: https://developer.mozilla.org/en-US/docs/Web/HTTP/Status/401
2026-10-06T10:06:52 | WARNING  | app.scanning.alpaca_confirmer | AlpacaConfirmer: cannot fetch chain for SOFI 2026-10-09: Client error '401 Unauthorized' for url 'https://api.tradier.com/v1/markets/quotes?symbols=SOFI261009C00005000%2CSOFI261009C00009000%2CSOFI261009C00010000%2CSOFI261009C00011000%2CSOFI261009C00011500%2CSOFI261009C00012000%2CSOFI261009C00012500%2CSOFI261009C00013000%2CSOFI261009C00013500%2CSOFI261009C00014000%2CSOFI261009C00014500%2CSOFI261009C00015000%2CSOFI261009C00015500%2CSOFI261009C00016000%2CSOFI261009C00016500%2CSOFI261009C00017000%2CSOFI261009C00017500%2CSOFI261009C00018000%2CSOFI261009C00018500%2CSOFI261009C00019000%2CSOFI261009C00019500%2CSOFI261009C00020000%2CSOFI261009C00020500%2CSOFI261009C00021000%2CSOFI261009C00021500%2CSOFI261009C00022000%2CSOFI261009C00022500%2CSOFI261009C00023000%2CSOFI261009C00023500%2CSOFI261009C00024000%2CSOFI261009C00025000%2CSOFI261009C00030000%2CSOFI261009P00005000%2CSOFI261009P00009000%2CSOFI261009P00010000%2CSOFI261009P00011000%2CSOFI261009P00011500%2CSOFI261009P00012000%2CSOFI261009P00012500%2CSOFI261009P00013000%2CSOFI261009P00013500%2CSOFI261009P00014000%2CSOFI261009P00014500%2CSOFI261009P00015000%2CSOFI261009P00015500%2CSOFI261009P00016000%2CSOFI261009P00016500%2CSOFI261009P00017000%2CSOFI261009P00017500%2CSOFI261009P00018000&greeks=true'
For more information check: https://developer.mozilla.org/en-US/docs/Web/HTTP/Status/401
2026-10-06T10:06:52 | WARNING  | app.scanning.alpaca_confirmer | AlpacaConfirmer: cannot fetch chain for UBER 2026-10-09: Client error '401 Unauthorized' for url 'https://api.tradier.com/v1/markets/quotes?symbols=UBER261009C00050000%2CUBER261009C00055000%2CUBER261009C00057000%2CUBER261009C00058000%2CUBER261009C00059000%2CUBER261009C00060000%2CUBER261009C00061000%2CUBER261009C00062000%2CUBER261009C00063000%2CUBER261009C00064000%2CUBER261009C00065000%2CUBER261009C00066000%2CUBER261009C00067000%2CUBER261009C00068000%2CUBER261009C00069000%2CUBER261009C00070000%2CUBER261009C00071000%2CUBER261009C00072000%2CUBER261009C00073000%2CUBER261009C00074000%2CUBER261009C00075000%2CUBER261009C00076000%2CUBER261009C00077000%2CUBER261009C00078000%2CUBER261009C00079000%2CUBER261009C00080000%2CUBER261009C00081000%2CUBER261009C00082000%2CUBER261009C00083000%2CUBER261009C00084000%2CUBER261009C00085000%2CUBER261009C00086000%2CUBER261009C00087000%2CUBER261009C00088000%2CUBER261009C00089000%2CUBER261009C00090000%2CUBER261009C00091000%2CUBER261009C00095000%2CUBER261009C00100000%2CUBER261009C00105000%2CUBER261009P00050000%2CUBER261009P00055000%2CUBER261009P00057000%2CUBER261009P00058000%2CUBER261009P00059000%2CUBER261009P00060000%2CUBER261009P00061000%2CUBER261009P00062000%2CUBER261009P00063000%2CUBER261009P00064000&greeks=true'
For more information check: https://developer.mozilla.org/en-US/docs/Web/HTTP/Status/401
2026-10-06T10:06:52 | WARNING  | app.scanning.alpaca_confirmer | AlpacaConfirmer: cannot fetch chain for SPY 2026-10-08: Client error '401 Unauthorized' for url 'https://api.tradier.com/v1/markets/quotes?symbols=SPY261008C00550000%2CSPY261008C00555000%2CSPY261008C00560000%2CSPY261008C00565000%2CSPY261008C00570000%2CSPY261008C00575000%2CSPY261008C00580000%2CSPY261008C00585000%2CSPY261008C00590000%2CSPY261008C00595000%2CSPY261008C00600000%2CSPY261008C00605000%2CSPY261008C00610000%2CSPY261008C00615000%2CSPY261008C00620000%2CSPY261008C00625000%2CSPY261008C00630000%2CSPY261008C00635000%2CSPY261008C00640000%2CSPY261008C00645000%2CSPY261008C00650000%2CSPY261008C00655000%2CSPY261008C00660000%2CSPY261008C00665000%2CSPY261008C00670000%2CSPY261008C00675000%2CSPY261008C00680000%2CSPY261008C00685000%2CSPY261008C00690000%2CSPY261008C00695000%2CSPY261008C00700000%2CSPY261008C00705000%2CSPY261008C00710000%2CSPY261008C00715000%2CSPY261008C00720000%2CSPY261008C00723000%2CSPY261008C00724000%2CSPY261008C00725000%2CSPY261008C00726000%2CSPY261008C00727000%2CSPY261008C00728000%2CSPY261008C00729000%2CSPY261008C00730000%2CSPY261008C00731000%2CSPY261008C00732000%2CSPY261008C00733000%2CSPY261008C00734000%2CSPY261008C00735000%2CSPY261008C00736000%2CSPY261008C00737000&greeks=true'
For more information check: https://developer.mozilla.org/en-US/docs/Web/HTTP/Status/401
2026-10-06T10:06:52 | INFO     | session_runner | AlpacaConfirmer: 0 confirmed symbols: []
2026-10-06T10:06:52 | WARNING  | session_runner | Re-scan returned no confirmed symbols — falling back to ['SPY']
2026-10-06T10:06:52 | INFO     | session_runner | Broad-market regime | SPY=long
2026-10-06T10:06:53 | INFO     | session_runner | [bridge:SPY] rsi_trend ready: sufficient bars
2026-10-06T10:06:53 | INFO     | session_runner | Stale signal: SPY/orb age=17 min > max 10 min — skipped
2026-10-06T10:06:53 | INFO     | session_runner | Stale signal: SPY/vwap_reclaim age=22 min > max 10 min — skipped
2026-10-06T10:07:23 | INFO     | session_runner | [cycle 72] 10:07:23 ET | positions=0 | entries=0
2026-10-06T10:07:23 | INFO     | session_runner | [bridge:SPY] rsi_trend ready: sufficient bars
2026-10-06T10:07:23 | INFO     | session_runner | Stale signal: SPY/orb age=17 min > max 10 min — skipped
2026-10-06T10:07:23 | INFO     | session_runner | Stale signal: SPY/vwap_reclaim age=22 min > max 10 min — skipped
2026-10-06T10:07:53 | INFO     | session_runner | [cycle 73] 10:07:53 ET | positions=0 | entries=0
2026-10-06T10:07:54 | INFO     | session_runner | [bridge:SPY] rsi_trend ready: sufficient bars
2026-10-06T10:07:54 | INFO     | session_runner | Stale signal: SPY/orb age=18 min > max 10 min — skipped
2026-10-06T10:07:54 | INFO     | session_runner | Stale signal: SPY/vwap_reclaim age=23 min > max 10 min — skipped
2026-10-06T10:08:24 | INFO     | session_runner | [cycle 74] 10:08:24 ET | positions=0 | entries=0
2026-10-06T10:08:24 | INFO     | session_runner | [bridge:SPY] rsi_trend ready: sufficient bars
2026-10-06T10:08:24 | INFO     | session_runner | Stale signal: SPY/orb age=18 min > max 10 min — skipped
2026-10-06T10:08:24 | INFO     | session_runner | Stale signal: SPY/vwap_reclaim age=23 min > max 10 min — skipped
2026-10-06T10:08:54 | INFO     | session_runner | [cycle 75] 10:08:54 ET | positions=0 | entries=0
2026-10-06T10:08:54 | INFO     | session_runner | [bridge:SPY] rsi_trend ready: sufficient bars
2026-10-06T10:08:54 | INFO     | session_runner | Stale signal: SPY/orb age=19 min > max 10 min — skipped
2026-10-06T10:08:54 | INFO     | session_runner | Stale signal: SPY/vwap_reclaim age=24 min > max 10 min — skipped
2026-10-06T10:09:24 | INFO     | session_runner | [cycle 76] 10:09:24 ET | positions=0 | entries=0
2026-10-06T10:09:25 | INFO     | session_runner | [bridge:SPY] rsi_trend ready: sufficient bars
2026-10-06T10:09:25 | INFO     | session_runner | Stale signal: SPY/orb age=19 min > max 10 min — skipped
2026-10-06T10:09:25 | INFO     | session_runner | Stale signal: SPY/vwap_reclaim age=24 min > max 10 min — skipped
2026-10-06T10:09:55 | INFO     | session_runner | [cycle 77] 10:09:55 ET | positions=0 | entries=0
2026-10-06T10:09:56 | INFO     | session_runner | [bridge:SPY] rsi_trend ready: sufficient bars
2026-10-06T10:09:56 | INFO     | session_runner | Stale signal: SPY/orb age=20 min > max 10 min — skipped
2026-10-06T10:09:56 | INFO     | session_runner | Stale signal: SPY/vwap_reclaim age=25 min > max 10 min — skipped
2026-10-06T10:10:26 | INFO     | session_runner | [cycle 78] 10:10:26 ET | positions=0 | entries=0
2026-10-06T10:10:26 | INFO     | session_runner | [bridge:SPY] rsi_trend ready: sufficient bars
2026-10-06T10:10:26 | INFO     | session_runner | Stale signal: SPY/orb age=20 min > max 10 min — skipped
2026-10-06T10:10:26 | INFO     | session_runner | Stale signal: SPY/vwap_reclaim age=25 min > max 10 min — skipped
2026-10-06T10:10:57 | INFO     | session_runner | [cycle 79] 10:10:57 ET | positions=0 | entries=0
2026-10-06T10:10:57 | INFO     | session_runner | [bridge:SPY] rsi_trend ready: sufficient bars
2026-10-06T10:10:57 | INFO     | session_runner | Stale signal: SPY/orb age=21 min > max 10 min — skipped
2026-10-06T10:10:57 | INFO     | session_runner | Stale signal: SPY/vwap_reclaim age=26 min > max 10 min — skipped
2026-10-06T10:11:27 | INFO     | session_runner | [cycle 80] 10:11:27 ET | positions=0 | entries=0
2026-10-06T10:11:27 | INFO     | session_runner | [bridge:SPY] rsi_trend ready: sufficient bars
2026-10-06T10:11:27 | INFO     | session_runner | Stale signal: SPY/orb age=21 min > max 10 min — skipped
2026-10-06T10:11:27 | INFO     | session_runner | Stale signal: SPY/vwap_reclaim age=26 min > max 10 min — skipped
2026-10-06T10:11:57 | INFO     | session_runner | [cycle 81] 10:11:57 ET | positions=0 | entries=0
2026-10-06T10:11:57 | INFO     | app.trading.reconciler | Reconciliation done: broker_pos=0 local_pos=0 broker_orders=0 local_pending=0 repaired=0 flagged=0 orders_confirmed=True positions_confirmed=True
2026-10-06T10:11:58 | INFO     | session_runner | Periodic universe re-scan …
2026-10-06T10:11:58 | INFO     | app.scanning.universe_loader | UniverseLoader: loaded 5 groups (13 flat symbols) from config/ticker_universe.yaml (blacklist=0)
2026-10-06T10:11:58 | INFO     | app.scanning.universe_loader | UniverseLoader: 38 symbols from 4 group(s) (blacklist=0)
2026-10-06T10:11:58 | INFO     | session_runner | Universe scan: 38 symbols from 4 group(s) | max_active=6
2026-10-06T10:12:03 | INFO     | session_runner | Scan: 21 passed, 17 rejected
2026-10-06T10:12:03 | INFO     | session_runner |   MSFT    score=85.0  signal=LONG     reasons: rvol=2.03x (high), atr=2.18% (wide-range), orb_breakout
2026-10-06T10:12:03 | INFO     | session_runner |   AVGO    score=82.0  signal=LONG     reasons: rvol=2.00x (high), atr=2.80% (wide-range), orb_breakout
2026-10-06T10:12:03 | INFO     | session_runner |   IWM     score=78.0  signal=SHORT    reasons: rvol=1.76x (elevated), atr=1.23% (good range), orb_breakdown
2026-10-06T10:12:03 | INFO     | session_runner |   XLE     score=73.0  signal=LONG     reasons: rvol=1.97x (elevated), atr=1.79% (wide-range), near_orb_level
2026-10-06T10:12:03 | INFO     | session_runner |   QQQ     score=68.0  signal=LONG     reasons: rvol=1.65x (elevated), atr=1.14% (good range), orb_breakout
2026-10-06T10:12:03 | WARNING  | app.scanning.alpaca_confirmer | AlpacaConfirmer: cannot fetch chain for XLE 2026-10-09: Client error '401 Unauthorized' for url 'https://api.tradier.com/v1/markets/quotes?symbols=XLE261009C00035000%2CXLE261009C00040000%2CXLE261009C00045000%2CXLE261009C00050000%2CXLE261009C00051000%2CXLE261009C00052000%2CXLE261009C00053000%2CXLE261009C00054000%2CXLE261009C00055000%2CXLE261009C00056000%2CXLE261009C00056500%2CXLE261009C00057000%2CXLE261009C00057500%2CXLE261009C00058000%2CXLE261009C00058500%2CXLE261009C00059000%2CXLE261009C00059500%2CXLE261009C00060000%2CXLE261009C00060500%2CXLE261009C00061000%2CXLE261009C00061500%2CXLE261009C00062000%2CXLE261009C00062500%2CXLE261009C00063000%2CXLE261009C00063500%2CXLE261009C00064000%2CXLE261009C00064500%2CXLE261009C00065000%2CXLE261009C00065500%2CXLE261009C00066000%2CXLE261009C00066500%2CXLE261009C00067000%2CXLE261009C00067500%2CXLE261009C00068000%2CXLE261009C00068500%2CXLE261009C00069000%2CXLE261009C00070000%2CXLE261009C00071000%2CXLE261009C00075000%2CXLE261009C00080000%2CXLE261009P00035000%2CXLE261009P00040000%2CXLE261009P00045000%2CXLE261009P00050000%2CXLE261009P00051000%2CXLE261009P00052000%2CXLE261009P00053000%2CXLE261009P00054000%2CXLE261009P00055000%2CXLE261009P00056000&greeks=true'
For more information check: https://developer.mozilla.org/en-US/docs/Web/HTTP/Status/401
2026-10-06T10:12:03 | WARNING  | app.scanning.alpaca_confirmer | AlpacaConfirmer: cannot fetch chain for AVGO 2026-10-09: Client error '401 Unauthorized' for url 'https://api.tradier.com/v1/markets/quotes?symbols=AVGO261009C00210000%2CAVGO261009C00215000%2CAVGO261009C00220000%2CAVGO261009C00225000%2CAVGO261009C00230000%2CAVGO261009C00235000%2CAVGO261009C00240000%2CAVGO261009C00245000%2CAVGO261009C00250000%2CAVGO261009C00255000%2CAVGO261009C00260000%2CAVGO261009C00265000%2CAVGO261009C00270000%2CAVGO261009C00275000%2CAVGO261009C00280000%2CAVGO261009C00285000%2CAVGO261009C00290000%2CAVGO261009C00295000%2CAVGO261009C00300000%2CAVGO261009C00305000%2CAVGO261009C00310000%2CAVGO261009C00315000%2CAVGO261009C00317500%2CAVGO261009C00320000%2CAVGO261009C00322500%2CAVGO261009C00325000%2CAVGO261009C00327500%2CAVGO261009C00330000%2CAVGO261009C00332500%2CAVGO261009C00335000%2CAVGO261009C00337500%2CAVGO261009C00340000%2CAVGO261009C00342500%2CAVGO261009C00345000%2CAVGO261009C00347500%2CAVGO261009C00350000%2CAVGO261009C00352500%2CAVGO261009C00355000%2CAVGO261009C00357500%2CAVGO261009C00360000%2CAVGO261009C00362500%2CAVGO261009C00365000%2CAVGO261009C00367500%2CAVGO261009C00370000%2CAVGO261009C00372500%2CAVGO261009C00375000%2CAVGO261009C00377500%2CAVGO261009C00380000%2CAVGO261009C00382500%2CAVGO261009C00385000&greeks=true'
For more information check: https://developer.mozilla.org/en-US/docs/Web/HTTP/Status/401
2026-10-06T10:12:03 | WARNING  | app.scanning.alpaca_confirmer | AlpacaConfirmer: cannot fetch chain for UBER 2026-10-09: Client error '401 Unauthorized' for url 'https://api.tradier.com/v1/markets/quotes?symbols=UBER261009C00050000%2CUBER261009C00055000%2CUBER261009C00057000%2CUBER261009C00058000%2CUBER261009C00059000%2CUBER261009C00060000%2CUBER261009C00061000%2CUBER261009C00062000%2CUBER261009C00063000%2CUBER261009C00064000%2CUBER261009C00065000%2CUBER261009C00066000%2CUBER261009C00067000%2CUBER261009C00068000%2CUBER261009C00069000%2CUBER261009C00070000%2CUBER261009C00071000%2CUBER261009C00072000%2CUBER261009C00073000%2CUBER261009C00074000%2CUBER261009C00075000%2CUBER261009C00076000%2CUBER261009C00077000%2CUBER261009C00078000%2CUBER261009C00079000%2CUBER261009C00080000%2CUBER261009C00081000%2CUBER261009C00082000%2CUBER261009C00083000%2CUBER261009C00084000%2CUBER261009C00085000%2CUBER261009C00086000%2CUBER261009C00087000%2CUBER261009C00088000%2CUBER261009C00089000%2CUBER261009C00090000%2CUBER261009C00091000%2CUBER261009C00095000%2CUBER261009C00100000%2CUBER261009C00105000%2CUBER261009P00050000%2CUBER261009P00055000%2CUBER261009P00057000%2CUBER261009P00058000%2CUBER261009P00059000%2CUBER261009P00060000%2CUBER261009P00061000%2CUBER261009P00062000%2CUBER261009P00063000%2CUBER261009P00064000&greeks=true'
For more information check: https://developer.mozilla.org/en-US/docs/Web/HTTP/Status/401
2026-10-06T10:12:03 | WARNING  | app.scanning.alpaca_confirmer | AlpacaConfirmer: cannot fetch chain for AMD 2026-10-09: Client error '401 Unauthorized' for url 'https://api.tradier.com/v1/markets/quotes?symbols=AMD261009C00040000%2CAMD261009C00045000%2CAMD261009C00050000%2CAMD261009C00055000%2CAMD261009C00060000%2CAMD261009C00065000%2CAMD261009C00070000%2CAMD261009C00075000%2CAMD261009C00080000%2CAMD261009C00085000%2CAMD261009C00090000%2CAMD261009C00095000%2CAMD261009C00100000%2CAMD261009C00105000%2CAMD261009C00110000%2CAMD261009C00115000%2CAMD261009C00120000%2CAMD261009C00125000%2CAMD261009C00130000%2CAMD261009C00135000%2CAMD261009C00140000%2CAMD261009C00145000%2CAMD261009C00150000%2CAMD261009C00155000%2CAMD261009C00160000%2CAMD261009C00165000%2CAMD261009C00170000%2CAMD261009C00175000%2CAMD261009C00180000%2CAMD261009C00185000%2CAMD261009C00190000%2CAMD261009C00195000%2CAMD261009C00200000%2CAMD261009C00205000%2CAMD261009C00210000%2CAMD261009C00215000%2CAMD261009C00220000%2CAMD261009C00225000%2CAMD261009C00230000%2CAMD261009C00235000%2CAMD261009C00240000%2CAMD261009C00245000%2CAMD261009C00250000%2CAMD261009C00255000%2CAMD261009C00260000%2CAMD261009C00265000%2CAMD261009C00270000%2CAMD261009C00275000%2CAMD261009C00280000%2CAMD261009C00285000&greeks=true'
For more information check: https://developer.mozilla.org/en-US/docs/Web/HTTP/Status/401
2026-10-06T10:12:03 | WARNING  | app.scanning.alpaca_confirmer | AlpacaConfirmer: cannot fetch chain for NVDA 2026-10-09: Client error '401 Unauthorized' for url 'https://api.tradier.com/v1/markets/quotes?symbols=NVDA261009C00050000%2CNVDA261009C00055000%2CNVDA261009C00060000%2CNVDA261009C00065000%2CNVDA261009C00070000%2CNVDA261009C00075000%2CNVDA261009C00080000%2CNVDA261009C00085000%2CNVDA261009C00090000%2CNVDA261009C00095000%2CNVDA261009C00100000%2CNVDA261009C00105000%2CNVDA261009C00110000%2CNVDA261009C00115000%2CNVDA261009C00120000%2CNVDA261009C00125000%2CNVDA261009C00130000%2CNVDA261009C00135000%2CNVDA261009C00140000%2CNVDA261009C00145000%2CNVDA261009C00150000%2CNVDA261009C00155000%2CNVDA261009C00160000%2CNVDA261009C00165000%2CNVDA261009C00170000%2CNVDA261009C00175000%2CNVDA261009C00180000%2CNVDA261009C00185000%2CNVDA261009C00190000%2CNVDA261009C00195000%2CNVDA261009C00197500%2CNVDA261009C00200000%2CNVDA261009C00202500%2CNVDA261009C00205000%2CNVDA261009C00207500%2CNVDA261009C00210000%2CNVDA261009C00212500%2CNVDA261009C00215000%2CNVDA261009C00217500%2CNVDA261009C00220000%2CNVDA261009C00222500%2CNVDA261009C00225000%2CNVDA261009C00227500%2CNVDA261009C00230000%2CNVDA261009C00232500%2CNVDA261009C00235000%2CNVDA261009C00237500%2CNVDA261009C00240000%2CNVDA261009C00242500%2CNVDA261009C00245000&greeks=true'
For more information check: https://developer.mozilla.org/en-US/docs/Web/HTTP/Status/401
2026-10-06T10:12:03 | WARNING  | app.scanning.alpaca_confirmer | AlpacaConfirmer: cannot fetch chain for HOOD 2026-10-09: Client error '401 Unauthorized' for url 'https://api.tradier.com/v1/markets/quotes?symbols=HOOD261009C00025000%2CHOOD261009C00030000%2CHOOD261009C00035000%2CHOOD261009C00040000%2CHOOD261009C00045000%2CHOOD261009C00050000%2CHOOD261009C00055000%2CHOOD261009C00060000%2CHOOD261009C00065000%2CHOOD261009C00070000%2CHOOD261009C00075000%2CHOOD261009C00080000%2CHOOD261009C00085000%2CHOOD261009C00090000%2CHOOD261009C00091000%2CHOOD261009C00092000%2CHOOD261009C00093000%2CHOOD261009C00094000%2CHOOD261009C00095000%2CHOOD261009C00096000%2CHOOD261009C00097000%2CHOOD261009C00098000%2CHOOD261009C00099000%2CHOOD261009C00100000%2CHOOD261009C00101000%2CHOOD261009C00102000%2CHOOD261009C00103000%2CHOOD261009C00104000%2CHOOD261009C00105000%2CHOOD261009C00106000%2CHOOD261009C00107000%2CHOOD261009C00108000%2CHOOD261009C00109000%2CHOOD261009C00110000%2CHOOD261009C00111000%2CHOOD261009C00112000%2CHOOD261009C00113000%2CHOOD261009C00114000%2CHOOD261009C00115000%2CHOOD261009C00116000%2CHOOD261009C00117000%2CHOOD261009C00118000%2CHOOD261009C00119000%2CHOOD261009C00120000%2CHOOD261009C00121000%2CHOOD261009C00122000%2CHOOD261009C00123000%2CHOOD261009C00124000%2CHOOD261009C00125000%2CHOOD261009C00126000&greeks=true'
For more information check: https://developer.mozilla.org/en-US/docs/Web/HTTP/Status/401
2026-10-06T10:12:03 | WARNING  | app.scanning.alpaca_confirmer | AlpacaConfirmer: cannot fetch chain for MSFT 2026-10-09: Client error '401 Unauthorized' for url 'https://api.tradier.com/v1/markets/quotes?symbols=MSFT261009C00270000%2CMSFT261009C00280000%2CMSFT261009C00290000%2CMSFT261009C00300000%2CMSFT261009C00305000%2CMSFT261009C00310000%2CMSFT261009C00315000%2CMSFT261009C00320000%2CMSFT261009C00325000%2CMSFT261009C00330000%2CMSFT261009C00335000%2CMSFT261009C00340000%2CMSFT261009C00345000%2CMSFT261009C00350000%2CMSFT261009C00355000%2CMSFT261009C00360000%2CMSFT261009C00365000%2CMSFT261009C00370000%2CMSFT261009C00375000%2CMSFT261009C00380000%2CMSFT261009C00385000%2CMSFT261009C00390000%2CMSFT261009C00395000%2CMSFT261009C00400000%2CMSFT261009C00405000%2CMSFT261009C00410000%2CMSFT261009C00415000%2CMSFT261009C00420000%2CMSFT261009C00425000%2CMSFT261009C00430000%2CMSFT261009C00435000%2CMSFT261009C00440000%2CMSFT261009C00445000%2CMSFT261009C00450000%2CMSFT261009C00455000%2CMSFT261009C00457500%2CMSFT261009C00460000%2CMSFT261009C00462500%2CMSFT261009C00465000%2CMSFT261009C00467500%2CMSFT261009C00470000%2CMSFT261009C00472500%2CMSFT261009C00475000%2CMSFT261009C00477500%2CMSFT261009C00480000%2CMSFT261009C00482500%2CMSFT261009C00485000%2CMSFT261009C00487500%2CMSFT261009C00490000%2CMSFT261009C00492500&greeks=true'
For more information check: https://developer.mozilla.org/en-US/docs/Web/HTTP/Status/401
2026-10-06T10:12:03 | WARNING  | app.scanning.alpaca_confirmer | AlpacaConfirmer: cannot fetch chain for SPY 2026-10-08: Client error '401 Unauthorized' for url 'https://api.tradier.com/v1/markets/quotes?symbols=SPY261008C00550000%2CSPY261008C00555000%2CSPY261008C00560000%2CSPY261008C00565000%2CSPY261008C00570000%2CSPY261008C00575000%2CSPY261008C00580000%2CSPY261008C00585000%2CSPY261008C00590000%2CSPY261008C00595000%2CSPY261008C00600000%2CSPY261008C00605000%2CSPY261008C00610000%2CSPY261008C00615000%2CSPY261008C00620000%2CSPY261008C00625000%2CSPY261008C00630000%2CSPY261008C00635000%2CSPY261008C00640000%2CSPY261008C00645000%2CSPY261008C00650000%2CSPY261008C00655000%2CSPY261008C00660000%2CSPY261008C00665000%2CSPY261008C00670000%2CSPY261008C00675000%2CSPY261008C00680000%2CSPY261008C00685000%2CSPY261008C00690000%2CSPY261008C00695000%2CSPY261008C00700000%2CSPY261008C00705000%2CSPY261008C00710000%2CSPY261008C00715000%2CSPY261008C00720000%2CSPY261008C00723000%2CSPY261008C00724000%2CSPY261008C00725000%2CSPY261008C00726000%2CSPY261008C00727000%2CSPY261008C00728000%2CSPY261008C00729000%2CSPY261008C00730000%2CSPY261008C00731000%2CSPY261008C00732000%2CSPY261008C00733000%2CSPY261008C00734000%2CSPY261008C00735000%2CSPY261008C00736000%2CSPY261008C00737000&greeks=true'
For more information check: https://developer.mozilla.org/en-US/docs/Web/HTTP/Status/401
2026-10-06T10:12:03 | WARNING  | app.scanning.alpaca_confirmer | AlpacaConfirmer: cannot fetch chain for DKNG 2026-10-09: Client error '401 Unauthorized' for url 'https://api.tradier.com/v1/markets/quotes?symbols=DKNG261009C00010000%2CDKNG261009C00011000%2CDKNG261009C00012000%2CDKNG261009C00013000%2CDKNG261009C00014000%2CDKNG261009C00015000%2CDKNG261009C00016000%2CDKNG261009C00017000%2CDKNG261009C00018000%2CDKNG261009C00018500%2CDKNG261009C00019000%2CDKNG261009C00019500%2CDKNG261009C00020000%2CDKNG261009C00020500%2CDKNG261009C00021000%2CDKNG261009C00021500%2CDKNG261009C00022000%2CDKNG261009C00022500%2CDKNG261009C00023000%2CDKNG261009C00023500%2CDKNG261009C00024000%2CDKNG261009C00024500%2CDKNG261009C00025000%2CDKNG261009C00025500%2CDKNG261009C00026000%2CDKNG261009C00026500%2CDKNG261009C00027000%2CDKNG261009C00027500%2CDKNG261009C00028000%2CDKNG261009C00028500%2CDKNG261009C00029000%2CDKNG261009C00030000%2CDKNG261009C00031000%2CDKNG261009C00032000%2CDKNG261009C00033000%2CDKNG261009C00034000%2CDKNG261009C00035000%2CDKNG261009P00010000%2CDKNG261009P00011000%2CDKNG261009P00012000%2CDKNG261009P00013000%2CDKNG261009P00014000%2CDKNG261009P00015000%2CDKNG261009P00016000%2CDKNG261009P00017000%2CDKNG261009P00018000%2CDKNG261009P00018500%2CDKNG261009P00019000%2CDKNG261009P00019500%2CDKNG261009P00020000&greeks=true'
For more information check: https://developer.mozilla.org/en-US/docs/Web/HTTP/Status/401
2026-10-06T10:12:03 | WARNING  | app.scanning.alpaca_confirmer | AlpacaConfirmer: cannot fetch chain for SHOP 2026-10-09: Client error '401 Unauthorized' for url 'https://api.tradier.com/v1/markets/quotes?symbols=SHOP261009C00080000%2CSHOP261009C00085000%2CSHOP261009C00090000%2CSHOP261009C00095000%2CSHOP261009C00100000%2CSHOP261009C00105000%2CSHOP261009C00110000%2CSHOP261009C00112000%2CSHOP261009C00113000%2CSHOP261009C00114000%2CSHOP261009C00115000%2CSHOP261009C00116000%2CSHOP261009C00117000%2CSHOP261009C00118000%2CSHOP261009C00119000%2CSHOP261009C00120000%2CSHOP261009C00121000%2CSHOP261009C00122000%2CSHOP261009C00123000%2CSHOP261009C00124000%2CSHOP261009C00125000%2CSHOP261009C00126000%2CSHOP261009C00127000%2CSHOP261009C00128000%2CSHOP261009C00129000%2CSHOP261009C00130000%2CSHOP261009C00131000%2CSHOP261009C00132000%2CSHOP261009C00133000%2CSHOP261009C00134000%2CSHOP261009C00135000%2CSHOP261009C00136000%2CSHOP261009C00137000%2CSHOP261009C00138000%2CSHOP261009C00139000%2CSHOP261009C00140000%2CSHOP261009C00141000%2CSHOP261009C00142000%2CSHOP261009C00143000%2CSHOP261009C00144000%2CSHOP261009C00145000%2CSHOP261009C00146000%2CSHOP261009C00147000%2CSHOP261009C00148000%2CSHOP261009C00149000%2CSHOP261009C00150000%2CSHOP261009C00152500%2CSHOP261009C00155000%2CSHOP261009C00157500%2CSHOP261009C00160000&greeks=true'
For more information check: https://developer.mozilla.org/en-US/docs/Web/HTTP/Status/401
2026-10-06T10:12:03 | WARNING  | app.scanning.alpaca_confirmer | AlpacaConfirmer: cannot fetch chain for IWM 2026-10-08: Client error '401 Unauthorized' for url 'https://api.tradier.com/v1/markets/quotes?symbols=IWM261008C00180000%2CIWM261008C00190000%2CIWM261008C00200000%2CIWM261008C00205000%2CIWM261008C00210000%2CIWM261008C00215000%2CIWM261008C00220000%2CIWM261008C00225000%2CIWM261008C00230000%2CIWM261008C00235000%2CIWM261008C00240000%2CIWM261008C00245000%2CIWM261008C00250000%2CIWM261008C00255000%2CIWM261008C00260000%2CIWM261008C00261000%2CIWM261008C00262000%2CIWM261008C00263000%2CIWM261008C00264000%2CIWM261008C00265000%2CIWM261008C00266000%2CIWM261008C00267000%2CIWM261008C00268000%2CIWM261008C00269000%2CIWM261008C00270000%2CIWM261008C00271000%2CIWM261008C00272000%2CIWM261008C00273000%2CIWM261008C00274000%2CIWM261008C00275000%2CIWM261008C00276000%2CIWM261008C00277000%2CIWM261008C00278000%2CIWM261008C00279000%2CIWM261008C00280000%2CIWM261008C00281000%2CIWM261008C00282000%2CIWM261008C00283000%2CIWM261008C00284000%2CIWM261008C00285000%2CIWM261008C00286000%2CIWM261008C00287000%2CIWM261008C00288000%2CIWM261008C00289000%2CIWM261008C00290000%2CIWM261008C00291000%2CIWM261008C00292000%2CIWM261008C00293000%2CIWM261008C00294000%2CIWM261008C00295000&greeks=true'
For more information check: https://developer.mozilla.org/en-US/docs/Web/HTTP/Status/401
2026-10-06T10:12:03 | WARNING  | app.scanning.alpaca_confirmer | AlpacaConfirmer: cannot fetch chain for QQQ 2026-10-08: Client error '401 Unauthorized' for url 'https://api.tradier.com/v1/markets/quotes?symbols=QQQ261008C00500000%2CQQQ261008C00505000%2CQQQ261008C00510000%2CQQQ261008C00515000%2CQQQ261008C00520000%2CQQQ261008C00525000%2CQQQ261008C00530000%2CQQQ261008C00535000%2CQQQ261008C00540000%2CQQQ261008C00545000%2CQQQ261008C00550000%2CQQQ261008C00555000%2CQQQ261008C00560000%2CQQQ261008C00565000%2CQQQ261008C00570000%2CQQQ261008C00575000%2CQQQ261008C00580000%2CQQQ261008C00585000%2CQQQ261008C00590000%2CQQQ261008C00595000%2CQQQ261008C00600000%2CQQQ261008C00605000%2CQQQ261008C00610000%2CQQQ261008C00615000%2CQQQ261008C00620000%2CQQQ261008C00625000%2CQQQ261008C00630000%2CQQQ261008C00635000%2CQQQ261008C00640000%2CQQQ261008C00645000%2CQQQ261008C00650000%2CQQQ261008C00655000%2CQQQ261008C00660000%2CQQQ261008C00665000%2CQQQ261008C00670000%2CQQQ261008C00675000%2CQQQ261008C00680000%2CQQQ261008C00685000%2CQQQ261008C00690000%2CQQQ261008C00691000%2CQQQ261008C00692000%2CQQQ261008C00693000%2CQQQ261008C00694000%2CQQQ261008C00695000%2CQQQ261008C00696000%2CQQQ261008C00697000%2CQQQ261008C00698000%2CQQQ261008C00699000%2CQQQ261008C00700000%2CQQQ261008C00701000&greeks=true'
For more information check: https://developer.mozilla.org/en-US/docs/Web/HTTP/Status/401
2026-10-06T10:12:03 | INFO     | session_runner | AlpacaConfirmer: 0 confirmed symbols: []
2026-10-06T10:12:03 | WARNING  | session_runner | Re-scan returned no confirmed symbols — falling back to ['SPY']
2026-10-06T10:12:03 | INFO     | session_runner | Broad-market regime | SPY=long
2026-10-06T10:12:04 | INFO     | session_runner | [bridge:SPY] rsi_trend ready: sufficient bars
2026-10-06T10:12:04 | INFO     | session_runner | Stale signal: SPY/orb age=22 min > max 10 min — skipped
2026-10-06T10:12:04 | INFO     | session_runner | Stale signal: SPY/vwap_reclaim age=27 min > max 10 min — skipped
2026-10-06T10:12:34 | INFO     | session_runner | [cycle 82] 10:12:34 ET | positions=0 | entries=0
2026-10-06T10:12:34 | INFO     | session_runner | [bridge:SPY] rsi_trend ready: sufficient bars
2026-10-06T10:12:34 | INFO     | session_runner | Stale signal: SPY/orb age=23 min > max 10 min — skipped
2026-10-06T10:12:34 | INFO     | session_runner | Stale signal: SPY/vwap_reclaim age=28 min > max 10 min — skipped
2026-10-06T10:13:04 | INFO     | session_runner | [cycle 83] 10:13:04 ET | positions=0 | entries=0
2026-10-06T10:13:05 | INFO     | session_runner | [bridge:SPY] rsi_trend ready: sufficient bars
2026-10-06T10:13:05 | INFO     | session_runner | Stale signal: SPY/orb age=23 min > max 10 min — skipped
2026-10-06T10:13:05 | INFO     | session_runner | Stale signal: SPY/vwap_reclaim age=28 min > max 10 min — skipped
2026-10-06T10:13:35 | INFO     | session_runner | [cycle 84] 10:13:35 ET | positions=0 | entries=0
2026-10-06T10:13:35 | INFO     | session_runner | [bridge:SPY] rsi_trend ready: sufficient bars
2026-10-06T10:13:35 | INFO     | session_runner | Stale signal: SPY/orb age=24 min > max 10 min — skipped
2026-10-06T10:13:35 | INFO     | session_runner | Stale signal: SPY/vwap_reclaim age=29 min > max 10 min — skipped
2026-10-06T10:14:05 | INFO     | session_runner | [cycle 85] 10:14:05 ET | positions=0 | entries=0
2026-10-06T10:14:06 | INFO     | session_runner | [bridge:SPY] rsi_trend ready: sufficient bars
2026-10-06T10:14:06 | INFO     | session_runner | Stale signal: SPY/orb age=24 min > max 10 min — skipped
2026-10-06T10:14:06 | INFO     | session_runner | Stale signal: SPY/vwap_reclaim age=29 min > max 10 min — skipped
2026-10-06T10:14:36 | INFO     | session_runner | [cycle 86] 10:14:36 ET | positions=0 | entries=0
2026-10-06T10:14:36 | INFO     | session_runner | [bridge:SPY] rsi_trend ready: sufficient bars
2026-10-06T10:14:36 | INFO     | session_runner | Stale signal: SPY/orb age=25 min > max 10 min — skipped
2026-10-06T10:14:36 | INFO     | session_runner | Stale signal: SPY/vwap_reclaim age=30 min > max 10 min — skipped
2026-10-06T10:15:06 | INFO     | session_runner | [cycle 87] 10:15:06 ET | positions=0 | entries=0
2026-10-06T10:15:07 | INFO     | session_runner | [bridge:SPY] rsi_trend ready: sufficient bars
2026-10-06T10:15:07 | INFO     | session_runner | Stale signal: SPY/orb age=25 min > max 10 min — skipped
2026-10-06T10:15:07 | INFO     | session_runner | Stale signal: SPY/vwap_reclaim age=30 min > max 10 min — skipped
2026-10-06T10:15:37 | INFO     | session_runner | [cycle 88] 10:15:37 ET | positions=0 | entries=0
2026-10-06T10:15:37 | INFO     | session_runner | [bridge:SPY] rsi_trend ready: sufficient bars
2026-10-06T10:15:37 | INFO     | session_runner | Stale signal: SPY/orb age=26 min > max 10 min — skipped
2026-10-06T10:15:37 | INFO     | session_runner | Stale signal: SPY/vwap_reclaim age=31 min > max 10 min — skipped
2026-10-06T10:16:07 | INFO     | session_runner | [cycle 89] 10:16:07 ET | positions=0 | entries=0
2026-10-06T10:16:08 | INFO     | session_runner | [bridge:SPY] rsi_trend ready: sufficient bars
2026-10-06T10:16:08 | INFO     | session_runner | Stale signal: SPY/orb age=26 min > max 10 min — skipped
2026-10-06T10:16:08 | INFO     | session_runner | Stale signal: SPY/vwap_reclaim age=31 min > max 10 min — skipped
2026-10-06T10:16:38 | INFO     | session_runner | [cycle 90] 10:16:38 ET | positions=0 | entries=0
2026-10-06T10:16:38 | INFO     | session_runner | [bridge:SPY] rsi_trend ready: sufficient bars
2026-10-06T10:16:38 | INFO     | session_runner | Stale signal: SPY/orb age=27 min > max 10 min — skipped
2026-10-06T10:16:38 | INFO     | session_runner | Stale signal: SPY/vwap_reclaim age=32 min > max 10 min — skipped
2026-10-06T10:17:08 | INFO     | session_runner | [cycle 91] 10:17:08 ET | positions=0 | entries=0
2026-10-06T10:17:08 | INFO     | session_runner | Periodic universe re-scan …
2026-10-06T10:17:08 | INFO     | app.scanning.universe_loader | UniverseLoader: loaded 5 groups (13 flat symbols) from config/ticker_universe.yaml (blacklist=0)
2026-10-06T10:17:08 | INFO     | app.scanning.universe_loader | UniverseLoader: 38 symbols from 4 group(s) (blacklist=0)
2026-10-06T10:17:08 | INFO     | session_runner | Universe scan: 38 symbols from 4 group(s) | max_active=6
2026-10-06T10:17:14 | INFO     | session_runner | Scan: 23 passed, 15 rejected
2026-10-06T10:17:14 | INFO     | session_runner |   XLE     score=85.0  signal=LONG     reasons: rvol=1.87x (elevated), atr=1.81% (wide-range), orb_breakout
2026-10-06T10:17:14 | INFO     | session_runner |   MSFT    score=85.0  signal=LONG     reasons: rvol=2.00x (high), atr=2.20% (wide-range), orb_breakout
2026-10-06T10:17:14 | INFO     | session_runner |   AVGO    score=82.0  signal=LONG     reasons: rvol=2.50x (high), atr=2.83% (wide-range), orb_breakout
2026-10-06T10:17:14 | INFO     | session_runner |   IWM     score=78.0  signal=SHORT    reasons: rvol=1.77x (elevated), atr=1.25% (good range), orb_breakdown
2026-10-06T10:17:14 | INFO     | session_runner |   AAPL    score=75.0  signal=LONG     reasons: rvol=1.10x (normal), atr=1.81% (wide-range), orb_breakout
2026-10-06T10:17:15 | WARNING  | app.scanning.alpaca_confirmer | AlpacaConfirmer: cannot fetch chain for MSFT 2026-10-09: Client error '401 Unauthorized' for url 'https://api.tradier.com/v1/markets/quotes?symbols=MSFT261009C00270000%2CMSFT261009C00280000%2CMSFT261009C00290000%2CMSFT261009C00300000%2CMSFT261009C00305000%2CMSFT261009C00310000%2CMSFT261009C00315000%2CMSFT261009C00320000%2CMSFT261009C00325000%2CMSFT261009C00330000%2CMSFT261009C00335000%2CMSFT261009C00340000%2CMSFT261009C00345000%2CMSFT261009C00350000%2CMSFT261009C00355000%2CMSFT261009C00360000%2CMSFT261009C00365000%2CMSFT261009C00370000%2CMSFT261009C00375000%2CMSFT261009C00380000%2CMSFT261009C00385000%2CMSFT261009C00390000%2CMSFT261009C00395000%2CMSFT261009C00400000%2CMSFT261009C00405000%2CMSFT261009C00410000%2CMSFT261009C00415000%2CMSFT261009C00420000%2CMSFT261009C00425000%2CMSFT261009C00430000%2CMSFT261009C00435000%2CMSFT261009C00440000%2CMSFT261009C00445000%2CMSFT261009C00450000%2CMSFT261009C00455000%2CMSFT261009C00457500%2CMSFT261009C00460000%2CMSFT261009C00462500%2CMSFT261009C00465000%2CMSFT261009C00467500%2CMSFT261009C00470000%2CMSFT261009C00472500%2CMSFT261009C00475000%2CMSFT261009C00477500%2CMSFT261009C00480000%2CMSFT261009C00482500%2CMSFT261009C00485000%2CMSFT261009C00487500%2CMSFT261009C00490000%2CMSFT261009C00492500&greeks=true'
For more information check: https://developer.mozilla.org/en-US/docs/Web/HTTP/Status/401
2026-10-06T10:17:15 | WARNING  | app.scanning.alpaca_confirmer | AlpacaConfirmer: cannot fetch chain for AMZN 2026-10-09: Client error '401 Unauthorized' for url 'https://api.tradier.com/v1/markets/quotes?symbols=AMZN261009C00140000%2CAMZN261009C00145000%2CAMZN261009C00150000%2CAMZN261009C00155000%2CAMZN261009C00160000%2CAMZN261009C00165000%2CAMZN261009C00170000%2CAMZN261009C00175000%2CAMZN261009C00180000%2CAMZN261009C00185000%2CAMZN261009C00190000%2CAMZN261009C00195000%2CAMZN261009C00200000%2CAMZN261009C00205000%2CAMZN261009C00210000%2CAMZN261009C00215000%2CAMZN261009C00220000%2CAMZN261009C00222500%2CAMZN261009C00225000%2CAMZN261009C00227500%2CAMZN261009C00230000%2CAMZN261009C00232500%2CAMZN261009C00235000%2CAMZN261009C00237500%2CAMZN261009C00240000%2CAMZN261009C00242500%2CAMZN261009C00245000%2CAMZN261009C00247500%2CAMZN261009C00250000%2CAMZN261009C00252500%2CAMZN261009C00255000%2CAMZN261009C00257500%2CAMZN261009C00260000%2CAMZN261009C00262500%2CAMZN261009C00265000%2CAMZN261009C00267500%2CAMZN261009C00270000%2CAMZN261009C00272500%2CAMZN261009C00275000%2CAMZN261009C00277500%2CAMZN261009C00280000%2CAMZN261009C00285000%2CAMZN261009C00290000%2CAMZN261009C00295000%2CAMZN261009C00300000%2CAMZN261009C00305000%2CAMZN261009C00310000%2CAMZN261009C00315000%2CAMZN261009C00320000%2CAMZN261009C00325000&greeks=true'
For more information check: https://developer.mozilla.org/en-US/docs/Web/HTTP/Status/401
2026-10-06T10:17:15 | WARNING  | app.scanning.alpaca_confirmer | AlpacaConfirmer: cannot fetch chain for AMD 2026-10-09: Client error '401 Unauthorized' for url 'https://api.tradier.com/v1/markets/quotes?symbols=AMD261009C00040000%2CAMD261009C00045000%2CAMD261009C00050000%2CAMD261009C00055000%2CAMD261009C00060000%2CAMD261009C00065000%2CAMD261009C00070000%2CAMD261009C00075000%2CAMD261009C00080000%2CAMD261009C00085000%2CAMD261009C00090000%2CAMD261009C00095000%2CAMD261009C00100000%2CAMD261009C00105000%2CAMD261009C00110000%2CAMD261009C00115000%2CAMD261009C00120000%2CAMD261009C00125000%2CAMD261009C00130000%2CAMD261009C00135000%2CAMD261009C00140000%2CAMD261009C00145000%2CAMD261009C00150000%2CAMD261009C00155000%2CAMD261009C00160000%2CAMD261009C00165000%2CAMD261009C00170000%2CAMD261009C00175000%2CAMD261009C00180000%2CAMD261009C00185000%2CAMD261009C00190000%2CAMD261009C00195000%2CAMD261009C00200000%2CAMD261009C00205000%2CAMD261009C00210000%2CAMD261009C00215000%2CAMD261009C00220000%2CAMD261009C00225000%2CAMD261009C00230000%2CAMD261009C00235000%2CAMD261009C00240000%2CAMD261009C00245000%2CAMD261009C00250000%2CAMD261009C00255000%2CAMD261009C00260000%2CAMD261009C00265000%2CAMD261009C00270000%2CAMD261009C00275000%2CAMD261009C00280000%2CAMD261009C00285000&greeks=true'
For more information check: https://developer.mozilla.org/en-US/docs/Web/HTTP/Status/401
2026-10-06T10:17:15 | WARNING  | app.scanning.alpaca_confirmer | AlpacaConfirmer: cannot fetch chain for UBER 2026-10-09: Client error '401 Unauthorized' for url 'https://api.tradier.com/v1/markets/quotes?symbols=UBER261009C00050000%2CUBER261009C00055000%2CUBER261009C00057000%2CUBER261009C00058000%2CUBER261009C00059000%2CUBER261009C00060000%2CUBER261009C00061000%2CUBER261009C00062000%2CUBER261009C00063000%2CUBER261009C00064000%2CUBER261009C00065000%2CUBER261009C00066000%2CUBER261009C00067000%2CUBER261009C00068000%2CUBER261009C00069000%2CUBER261009C00070000%2CUBER261009C00071000%2CUBER261009C00072000%2CUBER261009C00073000%2CUBER261009C00074000%2CUBER261009C00075000%2CUBER261009C00076000%2CUBER261009C00077000%2CUBER261009C00078000%2CUBER261009C00079000%2CUBER261009C00080000%2CUBER261009C00081000%2CUBER261009C00082000%2CUBER261009C00083000%2CUBER261009C00084000%2CUBER261009C00085000%2CUBER261009C00086000%2CUBER261009C00087000%2CUBER261009C00088000%2CUBER261009C00089000%2CUBER261009C00090000%2CUBER261009C00091000%2CUBER261009C00095000%2CUBER261009C00100000%2CUBER261009C00105000%2CUBER261009P00050000%2CUBER261009P00055000%2CUBER261009P00057000%2CUBER261009P00058000%2CUBER261009P00059000%2CUBER261009P00060000%2CUBER261009P00061000%2CUBER261009P00062000%2CUBER261009P00063000%2CUBER261009P00064000&greeks=true'
For more information check: https://developer.mozilla.org/en-US/docs/Web/HTTP/Status/401
2026-10-06T10:17:15 | WARNING  | app.scanning.alpaca_confirmer | AlpacaConfirmer: cannot fetch chain for PLTR 2026-10-09: Client error '401 Unauthorized' for url 'https://api.tradier.com/v1/markets/quotes?symbols=PLTR261009C00050000%2CPLTR261009C00055000%2CPLTR261009C00060000%2CPLTR261009C00065000%2CPLTR261009C00070000%2CPLTR261009C00075000%2CPLTR261009C00080000%2CPLTR261009C00085000%2CPLTR261009C00090000%2CPLTR261009C00095000%2CPLTR261009C00100000%2CPLTR261009C00105000%2CPLTR261009C00110000%2CPLTR261009C00115000%2CPLTR261009C00120000%2CPLTR261009C00125000%2CPLTR261009C00130000%2CPLTR261009C00135000%2CPLTR261009C00140000%2CPLTR261009C00144000%2CPLTR261009C00145000%2CPLTR261009C00146000%2CPLTR261009C00147000%2CPLTR261009C00148000%2CPLTR261009C00149000%2CPLTR261009C00150000%2CPLTR261009C00152500%2CPLTR261009C00155000%2CPLTR261009C00157500%2CPLTR261009C00160000%2CPLTR261009C00162500%2CPLTR261009C00165000%2CPLTR261009C00167500%2CPLTR261009C00170000%2CPLTR261009C00172500%2CPLTR261009C00175000%2CPLTR261009C00177500%2CPLTR261009C00180000%2CPLTR261009C00182500%2CPLTR261009C00185000%2CPLTR261009C00187500%2CPLTR261009C00190000%2CPLTR261009C00192500%2CPLTR261009C00195000%2CPLTR261009C00197500%2CPLTR261009C00200000%2CPLTR261009C00202500%2CPLTR261009C00205000%2CPLTR261009C00207500%2CPLTR261009C00210000&greeks=true'
For more information check: https://developer.mozilla.org/en-US/docs/Web/HTTP/Status/401
2026-10-06T10:17:15 | WARNING  | app.scanning.alpaca_confirmer | AlpacaConfirmer: cannot fetch chain for NVDA 2026-10-09: Client error '401 Unauthorized' for url 'https://api.tradier.com/v1/markets/quotes?symbols=NVDA261009C00050000%2CNVDA261009C00055000%2CNVDA261009C00060000%2CNVDA261009C00065000%2CNVDA261009C00070000%2CNVDA261009C00075000%2CNVDA261009C00080000%2CNVDA261009C00085000%2CNVDA261009C00090000%2CNVDA261009C00095000%2CNVDA261009C00100000%2CNVDA261009C00105000%2CNVDA261009C00110000%2CNVDA261009C00115000%2CNVDA261009C00120000%2CNVDA261009C00125000%2CNVDA261009C00130000%2CNVDA261009C00135000%2CNVDA261009C00140000%2CNVDA261009C00145000%2CNVDA261009C00150000%2CNVDA261009C00155000%2CNVDA261009C00160000%2CNVDA261009C00165000%2CNVDA261009C00170000%2CNVDA261009C00175000%2CNVDA261009C00180000%2CNVDA261009C00185000%2CNVDA261009C00190000%2CNVDA261009C00195000%2CNVDA261009C00197500%2CNVDA261009C00200000%2CNVDA261009C00202500%2CNVDA261009C00205000%2CNVDA261009C00207500%2CNVDA261009C00210000%2CNVDA261009C00212500%2CNVDA261009C00215000%2CNVDA261009C00217500%2CNVDA261009C00220000%2CNVDA261009C00222500%2CNVDA261009C00225000%2CNVDA261009C00227500%2CNVDA261009C00230000%2CNVDA261009C00232500%2CNVDA261009C00235000%2CNVDA261009C00237500%2CNVDA261009C00240000%2CNVDA261009C00242500%2CNVDA261009C00245000&greeks=true'
For more information check: https://developer.mozilla.org/en-US/docs/Web/HTTP/Status/401
2026-10-06T10:17:15 | WARNING  | app.scanning.alpaca_confirmer | AlpacaConfirmer: cannot fetch chain for XLE 2026-10-09: Client error '401 Unauthorized' for url 'https://api.tradier.com/v1/markets/quotes?symbols=XLE261009C00035000%2CXLE261009C00040000%2CXLE261009C00045000%2CXLE261009C00050000%2CXLE261009C00051000%2CXLE261009C00052000%2CXLE261009C00053000%2CXLE261009C00054000%2CXLE261009C00055000%2CXLE261009C00056000%2CXLE261009C00056500%2CXLE261009C00057000%2CXLE261009C00057500%2CXLE261009C00058000%2CXLE261009C00058500%2CXLE261009C00059000%2CXLE261009C00059500%2CXLE261009C00060000%2CXLE261009C00060500%2CXLE261009C00061000%2CXLE261009C00061500%2CXLE261009C00062000%2CXLE261009C00062500%2CXLE261009C00063000%2CXLE261009C00063500%2CXLE261009C00064000%2CXLE261009C00064500%2CXLE261009C00065000%2CXLE261009C00065500%2CXLE261009C00066000%2CXLE261009C00066500%2CXLE261009C00067000%2CXLE261009C00067500%2CXLE261009C00068000%2CXLE261009C00068500%2CXLE261009C00069000%2CXLE261009C00070000%2CXLE261009C00071000%2CXLE261009C00075000%2CXLE261009C00080000%2CXLE261009P00035000%2CXLE261009P00040000%2CXLE261009P00045000%2CXLE261009P00050000%2CXLE261009P00051000%2CXLE261009P00052000%2CXLE261009P00053000%2CXLE261009P00054000%2CXLE261009P00055000%2CXLE261009P00056000&greeks=true'
For more information check: https://developer.mozilla.org/en-US/docs/Web/HTTP/Status/401
2026-10-06T10:17:15 | WARNING  | app.scanning.alpaca_confirmer | AlpacaConfirmer: cannot fetch chain for SOFI 2026-10-09: Client error '401 Unauthorized' for url 'https://api.tradier.com/v1/markets/quotes?symbols=SOFI261009C00005000%2CSOFI261009C00009000%2CSOFI261009C00010000%2CSOFI261009C00011000%2CSOFI261009C00011500%2CSOFI261009C00012000%2CSOFI261009C00012500%2CSOFI261009C00013000%2CSOFI261009C00013500%2CSOFI261009C00014000%2CSOFI261009C00014500%2CSOFI261009C00015000%2CSOFI261009C00015500%2CSOFI261009C00016000%2CSOFI261009C00016500%2CSOFI261009C00017000%2CSOFI261009C00017500%2CSOFI261009C00018000%2CSOFI261009C00018500%2CSOFI261009C00019000%2CSOFI261009C00019500%2CSOFI261009C00020000%2CSOFI261009C00020500%2CSOFI261009C00021000%2CSOFI261009C00021500%2CSOFI261009C00022000%2CSOFI261009C00022500%2CSOFI261009C00023000%2CSOFI261009C00023500%2CSOFI261009C00024000%2CSOFI261009C00025000%2CSOFI261009C00030000%2CSOFI261009P00005000%2CSOFI261009P00009000%2CSOFI261009P00010000%2CSOFI261009P00011000%2CSOFI261009P00011500%2CSOFI261009P00012000%2CSOFI261009P00012500%2CSOFI261009P00013000%2CSOFI261009P00013500%2CSOFI261009P00014000%2CSOFI261009P00014500%2CSOFI261009P00015000%2CSOFI261009P00015500%2CSOFI261009P00016000%2CSOFI261009P00016500%2CSOFI261009P00017000%2CSOFI261009P00017500%2CSOFI261009P00018000&greeks=true'
For more information check: https://developer.mozilla.org/en-US/docs/Web/HTTP/Status/401
2026-10-06T10:17:15 | WARNING  | app.scanning.alpaca_confirmer | AlpacaConfirmer: cannot fetch chain for HOOD 2026-10-09: Client error '401 Unauthorized' for url 'https://api.tradier.com/v1/markets/quotes?symbols=HOOD261009C00025000%2CHOOD261009C00030000%2CHOOD261009C00035000%2CHOOD261009C00040000%2CHOOD261009C00045000%2CHOOD261009C00050000%2CHOOD261009C00055000%2CHOOD261009C00060000%2CHOOD261009C00065000%2CHOOD261009C00070000%2CHOOD261009C00075000%2CHOOD261009C00080000%2CHOOD261009C00085000%2CHOOD261009C00090000%2CHOOD261009C00091000%2CHOOD261009C00092000%2CHOOD261009C00093000%2CHOOD261009C00094000%2CHOOD261009C00095000%2CHOOD261009C00096000%2CHOOD261009C00097000%2CHOOD261009C00098000%2CHOOD261009C00099000%2CHOOD261009C00100000%2CHOOD261009C00101000%2CHOOD261009C00102000%2CHOOD261009C00103000%2CHOOD261009C00104000%2CHOOD261009C00105000%2CHOOD261009C00106000%2CHOOD261009C00107000%2CHOOD261009C00108000%2CHOOD261009C00109000%2CHOOD261009C00110000%2CHOOD261009C00111000%2CHOOD261009C00112000%2CHOOD261009C00113000%2CHOOD261009C00114000%2CHOOD261009C00115000%2CHOOD261009C00116000%2CHOOD261009C00117000%2CHOOD261009C00118000%2CHOOD261009C00119000%2CHOOD261009C00120000%2CHOOD261009C00121000%2CHOOD261009C00122000%2CHOOD261009C00123000%2CHOOD261009C00124000%2CHOOD261009C00125000%2CHOOD261009C00126000&greeks=true'
For more information check: https://developer.mozilla.org/en-US/docs/Web/HTTP/Status/401
2026-10-06T10:17:15 | WARNING  | app.scanning.alpaca_confirmer | AlpacaConfirmer: cannot fetch chain for AAPL 2026-10-09: Client error '401 Unauthorized' for url 'https://api.tradier.com/v1/markets/quotes?symbols=AAPL261009C00110000%2CAAPL261009C00120000%2CAAPL261009C00125000%2CAAPL261009C00130000%2CAAPL261009C00135000%2CAAPL261009C00140000%2CAAPL261009C00145000%2CAAPL261009C00150000%2CAAPL261009C00155000%2CAAPL261009C00160000%2CAAPL261009C00165000%2CAAPL261009C00170000%2CAAPL261009C00175000%2CAAPL261009C00180000%2CAAPL261009C00185000%2CAAPL261009C00190000%2CAAPL261009C00195000%2CAAPL261009C00200000%2CAAPL261009C00205000%2CAAPL261009C00210000%2CAAPL261009C00215000%2CAAPL261009C00220000%2CAAPL261009C00225000%2CAAPL261009C00230000%2CAAPL261009C00235000%2CAAPL261009C00240000%2CAAPL261009C00245000%2CAAPL261009C00250000%2CAAPL261009C00255000%2CAAPL261009C00260000%2CAAPL261009C00265000%2CAAPL261009C00270000%2CAAPL261009C00275000%2CAAPL261009C00280000%2CAAPL261009C00285000%2CAAPL261009C00290000%2CAAPL261009C00295000%2CAAPL261009C00300000%2CAAPL261009C00302500%2CAAPL261009C00305000%2CAAPL261009C00307500%2CAAPL261009C00310000%2CAAPL261009C00312500%2CAAPL261009C00315000%2CAAPL261009C00317500%2CAAPL261009C00320000%2CAAPL261009C00322500%2CAAPL261009C00325000%2CAAPL261009C00327500%2CAAPL261009C00330000&greeks=true'
For more information check: https://developer.mozilla.org/en-US/docs/Web/HTTP/Status/401
2026-10-06T10:17:15 | WARNING  | app.scanning.alpaca_confirmer | AlpacaConfirmer: cannot fetch chain for IWM 2026-10-08: Client error '401 Unauthorized' for url 'https://api.tradier.com/v1/markets/quotes?symbols=IWM261008C00180000%2CIWM261008C00190000%2CIWM261008C00200000%2CIWM261008C00205000%2CIWM261008C00210000%2CIWM261008C00215000%2CIWM261008C00220000%2CIWM261008C00225000%2CIWM261008C00230000%2CIWM261008C00235000%2CIWM261008C00240000%2CIWM261008C00245000%2CIWM261008C00250000%2CIWM261008C00255000%2CIWM261008C00260000%2CIWM261008C00261000%2CIWM261008C00262000%2CIWM261008C00263000%2CIWM261008C00264000%2CIWM261008C00265000%2CIWM261008C00266000%2CIWM261008C00267000%2CIWM261008C00268000%2CIWM261008C00269000%2CIWM261008C00270000%2CIWM261008C00271000%2CIWM261008C00272000%2CIWM261008C00273000%2CIWM261008C00274000%2CIWM261008C00275000%2CIWM261008C00276000%2CIWM261008C00277000%2CIWM261008C00278000%2CIWM261008C00279000%2CIWM261008C00280000%2CIWM261008C00281000%2CIWM261008C00282000%2CIWM261008C00283000%2CIWM261008C00284000%2CIWM261008C00285000%2CIWM261008C00286000%2CIWM261008C00287000%2CIWM261008C00288000%2CIWM261008C00289000%2CIWM261008C00290000%2CIWM261008C00291000%2CIWM261008C00292000%2CIWM261008C00293000%2CIWM261008C00294000%2CIWM261008C00295000&greeks=true'
For more information check: https://developer.mozilla.org/en-US/docs/Web/HTTP/Status/401
2026-10-06T10:17:15 | WARNING  | app.scanning.alpaca_confirmer | AlpacaConfirmer: cannot fetch chain for AVGO 2026-10-09: Client error '401 Unauthorized' for url 'https://api.tradier.com/v1/markets/quotes?symbols=AVGO261009C00210000%2CAVGO261009C00215000%2CAVGO261009C00220000%2CAVGO261009C00225000%2CAVGO261009C00230000%2CAVGO261009C00235000%2CAVGO261009C00240000%2CAVGO261009C00245000%2CAVGO261009C00250000%2CAVGO261009C00255000%2CAVGO261009C00260000%2CAVGO261009C00265000%2CAVGO261009C00270000%2CAVGO261009C00275000%2CAVGO261009C00280000%2CAVGO261009C00285000%2CAVGO261009C00290000%2CAVGO261009C00295000%2CAVGO261009C00300000%2CAVGO261009C00305000%2CAVGO261009C00310000%2CAVGO261009C00315000%2CAVGO261009C00317500%2CAVGO261009C00320000%2CAVGO261009C00322500%2CAVGO261009C00325000%2CAVGO261009C00327500%2CAVGO261009C00330000%2CAVGO261009C00332500%2CAVGO261009C00335000%2CAVGO261009C00337500%2CAVGO261009C00340000%2CAVGO261009C00342500%2CAVGO261009C00345000%2CAVGO261009C00347500%2CAVGO261009C00350000%2CAVGO261009C00352500%2CAVGO261009C00355000%2CAVGO261009C00357500%2CAVGO261009C00360000%2CAVGO261009C00362500%2CAVGO261009C00365000%2CAVGO261009C00367500%2CAVGO261009C00370000%2CAVGO261009C00372500%2CAVGO261009C00375000%2CAVGO261009C00377500%2CAVGO261009C00380000%2CAVGO261009C00382500%2CAVGO261009C00385000&greeks=true'
For more information check: https://developer.mozilla.org/en-US/docs/Web/HTTP/Status/401
2026-10-06T10:17:15 | INFO     | session_runner | AlpacaConfirmer: 0 confirmed symbols: []
2026-10-06T10:17:15 | WARNING  | session_runner | Re-scan returned no confirmed symbols — falling back to ['SPY']
2026-10-06T10:17:15 | INFO     | session_runner | Broad-market regime | SPY=long
2026-10-06T10:17:16 | INFO     | session_runner | [bridge:SPY] rsi_trend ready: sufficient bars
2026-10-06T10:17:16 | INFO     | session_runner | Stale signal: SPY/orb age=27 min > max 10 min — skipped
2026-10-06T10:17:16 | INFO     | session_runner | Stale signal: SPY/vwap_reclaim age=32 min > max 10 min — skipped
2026-10-06T10:17:46 | INFO     | session_runner | [cycle 92] 10:17:46 ET | positions=0 | entries=0
2026-10-06T10:17:46 | INFO     | session_runner | [bridge:SPY] rsi_trend ready: sufficient bars
2026-10-06T10:17:46 | INFO     | session_runner | Stale signal: SPY/orb age=28 min > max 10 min — skipped
2026-10-06T10:17:46 | INFO     | session_runner | Stale signal: SPY/vwap_reclaim age=33 min > max 10 min — skipped
2026-10-06T10:18:16 | INFO     | session_runner | [cycle 93] 10:18:16 ET | positions=0 | entries=0
2026-10-06T10:18:17 | INFO     | session_runner | [bridge:SPY] rsi_trend ready: sufficient bars
2026-10-06T10:18:17 | INFO     | session_runner | Stale signal: SPY/orb age=28 min > max 10 min — skipped
2026-10-06T10:18:17 | INFO     | session_runner | Stale signal: SPY/vwap_reclaim age=33 min > max 10 min — skipped
2026-10-06T10:18:47 | INFO     | session_runner | [cycle 94] 10:18:47 ET | positions=0 | entries=0
2026-10-06T10:18:47 | INFO     | session_runner | [bridge:SPY] rsi_trend ready: sufficient bars
2026-10-06T10:18:47 | INFO     | session_runner | Stale signal: SPY/orb age=29 min > max 10 min — skipped
2026-10-06T10:18:47 | INFO     | session_runner | Stale signal: SPY/vwap_reclaim age=34 min > max 10 min — skipped
2026-10-06T10:19:17 | INFO     | session_runner | [cycle 95] 10:19:17 ET | positions=0 | entries=0
2026-10-06T10:19:17 | INFO     | session_runner | [bridge:SPY] rsi_trend ready: sufficient bars
2026-10-06T10:19:17 | INFO     | session_runner | Stale signal: SPY/orb age=29 min > max 10 min — skipped
2026-10-06T10:19:17 | INFO     | session_runner | Stale signal: SPY/vwap_reclaim age=34 min > max 10 min — skipped
2026-10-06T10:19:48 | INFO     | session_runner | [cycle 96] 10:19:48 ET | positions=0 | entries=0
2026-10-06T10:19:48 | INFO     | session_runner | [bridge:SPY] rsi_trend ready: sufficient bars
2026-10-06T10:19:48 | INFO     | session_runner | Stale signal: SPY/orb age=30 min > max 10 min — skipped
2026-10-06T10:19:48 | INFO     | session_runner | Stale signal: SPY/vwap_reclaim age=35 min > max 10 min — skipped
2026-10-06T10:20:18 | INFO     | session_runner | [cycle 97] 10:20:18 ET | positions=0 | entries=0
2026-10-06T10:20:18 | INFO     | session_runner | [bridge:SPY] rsi_trend ready: sufficient bars
2026-10-06T10:20:18 | INFO     | session_runner | Stale signal: SPY/orb age=30 min > max 10 min — skipped
2026-10-06T10:20:18 | INFO     | session_runner | Stale signal: SPY/vwap_reclaim age=35 min > max 10 min — skipped
2026-10-06T10:20:48 | INFO     | session_runner | [cycle 98] 10:20:48 ET | positions=0 | entries=0
2026-10-06T10:20:48 | INFO     | session_runner | [bridge:SPY] rsi_trend ready: sufficient bars
2026-10-06T10:20:48 | INFO     | session_runner | Stale signal: SPY/orb age=31 min > max 10 min — skipped
2026-10-06T10:20:48 | INFO     | session_runner | Stale signal: SPY/vwap_reclaim age=36 min > max 10 min — skipped
2026-10-06T10:21:18 | INFO     | session_runner | [cycle 99] 10:21:18 ET | positions=0 | entries=0
2026-10-06T10:21:19 | INFO     | session_runner | [bridge:SPY] rsi_trend ready: sufficient bars
2026-10-06T10:21:19 | INFO     | session_runner | Stale signal: SPY/orb age=31 min > max 10 min — skipped
2026-10-06T10:21:19 | INFO     | session_runner | Stale signal: SPY/vwap_reclaim age=36 min > max 10 min — skipped
2026-10-06T10:21:49 | INFO     | session_runner | [cycle 100] 10:21:49 ET | positions=0 | entries=0
2026-10-06T10:21:49 | INFO     | session_runner | [bridge:SPY] rsi_trend ready: sufficient bars
2026-10-06T10:21:49 | INFO     | session_runner | Stale signal: SPY/orb age=32 min > max 10 min — skipped
2026-10-06T10:21:49 | INFO     | session_runner | Stale signal: SPY/vwap_reclaim age=37 min > max 10 min — skipped
2026-10-06T10:22:19 | INFO     | session_runner | [cycle 101] 10:22:19 ET | positions=0 | entries=0
2026-10-06T10:22:19 | INFO     | app.trading.reconciler | Reconciliation done: broker_pos=0 local_pos=0 broker_orders=0 local_pending=0 repaired=0 flagged=0 orders_confirmed=True positions_confirmed=True
2026-10-06T10:22:19 | INFO     | session_runner | Periodic universe re-scan …
2026-10-06T10:22:19 | INFO     | app.scanning.universe_loader | UniverseLoader: loaded 5 groups (13 flat symbols) from config/ticker_universe.yaml (blacklist=0)
2026-10-06T10:22:19 | INFO     | app.scanning.universe_loader | UniverseLoader: 38 symbols from 4 group(s) (blacklist=0)
2026-10-06T10:22:19 | INFO     | session_runner | Universe scan: 38 symbols from 4 group(s) | max_active=6
2026-10-06T10:22:24 | INFO     | session_runner | Scan: 21 passed, 17 rejected
2026-10-06T10:22:24 | INFO     | session_runner |   XLE     score=85.0  signal=LONG     reasons: rvol=1.77x (elevated), atr=1.82% (wide-range), orb_breakout
2026-10-06T10:22:24 | INFO     | session_runner |   AVGO    score=82.0  signal=LONG     reasons: rvol=2.69x (high), atr=2.84% (wide-range), orb_breakout
2026-10-06T10:22:24 | INFO     | session_runner |   IWM     score=78.0  signal=SHORT    reasons: rvol=1.79x (elevated), atr=1.28% (good range), orb_breakdown
2026-10-06T10:22:24 | INFO     | session_runner |   MSFT    score=75.0  signal=LONG     reasons: rvol=1.99x (elevated), atr=2.21% (wide-range), orb_breakout
2026-10-06T10:22:24 | INFO     | session_runner |   UBER    score=75.0  signal=SHORT    reasons: rvol=1.31x (normal), atr=2.20% (wide-range), orb_breakdown
2026-10-06T10:22:24 | WARNING  | app.scanning.alpaca_confirmer | AlpacaConfirmer: cannot fetch chain for IWM 2026-10-08: Client error '401 Unauthorized' for url 'https://api.tradier.com/v1/markets/quotes?symbols=IWM261008C00180000%2CIWM261008C00190000%2CIWM261008C00200000%2CIWM261008C00205000%2CIWM261008C00210000%2CIWM261008C00215000%2CIWM261008C00220000%2CIWM261008C00225000%2CIWM261008C00230000%2CIWM261008C00235000%2CIWM261008C00240000%2CIWM261008C00245000%2CIWM261008C00250000%2CIWM261008C00255000%2CIWM261008C00260000%2CIWM261008C00261000%2CIWM261008C00262000%2CIWM261008C00263000%2CIWM261008C00264000%2CIWM261008C00265000%2CIWM261008C00266000%2CIWM261008C00267000%2CIWM261008C00268000%2CIWM261008C00269000%2CIWM261008C00270000%2CIWM261008C00271000%2CIWM261008C00272000%2CIWM261008C00273000%2CIWM261008C00274000%2CIWM261008C00275000%2CIWM261008C00276000%2CIWM261008C00277000%2CIWM261008C00278000%2CIWM261008C00279000%2CIWM261008C00280000%2CIWM261008C00281000%2CIWM261008C00282000%2CIWM261008C00283000%2CIWM261008C00284000%2CIWM261008C00285000%2CIWM261008C00286000%2CIWM261008C00287000%2CIWM261008C00288000%2CIWM261008C00289000%2CIWM261008C00290000%2CIWM261008C00291000%2CIWM261008C00292000%2CIWM261008C00293000%2CIWM261008C00294000%2CIWM261008C00295000&greeks=true'
For more information check: https://developer.mozilla.org/en-US/docs/Web/HTTP/Status/401
2026-10-06T10:22:24 | WARNING  | app.scanning.alpaca_confirmer | AlpacaConfirmer: cannot fetch chain for AMZN 2026-10-09: Client error '401 Unauthorized' for url 'https://api.tradier.com/v1/markets/quotes?symbols=AMZN261009C00140000%2CAMZN261009C00145000%2CAMZN261009C00150000%2CAMZN261009C00155000%2CAMZN261009C00160000%2CAMZN261009C00165000%2CAMZN261009C00170000%2CAMZN261009C00175000%2CAMZN261009C00180000%2CAMZN261009C00185000%2CAMZN261009C00190000%2CAMZN261009C00195000%2CAMZN261009C00200000%2CAMZN261009C00205000%2CAMZN261009C00210000%2CAMZN261009C00215000%2CAMZN261009C00220000%2CAMZN261009C00222500%2CAMZN261009C00225000%2CAMZN261009C00227500%2CAMZN261009C00230000%2CAMZN261009C00232500%2CAMZN261009C00235000%2CAMZN261009C00237500%2CAMZN261009C00240000%2CAMZN261009C00242500%2CAMZN261009C00245000%2CAMZN261009C00247500%2CAMZN261009C00250000%2CAMZN261009C00252500%2CAMZN261009C00255000%2CAMZN261009C00257500%2CAMZN261009C00260000%2CAMZN261009C00262500%2CAMZN261009C00265000%2CAMZN261009C00267500%2CAMZN261009C00270000%2CAMZN261009C00272500%2CAMZN261009C00275000%2CAMZN261009C00277500%2CAMZN261009C00280000%2CAMZN261009C00285000%2CAMZN261009C00290000%2CAMZN261009C00295000%2CAMZN261009C00300000%2CAMZN261009C00305000%2CAMZN261009C00310000%2CAMZN261009C00315000%2CAMZN261009C00320000%2CAMZN261009C00325000&greeks=true'
For more information check: https://developer.mozilla.org/en-US/docs/Web/HTTP/Status/401
2026-10-06T10:22:24 | WARNING  | app.scanning.alpaca_confirmer | AlpacaConfirmer: cannot fetch chain for HOOD 2026-10-09: Client error '401 Unauthorized' for url 'https://api.tradier.com/v1/markets/quotes?symbols=HOOD261009C00025000%2CHOOD261009C00030000%2CHOOD261009C00035000%2CHOOD261009C00040000%2CHOOD261009C00045000%2CHOOD261009C00050000%2CHOOD261009C00055000%2CHOOD261009C00060000%2CHOOD261009C00065000%2CHOOD261009C00070000%2CHOOD261009C00075000%2CHOOD261009C00080000%2CHOOD261009C00085000%2CHOOD261009C00090000%2CHOOD261009C00091000%2CHOOD261009C00092000%2CHOOD261009C00093000%2CHOOD261009C00094000%2CHOOD261009C00095000%2CHOOD261009C00096000%2CHOOD261009C00097000%2CHOOD261009C00098000%2CHOOD261009C00099000%2CHOOD261009C00100000%2CHOOD261009C00101000%2CHOOD261009C00102000%2CHOOD261009C00103000%2CHOOD261009C00104000%2CHOOD261009C00105000%2CHOOD261009C00106000%2CHOOD261009C00107000%2CHOOD261009C00108000%2CHOOD261009C00109000%2CHOOD261009C00110000%2CHOOD261009C00111000%2CHOOD261009C00112000%2CHOOD261009C00113000%2CHOOD261009C00114000%2CHOOD261009C00115000%2CHOOD261009C00116000%2CHOOD261009C00117000%2CHOOD261009C00118000%2CHOOD261009C00119000%2CHOOD261009C00120000%2CHOOD261009C00121000%2CHOOD261009C00122000%2CHOOD261009C00123000%2CHOOD261009C00124000%2CHOOD261009C00125000%2CHOOD261009C00126000&greeks=true'
For more information check: https://developer.mozilla.org/en-US/docs/Web/HTTP/Status/401
2026-10-06T10:22:24 | WARNING  | app.scanning.alpaca_confirmer | AlpacaConfirmer: cannot fetch chain for UBER 2026-10-09: Client error '401 Unauthorized' for url 'https://api.tradier.com/v1/markets/quotes?symbols=UBER261009C00050000%2CUBER261009C00055000%2CUBER261009C00057000%2CUBER261009C00058000%2CUBER261009C00059000%2CUBER261009C00060000%2CUBER261009C00061000%2CUBER261009C00062000%2CUBER261009C00063000%2CUBER261009C00064000%2CUBER261009C00065000%2CUBER261009C00066000%2CUBER261009C00067000%2CUBER261009C00068000%2CUBER261009C00069000%2CUBER261009C00070000%2CUBER261009C00071000%2CUBER261009C00072000%2CUBER261009C00073000%2CUBER261009C00074000%2CUBER261009C00075000%2CUBER261009C00076000%2CUBER261009C00077000%2CUBER261009C00078000%2CUBER261009C00079000%2CUBER261009C00080000%2CUBER261009C00081000%2CUBER261009C00082000%2CUBER261009C00083000%2CUBER261009C00084000%2CUBER261009C00085000%2CUBER261009C00086000%2CUBER261009C00087000%2CUBER261009C00088000%2CUBER261009C00089000%2CUBER261009C00090000%2CUBER261009C00091000%2CUBER261009C00095000%2CUBER261009C00100000%2CUBER261009C00105000%2CUBER261009P00050000%2CUBER261009P00055000%2CUBER261009P00057000%2CUBER261009P00058000%2CUBER261009P00059000%2CUBER261009P00060000%2CUBER261009P00061000%2CUBER261009P00062000%2CUBER261009P00063000%2CUBER261009P00064000&greeks=true'
For more information check: https://developer.mozilla.org/en-US/docs/Web/HTTP/Status/401
2026-10-06T10:22:24 | WARNING  | app.scanning.alpaca_confirmer | AlpacaConfirmer: cannot fetch chain for AAPL 2026-10-09: Client error '401 Unauthorized' for url 'https://api.tradier.com/v1/markets/quotes?symbols=AAPL261009C00110000%2CAAPL261009C00120000%2CAAPL261009C00125000%2CAAPL261009C00130000%2CAAPL261009C00135000%2CAAPL261009C00140000%2CAAPL261009C00145000%2CAAPL261009C00150000%2CAAPL261009C00155000%2CAAPL261009C00160000%2CAAPL261009C00165000%2CAAPL261009C00170000%2CAAPL261009C00175000%2CAAPL261009C00180000%2CAAPL261009C00185000%2CAAPL261009C00190000%2CAAPL261009C00195000%2CAAPL261009C00200000%2CAAPL261009C00205000%2CAAPL261009C00210000%2CAAPL261009C00215000%2CAAPL261009C00220000%2CAAPL261009C00225000%2CAAPL261009C00230000%2CAAPL261009C00235000%2CAAPL261009C00240000%2CAAPL261009C00245000%2CAAPL261009C00250000%2CAAPL261009C00255000%2CAAPL261009C00260000%2CAAPL261009C00265000%2CAAPL261009C00270000%2CAAPL261009C00275000%2CAAPL261009C00280000%2CAAPL261009C00285000%2CAAPL261009C00290000%2CAAPL261009C00295000%2CAAPL261009C00300000%2CAAPL261009C00302500%2CAAPL261009C00305000%2CAAPL261009C00307500%2CAAPL261009C00310000%2CAAPL261009C00312500%2CAAPL261009C00315000%2CAAPL261009C00317500%2CAAPL261009C00320000%2CAAPL261009C00322500%2CAAPL261009C00325000%2CAAPL261009C00327500%2CAAPL261009C00330000&greeks=true'
For more information check: https://developer.mozilla.org/en-US/docs/Web/HTTP/Status/401
2026-10-06T10:22:24 | WARNING  | app.scanning.alpaca_confirmer | AlpacaConfirmer: cannot fetch chain for SOFI 2026-10-09: Client error '401 Unauthorized' for url 'https://api.tradier.com/v1/markets/quotes?symbols=SOFI261009C00005000%2CSOFI261009C00009000%2CSOFI261009C00010000%2CSOFI261009C00011000%2CSOFI261009C00011500%2CSOFI261009C00012000%2CSOFI261009C00012500%2CSOFI261009C00013000%2CSOFI261009C00013500%2CSOFI261009C00014000%2CSOFI261009C00014500%2CSOFI261009C00015000%2CSOFI261009C00015500%2CSOFI261009C00016000%2CSOFI261009C00016500%2CSOFI261009C00017000%2CSOFI261009C00017500%2CSOFI261009C00018000%2CSOFI261009C00018500%2CSOFI261009C00019000%2CSOFI261009C00019500%2CSOFI261009C00020000%2CSOFI261009C00020500%2CSOFI261009C00021000%2CSOFI261009C00021500%2CSOFI261009C00022000%2CSOFI261009C00022500%2CSOFI261009C00023000%2CSOFI261009C00023500%2CSOFI261009C00024000%2CSOFI261009C00025000%2CSOFI261009C00030000%2CSOFI261009P00005000%2CSOFI261009P00009000%2CSOFI261009P00010000%2CSOFI261009P00011000%2CSOFI261009P00011500%2CSOFI261009P00012000%2CSOFI261009P00012500%2CSOFI261009P00013000%2CSOFI261009P00013500%2CSOFI261009P00014000%2CSOFI261009P00014500%2CSOFI261009P00015000%2CSOFI261009P00015500%2CSOFI261009P00016000%2CSOFI261009P00016500%2CSOFI261009P00017000%2CSOFI261009P00017500%2CSOFI261009P00018000&greeks=true'
For more information check: https://developer.mozilla.org/en-US/docs/Web/HTTP/Status/401
2026-10-06T10:22:24 | WARNING  | app.scanning.alpaca_confirmer | AlpacaConfirmer: cannot fetch chain for MSFT 2026-10-09: Client error '401 Unauthorized' for url 'https://api.tradier.com/v1/markets/quotes?symbols=MSFT261009C00270000%2CMSFT261009C00280000%2CMSFT261009C00290000%2CMSFT261009C00300000%2CMSFT261009C00305000%2CMSFT261009C00310000%2CMSFT261009C00315000%2CMSFT261009C00320000%2CMSFT261009C00325000%2CMSFT261009C00330000%2CMSFT261009C00335000%2CMSFT261009C00340000%2CMSFT261009C00345000%2CMSFT261009C00350000%2CMSFT261009C00355000%2CMSFT261009C00360000%2CMSFT261009C00365000%2CMSFT261009C00370000%2CMSFT261009C00375000%2CMSFT261009C00380000%2CMSFT261009C00385000%2CMSFT261009C00390000%2CMSFT261009C00395000%2CMSFT261009C00400000%2CMSFT261009C00405000%2CMSFT261009C00410000%2CMSFT261009C00415000%2CMSFT261009C00420000%2CMSFT261009C00425000%2CMSFT261009C00430000%2CMSFT261009C00435000%2CMSFT261009C00440000%2CMSFT261009C00445000%2CMSFT261009C00450000%2CMSFT261009C00455000%2CMSFT261009C00457500%2CMSFT261009C00460000%2CMSFT261009C00462500%2CMSFT261009C00465000%2CMSFT261009C00467500%2CMSFT261009C00470000%2CMSFT261009C00472500%2CMSFT261009C00475000%2CMSFT261009C00477500%2CMSFT261009C00480000%2CMSFT261009C00482500%2CMSFT261009C00485000%2CMSFT261009C00487500%2CMSFT261009C00490000%2CMSFT261009C00492500&greeks=true'
For more information check: https://developer.mozilla.org/en-US/docs/Web/HTTP/Status/401
2026-10-06T10:22:24 | WARNING  | app.scanning.alpaca_confirmer | AlpacaConfirmer: cannot fetch chain for NVDA 2026-10-09: Client error '401 Unauthorized' for url 'https://api.tradier.com/v1/markets/quotes?symbols=NVDA261009C00050000%2CNVDA261009C00055000%2CNVDA261009C00060000%2CNVDA261009C00065000%2CNVDA261009C00070000%2CNVDA261009C00075000%2CNVDA261009C00080000%2CNVDA261009C00085000%2CNVDA261009C00090000%2CNVDA261009C00095000%2CNVDA261009C00100000%2CNVDA261009C00105000%2CNVDA261009C00110000%2CNVDA261009C00115000%2CNVDA261009C00120000%2CNVDA261009C00125000%2CNVDA261009C00130000%2CNVDA261009C00135000%2CNVDA261009C00140000%2CNVDA261009C00145000%2CNVDA261009C00150000%2CNVDA261009C00155000%2CNVDA261009C00160000%2CNVDA261009C00165000%2CNVDA261009C00170000%2CNVDA261009C00175000%2CNVDA261009C00180000%2CNVDA261009C00185000%2CNVDA261009C00190000%2CNVDA261009C00195000%2CNVDA261009C00197500%2CNVDA261009C00200000%2CNVDA261009C00202500%2CNVDA261009C00205000%2CNVDA261009C00207500%2CNVDA261009C00210000%2CNVDA261009C00212500%2CNVDA261009C00215000%2CNVDA261009C00217500%2CNVDA261009C00220000%2CNVDA261009C00222500%2CNVDA261009C00225000%2CNVDA261009C00227500%2CNVDA261009C00230000%2CNVDA261009C00232500%2CNVDA261009C00235000%2CNVDA261009C00237500%2CNVDA261009C00240000%2CNVDA261009C00242500%2CNVDA261009C00245000&greeks=true'
For more information check: https://developer.mozilla.org/en-US/docs/Web/HTTP/Status/401
2026-10-06T10:22:24 | WARNING  | app.scanning.alpaca_confirmer | AlpacaConfirmer: cannot fetch chain for AVGO 2026-10-09: Client error '401 Unauthorized' for url 'https://api.tradier.com/v1/markets/quotes?symbols=AVGO261009C00210000%2CAVGO261009C00215000%2CAVGO261009C00220000%2CAVGO261009C00225000%2CAVGO261009C00230000%2CAVGO261009C00235000%2CAVGO261009C00240000%2CAVGO261009C00245000%2CAVGO261009C00250000%2CAVGO261009C00255000%2CAVGO261009C00260000%2CAVGO261009C00265000%2CAVGO261009C00270000%2CAVGO261009C00275000%2CAVGO261009C00280000%2CAVGO261009C00285000%2CAVGO261009C00290000%2CAVGO261009C00295000%2CAVGO261009C00300000%2CAVGO261009C00305000%2CAVGO261009C00310000%2CAVGO261009C00315000%2CAVGO261009C00317500%2CAVGO261009C00320000%2CAVGO261009C00322500%2CAVGO261009C00325000%2CAVGO261009C00327500%2CAVGO261009C00330000%2CAVGO261009C00332500%2CAVGO261009C00335000%2CAVGO261009C00337500%2CAVGO261009C00340000%2CAVGO261009C00342500%2CAVGO261009C00345000%2CAVGO261009C00347500%2CAVGO261009C00350000%2CAVGO261009C00352500%2CAVGO261009C00355000%2CAVGO261009C00357500%2CAVGO261009C00360000%2CAVGO261009C00362500%2CAVGO261009C00365000%2CAVGO261009C00367500%2CAVGO261009C00370000%2CAVGO261009C00372500%2CAVGO261009C00375000%2CAVGO261009C00377500%2CAVGO261009C00380000%2CAVGO261009C00382500%2CAVGO261009C00385000&greeks=true'
For more information check: https://developer.mozilla.org/en-US/docs/Web/HTTP/Status/401
2026-10-06T10:22:24 | WARNING  | app.scanning.alpaca_confirmer | AlpacaConfirmer: cannot fetch chain for META 2026-10-09: Client error '401 Unauthorized' for url 'https://api.tradier.com/v1/markets/quotes?symbols=META261009C00100000%2CMETA261009C00110000%2CMETA261009C00120000%2CMETA261009C00130000%2CMETA261009C00140000%2CMETA261009C00150000%2CMETA261009C00160000%2CMETA261009C00170000%2CMETA261009C00180000%2CMETA261009C00190000%2CMETA261009C00200000%2CMETA261009C00210000%2CMETA261009C00220000%2CMETA261009C00230000%2CMETA261009C00240000%2CMETA261009C00250000%2CMETA261009C00260000%2CMETA261009C00270000%2CMETA261009C00280000%2CMETA261009C00290000%2CMETA261009C00300000%2CMETA261009C00310000%2CMETA261009C00320000%2CMETA261009C00330000%2CMETA261009C00340000%2CMETA261009C00350000%2CMETA261009C00360000%2CMETA261009C00370000%2CMETA261009C00380000%2CMETA261009C00390000%2CMETA261009C00400000%2CMETA261009C00405000%2CMETA261009C00410000%2CMETA261009C00415000%2CMETA261009C00420000%2CMETA261009C00425000%2CMETA261009C00430000%2CMETA261009C00435000%2CMETA261009C00440000%2CMETA261009C00445000%2CMETA261009C00450000%2CMETA261009C00455000%2CMETA261009C00460000%2CMETA261009C00465000%2CMETA261009C00470000%2CMETA261009C00475000%2CMETA261009C00480000%2CMETA261009C00485000%2CMETA261009C00490000%2CMETA261009C00495000&greeks=true'
For more information check: https://developer.mozilla.org/en-US/docs/Web/HTTP/Status/401
2026-10-06T10:22:24 | WARNING  | app.scanning.alpaca_confirmer | AlpacaConfirmer: cannot fetch chain for RIVN 2026-10-09: Client error '401 Unauthorized' for url 'https://api.tradier.com/v1/markets/quotes?symbols=RIVN261009C00005000%2CRIVN261009C00009000%2CRIVN261009C00010000%2CRIVN261009C00010500%2CRIVN261009C00011000%2CRIVN261009C00011500%2CRIVN261009C00012000%2CRIVN261009C00012500%2CRIVN261009C00013000%2CRIVN261009C00013500%2CRIVN261009C00014000%2CRIVN261009C00014500%2CRIVN261009C00015000%2CRIVN261009C00015500%2CRIVN261009C00016000%2CRIVN261009C00016500%2CRIVN261009C00017000%2CRIVN261009C00017500%2CRIVN261009C00018000%2CRIVN261009C00018500%2CRIVN261009C00019000%2CRIVN261009C00019500%2CRIVN261009C00020000%2CRIVN261009C00020500%2CRIVN261009C00021000%2CRIVN261009C00021500%2CRIVN261009C00022000%2CRIVN261009C00023000%2CRIVN261009C00024000%2CRIVN261009C00025000%2CRIVN261009C00030000%2CRIVN261009P00005000%2CRIVN261009P00009000%2CRIVN261009P00010000%2CRIVN261009P00010500%2CRIVN261009P00011000%2CRIVN261009P00011500%2CRIVN261009P00012000%2CRIVN261009P00012500%2CRIVN261009P00013000%2CRIVN261009P00013500%2CRIVN261009P00014000%2CRIVN261009P00014500%2CRIVN261009P00015000%2CRIVN261009P00015500%2CRIVN261009P00016000%2CRIVN261009P00016500%2CRIVN261009P00017000%2CRIVN261009P00017500%2CRIVN261009P00018000&greeks=true'
For more information check: https://developer.mozilla.org/en-US/docs/Web/HTTP/Status/401
2026-10-06T10:22:24 | WARNING  | app.scanning.alpaca_confirmer | AlpacaConfirmer: cannot fetch chain for XLE 2026-10-09: Client error '401 Unauthorized' for url 'https://api.tradier.com/v1/markets/quotes?symbols=XLE261009C00035000%2CXLE261009C00040000%2CXLE261009C00045000%2CXLE261009C00050000%2CXLE261009C00051000%2CXLE261009C00052000%2CXLE261009C00053000%2CXLE261009C00054000%2CXLE261009C00055000%2CXLE261009C00056000%2CXLE261009C00056500%2CXLE261009C00057000%2CXLE261009C00057500%2CXLE261009C00058000%2CXLE261009C00058500%2CXLE261009C00059000%2CXLE261009C00059500%2CXLE261009C00060000%2CXLE261009C00060500%2CXLE261009C00061000%2CXLE261009C00061500%2CXLE261009C00062000%2CXLE261009C00062500%2CXLE261009C00063000%2CXLE261009C00063500%2CXLE261009C00064000%2CXLE261009C00064500%2CXLE261009C00065000%2CXLE261009C00065500%2CXLE261009C00066000%2CXLE261009C00066500%2CXLE261009C00067000%2CXLE261009C00067500%2CXLE261009C00068000%2CXLE261009C00068500%2CXLE261009C00069000%2CXLE261009C00070000%2CXLE261009C00071000%2CXLE261009C00075000%2CXLE261009C00080000%2CXLE261009P00035000%2CXLE261009P00040000%2CXLE261009P00045000%2CXLE261009P00050000%2CXLE261009P00051000%2CXLE261009P00052000%2CXLE261009P00053000%2CXLE261009P00054000%2CXLE261009P00055000%2CXLE261009P00056000&greeks=true'
For more information check: https://developer.mozilla.org/en-US/docs/Web/HTTP/Status/401
2026-10-06T10:22:24 | INFO     | session_runner | AlpacaConfirmer: 0 confirmed symbols: []
2026-10-06T10:22:24 | WARNING  | session_runner | Re-scan returned no confirmed symbols — falling back to ['SPY']
2026-10-06T10:22:25 | INFO     | session_runner | Broad-market regime | SPY=long
2026-10-06T10:22:25 | INFO     | session_runner | [bridge:SPY] rsi_trend ready: sufficient bars
2026-10-06T10:22:25 | INFO     | session_runner | Stale signal: SPY/orb age=32 min > max 10 min — skipped
2026-10-06T10:22:25 | INFO     | session_runner | Stale signal: SPY/vwap_reclaim age=37 min > max 10 min — skipped
2026-10-06T10:22:55 | INFO     | session_runner | [cycle 102] 10:22:55 ET | positions=0 | entries=0
2026-10-06T10:22:55 | INFO     | session_runner | [bridge:SPY] rsi_trend ready: sufficient bars
2026-10-06T10:22:55 | INFO     | session_runner | Stale signal: SPY/orb age=33 min > max 10 min — skipped
2026-10-06T10:22:55 | INFO     | session_runner | Stale signal: SPY/vwap_reclaim age=38 min > max 10 min — skipped
2026-10-06T10:23:25 | INFO     | session_runner | [cycle 103] 10:23:25 ET | positions=0 | entries=0
2026-10-06T10:23:25 | INFO     | session_runner | [bridge:SPY] rsi_trend ready: sufficient bars
2026-10-06T10:23:25 | INFO     | session_runner | Stale signal: SPY/orb age=33 min > max 10 min — skipped
2026-10-06T10:23:25 | INFO     | session_runner | Stale signal: SPY/vwap_reclaim age=38 min > max 10 min — skipped
2026-10-06T10:23:55 | INFO     | session_runner | [cycle 104] 10:23:55 ET | positions=0 | entries=0
2026-10-06T10:23:56 | INFO     | session_runner | [bridge:SPY] rsi_trend ready: sufficient bars
2026-10-06T10:23:56 | INFO     | session_runner | Stale signal: SPY/orb age=34 min > max 10 min — skipped
2026-10-06T10:23:56 | INFO     | session_runner | Stale signal: SPY/vwap_reclaim age=39 min > max 10 min — skipped
2026-10-06T10:24:26 | INFO     | session_runner | [cycle 105] 10:24:26 ET | positions=0 | entries=0
2026-10-06T10:24:26 | INFO     | session_runner | [bridge:SPY] rsi_trend ready: sufficient bars
2026-10-06T10:24:26 | INFO     | session_runner | Stale signal: SPY/orb age=34 min > max 10 min — skipped
2026-10-06T10:24:26 | INFO     | session_runner | Stale signal: SPY/vwap_reclaim age=39 min > max 10 min — skipped
2026-10-06T10:24:56 | INFO     | session_runner | [cycle 106] 10:24:56 ET | positions=0 | entries=0
2026-10-06T10:24:56 | INFO     | session_runner | [bridge:SPY] rsi_trend ready: sufficient bars
2026-10-06T10:24:56 | INFO     | session_runner | Stale signal: SPY/orb age=35 min > max 10 min — skipped
2026-10-06T10:24:56 | INFO     | session_runner | Stale signal: SPY/vwap_reclaim age=40 min > max 10 min — skipped
2026-10-06T10:25:26 | INFO     | session_runner | [cycle 107] 10:25:26 ET | positions=0 | entries=0
2026-10-06T10:25:27 | INFO     | session_runner | [bridge:SPY] rsi_trend ready: sufficient bars
2026-10-06T10:25:27 | INFO     | session_runner | Stale signal: SPY/orb age=35 min > max 10 min — skipped
2026-10-06T10:25:27 | INFO     | session_runner | Stale signal: SPY/vwap_reclaim age=40 min > max 10 min — skipped
2026-10-06T10:25:57 | INFO     | session_runner | [cycle 108] 10:25:57 ET | positions=0 | entries=0
2026-10-06T10:25:57 | INFO     | session_runner | [bridge:SPY] rsi_trend ready: sufficient bars
2026-10-06T10:25:57 | INFO     | session_runner | Stale signal: SPY/orb age=36 min > max 10 min — skipped
2026-10-06T10:25:57 | INFO     | session_runner | Stale signal: SPY/vwap_reclaim age=41 min > max 10 min — skipped
2026-10-06T10:26:27 | INFO     | session_runner | [cycle 109] 10:26:27 ET | positions=0 | entries=0
2026-10-06T10:26:28 | INFO     | session_runner | [bridge:SPY] rsi_trend ready: sufficient bars
2026-10-06T10:26:28 | INFO     | session_runner | Stale signal: SPY/orb age=36 min > max 10 min — skipped
2026-10-06T10:26:28 | INFO     | session_runner | Stale signal: SPY/vwap_reclaim age=41 min > max 10 min — skipped
2026-10-06T10:26:58 | INFO     | session_runner | [cycle 110] 10:26:58 ET | positions=0 | entries=0
2026-10-06T10:26:58 | INFO     | session_runner | [bridge:SPY] rsi_trend ready: sufficient bars
2026-10-06T10:26:58 | INFO     | session_runner | Stale signal: SPY/orb age=37 min > max 10 min — skipped
2026-10-06T10:26:58 | INFO     | session_runner | Stale signal: SPY/vwap_reclaim age=42 min > max 10 min — skipped
2026-10-06T10:27:28 | INFO     | session_runner | [cycle 111] 10:27:28 ET | positions=0 | entries=0
2026-10-06T10:27:28 | INFO     | session_runner | Periodic universe re-scan …
2026-10-06T10:27:28 | INFO     | app.scanning.universe_loader | UniverseLoader: loaded 5 groups (13 flat symbols) from config/ticker_universe.yaml (blacklist=0)
2026-10-06T10:27:28 | INFO     | app.scanning.universe_loader | UniverseLoader: 38 symbols from 4 group(s) (blacklist=0)
2026-10-06T10:27:28 | INFO     | session_runner | Universe scan: 38 symbols from 4 group(s) | max_active=6
2026-10-06T10:27:32 | INFO     | session_runner | Scan: 21 passed, 17 rejected
2026-10-06T10:27:32 | INFO     | session_runner |   XLE     score=85.0  signal=LONG     reasons: rvol=1.67x (elevated), atr=1.82% (wide-range), orb_breakout
2026-10-06T10:27:32 | INFO     | session_runner |   AVGO    score=82.0  signal=LONG     reasons: rvol=2.73x (high), atr=2.84% (wide-range), orb_breakout
2026-10-06T10:27:32 | INFO     | session_runner |   IWM     score=78.0  signal=SHORT    reasons: rvol=1.78x (elevated), atr=1.28% (good range), orb_breakdown
2026-10-06T10:27:32 | INFO     | session_runner |   AAPL    score=75.0  signal=LONG     reasons: rvol=1.08x (normal), atr=1.84% (wide-range), orb_breakout
2026-10-06T10:27:32 | INFO     | session_runner |   MSFT    score=75.0  signal=LONG     reasons: rvol=1.92x (elevated), atr=2.21% (wide-range), orb_breakout
2026-10-06T10:27:33 | WARNING  | app.scanning.alpaca_confirmer | AlpacaConfirmer: cannot fetch chain for MSFT 2026-10-09: Client error '401 Unauthorized' for url 'https://api.tradier.com/v1/markets/quotes?symbols=MSFT261009C00270000%2CMSFT261009C00280000%2CMSFT261009C00290000%2CMSFT261009C00300000%2CMSFT261009C00305000%2CMSFT261009C00310000%2CMSFT261009C00315000%2CMSFT261009C00320000%2CMSFT261009C00325000%2CMSFT261009C00330000%2CMSFT261009C00335000%2CMSFT261009C00340000%2CMSFT261009C00345000%2CMSFT261009C00350000%2CMSFT261009C00355000%2CMSFT261009C00360000%2CMSFT261009C00365000%2CMSFT261009C00370000%2CMSFT261009C00375000%2CMSFT261009C00380000%2CMSFT261009C00385000%2CMSFT261009C00390000%2CMSFT261009C00395000%2CMSFT261009C00400000%2CMSFT261009C00405000%2CMSFT261009C00410000%2CMSFT261009C00415000%2CMSFT261009C00420000%2CMSFT261009C00425000%2CMSFT261009C00430000%2CMSFT261009C00435000%2CMSFT261009C00440000%2CMSFT261009C00445000%2CMSFT261009C00450000%2CMSFT261009C00455000%2CMSFT261009C00457500%2CMSFT261009C00460000%2CMSFT261009C00462500%2CMSFT261009C00465000%2CMSFT261009C00467500%2CMSFT261009C00470000%2CMSFT261009C00472500%2CMSFT261009C00475000%2CMSFT261009C00477500%2CMSFT261009C00480000%2CMSFT261009C00482500%2CMSFT261009C00485000%2CMSFT261009C00487500%2CMSFT261009C00490000%2CMSFT261009C00492500&greeks=true'
For more information check: https://developer.mozilla.org/en-US/docs/Web/HTTP/Status/401
2026-10-06T10:27:33 | WARNING  | app.scanning.alpaca_confirmer | AlpacaConfirmer: cannot fetch chain for AMD 2026-10-09: Client error '401 Unauthorized' for url 'https://api.tradier.com/v1/markets/quotes?symbols=AMD261009C00040000%2CAMD261009C00045000%2CAMD261009C00050000%2CAMD261009C00055000%2CAMD261009C00060000%2CAMD261009C00065000%2CAMD261009C00070000%2CAMD261009C00075000%2CAMD261009C00080000%2CAMD261009C00085000%2CAMD261009C00090000%2CAMD261009C00095000%2CAMD261009C00100000%2CAMD261009C00105000%2CAMD261009C00110000%2CAMD261009C00115000%2CAMD261009C00120000%2CAMD261009C00125000%2CAMD261009C00130000%2CAMD261009C00135000%2CAMD261009C00140000%2CAMD261009C00145000%2CAMD261009C00150000%2CAMD261009C00155000%2CAMD261009C00160000%2CAMD261009C00165000%2CAMD261009C00170000%2CAMD261009C00175000%2CAMD261009C00180000%2CAMD261009C00185000%2CAMD261009C00190000%2CAMD261009C00195000%2CAMD261009C00200000%2CAMD261009C00205000%2CAMD261009C00210000%2CAMD261009C00215000%2CAMD261009C00220000%2CAMD261009C00225000%2CAMD261009C00230000%2CAMD261009C00235000%2CAMD261009C00240000%2CAMD261009C00245000%2CAMD261009C00250000%2CAMD261009C00255000%2CAMD261009C00260000%2CAMD261009C00265000%2CAMD261009C00270000%2CAMD261009C00275000%2CAMD261009C00280000%2CAMD261009C00285000&greeks=true'
For more information check: https://developer.mozilla.org/en-US/docs/Web/HTTP/Status/401
2026-10-06T10:27:33 | WARNING  | app.scanning.alpaca_confirmer | AlpacaConfirmer: cannot fetch chain for DKNG 2026-10-09: Client error '401 Unauthorized' for url 'https://api.tradier.com/v1/markets/quotes?symbols=DKNG261009C00010000%2CDKNG261009C00011000%2CDKNG261009C00012000%2CDKNG261009C00013000%2CDKNG261009C00014000%2CDKNG261009C00015000%2CDKNG261009C00016000%2CDKNG261009C00017000%2CDKNG261009C00018000%2CDKNG261009C00018500%2CDKNG261009C00019000%2CDKNG261009C00019500%2CDKNG261009C00020000%2CDKNG261009C00020500%2CDKNG261009C00021000%2CDKNG261009C00021500%2CDKNG261009C00022000%2CDKNG261009C00022500%2CDKNG261009C00023000%2CDKNG261009C00023500%2CDKNG261009C00024000%2CDKNG261009C00024500%2CDKNG261009C00025000%2CDKNG261009C00025500%2CDKNG261009C00026000%2CDKNG261009C00026500%2CDKNG261009C00027000%2CDKNG261009C00027500%2CDKNG261009C00028000%2CDKNG261009C00028500%2CDKNG261009C00029000%2CDKNG261009C00030000%2CDKNG261009C00031000%2CDKNG261009C00032000%2CDKNG261009C00033000%2CDKNG261009C00034000%2CDKNG261009C00035000%2CDKNG261009P00010000%2CDKNG261009P00011000%2CDKNG261009P00012000%2CDKNG261009P00013000%2CDKNG261009P00014000%2CDKNG261009P00015000%2CDKNG261009P00016000%2CDKNG261009P00017000%2CDKNG261009P00018000%2CDKNG261009P00018500%2CDKNG261009P00019000%2CDKNG261009P00019500%2CDKNG261009P00020000&greeks=true'
For more information check: https://developer.mozilla.org/en-US/docs/Web/HTTP/Status/401
2026-10-06T10:27:33 | WARNING  | app.scanning.alpaca_confirmer | AlpacaConfirmer: cannot fetch chain for XLE 2026-10-09: Client error '401 Unauthorized' for url 'https://api.tradier.com/v1/markets/quotes?symbols=XLE261009C00035000%2CXLE261009C00040000%2CXLE261009C00045000%2CXLE261009C00050000%2CXLE261009C00051000%2CXLE261009C00052000%2CXLE261009C00053000%2CXLE261009C00054000%2CXLE261009C00055000%2CXLE261009C00056000%2CXLE261009C00056500%2CXLE261009C00057000%2CXLE261009C00057500%2CXLE261009C00058000%2CXLE261009C00058500%2CXLE261009C00059000%2CXLE261009C00059500%2CXLE261009C00060000%2CXLE261009C00060500%2CXLE261009C00061000%2CXLE261009C00061500%2CXLE261009C00062000%2CXLE261009C00062500%2CXLE261009C00063000%2CXLE261009C00063500%2CXLE261009C00064000%2CXLE261009C00064500%2CXLE261009C00065000%2CXLE261009C00065500%2CXLE261009C00066000%2CXLE261009C00066500%2CXLE261009C00067000%2CXLE261009C00067500%2CXLE261009C00068000%2CXLE261009C00068500%2CXLE261009C00069000%2CXLE261009C00070000%2CXLE261009C00071000%2CXLE261009C00075000%2CXLE261009C00080000%2CXLE261009P00035000%2CXLE261009P00040000%2CXLE261009P00045000%2CXLE261009P00050000%2CXLE261009P00051000%2CXLE261009P00052000%2CXLE261009P00053000%2CXLE261009P00054000%2CXLE261009P00055000%2CXLE261009P00056000&greeks=true'
For more information check: https://developer.mozilla.org/en-US/docs/Web/HTTP/Status/401
2026-10-06T10:27:33 | WARNING  | app.scanning.alpaca_confirmer | AlpacaConfirmer: cannot fetch chain for AMZN 2026-10-09: Client error '401 Unauthorized' for url 'https://api.tradier.com/v1/markets/quotes?symbols=AMZN261009C00140000%2CAMZN261009C00145000%2CAMZN261009C00150000%2CAMZN261009C00155000%2CAMZN261009C00160000%2CAMZN261009C00165000%2CAMZN261009C00170000%2CAMZN261009C00175000%2CAMZN261009C00180000%2CAMZN261009C00185000%2CAMZN261009C00190000%2CAMZN261009C00195000%2CAMZN261009C00200000%2CAMZN261009C00205000%2CAMZN261009C00210000%2CAMZN261009C00215000%2CAMZN261009C00220000%2CAMZN261009C00222500%2CAMZN261009C00225000%2CAMZN261009C00227500%2CAMZN261009C00230000%2CAMZN261009C00232500%2CAMZN261009C00235000%2CAMZN261009C00237500%2CAMZN261009C00240000%2CAMZN261009C00242500%2CAMZN261009C00245000%2CAMZN261009C00247500%2CAMZN261009C00250000%2CAMZN261009C00252500%2CAMZN261009C00255000%2CAMZN261009C00257500%2CAMZN261009C00260000%2CAMZN261009C00262500%2CAMZN261009C00265000%2CAMZN261009C00267500%2CAMZN261009C00270000%2CAMZN261009C00272500%2CAMZN261009C00275000%2CAMZN261009C00277500%2CAMZN261009C00280000%2CAMZN261009C00285000%2CAMZN261009C00290000%2CAMZN261009C00295000%2CAMZN261009C00300000%2CAMZN261009C00305000%2CAMZN261009C00310000%2CAMZN261009C00315000%2CAMZN261009C00320000%2CAMZN261009C00325000&greeks=true'
For more information check: https://developer.mozilla.org/en-US/docs/Web/HTTP/Status/401
2026-10-06T10:27:33 | WARNING  | app.scanning.alpaca_confirmer | AlpacaConfirmer: cannot fetch chain for UBER 2026-10-09: Client error '401 Unauthorized' for url 'https://api.tradier.com/v1/markets/quotes?symbols=UBER261009C00050000%2CUBER261009C00055000%2CUBER261009C00057000%2CUBER261009C00058000%2CUBER261009C00059000%2CUBER261009C00060000%2CUBER261009C00061000%2CUBER261009C00062000%2CUBER261009C00063000%2CUBER261009C00064000%2CUBER261009C00065000%2CUBER261009C00066000%2CUBER261009C00067000%2CUBER261009C00068000%2CUBER261009C00069000%2CUBER261009C00070000%2CUBER261009C00071000%2CUBER261009C00072000%2CUBER261009C00073000%2CUBER261009C00074000%2CUBER261009C00075000%2CUBER261009C00076000%2CUBER261009C00077000%2CUBER261009C00078000%2CUBER261009C00079000%2CUBER261009C00080000%2CUBER261009C00081000%2CUBER261009C00082000%2CUBER261009C00083000%2CUBER261009C00084000%2CUBER261009C00085000%2CUBER261009C00086000%2CUBER261009C00087000%2CUBER261009C00088000%2CUBER261009C00089000%2CUBER261009C00090000%2CUBER261009C00091000%2CUBER261009C00095000%2CUBER261009C00100000%2CUBER261009C00105000%2CUBER261009P00050000%2CUBER261009P00055000%2CUBER261009P00057000%2CUBER261009P00058000%2CUBER261009P00059000%2CUBER261009P00060000%2CUBER261009P00061000%2CUBER261009P00062000%2CUBER261009P00063000%2CUBER261009P00064000&greeks=true'
For more information check: https://developer.mozilla.org/en-US/docs/Web/HTTP/Status/401
2026-10-06T10:27:33 | WARNING  | app.scanning.alpaca_confirmer | AlpacaConfirmer: cannot fetch chain for RIVN 2026-10-09: Client error '401 Unauthorized' for url 'https://api.tradier.com/v1/markets/quotes?symbols=RIVN261009C00005000%2CRIVN261009C00009000%2CRIVN261009C00010000%2CRIVN261009C00010500%2CRIVN261009C00011000%2CRIVN261009C00011500%2CRIVN261009C00012000%2CRIVN261009C00012500%2CRIVN261009C00013000%2CRIVN261009C00013500%2CRIVN261009C00014000%2CRIVN261009C00014500%2CRIVN261009C00015000%2CRIVN261009C00015500%2CRIVN261009C00016000%2CRIVN261009C00016500%2CRIVN261009C00017000%2CRIVN261009C00017500%2CRIVN261009C00018000%2CRIVN261009C00018500%2CRIVN261009C00019000%2CRIVN261009C00019500%2CRIVN261009C00020000%2CRIVN261009C00020500%2CRIVN261009C00021000%2CRIVN261009C00021500%2CRIVN261009C00022000%2CRIVN261009C00023000%2CRIVN261009C00024000%2CRIVN261009C00025000%2CRIVN261009C00030000%2CRIVN261009P00005000%2CRIVN261009P00009000%2CRIVN261009P00010000%2CRIVN261009P00010500%2CRIVN261009P00011000%2CRIVN261009P00011500%2CRIVN261009P00012000%2CRIVN261009P00012500%2CRIVN261009P00013000%2CRIVN261009P00013500%2CRIVN261009P00014000%2CRIVN261009P00014500%2CRIVN261009P00015000%2CRIVN261009P00015500%2CRIVN261009P00016000%2CRIVN261009P00016500%2CRIVN261009P00017000%2CRIVN261009P00017500%2CRIVN261009P00018000&greeks=true'
For more information check: https://developer.mozilla.org/en-US/docs/Web/HTTP/Status/401
2026-10-06T10:27:33 | WARNING  | app.scanning.alpaca_confirmer | AlpacaConfirmer: cannot fetch chain for IWM 2026-10-08: Client error '401 Unauthorized' for url 'https://api.tradier.com/v1/markets/quotes?symbols=IWM261008C00180000%2CIWM261008C00190000%2CIWM261008C00200000%2CIWM261008C00205000%2CIWM261008C00210000%2CIWM261008C00215000%2CIWM261008C00220000%2CIWM261008C00225000%2CIWM261008C00230000%2CIWM261008C00235000%2CIWM261008C00240000%2CIWM261008C00245000%2CIWM261008C00250000%2CIWM261008C00255000%2CIWM261008C00260000%2CIWM261008C00261000%2CIWM261008C00262000%2CIWM261008C00263000%2CIWM261008C00264000%2CIWM261008C00265000%2CIWM261008C00266000%2CIWM261008C00267000%2CIWM261008C00268000%2CIWM261008C00269000%2CIWM261008C00270000%2CIWM261008C00271000%2CIWM261008C00272000%2CIWM261008C00273000%2CIWM261008C00274000%2CIWM261008C00275000%2CIWM261008C00276000%2CIWM261008C00277000%2CIWM261008C00278000%2CIWM261008C00279000%2CIWM261008C00280000%2CIWM261008C00281000%2CIWM261008C00282000%2CIWM261008C00283000%2CIWM261008C00284000%2CIWM261008C00285000%2CIWM261008C00286000%2CIWM261008C00287000%2CIWM261008C00288000%2CIWM261008C00289000%2CIWM261008C00290000%2CIWM261008C00291000%2CIWM261008C00292000%2CIWM261008C00293000%2CIWM261008C00294000%2CIWM261008C00295000&greeks=true'
For more information check: https://developer.mozilla.org/en-US/docs/Web/HTTP/Status/401
2026-10-06T10:27:33 | WARNING  | app.scanning.alpaca_confirmer | AlpacaConfirmer: cannot fetch chain for AVGO 2026-10-09: Client error '401 Unauthorized' for url 'https://api.tradier.com/v1/markets/quotes?symbols=AVGO261009C00210000%2CAVGO261009C00215000%2CAVGO261009C00220000%2CAVGO261009C00225000%2CAVGO261009C00230000%2CAVGO261009C00235000%2CAVGO261009C00240000%2CAVGO261009C00245000%2CAVGO261009C00250000%2CAVGO261009C00255000%2CAVGO261009C00260000%2CAVGO261009C00265000%2CAVGO261009C00270000%2CAVGO261009C00275000%2CAVGO261009C00280000%2CAVGO261009C00285000%2CAVGO261009C00290000%2CAVGO261009C00295000%2CAVGO261009C00300000%2CAVGO261009C00305000%2CAVGO261009C00310000%2CAVGO261009C00315000%2CAVGO261009C00317500%2CAVGO261009C00320000%2CAVGO261009C00322500%2CAVGO261009C00325000%2CAVGO261009C00327500%2CAVGO261009C00330000%2CAVGO261009C00332500%2CAVGO261009C00335000%2CAVGO261009C00337500%2CAVGO261009C00340000%2CAVGO261009C00342500%2CAVGO261009C00345000%2CAVGO261009C00347500%2CAVGO261009C00350000%2CAVGO261009C00352500%2CAVGO261009C00355000%2CAVGO261009C00357500%2CAVGO261009C00360000%2CAVGO261009C00362500%2CAVGO261009C00365000%2CAVGO261009C00367500%2CAVGO261009C00370000%2CAVGO261009C00372500%2CAVGO261009C00375000%2CAVGO261009C00377500%2CAVGO261009C00380000%2CAVGO261009C00382500%2CAVGO261009C00385000&greeks=true'
For more information check: https://developer.mozilla.org/en-US/docs/Web/HTTP/Status/401
2026-10-06T10:27:33 | WARNING  | app.scanning.alpaca_confirmer | AlpacaConfirmer: cannot fetch chain for NVDA 2026-10-09: Client error '401 Unauthorized' for url 'https://api.tradier.com/v1/markets/quotes?symbols=NVDA261009C00050000%2CNVDA261009C00055000%2CNVDA261009C00060000%2CNVDA261009C00065000%2CNVDA261009C00070000%2CNVDA261009C00075000%2CNVDA261009C00080000%2CNVDA261009C00085000%2CNVDA261009C00090000%2CNVDA261009C00095000%2CNVDA261009C00100000%2CNVDA261009C00105000%2CNVDA261009C00110000%2CNVDA261009C00115000%2CNVDA261009C00120000%2CNVDA261009C00125000%2CNVDA261009C00130000%2CNVDA261009C00135000%2CNVDA261009C00140000%2CNVDA261009C00145000%2CNVDA261009C00150000%2CNVDA261009C00155000%2CNVDA261009C00160000%2CNVDA261009C00165000%2CNVDA261009C00170000%2CNVDA261009C00175000%2CNVDA261009C00180000%2CNVDA261009C00185000%2CNVDA261009C00190000%2CNVDA261009C00195000%2CNVDA261009C00197500%2CNVDA261009C00200000%2CNVDA261009C00202500%2CNVDA261009C00205000%2CNVDA261009C00207500%2CNVDA261009C00210000%2CNVDA261009C00212500%2CNVDA261009C00215000%2CNVDA261009C00217500%2CNVDA261009C00220000%2CNVDA261009C00222500%2CNVDA261009C00225000%2CNVDA261009C00227500%2CNVDA261009C00230000%2CNVDA261009C00232500%2CNVDA261009C00235000%2CNVDA261009C00237500%2CNVDA261009C00240000%2CNVDA261009C00242500%2CNVDA261009C00245000&greeks=true'
For more information check: https://developer.mozilla.org/en-US/docs/Web/HTTP/Status/401
2026-10-06T10:27:33 | WARNING  | app.scanning.alpaca_confirmer | AlpacaConfirmer: cannot fetch chain for AAPL 2026-10-09: Client error '401 Unauthorized' for url 'https://api.tradier.com/v1/markets/quotes?symbols=AAPL261009C00110000%2CAAPL261009C00120000%2CAAPL261009C00125000%2CAAPL261009C00130000%2CAAPL261009C00135000%2CAAPL261009C00140000%2CAAPL261009C00145000%2CAAPL261009C00150000%2CAAPL261009C00155000%2CAAPL261009C00160000%2CAAPL261009C00165000%2CAAPL261009C00170000%2CAAPL261009C00175000%2CAAPL261009C00180000%2CAAPL261009C00185000%2CAAPL261009C00190000%2CAAPL261009C00195000%2CAAPL261009C00200000%2CAAPL261009C00205000%2CAAPL261009C00210000%2CAAPL261009C00215000%2CAAPL261009C00220000%2CAAPL261009C00225000%2CAAPL261009C00230000%2CAAPL261009C00235000%2CAAPL261009C00240000%2CAAPL261009C00245000%2CAAPL261009C00250000%2CAAPL261009C00255000%2CAAPL261009C00260000%2CAAPL261009C00265000%2CAAPL261009C00270000%2CAAPL261009C00275000%2CAAPL261009C00280000%2CAAPL261009C00285000%2CAAPL261009C00290000%2CAAPL261009C00295000%2CAAPL261009C00300000%2CAAPL261009C00302500%2CAAPL261009C00305000%2CAAPL261009C00307500%2CAAPL261009C00310000%2CAAPL261009C00312500%2CAAPL261009C00315000%2CAAPL261009C00317500%2CAAPL261009C00320000%2CAAPL261009C00322500%2CAAPL261009C00325000%2CAAPL261009C00327500%2CAAPL261009C00330000&greeks=true'
For more information check: https://developer.mozilla.org/en-US/docs/Web/HTTP/Status/401
2026-10-06T10:27:33 | WARNING  | app.scanning.alpaca_confirmer | AlpacaConfirmer: cannot fetch chain for HOOD 2026-10-09: Client error '401 Unauthorized' for url 'https://api.tradier.com/v1/markets/quotes?symbols=HOOD261009C00025000%2CHOOD261009C00030000%2CHOOD261009C00035000%2CHOOD261009C00040000%2CHOOD261009C00045000%2CHOOD261009C00050000%2CHOOD261009C00055000%2CHOOD261009C00060000%2CHOOD261009C00065000%2CHOOD261009C00070000%2CHOOD261009C00075000%2CHOOD261009C00080000%2CHOOD261009C00085000%2CHOOD261009C00090000%2CHOOD261009C00091000%2CHOOD261009C00092000%2CHOOD261009C00093000%2CHOOD261009C00094000%2CHOOD261009C00095000%2CHOOD261009C00096000%2CHOOD261009C00097000%2CHOOD261009C00098000%2CHOOD261009C00099000%2CHOOD261009C00100000%2CHOOD261009C00101000%2CHOOD261009C00102000%2CHOOD261009C00103000%2CHOOD261009C00104000%2CHOOD261009C00105000%2CHOOD261009C00106000%2CHOOD261009C00107000%2CHOOD261009C00108000%2CHOOD261009C00109000%2CHOOD261009C00110000%2CHOOD261009C00111000%2CHOOD261009C00112000%2CHOOD261009C00113000%2CHOOD261009C00114000%2CHOOD261009C00115000%2CHOOD261009C00116000%2CHOOD261009C00117000%2CHOOD261009C00118000%2CHOOD261009C00119000%2CHOOD261009C00120000%2CHOOD261009C00121000%2CHOOD261009C00122000%2CHOOD261009C00123000%2CHOOD261009C00124000%2CHOOD261009C00125000%2CHOOD261009C00126000&greeks=true'
For more information check: https://developer.mozilla.org/en-US/docs/Web/HTTP/Status/401
2026-10-06T10:27:33 | INFO     | session_runner | AlpacaConfirmer: 0 confirmed symbols: []
2026-10-06T10:27:33 | WARNING  | session_runner | Re-scan returned no confirmed symbols — falling back to ['SPY']
2026-10-06T10:27:33 | INFO     | session_runner | Broad-market regime | SPY=neutral
2026-10-06T10:27:33 | INFO     | session_runner | [bridge:SPY] rsi_trend ready: sufficient bars
2026-10-06T10:27:33 | INFO     | session_runner | Stale signal: SPY/orb age=37 min > max 10 min — skipped
2026-10-06T10:27:33 | INFO     | session_runner | Stale signal: SPY/vwap_reclaim age=42 min > max 10 min — skipped
2026-10-06T10:28:03 | INFO     | session_runner | [cycle 112] 10:28:03 ET | positions=0 | entries=0
2026-10-06T10:28:03 | INFO     | session_runner | [bridge:SPY] rsi_trend ready: sufficient bars
2026-10-06T10:28:03 | INFO     | session_runner | Stale signal: SPY/orb age=38 min > max 10 min — skipped
2026-10-06T10:28:03 | INFO     | session_runner | Stale signal: SPY/vwap_reclaim age=43 min > max 10 min — skipped
2026-10-06T10:28:33 | INFO     | session_runner | [cycle 113] 10:28:33 ET | positions=0 | entries=0
2026-10-06T10:28:34 | INFO     | session_runner | [bridge:SPY] rsi_trend ready: sufficient bars
2026-10-06T10:28:34 | INFO     | session_runner | Stale signal: SPY/orb age=39 min > max 10 min — skipped
2026-10-06T10:28:34 | INFO     | session_runner | Stale signal: SPY/vwap_reclaim age=44 min > max 10 min — skipped
2026-10-06T10:29:04 | INFO     | session_runner | [cycle 114] 10:29:04 ET | positions=0 | entries=0
2026-10-06T10:29:04 | INFO     | session_runner | [bridge:SPY] rsi_trend ready: sufficient bars
2026-10-06T10:29:04 | INFO     | session_runner | Stale signal: SPY/orb age=39 min > max 10 min — skipped
2026-10-06T10:29:04 | INFO     | session_runner | Stale signal: SPY/vwap_reclaim age=44 min > max 10 min — skipped
2026-10-06T10:29:34 | INFO     | session_runner | [cycle 115] 10:29:34 ET | positions=0 | entries=0
2026-10-06T10:29:34 | INFO     | session_runner | [bridge:SPY] rsi_trend ready: sufficient bars
2026-10-06T10:29:34 | INFO     | session_runner | Stale signal: SPY/orb age=40 min > max 10 min — skipped
2026-10-06T10:29:34 | INFO     | session_runner | Stale signal: SPY/vwap_reclaim age=45 min > max 10 min — skipped
2026-10-06T10:30:04 | INFO     | session_runner | [cycle 116] 10:30:04 ET | positions=0 | entries=0
2026-10-06T10:30:05 | INFO     | session_runner | [bridge:SPY] rsi_trend ready: sufficient bars
2026-10-06T10:30:05 | INFO     | session_runner | Stale signal: SPY/orb age=40 min > max 10 min — skipped
2026-10-06T10:30:05 | INFO     | session_runner | Stale signal: SPY/vwap_reclaim age=45 min > max 10 min — skipped
2026-10-06T10:30:35 | INFO     | session_runner | [cycle 117] 10:30:35 ET | positions=0 | entries=0
2026-10-06T10:30:35 | INFO     | session_runner | [bridge:SPY] rsi_trend ready: sufficient bars
2026-10-06T10:30:35 | INFO     | session_runner | Stale signal: SPY/orb age=41 min > max 10 min — skipped
2026-10-06T10:30:35 | INFO     | session_runner | Stale signal: SPY/vwap_reclaim age=46 min > max 10 min — skipped
2026-10-06T10:31:05 | INFO     | session_runner | [cycle 118] 10:31:05 ET | positions=0 | entries=0
2026-10-06T10:31:06 | INFO     | session_runner | [bridge:SPY] rsi_trend ready: sufficient bars
2026-10-06T10:31:06 | INFO     | session_runner | Stale signal: SPY/orb age=41 min > max 10 min — skipped
2026-10-06T10:31:06 | INFO     | session_runner | Stale signal: SPY/vwap_reclaim age=46 min > max 10 min — skipped
2026-10-06T10:31:36 | INFO     | session_runner | [cycle 119] 10:31:36 ET | positions=0 | entries=0
2026-10-06T10:31:36 | INFO     | session_runner | [bridge:SPY] rsi_trend ready: sufficient bars
2026-10-06T10:31:36 | INFO     | session_runner | Stale signal: SPY/orb age=42 min > max 10 min — skipped
2026-10-06T10:31:36 | INFO     | session_runner | Stale signal: SPY/vwap_reclaim age=47 min > max 10 min — skipped
2026-10-06T10:32:06 | INFO     | session_runner | [cycle 120] 10:32:06 ET | positions=0 | entries=0
2026-10-06T10:32:07 | INFO     | session_runner | [bridge:SPY] rsi_trend ready: sufficient bars
2026-10-06T10:32:07 | INFO     | session_runner | Stale signal: SPY/orb age=42 min > max 10 min — skipped
2026-10-06T10:32:07 | INFO     | session_runner | Stale signal: SPY/vwap_reclaim age=47 min > max 10 min — skipped
2026-10-06T10:32:37 | INFO     | session_runner | [cycle 121] 10:32:37 ET | positions=0 | entries=0
2026-10-06T10:32:37 | INFO     | app.trading.reconciler | Reconciliation done: broker_pos=0 local_pos=0 broker_orders=0 local_pending=0 repaired=0 flagged=0 orders_confirmed=True positions_confirmed=True
2026-10-06T10:32:37 | INFO     | session_runner | Periodic universe re-scan …
2026-10-06T10:32:37 | INFO     | app.scanning.universe_loader | UniverseLoader: loaded 5 groups (13 flat symbols) from config/ticker_universe.yaml (blacklist=0)
2026-10-06T10:32:37 | INFO     | app.scanning.universe_loader | UniverseLoader: 38 symbols from 4 group(s) (blacklist=0)
2026-10-06T10:32:37 | INFO     | session_runner | Universe scan: 38 symbols from 4 group(s) | max_active=6
2026-10-06T10:32:43 | INFO     | session_runner | Scan: 21 passed, 17 rejected
2026-10-06T10:32:43 | INFO     | session_runner |   XLE     score=85.0  signal=LONG     reasons: rvol=1.59x (elevated), atr=1.82% (wide-range), orb_breakout
2026-10-06T10:32:43 | INFO     | session_runner |   AVGO    score=82.0  signal=LONG     reasons: rvol=2.77x (high), atr=2.85% (wide-range), orb_breakout
2026-10-06T10:32:43 | INFO     | session_runner |   IWM     score=78.0  signal=SHORT    reasons: rvol=1.70x (elevated), atr=1.29% (good range), orb_breakdown
2026-10-06T10:32:43 | INFO     | session_runner |   AMZN    score=77.0  signal=LONG     reasons: rvol=1.53x (elevated), atr=1.92% (wide-range), orb_breakout
2026-10-06T10:32:43 | INFO     | session_runner |   MSFT    score=75.0  signal=LONG     reasons: rvol=1.86x (elevated), atr=2.22% (wide-range), orb_breakout
2026-10-06T10:32:43 | WARNING  | app.scanning.alpaca_confirmer | AlpacaConfirmer: cannot fetch chain for UBER 2026-10-09: Client error '401 Unauthorized' for url 'https://api.tradier.com/v1/markets/quotes?symbols=UBER261009C00050000%2CUBER261009C00055000%2CUBER261009C00057000%2CUBER261009C00058000%2CUBER261009C00059000%2CUBER261009C00060000%2CUBER261009C00061000%2CUBER261009C00062000%2CUBER261009C00063000%2CUBER261009C00064000%2CUBER261009C00065000%2CUBER261009C00066000%2CUBER261009C00067000%2CUBER261009C00068000%2CUBER261009C00069000%2CUBER261009C00070000%2CUBER261009C00071000%2CUBER261009C00072000%2CUBER261009C00073000%2CUBER261009C00074000%2CUBER261009C00075000%2CUBER261009C00076000%2CUBER261009C00077000%2CUBER261009C00078000%2CUBER261009C00079000%2CUBER261009C00080000%2CUBER261009C00081000%2CUBER261009C00082000%2CUBER261009C00083000%2CUBER261009C00084000%2CUBER261009C00085000%2CUBER261009C00086000%2CUBER261009C00087000%2CUBER261009C00088000%2CUBER261009C00089000%2CUBER261009C00090000%2CUBER261009C00091000%2CUBER261009C00095000%2CUBER261009C00100000%2CUBER261009C00105000%2CUBER261009P00050000%2CUBER261009P00055000%2CUBER261009P00057000%2CUBER261009P00058000%2CUBER261009P00059000%2CUBER261009P00060000%2CUBER261009P00061000%2CUBER261009P00062000%2CUBER261009P00063000%2CUBER261009P00064000&greeks=true'
For more information check: https://developer.mozilla.org/en-US/docs/Web/HTTP/Status/401
2026-10-06T10:32:43 | WARNING  | app.scanning.alpaca_confirmer | AlpacaConfirmer: cannot fetch chain for AAPL 2026-10-09: Client error '401 Unauthorized' for url 'https://api.tradier.com/v1/markets/quotes?symbols=AAPL261009C00110000%2CAAPL261009C00120000%2CAAPL261009C00125000%2CAAPL261009C00130000%2CAAPL261009C00135000%2CAAPL261009C00140000%2CAAPL261009C00145000%2CAAPL261009C00150000%2CAAPL261009C00155000%2CAAPL261009C00160000%2CAAPL261009C00165000%2CAAPL261009C00170000%2CAAPL261009C00175000%2CAAPL261009C00180000%2CAAPL261009C00185000%2CAAPL261009C00190000%2CAAPL261009C00195000%2CAAPL261009C00200000%2CAAPL261009C00205000%2CAAPL261009C00210000%2CAAPL261009C00215000%2CAAPL261009C00220000%2CAAPL261009C00225000%2CAAPL261009C00230000%2CAAPL261009C00235000%2CAAPL261009C00240000%2CAAPL261009C00245000%2CAAPL261009C00250000%2CAAPL261009C00255000%2CAAPL261009C00260000%2CAAPL261009C00265000%2CAAPL261009C00270000%2CAAPL261009C00275000%2CAAPL261009C00280000%2CAAPL261009C00285000%2CAAPL261009C00290000%2CAAPL261009C00295000%2CAAPL261009C00300000%2CAAPL261009C00302500%2CAAPL261009C00305000%2CAAPL261009C00307500%2CAAPL261009C00310000%2CAAPL261009C00312500%2CAAPL261009C00315000%2CAAPL261009C00317500%2CAAPL261009C00320000%2CAAPL261009C00322500%2CAAPL261009C00325000%2CAAPL261009C00327500%2CAAPL261009C00330000&greeks=true'
For more information check: https://developer.mozilla.org/en-US/docs/Web/HTTP/Status/401
2026-10-06T10:32:43 | WARNING  | app.scanning.alpaca_confirmer | AlpacaConfirmer: cannot fetch chain for AVGO 2026-10-09: Client error '401 Unauthorized' for url 'https://api.tradier.com/v1/markets/quotes?symbols=AVGO261009C00210000%2CAVGO261009C00215000%2CAVGO261009C00220000%2CAVGO261009C00225000%2CAVGO261009C00230000%2CAVGO261009C00235000%2CAVGO261009C00240000%2CAVGO261009C00245000%2CAVGO261009C00250000%2CAVGO261009C00255000%2CAVGO261009C00260000%2CAVGO261009C00265000%2CAVGO261009C00270000%2CAVGO261009C00275000%2CAVGO261009C00280000%2CAVGO261009C00285000%2CAVGO261009C00290000%2CAVGO261009C00295000%2CAVGO261009C00300000%2CAVGO261009C00305000%2CAVGO261009C00310000%2CAVGO261009C00315000%2CAVGO261009C00317500%2CAVGO261009C00320000%2CAVGO261009C00322500%2CAVGO261009C00325000%2CAVGO261009C00327500%2CAVGO261009C00330000%2CAVGO261009C00332500%2CAVGO261009C00335000%2CAVGO261009C00337500%2CAVGO261009C00340000%2CAVGO261009C00342500%2CAVGO261009C00345000%2CAVGO261009C00347500%2CAVGO261009C00350000%2CAVGO261009C00352500%2CAVGO261009C00355000%2CAVGO261009C00357500%2CAVGO261009C00360000%2CAVGO261009C00362500%2CAVGO261009C00365000%2CAVGO261009C00367500%2CAVGO261009C00370000%2CAVGO261009C00372500%2CAVGO261009C00375000%2CAVGO261009C00377500%2CAVGO261009C00380000%2CAVGO261009C00382500%2CAVGO261009C00385000&greeks=true'
For more information check: https://developer.mozilla.org/en-US/docs/Web/HTTP/Status/401
2026-10-06T10:32:43 | WARNING  | app.scanning.alpaca_confirmer | AlpacaConfirmer: cannot fetch chain for SOFI 2026-10-09: Client error '401 Unauthorized' for url 'https://api.tradier.com/v1/markets/quotes?symbols=SOFI261009C00005000%2CSOFI261009C00009000%2CSOFI261009C00010000%2CSOFI261009C00011000%2CSOFI261009C00011500%2CSOFI261009C00012000%2CSOFI261009C00012500%2CSOFI261009C00013000%2CSOFI261009C00013500%2CSOFI261009C00014000%2CSOFI261009C00014500%2CSOFI261009C00015000%2CSOFI261009C00015500%2CSOFI261009C00016000%2CSOFI261009C00016500%2CSOFI261009C00017000%2CSOFI261009C00017500%2CSOFI261009C00018000%2CSOFI261009C00018500%2CSOFI261009C00019000%2CSOFI261009C00019500%2CSOFI261009C00020000%2CSOFI261009C00020500%2CSOFI261009C00021000%2CSOFI261009C00021500%2CSOFI261009C00022000%2CSOFI261009C00022500%2CSOFI261009C00023000%2CSOFI261009C00023500%2CSOFI261009C00024000%2CSOFI261009C00025000%2CSOFI261009C00030000%2CSOFI261009P00005000%2CSOFI261009P00009000%2CSOFI261009P00010000%2CSOFI261009P00011000%2CSOFI261009P00011500%2CSOFI261009P00012000%2CSOFI261009P00012500%2CSOFI261009P00013000%2CSOFI261009P00013500%2CSOFI261009P00014000%2CSOFI261009P00014500%2CSOFI261009P00015000%2CSOFI261009P00015500%2CSOFI261009P00016000%2CSOFI261009P00016500%2CSOFI261009P00017000%2CSOFI261009P00017500%2CSOFI261009P00018000&greeks=true'
For more information check: https://developer.mozilla.org/en-US/docs/Web/HTTP/Status/401
2026-10-06T10:32:43 | WARNING  | app.scanning.alpaca_confirmer | AlpacaConfirmer: cannot fetch chain for IWM 2026-10-08: Client error '401 Unauthorized' for url 'https://api.tradier.com/v1/markets/quotes?symbols=IWM261008C00180000%2CIWM261008C00190000%2CIWM261008C00200000%2CIWM261008C00205000%2CIWM261008C00210000%2CIWM261008C00215000%2CIWM261008C00220000%2CIWM261008C00225000%2CIWM261008C00230000%2CIWM261008C00235000%2CIWM261008C00240000%2CIWM261008C00245000%2CIWM261008C00250000%2CIWM261008C00255000%2CIWM261008C00260000%2CIWM261008C00261000%2CIWM261008C00262000%2CIWM261008C00263000%2CIWM261008C00264000%2CIWM261008C00265000%2CIWM261008C00266000%2CIWM261008C00267000%2CIWM261008C00268000%2CIWM261008C00269000%2CIWM261008C00270000%2CIWM261008C00271000%2CIWM261008C00272000%2CIWM261008C00273000%2CIWM261008C00274000%2CIWM261008C00275000%2CIWM261008C00276000%2CIWM261008C00277000%2CIWM261008C00278000%2CIWM261008C00279000%2CIWM261008C00280000%2CIWM261008C00281000%2CIWM261008C00282000%2CIWM261008C00283000%2CIWM261008C00284000%2CIWM261008C00285000%2CIWM261008C00286000%2CIWM261008C00287000%2CIWM261008C00288000%2CIWM261008C00289000%2CIWM261008C00290000%2CIWM261008C00291000%2CIWM261008C00292000%2CIWM261008C00293000%2CIWM261008C00294000%2CIWM261008C00295000&greeks=true'
For more information check: https://developer.mozilla.org/en-US/docs/Web/HTTP/Status/401
2026-10-06T10:32:43 | WARNING  | app.scanning.alpaca_confirmer | AlpacaConfirmer: cannot fetch chain for AMZN 2026-10-09: Client error '401 Unauthorized' for url 'https://api.tradier.com/v1/markets/quotes?symbols=AMZN261009C00140000%2CAMZN261009C00145000%2CAMZN261009C00150000%2CAMZN261009C00155000%2CAMZN261009C00160000%2CAMZN261009C00165000%2CAMZN261009C00170000%2CAMZN261009C00175000%2CAMZN261009C00180000%2CAMZN261009C00185000%2CAMZN261009C00190000%2CAMZN261009C00195000%2CAMZN261009C00200000%2CAMZN261009C00205000%2CAMZN261009C00210000%2CAMZN261009C00215000%2CAMZN261009C00220000%2CAMZN261009C00222500%2CAMZN261009C00225000%2CAMZN261009C00227500%2CAMZN261009C00230000%2CAMZN261009C00232500%2CAMZN261009C00235000%2CAMZN261009C00237500%2CAMZN261009C00240000%2CAMZN261009C00242500%2CAMZN261009C00245000%2CAMZN261009C00247500%2CAMZN261009C00250000%2CAMZN261009C00252500%2CAMZN261009C00255000%2CAMZN261009C00257500%2CAMZN261009C00260000%2CAMZN261009C00262500%2CAMZN261009C00265000%2CAMZN261009C00267500%2CAMZN261009C00270000%2CAMZN261009C00272500%2CAMZN261009C00275000%2CAMZN261009C00277500%2CAMZN261009C00280000%2CAMZN261009C00285000%2CAMZN261009C00290000%2CAMZN261009C00295000%2CAMZN261009C00300000%2CAMZN261009C00305000%2CAMZN261009C00310000%2CAMZN261009C00315000%2CAMZN261009C00320000%2CAMZN261009C00325000&greeks=true'
For more information check: https://developer.mozilla.org/en-US/docs/Web/HTTP/Status/401
2026-10-06T10:32:43 | WARNING  | app.scanning.alpaca_confirmer | AlpacaConfirmer: cannot fetch chain for XLE 2026-10-09: Client error '401 Unauthorized' for url 'https://api.tradier.com/v1/markets/quotes?symbols=XLE261009C00035000%2CXLE261009C00040000%2CXLE261009C00045000%2CXLE261009C00050000%2CXLE261009C00051000%2CXLE261009C00052000%2CXLE261009C00053000%2CXLE261009C00054000%2CXLE261009C00055000%2CXLE261009C00056000%2CXLE261009C00056500%2CXLE261009C00057000%2CXLE261009C00057500%2CXLE261009C00058000%2CXLE261009C00058500%2CXLE261009C00059000%2CXLE261009C00059500%2CXLE261009C00060000%2CXLE261009C00060500%2CXLE261009C00061000%2CXLE261009C00061500%2CXLE261009C00062000%2CXLE261009C00062500%2CXLE261009C00063000%2CXLE261009C00063500%2CXLE261009C00064000%2CXLE261009C00064500%2CXLE261009C00065000%2CXLE261009C00065500%2CXLE261009C00066000%2CXLE261009C00066500%2CXLE261009C00067000%2CXLE261009C00067500%2CXLE261009C00068000%2CXLE261009C00068500%2CXLE261009C00069000%2CXLE261009C00070000%2CXLE261009C00071000%2CXLE261009C00075000%2CXLE261009C00080000%2CXLE261009P00035000%2CXLE261009P00040000%2CXLE261009P00045000%2CXLE261009P00050000%2CXLE261009P00051000%2CXLE261009P00052000%2CXLE261009P00053000%2CXLE261009P00054000%2CXLE261009P00055000%2CXLE261009P00056000&greeks=true'
For more information check: https://developer.mozilla.org/en-US/docs/Web/HTTP/Status/401
2026-10-06T10:32:43 | WARNING  | app.scanning.alpaca_confirmer | AlpacaConfirmer: cannot fetch chain for MSFT 2026-10-09: Client error '401 Unauthorized' for url 'https://api.tradier.com/v1/markets/quotes?symbols=MSFT261009C00270000%2CMSFT261009C00280000%2CMSFT261009C00290000%2CMSFT261009C00300000%2CMSFT261009C00305000%2CMSFT261009C00310000%2CMSFT261009C00315000%2CMSFT261009C00320000%2CMSFT261009C00325000%2CMSFT261009C00330000%2CMSFT261009C00335000%2CMSFT261009C00340000%2CMSFT261009C00345000%2CMSFT261009C00350000%2CMSFT261009C00355000%2CMSFT261009C00360000%2CMSFT261009C00365000%2CMSFT261009C00370000%2CMSFT261009C00375000%2CMSFT261009C00380000%2CMSFT261009C00385000%2CMSFT261009C00390000%2CMSFT261009C00395000%2CMSFT261009C00400000%2CMSFT261009C00405000%2CMSFT261009C00410000%2CMSFT261009C00415000%2CMSFT261009C00420000%2CMSFT261009C00425000%2CMSFT261009C00430000%2CMSFT261009C00435000%2CMSFT261009C00440000%2CMSFT261009C00445000%2CMSFT261009C00450000%2CMSFT261009C00455000%2CMSFT261009C00457500%2CMSFT261009C00460000%2CMSFT261009C00462500%2CMSFT261009C00465000%2CMSFT261009C00467500%2CMSFT261009C00470000%2CMSFT261009C00472500%2CMSFT261009C00475000%2CMSFT261009C00477500%2CMSFT261009C00480000%2CMSFT261009C00482500%2CMSFT261009C00485000%2CMSFT261009C00487500%2CMSFT261009C00490000%2CMSFT261009C00492500&greeks=true'
For more information check: https://developer.mozilla.org/en-US/docs/Web/HTTP/Status/401
2026-10-06T10:32:43 | WARNING  | app.scanning.alpaca_confirmer | AlpacaConfirmer: cannot fetch chain for RIVN 2026-10-09: Client error '401 Unauthorized' for url 'https://api.tradier.com/v1/markets/quotes?symbols=RIVN261009C00005000%2CRIVN261009C00009000%2CRIVN261009C00010000%2CRIVN261009C00010500%2CRIVN261009C00011000%2CRIVN261009C00011500%2CRIVN261009C00012000%2CRIVN261009C00012500%2CRIVN261009C00013000%2CRIVN261009C00013500%2CRIVN261009C00014000%2CRIVN261009C00014500%2CRIVN261009C00015000%2CRIVN261009C00015500%2CRIVN261009C00016000%2CRIVN261009C00016500%2CRIVN261009C00017000%2CRIVN261009C00017500%2CRIVN261009C00018000%2CRIVN261009C00018500%2CRIVN261009C00019000%2CRIVN261009C00019500%2CRIVN261009C00020000%2CRIVN261009C00020500%2CRIVN261009C00021000%2CRIVN261009C00021500%2CRIVN261009C00022000%2CRIVN261009C00023000%2CRIVN261009C00024000%2CRIVN261009C00025000%2CRIVN261009C00030000%2CRIVN261009P00005000%2CRIVN261009P00009000%2CRIVN261009P00010000%2CRIVN261009P00010500%2CRIVN261009P00011000%2CRIVN261009P00011500%2CRIVN261009P00012000%2CRIVN261009P00012500%2CRIVN261009P00013000%2CRIVN261009P00013500%2CRIVN261009P00014000%2CRIVN261009P00014500%2CRIVN261009P00015000%2CRIVN261009P00015500%2CRIVN261009P00016000%2CRIVN261009P00016500%2CRIVN261009P00017000%2CRIVN261009P00017500%2CRIVN261009P00018000&greeks=true'
For more information check: https://developer.mozilla.org/en-US/docs/Web/HTTP/Status/401
2026-10-06T10:32:43 | WARNING  | app.scanning.alpaca_confirmer | AlpacaConfirmer: cannot fetch chain for NVDA 2026-10-09: Client error '401 Unauthorized' for url 'https://api.tradier.com/v1/markets/quotes?symbols=NVDA261009C00050000%2CNVDA261009C00055000%2CNVDA261009C00060000%2CNVDA261009C00065000%2CNVDA261009C00070000%2CNVDA261009C00075000%2CNVDA261009C00080000%2CNVDA261009C00085000%2CNVDA261009C00090000%2CNVDA261009C00095000%2CNVDA261009C00100000%2CNVDA261009C00105000%2CNVDA261009C00110000%2CNVDA261009C00115000%2CNVDA261009C00120000%2CNVDA261009C00125000%2CNVDA261009C00130000%2CNVDA261009C00135000%2CNVDA261009C00140000%2CNVDA261009C00145000%2CNVDA261009C00150000%2CNVDA261009C00155000%2CNVDA261009C00160000%2CNVDA261009C00165000%2CNVDA261009C00170000%2CNVDA261009C00175000%2CNVDA261009C00180000%2CNVDA261009C00185000%2CNVDA261009C00190000%2CNVDA261009C00195000%2CNVDA261009C00197500%2CNVDA261009C00200000%2CNVDA261009C00202500%2CNVDA261009C00205000%2CNVDA261009C00207500%2CNVDA261009C00210000%2CNVDA261009C00212500%2CNVDA261009C00215000%2CNVDA261009C00217500%2CNVDA261009C00220000%2CNVDA261009C00222500%2CNVDA261009C00225000%2CNVDA261009C00227500%2CNVDA261009C00230000%2CNVDA261009C00232500%2CNVDA261009C00235000%2CNVDA261009C00237500%2CNVDA261009C00240000%2CNVDA261009C00242500%2CNVDA261009C00245000&greeks=true'
For more information check: https://developer.mozilla.org/en-US/docs/Web/HTTP/Status/401
2026-10-06T10:32:43 | WARNING  | app.scanning.alpaca_confirmer | AlpacaConfirmer: cannot fetch chain for MARA 2026-10-09: Client error '401 Unauthorized' for url 'https://api.tradier.com/v1/markets/quotes?symbols=MARA261009C00004000%2CMARA261009C00005000%2CMARA261009C00006000%2CMARA261009C00006500%2CMARA261009C00007000%2CMARA261009C00007500%2CMARA261009C00008000%2CMARA261009C00008500%2CMARA261009C00009000%2CMARA261009C00009500%2CMARA261009C00010000%2CMARA261009C00010500%2CMARA261009C00011000%2CMARA261009C00011500%2CMARA261009C00012000%2CMARA261009C00012500%2CMARA261009C00013000%2CMARA261009C00013500%2CMARA261009C00014000%2CMARA261009C00014500%2CMARA261009C00015000%2CMARA261009C00015500%2CMARA261009C00016000%2CMARA261009C00016500%2CMARA261009C00017000%2CMARA261009C00017500%2CMARA261009C00018000%2CMARA261009C00019000%2CMARA261009C00020000%2CMARA261009C00021000%2CMARA261009C00022000%2CMARA261009C00023000%2CMARA261009P00004000%2CMARA261009P00005000%2CMARA261009P00006000%2CMARA261009P00006500%2CMARA261009P00007000%2CMARA261009P00007500%2CMARA261009P00008000%2CMARA261009P00008500%2CMARA261009P00009000%2CMARA261009P00009500%2CMARA261009P00010000%2CMARA261009P00010500%2CMARA261009P00011000%2CMARA261009P00011500%2CMARA261009P00012000%2CMARA261009P00012500%2CMARA261009P00013000%2CMARA261009P00013500&greeks=true'
For more information check: https://developer.mozilla.org/en-US/docs/Web/HTTP/Status/401
2026-10-06T10:32:43 | WARNING  | app.scanning.alpaca_confirmer | AlpacaConfirmer: cannot fetch chain for HOOD 2026-10-09: Client error '401 Unauthorized' for url 'https://api.tradier.com/v1/markets/quotes?symbols=HOOD261009C00025000%2CHOOD261009C00030000%2CHOOD261009C00035000%2CHOOD261009C00040000%2CHOOD261009C00045000%2CHOOD261009C00050000%2CHOOD261009C00055000%2CHOOD261009C00060000%2CHOOD261009C00065000%2CHOOD261009C00070000%2CHOOD261009C00075000%2CHOOD261009C00080000%2CHOOD261009C00085000%2CHOOD261009C00090000%2CHOOD261009C00091000%2CHOOD261009C00092000%2CHOOD261009C00093000%2CHOOD261009C00094000%2CHOOD261009C00095000%2CHOOD261009C00096000%2CHOOD261009C00097000%2CHOOD261009C00098000%2CHOOD261009C00099000%2CHOOD261009C00100000%2CHOOD261009C00101000%2CHOOD261009C00102000%2CHOOD261009C00103000%2CHOOD261009C00104000%2CHOOD261009C00105000%2CHOOD261009C00106000%2CHOOD261009C00107000%2CHOOD261009C00108000%2CHOOD261009C00109000%2CHOOD261009C00110000%2CHOOD261009C00111000%2CHOOD261009C00112000%2CHOOD261009C00113000%2CHOOD261009C00114000%2CHOOD261009C00115000%2CHOOD261009C00116000%2CHOOD261009C00117000%2CHOOD261009C00118000%2CHOOD261009C00119000%2CHOOD261009C00120000%2CHOOD261009C00121000%2CHOOD261009C00122000%2CHOOD261009C00123000%2CHOOD261009C00124000%2CHOOD261009C00125000%2CHOOD261009C00126000&greeks=true'
For more information check: https://developer.mozilla.org/en-US/docs/Web/HTTP/Status/401
2026-10-06T10:32:43 | INFO     | session_runner | AlpacaConfirmer: 0 confirmed symbols: []
2026-10-06T10:32:43 | WARNING  | session_runner | Re-scan returned no confirmed symbols — falling back to ['SPY']
2026-10-06T10:32:44 | INFO     | session_runner | Broad-market regime | SPY=short
2026-10-06T10:32:44 | INFO     | session_runner | [bridge:SPY] rsi_trend ready: sufficient bars
2026-10-06T10:32:44 | INFO     | session_runner | Stale signal: SPY/orb age=43 min > max 10 min — skipped
2026-10-06T10:32:44 | INFO     | session_runner | Stale signal: SPY/vwap_reclaim age=48 min > max 10 min — skipped
2026-10-06T10:33:14 | INFO     | session_runner | [cycle 122] 10:33:14 ET | positions=0 | entries=0
2026-10-06T10:33:14 | INFO     | session_runner | [bridge:SPY] rsi_trend ready: sufficient bars
2026-10-06T10:33:14 | INFO     | session_runner | Stale signal: SPY/orb age=43 min > max 10 min — skipped
2026-10-06T10:33:14 | INFO     | session_runner | Stale signal: SPY/vwap_reclaim age=48 min > max 10 min — skipped
2026-10-06T10:33:44 | INFO     | session_runner | [cycle 123] 10:33:44 ET | positions=0 | entries=0
2026-10-06T10:33:45 | INFO     | session_runner | [bridge:SPY] rsi_trend ready: sufficient bars
2026-10-06T10:33:45 | INFO     | session_runner | Stale signal: SPY/orb age=44 min > max 10 min — skipped
2026-10-06T10:33:45 | INFO     | session_runner | Stale signal: SPY/vwap_reclaim age=49 min > max 10 min — skipped
2026-10-06T10:34:15 | INFO     | session_runner | [cycle 124] 10:34:15 ET | positions=0 | entries=0
2026-10-06T10:34:15 | INFO     | session_runner | [bridge:SPY] rsi_trend ready: sufficient bars
2026-10-06T10:34:15 | INFO     | session_runner | Stale signal: SPY/orb age=44 min > max 10 min — skipped
2026-10-06T10:34:15 | INFO     | session_runner | Stale signal: SPY/vwap_reclaim age=49 min > max 10 min — skipped
2026-10-06T10:34:45 | INFO     | session_runner | [cycle 125] 10:34:45 ET | positions=0 | entries=0
2026-10-06T10:34:45 | INFO     | session_runner | [bridge:SPY] rsi_trend ready: sufficient bars
2026-10-06T10:34:45 | INFO     | session_runner | Stale signal: SPY/orb age=45 min > max 10 min — skipped
2026-10-06T10:34:45 | INFO     | session_runner | Stale signal: SPY/vwap_reclaim age=50 min > max 10 min — skipped
2026-10-06T10:35:15 | INFO     | session_runner | [cycle 126] 10:35:15 ET | positions=0 | entries=0
2026-10-06T10:35:16 | INFO     | session_runner | [bridge:SPY] rsi_trend ready: sufficient bars
2026-10-06T10:35:16 | INFO     | session_runner | Stale signal: SPY/orb age=45 min > max 10 min — skipped
2026-10-06T10:35:16 | INFO     | session_runner | Stale signal: SPY/vwap_reclaim age=50 min > max 10 min — skipped
2026-10-06T10:35:46 | INFO     | session_runner | [cycle 127] 10:35:46 ET | positions=0 | entries=0
2026-10-06T10:35:46 | INFO     | session_runner | [bridge:SPY] rsi_trend ready: sufficient bars
2026-10-06T10:35:46 | INFO     | session_runner | Stale signal: SPY/orb age=46 min > max 10 min — skipped
2026-10-06T10:35:46 | INFO     | session_runner | Stale signal: SPY/vwap_reclaim age=51 min > max 10 min — skipped
2026-10-06T10:36:16 | INFO     | session_runner | [cycle 128] 10:36:16 ET | positions=0 | entries=0
2026-10-06T10:36:16 | INFO     | session_runner | [bridge:SPY] rsi_trend ready: sufficient bars
2026-10-06T10:36:16 | INFO     | session_runner | Stale signal: SPY/orb age=46 min > max 10 min — skipped
2026-10-06T10:36:16 | INFO     | session_runner | Stale signal: SPY/vwap_reclaim age=51 min > max 10 min — skipped
2026-10-06T10:36:46 | INFO     | session_runner | [cycle 129] 10:36:46 ET | positions=0 | entries=0
2026-10-06T10:36:47 | INFO     | session_runner | [bridge:SPY] rsi_trend ready: sufficient bars
2026-10-06T10:36:47 | INFO     | session_runner | Stale signal: SPY/orb age=47 min > max 10 min — skipped
2026-10-06T10:36:47 | INFO     | session_runner | Stale signal: SPY/vwap_reclaim age=52 min > max 10 min — skipped
2026-10-06T10:37:17 | INFO     | session_runner | [cycle 130] 10:37:17 ET | positions=0 | entries=0
2026-10-06T10:37:17 | INFO     | session_runner | [bridge:SPY] rsi_trend ready: sufficient bars
2026-10-06T10:37:17 | INFO     | session_runner | Stale signal: SPY/orb age=47 min > max 10 min — skipped
2026-10-06T10:37:17 | INFO     | session_runner | Stale signal: SPY/vwap_reclaim age=52 min > max 10 min — skipped
2026-10-06T10:37:47 | INFO     | session_runner | [cycle 131] 10:37:47 ET | positions=0 | entries=0
2026-10-06T10:37:47 | INFO     | session_runner | Periodic universe re-scan …
2026-10-06T10:37:47 | INFO     | app.scanning.universe_loader | UniverseLoader: loaded 5 groups (13 flat symbols) from config/ticker_universe.yaml (blacklist=0)
2026-10-06T10:37:47 | INFO     | app.scanning.universe_loader | UniverseLoader: 38 symbols from 4 group(s) (blacklist=0)
2026-10-06T10:37:47 | INFO     | session_runner | Universe scan: 38 symbols from 4 group(s) | max_active=6
2026-10-06T10:37:52 | INFO     | session_runner | Scan: 20 passed, 18 rejected
2026-10-06T10:37:52 | INFO     | session_runner |   XLE     score=85.0  signal=LONG     reasons: rvol=1.54x (elevated), atr=1.82% (wide-range), orb_breakout
2026-10-06T10:37:52 | INFO     | session_runner |   AVGO    score=82.0  signal=LONG     reasons: rvol=2.76x (high), atr=2.84% (wide-range), orb_breakout
2026-10-06T10:37:52 | INFO     | session_runner |   IWM     score=78.0  signal=SHORT    reasons: rvol=1.62x (elevated), atr=1.29% (good range), orb_breakdown
2026-10-06T10:37:52 | INFO     | session_runner |   AMZN    score=77.0  signal=LONG     reasons: rvol=1.51x (elevated), atr=1.94% (wide-range), orb_breakout
2026-10-06T10:37:52 | INFO     | session_runner |   MSFT    score=75.0  signal=LONG     reasons: rvol=1.76x (elevated), atr=2.22% (wide-range), orb_breakout
2026-10-06T10:37:52 | WARNING  | app.scanning.alpaca_confirmer | AlpacaConfirmer: cannot fetch chain for IWM 2026-10-08: Client error '401 Unauthorized' for url 'https://api.tradier.com/v1/markets/quotes?symbols=IWM261008C00180000%2CIWM261008C00190000%2CIWM261008C00200000%2CIWM261008C00205000%2CIWM261008C00210000%2CIWM261008C00215000%2CIWM261008C00220000%2CIWM261008C00225000%2CIWM261008C00230000%2CIWM261008C00235000%2CIWM261008C00240000%2CIWM261008C00245000%2CIWM261008C00250000%2CIWM261008C00255000%2CIWM261008C00260000%2CIWM261008C00261000%2CIWM261008C00262000%2CIWM261008C00263000%2CIWM261008C00264000%2CIWM261008C00265000%2CIWM261008C00266000%2CIWM261008C00267000%2CIWM261008C00268000%2CIWM261008C00269000%2CIWM261008C00270000%2CIWM261008C00271000%2CIWM261008C00272000%2CIWM261008C00273000%2CIWM261008C00274000%2CIWM261008C00275000%2CIWM261008C00276000%2CIWM261008C00277000%2CIWM261008C00278000%2CIWM261008C00279000%2CIWM261008C00280000%2CIWM261008C00281000%2CIWM261008C00282000%2CIWM261008C00283000%2CIWM261008C00284000%2CIWM261008C00285000%2CIWM261008C00286000%2CIWM261008C00287000%2CIWM261008C00288000%2CIWM261008C00289000%2CIWM261008C00290000%2CIWM261008C00291000%2CIWM261008C00292000%2CIWM261008C00293000%2CIWM261008C00294000%2CIWM261008C00295000&greeks=true'
For more information check: https://developer.mozilla.org/en-US/docs/Web/HTTP/Status/401
2026-10-06T10:37:52 | WARNING  | app.scanning.alpaca_confirmer | AlpacaConfirmer: cannot fetch chain for MSFT 2026-10-09: Client error '401 Unauthorized' for url 'https://api.tradier.com/v1/markets/quotes?symbols=MSFT261009C00270000%2CMSFT261009C00280000%2CMSFT261009C00290000%2CMSFT261009C00300000%2CMSFT261009C00305000%2CMSFT261009C00310000%2CMSFT261009C00315000%2CMSFT261009C00320000%2CMSFT261009C00325000%2CMSFT261009C00330000%2CMSFT261009C00335000%2CMSFT261009C00340000%2CMSFT261009C00345000%2CMSFT261009C00350000%2CMSFT261009C00355000%2CMSFT261009C00360000%2CMSFT261009C00365000%2CMSFT261009C00370000%2CMSFT261009C00375000%2CMSFT261009C00380000%2CMSFT261009C00385000%2CMSFT261009C00390000%2CMSFT261009C00395000%2CMSFT261009C00400000%2CMSFT261009C00405000%2CMSFT261009C00410000%2CMSFT261009C00415000%2CMSFT261009C00420000%2CMSFT261009C00425000%2CMSFT261009C00430000%2CMSFT261009C00435000%2CMSFT261009C00440000%2CMSFT261009C00445000%2CMSFT261009C00450000%2CMSFT261009C00455000%2CMSFT261009C00457500%2CMSFT261009C00460000%2CMSFT261009C00462500%2CMSFT261009C00465000%2CMSFT261009C00467500%2CMSFT261009C00470000%2CMSFT261009C00472500%2CMSFT261009C00475000%2CMSFT261009C00477500%2CMSFT261009C00480000%2CMSFT261009C00482500%2CMSFT261009C00485000%2CMSFT261009C00487500%2CMSFT261009C00490000%2CMSFT261009C00492500&greeks=true'
For more information check: https://developer.mozilla.org/en-US/docs/Web/HTTP/Status/401
2026-10-06T10:37:52 | WARNING  | app.scanning.alpaca_confirmer | AlpacaConfirmer: cannot fetch chain for MARA 2026-10-09: Client error '401 Unauthorized' for url 'https://api.tradier.com/v1/markets/quotes?symbols=MARA261009C00004000%2CMARA261009C00005000%2CMARA261009C00006000%2CMARA261009C00006500%2CMARA261009C00007000%2CMARA261009C00007500%2CMARA261009C00008000%2CMARA261009C00008500%2CMARA261009C00009000%2CMARA261009C00009500%2CMARA261009C00010000%2CMARA261009C00010500%2CMARA261009C00011000%2CMARA261009C00011500%2CMARA261009C00012000%2CMARA261009C00012500%2CMARA261009C00013000%2CMARA261009C00013500%2CMARA261009C00014000%2CMARA261009C00014500%2CMARA261009C00015000%2CMARA261009C00015500%2CMARA261009C00016000%2CMARA261009C00016500%2CMARA261009C00017000%2CMARA261009C00017500%2CMARA261009C00018000%2CMARA261009C00019000%2CMARA261009C00020000%2CMARA261009C00021000%2CMARA261009C00022000%2CMARA261009C00023000%2CMARA261009P00004000%2CMARA261009P00005000%2CMARA261009P00006000%2CMARA261009P00006500%2CMARA261009P00007000%2CMARA261009P00007500%2CMARA261009P00008000%2CMARA261009P00008500%2CMARA261009P00009000%2CMARA261009P00009500%2CMARA261009P00010000%2CMARA261009P00010500%2CMARA261009P00011000%2CMARA261009P00011500%2CMARA261009P00012000%2CMARA261009P00012500%2CMARA261009P00013000%2CMARA261009P00013500&greeks=true'
For more information check: https://developer.mozilla.org/en-US/docs/Web/HTTP/Status/401
2026-10-06T10:37:52 | WARNING  | app.scanning.alpaca_confirmer | AlpacaConfirmer: cannot fetch chain for AAPL 2026-10-09: Client error '401 Unauthorized' for url 'https://api.tradier.com/v1/markets/quotes?symbols=AAPL261009C00110000%2CAAPL261009C00120000%2CAAPL261009C00125000%2CAAPL261009C00130000%2CAAPL261009C00135000%2CAAPL261009C00140000%2CAAPL261009C00145000%2CAAPL261009C00150000%2CAAPL261009C00155000%2CAAPL261009C00160000%2CAAPL261009C00165000%2CAAPL261009C00170000%2CAAPL261009C00175000%2CAAPL261009C00180000%2CAAPL261009C00185000%2CAAPL261009C00190000%2CAAPL261009C00195000%2CAAPL261009C00200000%2CAAPL261009C00205000%2CAAPL261009C00210000%2CAAPL261009C00215000%2CAAPL261009C00220000%2CAAPL261009C00225000%2CAAPL261009C00230000%2CAAPL261009C00235000%2CAAPL261009C00240000%2CAAPL261009C00245000%2CAAPL261009C00250000%2CAAPL261009C00255000%2CAAPL261009C00260000%2CAAPL261009C00265000%2CAAPL261009C00270000%2CAAPL261009C00275000%2CAAPL261009C00280000%2CAAPL261009C00285000%2CAAPL261009C00290000%2CAAPL261009C00295000%2CAAPL261009C00300000%2CAAPL261009C00302500%2CAAPL261009C00305000%2CAAPL261009C00307500%2CAAPL261009C00310000%2CAAPL261009C00312500%2CAAPL261009C00315000%2CAAPL261009C00317500%2CAAPL261009C00320000%2CAAPL261009C00322500%2CAAPL261009C00325000%2CAAPL261009C00327500%2CAAPL261009C00330000&greeks=true'
For more information check: https://developer.mozilla.org/en-US/docs/Web/HTTP/Status/401
2026-10-06T10:37:52 | WARNING  | app.scanning.alpaca_confirmer | AlpacaConfirmer: cannot fetch chain for NVDA 2026-10-09: Client error '401 Unauthorized' for url 'https://api.tradier.com/v1/markets/quotes?symbols=NVDA261009C00050000%2CNVDA261009C00055000%2CNVDA261009C00060000%2CNVDA261009C00065000%2CNVDA261009C00070000%2CNVDA261009C00075000%2CNVDA261009C00080000%2CNVDA261009C00085000%2CNVDA261009C00090000%2CNVDA261009C00095000%2CNVDA261009C00100000%2CNVDA261009C00105000%2CNVDA261009C00110000%2CNVDA261009C00115000%2CNVDA261009C00120000%2CNVDA261009C00125000%2CNVDA261009C00130000%2CNVDA261009C00135000%2CNVDA261009C00140000%2CNVDA261009C00145000%2CNVDA261009C00150000%2CNVDA261009C00155000%2CNVDA261009C00160000%2CNVDA261009C00165000%2CNVDA261009C00170000%2CNVDA261009C00175000%2CNVDA261009C00180000%2CNVDA261009C00185000%2CNVDA261009C00190000%2CNVDA261009C00195000%2CNVDA261009C00197500%2CNVDA261009C00200000%2CNVDA261009C00202500%2CNVDA261009C00205000%2CNVDA261009C00207500%2CNVDA261009C00210000%2CNVDA261009C00212500%2CNVDA261009C00215000%2CNVDA261009C00217500%2CNVDA261009C00220000%2CNVDA261009C00222500%2CNVDA261009C00225000%2CNVDA261009C00227500%2CNVDA261009C00230000%2CNVDA261009C00232500%2CNVDA261009C00235000%2CNVDA261009C00237500%2CNVDA261009C00240000%2CNVDA261009C00242500%2CNVDA261009C00245000&greeks=true'
For more information check: https://developer.mozilla.org/en-US/docs/Web/HTTP/Status/401
2026-10-06T10:37:52 | WARNING  | app.scanning.alpaca_confirmer | AlpacaConfirmer: cannot fetch chain for RIVN 2026-10-09: Client error '401 Unauthorized' for url 'https://api.tradier.com/v1/markets/quotes?symbols=RIVN261009C00005000%2CRIVN261009C00009000%2CRIVN261009C00010000%2CRIVN261009C00010500%2CRIVN261009C00011000%2CRIVN261009C00011500%2CRIVN261009C00012000%2CRIVN261009C00012500%2CRIVN261009C00013000%2CRIVN261009C00013500%2CRIVN261009C00014000%2CRIVN261009C00014500%2CRIVN261009C00015000%2CRIVN261009C00015500%2CRIVN261009C00016000%2CRIVN261009C00016500%2CRIVN261009C00017000%2CRIVN261009C00017500%2CRIVN261009C00018000%2CRIVN261009C00018500%2CRIVN261009C00019000%2CRIVN261009C00019500%2CRIVN261009C00020000%2CRIVN261009C00020500%2CRIVN261009C00021000%2CRIVN261009C00021500%2CRIVN261009C00022000%2CRIVN261009C00023000%2CRIVN261009C00024000%2CRIVN261009C00025000%2CRIVN261009C00030000%2CRIVN261009P00005000%2CRIVN261009P00009000%2CRIVN261009P00010000%2CRIVN261009P00010500%2CRIVN261009P00011000%2CRIVN261009P00011500%2CRIVN261009P00012000%2CRIVN261009P00012500%2CRIVN261009P00013000%2CRIVN261009P00013500%2CRIVN261009P00014000%2CRIVN261009P00014500%2CRIVN261009P00015000%2CRIVN261009P00015500%2CRIVN261009P00016000%2CRIVN261009P00016500%2CRIVN261009P00017000%2CRIVN261009P00017500%2CRIVN261009P00018000&greeks=true'
For more information check: https://developer.mozilla.org/en-US/docs/Web/HTTP/Status/401
2026-10-06T10:37:52 | WARNING  | app.scanning.alpaca_confirmer | AlpacaConfirmer: cannot fetch chain for AVGO 2026-10-09: Client error '401 Unauthorized' for url 'https://api.tradier.com/v1/markets/quotes?symbols=AVGO261009C00210000%2CAVGO261009C00215000%2CAVGO261009C00220000%2CAVGO261009C00225000%2CAVGO261009C00230000%2CAVGO261009C00235000%2CAVGO261009C00240000%2CAVGO261009C00245000%2CAVGO261009C00250000%2CAVGO261009C00255000%2CAVGO261009C00260000%2CAVGO261009C00265000%2CAVGO261009C00270000%2CAVGO261009C00275000%2CAVGO261009C00280000%2CAVGO261009C00285000%2CAVGO261009C00290000%2CAVGO261009C00295000%2CAVGO261009C00300000%2CAVGO261009C00305000%2CAVGO261009C00310000%2CAVGO261009C00315000%2CAVGO261009C00317500%2CAVGO261009C00320000%2CAVGO261009C00322500%2CAVGO261009C00325000%2CAVGO261009C00327500%2CAVGO261009C00330000%2CAVGO261009C00332500%2CAVGO261009C00335000%2CAVGO261009C00337500%2CAVGO261009C00340000%2CAVGO261009C00342500%2CAVGO261009C00345000%2CAVGO261009C00347500%2CAVGO261009C00350000%2CAVGO261009C00352500%2CAVGO261009C00355000%2CAVGO261009C00357500%2CAVGO261009C00360000%2CAVGO261009C00362500%2CAVGO261009C00365000%2CAVGO261009C00367500%2CAVGO261009C00370000%2CAVGO261009C00372500%2CAVGO261009C00375000%2CAVGO261009C00377500%2CAVGO261009C00380000%2CAVGO261009C00382500%2CAVGO261009C00385000&greeks=true'
For more information check: https://developer.mozilla.org/en-US/docs/Web/HTTP/Status/401
2026-10-06T10:37:52 | WARNING  | app.scanning.alpaca_confirmer | AlpacaConfirmer: cannot fetch chain for AMZN 2026-10-09: Client error '401 Unauthorized' for url 'https://api.tradier.com/v1/markets/quotes?symbols=AMZN261009C00140000%2CAMZN261009C00145000%2CAMZN261009C00150000%2CAMZN261009C00155000%2CAMZN261009C00160000%2CAMZN261009C00165000%2CAMZN261009C00170000%2CAMZN261009C00175000%2CAMZN261009C00180000%2CAMZN261009C00185000%2CAMZN261009C00190000%2CAMZN261009C00195000%2CAMZN261009C00200000%2CAMZN261009C00205000%2CAMZN261009C00210000%2CAMZN261009C00215000%2CAMZN261009C00220000%2CAMZN261009C00222500%2CAMZN261009C00225000%2CAMZN261009C00227500%2CAMZN261009C00230000%2CAMZN261009C00232500%2CAMZN261009C00235000%2CAMZN261009C00237500%2CAMZN261009C00240000%2CAMZN261009C00242500%2CAMZN261009C00245000%2CAMZN261009C00247500%2CAMZN261009C00250000%2CAMZN261009C00252500%2CAMZN261009C00255000%2CAMZN261009C00257500%2CAMZN261009C00260000%2CAMZN261009C00262500%2CAMZN261009C00265000%2CAMZN261009C00267500%2CAMZN261009C00270000%2CAMZN261009C00272500%2CAMZN261009C00275000%2CAMZN261009C00277500%2CAMZN261009C00280000%2CAMZN261009C00285000%2CAMZN261009C00290000%2CAMZN261009C00295000%2CAMZN261009C00300000%2CAMZN261009C00305000%2CAMZN261009C00310000%2CAMZN261009C00315000%2CAMZN261009C00320000%2CAMZN261009C00325000&greeks=true'
For more information check: https://developer.mozilla.org/en-US/docs/Web/HTTP/Status/401
2026-10-06T10:37:52 | WARNING  | app.scanning.alpaca_confirmer | AlpacaConfirmer: cannot fetch chain for XLE 2026-10-09: Client error '401 Unauthorized' for url 'https://api.tradier.com/v1/markets/quotes?symbols=XLE261009C00035000%2CXLE261009C00040000%2CXLE261009C00045000%2CXLE261009C00050000%2CXLE261009C00051000%2CXLE261009C00052000%2CXLE261009C00053000%2CXLE261009C00054000%2CXLE261009C00055000%2CXLE261009C00056000%2CXLE261009C00056500%2CXLE261009C00057000%2CXLE261009C00057500%2CXLE261009C00058000%2CXLE261009C00058500%2CXLE261009C00059000%2CXLE261009C00059500%2CXLE261009C00060000%2CXLE261009C00060500%2CXLE261009C00061000%2CXLE261009C00061500%2CXLE261009C00062000%2CXLE261009C00062500%2CXLE261009C00063000%2CXLE261009C00063500%2CXLE261009C00064000%2CXLE261009C00064500%2CXLE261009C00065000%2CXLE261009C00065500%2CXLE261009C00066000%2CXLE261009C00066500%2CXLE261009C00067000%2CXLE261009C00067500%2CXLE261009C00068000%2CXLE261009C00068500%2CXLE261009C00069000%2CXLE261009C00070000%2CXLE261009C00071000%2CXLE261009C00075000%2CXLE261009C00080000%2CXLE261009P00035000%2CXLE261009P00040000%2CXLE261009P00045000%2CXLE261009P00050000%2CXLE261009P00051000%2CXLE261009P00052000%2CXLE261009P00053000%2CXLE261009P00054000%2CXLE261009P00055000%2CXLE261009P00056000&greeks=true'
For more information check: https://developer.mozilla.org/en-US/docs/Web/HTTP/Status/401
2026-10-06T10:37:52 | WARNING  | app.scanning.alpaca_confirmer | AlpacaConfirmer: cannot fetch chain for HOOD 2026-10-09: Client error '401 Unauthorized' for url 'https://api.tradier.com/v1/markets/quotes?symbols=HOOD261009C00025000%2CHOOD261009C00030000%2CHOOD261009C00035000%2CHOOD261009C00040000%2CHOOD261009C00045000%2CHOOD261009C00050000%2CHOOD261009C00055000%2CHOOD261009C00060000%2CHOOD261009C00065000%2CHOOD261009C00070000%2CHOOD261009C00075000%2CHOOD261009C00080000%2CHOOD261009C00085000%2CHOOD261009C00090000%2CHOOD261009C00091000%2CHOOD261009C00092000%2CHOOD261009C00093000%2CHOOD261009C00094000%2CHOOD261009C00095000%2CHOOD261009C00096000%2CHOOD261009C00097000%2CHOOD261009C00098000%2CHOOD261009C00099000%2CHOOD261009C00100000%2CHOOD261009C00101000%2CHOOD261009C00102000%2CHOOD261009C00103000%2CHOOD261009C00104000%2CHOOD261009C00105000%2CHOOD261009C00106000%2CHOOD261009C00107000%2CHOOD261009C00108000%2CHOOD261009C00109000%2CHOOD261009C00110000%2CHOOD261009C00111000%2CHOOD261009C00112000%2CHOOD261009C00113000%2CHOOD261009C00114000%2CHOOD261009C00115000%2CHOOD261009C00116000%2CHOOD261009C00117000%2CHOOD261009C00118000%2CHOOD261009C00119000%2CHOOD261009C00120000%2CHOOD261009C00121000%2CHOOD261009C00122000%2CHOOD261009C00123000%2CHOOD261009C00124000%2CHOOD261009C00125000%2CHOOD261009C00126000&greeks=true'
For more information check: https://developer.mozilla.org/en-US/docs/Web/HTTP/Status/401
2026-10-06T10:37:52 | WARNING  | app.scanning.alpaca_confirmer | AlpacaConfirmer: cannot fetch chain for UBER 2026-10-09: Client error '401 Unauthorized' for url 'https://api.tradier.com/v1/markets/quotes?symbols=UBER261009C00050000%2CUBER261009C00055000%2CUBER261009C00057000%2CUBER261009C00058000%2CUBER261009C00059000%2CUBER261009C00060000%2CUBER261009C00061000%2CUBER261009C00062000%2CUBER261009C00063000%2CUBER261009C00064000%2CUBER261009C00065000%2CUBER261009C00066000%2CUBER261009C00067000%2CUBER261009C00068000%2CUBER261009C00069000%2CUBER261009C00070000%2CUBER261009C00071000%2CUBER261009C00072000%2CUBER261009C00073000%2CUBER261009C00074000%2CUBER261009C00075000%2CUBER261009C00076000%2CUBER261009C00077000%2CUBER261009C00078000%2CUBER261009C00079000%2CUBER261009C00080000%2CUBER261009C00081000%2CUBER261009C00082000%2CUBER261009C00083000%2CUBER261009C00084000%2CUBER261009C00085000%2CUBER261009C00086000%2CUBER261009C00087000%2CUBER261009C00088000%2CUBER261009C00089000%2CUBER261009C00090000%2CUBER261009C00091000%2CUBER261009C00095000%2CUBER261009C00100000%2CUBER261009C00105000%2CUBER261009P00050000%2CUBER261009P00055000%2CUBER261009P00057000%2CUBER261009P00058000%2CUBER261009P00059000%2CUBER261009P00060000%2CUBER261009P00061000%2CUBER261009P00062000%2CUBER261009P00063000%2CUBER261009P00064000&greeks=true'
For more information check: https://developer.mozilla.org/en-US/docs/Web/HTTP/Status/401
2026-10-06T10:37:52 | WARNING  | app.scanning.alpaca_confirmer | AlpacaConfirmer: cannot fetch chain for AMD 2026-10-09: Client error '401 Unauthorized' for url 'https://api.tradier.com/v1/markets/quotes?symbols=AMD261009C00040000%2CAMD261009C00045000%2CAMD261009C00050000%2CAMD261009C00055000%2CAMD261009C00060000%2CAMD261009C00065000%2CAMD261009C00070000%2CAMD261009C00075000%2CAMD261009C00080000%2CAMD261009C00085000%2CAMD261009C00090000%2CAMD261009C00095000%2CAMD261009C00100000%2CAMD261009C00105000%2CAMD261009C00110000%2CAMD261009C00115000%2CAMD261009C00120000%2CAMD261009C00125000%2CAMD261009C00130000%2CAMD261009C00135000%2CAMD261009C00140000%2CAMD261009C00145000%2CAMD261009C00150000%2CAMD261009C00155000%2CAMD261009C00160000%2CAMD261009C00165000%2CAMD261009C00170000%2CAMD261009C00175000%2CAMD261009C00180000%2CAMD261009C00185000%2CAMD261009C00190000%2CAMD261009C00195000%2CAMD261009C00200000%2CAMD261009C00205000%2CAMD261009C00210000%2CAMD261009C00215000%2CAMD261009C00220000%2CAMD261009C00225000%2CAMD261009C00230000%2CAMD261009C00235000%2CAMD261009C00240000%2CAMD261009C00245000%2CAMD261009C00250000%2CAMD261009C00255000%2CAMD261009C00260000%2CAMD261009C00265000%2CAMD261009C00270000%2CAMD261009C00275000%2CAMD261009C00280000%2CAMD261009C00285000&greeks=true'
For more information check: https://developer.mozilla.org/en-US/docs/Web/HTTP/Status/401
2026-10-06T10:37:52 | INFO     | session_runner | AlpacaConfirmer: 0 confirmed symbols: []
2026-10-06T10:37:52 | WARNING  | session_runner | Re-scan returned no confirmed symbols — falling back to ['SPY']
2026-10-06T10:37:53 | INFO     | session_runner | Broad-market regime | SPY=long
2026-10-06T10:37:53 | INFO     | session_runner | [bridge:SPY] rsi_trend ready: sufficient bars
2026-10-06T10:37:53 | INFO     | session_runner | Stale signal: SPY/orb age=48 min > max 10 min — skipped
2026-10-06T10:37:53 | INFO     | session_runner | Stale signal: SPY/vwap_reclaim age=53 min > max 10 min — skipped
2026-10-06T10:38:23 | INFO     | session_runner | [cycle 132] 10:38:23 ET | positions=0 | entries=0
2026-10-06T10:38:24 | INFO     | session_runner | [bridge:SPY] rsi_trend ready: sufficient bars
2026-10-06T10:38:24 | INFO     | session_runner | Stale signal: SPY/orb age=48 min > max 10 min — skipped
2026-10-06T10:38:24 | INFO     | session_runner | Stale signal: SPY/vwap_reclaim age=53 min > max 10 min — skipped
2026-10-06T10:38:54 | INFO     | session_runner | [cycle 133] 10:38:54 ET | positions=0 | entries=0
2026-10-06T10:38:54 | INFO     | session_runner | [bridge:SPY] rsi_trend ready: sufficient bars
2026-10-06T10:38:54 | INFO     | session_runner | Stale signal: SPY/orb age=49 min > max 10 min — skipped
2026-10-06T10:38:54 | INFO     | session_runner | Stale signal: SPY/vwap_reclaim age=54 min > max 10 min — skipped
2026-10-06T10:39:24 | INFO     | session_runner | [cycle 134] 10:39:24 ET | positions=0 | entries=0
2026-10-06T10:39:24 | INFO     | session_runner | [bridge:SPY] rsi_trend ready: sufficient bars
2026-10-06T10:39:24 | INFO     | session_runner | Stale signal: SPY/orb age=49 min > max 10 min — skipped
2026-10-06T10:39:24 | INFO     | session_runner | Stale signal: SPY/vwap_reclaim age=54 min > max 10 min — skipped
2026-10-06T10:39:54 | INFO     | session_runner | [cycle 135] 10:39:54 ET | positions=0 | entries=0
2026-10-06T10:39:55 | INFO     | session_runner | [bridge:SPY] rsi_trend ready: sufficient bars
2026-10-06T10:39:55 | INFO     | session_runner | Stale signal: SPY/orb age=50 min > max 10 min — skipped
2026-10-06T10:39:55 | INFO     | session_runner | Stale signal: SPY/vwap_reclaim age=55 min > max 10 min — skipped
2026-10-06T10:40:25 | INFO     | session_runner | [cycle 136] 10:40:25 ET | positions=0 | entries=0
2026-10-06T10:40:25 | INFO     | session_runner | [bridge:SPY] rsi_trend ready: sufficient bars
2026-10-06T10:40:25 | INFO     | session_runner | Stale signal: SPY/orb age=50 min > max 10 min — skipped
2026-10-06T10:40:25 | INFO     | session_runner | Stale signal: SPY/vwap_reclaim age=55 min > max 10 min — skipped
2026-10-06T10:40:55 | INFO     | session_runner | [cycle 137] 10:40:55 ET | positions=0 | entries=0
2026-10-06T10:40:56 | INFO     | session_runner | [bridge:SPY] rsi_trend ready: sufficient bars
2026-10-06T10:40:56 | INFO     | session_runner | Stale signal: SPY/orb age=51 min > max 10 min — skipped
2026-10-06T10:40:56 | INFO     | session_runner | Stale signal: SPY/vwap_reclaim age=56 min > max 10 min — skipped
2026-10-06T10:41:26 | INFO     | session_runner | [cycle 138] 10:41:26 ET | positions=0 | entries=0
2026-10-06T10:41:26 | INFO     | session_runner | [bridge:SPY] rsi_trend ready: sufficient bars
2026-10-06T10:41:26 | INFO     | session_runner | Stale signal: SPY/orb age=51 min > max 10 min — skipped
2026-10-06T10:41:26 | INFO     | session_runner | Stale signal: SPY/vwap_reclaim age=56 min > max 10 min — skipped
2026-10-06T10:41:56 | INFO     | session_runner | [cycle 139] 10:41:56 ET | positions=0 | entries=0
2026-10-06T10:41:57 | INFO     | session_runner | [bridge:SPY] rsi_trend ready: sufficient bars
2026-10-06T10:41:57 | INFO     | session_runner | Stale signal: SPY/orb age=52 min > max 10 min — skipped
2026-10-06T10:41:57 | INFO     | session_runner | Stale signal: SPY/vwap_reclaim age=57 min > max 10 min — skipped
2026-10-06T10:42:27 | INFO     | session_runner | [cycle 140] 10:42:27 ET | positions=0 | entries=0
2026-10-06T10:42:27 | INFO     | session_runner | [bridge:SPY] rsi_trend ready: sufficient bars
2026-10-06T10:42:27 | INFO     | session_runner | Stale signal: SPY/orb age=52 min > max 10 min — skipped
2026-10-06T10:42:27 | INFO     | session_runner | Stale signal: SPY/vwap_reclaim age=57 min > max 10 min — skipped
2026-10-06T10:42:57 | INFO     | session_runner | [cycle 141] 10:42:57 ET | positions=0 | entries=0
2026-10-06T10:42:57 | INFO     | app.trading.reconciler | Reconciliation done: broker_pos=0 local_pos=0 broker_orders=0 local_pending=0 repaired=0 flagged=0 orders_confirmed=True positions_confirmed=True
2026-10-06T10:42:57 | INFO     | session_runner | Periodic universe re-scan …
2026-10-06T10:42:57 | INFO     | app.scanning.universe_loader | UniverseLoader: loaded 5 groups (13 flat symbols) from config/ticker_universe.yaml (blacklist=0)
2026-10-06T10:42:57 | INFO     | app.scanning.universe_loader | UniverseLoader: 38 symbols from 4 group(s) (blacklist=0)
2026-10-06T10:42:57 | INFO     | session_runner | Universe scan: 38 symbols from 4 group(s) | max_active=6
2026-10-06T10:43:01 | INFO     | session_runner | Scan: 19 passed, 19 rejected
2026-10-06T10:43:01 | INFO     | session_runner |   AVGO    score=82.0  signal=LONG     reasons: rvol=2.75x (high), atr=2.83% (wide-range), orb_breakout
2026-10-06T10:43:01 | INFO     | session_runner |   IWM     score=78.0  signal=SHORT    reasons: rvol=1.55x (elevated), atr=1.29% (good range), orb_breakdown
2026-10-06T10:43:01 | INFO     | session_runner |   AMZN    score=77.0  signal=LONG     reasons: rvol=1.50x (elevated), atr=1.96% (wide-range), orb_breakout
2026-10-06T10:43:01 | INFO     | session_runner |   XLE     score=75.0  signal=LONG     reasons: rvol=1.48x (normal), atr=1.82% (wide-range), orb_breakout
2026-10-06T10:43:01 | INFO     | session_runner |   MSFT    score=75.0  signal=LONG     reasons: rvol=1.68x (elevated), atr=2.21% (wide-range), orb_breakout
2026-10-06T10:43:02 | WARNING  | app.scanning.alpaca_confirmer | AlpacaConfirmer: cannot fetch chain for AVGO 2026-10-09: Client error '401 Unauthorized' for url 'https://api.tradier.com/v1/markets/quotes?symbols=AVGO261009C00210000%2CAVGO261009C00215000%2CAVGO261009C00220000%2CAVGO261009C00225000%2CAVGO261009C00230000%2CAVGO261009C00235000%2CAVGO261009C00240000%2CAVGO261009C00245000%2CAVGO261009C00250000%2CAVGO261009C00255000%2CAVGO261009C00260000%2CAVGO261009C00265000%2CAVGO261009C00270000%2CAVGO261009C00275000%2CAVGO261009C00280000%2CAVGO261009C00285000%2CAVGO261009C00290000%2CAVGO261009C00295000%2CAVGO261009C00300000%2CAVGO261009C00305000%2CAVGO261009C00310000%2CAVGO261009C00315000%2CAVGO261009C00317500%2CAVGO261009C00320000%2CAVGO261009C00322500%2CAVGO261009C00325000%2CAVGO261009C00327500%2CAVGO261009C00330000%2CAVGO261009C00332500%2CAVGO261009C00335000%2CAVGO261009C00337500%2CAVGO261009C00340000%2CAVGO261009C00342500%2CAVGO261009C00345000%2CAVGO261009C00347500%2CAVGO261009C00350000%2CAVGO261009C00352500%2CAVGO261009C00355000%2CAVGO261009C00357500%2CAVGO261009C00360000%2CAVGO261009C00362500%2CAVGO261009C00365000%2CAVGO261009C00367500%2CAVGO261009C00370000%2CAVGO261009C00372500%2CAVGO261009C00375000%2CAVGO261009C00377500%2CAVGO261009C00380000%2CAVGO261009C00382500%2CAVGO261009C00385000&greeks=true'
For more information check: https://developer.mozilla.org/en-US/docs/Web/HTTP/Status/401
2026-10-06T10:43:02 | WARNING  | app.scanning.alpaca_confirmer | AlpacaConfirmer: cannot fetch chain for GOOGL 2026-10-09: Client error '401 Unauthorized' for url 'https://api.tradier.com/v1/markets/quotes?symbols=GOOGL261009C00100000%2CGOOGL261009C00105000%2CGOOGL261009C00110000%2CGOOGL261009C00115000%2CGOOGL261009C00120000%2CGOOGL261009C00125000%2CGOOGL261009C00130000%2CGOOGL261009C00135000%2CGOOGL261009C00140000%2CGOOGL261009C00145000%2CGOOGL261009C00150000%2CGOOGL261009C00155000%2CGOOGL261009C00160000%2CGOOGL261009C00165000%2CGOOGL261009C00170000%2CGOOGL261009C00175000%2CGOOGL261009C00180000%2CGOOGL261009C00185000%2CGOOGL261009C00190000%2CGOOGL261009C00195000%2CGOOGL261009C00200000%2CGOOGL261009C00205000%2CGOOGL261009C00210000%2CGOOGL261009C00215000%2CGOOGL261009C00220000%2CGOOGL261009C00225000%2CGOOGL261009C00230000%2CGOOGL261009C00235000%2CGOOGL261009C00240000%2CGOOGL261009C00245000%2CGOOGL261009C00250000%2CGOOGL261009C00255000%2CGOOGL261009C00260000%2CGOOGL261009C00265000%2CGOOGL261009C00270000%2CGOOGL261009C00275000%2CGOOGL261009C00280000%2CGOOGL261009C00285000%2CGOOGL261009C00290000%2CGOOGL261009C00295000%2CGOOGL261009C00300000%2CGOOGL261009C00305000%2CGOOGL261009C00307500%2CGOOGL261009C00310000%2CGOOGL261009C00312500%2CGOOGL261009C00315000%2CGOOGL261009C00317500%2CGOOGL261009C00320000%2CGOOGL261009C00322500%2CGOOGL261009C00325000&greeks=true'
For more information check: https://developer.mozilla.org/en-US/docs/Web/HTTP/Status/401
2026-10-06T10:43:02 | WARNING  | app.scanning.alpaca_confirmer | AlpacaConfirmer: cannot fetch chain for UBER 2026-10-09: Client error '401 Unauthorized' for url 'https://api.tradier.com/v1/markets/quotes?symbols=UBER261009C00050000%2CUBER261009C00055000%2CUBER261009C00057000%2CUBER261009C00058000%2CUBER261009C00059000%2CUBER261009C00060000%2CUBER261009C00061000%2CUBER261009C00062000%2CUBER261009C00063000%2CUBER261009C00064000%2CUBER261009C00065000%2CUBER261009C00066000%2CUBER261009C00067000%2CUBER261009C00068000%2CUBER261009C00069000%2CUBER261009C00070000%2CUBER261009C00071000%2CUBER261009C00072000%2CUBER261009C00073000%2CUBER261009C00074000%2CUBER261009C00075000%2CUBER261009C00076000%2CUBER261009C00077000%2CUBER261009C00078000%2CUBER261009C00079000%2CUBER261009C00080000%2CUBER261009C00081000%2CUBER261009C00082000%2CUBER261009C00083000%2CUBER261009C00084000%2CUBER261009C00085000%2CUBER261009C00086000%2CUBER261009C00087000%2CUBER261009C00088000%2CUBER261009C00089000%2CUBER261009C00090000%2CUBER261009C00091000%2CUBER261009C00095000%2CUBER261009C00100000%2CUBER261009C00105000%2CUBER261009P00050000%2CUBER261009P00055000%2CUBER261009P00057000%2CUBER261009P00058000%2CUBER261009P00059000%2CUBER261009P00060000%2CUBER261009P00061000%2CUBER261009P00062000%2CUBER261009P00063000%2CUBER261009P00064000&greeks=true'
For more information check: https://developer.mozilla.org/en-US/docs/Web/HTTP/Status/401
2026-10-06T10:43:02 | WARNING  | app.scanning.alpaca_confirmer | AlpacaConfirmer: cannot fetch chain for AMZN 2026-10-09: Client error '401 Unauthorized' for url 'https://api.tradier.com/v1/markets/quotes?symbols=AMZN261009C00140000%2CAMZN261009C00145000%2CAMZN261009C00150000%2CAMZN261009C00155000%2CAMZN261009C00160000%2CAMZN261009C00165000%2CAMZN261009C00170000%2CAMZN261009C00175000%2CAMZN261009C00180000%2CAMZN261009C00185000%2CAMZN261009C00190000%2CAMZN261009C00195000%2CAMZN261009C00200000%2CAMZN261009C00205000%2CAMZN261009C00210000%2CAMZN261009C00215000%2CAMZN261009C00220000%2CAMZN261009C00222500%2CAMZN261009C00225000%2CAMZN261009C00227500%2CAMZN261009C00230000%2CAMZN261009C00232500%2CAMZN261009C00235000%2CAMZN261009C00237500%2CAMZN261009C00240000%2CAMZN261009C00242500%2CAMZN261009C00245000%2CAMZN261009C00247500%2CAMZN261009C00250000%2CAMZN261009C00252500%2CAMZN261009C00255000%2CAMZN261009C00257500%2CAMZN261009C00260000%2CAMZN261009C00262500%2CAMZN261009C00265000%2CAMZN261009C00267500%2CAMZN261009C00270000%2CAMZN261009C00272500%2CAMZN261009C00275000%2CAMZN261009C00277500%2CAMZN261009C00280000%2CAMZN261009C00285000%2CAMZN261009C00290000%2CAMZN261009C00295000%2CAMZN261009C00300000%2CAMZN261009C00305000%2CAMZN261009C00310000%2CAMZN261009C00315000%2CAMZN261009C00320000%2CAMZN261009C00325000&greeks=true'
For more information check: https://developer.mozilla.org/en-US/docs/Web/HTTP/Status/401
2026-10-06T10:43:02 | WARNING  | app.scanning.alpaca_confirmer | AlpacaConfirmer: cannot fetch chain for XLE 2026-10-09: Client error '401 Unauthorized' for url 'https://api.tradier.com/v1/markets/quotes?symbols=XLE261009C00035000%2CXLE261009C00040000%2CXLE261009C00045000%2CXLE261009C00050000%2CXLE261009C00051000%2CXLE261009C00052000%2CXLE261009C00053000%2CXLE261009C00054000%2CXLE261009C00055000%2CXLE261009C00056000%2CXLE261009C00056500%2CXLE261009C00057000%2CXLE261009C00057500%2CXLE261009C00058000%2CXLE261009C00058500%2CXLE261009C00059000%2CXLE261009C00059500%2CXLE261009C00060000%2CXLE261009C00060500%2CXLE261009C00061000%2CXLE261009C00061500%2CXLE261009C00062000%2CXLE261009C00062500%2CXLE261009C00063000%2CXLE261009C00063500%2CXLE261009C00064000%2CXLE261009C00064500%2CXLE261009C00065000%2CXLE261009C00065500%2CXLE261009C00066000%2CXLE261009C00066500%2CXLE261009C00067000%2CXLE261009C00067500%2CXLE261009C00068000%2CXLE261009C00068500%2CXLE261009C00069000%2CXLE261009C00070000%2CXLE261009C00071000%2CXLE261009C00075000%2CXLE261009C00080000%2CXLE261009P00035000%2CXLE261009P00040000%2CXLE261009P00045000%2CXLE261009P00050000%2CXLE261009P00051000%2CXLE261009P00052000%2CXLE261009P00053000%2CXLE261009P00054000%2CXLE261009P00055000%2CXLE261009P00056000&greeks=true'
For more information check: https://developer.mozilla.org/en-US/docs/Web/HTTP/Status/401
2026-10-06T10:43:02 | WARNING  | app.scanning.alpaca_confirmer | AlpacaConfirmer: cannot fetch chain for MSFT 2026-10-09: Client error '401 Unauthorized' for url 'https://api.tradier.com/v1/markets/quotes?symbols=MSFT261009C00270000%2CMSFT261009C00280000%2CMSFT261009C00290000%2CMSFT261009C00300000%2CMSFT261009C00305000%2CMSFT261009C00310000%2CMSFT261009C00315000%2CMSFT261009C00320000%2CMSFT261009C00325000%2CMSFT261009C00330000%2CMSFT261009C00335000%2CMSFT261009C00340000%2CMSFT261009C00345000%2CMSFT261009C00350000%2CMSFT261009C00355000%2CMSFT261009C00360000%2CMSFT261009C00365000%2CMSFT261009C00370000%2CMSFT261009C00375000%2CMSFT261009C00380000%2CMSFT261009C00385000%2CMSFT261009C00390000%2CMSFT261009C00395000%2CMSFT261009C00400000%2CMSFT261009C00405000%2CMSFT261009C00410000%2CMSFT261009C00415000%2CMSFT261009C00420000%2CMSFT261009C00425000%2CMSFT261009C00430000%2CMSFT261009C00435000%2CMSFT261009C00440000%2CMSFT261009C00445000%2CMSFT261009C00450000%2CMSFT261009C00455000%2CMSFT261009C00457500%2CMSFT261009C00460000%2CMSFT261009C00462500%2CMSFT261009C00465000%2CMSFT261009C00467500%2CMSFT261009C00470000%2CMSFT261009C00472500%2CMSFT261009C00475000%2CMSFT261009C00477500%2CMSFT261009C00480000%2CMSFT261009C00482500%2CMSFT261009C00485000%2CMSFT261009C00487500%2CMSFT261009C00490000%2CMSFT261009C00492500&greeks=true'
For more information check: https://developer.mozilla.org/en-US/docs/Web/HTTP/Status/401
2026-10-06T10:43:02 | WARNING  | app.scanning.alpaca_confirmer | AlpacaConfirmer: cannot fetch chain for AMD 2026-10-09: Client error '401 Unauthorized' for url 'https://api.tradier.com/v1/markets/quotes?symbols=AMD261009C00040000%2CAMD261009C00045000%2CAMD261009C00050000%2CAMD261009C00055000%2CAMD261009C00060000%2CAMD261009C00065000%2CAMD261009C00070000%2CAMD261009C00075000%2CAMD261009C00080000%2CAMD261009C00085000%2CAMD261009C00090000%2CAMD261009C00095000%2CAMD261009C00100000%2CAMD261009C00105000%2CAMD261009C00110000%2CAMD261009C00115000%2CAMD261009C00120000%2CAMD261009C00125000%2CAMD261009C00130000%2CAMD261009C00135000%2CAMD261009C00140000%2CAMD261009C00145000%2CAMD261009C00150000%2CAMD261009C00155000%2CAMD261009C00160000%2CAMD261009C00165000%2CAMD261009C00170000%2CAMD261009C00175000%2CAMD261009C00180000%2CAMD261009C00185000%2CAMD261009C00190000%2CAMD261009C00195000%2CAMD261009C00200000%2CAMD261009C00205000%2CAMD261009C00210000%2CAMD261009C00215000%2CAMD261009C00220000%2CAMD261009C00225000%2CAMD261009C00230000%2CAMD261009C00235000%2CAMD261009C00240000%2CAMD261009C00245000%2CAMD261009C00250000%2CAMD261009C00255000%2CAMD261009C00260000%2CAMD261009C00265000%2CAMD261009C00270000%2CAMD261009C00275000%2CAMD261009C00280000%2CAMD261009C00285000&greeks=true'
For more information check: https://developer.mozilla.org/en-US/docs/Web/HTTP/Status/401
2026-10-06T10:43:02 | WARNING  | app.scanning.alpaca_confirmer | AlpacaConfirmer: cannot fetch chain for AAPL 2026-10-09: Client error '401 Unauthorized' for url 'https://api.tradier.com/v1/markets/quotes?symbols=AAPL261009C00110000%2CAAPL261009C00120000%2CAAPL261009C00125000%2CAAPL261009C00130000%2CAAPL261009C00135000%2CAAPL261009C00140000%2CAAPL261009C00145000%2CAAPL261009C00150000%2CAAPL261009C00155000%2CAAPL261009C00160000%2CAAPL261009C00165000%2CAAPL261009C00170000%2CAAPL261009C00175000%2CAAPL261009C00180000%2CAAPL261009C00185000%2CAAPL261009C00190000%2CAAPL261009C00195000%2CAAPL261009C00200000%2CAAPL261009C00205000%2CAAPL261009C00210000%2CAAPL261009C00215000%2CAAPL261009C00220000%2CAAPL261009C00225000%2CAAPL261009C00230000%2CAAPL261009C00235000%2CAAPL261009C00240000%2CAAPL261009C00245000%2CAAPL261009C00250000%2CAAPL261009C00255000%2CAAPL261009C00260000%2CAAPL261009C00265000%2CAAPL261009C00270000%2CAAPL261009C00275000%2CAAPL261009C00280000%2CAAPL261009C00285000%2CAAPL261009C00290000%2CAAPL261009C00295000%2CAAPL261009C00300000%2CAAPL261009C00302500%2CAAPL261009C00305000%2CAAPL261009C00307500%2CAAPL261009C00310000%2CAAPL261009C00312500%2CAAPL261009C00315000%2CAAPL261009C00317500%2CAAPL261009C00320000%2CAAPL261009C00322500%2CAAPL261009C00325000%2CAAPL261009C00327500%2CAAPL261009C00330000&greeks=true'
For more information check: https://developer.mozilla.org/en-US/docs/Web/HTTP/Status/401
2026-10-06T10:43:02 | WARNING  | app.scanning.alpaca_confirmer | AlpacaConfirmer: cannot fetch chain for IWM 2026-10-08: Client error '401 Unauthorized' for url 'https://api.tradier.com/v1/markets/quotes?symbols=IWM261008C00180000%2CIWM261008C00190000%2CIWM261008C00200000%2CIWM261008C00205000%2CIWM261008C00210000%2CIWM261008C00215000%2CIWM261008C00220000%2CIWM261008C00225000%2CIWM261008C00230000%2CIWM261008C00235000%2CIWM261008C00240000%2CIWM261008C00245000%2CIWM261008C00250000%2CIWM261008C00255000%2CIWM261008C00260000%2CIWM261008C00261000%2CIWM261008C00262000%2CIWM261008C00263000%2CIWM261008C00264000%2CIWM261008C00265000%2CIWM261008C00266000%2CIWM261008C00267000%2CIWM261008C00268000%2CIWM261008C00269000%2CIWM261008C00270000%2CIWM261008C00271000%2CIWM261008C00272000%2CIWM261008C00273000%2CIWM261008C00274000%2CIWM261008C00275000%2CIWM261008C00276000%2CIWM261008C00277000%2CIWM261008C00278000%2CIWM261008C00279000%2CIWM261008C00280000%2CIWM261008C00281000%2CIWM261008C00282000%2CIWM261008C00283000%2CIWM261008C00284000%2CIWM261008C00285000%2CIWM261008C00286000%2CIWM261008C00287000%2CIWM261008C00288000%2CIWM261008C00289000%2CIWM261008C00290000%2CIWM261008C00291000%2CIWM261008C00292000%2CIWM261008C00293000%2CIWM261008C00294000%2CIWM261008C00295000&greeks=true'
For more information check: https://developer.mozilla.org/en-US/docs/Web/HTTP/Status/401
2026-10-06T10:43:02 | WARNING  | app.scanning.alpaca_confirmer | AlpacaConfirmer: cannot fetch chain for MARA 2026-10-09: Client error '401 Unauthorized' for url 'https://api.tradier.com/v1/markets/quotes?symbols=MARA261009C00004000%2CMARA261009C00005000%2CMARA261009C00006000%2CMARA261009C00006500%2CMARA261009C00007000%2CMARA261009C00007500%2CMARA261009C00008000%2CMARA261009C00008500%2CMARA261009C00009000%2CMARA261009C00009500%2CMARA261009C00010000%2CMARA261009C00010500%2CMARA261009C00011000%2CMARA261009C00011500%2CMARA261009C00012000%2CMARA261009C00012500%2CMARA261009C00013000%2CMARA261009C00013500%2CMARA261009C00014000%2CMARA261009C00014500%2CMARA261009C00015000%2CMARA261009C00015500%2CMARA261009C00016000%2CMARA261009C00016500%2CMARA261009C00017000%2CMARA261009C00017500%2CMARA261009C00018000%2CMARA261009C00019000%2CMARA261009C00020000%2CMARA261009C00021000%2CMARA261009C00022000%2CMARA261009C00023000%2CMARA261009P00004000%2CMARA261009P00005000%2CMARA261009P00006000%2CMARA261009P00006500%2CMARA261009P00007000%2CMARA261009P00007500%2CMARA261009P00008000%2CMARA261009P00008500%2CMARA261009P00009000%2CMARA261009P00009500%2CMARA261009P00010000%2CMARA261009P00010500%2CMARA261009P00011000%2CMARA261009P00011500%2CMARA261009P00012000%2CMARA261009P00012500%2CMARA261009P00013000%2CMARA261009P00013500&greeks=true'
For more information check: https://developer.mozilla.org/en-US/docs/Web/HTTP/Status/401
2026-10-06T10:43:02 | WARNING  | app.scanning.alpaca_confirmer | AlpacaConfirmer: cannot fetch chain for NVDA 2026-10-09: Client error '401 Unauthorized' for url 'https://api.tradier.com/v1/markets/quotes?symbols=NVDA261009C00050000%2CNVDA261009C00055000%2CNVDA261009C00060000%2CNVDA261009C00065000%2CNVDA261009C00070000%2CNVDA261009C00075000%2CNVDA261009C00080000%2CNVDA261009C00085000%2CNVDA261009C00090000%2CNVDA261009C00095000%2CNVDA261009C00100000%2CNVDA261009C00105000%2CNVDA261009C00110000%2CNVDA261009C00115000%2CNVDA261009C00120000%2CNVDA261009C00125000%2CNVDA261009C00130000%2CNVDA261009C00135000%2CNVDA261009C00140000%2CNVDA261009C00145000%2CNVDA261009C00150000%2CNVDA261009C00155000%2CNVDA261009C00160000%2CNVDA261009C00165000%2CNVDA261009C00170000%2CNVDA261009C00175000%2CNVDA261009C00180000%2CNVDA261009C00185000%2CNVDA261009C00190000%2CNVDA261009C00195000%2CNVDA261009C00197500%2CNVDA261009C00200000%2CNVDA261009C00202500%2CNVDA261009C00205000%2CNVDA261009C00207500%2CNVDA261009C00210000%2CNVDA261009C00212500%2CNVDA261009C00215000%2CNVDA261009C00217500%2CNVDA261009C00220000%2CNVDA261009C00222500%2CNVDA261009C00225000%2CNVDA261009C00227500%2CNVDA261009C00230000%2CNVDA261009C00232500%2CNVDA261009C00235000%2CNVDA261009C00237500%2CNVDA261009C00240000%2CNVDA261009C00242500%2CNVDA261009C00245000&greeks=true'
For more information check: https://developer.mozilla.org/en-US/docs/Web/HTTP/Status/401
2026-10-06T10:43:02 | WARNING  | app.scanning.alpaca_confirmer | AlpacaConfirmer: cannot fetch chain for RIVN 2026-10-09: Client error '401 Unauthorized' for url 'https://api.tradier.com/v1/markets/quotes?symbols=RIVN261009C00005000%2CRIVN261009C00009000%2CRIVN261009C00010000%2CRIVN261009C00010500%2CRIVN261009C00011000%2CRIVN261009C00011500%2CRIVN261009C00012000%2CRIVN261009C00012500%2CRIVN261009C00013000%2CRIVN261009C00013500%2CRIVN261009C00014000%2CRIVN261009C00014500%2CRIVN261009C00015000%2CRIVN261009C00015500%2CRIVN261009C00016000%2CRIVN261009C00016500%2CRIVN261009C00017000%2CRIVN261009C00017500%2CRIVN261009C00018000%2CRIVN261009C00018500%2CRIVN261009C00019000%2CRIVN261009C00019500%2CRIVN261009C00020000%2CRIVN261009C00020500%2CRIVN261009C00021000%2CRIVN261009C00021500%2CRIVN261009C00022000%2CRIVN261009C00023000%2CRIVN261009C00024000%2CRIVN261009C00025000%2CRIVN261009C00030000%2CRIVN261009P00005000%2CRIVN261009P00009000%2CRIVN261009P00010000%2CRIVN261009P00010500%2CRIVN261009P00011000%2CRIVN261009P00011500%2CRIVN261009P00012000%2CRIVN261009P00012500%2CRIVN261009P00013000%2CRIVN261009P00013500%2CRIVN261009P00014000%2CRIVN261009P00014500%2CRIVN261009P00015000%2CRIVN261009P00015500%2CRIVN261009P00016000%2CRIVN261009P00016500%2CRIVN261009P00017000%2CRIVN261009P00017500%2CRIVN261009P00018000&greeks=true'
For more information check: https://developer.mozilla.org/en-US/docs/Web/HTTP/Status/401
2026-10-06T10:43:02 | INFO     | session_runner | AlpacaConfirmer: 0 confirmed symbols: []
2026-10-06T10:43:02 | WARNING  | session_runner | Re-scan returned no confirmed symbols — falling back to ['SPY']
2026-10-06T10:43:02 | INFO     | session_runner | Broad-market regime | SPY=long
2026-10-06T10:43:03 | INFO     | session_runner | [bridge:SPY] rsi_trend ready: sufficient bars
2026-10-06T10:43:03 | INFO     | session_runner | Stale signal: SPY/orb age=53 min > max 10 min — skipped
2026-10-06T10:43:03 | INFO     | session_runner | Stale signal: SPY/vwap_reclaim age=58 min > max 10 min — skipped
2026-10-06T10:43:33 | INFO     | session_runner | [cycle 142] 10:43:33 ET | positions=0 | entries=0
2026-10-06T10:43:33 | INFO     | session_runner | [bridge:SPY] rsi_trend ready: sufficient bars
2026-10-06T10:43:33 | INFO     | session_runner | Stale signal: SPY/orb age=54 min > max 10 min — skipped
2026-10-06T10:43:33 | INFO     | session_runner | Stale signal: SPY/vwap_reclaim age=59 min > max 10 min — skipped
2026-10-06T10:44:03 | INFO     | session_runner | [cycle 143] 10:44:03 ET | positions=0 | entries=0
2026-10-06T10:44:03 | INFO     | session_runner | [bridge:SPY] rsi_trend ready: sufficient bars
2026-10-06T10:44:03 | INFO     | session_runner | Stale signal: SPY/orb age=54 min > max 10 min — skipped
2026-10-06T10:44:03 | INFO     | session_runner | Stale signal: SPY/vwap_reclaim age=59 min > max 10 min — skipped
2026-10-06T10:44:34 | INFO     | session_runner | [cycle 144] 10:44:34 ET | positions=0 | entries=0
2026-10-06T10:44:34 | INFO     | session_runner | [bridge:SPY] rsi_trend ready: sufficient bars
2026-10-06T10:44:34 | INFO     | session_runner | Stale signal: SPY/orb age=55 min > max 10 min — skipped
2026-10-06T10:44:34 | INFO     | session_runner | Stale signal: SPY/vwap_reclaim age=60 min > max 10 min — skipped
2026-10-06T10:45:04 | INFO     | session_runner | [cycle 145] 10:45:04 ET | positions=0 | entries=0
2026-10-06T10:45:05 | INFO     | session_runner | [bridge:SPY] rsi_trend ready: sufficient bars
2026-10-06T10:45:05 | INFO     | session_runner | Stale signal: SPY/orb age=55 min > max 10 min — skipped
2026-10-06T10:45:05 | INFO     | session_runner | Stale signal: SPY/vwap_reclaim age=60 min > max 10 min — skipped
2026-10-06T10:45:35 | INFO     | session_runner | [cycle 146] 10:45:35 ET | positions=0 | entries=0
2026-10-06T10:45:35 | INFO     | session_runner | [bridge:SPY] rsi_trend ready: sufficient bars
2026-10-06T10:45:35 | INFO     | session_runner | Stale signal: SPY/orb age=56 min > max 10 min — skipped
2026-10-06T10:45:35 | INFO     | session_runner | Stale signal: SPY/vwap_reclaim age=61 min > max 10 min — skipped
2026-10-06T10:46:05 | INFO     | session_runner | [cycle 147] 10:46:05 ET | positions=0 | entries=0
2026-10-06T10:46:06 | INFO     | session_runner | [bridge:SPY] rsi_trend ready: sufficient bars
2026-10-06T10:46:06 | INFO     | session_runner | Stale signal: SPY/orb age=56 min > max 10 min — skipped
2026-10-06T10:46:06 | INFO     | session_runner | Stale signal: SPY/vwap_reclaim age=61 min > max 10 min — skipped
2026-10-06T10:46:36 | INFO     | session_runner | [cycle 148] 10:46:36 ET | positions=0 | entries=0
2026-10-06T10:46:36 | INFO     | session_runner | [bridge:SPY] rsi_trend ready: sufficient bars
2026-10-06T10:46:36 | INFO     | session_runner | Stale signal: SPY/orb age=57 min > max 10 min — skipped
2026-10-06T10:46:36 | INFO     | session_runner | Stale signal: SPY/vwap_reclaim age=62 min > max 10 min — skipped
2026-10-06T10:47:06 | INFO     | session_runner | [cycle 149] 10:47:06 ET | positions=0 | entries=0
2026-10-06T10:47:07 | INFO     | session_runner | [bridge:SPY] rsi_trend ready: sufficient bars
2026-10-06T10:47:07 | INFO     | session_runner | Stale signal: SPY/orb age=57 min > max 10 min — skipped
2026-10-06T10:47:07 | INFO     | session_runner | Stale signal: SPY/vwap_reclaim age=62 min > max 10 min — skipped
2026-10-06T10:47:37 | INFO     | session_runner | [cycle 150] 10:47:37 ET | positions=0 | entries=0
2026-10-06T10:47:37 | INFO     | session_runner | [bridge:SPY] rsi_trend ready: sufficient bars
2026-10-06T10:47:37 | INFO     | session_runner | Stale signal: SPY/orb age=58 min > max 10 min — skipped
2026-10-06T10:47:37 | INFO     | session_runner | Stale signal: SPY/vwap_reclaim age=63 min > max 10 min — skipped
2026-10-06T10:48:07 | INFO     | session_runner | [cycle 151] 10:48:07 ET | positions=0 | entries=0
2026-10-06T10:48:07 | INFO     | session_runner | Periodic universe re-scan …
2026-10-06T10:48:07 | INFO     | app.scanning.universe_loader | UniverseLoader: loaded 5 groups (13 flat symbols) from config/ticker_universe.yaml (blacklist=0)
2026-10-06T10:48:07 | INFO     | app.scanning.universe_loader | UniverseLoader: 38 symbols from 4 group(s) (blacklist=0)
2026-10-06T10:48:07 | INFO     | session_runner | Universe scan: 38 symbols from 4 group(s) | max_active=6
2026-10-06T10:48:12 | INFO     | session_runner | Scan: 19 passed, 19 rejected
2026-10-06T10:48:12 | INFO     | session_runner |   AMZN    score=77.0  signal=LONG     reasons: rvol=1.56x (elevated), atr=1.97% (wide-range), orb_breakout
2026-10-06T10:48:12 | INFO     | session_runner |   AVGO    score=77.0  signal=LONG     reasons: rvol=2.76x (high), atr=2.83% (wide-range), orb_breakout
2026-10-06T10:48:12 | INFO     | session_runner |   XLE     score=75.0  signal=LONG     reasons: rvol=1.45x (normal), atr=1.82% (wide-range), orb_breakout
2026-10-06T10:48:12 | INFO     | session_runner |   MSFT    score=75.0  signal=LONG     reasons: rvol=1.60x (elevated), atr=2.21% (wide-range), orb_breakout
2026-10-06T10:48:12 | INFO     | session_runner |   AMD     score=75.0  signal=LONG     reasons: rvol=1.79x (elevated), atr=3.42% (wide-range), orb_breakout
2026-10-06T10:48:13 | WARNING  | app.scanning.alpaca_confirmer | AlpacaConfirmer: cannot fetch chain for RIVN 2026-10-09: Client error '401 Unauthorized' for url 'https://api.tradier.com/v1/markets/quotes?symbols=RIVN261009C00005000%2CRIVN261009C00009000%2CRIVN261009C00010000%2CRIVN261009C00010500%2CRIVN261009C00011000%2CRIVN261009C00011500%2CRIVN261009C00012000%2CRIVN261009C00012500%2CRIVN261009C00013000%2CRIVN261009C00013500%2CRIVN261009C00014000%2CRIVN261009C00014500%2CRIVN261009C00015000%2CRIVN261009C00015500%2CRIVN261009C00016000%2CRIVN261009C00016500%2CRIVN261009C00017000%2CRIVN261009C00017500%2CRIVN261009C00018000%2CRIVN261009C00018500%2CRIVN261009C00019000%2CRIVN261009C00019500%2CRIVN261009C00020000%2CRIVN261009C00020500%2CRIVN261009C00021000%2CRIVN261009C00021500%2CRIVN261009C00022000%2CRIVN261009C00023000%2CRIVN261009C00024000%2CRIVN261009C00025000%2CRIVN261009C00030000%2CRIVN261009P00005000%2CRIVN261009P00009000%2CRIVN261009P00010000%2CRIVN261009P00010500%2CRIVN261009P00011000%2CRIVN261009P00011500%2CRIVN261009P00012000%2CRIVN261009P00012500%2CRIVN261009P00013000%2CRIVN261009P00013500%2CRIVN261009P00014000%2CRIVN261009P00014500%2CRIVN261009P00015000%2CRIVN261009P00015500%2CRIVN261009P00016000%2CRIVN261009P00016500%2CRIVN261009P00017000%2CRIVN261009P00017500%2CRIVN261009P00018000&greeks=true'
For more information check: https://developer.mozilla.org/en-US/docs/Web/HTTP/Status/401
2026-10-06T10:48:13 | WARNING  | app.scanning.alpaca_confirmer | AlpacaConfirmer: cannot fetch chain for UBER 2026-10-09: Client error '401 Unauthorized' for url 'https://api.tradier.com/v1/markets/quotes?symbols=UBER261009C00050000%2CUBER261009C00055000%2CUBER261009C00057000%2CUBER261009C00058000%2CUBER261009C00059000%2CUBER261009C00060000%2CUBER261009C00061000%2CUBER261009C00062000%2CUBER261009C00063000%2CUBER261009C00064000%2CUBER261009C00065000%2CUBER261009C00066000%2CUBER261009C00067000%2CUBER261009C00068000%2CUBER261009C00069000%2CUBER261009C00070000%2CUBER261009C00071000%2CUBER261009C00072000%2CUBER261009C00073000%2CUBER261009C00074000%2CUBER261009C00075000%2CUBER261009C00076000%2CUBER261009C00077000%2CUBER261009C00078000%2CUBER261009C00079000%2CUBER261009C00080000%2CUBER261009C00081000%2CUBER261009C00082000%2CUBER261009C00083000%2CUBER261009C00084000%2CUBER261009C00085000%2CUBER261009C00086000%2CUBER261009C00087000%2CUBER261009C00088000%2CUBER261009C00089000%2CUBER261009C00090000%2CUBER261009C00091000%2CUBER261009C00095000%2CUBER261009C00100000%2CUBER261009C00105000%2CUBER261009P00050000%2CUBER261009P00055000%2CUBER261009P00057000%2CUBER261009P00058000%2CUBER261009P00059000%2CUBER261009P00060000%2CUBER261009P00061000%2CUBER261009P00062000%2CUBER261009P00063000%2CUBER261009P00064000&greeks=true'
For more information check: https://developer.mozilla.org/en-US/docs/Web/HTTP/Status/401
2026-10-06T10:48:13 | WARNING  | app.scanning.alpaca_confirmer | AlpacaConfirmer: cannot fetch chain for AMD 2026-10-09: Client error '401 Unauthorized' for url 'https://api.tradier.com/v1/markets/quotes?symbols=AMD261009C00040000%2CAMD261009C00045000%2CAMD261009C00050000%2CAMD261009C00055000%2CAMD261009C00060000%2CAMD261009C00065000%2CAMD261009C00070000%2CAMD261009C00075000%2CAMD261009C00080000%2CAMD261009C00085000%2CAMD261009C00090000%2CAMD261009C00095000%2CAMD261009C00100000%2CAMD261009C00105000%2CAMD261009C00110000%2CAMD261009C00115000%2CAMD261009C00120000%2CAMD261009C00125000%2CAMD261009C00130000%2CAMD261009C00135000%2CAMD261009C00140000%2CAMD261009C00145000%2CAMD261009C00150000%2CAMD261009C00155000%2CAMD261009C00160000%2CAMD261009C00165000%2CAMD261009C00170000%2CAMD261009C00175000%2CAMD261009C00180000%2CAMD261009C00185000%2CAMD261009C00190000%2CAMD261009C00195000%2CAMD261009C00200000%2CAMD261009C00205000%2CAMD261009C00210000%2CAMD261009C00215000%2CAMD261009C00220000%2CAMD261009C00225000%2CAMD261009C00230000%2CAMD261009C00235000%2CAMD261009C00240000%2CAMD261009C00245000%2CAMD261009C00250000%2CAMD261009C00255000%2CAMD261009C00260000%2CAMD261009C00265000%2CAMD261009C00270000%2CAMD261009C00275000%2CAMD261009C00280000%2CAMD261009C00285000&greeks=true'
For more information check: https://developer.mozilla.org/en-US/docs/Web/HTTP/Status/401
2026-10-06T10:48:13 | WARNING  | app.scanning.alpaca_confirmer | AlpacaConfirmer: cannot fetch chain for XLE 2026-10-09: Client error '401 Unauthorized' for url 'https://api.tradier.com/v1/markets/quotes?symbols=XLE261009C00035000%2CXLE261009C00040000%2CXLE261009C00045000%2CXLE261009C00050000%2CXLE261009C00051000%2CXLE261009C00052000%2CXLE261009C00053000%2CXLE261009C00054000%2CXLE261009C00055000%2CXLE261009C00056000%2CXLE261009C00056500%2CXLE261009C00057000%2CXLE261009C00057500%2CXLE261009C00058000%2CXLE261009C00058500%2CXLE261009C00059000%2CXLE261009C00059500%2CXLE261009C00060000%2CXLE261009C00060500%2CXLE261009C00061000%2CXLE261009C00061500%2CXLE261009C00062000%2CXLE261009C00062500%2CXLE261009C00063000%2CXLE261009C00063500%2CXLE261009C00064000%2CXLE261009C00064500%2CXLE261009C00065000%2CXLE261009C00065500%2CXLE261009C00066000%2CXLE261009C00066500%2CXLE261009C00067000%2CXLE261009C00067500%2CXLE261009C00068000%2CXLE261009C00068500%2CXLE261009C00069000%2CXLE261009C00070000%2CXLE261009C00071000%2CXLE261009C00075000%2CXLE261009C00080000%2CXLE261009P00035000%2CXLE261009P00040000%2CXLE261009P00045000%2CXLE261009P00050000%2CXLE261009P00051000%2CXLE261009P00052000%2CXLE261009P00053000%2CXLE261009P00054000%2CXLE261009P00055000%2CXLE261009P00056000&greeks=true'
For more information check: https://developer.mozilla.org/en-US/docs/Web/HTTP/Status/401
2026-10-06T10:48:13 | WARNING  | app.scanning.alpaca_confirmer | AlpacaConfirmer: cannot fetch chain for AVGO 2026-10-09: Client error '401 Unauthorized' for url 'https://api.tradier.com/v1/markets/quotes?symbols=AVGO261009C00210000%2CAVGO261009C00215000%2CAVGO261009C00220000%2CAVGO261009C00225000%2CAVGO261009C00230000%2CAVGO261009C00235000%2CAVGO261009C00240000%2CAVGO261009C00245000%2CAVGO261009C00250000%2CAVGO261009C00255000%2CAVGO261009C00260000%2CAVGO261009C00265000%2CAVGO261009C00270000%2CAVGO261009C00275000%2CAVGO261009C00280000%2CAVGO261009C00285000%2CAVGO261009C00290000%2CAVGO261009C00295000%2CAVGO261009C00300000%2CAVGO261009C00305000%2CAVGO261009C00310000%2CAVGO261009C00315000%2CAVGO261009C00317500%2CAVGO261009C00320000%2CAVGO261009C00322500%2CAVGO261009C00325000%2CAVGO261009C00327500%2CAVGO261009C00330000%2CAVGO261009C00332500%2CAVGO261009C00335000%2CAVGO261009C00337500%2CAVGO261009C00340000%2CAVGO261009C00342500%2CAVGO261009C00345000%2CAVGO261009C00347500%2CAVGO261009C00350000%2CAVGO261009C00352500%2CAVGO261009C00355000%2CAVGO261009C00357500%2CAVGO261009C00360000%2CAVGO261009C00362500%2CAVGO261009C00365000%2CAVGO261009C00367500%2CAVGO261009C00370000%2CAVGO261009C00372500%2CAVGO261009C00375000%2CAVGO261009C00377500%2CAVGO261009C00380000%2CAVGO261009C00382500%2CAVGO261009C00385000&greeks=true'
For more information check: https://developer.mozilla.org/en-US/docs/Web/HTTP/Status/401
2026-10-06T10:48:13 | WARNING  | app.scanning.alpaca_confirmer | AlpacaConfirmer: cannot fetch chain for IWM 2026-10-08: Client error '401 Unauthorized' for url 'https://api.tradier.com/v1/markets/quotes?symbols=IWM261008C00180000%2CIWM261008C00190000%2CIWM261008C00200000%2CIWM261008C00205000%2CIWM261008C00210000%2CIWM261008C00215000%2CIWM261008C00220000%2CIWM261008C00225000%2CIWM261008C00230000%2CIWM261008C00235000%2CIWM261008C00240000%2CIWM261008C00245000%2CIWM261008C00250000%2CIWM261008C00255000%2CIWM261008C00260000%2CIWM261008C00261000%2CIWM261008C00262000%2CIWM261008C00263000%2CIWM261008C00264000%2CIWM261008C00265000%2CIWM261008C00266000%2CIWM261008C00267000%2CIWM261008C00268000%2CIWM261008C00269000%2CIWM261008C00270000%2CIWM261008C00271000%2CIWM261008C00272000%2CIWM261008C00273000%2CIWM261008C00274000%2CIWM261008C00275000%2CIWM261008C00276000%2CIWM261008C00277000%2CIWM261008C00278000%2CIWM261008C00279000%2CIWM261008C00280000%2CIWM261008C00281000%2CIWM261008C00282000%2CIWM261008C00283000%2CIWM261008C00284000%2CIWM261008C00285000%2CIWM261008C00286000%2CIWM261008C00287000%2CIWM261008C00288000%2CIWM261008C00289000%2CIWM261008C00290000%2CIWM261008C00291000%2CIWM261008C00292000%2CIWM261008C00293000%2CIWM261008C00294000%2CIWM261008C00295000&greeks=true'
For more information check: https://developer.mozilla.org/en-US/docs/Web/HTTP/Status/401
2026-10-06T10:48:13 | WARNING  | app.scanning.alpaca_confirmer | AlpacaConfirmer: cannot fetch chain for NVDA 2026-10-09: Client error '401 Unauthorized' for url 'https://api.tradier.com/v1/markets/quotes?symbols=NVDA261009C00050000%2CNVDA261009C00055000%2CNVDA261009C00060000%2CNVDA261009C00065000%2CNVDA261009C00070000%2CNVDA261009C00075000%2CNVDA261009C00080000%2CNVDA261009C00085000%2CNVDA261009C00090000%2CNVDA261009C00095000%2CNVDA261009C00100000%2CNVDA261009C00105000%2CNVDA261009C00110000%2CNVDA261009C00115000%2CNVDA261009C00120000%2CNVDA261009C00125000%2CNVDA261009C00130000%2CNVDA261009C00135000%2CNVDA261009C00140000%2CNVDA261009C00145000%2CNVDA261009C00150000%2CNVDA261009C00155000%2CNVDA261009C00160000%2CNVDA261009C00165000%2CNVDA261009C00170000%2CNVDA261009C00175000%2CNVDA261009C00180000%2CNVDA261009C00185000%2CNVDA261009C00190000%2CNVDA261009C00195000%2CNVDA261009C00197500%2CNVDA261009C00200000%2CNVDA261009C00202500%2CNVDA261009C00205000%2CNVDA261009C00207500%2CNVDA261009C00210000%2CNVDA261009C00212500%2CNVDA261009C00215000%2CNVDA261009C00217500%2CNVDA261009C00220000%2CNVDA261009C00222500%2CNVDA261009C00225000%2CNVDA261009C00227500%2CNVDA261009C00230000%2CNVDA261009C00232500%2CNVDA261009C00235000%2CNVDA261009C00237500%2CNVDA261009C00240000%2CNVDA261009C00242500%2CNVDA261009C00245000&greeks=true'
For more information check: https://developer.mozilla.org/en-US/docs/Web/HTTP/Status/401
2026-10-06T10:48:13 | WARNING  | app.scanning.alpaca_confirmer | AlpacaConfirmer: cannot fetch chain for MSFT 2026-10-09: Client error '401 Unauthorized' for url 'https://api.tradier.com/v1/markets/quotes?symbols=MSFT261009C00270000%2CMSFT261009C00280000%2CMSFT261009C00290000%2CMSFT261009C00300000%2CMSFT261009C00305000%2CMSFT261009C00310000%2CMSFT261009C00315000%2CMSFT261009C00320000%2CMSFT261009C00325000%2CMSFT261009C00330000%2CMSFT261009C00335000%2CMSFT261009C00340000%2CMSFT261009C00345000%2CMSFT261009C00350000%2CMSFT261009C00355000%2CMSFT261009C00360000%2CMSFT261009C00365000%2CMSFT261009C00370000%2CMSFT261009C00375000%2CMSFT261009C00380000%2CMSFT261009C00385000%2CMSFT261009C00390000%2CMSFT261009C00395000%2CMSFT261009C00400000%2CMSFT261009C00405000%2CMSFT261009C00410000%2CMSFT261009C00415000%2CMSFT261009C00420000%2CMSFT261009C00425000%2CMSFT261009C00430000%2CMSFT261009C00435000%2CMSFT261009C00440000%2CMSFT261009C00445000%2CMSFT261009C00450000%2CMSFT261009C00455000%2CMSFT261009C00457500%2CMSFT261009C00460000%2CMSFT261009C00462500%2CMSFT261009C00465000%2CMSFT261009C00467500%2CMSFT261009C00470000%2CMSFT261009C00472500%2CMSFT261009C00475000%2CMSFT261009C00477500%2CMSFT261009C00480000%2CMSFT261009C00482500%2CMSFT261009C00485000%2CMSFT261009C00487500%2CMSFT261009C00490000%2CMSFT261009C00492500&greeks=true'
For more information check: https://developer.mozilla.org/en-US/docs/Web/HTTP/Status/401
2026-10-06T10:48:13 | WARNING  | app.scanning.alpaca_confirmer | AlpacaConfirmer: cannot fetch chain for AMZN 2026-10-09: Client error '401 Unauthorized' for url 'https://api.tradier.com/v1/markets/quotes?symbols=AMZN261009C00140000%2CAMZN261009C00145000%2CAMZN261009C00150000%2CAMZN261009C00155000%2CAMZN261009C00160000%2CAMZN261009C00165000%2CAMZN261009C00170000%2CAMZN261009C00175000%2CAMZN261009C00180000%2CAMZN261009C00185000%2CAMZN261009C00190000%2CAMZN261009C00195000%2CAMZN261009C00200000%2CAMZN261009C00205000%2CAMZN261009C00210000%2CAMZN261009C00215000%2CAMZN261009C00220000%2CAMZN261009C00222500%2CAMZN261009C00225000%2CAMZN261009C00227500%2CAMZN261009C00230000%2CAMZN261009C00232500%2CAMZN261009C00235000%2CAMZN261009C00237500%2CAMZN261009C00240000%2CAMZN261009C00242500%2CAMZN261009C00245000%2CAMZN261009C00247500%2CAMZN261009C00250000%2CAMZN261009C00252500%2CAMZN261009C00255000%2CAMZN261009C00257500%2CAMZN261009C00260000%2CAMZN261009C00262500%2CAMZN261009C00265000%2CAMZN261009C00267500%2CAMZN261009C00270000%2CAMZN261009C00272500%2CAMZN261009C00275000%2CAMZN261009C00277500%2CAMZN261009C00280000%2CAMZN261009C00285000%2CAMZN261009C00290000%2CAMZN261009C00295000%2CAMZN261009C00300000%2CAMZN261009C00305000%2CAMZN261009C00310000%2CAMZN261009C00315000%2CAMZN261009C00320000%2CAMZN261009C00325000&greeks=true'
For more information check: https://developer.mozilla.org/en-US/docs/Web/HTTP/Status/401
2026-10-06T10:48:13 | WARNING  | app.scanning.alpaca_confirmer | AlpacaConfirmer: cannot fetch chain for DKNG 2026-10-09: Client error '401 Unauthorized' for url 'https://api.tradier.com/v1/markets/quotes?symbols=DKNG261009C00010000%2CDKNG261009C00011000%2CDKNG261009C00012000%2CDKNG261009C00013000%2CDKNG261009C00014000%2CDKNG261009C00015000%2CDKNG261009C00016000%2CDKNG261009C00017000%2CDKNG261009C00018000%2CDKNG261009C00018500%2CDKNG261009C00019000%2CDKNG261009C00019500%2CDKNG261009C00020000%2CDKNG261009C00020500%2CDKNG261009C00021000%2CDKNG261009C00021500%2CDKNG261009C00022000%2CDKNG261009C00022500%2CDKNG261009C00023000%2CDKNG261009C00023500%2CDKNG261009C00024000%2CDKNG261009C00024500%2CDKNG261009C00025000%2CDKNG261009C00025500%2CDKNG261009C00026000%2CDKNG261009C00026500%2CDKNG261009C00027000%2CDKNG261009C00027500%2CDKNG261009C00028000%2CDKNG261009C00028500%2CDKNG261009C00029000%2CDKNG261009C00030000%2CDKNG261009C00031000%2CDKNG261009C00032000%2CDKNG261009C00033000%2CDKNG261009C00034000%2CDKNG261009C00035000%2CDKNG261009P00010000%2CDKNG261009P00011000%2CDKNG261009P00012000%2CDKNG261009P00013000%2CDKNG261009P00014000%2CDKNG261009P00015000%2CDKNG261009P00016000%2CDKNG261009P00017000%2CDKNG261009P00018000%2CDKNG261009P00018500%2CDKNG261009P00019000%2CDKNG261009P00019500%2CDKNG261009P00020000&greeks=true'
For more information check: https://developer.mozilla.org/en-US/docs/Web/HTTP/Status/401
2026-10-06T10:48:13 | WARNING  | app.scanning.alpaca_confirmer | AlpacaConfirmer: cannot fetch chain for HOOD 2026-10-09: Client error '401 Unauthorized' for url 'https://api.tradier.com/v1/markets/quotes?symbols=HOOD261009C00025000%2CHOOD261009C00030000%2CHOOD261009C00035000%2CHOOD261009C00040000%2CHOOD261009C00045000%2CHOOD261009C00050000%2CHOOD261009C00055000%2CHOOD261009C00060000%2CHOOD261009C00065000%2CHOOD261009C00070000%2CHOOD261009C00075000%2CHOOD261009C00080000%2CHOOD261009C00085000%2CHOOD261009C00090000%2CHOOD261009C00091000%2CHOOD261009C00092000%2CHOOD261009C00093000%2CHOOD261009C00094000%2CHOOD261009C00095000%2CHOOD261009C00096000%2CHOOD261009C00097000%2CHOOD261009C00098000%2CHOOD261009C00099000%2CHOOD261009C00100000%2CHOOD261009C00101000%2CHOOD261009C00102000%2CHOOD261009C00103000%2CHOOD261009C00104000%2CHOOD261009C00105000%2CHOOD261009C00106000%2CHOOD261009C00107000%2CHOOD261009C00108000%2CHOOD261009C00109000%2CHOOD261009C00110000%2CHOOD261009C00111000%2CHOOD261009C00112000%2CHOOD261009C00113000%2CHOOD261009C00114000%2CHOOD261009C00115000%2CHOOD261009C00116000%2CHOOD261009C00117000%2CHOOD261009C00118000%2CHOOD261009C00119000%2CHOOD261009C00120000%2CHOOD261009C00121000%2CHOOD261009C00122000%2CHOOD261009C00123000%2CHOOD261009C00124000%2CHOOD261009C00125000%2CHOOD261009C00126000&greeks=true'
For more information check: https://developer.mozilla.org/en-US/docs/Web/HTTP/Status/401
2026-10-06T10:48:13 | WARNING  | app.scanning.alpaca_confirmer | AlpacaConfirmer: cannot fetch chain for GOOGL 2026-10-09: Client error '401 Unauthorized' for url 'https://api.tradier.com/v1/markets/quotes?symbols=GOOGL261009C00100000%2CGOOGL261009C00105000%2CGOOGL261009C00110000%2CGOOGL261009C00115000%2CGOOGL261009C00120000%2CGOOGL261009C00125000%2CGOOGL261009C00130000%2CGOOGL261009C00135000%2CGOOGL261009C00140000%2CGOOGL261009C00145000%2CGOOGL261009C00150000%2CGOOGL261009C00155000%2CGOOGL261009C00160000%2CGOOGL261009C00165000%2CGOOGL261009C00170000%2CGOOGL261009C00175000%2CGOOGL261009C00180000%2CGOOGL261009C00185000%2CGOOGL261009C00190000%2CGOOGL261009C00195000%2CGOOGL261009C00200000%2CGOOGL261009C00205000%2CGOOGL261009C00210000%2CGOOGL261009C00215000%2CGOOGL261009C00220000%2CGOOGL261009C00225000%2CGOOGL261009C00230000%2CGOOGL261009C00235000%2CGOOGL261009C00240000%2CGOOGL261009C00245000%2CGOOGL261009C00250000%2CGOOGL261009C00255000%2CGOOGL261009C00260000%2CGOOGL261009C00265000%2CGOOGL261009C00270000%2CGOOGL261009C00275000%2CGOOGL261009C00280000%2CGOOGL261009C00285000%2CGOOGL261009C00290000%2CGOOGL261009C00295000%2CGOOGL261009C00300000%2CGOOGL261009C00305000%2CGOOGL261009C00307500%2CGOOGL261009C00310000%2CGOOGL261009C00312500%2CGOOGL261009C00315000%2CGOOGL261009C00317500%2CGOOGL261009C00320000%2CGOOGL261009C00322500%2CGOOGL261009C00325000&greeks=true'
For more information check: https://developer.mozilla.org/en-US/docs/Web/HTTP/Status/401
2026-10-06T10:48:13 | INFO     | session_runner | AlpacaConfirmer: 0 confirmed symbols: []
2026-10-06T10:48:13 | WARNING  | session_runner | Re-scan returned no confirmed symbols — falling back to ['SPY']
2026-10-06T10:48:13 | INFO     | session_runner | Broad-market regime | SPY=long
2026-10-06T10:48:14 | INFO     | session_runner | [bridge:SPY] rsi_trend ready: sufficient bars
2026-10-06T10:48:14 | INFO     | session_runner | Stale signal: SPY/orb age=58 min > max 10 min — skipped
2026-10-06T10:48:14 | INFO     | session_runner | Stale signal: SPY/vwap_reclaim age=63 min > max 10 min — skipped
2026-10-06T10:48:44 | INFO     | session_runner | [cycle 152] 10:48:44 ET | positions=0 | entries=0
2026-10-06T10:48:44 | INFO     | session_runner | [bridge:SPY] rsi_trend ready: sufficient bars
2026-10-06T10:48:44 | INFO     | session_runner | Stale signal: SPY/orb age=59 min > max 10 min — skipped
2026-10-06T10:48:44 | INFO     | session_runner | Stale signal: SPY/vwap_reclaim age=64 min > max 10 min — skipped
2026-10-06T10:49:14 | INFO     | session_runner | [cycle 153] 10:49:14 ET | positions=0 | entries=0
2026-10-06T10:49:14 | INFO     | session_runner | [bridge:SPY] rsi_trend ready: sufficient bars
2026-10-06T10:49:14 | INFO     | session_runner | Stale signal: SPY/orb age=59 min > max 10 min — skipped
2026-10-06T10:49:14 | INFO     | session_runner | Stale signal: SPY/vwap_reclaim age=64 min > max 10 min — skipped
2026-10-06T10:49:44 | INFO     | session_runner | [cycle 154] 10:49:44 ET | positions=0 | entries=0
2026-10-06T10:49:45 | INFO     | session_runner | [bridge:SPY] rsi_trend ready: sufficient bars
2026-10-06T10:49:45 | INFO     | session_runner | Stale signal: SPY/orb age=60 min > max 10 min — skipped
2026-10-06T10:49:45 | INFO     | session_runner | Stale signal: SPY/vwap_reclaim age=65 min > max 10 min — skipped
2026-10-06T10:50:15 | INFO     | session_runner | [cycle 155] 10:50:15 ET | positions=0 | entries=0
2026-10-06T10:50:15 | INFO     | session_runner | [bridge:SPY] rsi_trend ready: sufficient bars
2026-10-06T10:50:15 | INFO     | session_runner | Stale signal: SPY/orb age=60 min > max 10 min — skipped
2026-10-06T10:50:15 | INFO     | session_runner | Stale signal: SPY/vwap_reclaim age=65 min > max 10 min — skipped
2026-10-06T10:50:15 | INFO     | session_runner | Signal quality blocked | SPY/vwap_reclaim score=0.0 < 3.0
2026-10-06T10:50:15 | INFO     | app.evaluation.shadow_book | ShadowBook: v4-20261006-5994-SPY-vwap_reclaim blocked (signal_quality_below_min) but not priceable — signal logged, no simulation
2026-10-06T10:50:45 | INFO     | session_runner | [cycle 156] 10:50:45 ET | positions=0 | entries=0
2026-10-06T10:50:46 | INFO     | session_runner | [bridge:SPY] rsi_trend ready: sufficient bars
2026-10-06T10:50:46 | INFO     | session_runner | Stale signal: SPY/orb age=61 min > max 10 min — skipped
2026-10-06T10:50:46 | INFO     | session_runner | Stale signal: SPY/vwap_reclaim age=66 min > max 10 min — skipped
2026-10-06T10:50:46 | INFO     | session_runner | Signal quality blocked | SPY/vwap_reclaim score=0.0 < 3.0
2026-10-06T10:50:46 | INFO     | app.evaluation.shadow_book | ShadowBook: v4-20261006-5995-SPY-vwap_reclaim blocked (signal_quality_below_min) but not priceable — signal logged, no simulation
2026-10-06T10:51:16 | INFO     | session_runner | [cycle 157] 10:51:16 ET | positions=0 | entries=0
2026-10-06T10:51:16 | INFO     | session_runner | [bridge:SPY] rsi_trend ready: sufficient bars
2026-10-06T10:51:16 | INFO     | session_runner | Stale signal: SPY/orb age=61 min > max 10 min — skipped
2026-10-06T10:51:16 | INFO     | session_runner | Stale signal: SPY/vwap_reclaim age=66 min > max 10 min — skipped
2026-10-06T10:51:16 | INFO     | session_runner | Signal quality blocked | SPY/vwap_reclaim score=0.0 < 3.0
2026-10-06T10:51:16 | INFO     | app.evaluation.shadow_book | ShadowBook: v4-20261006-5996-SPY-vwap_reclaim blocked (signal_quality_below_min) but not priceable — signal logged, no simulation
2026-10-06T10:51:46 | INFO     | session_runner | [cycle 158] 10:51:46 ET | positions=0 | entries=0
2026-10-06T10:51:47 | INFO     | session_runner | [bridge:SPY] rsi_trend ready: sufficient bars
2026-10-06T10:51:47 | INFO     | session_runner | Stale signal: SPY/orb age=62 min > max 10 min — skipped
2026-10-06T10:51:47 | INFO     | session_runner | Stale signal: SPY/vwap_reclaim age=67 min > max 10 min — skipped
2026-10-06T10:51:47 | INFO     | session_runner | Signal quality blocked | SPY/vwap_reclaim score=0.0 < 3.0
2026-10-06T10:51:47 | INFO     | app.evaluation.shadow_book | ShadowBook: v4-20261006-5997-SPY-vwap_reclaim blocked (signal_quality_below_min) but not priceable — signal logged, no simulation
2026-10-06T10:52:17 | INFO     | session_runner | [cycle 159] 10:52:17 ET | positions=0 | entries=0
2026-10-06T10:52:17 | INFO     | session_runner | [bridge:SPY] rsi_trend ready: sufficient bars
2026-10-06T10:52:17 | INFO     | session_runner | Stale signal: SPY/orb age=62 min > max 10 min — skipped
2026-10-06T10:52:17 | INFO     | session_runner | Stale signal: SPY/vwap_reclaim age=67 min > max 10 min — skipped
2026-10-06T10:52:17 | INFO     | session_runner | Signal quality blocked | SPY/vwap_reclaim score=0.0 < 3.0
2026-10-06T10:52:17 | INFO     | app.evaluation.shadow_book | ShadowBook: v4-20261006-5998-SPY-vwap_reclaim blocked (signal_quality_below_min) but not priceable — signal logged, no simulation
2026-10-06T10:52:47 | INFO     | session_runner | [cycle 160] 10:52:47 ET | positions=0 | entries=0
2026-10-06T10:52:48 | INFO     | session_runner | [bridge:SPY] rsi_trend ready: sufficient bars
2026-10-06T10:52:48 | INFO     | session_runner | Stale signal: SPY/orb age=63 min > max 10 min — skipped
2026-10-06T10:52:48 | INFO     | session_runner | Stale signal: SPY/vwap_reclaim age=68 min > max 10 min — skipped
2026-10-06T10:52:48 | INFO     | session_runner | Signal quality blocked | SPY/vwap_reclaim score=0.0 < 3.0
2026-10-06T10:52:48 | INFO     | app.evaluation.shadow_book | ShadowBook: v4-20261006-5999-SPY-vwap_reclaim blocked (signal_quality_below_min) but not priceable — signal logged, no simulation
2026-10-06T10:53:18 | INFO     | session_runner | [cycle 161] 10:53:18 ET | positions=0 | entries=0
2026-10-06T10:53:18 | INFO     | app.trading.reconciler | Reconciliation done: broker_pos=0 local_pos=0 broker_orders=0 local_pending=0 repaired=0 flagged=0 orders_confirmed=True positions_confirmed=True
2026-10-06T10:53:18 | INFO     | session_runner | Periodic universe re-scan …
2026-10-06T10:53:18 | INFO     | app.scanning.universe_loader | UniverseLoader: loaded 5 groups (13 flat symbols) from config/ticker_universe.yaml (blacklist=0)
2026-10-06T10:53:18 | INFO     | app.scanning.universe_loader | UniverseLoader: 38 symbols from 4 group(s) (blacklist=0)
2026-10-06T10:53:18 | INFO     | session_runner | Universe scan: 38 symbols from 4 group(s) | max_active=6
2026-10-06T10:53:22 | INFO     | session_runner | Scan: 19 passed, 19 rejected
2026-10-06T10:53:22 | INFO     | session_runner |   AVGO    score=82.0  signal=LONG     reasons: rvol=2.84x (high), atr=2.83% (wide-range), orb_breakout
2026-10-06T10:53:22 | INFO     | session_runner |   IWM     score=78.0  signal=SHORT    reasons: rvol=1.51x (elevated), atr=1.30% (good range), orb_breakdown
2026-10-06T10:53:22 | INFO     | session_runner |   AMZN    score=77.0  signal=LONG     reasons: rvol=1.53x (elevated), atr=1.99% (wide-range), orb_breakout
2026-10-06T10:53:22 | INFO     | session_runner |   XLE     score=75.0  signal=LONG     reasons: rvol=1.40x (normal), atr=1.82% (wide-range), orb_breakout
2026-10-06T10:53:22 | INFO     | session_runner |   MSFT    score=75.0  signal=LONG     reasons: rvol=1.52x (elevated), atr=2.21% (wide-range), orb_breakout
2026-10-06T10:53:22 | WARNING  | app.scanning.alpaca_confirmer | AlpacaConfirmer: cannot fetch chain for AVGO 2026-10-09: Client error '401 Unauthorized' for url 'https://api.tradier.com/v1/markets/quotes?symbols=AVGO261009C00210000%2CAVGO261009C00215000%2CAVGO261009C00220000%2CAVGO261009C00225000%2CAVGO261009C00230000%2CAVGO261009C00235000%2CAVGO261009C00240000%2CAVGO261009C00245000%2CAVGO261009C00250000%2CAVGO261009C00255000%2CAVGO261009C00260000%2CAVGO261009C00265000%2CAVGO261009C00270000%2CAVGO261009C00275000%2CAVGO261009C00280000%2CAVGO261009C00285000%2CAVGO261009C00290000%2CAVGO261009C00295000%2CAVGO261009C00300000%2CAVGO261009C00305000%2CAVGO261009C00310000%2CAVGO261009C00315000%2CAVGO261009C00317500%2CAVGO261009C00320000%2CAVGO261009C00322500%2CAVGO261009C00325000%2CAVGO261009C00327500%2CAVGO261009C00330000%2CAVGO261009C00332500%2CAVGO261009C00335000%2CAVGO261009C00337500%2CAVGO261009C00340000%2CAVGO261009C00342500%2CAVGO261009C00345000%2CAVGO261009C00347500%2CAVGO261009C00350000%2CAVGO261009C00352500%2CAVGO261009C00355000%2CAVGO261009C00357500%2CAVGO261009C00360000%2CAVGO261009C00362500%2CAVGO261009C00365000%2CAVGO261009C00367500%2CAVGO261009C00370000%2CAVGO261009C00372500%2CAVGO261009C00375000%2CAVGO261009C00377500%2CAVGO261009C00380000%2CAVGO261009C00382500%2CAVGO261009C00385000&greeks=true'
For more information check: https://developer.mozilla.org/en-US/docs/Web/HTTP/Status/401
2026-10-06T10:53:22 | WARNING  | app.scanning.alpaca_confirmer | AlpacaConfirmer: cannot fetch chain for MSFT 2026-10-09: Client error '401 Unauthorized' for url 'https://api.tradier.com/v1/markets/quotes?symbols=MSFT261009C00270000%2CMSFT261009C00280000%2CMSFT261009C00290000%2CMSFT261009C00300000%2CMSFT261009C00305000%2CMSFT261009C00310000%2CMSFT261009C00315000%2CMSFT261009C00320000%2CMSFT261009C00325000%2CMSFT261009C00330000%2CMSFT261009C00335000%2CMSFT261009C00340000%2CMSFT261009C00345000%2CMSFT261009C00350000%2CMSFT261009C00355000%2CMSFT261009C00360000%2CMSFT261009C00365000%2CMSFT261009C00370000%2CMSFT261009C00375000%2CMSFT261009C00380000%2CMSFT261009C00385000%2CMSFT261009C00390000%2CMSFT261009C00395000%2CMSFT261009C00400000%2CMSFT261009C00405000%2CMSFT261009C00410000%2CMSFT261009C00415000%2CMSFT261009C00420000%2CMSFT261009C00425000%2CMSFT261009C00430000%2CMSFT261009C00435000%2CMSFT261009C00440000%2CMSFT261009C00445000%2CMSFT261009C00450000%2CMSFT261009C00455000%2CMSFT261009C00457500%2CMSFT261009C00460000%2CMSFT261009C00462500%2CMSFT261009C00465000%2CMSFT261009C00467500%2CMSFT261009C00470000%2CMSFT261009C00472500%2CMSFT261009C00475000%2CMSFT261009C00477500%2CMSFT261009C00480000%2CMSFT261009C00482500%2CMSFT261009C00485000%2CMSFT261009C00487500%2CMSFT261009C00490000%2CMSFT261009C00492500&greeks=true'
For more information check: https://developer.mozilla.org/en-US/docs/Web/HTTP/Status/401
2026-10-06T10:53:22 | WARNING  | app.scanning.alpaca_confirmer | AlpacaConfirmer: cannot fetch chain for XLE 2026-10-09: Client error '401 Unauthorized' for url 'https://api.tradier.com/v1/markets/quotes?symbols=XLE261009C00035000%2CXLE261009C00040000%2CXLE261009C00045000%2CXLE261009C00050000%2CXLE261009C00051000%2CXLE261009C00052000%2CXLE261009C00053000%2CXLE261009C00054000%2CXLE261009C00055000%2CXLE261009C00056000%2CXLE261009C00056500%2CXLE261009C00057000%2CXLE261009C00057500%2CXLE261009C00058000%2CXLE261009C00058500%2CXLE261009C00059000%2CXLE261009C00059500%2CXLE261009C00060000%2CXLE261009C00060500%2CXLE261009C00061000%2CXLE261009C00061500%2CXLE261009C00062000%2CXLE261009C00062500%2CXLE261009C00063000%2CXLE261009C00063500%2CXLE261009C00064000%2CXLE261009C00064500%2CXLE261009C00065000%2CXLE261009C00065500%2CXLE261009C00066000%2CXLE261009C00066500%2CXLE261009C00067000%2CXLE261009C00067500%2CXLE261009C00068000%2CXLE261009C00068500%2CXLE261009C00069000%2CXLE261009C00070000%2CXLE261009C00071000%2CXLE261009C00075000%2CXLE261009C00080000%2CXLE261009P00035000%2CXLE261009P00040000%2CXLE261009P00045000%2CXLE261009P00050000%2CXLE261009P00051000%2CXLE261009P00052000%2CXLE261009P00053000%2CXLE261009P00054000%2CXLE261009P00055000%2CXLE261009P00056000&greeks=true'
For more information check: https://developer.mozilla.org/en-US/docs/Web/HTTP/Status/401
2026-10-06T10:53:22 | WARNING  | app.scanning.alpaca_confirmer | AlpacaConfirmer: cannot fetch chain for RIVN 2026-10-09: Client error '401 Unauthorized' for url 'https://api.tradier.com/v1/markets/quotes?symbols=RIVN261009C00005000%2CRIVN261009C00009000%2CRIVN261009C00010000%2CRIVN261009C00010500%2CRIVN261009C00011000%2CRIVN261009C00011500%2CRIVN261009C00012000%2CRIVN261009C00012500%2CRIVN261009C00013000%2CRIVN261009C00013500%2CRIVN261009C00014000%2CRIVN261009C00014500%2CRIVN261009C00015000%2CRIVN261009C00015500%2CRIVN261009C00016000%2CRIVN261009C00016500%2CRIVN261009C00017000%2CRIVN261009C00017500%2CRIVN261009C00018000%2CRIVN261009C00018500%2CRIVN261009C00019000%2CRIVN261009C00019500%2CRIVN261009C00020000%2CRIVN261009C00020500%2CRIVN261009C00021000%2CRIVN261009C00021500%2CRIVN261009C00022000%2CRIVN261009C00023000%2CRIVN261009C00024000%2CRIVN261009C00025000%2CRIVN261009C00030000%2CRIVN261009P00005000%2CRIVN261009P00009000%2CRIVN261009P00010000%2CRIVN261009P00010500%2CRIVN261009P00011000%2CRIVN261009P00011500%2CRIVN261009P00012000%2CRIVN261009P00012500%2CRIVN261009P00013000%2CRIVN261009P00013500%2CRIVN261009P00014000%2CRIVN261009P00014500%2CRIVN261009P00015000%2CRIVN261009P00015500%2CRIVN261009P00016000%2CRIVN261009P00016500%2CRIVN261009P00017000%2CRIVN261009P00017500%2CRIVN261009P00018000&greeks=true'
For more information check: https://developer.mozilla.org/en-US/docs/Web/HTTP/Status/401
2026-10-06T10:53:22 | WARNING  | app.scanning.alpaca_confirmer | AlpacaConfirmer: cannot fetch chain for AMZN 2026-10-09: Client error '401 Unauthorized' for url 'https://api.tradier.com/v1/markets/quotes?symbols=AMZN261009C00140000%2CAMZN261009C00145000%2CAMZN261009C00150000%2CAMZN261009C00155000%2CAMZN261009C00160000%2CAMZN261009C00165000%2CAMZN261009C00170000%2CAMZN261009C00175000%2CAMZN261009C00180000%2CAMZN261009C00185000%2CAMZN261009C00190000%2CAMZN261009C00195000%2CAMZN261009C00200000%2CAMZN261009C00205000%2CAMZN261009C00210000%2CAMZN261009C00215000%2CAMZN261009C00220000%2CAMZN261009C00222500%2CAMZN261009C00225000%2CAMZN261009C00227500%2CAMZN261009C00230000%2CAMZN261009C00232500%2CAMZN261009C00235000%2CAMZN261009C00237500%2CAMZN261009C00240000%2CAMZN261009C00242500%2CAMZN261009C00245000%2CAMZN261009C00247500%2CAMZN261009C00250000%2CAMZN261009C00252500%2CAMZN261009C00255000%2CAMZN261009C00257500%2CAMZN261009C00260000%2CAMZN261009C00262500%2CAMZN261009C00265000%2CAMZN261009C00267500%2CAMZN261009C00270000%2CAMZN261009C00272500%2CAMZN261009C00275000%2CAMZN261009C00277500%2CAMZN261009C00280000%2CAMZN261009C00285000%2CAMZN261009C00290000%2CAMZN261009C00295000%2CAMZN261009C00300000%2CAMZN261009C00305000%2CAMZN261009C00310000%2CAMZN261009C00315000%2CAMZN261009C00320000%2CAMZN261009C00325000&greeks=true'
For more information check: https://developer.mozilla.org/en-US/docs/Web/HTTP/Status/401
2026-10-06T10:53:22 | WARNING  | app.scanning.alpaca_confirmer | AlpacaConfirmer: cannot fetch chain for UBER 2026-10-09: Client error '401 Unauthorized' for url 'https://api.tradier.com/v1/markets/quotes?symbols=UBER261009C00050000%2CUBER261009C00055000%2CUBER261009C00057000%2CUBER261009C00058000%2CUBER261009C00059000%2CUBER261009C00060000%2CUBER261009C00061000%2CUBER261009C00062000%2CUBER261009C00063000%2CUBER261009C00064000%2CUBER261009C00065000%2CUBER261009C00066000%2CUBER261009C00067000%2CUBER261009C00068000%2CUBER261009C00069000%2CUBER261009C00070000%2CUBER261009C00071000%2CUBER261009C00072000%2CUBER261009C00073000%2CUBER261009C00074000%2CUBER261009C00075000%2CUBER261009C00076000%2CUBER261009C00077000%2CUBER261009C00078000%2CUBER261009C00079000%2CUBER261009C00080000%2CUBER261009C00081000%2CUBER261009C00082000%2CUBER261009C00083000%2CUBER261009C00084000%2CUBER261009C00085000%2CUBER261009C00086000%2CUBER261009C00087000%2CUBER261009C00088000%2CUBER261009C00089000%2CUBER261009C00090000%2CUBER261009C00091000%2CUBER261009C00095000%2CUBER261009C00100000%2CUBER261009C00105000%2CUBER261009P00050000%2CUBER261009P00055000%2CUBER261009P00057000%2CUBER261009P00058000%2CUBER261009P00059000%2CUBER261009P00060000%2CUBER261009P00061000%2CUBER261009P00062000%2CUBER261009P00063000%2CUBER261009P00064000&greeks=true'
For more information check: https://developer.mozilla.org/en-US/docs/Web/HTTP/Status/401
2026-10-06T10:53:22 | WARNING  | app.scanning.alpaca_confirmer | AlpacaConfirmer: cannot fetch chain for DKNG 2026-10-09: Client error '401 Unauthorized' for url 'https://api.tradier.com/v1/markets/quotes?symbols=DKNG261009C00010000%2CDKNG261009C00011000%2CDKNG261009C00012000%2CDKNG261009C00013000%2CDKNG261009C00014000%2CDKNG261009C00015000%2CDKNG261009C00016000%2CDKNG261009C00017000%2CDKNG261009C00018000%2CDKNG261009C00018500%2CDKNG261009C00019000%2CDKNG261009C00019500%2CDKNG261009C00020000%2CDKNG261009C00020500%2CDKNG261009C00021000%2CDKNG261009C00021500%2CDKNG261009C00022000%2CDKNG261009C00022500%2CDKNG261009C00023000%2CDKNG261009C00023500%2CDKNG261009C00024000%2CDKNG261009C00024500%2CDKNG261009C00025000%2CDKNG261009C00025500%2CDKNG261009C00026000%2CDKNG261009C00026500%2CDKNG261009C00027000%2CDKNG261009C00027500%2CDKNG261009C00028000%2CDKNG261009C00028500%2CDKNG261009C00029000%2CDKNG261009C00030000%2CDKNG261009C00031000%2CDKNG261009C00032000%2CDKNG261009C00033000%2CDKNG261009C00034000%2CDKNG261009C00035000%2CDKNG261009P00010000%2CDKNG261009P00011000%2CDKNG261009P00012000%2CDKNG261009P00013000%2CDKNG261009P00014000%2CDKNG261009P00015000%2CDKNG261009P00016000%2CDKNG261009P00017000%2CDKNG261009P00018000%2CDKNG261009P00018500%2CDKNG261009P00019000%2CDKNG261009P00019500%2CDKNG261009P00020000&greeks=true'
For more information check: https://developer.mozilla.org/en-US/docs/Web/HTTP/Status/401
2026-10-06T10:53:22 | WARNING  | app.scanning.alpaca_confirmer | AlpacaConfirmer: cannot fetch chain for QQQ 2026-10-08: Client error '401 Unauthorized' for url 'https://api.tradier.com/v1/markets/quotes?symbols=QQQ261008C00500000%2CQQQ261008C00505000%2CQQQ261008C00510000%2CQQQ261008C00515000%2CQQQ261008C00520000%2CQQQ261008C00525000%2CQQQ261008C00530000%2CQQQ261008C00535000%2CQQQ261008C00540000%2CQQQ261008C00545000%2CQQQ261008C00550000%2CQQQ261008C00555000%2CQQQ261008C00560000%2CQQQ261008C00565000%2CQQQ261008C00570000%2CQQQ261008C00575000%2CQQQ261008C00580000%2CQQQ261008C00585000%2CQQQ261008C00590000%2CQQQ261008C00595000%2CQQQ261008C00600000%2CQQQ261008C00605000%2CQQQ261008C00610000%2CQQQ261008C00615000%2CQQQ261008C00620000%2CQQQ261008C00625000%2CQQQ261008C00630000%2CQQQ261008C00635000%2CQQQ261008C00640000%2CQQQ261008C00645000%2CQQQ261008C00650000%2CQQQ261008C00655000%2CQQQ261008C00660000%2CQQQ261008C00665000%2CQQQ261008C00670000%2CQQQ261008C00675000%2CQQQ261008C00680000%2CQQQ261008C00685000%2CQQQ261008C00690000%2CQQQ261008C00691000%2CQQQ261008C00692000%2CQQQ261008C00693000%2CQQQ261008C00694000%2CQQQ261008C00695000%2CQQQ261008C00696000%2CQQQ261008C00697000%2CQQQ261008C00698000%2CQQQ261008C00699000%2CQQQ261008C00700000%2CQQQ261008C00701000&greeks=true'
For more information check: https://developer.mozilla.org/en-US/docs/Web/HTTP/Status/401
2026-10-06T10:53:22 | WARNING  | app.scanning.alpaca_confirmer | AlpacaConfirmer: cannot fetch chain for GOOGL 2026-10-09: Client error '401 Unauthorized' for url 'https://api.tradier.com/v1/markets/quotes?symbols=GOOGL261009C00100000%2CGOOGL261009C00105000%2CGOOGL261009C00110000%2CGOOGL261009C00115000%2CGOOGL261009C00120000%2CGOOGL261009C00125000%2CGOOGL261009C00130000%2CGOOGL261009C00135000%2CGOOGL261009C00140000%2CGOOGL261009C00145000%2CGOOGL261009C00150000%2CGOOGL261009C00155000%2CGOOGL261009C00160000%2CGOOGL261009C00165000%2CGOOGL261009C00170000%2CGOOGL261009C00175000%2CGOOGL261009C00180000%2CGOOGL261009C00185000%2CGOOGL261009C00190000%2CGOOGL261009C00195000%2CGOOGL261009C00200000%2CGOOGL261009C00205000%2CGOOGL261009C00210000%2CGOOGL261009C00215000%2CGOOGL261009C00220000%2CGOOGL261009C00225000%2CGOOGL261009C00230000%2CGOOGL261009C00235000%2CGOOGL261009C00240000%2CGOOGL261009C00245000%2CGOOGL261009C00250000%2CGOOGL261009C00255000%2CGOOGL261009C00260000%2CGOOGL261009C00265000%2CGOOGL261009C00270000%2CGOOGL261009C00275000%2CGOOGL261009C00280000%2CGOOGL261009C00285000%2CGOOGL261009C00290000%2CGOOGL261009C00295000%2CGOOGL261009C00300000%2CGOOGL261009C00305000%2CGOOGL261009C00307500%2CGOOGL261009C00310000%2CGOOGL261009C00312500%2CGOOGL261009C00315000%2CGOOGL261009C00317500%2CGOOGL261009C00320000%2CGOOGL261009C00322500%2CGOOGL261009C00325000&greeks=true'
For more information check: https://developer.mozilla.org/en-US/docs/Web/HTTP/Status/401
2026-10-06T10:53:22 | WARNING  | app.scanning.alpaca_confirmer | AlpacaConfirmer: cannot fetch chain for SPY 2026-10-08: Client error '401 Unauthorized' for url 'https://api.tradier.com/v1/markets/quotes?symbols=SPY261008C00550000%2CSPY261008C00555000%2CSPY261008C00560000%2CSPY261008C00565000%2CSPY261008C00570000%2CSPY261008C00575000%2CSPY261008C00580000%2CSPY261008C00585000%2CSPY261008C00590000%2CSPY261008C00595000%2CSPY261008C00600000%2CSPY261008C00605000%2CSPY261008C00610000%2CSPY261008C00615000%2CSPY261008C00620000%2CSPY261008C00625000%2CSPY261008C00630000%2CSPY261008C00635000%2CSPY261008C00640000%2CSPY261008C00645000%2CSPY261008C00650000%2CSPY261008C00655000%2CSPY261008C00660000%2CSPY261008C00665000%2CSPY261008C00670000%2CSPY261008C00675000%2CSPY261008C00680000%2CSPY261008C00685000%2CSPY261008C00690000%2CSPY261008C00695000%2CSPY261008C00700000%2CSPY261008C00705000%2CSPY261008C00710000%2CSPY261008C00715000%2CSPY261008C00720000%2CSPY261008C00723000%2CSPY261008C00724000%2CSPY261008C00725000%2CSPY261008C00726000%2CSPY261008C00727000%2CSPY261008C00728000%2CSPY261008C00729000%2CSPY261008C00730000%2CSPY261008C00731000%2CSPY261008C00732000%2CSPY261008C00733000%2CSPY261008C00734000%2CSPY261008C00735000%2CSPY261008C00736000%2CSPY261008C00737000&greeks=true'
For more information check: https://developer.mozilla.org/en-US/docs/Web/HTTP/Status/401
2026-10-06T10:53:22 | WARNING  | app.scanning.alpaca_confirmer | AlpacaConfirmer: cannot fetch chain for AMD 2026-10-09: Client error '401 Unauthorized' for url 'https://api.tradier.com/v1/markets/quotes?symbols=AMD261009C00040000%2CAMD261009C00045000%2CAMD261009C00050000%2CAMD261009C00055000%2CAMD261009C00060000%2CAMD261009C00065000%2CAMD261009C00070000%2CAMD261009C00075000%2CAMD261009C00080000%2CAMD261009C00085000%2CAMD261009C00090000%2CAMD261009C00095000%2CAMD261009C00100000%2CAMD261009C00105000%2CAMD261009C00110000%2CAMD261009C00115000%2CAMD261009C00120000%2CAMD261009C00125000%2CAMD261009C00130000%2CAMD261009C00135000%2CAMD261009C00140000%2CAMD261009C00145000%2CAMD261009C00150000%2CAMD261009C00155000%2CAMD261009C00160000%2CAMD261009C00165000%2CAMD261009C00170000%2CAMD261009C00175000%2CAMD261009C00180000%2CAMD261009C00185000%2CAMD261009C00190000%2CAMD261009C00195000%2CAMD261009C00200000%2CAMD261009C00205000%2CAMD261009C00210000%2CAMD261009C00215000%2CAMD261009C00220000%2CAMD261009C00225000%2CAMD261009C00230000%2CAMD261009C00235000%2CAMD261009C00240000%2CAMD261009C00245000%2CAMD261009C00250000%2CAMD261009C00255000%2CAMD261009C00260000%2CAMD261009C00265000%2CAMD261009C00270000%2CAMD261009C00275000%2CAMD261009C00280000%2CAMD261009C00285000&greeks=true'
For more information check: https://developer.mozilla.org/en-US/docs/Web/HTTP/Status/401
2026-10-06T10:53:22 | WARNING  | app.scanning.alpaca_confirmer | AlpacaConfirmer: cannot fetch chain for IWM 2026-10-08: Client error '401 Unauthorized' for url 'https://api.tradier.com/v1/markets/quotes?symbols=IWM261008C00180000%2CIWM261008C00190000%2CIWM261008C00200000%2CIWM261008C00205000%2CIWM261008C00210000%2CIWM261008C00215000%2CIWM261008C00220000%2CIWM261008C00225000%2CIWM261008C00230000%2CIWM261008C00235000%2CIWM261008C00240000%2CIWM261008C00245000%2CIWM261008C00250000%2CIWM261008C00255000%2CIWM261008C00260000%2CIWM261008C00261000%2CIWM261008C00262000%2CIWM261008C00263000%2CIWM261008C00264000%2CIWM261008C00265000%2CIWM261008C00266000%2CIWM261008C00267000%2CIWM261008C00268000%2CIWM261008C00269000%2CIWM261008C00270000%2CIWM261008C00271000%2CIWM261008C00272000%2CIWM261008C00273000%2CIWM261008C00274000%2CIWM261008C00275000%2CIWM261008C00276000%2CIWM261008C00277000%2CIWM261008C00278000%2CIWM261008C00279000%2CIWM261008C00280000%2CIWM261008C00281000%2CIWM261008C00282000%2CIWM261008C00283000%2CIWM261008C00284000%2CIWM261008C00285000%2CIWM261008C00286000%2CIWM261008C00287000%2CIWM261008C00288000%2CIWM261008C00289000%2CIWM261008C00290000%2CIWM261008C00291000%2CIWM261008C00292000%2CIWM261008C00293000%2CIWM261008C00294000%2CIWM261008C00295000&greeks=true'
For more information check: https://developer.mozilla.org/en-US/docs/Web/HTTP/Status/401
2026-10-06T10:53:22 | INFO     | session_runner | AlpacaConfirmer: 0 confirmed symbols: []
2026-10-06T10:53:22 | WARNING  | session_runner | Re-scan returned no confirmed symbols — falling back to ['SPY']
2026-10-06T10:53:23 | INFO     | session_runner | Broad-market regime | SPY=long
2026-10-06T10:53:23 | INFO     | session_runner | [bridge:SPY] rsi_trend ready: sufficient bars
2026-10-06T10:53:23 | INFO     | session_runner | Stale signal: SPY/orb age=63 min > max 10 min — skipped
2026-10-06T10:53:23 | INFO     | session_runner | Stale signal: SPY/vwap_reclaim age=68 min > max 10 min — skipped
2026-10-06T10:53:23 | INFO     | session_runner | Signal quality blocked | SPY/vwap_reclaim score=0.0 < 3.0
2026-10-06T10:53:23 | INFO     | app.evaluation.shadow_book | ShadowBook: v4-20261006-6000-SPY-vwap_reclaim blocked (signal_quality_below_min) but not priceable — signal logged, no simulation
2026-10-06T10:53:53 | INFO     | session_runner | [cycle 162] 10:53:53 ET | positions=0 | entries=0
2026-10-06T10:53:53 | INFO     | session_runner | [bridge:SPY] rsi_trend ready: sufficient bars
2026-10-06T10:53:53 | INFO     | session_runner | Stale signal: SPY/orb age=64 min > max 10 min — skipped
2026-10-06T10:53:53 | INFO     | session_runner | Stale signal: SPY/vwap_reclaim age=69 min > max 10 min — skipped
2026-10-06T10:53:53 | INFO     | session_runner | Signal quality blocked | SPY/vwap_reclaim score=0.0 < 3.0
2026-10-06T10:53:54 | INFO     | app.evaluation.shadow_book | ShadowBook: v4-20261006-6001-SPY-vwap_reclaim blocked (signal_quality_below_min) but not priceable — signal logged, no simulation
2026-10-06T10:54:24 | INFO     | session_runner | [cycle 163] 10:54:24 ET | positions=0 | entries=0
2026-10-06T10:54:24 | INFO     | session_runner | [bridge:SPY] rsi_trend ready: sufficient bars
2026-10-06T10:54:24 | INFO     | session_runner | Stale signal: SPY/orb age=64 min > max 10 min — skipped
2026-10-06T10:54:24 | INFO     | session_runner | Stale signal: SPY/vwap_reclaim age=69 min > max 10 min — skipped
2026-10-06T10:54:24 | INFO     | session_runner | Signal quality blocked | SPY/vwap_reclaim score=0.0 < 3.0
2026-10-06T10:54:24 | INFO     | app.evaluation.shadow_book | ShadowBook: v4-20261006-6002-SPY-vwap_reclaim blocked (signal_quality_below_min) but not priceable — signal logged, no simulation
2026-10-06T10:54:54 | INFO     | session_runner | [cycle 164] 10:54:54 ET | positions=0 | entries=0
2026-10-06T10:54:54 | INFO     | session_runner | [bridge:SPY] rsi_trend ready: sufficient bars
2026-10-06T10:54:54 | INFO     | session_runner | Stale signal: SPY/orb age=65 min > max 10 min — skipped
2026-10-06T10:54:54 | INFO     | session_runner | Stale signal: SPY/vwap_reclaim age=70 min > max 10 min — skipped
2026-10-06T10:54:54 | INFO     | session_runner | Signal quality blocked | SPY/vwap_reclaim score=0.0 < 3.0
2026-10-06T10:54:54 | INFO     | app.evaluation.shadow_book | ShadowBook: v4-20261006-6003-SPY-vwap_reclaim blocked (signal_quality_below_min) but not priceable — signal logged, no simulation
2026-10-06T10:55:24 | INFO     | session_runner | [cycle 165] 10:55:24 ET | positions=0 | entries=0
2026-10-06T10:55:25 | INFO     | session_runner | [bridge:SPY] rsi_trend ready: sufficient bars
2026-10-06T10:55:25 | INFO     | session_runner | Stale signal: SPY/orb age=65 min > max 10 min — skipped
2026-10-06T10:55:25 | INFO     | session_runner | Stale signal: SPY/vwap_reclaim age=10 min > max 10 min — skipped
2026-10-06T10:55:25 | INFO     | session_runner | Stale signal: SPY/vwap_reclaim age=70 min > max 10 min — skipped
2026-10-06T10:55:55 | INFO     | session_runner | [cycle 166] 10:55:55 ET | positions=0 | entries=0
2026-10-06T10:55:55 | INFO     | session_runner | [bridge:SPY] rsi_trend ready: sufficient bars
2026-10-06T10:55:55 | INFO     | session_runner | Stale signal: SPY/orb age=66 min > max 10 min — skipped
2026-10-06T10:55:55 | INFO     | session_runner | Stale signal: SPY/vwap_reclaim age=11 min > max 10 min — skipped
2026-10-06T10:55:55 | INFO     | session_runner | Stale signal: SPY/vwap_reclaim age=71 min > max 10 min — skipped
2026-10-06T10:56:25 | INFO     | session_runner | [cycle 167] 10:56:25 ET | positions=0 | entries=0
2026-10-06T10:56:25 | INFO     | session_runner | [bridge:SPY] rsi_trend ready: sufficient bars
2026-10-06T10:56:25 | INFO     | session_runner | Stale signal: SPY/orb age=66 min > max 10 min — skipped
2026-10-06T10:56:25 | INFO     | session_runner | Stale signal: SPY/vwap_reclaim age=11 min > max 10 min — skipped
2026-10-06T10:56:25 | INFO     | session_runner | Stale signal: SPY/vwap_reclaim age=71 min > max 10 min — skipped
2026-10-06T10:56:55 | INFO     | session_runner | [cycle 168] 10:56:55 ET | positions=0 | entries=0
2026-10-06T10:56:55 | INFO     | session_runner | [bridge:SPY] rsi_trend ready: sufficient bars
2026-10-06T10:56:55 | INFO     | session_runner | Stale signal: SPY/orb age=67 min > max 10 min — skipped
2026-10-06T10:56:55 | INFO     | session_runner | Stale signal: SPY/vwap_reclaim age=12 min > max 10 min — skipped
2026-10-06T10:56:55 | INFO     | session_runner | Stale signal: SPY/vwap_reclaim age=72 min > max 10 min — skipped
2026-10-06T10:57:26 | INFO     | session_runner | [cycle 169] 10:57:26 ET | positions=0 | entries=0
2026-10-06T10:57:26 | INFO     | session_runner | [bridge:SPY] rsi_trend ready: sufficient bars
2026-10-06T10:57:26 | INFO     | session_runner | Stale signal: SPY/orb age=67 min > max 10 min — skipped
2026-10-06T10:57:26 | INFO     | session_runner | Stale signal: SPY/vwap_reclaim age=12 min > max 10 min — skipped
2026-10-06T10:57:26 | INFO     | session_runner | Stale signal: SPY/vwap_reclaim age=72 min > max 10 min — skipped
2026-10-06T10:57:56 | INFO     | session_runner | [cycle 170] 10:57:56 ET | positions=0 | entries=0
2026-10-06T10:57:56 | INFO     | session_runner | [bridge:SPY] rsi_trend ready: sufficient bars
2026-10-06T10:57:56 | INFO     | session_runner | Stale signal: SPY/orb age=68 min > max 10 min — skipped
2026-10-06T10:57:56 | INFO     | session_runner | Stale signal: SPY/vwap_reclaim age=13 min > max 10 min — skipped
2026-10-06T10:57:56 | INFO     | session_runner | Stale signal: SPY/vwap_reclaim age=73 min > max 10 min — skipped
2026-10-06T10:58:26 | INFO     | session_runner | [cycle 171] 10:58:26 ET | positions=0 | entries=0
2026-10-06T10:58:26 | INFO     | session_runner | Periodic universe re-scan …
2026-10-06T10:58:26 | INFO     | app.scanning.universe_loader | UniverseLoader: loaded 5 groups (13 flat symbols) from config/ticker_universe.yaml (blacklist=0)
2026-10-06T10:58:26 | INFO     | app.scanning.universe_loader | UniverseLoader: 38 symbols from 4 group(s) (blacklist=0)
2026-10-06T10:58:26 | INFO     | session_runner | Universe scan: 38 symbols from 4 group(s) | max_active=6
2026-10-06T10:58:31 | INFO     | session_runner | Scan: 17 passed, 21 rejected
2026-10-06T10:58:31 | INFO     | session_runner |   AMZN    score=77.0  signal=LONG     reasons: rvol=1.51x (elevated), atr=1.99% (wide-range), orb_breakout
2026-10-06T10:58:31 | INFO     | session_runner |   AVGO    score=77.0  signal=LONG     reasons: rvol=2.77x (high), atr=2.83% (wide-range), orb_breakout
2026-10-06T10:58:31 | INFO     | session_runner |   XLE     score=75.0  signal=LONG     reasons: rvol=1.39x (normal), atr=1.82% (wide-range), orb_breakout
2026-10-06T10:58:31 | INFO     | session_runner |   AMD     score=75.0  signal=LONG     reasons: rvol=1.72x (elevated), atr=3.48% (wide-range), orb_breakout
2026-10-06T10:58:31 | INFO     | session_runner |   UBER    score=75.0  signal=SHORT    reasons: rvol=1.29x (normal), atr=2.19% (wide-range), orb_breakdown
2026-10-06T10:58:31 | WARNING  | app.scanning.alpaca_confirmer | AlpacaConfirmer: cannot fetch chain for IWM 2026-10-08: Client error '401 Unauthorized' for url 'https://api.tradier.com/v1/markets/quotes?symbols=IWM261008C00180000%2CIWM261008C00190000%2CIWM261008C00200000%2CIWM261008C00205000%2CIWM261008C00210000%2CIWM261008C00215000%2CIWM261008C00220000%2CIWM261008C00225000%2CIWM261008C00230000%2CIWM261008C00235000%2CIWM261008C00240000%2CIWM261008C00245000%2CIWM261008C00250000%2CIWM261008C00255000%2CIWM261008C00260000%2CIWM261008C00261000%2CIWM261008C00262000%2CIWM261008C00263000%2CIWM261008C00264000%2CIWM261008C00265000%2CIWM261008C00266000%2CIWM261008C00267000%2CIWM261008C00268000%2CIWM261008C00269000%2CIWM261008C00270000%2CIWM261008C00271000%2CIWM261008C00272000%2CIWM261008C00273000%2CIWM261008C00274000%2CIWM261008C00275000%2CIWM261008C00276000%2CIWM261008C00277000%2CIWM261008C00278000%2CIWM261008C00279000%2CIWM261008C00280000%2CIWM261008C00281000%2CIWM261008C00282000%2CIWM261008C00283000%2CIWM261008C00284000%2CIWM261008C00285000%2CIWM261008C00286000%2CIWM261008C00287000%2CIWM261008C00288000%2CIWM261008C00289000%2CIWM261008C00290000%2CIWM261008C00291000%2CIWM261008C00292000%2CIWM261008C00293000%2CIWM261008C00294000%2CIWM261008C00295000&greeks=true'
For more information check: https://developer.mozilla.org/en-US/docs/Web/HTTP/Status/401
2026-10-06T10:58:31 | WARNING  | app.scanning.alpaca_confirmer | AlpacaConfirmer: cannot fetch chain for GOOGL 2026-10-09: Client error '401 Unauthorized' for url 'https://api.tradier.com/v1/markets/quotes?symbols=GOOGL261009C00100000%2CGOOGL261009C00105000%2CGOOGL261009C00110000%2CGOOGL261009C00115000%2CGOOGL261009C00120000%2CGOOGL261009C00125000%2CGOOGL261009C00130000%2CGOOGL261009C00135000%2CGOOGL261009C00140000%2CGOOGL261009C00145000%2CGOOGL261009C00150000%2CGOOGL261009C00155000%2CGOOGL261009C00160000%2CGOOGL261009C00165000%2CGOOGL261009C00170000%2CGOOGL261009C00175000%2CGOOGL261009C00180000%2CGOOGL261009C00185000%2CGOOGL261009C00190000%2CGOOGL261009C00195000%2CGOOGL261009C00200000%2CGOOGL261009C00205000%2CGOOGL261009C00210000%2CGOOGL261009C00215000%2CGOOGL261009C00220000%2CGOOGL261009C00225000%2CGOOGL261009C00230000%2CGOOGL261009C00235000%2CGOOGL261009C00240000%2CGOOGL261009C00245000%2CGOOGL261009C00250000%2CGOOGL261009C00255000%2CGOOGL261009C00260000%2CGOOGL261009C00265000%2CGOOGL261009C00270000%2CGOOGL261009C00275000%2CGOOGL261009C00280000%2CGOOGL261009C00285000%2CGOOGL261009C00290000%2CGOOGL261009C00295000%2CGOOGL261009C00300000%2CGOOGL261009C00305000%2CGOOGL261009C00307500%2CGOOGL261009C00310000%2CGOOGL261009C00312500%2CGOOGL261009C00315000%2CGOOGL261009C00317500%2CGOOGL261009C00320000%2CGOOGL261009C00322500%2CGOOGL261009C00325000&greeks=true'
For more information check: https://developer.mozilla.org/en-US/docs/Web/HTTP/Status/401
2026-10-06T10:58:31 | WARNING  | app.scanning.alpaca_confirmer | AlpacaConfirmer: cannot fetch chain for MARA 2026-10-09: Client error '401 Unauthorized' for url 'https://api.tradier.com/v1/markets/quotes?symbols=MARA261009C00004000%2CMARA261009C00005000%2CMARA261009C00006000%2CMARA261009C00006500%2CMARA261009C00007000%2CMARA261009C00007500%2CMARA261009C00008000%2CMARA261009C00008500%2CMARA261009C00009000%2CMARA261009C00009500%2CMARA261009C00010000%2CMARA261009C00010500%2CMARA261009C00011000%2CMARA261009C00011500%2CMARA261009C00012000%2CMARA261009C00012500%2CMARA261009C00013000%2CMARA261009C00013500%2CMARA261009C00014000%2CMARA261009C00014500%2CMARA261009C00015000%2CMARA261009C00015500%2CMARA261009C00016000%2CMARA261009C00016500%2CMARA261009C00017000%2CMARA261009C00017500%2CMARA261009C00018000%2CMARA261009C00019000%2CMARA261009C00020000%2CMARA261009C00021000%2CMARA261009C00022000%2CMARA261009C00023000%2CMARA261009P00004000%2CMARA261009P00005000%2CMARA261009P00006000%2CMARA261009P00006500%2CMARA261009P00007000%2CMARA261009P00007500%2CMARA261009P00008000%2CMARA261009P00008500%2CMARA261009P00009000%2CMARA261009P00009500%2CMARA261009P00010000%2CMARA261009P00010500%2CMARA261009P00011000%2CMARA261009P00011500%2CMARA261009P00012000%2CMARA261009P00012500%2CMARA261009P00013000%2CMARA261009P00013500&greeks=true'
For more information check: https://developer.mozilla.org/en-US/docs/Web/HTTP/Status/401
2026-10-06T10:58:31 | WARNING  | app.scanning.alpaca_confirmer | AlpacaConfirmer: cannot fetch chain for XLE 2026-10-09: Client error '401 Unauthorized' for url 'https://api.tradier.com/v1/markets/quotes?symbols=XLE261009C00035000%2CXLE261009C00040000%2CXLE261009C00045000%2CXLE261009C00050000%2CXLE261009C00051000%2CXLE261009C00052000%2CXLE261009C00053000%2CXLE261009C00054000%2CXLE261009C00055000%2CXLE261009C00056000%2CXLE261009C00056500%2CXLE261009C00057000%2CXLE261009C00057500%2CXLE261009C00058000%2CXLE261009C00058500%2CXLE261009C00059000%2CXLE261009C00059500%2CXLE261009C00060000%2CXLE261009C00060500%2CXLE261009C00061000%2CXLE261009C00061500%2CXLE261009C00062000%2CXLE261009C00062500%2CXLE261009C00063000%2CXLE261009C00063500%2CXLE261009C00064000%2CXLE261009C00064500%2CXLE261009C00065000%2CXLE261009C00065500%2CXLE261009C00066000%2CXLE261009C00066500%2CXLE261009C00067000%2CXLE261009C00067500%2CXLE261009C00068000%2CXLE261009C00068500%2CXLE261009C00069000%2CXLE261009C00070000%2CXLE261009C00071000%2CXLE261009C00075000%2CXLE261009C00080000%2CXLE261009P00035000%2CXLE261009P00040000%2CXLE261009P00045000%2CXLE261009P00050000%2CXLE261009P00051000%2CXLE261009P00052000%2CXLE261009P00053000%2CXLE261009P00054000%2CXLE261009P00055000%2CXLE261009P00056000&greeks=true'
For more information check: https://developer.mozilla.org/en-US/docs/Web/HTTP/Status/401
2026-10-06T10:58:31 | WARNING  | app.scanning.alpaca_confirmer | AlpacaConfirmer: cannot fetch chain for SPY 2026-10-08: Client error '401 Unauthorized' for url 'https://api.tradier.com/v1/markets/quotes?symbols=SPY261008C00550000%2CSPY261008C00555000%2CSPY261008C00560000%2CSPY261008C00565000%2CSPY261008C00570000%2CSPY261008C00575000%2CSPY261008C00580000%2CSPY261008C00585000%2CSPY261008C00590000%2CSPY261008C00595000%2CSPY261008C00600000%2CSPY261008C00605000%2CSPY261008C00610000%2CSPY261008C00615000%2CSPY261008C00620000%2CSPY261008C00625000%2CSPY261008C00630000%2CSPY261008C00635000%2CSPY261008C00640000%2CSPY261008C00645000%2CSPY261008C00650000%2CSPY261008C00655000%2CSPY261008C00660000%2CSPY261008C00665000%2CSPY261008C00670000%2CSPY261008C00675000%2CSPY261008C00680000%2CSPY261008C00685000%2CSPY261008C00690000%2CSPY261008C00695000%2CSPY261008C00700000%2CSPY261008C00705000%2CSPY261008C00710000%2CSPY261008C00715000%2CSPY261008C00720000%2CSPY261008C00723000%2CSPY261008C00724000%2CSPY261008C00725000%2CSPY261008C00726000%2CSPY261008C00727000%2CSPY261008C00728000%2CSPY261008C00729000%2CSPY261008C00730000%2CSPY261008C00731000%2CSPY261008C00732000%2CSPY261008C00733000%2CSPY261008C00734000%2CSPY261008C00735000%2CSPY261008C00736000%2CSPY261008C00737000&greeks=true'
For more information check: https://developer.mozilla.org/en-US/docs/Web/HTTP/Status/401
2026-10-06T10:58:31 | WARNING  | app.scanning.alpaca_confirmer | AlpacaConfirmer: cannot fetch chain for MSFT 2026-10-09: Client error '401 Unauthorized' for url 'https://api.tradier.com/v1/markets/quotes?symbols=MSFT261009C00270000%2CMSFT261009C00280000%2CMSFT261009C00290000%2CMSFT261009C00300000%2CMSFT261009C00305000%2CMSFT261009C00310000%2CMSFT261009C00315000%2CMSFT261009C00320000%2CMSFT261009C00325000%2CMSFT261009C00330000%2CMSFT261009C00335000%2CMSFT261009C00340000%2CMSFT261009C00345000%2CMSFT261009C00350000%2CMSFT261009C00355000%2CMSFT261009C00360000%2CMSFT261009C00365000%2CMSFT261009C00370000%2CMSFT261009C00375000%2CMSFT261009C00380000%2CMSFT261009C00385000%2CMSFT261009C00390000%2CMSFT261009C00395000%2CMSFT261009C00400000%2CMSFT261009C00405000%2CMSFT261009C00410000%2CMSFT261009C00415000%2CMSFT261009C00420000%2CMSFT261009C00425000%2CMSFT261009C00430000%2CMSFT261009C00435000%2CMSFT261009C00440000%2CMSFT261009C00445000%2CMSFT261009C00450000%2CMSFT261009C00455000%2CMSFT261009C00457500%2CMSFT261009C00460000%2CMSFT261009C00462500%2CMSFT261009C00465000%2CMSFT261009C00467500%2CMSFT261009C00470000%2CMSFT261009C00472500%2CMSFT261009C00475000%2CMSFT261009C00477500%2CMSFT261009C00480000%2CMSFT261009C00482500%2CMSFT261009C00485000%2CMSFT261009C00487500%2CMSFT261009C00490000%2CMSFT261009C00492500&greeks=true'
For more information check: https://developer.mozilla.org/en-US/docs/Web/HTTP/Status/401
2026-10-06T10:58:31 | WARNING  | app.scanning.alpaca_confirmer | AlpacaConfirmer: cannot fetch chain for QQQ 2026-10-08: Client error '401 Unauthorized' for url 'https://api.tradier.com/v1/markets/quotes?symbols=QQQ261008C00500000%2CQQQ261008C00505000%2CQQQ261008C00510000%2CQQQ261008C00515000%2CQQQ261008C00520000%2CQQQ261008C00525000%2CQQQ261008C00530000%2CQQQ261008C00535000%2CQQQ261008C00540000%2CQQQ261008C00545000%2CQQQ261008C00550000%2CQQQ261008C00555000%2CQQQ261008C00560000%2CQQQ261008C00565000%2CQQQ261008C00570000%2CQQQ261008C00575000%2CQQQ261008C00580000%2CQQQ261008C00585000%2CQQQ261008C00590000%2CQQQ261008C00595000%2CQQQ261008C00600000%2CQQQ261008C00605000%2CQQQ261008C00610000%2CQQQ261008C00615000%2CQQQ261008C00620000%2CQQQ261008C00625000%2CQQQ261008C00630000%2CQQQ261008C00635000%2CQQQ261008C00640000%2CQQQ261008C00645000%2CQQQ261008C00650000%2CQQQ261008C00655000%2CQQQ261008C00660000%2CQQQ261008C00665000%2CQQQ261008C00670000%2CQQQ261008C00675000%2CQQQ261008C00680000%2CQQQ261008C00685000%2CQQQ261008C00690000%2CQQQ261008C00691000%2CQQQ261008C00692000%2CQQQ261008C00693000%2CQQQ261008C00694000%2CQQQ261008C00695000%2CQQQ261008C00696000%2CQQQ261008C00697000%2CQQQ261008C00698000%2CQQQ261008C00699000%2CQQQ261008C00700000%2CQQQ261008C00701000&greeks=true'
For more information check: https://developer.mozilla.org/en-US/docs/Web/HTTP/Status/401
2026-10-06T10:58:31 | WARNING  | app.scanning.alpaca_confirmer | AlpacaConfirmer: cannot fetch chain for RIOT 2026-10-09: Client error '401 Unauthorized' for url 'https://api.tradier.com/v1/markets/quotes?symbols=RIOT261009C00008000%2CRIOT261009C00009000%2CRIOT261009C00010000%2CRIOT261009C00011000%2CRIOT261009C00012000%2CRIOT261009C00013000%2CRIOT261009C00014000%2CRIOT261009C00015000%2CRIOT261009C00016000%2CRIOT261009C00017000%2CRIOT261009C00017500%2CRIOT261009C00018000%2CRIOT261009C00018500%2CRIOT261009C00019000%2CRIOT261009C00019500%2CRIOT261009C00020000%2CRIOT261009C00020500%2CRIOT261009C00021000%2CRIOT261009C00021500%2CRIOT261009C00022000%2CRIOT261009C00022500%2CRIOT261009C00023000%2CRIOT261009C00023500%2CRIOT261009C00024000%2CRIOT261009C00024500%2CRIOT261009C00025000%2CRIOT261009C00025500%2CRIOT261009C00026000%2CRIOT261009C00026500%2CRIOT261009C00027000%2CRIOT261009C00027500%2CRIOT261009C00028000%2CRIOT261009C00028500%2CRIOT261009C00029000%2CRIOT261009C00029500%2CRIOT261009C00030000%2CRIOT261009C00031000%2CRIOT261009C00032000%2CRIOT261009C00033000%2CRIOT261009C00034000%2CRIOT261009C00035000%2CRIOT261009P00008000%2CRIOT261009P00009000%2CRIOT261009P00010000%2CRIOT261009P00011000%2CRIOT261009P00012000%2CRIOT261009P00013000%2CRIOT261009P00014000%2CRIOT261009P00015000%2CRIOT261009P00016000&greeks=true'
For more information check: https://developer.mozilla.org/en-US/docs/Web/HTTP/Status/401
2026-10-06T10:58:31 | WARNING  | app.scanning.alpaca_confirmer | AlpacaConfirmer: cannot fetch chain for UBER 2026-10-09: Client error '401 Unauthorized' for url 'https://api.tradier.com/v1/markets/quotes?symbols=UBER261009C00050000%2CUBER261009C00055000%2CUBER261009C00057000%2CUBER261009C00058000%2CUBER261009C00059000%2CUBER261009C00060000%2CUBER261009C00061000%2CUBER261009C00062000%2CUBER261009C00063000%2CUBER261009C00064000%2CUBER261009C00065000%2CUBER261009C00066000%2CUBER261009C00067000%2CUBER261009C00068000%2CUBER261009C00069000%2CUBER261009C00070000%2CUBER261009C00071000%2CUBER261009C00072000%2CUBER261009C00073000%2CUBER261009C00074000%2CUBER261009C00075000%2CUBER261009C00076000%2CUBER261009C00077000%2CUBER261009C00078000%2CUBER261009C00079000%2CUBER261009C00080000%2CUBER261009C00081000%2CUBER261009C00082000%2CUBER261009C00083000%2CUBER261009C00084000%2CUBER261009C00085000%2CUBER261009C00086000%2CUBER261009C00087000%2CUBER261009C00088000%2CUBER261009C00089000%2CUBER261009C00090000%2CUBER261009C00091000%2CUBER261009C00095000%2CUBER261009C00100000%2CUBER261009C00105000%2CUBER261009P00050000%2CUBER261009P00055000%2CUBER261009P00057000%2CUBER261009P00058000%2CUBER261009P00059000%2CUBER261009P00060000%2CUBER261009P00061000%2CUBER261009P00062000%2CUBER261009P00063000%2CUBER261009P00064000&greeks=true'
For more information check: https://developer.mozilla.org/en-US/docs/Web/HTTP/Status/401
2026-10-06T10:58:31 | WARNING  | app.scanning.alpaca_confirmer | AlpacaConfirmer: cannot fetch chain for AMZN 2026-10-09: Client error '401 Unauthorized' for url 'https://api.tradier.com/v1/markets/quotes?symbols=AMZN261009C00140000%2CAMZN261009C00145000%2CAMZN261009C00150000%2CAMZN261009C00155000%2CAMZN261009C00160000%2CAMZN261009C00165000%2CAMZN261009C00170000%2CAMZN261009C00175000%2CAMZN261009C00180000%2CAMZN261009C00185000%2CAMZN261009C00190000%2CAMZN261009C00195000%2CAMZN261009C00200000%2CAMZN261009C00205000%2CAMZN261009C00210000%2CAMZN261009C00215000%2CAMZN261009C00220000%2CAMZN261009C00222500%2CAMZN261009C00225000%2CAMZN261009C00227500%2CAMZN261009C00230000%2CAMZN261009C00232500%2CAMZN261009C00235000%2CAMZN261009C00237500%2CAMZN261009C00240000%2CAMZN261009C00242500%2CAMZN261009C00245000%2CAMZN261009C00247500%2CAMZN261009C00250000%2CAMZN261009C00252500%2CAMZN261009C00255000%2CAMZN261009C00257500%2CAMZN261009C00260000%2CAMZN261009C00262500%2CAMZN261009C00265000%2CAMZN261009C00267500%2CAMZN261009C00270000%2CAMZN261009C00272500%2CAMZN261009C00275000%2CAMZN261009C00277500%2CAMZN261009C00280000%2CAMZN261009C00285000%2CAMZN261009C00290000%2CAMZN261009C00295000%2CAMZN261009C00300000%2CAMZN261009C00305000%2CAMZN261009C00310000%2CAMZN261009C00315000%2CAMZN261009C00320000%2CAMZN261009C00325000&greeks=true'
For more information check: https://developer.mozilla.org/en-US/docs/Web/HTTP/Status/401
2026-10-06T10:58:31 | WARNING  | app.scanning.alpaca_confirmer | AlpacaConfirmer: cannot fetch chain for AVGO 2026-10-09: Client error '401 Unauthorized' for url 'https://api.tradier.com/v1/markets/quotes?symbols=AVGO261009C00210000%2CAVGO261009C00215000%2CAVGO261009C00220000%2CAVGO261009C00225000%2CAVGO261009C00230000%2CAVGO261009C00235000%2CAVGO261009C00240000%2CAVGO261009C00245000%2CAVGO261009C00250000%2CAVGO261009C00255000%2CAVGO261009C00260000%2CAVGO261009C00265000%2CAVGO261009C00270000%2CAVGO261009C00275000%2CAVGO261009C00280000%2CAVGO261009C00285000%2CAVGO261009C00290000%2CAVGO261009C00295000%2CAVGO261009C00300000%2CAVGO261009C00305000%2CAVGO261009C00310000%2CAVGO261009C00315000%2CAVGO261009C00317500%2CAVGO261009C00320000%2CAVGO261009C00322500%2CAVGO261009C00325000%2CAVGO261009C00327500%2CAVGO261009C00330000%2CAVGO261009C00332500%2CAVGO261009C00335000%2CAVGO261009C00337500%2CAVGO261009C00340000%2CAVGO261009C00342500%2CAVGO261009C00345000%2CAVGO261009C00347500%2CAVGO261009C00350000%2CAVGO261009C00352500%2CAVGO261009C00355000%2CAVGO261009C00357500%2CAVGO261009C00360000%2CAVGO261009C00362500%2CAVGO261009C00365000%2CAVGO261009C00367500%2CAVGO261009C00370000%2CAVGO261009C00372500%2CAVGO261009C00375000%2CAVGO261009C00377500%2CAVGO261009C00380000%2CAVGO261009C00382500%2CAVGO261009C00385000&greeks=true'
For more information check: https://developer.mozilla.org/en-US/docs/Web/HTTP/Status/401
2026-10-06T10:58:31 | WARNING  | app.scanning.alpaca_confirmer | AlpacaConfirmer: cannot fetch chain for AMD 2026-10-09: Client error '401 Unauthorized' for url 'https://api.tradier.com/v1/markets/quotes?symbols=AMD261009C00040000%2CAMD261009C00045000%2CAMD261009C00050000%2CAMD261009C00055000%2CAMD261009C00060000%2CAMD261009C00065000%2CAMD261009C00070000%2CAMD261009C00075000%2CAMD261009C00080000%2CAMD261009C00085000%2CAMD261009C00090000%2CAMD261009C00095000%2CAMD261009C00100000%2CAMD261009C00105000%2CAMD261009C00110000%2CAMD261009C00115000%2CAMD261009C00120000%2CAMD261009C00125000%2CAMD261009C00130000%2CAMD261009C00135000%2CAMD261009C00140000%2CAMD261009C00145000%2CAMD261009C00150000%2CAMD261009C00155000%2CAMD261009C00160000%2CAMD261009C00165000%2CAMD261009C00170000%2CAMD261009C00175000%2CAMD261009C00180000%2CAMD261009C00185000%2CAMD261009C00190000%2CAMD261009C00195000%2CAMD261009C00200000%2CAMD261009C00205000%2CAMD261009C00210000%2CAMD261009C00215000%2CAMD261009C00220000%2CAMD261009C00225000%2CAMD261009C00230000%2CAMD261009C00235000%2CAMD261009C00240000%2CAMD261009C00245000%2CAMD261009C00250000%2CAMD261009C00255000%2CAMD261009C00260000%2CAMD261009C00265000%2CAMD261009C00270000%2CAMD261009C00275000%2CAMD261009C00280000%2CAMD261009C00285000&greeks=true'
For more information check: https://developer.mozilla.org/en-US/docs/Web/HTTP/Status/401
2026-10-06T10:58:31 | INFO     | session_runner | AlpacaConfirmer: 0 confirmed symbols: []
2026-10-06T10:58:31 | WARNING  | session_runner | Re-scan returned no confirmed symbols — falling back to ['SPY']
2026-10-06T10:58:31 | INFO     | session_runner | Broad-market regime | SPY=long
2026-10-06T10:58:32 | INFO     | session_runner | [bridge:SPY] rsi_trend ready: sufficient bars
2026-10-06T10:58:32 | INFO     | session_runner | Stale signal: SPY/orb age=68 min > max 10 min — skipped
2026-10-06T10:58:32 | INFO     | session_runner | Stale signal: SPY/vwap_reclaim age=13 min > max 10 min — skipped
2026-10-06T10:58:32 | INFO     | session_runner | Stale signal: SPY/vwap_reclaim age=73 min > max 10 min — skipped
2026-10-06T10:59:02 | INFO     | session_runner | [cycle 172] 10:59:02 ET | positions=0 | entries=0
2026-10-06T10:59:02 | INFO     | session_runner | [bridge:SPY] rsi_trend ready: sufficient bars
2026-10-06T10:59:02 | INFO     | session_runner | Stale signal: SPY/orb age=69 min > max 10 min — skipped
2026-10-06T10:59:02 | INFO     | session_runner | Stale signal: SPY/vwap_reclaim age=14 min > max 10 min — skipped
2026-10-06T10:59:02 | INFO     | session_runner | Stale signal: SPY/vwap_reclaim age=74 min > max 10 min — skipped
2026-10-06T10:59:32 | INFO     | session_runner | [cycle 173] 10:59:32 ET | positions=0 | entries=0
2026-10-06T10:59:32 | INFO     | session_runner | [bridge:SPY] rsi_trend ready: sufficient bars
2026-10-06T10:59:32 | INFO     | session_runner | Stale signal: SPY/orb age=70 min > max 10 min — skipped
2026-10-06T10:59:32 | INFO     | session_runner | Stale signal: SPY/vwap_reclaim age=15 min > max 10 min — skipped
2026-10-06T10:59:32 | INFO     | session_runner | Stale signal: SPY/vwap_reclaim age=75 min > max 10 min — skipped
2026-10-06T11:00:02 | INFO     | session_runner | [cycle 174] 11:00:02 ET | positions=0 | entries=0
2026-10-06T11:00:03 | INFO     | session_runner | [bridge:SPY] rsi_trend ready: sufficient bars
2026-10-06T11:00:03 | INFO     | session_runner | Stale signal: SPY/orb age=70 min > max 10 min — skipped
2026-10-06T11:00:03 | INFO     | session_runner | Stale signal: SPY/vwap_reclaim age=15 min > max 10 min — skipped
2026-10-06T11:00:03 | INFO     | session_runner | Stale signal: SPY/vwap_reclaim age=75 min > max 10 min — skipped
2026-10-06T11:00:33 | INFO     | session_runner | [cycle 175] 11:00:33 ET | positions=0 | entries=0
2026-10-06T11:00:33 | INFO     | session_runner | [bridge:SPY] rsi_trend ready: sufficient bars
2026-10-06T11:00:33 | INFO     | session_runner | Stale signal: SPY/orb age=71 min > max 10 min — skipped
2026-10-06T11:00:33 | INFO     | session_runner | Stale signal: SPY/vwap_reclaim age=16 min > max 10 min — skipped
2026-10-06T11:00:33 | INFO     | session_runner | Stale signal: SPY/vwap_reclaim age=76 min > max 10 min — skipped
2026-10-06T11:01:03 | INFO     | session_runner | [cycle 176] 11:01:03 ET | positions=0 | entries=0
2026-10-06T11:01:04 | INFO     | session_runner | [bridge:SPY] rsi_trend ready: sufficient bars
2026-10-06T11:01:04 | INFO     | session_runner | Stale signal: SPY/orb age=71 min > max 10 min — skipped
2026-10-06T11:01:04 | INFO     | session_runner | Stale signal: SPY/vwap_reclaim age=16 min > max 10 min — skipped
2026-10-06T11:01:04 | INFO     | session_runner | Stale signal: SPY/vwap_reclaim age=76 min > max 10 min — skipped
2026-10-06T11:01:34 | INFO     | session_runner | [cycle 177] 11:01:34 ET | positions=0 | entries=0
2026-10-06T11:01:34 | INFO     | session_runner | [bridge:SPY] rsi_trend ready: sufficient bars
2026-10-06T11:01:34 | INFO     | session_runner | Stale signal: SPY/orb age=72 min > max 10 min — skipped
2026-10-06T11:01:34 | INFO     | session_runner | Stale signal: SPY/vwap_reclaim age=17 min > max 10 min — skipped
2026-10-06T11:01:34 | INFO     | session_runner | Stale signal: SPY/vwap_reclaim age=77 min > max 10 min — skipped
2026-10-06T11:02:04 | INFO     | session_runner | [cycle 178] 11:02:04 ET | positions=0 | entries=0
2026-10-06T11:02:04 | INFO     | session_runner | [bridge:SPY] rsi_trend ready: sufficient bars
2026-10-06T11:02:04 | INFO     | session_runner | Stale signal: SPY/orb age=72 min > max 10 min — skipped
2026-10-06T11:02:04 | INFO     | session_runner | Stale signal: SPY/vwap_reclaim age=17 min > max 10 min — skipped
2026-10-06T11:02:04 | INFO     | session_runner | Stale signal: SPY/vwap_reclaim age=77 min > max 10 min — skipped
2026-10-06T11:02:34 | INFO     | session_runner | [cycle 179] 11:02:34 ET | positions=0 | entries=0
2026-10-06T11:02:35 | INFO     | session_runner | [bridge:SPY] rsi_trend ready: sufficient bars
2026-10-06T11:02:35 | INFO     | session_runner | Stale signal: SPY/orb age=73 min > max 10 min — skipped
2026-10-06T11:02:35 | INFO     | session_runner | Stale signal: SPY/vwap_reclaim age=18 min > max 10 min — skipped
2026-10-06T11:02:35 | INFO     | session_runner | Stale signal: SPY/vwap_reclaim age=78 min > max 10 min — skipped
2026-10-06T11:03:05 | INFO     | session_runner | [cycle 180] 11:03:05 ET | positions=0 | entries=0
2026-10-06T11:03:05 | INFO     | session_runner | [bridge:SPY] rsi_trend ready: sufficient bars
2026-10-06T11:03:05 | INFO     | session_runner | Stale signal: SPY/orb age=73 min > max 10 min — skipped
2026-10-06T11:03:05 | INFO     | session_runner | Stale signal: SPY/vwap_reclaim age=18 min > max 10 min — skipped
2026-10-06T11:03:05 | INFO     | session_runner | Stale signal: SPY/vwap_reclaim age=78 min > max 10 min — skipped
2026-10-06T11:03:35 | INFO     | session_runner | [cycle 181] 11:03:35 ET | positions=0 | entries=0
2026-10-06T11:03:35 | INFO     | app.trading.reconciler | Reconciliation done: broker_pos=0 local_pos=0 broker_orders=0 local_pending=0 repaired=0 flagged=0 orders_confirmed=True positions_confirmed=True
2026-10-06T11:03:35 | INFO     | session_runner | Periodic universe re-scan …
2026-10-06T11:03:35 | INFO     | app.scanning.universe_loader | UniverseLoader: loaded 5 groups (13 flat symbols) from config/ticker_universe.yaml (blacklist=0)
2026-10-06T11:03:35 | INFO     | app.scanning.universe_loader | UniverseLoader: 38 symbols from 4 group(s) (blacklist=0)
2026-10-06T11:03:35 | INFO     | session_runner | Universe scan: 38 symbols from 4 group(s) | max_active=6
2026-10-06T11:03:41 | INFO     | session_runner | Scan: 17 passed, 21 rejected
2026-10-06T11:03:41 | INFO     | session_runner |   AVGO    score=77.0  signal=LONG     reasons: rvol=2.69x (high), atr=2.83% (wide-range), orb_breakout
2026-10-06T11:03:41 | INFO     | session_runner |   XLE     score=75.0  signal=LONG     reasons: rvol=1.37x (normal), atr=1.82% (wide-range), orb_breakout
2026-10-06T11:03:41 | INFO     | session_runner |   AMD     score=75.0  signal=LONG     reasons: rvol=1.70x (elevated), atr=3.50% (wide-range), orb_breakout
2026-10-06T11:03:41 | INFO     | session_runner |   IWM     score=68.0  signal=SHORT    reasons: rvol=1.43x (normal), atr=1.29% (good range), orb_breakdown
2026-10-06T11:03:41 | INFO     | session_runner |   AMZN    score=67.0  signal=LONG     reasons: rvol=1.46x (normal), atr=1.99% (wide-range), orb_breakout
2026-10-06T11:03:42 | WARNING  | app.scanning.alpaca_confirmer | AlpacaConfirmer: cannot fetch chain for AMZN 2026-10-09: Client error '401 Unauthorized' for url 'https://api.tradier.com/v1/markets/quotes?symbols=AMZN261009C00140000%2CAMZN261009C00145000%2CAMZN261009C00150000%2CAMZN261009C00155000%2CAMZN261009C00160000%2CAMZN261009C00165000%2CAMZN261009C00170000%2CAMZN261009C00175000%2CAMZN261009C00180000%2CAMZN261009C00185000%2CAMZN261009C00190000%2CAMZN261009C00195000%2CAMZN261009C00200000%2CAMZN261009C00205000%2CAMZN261009C00210000%2CAMZN261009C00215000%2CAMZN261009C00220000%2CAMZN261009C00222500%2CAMZN261009C00225000%2CAMZN261009C00227500%2CAMZN261009C00230000%2CAMZN261009C00232500%2CAMZN261009C00235000%2CAMZN261009C00237500%2CAMZN261009C00240000%2CAMZN261009C00242500%2CAMZN261009C00245000%2CAMZN261009C00247500%2CAMZN261009C00250000%2CAMZN261009C00252500%2CAMZN261009C00255000%2CAMZN261009C00257500%2CAMZN261009C00260000%2CAMZN261009C00262500%2CAMZN261009C00265000%2CAMZN261009C00267500%2CAMZN261009C00270000%2CAMZN261009C00272500%2CAMZN261009C00275000%2CAMZN261009C00277500%2CAMZN261009C00280000%2CAMZN261009C00285000%2CAMZN261009C00290000%2CAMZN261009C00295000%2CAMZN261009C00300000%2CAMZN261009C00305000%2CAMZN261009C00310000%2CAMZN261009C00315000%2CAMZN261009C00320000%2CAMZN261009C00325000&greeks=true'
For more information check: https://developer.mozilla.org/en-US/docs/Web/HTTP/Status/401
2026-10-06T11:03:42 | WARNING  | app.scanning.alpaca_confirmer | AlpacaConfirmer: cannot fetch chain for MSFT 2026-10-09: Client error '401 Unauthorized' for url 'https://api.tradier.com/v1/markets/quotes?symbols=MSFT261009C00270000%2CMSFT261009C00280000%2CMSFT261009C00290000%2CMSFT261009C00300000%2CMSFT261009C00305000%2CMSFT261009C00310000%2CMSFT261009C00315000%2CMSFT261009C00320000%2CMSFT261009C00325000%2CMSFT261009C00330000%2CMSFT261009C00335000%2CMSFT261009C00340000%2CMSFT261009C00345000%2CMSFT261009C00350000%2CMSFT261009C00355000%2CMSFT261009C00360000%2CMSFT261009C00365000%2CMSFT261009C00370000%2CMSFT261009C00375000%2CMSFT261009C00380000%2CMSFT261009C00385000%2CMSFT261009C00390000%2CMSFT261009C00395000%2CMSFT261009C00400000%2CMSFT261009C00405000%2CMSFT261009C00410000%2CMSFT261009C00415000%2CMSFT261009C00420000%2CMSFT261009C00425000%2CMSFT261009C00430000%2CMSFT261009C00435000%2CMSFT261009C00440000%2CMSFT261009C00445000%2CMSFT261009C00450000%2CMSFT261009C00455000%2CMSFT261009C00457500%2CMSFT261009C00460000%2CMSFT261009C00462500%2CMSFT261009C00465000%2CMSFT261009C00467500%2CMSFT261009C00470000%2CMSFT261009C00472500%2CMSFT261009C00475000%2CMSFT261009C00477500%2CMSFT261009C00480000%2CMSFT261009C00482500%2CMSFT261009C00485000%2CMSFT261009C00487500%2CMSFT261009C00490000%2CMSFT261009C00492500&greeks=true'
For more information check: https://developer.mozilla.org/en-US/docs/Web/HTTP/Status/401
2026-10-06T11:03:42 | WARNING  | app.scanning.alpaca_confirmer | AlpacaConfirmer: cannot fetch chain for AVGO 2026-10-09: Client error '401 Unauthorized' for url 'https://api.tradier.com/v1/markets/quotes?symbols=AVGO261009C00210000%2CAVGO261009C00215000%2CAVGO261009C00220000%2CAVGO261009C00225000%2CAVGO261009C00230000%2CAVGO261009C00235000%2CAVGO261009C00240000%2CAVGO261009C00245000%2CAVGO261009C00250000%2CAVGO261009C00255000%2CAVGO261009C00260000%2CAVGO261009C00265000%2CAVGO261009C00270000%2CAVGO261009C00275000%2CAVGO261009C00280000%2CAVGO261009C00285000%2CAVGO261009C00290000%2CAVGO261009C00295000%2CAVGO261009C00300000%2CAVGO261009C00305000%2CAVGO261009C00310000%2CAVGO261009C00315000%2CAVGO261009C00317500%2CAVGO261009C00320000%2CAVGO261009C00322500%2CAVGO261009C00325000%2CAVGO261009C00327500%2CAVGO261009C00330000%2CAVGO261009C00332500%2CAVGO261009C00335000%2CAVGO261009C00337500%2CAVGO261009C00340000%2CAVGO261009C00342500%2CAVGO261009C00345000%2CAVGO261009C00347500%2CAVGO261009C00350000%2CAVGO261009C00352500%2CAVGO261009C00355000%2CAVGO261009C00357500%2CAVGO261009C00360000%2CAVGO261009C00362500%2CAVGO261009C00365000%2CAVGO261009C00367500%2CAVGO261009C00370000%2CAVGO261009C00372500%2CAVGO261009C00375000%2CAVGO261009C00377500%2CAVGO261009C00380000%2CAVGO261009C00382500%2CAVGO261009C00385000&greeks=true'
For more information check: https://developer.mozilla.org/en-US/docs/Web/HTTP/Status/401
2026-10-06T11:03:42 | WARNING  | app.scanning.alpaca_confirmer | AlpacaConfirmer: cannot fetch chain for QQQ 2026-10-08: Client error '401 Unauthorized' for url 'https://api.tradier.com/v1/markets/quotes?symbols=QQQ261008C00500000%2CQQQ261008C00505000%2CQQQ261008C00510000%2CQQQ261008C00515000%2CQQQ261008C00520000%2CQQQ261008C00525000%2CQQQ261008C00530000%2CQQQ261008C00535000%2CQQQ261008C00540000%2CQQQ261008C00545000%2CQQQ261008C00550000%2CQQQ261008C00555000%2CQQQ261008C00560000%2CQQQ261008C00565000%2CQQQ261008C00570000%2CQQQ261008C00575000%2CQQQ261008C00580000%2CQQQ261008C00585000%2CQQQ261008C00590000%2CQQQ261008C00595000%2CQQQ261008C00600000%2CQQQ261008C00605000%2CQQQ261008C00610000%2CQQQ261008C00615000%2CQQQ261008C00620000%2CQQQ261008C00625000%2CQQQ261008C00630000%2CQQQ261008C00635000%2CQQQ261008C00640000%2CQQQ261008C00645000%2CQQQ261008C00650000%2CQQQ261008C00655000%2CQQQ261008C00660000%2CQQQ261008C00665000%2CQQQ261008C00670000%2CQQQ261008C00675000%2CQQQ261008C00680000%2CQQQ261008C00685000%2CQQQ261008C00690000%2CQQQ261008C00691000%2CQQQ261008C00692000%2CQQQ261008C00693000%2CQQQ261008C00694000%2CQQQ261008C00695000%2CQQQ261008C00696000%2CQQQ261008C00697000%2CQQQ261008C00698000%2CQQQ261008C00699000%2CQQQ261008C00700000%2CQQQ261008C00701000&greeks=true'
For more information check: https://developer.mozilla.org/en-US/docs/Web/HTTP/Status/401
2026-10-06T11:03:42 | WARNING  | app.scanning.alpaca_confirmer | AlpacaConfirmer: cannot fetch chain for AMD 2026-10-09: Client error '401 Unauthorized' for url 'https://api.tradier.com/v1/markets/quotes?symbols=AMD261009C00040000%2CAMD261009C00045000%2CAMD261009C00050000%2CAMD261009C00055000%2CAMD261009C00060000%2CAMD261009C00065000%2CAMD261009C00070000%2CAMD261009C00075000%2CAMD261009C00080000%2CAMD261009C00085000%2CAMD261009C00090000%2CAMD261009C00095000%2CAMD261009C00100000%2CAMD261009C00105000%2CAMD261009C00110000%2CAMD261009C00115000%2CAMD261009C00120000%2CAMD261009C00125000%2CAMD261009C00130000%2CAMD261009C00135000%2CAMD261009C00140000%2CAMD261009C00145000%2CAMD261009C00150000%2CAMD261009C00155000%2CAMD261009C00160000%2CAMD261009C00165000%2CAMD261009C00170000%2CAMD261009C00175000%2CAMD261009C00180000%2CAMD261009C00185000%2CAMD261009C00190000%2CAMD261009C00195000%2CAMD261009C00200000%2CAMD261009C00205000%2CAMD261009C00210000%2CAMD261009C00215000%2CAMD261009C00220000%2CAMD261009C00225000%2CAMD261009C00230000%2CAMD261009C00235000%2CAMD261009C00240000%2CAMD261009C00245000%2CAMD261009C00250000%2CAMD261009C00255000%2CAMD261009C00260000%2CAMD261009C00265000%2CAMD261009C00270000%2CAMD261009C00275000%2CAMD261009C00280000%2CAMD261009C00285000&greeks=true'
For more information check: https://developer.mozilla.org/en-US/docs/Web/HTTP/Status/401
2026-10-06T11:03:42 | WARNING  | app.scanning.alpaca_confirmer | AlpacaConfirmer: cannot fetch chain for XLE 2026-10-09: Client error '401 Unauthorized' for url 'https://api.tradier.com/v1/markets/quotes?symbols=XLE261009C00035000%2CXLE261009C00040000%2CXLE261009C00045000%2CXLE261009C00050000%2CXLE261009C00051000%2CXLE261009C00052000%2CXLE261009C00053000%2CXLE261009C00054000%2CXLE261009C00055000%2CXLE261009C00056000%2CXLE261009C00056500%2CXLE261009C00057000%2CXLE261009C00057500%2CXLE261009C00058000%2CXLE261009C00058500%2CXLE261009C00059000%2CXLE261009C00059500%2CXLE261009C00060000%2CXLE261009C00060500%2CXLE261009C00061000%2CXLE261009C00061500%2CXLE261009C00062000%2CXLE261009C00062500%2CXLE261009C00063000%2CXLE261009C00063500%2CXLE261009C00064000%2CXLE261009C00064500%2CXLE261009C00065000%2CXLE261009C00065500%2CXLE261009C00066000%2CXLE261009C00066500%2CXLE261009C00067000%2CXLE261009C00067500%2CXLE261009C00068000%2CXLE261009C00068500%2CXLE261009C00069000%2CXLE261009C00070000%2CXLE261009C00071000%2CXLE261009C00075000%2CXLE261009C00080000%2CXLE261009P00035000%2CXLE261009P00040000%2CXLE261009P00045000%2CXLE261009P00050000%2CXLE261009P00051000%2CXLE261009P00052000%2CXLE261009P00053000%2CXLE261009P00054000%2CXLE261009P00055000%2CXLE261009P00056000&greeks=true'
For more information check: https://developer.mozilla.org/en-US/docs/Web/HTTP/Status/401
2026-10-06T11:03:42 | WARNING  | app.scanning.alpaca_confirmer | AlpacaConfirmer: cannot fetch chain for UBER 2026-10-09: Client error '401 Unauthorized' for url 'https://api.tradier.com/v1/markets/quotes?symbols=UBER261009C00050000%2CUBER261009C00055000%2CUBER261009C00057000%2CUBER261009C00058000%2CUBER261009C00059000%2CUBER261009C00060000%2CUBER261009C00061000%2CUBER261009C00062000%2CUBER261009C00063000%2CUBER261009C00064000%2CUBER261009C00065000%2CUBER261009C00066000%2CUBER261009C00067000%2CUBER261009C00068000%2CUBER261009C00069000%2CUBER261009C00070000%2CUBER261009C00071000%2CUBER261009C00072000%2CUBER261009C00073000%2CUBER261009C00074000%2CUBER261009C00075000%2CUBER261009C00076000%2CUBER261009C00077000%2CUBER261009C00078000%2CUBER261009C00079000%2CUBER261009C00080000%2CUBER261009C00081000%2CUBER261009C00082000%2CUBER261009C00083000%2CUBER261009C00084000%2CUBER261009C00085000%2CUBER261009C00086000%2CUBER261009C00087000%2CUBER261009C00088000%2CUBER261009C00089000%2CUBER261009C00090000%2CUBER261009C00091000%2CUBER261009C00095000%2CUBER261009C00100000%2CUBER261009C00105000%2CUBER261009P00050000%2CUBER261009P00055000%2CUBER261009P00057000%2CUBER261009P00058000%2CUBER261009P00059000%2CUBER261009P00060000%2CUBER261009P00061000%2CUBER261009P00062000%2CUBER261009P00063000%2CUBER261009P00064000&greeks=true'
For more information check: https://developer.mozilla.org/en-US/docs/Web/HTTP/Status/401
2026-10-06T11:03:42 | WARNING  | app.scanning.alpaca_confirmer | AlpacaConfirmer: cannot fetch chain for IWM 2026-10-08: Client error '401 Unauthorized' for url 'https://api.tradier.com/v1/markets/quotes?symbols=IWM261008C00180000%2CIWM261008C00190000%2CIWM261008C00200000%2CIWM261008C00205000%2CIWM261008C00210000%2CIWM261008C00215000%2CIWM261008C00220000%2CIWM261008C00225000%2CIWM261008C00230000%2CIWM261008C00235000%2CIWM261008C00240000%2CIWM261008C00245000%2CIWM261008C00250000%2CIWM261008C00255000%2CIWM261008C00260000%2CIWM261008C00261000%2CIWM261008C00262000%2CIWM261008C00263000%2CIWM261008C00264000%2CIWM261008C00265000%2CIWM261008C00266000%2CIWM261008C00267000%2CIWM261008C00268000%2CIWM261008C00269000%2CIWM261008C00270000%2CIWM261008C00271000%2CIWM261008C00272000%2CIWM261008C00273000%2CIWM261008C00274000%2CIWM261008C00275000%2CIWM261008C00276000%2CIWM261008C00277000%2CIWM261008C00278000%2CIWM261008C00279000%2CIWM261008C00280000%2CIWM261008C00281000%2CIWM261008C00282000%2CIWM261008C00283000%2CIWM261008C00284000%2CIWM261008C00285000%2CIWM261008C00286000%2CIWM261008C00287000%2CIWM261008C00288000%2CIWM261008C00289000%2CIWM261008C00290000%2CIWM261008C00291000%2CIWM261008C00292000%2CIWM261008C00293000%2CIWM261008C00294000%2CIWM261008C00295000&greeks=true'
For more information check: https://developer.mozilla.org/en-US/docs/Web/HTTP/Status/401
2026-10-06T11:03:42 | WARNING  | app.scanning.alpaca_confirmer | AlpacaConfirmer: cannot fetch chain for SPY 2026-10-08: Client error '401 Unauthorized' for url 'https://api.tradier.com/v1/markets/quotes?symbols=SPY261008C00550000%2CSPY261008C00555000%2CSPY261008C00560000%2CSPY261008C00565000%2CSPY261008C00570000%2CSPY261008C00575000%2CSPY261008C00580000%2CSPY261008C00585000%2CSPY261008C00590000%2CSPY261008C00595000%2CSPY261008C00600000%2CSPY261008C00605000%2CSPY261008C00610000%2CSPY261008C00615000%2CSPY261008C00620000%2CSPY261008C00625000%2CSPY261008C00630000%2CSPY261008C00635000%2CSPY261008C00640000%2CSPY261008C00645000%2CSPY261008C00650000%2CSPY261008C00655000%2CSPY261008C00660000%2CSPY261008C00665000%2CSPY261008C00670000%2CSPY261008C00675000%2CSPY261008C00680000%2CSPY261008C00685000%2CSPY261008C00690000%2CSPY261008C00695000%2CSPY261008C00700000%2CSPY261008C00705000%2CSPY261008C00710000%2CSPY261008C00715000%2CSPY261008C00720000%2CSPY261008C00723000%2CSPY261008C00724000%2CSPY261008C00725000%2CSPY261008C00726000%2CSPY261008C00727000%2CSPY261008C00728000%2CSPY261008C00729000%2CSPY261008C00730000%2CSPY261008C00731000%2CSPY261008C00732000%2CSPY261008C00733000%2CSPY261008C00734000%2CSPY261008C00735000%2CSPY261008C00736000%2CSPY261008C00737000&greeks=true'
For more information check: https://developer.mozilla.org/en-US/docs/Web/HTTP/Status/401
2026-10-06T11:03:42 | WARNING  | app.scanning.alpaca_confirmer | AlpacaConfirmer: cannot fetch chain for RIOT 2026-10-09: Client error '401 Unauthorized' for url 'https://api.tradier.com/v1/markets/quotes?symbols=RIOT261009C00008000%2CRIOT261009C00009000%2CRIOT261009C00010000%2CRIOT261009C00011000%2CRIOT261009C00012000%2CRIOT261009C00013000%2CRIOT261009C00014000%2CRIOT261009C00015000%2CRIOT261009C00016000%2CRIOT261009C00017000%2CRIOT261009C00017500%2CRIOT261009C00018000%2CRIOT261009C00018500%2CRIOT261009C00019000%2CRIOT261009C00019500%2CRIOT261009C00020000%2CRIOT261009C00020500%2CRIOT261009C00021000%2CRIOT261009C00021500%2CRIOT261009C00022000%2CRIOT261009C00022500%2CRIOT261009C00023000%2CRIOT261009C00023500%2CRIOT261009C00024000%2CRIOT261009C00024500%2CRIOT261009C00025000%2CRIOT261009C00025500%2CRIOT261009C00026000%2CRIOT261009C00026500%2CRIOT261009C00027000%2CRIOT261009C00027500%2CRIOT261009C00028000%2CRIOT261009C00028500%2CRIOT261009C00029000%2CRIOT261009C00029500%2CRIOT261009C00030000%2CRIOT261009C00031000%2CRIOT261009C00032000%2CRIOT261009C00033000%2CRIOT261009C00034000%2CRIOT261009C00035000%2CRIOT261009P00008000%2CRIOT261009P00009000%2CRIOT261009P00010000%2CRIOT261009P00011000%2CRIOT261009P00012000%2CRIOT261009P00013000%2CRIOT261009P00014000%2CRIOT261009P00015000%2CRIOT261009P00016000&greeks=true'
For more information check: https://developer.mozilla.org/en-US/docs/Web/HTTP/Status/401
2026-10-06T11:03:42 | WARNING  | app.scanning.alpaca_confirmer | AlpacaConfirmer: cannot fetch chain for GOOGL 2026-10-09: Client error '401 Unauthorized' for url 'https://api.tradier.com/v1/markets/quotes?symbols=GOOGL261009C00100000%2CGOOGL261009C00105000%2CGOOGL261009C00110000%2CGOOGL261009C00115000%2CGOOGL261009C00120000%2CGOOGL261009C00125000%2CGOOGL261009C00130000%2CGOOGL261009C00135000%2CGOOGL261009C00140000%2CGOOGL261009C00145000%2CGOOGL261009C00150000%2CGOOGL261009C00155000%2CGOOGL261009C00160000%2CGOOGL261009C00165000%2CGOOGL261009C00170000%2CGOOGL261009C00175000%2CGOOGL261009C00180000%2CGOOGL261009C00185000%2CGOOGL261009C00190000%2CGOOGL261009C00195000%2CGOOGL261009C00200000%2CGOOGL261009C00205000%2CGOOGL261009C00210000%2CGOOGL261009C00215000%2CGOOGL261009C00220000%2CGOOGL261009C00225000%2CGOOGL261009C00230000%2CGOOGL261009C00235000%2CGOOGL261009C00240000%2CGOOGL261009C00245000%2CGOOGL261009C00250000%2CGOOGL261009C00255000%2CGOOGL261009C00260000%2CGOOGL261009C00265000%2CGOOGL261009C00270000%2CGOOGL261009C00275000%2CGOOGL261009C00280000%2CGOOGL261009C00285000%2CGOOGL261009C00290000%2CGOOGL261009C00295000%2CGOOGL261009C00300000%2CGOOGL261009C00305000%2CGOOGL261009C00307500%2CGOOGL261009C00310000%2CGOOGL261009C00312500%2CGOOGL261009C00315000%2CGOOGL261009C00317500%2CGOOGL261009C00320000%2CGOOGL261009C00322500%2CGOOGL261009C00325000&greeks=true'
For more information check: https://developer.mozilla.org/en-US/docs/Web/HTTP/Status/401
2026-10-06T11:03:42 | WARNING  | app.scanning.alpaca_confirmer | AlpacaConfirmer: cannot fetch chain for NVDA 2026-10-09: Client error '401 Unauthorized' for url 'https://api.tradier.com/v1/markets/quotes?symbols=NVDA261009C00050000%2CNVDA261009C00055000%2CNVDA261009C00060000%2CNVDA261009C00065000%2CNVDA261009C00070000%2CNVDA261009C00075000%2CNVDA261009C00080000%2CNVDA261009C00085000%2CNVDA261009C00090000%2CNVDA261009C00095000%2CNVDA261009C00100000%2CNVDA261009C00105000%2CNVDA261009C00110000%2CNVDA261009C00115000%2CNVDA261009C00120000%2CNVDA261009C00125000%2CNVDA261009C00130000%2CNVDA261009C00135000%2CNVDA261009C00140000%2CNVDA261009C00145000%2CNVDA261009C00150000%2CNVDA261009C00155000%2CNVDA261009C00160000%2CNVDA261009C00165000%2CNVDA261009C00170000%2CNVDA261009C00175000%2CNVDA261009C00180000%2CNVDA261009C00185000%2CNVDA261009C00190000%2CNVDA261009C00195000%2CNVDA261009C00197500%2CNVDA261009C00200000%2CNVDA261009C00202500%2CNVDA261009C00205000%2CNVDA261009C00207500%2CNVDA261009C00210000%2CNVDA261009C00212500%2CNVDA261009C00215000%2CNVDA261009C00217500%2CNVDA261009C00220000%2CNVDA261009C00222500%2CNVDA261009C00225000%2CNVDA261009C00227500%2CNVDA261009C00230000%2CNVDA261009C00232500%2CNVDA261009C00235000%2CNVDA261009C00237500%2CNVDA261009C00240000%2CNVDA261009C00242500%2CNVDA261009C00245000&greeks=true'
For more information check: https://developer.mozilla.org/en-US/docs/Web/HTTP/Status/401
2026-10-06T11:03:42 | INFO     | session_runner | AlpacaConfirmer: 0 confirmed symbols: []
2026-10-06T11:03:42 | WARNING  | session_runner | Re-scan returned no confirmed symbols — falling back to ['SPY']
2026-10-06T11:03:42 | INFO     | session_runner | Broad-market regime | SPY=long
2026-10-06T11:03:42 | INFO     | session_runner | [bridge:SPY] rsi_trend ready: sufficient bars
2026-10-06T11:03:42 | INFO     | session_runner | Stale signal: SPY/orb age=74 min > max 10 min — skipped
2026-10-06T11:03:42 | INFO     | session_runner | Stale signal: SPY/vwap_reclaim age=19 min > max 10 min — skipped
2026-10-06T11:03:42 | INFO     | session_runner | Stale signal: SPY/vwap_reclaim age=79 min > max 10 min — skipped
2026-10-06T11:04:12 | INFO     | session_runner | [cycle 182] 11:04:12 ET | positions=0 | entries=0
2026-10-06T11:04:12 | INFO     | session_runner | [bridge:SPY] rsi_trend ready: sufficient bars
2026-10-06T11:04:12 | INFO     | session_runner | Stale signal: SPY/orb age=74 min > max 10 min — skipped
2026-10-06T11:04:12 | INFO     | session_runner | Stale signal: SPY/vwap_reclaim age=19 min > max 10 min — skipped
2026-10-06T11:04:12 | INFO     | session_runner | Stale signal: SPY/vwap_reclaim age=79 min > max 10 min — skipped
2026-10-06T11:04:42 | INFO     | session_runner | [cycle 183] 11:04:42 ET | positions=0 | entries=0
2026-10-06T11:04:43 | INFO     | session_runner | [bridge:SPY] rsi_trend ready: sufficient bars
2026-10-06T11:04:43 | INFO     | session_runner | Stale signal: SPY/orb age=75 min > max 10 min — skipped
2026-10-06T11:04:43 | INFO     | session_runner | Stale signal: SPY/vwap_reclaim age=20 min > max 10 min — skipped
2026-10-06T11:04:43 | INFO     | session_runner | Stale signal: SPY/vwap_reclaim age=80 min > max 10 min — skipped
2026-10-06T11:05:13 | INFO     | session_runner | [cycle 184] 11:05:13 ET | positions=0 | entries=0
2026-10-06T11:05:13 | INFO     | session_runner | [bridge:SPY] rsi_trend ready: sufficient bars
2026-10-06T11:05:13 | INFO     | session_runner | Stale signal: SPY/orb age=75 min > max 10 min — skipped
2026-10-06T11:05:13 | INFO     | session_runner | Stale signal: SPY/vwap_reclaim age=20 min > max 10 min — skipped
2026-10-06T11:05:13 | INFO     | session_runner | Stale signal: SPY/vwap_reclaim age=80 min > max 10 min — skipped
2026-10-06T11:05:43 | INFO     | session_runner | [cycle 185] 11:05:43 ET | positions=0 | entries=0
2026-10-06T11:05:43 | INFO     | session_runner | [bridge:SPY] rsi_trend ready: sufficient bars
2026-10-06T11:05:43 | INFO     | session_runner | Stale signal: SPY/orb age=76 min > max 10 min — skipped
2026-10-06T11:05:43 | INFO     | session_runner | Stale signal: SPY/vwap_reclaim age=21 min > max 10 min — skipped
2026-10-06T11:05:43 | INFO     | session_runner | Stale signal: SPY/vwap_reclaim age=81 min > max 10 min — skipped
2026-10-06T11:06:13 | INFO     | session_runner | [cycle 186] 11:06:13 ET | positions=0 | entries=0
2026-10-06T11:06:14 | INFO     | session_runner | [bridge:SPY] rsi_trend ready: sufficient bars
2026-10-06T11:06:14 | INFO     | session_runner | Stale signal: SPY/orb age=76 min > max 10 min — skipped
2026-10-06T11:06:14 | INFO     | session_runner | Stale signal: SPY/vwap_reclaim age=21 min > max 10 min — skipped
2026-10-06T11:06:14 | INFO     | session_runner | Stale signal: SPY/vwap_reclaim age=81 min > max 10 min — skipped
2026-10-06T11:06:44 | INFO     | session_runner | [cycle 187] 11:06:44 ET | positions=0 | entries=0
2026-10-06T11:06:44 | INFO     | session_runner | [bridge:SPY] rsi_trend ready: sufficient bars
2026-10-06T11:06:44 | INFO     | session_runner | Stale signal: SPY/orb age=77 min > max 10 min — skipped
2026-10-06T11:06:44 | INFO     | session_runner | Stale signal: SPY/vwap_reclaim age=22 min > max 10 min — skipped
2026-10-06T11:06:44 | INFO     | session_runner | Stale signal: SPY/vwap_reclaim age=82 min > max 10 min — skipped
2026-10-06T11:07:14 | INFO     | session_runner | [cycle 188] 11:07:14 ET | positions=0 | entries=0
2026-10-06T11:07:14 | INFO     | session_runner | [bridge:SPY] rsi_trend ready: sufficient bars
2026-10-06T11:07:14 | INFO     | session_runner | Stale signal: SPY/orb age=77 min > max 10 min — skipped
2026-10-06T11:07:14 | INFO     | session_runner | Stale signal: SPY/vwap_reclaim age=22 min > max 10 min — skipped
2026-10-06T11:07:14 | INFO     | session_runner | Stale signal: SPY/vwap_reclaim age=82 min > max 10 min — skipped
2026-10-06T11:07:44 | INFO     | session_runner | [cycle 189] 11:07:44 ET | positions=0 | entries=0
2026-10-06T11:07:45 | INFO     | session_runner | [bridge:SPY] rsi_trend ready: sufficient bars
2026-10-06T11:07:45 | INFO     | session_runner | Stale signal: SPY/orb age=78 min > max 10 min — skipped
2026-10-06T11:07:45 | INFO     | session_runner | Stale signal: SPY/vwap_reclaim age=23 min > max 10 min — skipped
2026-10-06T11:07:45 | INFO     | session_runner | Stale signal: SPY/vwap_reclaim age=83 min > max 10 min — skipped
2026-10-06T11:08:15 | INFO     | session_runner | [cycle 190] 11:08:15 ET | positions=0 | entries=0
2026-10-06T11:08:15 | INFO     | session_runner | [bridge:SPY] rsi_trend ready: sufficient bars
2026-10-06T11:08:15 | INFO     | session_runner | Stale signal: SPY/orb age=78 min > max 10 min — skipped
2026-10-06T11:08:15 | INFO     | session_runner | Stale signal: SPY/vwap_reclaim age=23 min > max 10 min — skipped
2026-10-06T11:08:15 | INFO     | session_runner | Stale signal: SPY/vwap_reclaim age=83 min > max 10 min — skipped
2026-10-06T11:08:45 | INFO     | session_runner | [cycle 191] 11:08:45 ET | positions=0 | entries=0
2026-10-06T11:08:45 | INFO     | session_runner | Periodic universe re-scan …
2026-10-06T11:08:45 | INFO     | app.scanning.universe_loader | UniverseLoader: loaded 5 groups (13 flat symbols) from config/ticker_universe.yaml (blacklist=0)
2026-10-06T11:08:45 | INFO     | app.scanning.universe_loader | UniverseLoader: 38 symbols from 4 group(s) (blacklist=0)
2026-10-06T11:08:45 | INFO     | session_runner | Universe scan: 38 symbols from 4 group(s) | max_active=6
2026-10-06T11:08:49 | INFO     | session_runner | Scan: 18 passed, 20 rejected
2026-10-06T11:08:49 | INFO     | session_runner |   AVGO    score=77.0  signal=LONG     reasons: rvol=2.59x (high), atr=2.83% (wide-range), orb_breakout
2026-10-06T11:08:49 | INFO     | session_runner |   XLE     score=75.0  signal=LONG     reasons: rvol=1.34x (normal), atr=1.82% (wide-range), orb_breakout
2026-10-06T11:08:49 | INFO     | session_runner |   AMD     score=75.0  signal=LONG     reasons: rvol=1.69x (elevated), atr=3.52% (wide-range), orb_breakout
2026-10-06T11:08:49 | INFO     | session_runner |   UBER    score=75.0  signal=SHORT    reasons: rvol=1.27x (normal), atr=2.19% (wide-range), orb_breakdown
2026-10-06T11:08:49 | INFO     | session_runner |   IWM     score=68.0  signal=SHORT    reasons: rvol=1.42x (normal), atr=1.29% (good range), orb_breakdown
2026-10-06T11:08:50 | WARNING  | app.scanning.alpaca_confirmer | AlpacaConfirmer: cannot fetch chain for XLE 2026-10-09: Client error '401 Unauthorized' for url 'https://api.tradier.com/v1/markets/quotes?symbols=XLE261009C00035000%2CXLE261009C00040000%2CXLE261009C00045000%2CXLE261009C00050000%2CXLE261009C00051000%2CXLE261009C00052000%2CXLE261009C00053000%2CXLE261009C00054000%2CXLE261009C00055000%2CXLE261009C00056000%2CXLE261009C00056500%2CXLE261009C00057000%2CXLE261009C00057500%2CXLE261009C00058000%2CXLE261009C00058500%2CXLE261009C00059000%2CXLE261009C00059500%2CXLE261009C00060000%2CXLE261009C00060500%2CXLE261009C00061000%2CXLE261009C00061500%2CXLE261009C00062000%2CXLE261009C00062500%2CXLE261009C00063000%2CXLE261009C00063500%2CXLE261009C00064000%2CXLE261009C00064500%2CXLE261009C00065000%2CXLE261009C00065500%2CXLE261009C00066000%2CXLE261009C00066500%2CXLE261009C00067000%2CXLE261009C00067500%2CXLE261009C00068000%2CXLE261009C00068500%2CXLE261009C00069000%2CXLE261009C00070000%2CXLE261009C00071000%2CXLE261009C00075000%2CXLE261009C00080000%2CXLE261009P00035000%2CXLE261009P00040000%2CXLE261009P00045000%2CXLE261009P00050000%2CXLE261009P00051000%2CXLE261009P00052000%2CXLE261009P00053000%2CXLE261009P00054000%2CXLE261009P00055000%2CXLE261009P00056000&greeks=true'
For more information check: https://developer.mozilla.org/en-US/docs/Web/HTTP/Status/401
2026-10-06T11:08:50 | WARNING  | app.scanning.alpaca_confirmer | AlpacaConfirmer: cannot fetch chain for HOOD 2026-10-09: Client error '401 Unauthorized' for url 'https://api.tradier.com/v1/markets/quotes?symbols=HOOD261009C00025000%2CHOOD261009C00030000%2CHOOD261009C00035000%2CHOOD261009C00040000%2CHOOD261009C00045000%2CHOOD261009C00050000%2CHOOD261009C00055000%2CHOOD261009C00060000%2CHOOD261009C00065000%2CHOOD261009C00070000%2CHOOD261009C00075000%2CHOOD261009C00080000%2CHOOD261009C00085000%2CHOOD261009C00090000%2CHOOD261009C00091000%2CHOOD261009C00092000%2CHOOD261009C00093000%2CHOOD261009C00094000%2CHOOD261009C00095000%2CHOOD261009C00096000%2CHOOD261009C00097000%2CHOOD261009C00098000%2CHOOD261009C00099000%2CHOOD261009C00100000%2CHOOD261009C00101000%2CHOOD261009C00102000%2CHOOD261009C00103000%2CHOOD261009C00104000%2CHOOD261009C00105000%2CHOOD261009C00106000%2CHOOD261009C00107000%2CHOOD261009C00108000%2CHOOD261009C00109000%2CHOOD261009C00110000%2CHOOD261009C00111000%2CHOOD261009C00112000%2CHOOD261009C00113000%2CHOOD261009C00114000%2CHOOD261009C00115000%2CHOOD261009C00116000%2CHOOD261009C00117000%2CHOOD261009C00118000%2CHOOD261009C00119000%2CHOOD261009C00120000%2CHOOD261009C00121000%2CHOOD261009C00122000%2CHOOD261009C00123000%2CHOOD261009C00124000%2CHOOD261009C00125000%2CHOOD261009C00126000&greeks=true'
For more information check: https://developer.mozilla.org/en-US/docs/Web/HTTP/Status/401
2026-10-06T11:08:50 | WARNING  | app.scanning.alpaca_confirmer | AlpacaConfirmer: cannot fetch chain for IWM 2026-10-08: Client error '401 Unauthorized' for url 'https://api.tradier.com/v1/markets/quotes?symbols=IWM261008C00180000%2CIWM261008C00190000%2CIWM261008C00200000%2CIWM261008C00205000%2CIWM261008C00210000%2CIWM261008C00215000%2CIWM261008C00220000%2CIWM261008C00225000%2CIWM261008C00230000%2CIWM261008C00235000%2CIWM261008C00240000%2CIWM261008C00245000%2CIWM261008C00250000%2CIWM261008C00255000%2CIWM261008C00260000%2CIWM261008C00261000%2CIWM261008C00262000%2CIWM261008C00263000%2CIWM261008C00264000%2CIWM261008C00265000%2CIWM261008C00266000%2CIWM261008C00267000%2CIWM261008C00268000%2CIWM261008C00269000%2CIWM261008C00270000%2CIWM261008C00271000%2CIWM261008C00272000%2CIWM261008C00273000%2CIWM261008C00274000%2CIWM261008C00275000%2CIWM261008C00276000%2CIWM261008C00277000%2CIWM261008C00278000%2CIWM261008C00279000%2CIWM261008C00280000%2CIWM261008C00281000%2CIWM261008C00282000%2CIWM261008C00283000%2CIWM261008C00284000%2CIWM261008C00285000%2CIWM261008C00286000%2CIWM261008C00287000%2CIWM261008C00288000%2CIWM261008C00289000%2CIWM261008C00290000%2CIWM261008C00291000%2CIWM261008C00292000%2CIWM261008C00293000%2CIWM261008C00294000%2CIWM261008C00295000&greeks=true'
For more information check: https://developer.mozilla.org/en-US/docs/Web/HTTP/Status/401
2026-10-06T11:08:50 | WARNING  | app.scanning.alpaca_confirmer | AlpacaConfirmer: cannot fetch chain for AMZN 2026-10-09: Client error '401 Unauthorized' for url 'https://api.tradier.com/v1/markets/quotes?symbols=AMZN261009C00140000%2CAMZN261009C00145000%2CAMZN261009C00150000%2CAMZN261009C00155000%2CAMZN261009C00160000%2CAMZN261009C00165000%2CAMZN261009C00170000%2CAMZN261009C00175000%2CAMZN261009C00180000%2CAMZN261009C00185000%2CAMZN261009C00190000%2CAMZN261009C00195000%2CAMZN261009C00200000%2CAMZN261009C00205000%2CAMZN261009C00210000%2CAMZN261009C00215000%2CAMZN261009C00220000%2CAMZN261009C00222500%2CAMZN261009C00225000%2CAMZN261009C00227500%2CAMZN261009C00230000%2CAMZN261009C00232500%2CAMZN261009C00235000%2CAMZN261009C00237500%2CAMZN261009C00240000%2CAMZN261009C00242500%2CAMZN261009C00245000%2CAMZN261009C00247500%2CAMZN261009C00250000%2CAMZN261009C00252500%2CAMZN261009C00255000%2CAMZN261009C00257500%2CAMZN261009C00260000%2CAMZN261009C00262500%2CAMZN261009C00265000%2CAMZN261009C00267500%2CAMZN261009C00270000%2CAMZN261009C00272500%2CAMZN261009C00275000%2CAMZN261009C00277500%2CAMZN261009C00280000%2CAMZN261009C00285000%2CAMZN261009C00290000%2CAMZN261009C00295000%2CAMZN261009C00300000%2CAMZN261009C00305000%2CAMZN261009C00310000%2CAMZN261009C00315000%2CAMZN261009C00320000%2CAMZN261009C00325000&greeks=true'
For more information check: https://developer.mozilla.org/en-US/docs/Web/HTTP/Status/401
2026-10-06T11:08:50 | WARNING  | app.scanning.alpaca_confirmer | AlpacaConfirmer: cannot fetch chain for SPY 2026-10-08: Client error '401 Unauthorized' for url 'https://api.tradier.com/v1/markets/quotes?symbols=SPY261008C00550000%2CSPY261008C00555000%2CSPY261008C00560000%2CSPY261008C00565000%2CSPY261008C00570000%2CSPY261008C00575000%2CSPY261008C00580000%2CSPY261008C00585000%2CSPY261008C00590000%2CSPY261008C00595000%2CSPY261008C00600000%2CSPY261008C00605000%2CSPY261008C00610000%2CSPY261008C00615000%2CSPY261008C00620000%2CSPY261008C00625000%2CSPY261008C00630000%2CSPY261008C00635000%2CSPY261008C00640000%2CSPY261008C00645000%2CSPY261008C00650000%2CSPY261008C00655000%2CSPY261008C00660000%2CSPY261008C00665000%2CSPY261008C00670000%2CSPY261008C00675000%2CSPY261008C00680000%2CSPY261008C00685000%2CSPY261008C00690000%2CSPY261008C00695000%2CSPY261008C00700000%2CSPY261008C00705000%2CSPY261008C00710000%2CSPY261008C00715000%2CSPY261008C00720000%2CSPY261008C00723000%2CSPY261008C00724000%2CSPY261008C00725000%2CSPY261008C00726000%2CSPY261008C00727000%2CSPY261008C00728000%2CSPY261008C00729000%2CSPY261008C00730000%2CSPY261008C00731000%2CSPY261008C00732000%2CSPY261008C00733000%2CSPY261008C00734000%2CSPY261008C00735000%2CSPY261008C00736000%2CSPY261008C00737000&greeks=true'
For more information check: https://developer.mozilla.org/en-US/docs/Web/HTTP/Status/401
2026-10-06T11:08:50 | WARNING  | app.scanning.alpaca_confirmer | AlpacaConfirmer: cannot fetch chain for AMD 2026-10-09: Client error '401 Unauthorized' for url 'https://api.tradier.com/v1/markets/quotes?symbols=AMD261009C00040000%2CAMD261009C00045000%2CAMD261009C00050000%2CAMD261009C00055000%2CAMD261009C00060000%2CAMD261009C00065000%2CAMD261009C00070000%2CAMD261009C00075000%2CAMD261009C00080000%2CAMD261009C00085000%2CAMD261009C00090000%2CAMD261009C00095000%2CAMD261009C00100000%2CAMD261009C00105000%2CAMD261009C00110000%2CAMD261009C00115000%2CAMD261009C00120000%2CAMD261009C00125000%2CAMD261009C00130000%2CAMD261009C00135000%2CAMD261009C00140000%2CAMD261009C00145000%2CAMD261009C00150000%2CAMD261009C00155000%2CAMD261009C00160000%2CAMD261009C00165000%2CAMD261009C00170000%2CAMD261009C00175000%2CAMD261009C00180000%2CAMD261009C00185000%2CAMD261009C00190000%2CAMD261009C00195000%2CAMD261009C00200000%2CAMD261009C00205000%2CAMD261009C00210000%2CAMD261009C00215000%2CAMD261009C00220000%2CAMD261009C00225000%2CAMD261009C00230000%2CAMD261009C00235000%2CAMD261009C00240000%2CAMD261009C00245000%2CAMD261009C00250000%2CAMD261009C00255000%2CAMD261009C00260000%2CAMD261009C00265000%2CAMD261009C00270000%2CAMD261009C00275000%2CAMD261009C00280000%2CAMD261009C00285000&greeks=true'
For more information check: https://developer.mozilla.org/en-US/docs/Web/HTTP/Status/401
2026-10-06T11:08:50 | WARNING  | app.scanning.alpaca_confirmer | AlpacaConfirmer: cannot fetch chain for MSFT 2026-10-09: Client error '401 Unauthorized' for url 'https://api.tradier.com/v1/markets/quotes?symbols=MSFT261009C00270000%2CMSFT261009C00280000%2CMSFT261009C00290000%2CMSFT261009C00300000%2CMSFT261009C00305000%2CMSFT261009C00310000%2CMSFT261009C00315000%2CMSFT261009C00320000%2CMSFT261009C00325000%2CMSFT261009C00330000%2CMSFT261009C00335000%2CMSFT261009C00340000%2CMSFT261009C00345000%2CMSFT261009C00350000%2CMSFT261009C00355000%2CMSFT261009C00360000%2CMSFT261009C00365000%2CMSFT261009C00370000%2CMSFT261009C00375000%2CMSFT261009C00380000%2CMSFT261009C00385000%2CMSFT261009C00390000%2CMSFT261009C00395000%2CMSFT261009C00400000%2CMSFT261009C00405000%2CMSFT261009C00410000%2CMSFT261009C00415000%2CMSFT261009C00420000%2CMSFT261009C00425000%2CMSFT261009C00430000%2CMSFT261009C00435000%2CMSFT261009C00440000%2CMSFT261009C00445000%2CMSFT261009C00450000%2CMSFT261009C00455000%2CMSFT261009C00457500%2CMSFT261009C00460000%2CMSFT261009C00462500%2CMSFT261009C00465000%2CMSFT261009C00467500%2CMSFT261009C00470000%2CMSFT261009C00472500%2CMSFT261009C00475000%2CMSFT261009C00477500%2CMSFT261009C00480000%2CMSFT261009C00482500%2CMSFT261009C00485000%2CMSFT261009C00487500%2CMSFT261009C00490000%2CMSFT261009C00492500&greeks=true'
For more information check: https://developer.mozilla.org/en-US/docs/Web/HTTP/Status/401
2026-10-06T11:08:50 | WARNING  | app.scanning.alpaca_confirmer | AlpacaConfirmer: cannot fetch chain for QQQ 2026-10-08: Client error '401 Unauthorized' for url 'https://api.tradier.com/v1/markets/quotes?symbols=QQQ261008C00500000%2CQQQ261008C00505000%2CQQQ261008C00510000%2CQQQ261008C00515000%2CQQQ261008C00520000%2CQQQ261008C00525000%2CQQQ261008C00530000%2CQQQ261008C00535000%2CQQQ261008C00540000%2CQQQ261008C00545000%2CQQQ261008C00550000%2CQQQ261008C00555000%2CQQQ261008C00560000%2CQQQ261008C00565000%2CQQQ261008C00570000%2CQQQ261008C00575000%2CQQQ261008C00580000%2CQQQ261008C00585000%2CQQQ261008C00590000%2CQQQ261008C00595000%2CQQQ261008C00600000%2CQQQ261008C00605000%2CQQQ261008C00610000%2CQQQ261008C00615000%2CQQQ261008C00620000%2CQQQ261008C00625000%2CQQQ261008C00630000%2CQQQ261008C00635000%2CQQQ261008C00640000%2CQQQ261008C00645000%2CQQQ261008C00650000%2CQQQ261008C00655000%2CQQQ261008C00660000%2CQQQ261008C00665000%2CQQQ261008C00670000%2CQQQ261008C00675000%2CQQQ261008C00680000%2CQQQ261008C00685000%2CQQQ261008C00690000%2CQQQ261008C00691000%2CQQQ261008C00692000%2CQQQ261008C00693000%2CQQQ261008C00694000%2CQQQ261008C00695000%2CQQQ261008C00696000%2CQQQ261008C00697000%2CQQQ261008C00698000%2CQQQ261008C00699000%2CQQQ261008C00700000%2CQQQ261008C00701000&greeks=true'
For more information check: https://developer.mozilla.org/en-US/docs/Web/HTTP/Status/401
2026-10-06T11:08:50 | WARNING  | app.scanning.alpaca_confirmer | AlpacaConfirmer: cannot fetch chain for GOOGL 2026-10-09: Client error '401 Unauthorized' for url 'https://api.tradier.com/v1/markets/quotes?symbols=GOOGL261009C00100000%2CGOOGL261009C00105000%2CGOOGL261009C00110000%2CGOOGL261009C00115000%2CGOOGL261009C00120000%2CGOOGL261009C00125000%2CGOOGL261009C00130000%2CGOOGL261009C00135000%2CGOOGL261009C00140000%2CGOOGL261009C00145000%2CGOOGL261009C00150000%2CGOOGL261009C00155000%2CGOOGL261009C00160000%2CGOOGL261009C00165000%2CGOOGL261009C00170000%2CGOOGL261009C00175000%2CGOOGL261009C00180000%2CGOOGL261009C00185000%2CGOOGL261009C00190000%2CGOOGL261009C00195000%2CGOOGL261009C00200000%2CGOOGL261009C00205000%2CGOOGL261009C00210000%2CGOOGL261009C00215000%2CGOOGL261009C00220000%2CGOOGL261009C00225000%2CGOOGL261009C00230000%2CGOOGL261009C00235000%2CGOOGL261009C00240000%2CGOOGL261009C00245000%2CGOOGL261009C00250000%2CGOOGL261009C00255000%2CGOOGL261009C00260000%2CGOOGL261009C00265000%2CGOOGL261009C00270000%2CGOOGL261009C00275000%2CGOOGL261009C00280000%2CGOOGL261009C00285000%2CGOOGL261009C00290000%2CGOOGL261009C00295000%2CGOOGL261009C00300000%2CGOOGL261009C00305000%2CGOOGL261009C00307500%2CGOOGL261009C00310000%2CGOOGL261009C00312500%2CGOOGL261009C00315000%2CGOOGL261009C00317500%2CGOOGL261009C00320000%2CGOOGL261009C00322500%2CGOOGL261009C00325000&greeks=true'
For more information check: https://developer.mozilla.org/en-US/docs/Web/HTTP/Status/401
2026-10-06T11:08:50 | WARNING  | app.scanning.alpaca_confirmer | AlpacaConfirmer: cannot fetch chain for RIVN 2026-10-09: Client error '401 Unauthorized' for url 'https://api.tradier.com/v1/markets/quotes?symbols=RIVN261009C00005000%2CRIVN261009C00009000%2CRIVN261009C00010000%2CRIVN261009C00010500%2CRIVN261009C00011000%2CRIVN261009C00011500%2CRIVN261009C00012000%2CRIVN261009C00012500%2CRIVN261009C00013000%2CRIVN261009C00013500%2CRIVN261009C00014000%2CRIVN261009C00014500%2CRIVN261009C00015000%2CRIVN261009C00015500%2CRIVN261009C00016000%2CRIVN261009C00016500%2CRIVN261009C00017000%2CRIVN261009C00017500%2CRIVN261009C00018000%2CRIVN261009C00018500%2CRIVN261009C00019000%2CRIVN261009C00019500%2CRIVN261009C00020000%2CRIVN261009C00020500%2CRIVN261009C00021000%2CRIVN261009C00021500%2CRIVN261009C00022000%2CRIVN261009C00023000%2CRIVN261009C00024000%2CRIVN261009C00025000%2CRIVN261009C00030000%2CRIVN261009P00005000%2CRIVN261009P00009000%2CRIVN261009P00010000%2CRIVN261009P00010500%2CRIVN261009P00011000%2CRIVN261009P00011500%2CRIVN261009P00012000%2CRIVN261009P00012500%2CRIVN261009P00013000%2CRIVN261009P00013500%2CRIVN261009P00014000%2CRIVN261009P00014500%2CRIVN261009P00015000%2CRIVN261009P00015500%2CRIVN261009P00016000%2CRIVN261009P00016500%2CRIVN261009P00017000%2CRIVN261009P00017500%2CRIVN261009P00018000&greeks=true'
For more information check: https://developer.mozilla.org/en-US/docs/Web/HTTP/Status/401
2026-10-06T11:08:50 | WARNING  | app.scanning.alpaca_confirmer | AlpacaConfirmer: cannot fetch chain for UBER 2026-10-09: Client error '401 Unauthorized' for url 'https://api.tradier.com/v1/markets/quotes?symbols=UBER261009C00050000%2CUBER261009C00055000%2CUBER261009C00057000%2CUBER261009C00058000%2CUBER261009C00059000%2CUBER261009C00060000%2CUBER261009C00061000%2CUBER261009C00062000%2CUBER261009C00063000%2CUBER261009C00064000%2CUBER261009C00065000%2CUBER261009C00066000%2CUBER261009C00067000%2CUBER261009C00068000%2CUBER261009C00069000%2CUBER261009C00070000%2CUBER261009C00071000%2CUBER261009C00072000%2CUBER261009C00073000%2CUBER261009C00074000%2CUBER261009C00075000%2CUBER261009C00076000%2CUBER261009C00077000%2CUBER261009C00078000%2CUBER261009C00079000%2CUBER261009C00080000%2CUBER261009C00081000%2CUBER261009C00082000%2CUBER261009C00083000%2CUBER261009C00084000%2CUBER261009C00085000%2CUBER261009C00086000%2CUBER261009C00087000%2CUBER261009C00088000%2CUBER261009C00089000%2CUBER261009C00090000%2CUBER261009C00091000%2CUBER261009C00095000%2CUBER261009C00100000%2CUBER261009C00105000%2CUBER261009P00050000%2CUBER261009P00055000%2CUBER261009P00057000%2CUBER261009P00058000%2CUBER261009P00059000%2CUBER261009P00060000%2CUBER261009P00061000%2CUBER261009P00062000%2CUBER261009P00063000%2CUBER261009P00064000&greeks=true'
For more information check: https://developer.mozilla.org/en-US/docs/Web/HTTP/Status/401
2026-10-06T11:08:50 | WARNING  | app.scanning.alpaca_confirmer | AlpacaConfirmer: cannot fetch chain for AVGO 2026-10-09: Client error '401 Unauthorized' for url 'https://api.tradier.com/v1/markets/quotes?symbols=AVGO261009C00210000%2CAVGO261009C00215000%2CAVGO261009C00220000%2CAVGO261009C00225000%2CAVGO261009C00230000%2CAVGO261009C00235000%2CAVGO261009C00240000%2CAVGO261009C00245000%2CAVGO261009C00250000%2CAVGO261009C00255000%2CAVGO261009C00260000%2CAVGO261009C00265000%2CAVGO261009C00270000%2CAVGO261009C00275000%2CAVGO261009C00280000%2CAVGO261009C00285000%2CAVGO261009C00290000%2CAVGO261009C00295000%2CAVGO261009C00300000%2CAVGO261009C00305000%2CAVGO261009C00310000%2CAVGO261009C00315000%2CAVGO261009C00317500%2CAVGO261009C00320000%2CAVGO261009C00322500%2CAVGO261009C00325000%2CAVGO261009C00327500%2CAVGO261009C00330000%2CAVGO261009C00332500%2CAVGO261009C00335000%2CAVGO261009C00337500%2CAVGO261009C00340000%2CAVGO261009C00342500%2CAVGO261009C00345000%2CAVGO261009C00347500%2CAVGO261009C00350000%2CAVGO261009C00352500%2CAVGO261009C00355000%2CAVGO261009C00357500%2CAVGO261009C00360000%2CAVGO261009C00362500%2CAVGO261009C00365000%2CAVGO261009C00367500%2CAVGO261009C00370000%2CAVGO261009C00372500%2CAVGO261009C00375000%2CAVGO261009C00377500%2CAVGO261009C00380000%2CAVGO261009C00382500%2CAVGO261009C00385000&greeks=true'
For more information check: https://developer.mozilla.org/en-US/docs/Web/HTTP/Status/401
2026-10-06T11:08:50 | INFO     | session_runner | AlpacaConfirmer: 0 confirmed symbols: []
2026-10-06T11:08:50 | WARNING  | session_runner | Re-scan returned no confirmed symbols — falling back to ['SPY']
2026-10-06T11:08:50 | INFO     | session_runner | Broad-market regime | SPY=long
2026-10-06T11:08:50 | INFO     | session_runner | [bridge:SPY] rsi_trend ready: sufficient bars
2026-10-06T11:08:50 | INFO     | session_runner | Stale signal: SPY/orb age=79 min > max 10 min — skipped
2026-10-06T11:08:50 | INFO     | session_runner | Stale signal: SPY/vwap_reclaim age=24 min > max 10 min — skipped
2026-10-06T11:08:50 | INFO     | session_runner | Stale signal: SPY/vwap_reclaim age=84 min > max 10 min — skipped
2026-10-06T11:09:20 | INFO     | session_runner | [cycle 192] 11:09:20 ET | positions=0 | entries=0
2026-10-06T11:09:21 | INFO     | session_runner | [bridge:SPY] rsi_trend ready: sufficient bars
2026-10-06T11:09:21 | INFO     | session_runner | Stale signal: SPY/orb age=79 min > max 10 min — skipped
2026-10-06T11:09:21 | INFO     | session_runner | Stale signal: SPY/vwap_reclaim age=24 min > max 10 min — skipped
2026-10-06T11:09:21 | INFO     | session_runner | Stale signal: SPY/vwap_reclaim age=84 min > max 10 min — skipped
2026-10-06T11:09:51 | INFO     | session_runner | [cycle 193] 11:09:51 ET | positions=0 | entries=0
2026-10-06T11:09:51 | INFO     | session_runner | [bridge:SPY] rsi_trend ready: sufficient bars
2026-10-06T11:09:51 | INFO     | session_runner | Stale signal: SPY/orb age=80 min > max 10 min — skipped
2026-10-06T11:09:51 | INFO     | session_runner | Stale signal: SPY/vwap_reclaim age=25 min > max 10 min — skipped
2026-10-06T11:09:51 | INFO     | session_runner | Stale signal: SPY/vwap_reclaim age=85 min > max 10 min — skipped
2026-10-06T11:10:21 | INFO     | session_runner | [cycle 194] 11:10:21 ET | positions=0 | entries=0
2026-10-06T11:10:21 | INFO     | session_runner | [bridge:SPY] rsi_trend ready: sufficient bars
2026-10-06T11:10:21 | INFO     | session_runner | Stale signal: SPY/orb age=80 min > max 10 min — skipped
2026-10-06T11:10:21 | INFO     | session_runner | Stale signal: SPY/vwap_reclaim age=25 min > max 10 min — skipped
2026-10-06T11:10:21 | INFO     | session_runner | Stale signal: SPY/vwap_reclaim age=85 min > max 10 min — skipped
2026-10-06T11:10:51 | INFO     | session_runner | [cycle 195] 11:10:51 ET | positions=0 | entries=0
2026-10-06T11:10:52 | INFO     | session_runner | [bridge:SPY] rsi_trend ready: sufficient bars
2026-10-06T11:10:52 | INFO     | session_runner | Stale signal: SPY/orb age=81 min > max 10 min — skipped
2026-10-06T11:10:52 | INFO     | session_runner | Stale signal: SPY/vwap_reclaim age=26 min > max 10 min — skipped
2026-10-06T11:10:52 | INFO     | session_runner | Stale signal: SPY/vwap_reclaim age=86 min > max 10 min — skipped
2026-10-06T11:11:22 | INFO     | session_runner | [cycle 196] 11:11:22 ET | positions=0 | entries=0
2026-10-06T11:11:22 | INFO     | session_runner | [bridge:SPY] rsi_trend ready: sufficient bars
2026-10-06T11:11:22 | INFO     | session_runner | Stale signal: SPY/orb age=81 min > max 10 min — skipped
2026-10-06T11:11:22 | INFO     | session_runner | Stale signal: SPY/vwap_reclaim age=26 min > max 10 min — skipped
2026-10-06T11:11:22 | INFO     | session_runner | Stale signal: SPY/vwap_reclaim age=86 min > max 10 min — skipped
2026-10-06T11:11:52 | INFO     | session_runner | [cycle 197] 11:11:52 ET | positions=0 | entries=0
2026-10-06T11:11:52 | INFO     | session_runner | [bridge:SPY] rsi_trend ready: sufficient bars
2026-10-06T11:11:52 | INFO     | session_runner | Stale signal: SPY/orb age=82 min > max 10 min — skipped
2026-10-06T11:11:52 | INFO     | session_runner | Stale signal: SPY/vwap_reclaim age=27 min > max 10 min — skipped
2026-10-06T11:11:52 | INFO     | session_runner | Stale signal: SPY/vwap_reclaim age=87 min > max 10 min — skipped
2026-10-06T11:12:22 | INFO     | session_runner | [cycle 198] 11:12:22 ET | positions=0 | entries=0
2026-10-06T11:12:22 | INFO     | session_runner | [bridge:SPY] rsi_trend ready: sufficient bars
2026-10-06T11:12:22 | INFO     | session_runner | Stale signal: SPY/orb age=82 min > max 10 min — skipped
2026-10-06T11:12:22 | INFO     | session_runner | Stale signal: SPY/vwap_reclaim age=27 min > max 10 min — skipped
2026-10-06T11:12:22 | INFO     | session_runner | Stale signal: SPY/vwap_reclaim age=87 min > max 10 min — skipped
2026-10-06T11:12:52 | INFO     | session_runner | [cycle 199] 11:12:52 ET | positions=0 | entries=0
2026-10-06T11:12:53 | INFO     | session_runner | [bridge:SPY] rsi_trend ready: sufficient bars
2026-10-06T11:12:53 | INFO     | session_runner | Stale signal: SPY/orb age=83 min > max 10 min — skipped
2026-10-06T11:12:53 | INFO     | session_runner | Stale signal: SPY/vwap_reclaim age=28 min > max 10 min — skipped
2026-10-06T11:12:53 | INFO     | session_runner | Stale signal: SPY/vwap_reclaim age=88 min > max 10 min — skipped
2026-10-06T11:13:23 | INFO     | session_runner | [cycle 200] 11:13:23 ET | positions=0 | entries=0
2026-10-06T11:13:23 | INFO     | session_runner | [bridge:SPY] rsi_trend ready: sufficient bars
2026-10-06T11:13:23 | INFO     | session_runner | Stale signal: SPY/orb age=83 min > max 10 min — skipped
2026-10-06T11:13:23 | INFO     | session_runner | Stale signal: SPY/vwap_reclaim age=28 min > max 10 min — skipped
2026-10-06T11:13:23 | INFO     | session_runner | Stale signal: SPY/vwap_reclaim age=88 min > max 10 min — skipped
2026-10-06T11:13:53 | INFO     | session_runner | [cycle 201] 11:13:53 ET | positions=0 | entries=0
2026-10-06T11:13:53 | INFO     | app.trading.reconciler | Reconciliation done: broker_pos=0 local_pos=0 broker_orders=0 local_pending=0 repaired=0 flagged=0 orders_confirmed=True positions_confirmed=True
2026-10-06T11:13:53 | INFO     | session_runner | Periodic universe re-scan …
2026-10-06T11:13:53 | INFO     | app.scanning.universe_loader | UniverseLoader: loaded 5 groups (13 flat symbols) from config/ticker_universe.yaml (blacklist=0)
2026-10-06T11:13:53 | INFO     | app.scanning.universe_loader | UniverseLoader: 38 symbols from 4 group(s) (blacklist=0)
2026-10-06T11:13:53 | INFO     | session_runner | Universe scan: 38 symbols from 4 group(s) | max_active=6
2026-10-06T11:13:59 | INFO     | session_runner | Scan: 15 passed, 23 rejected
2026-10-06T11:13:59 | INFO     | session_runner |   AVGO    score=77.0  signal=LONG     reasons: rvol=2.51x (high), atr=2.83% (wide-range), orb_breakout
2026-10-06T11:13:59 | INFO     | session_runner |   XLE     score=75.0  signal=LONG     reasons: rvol=1.32x (normal), atr=1.83% (wide-range), orb_breakout
2026-10-06T11:13:59 | INFO     | session_runner |   AMD     score=75.0  signal=LONG     reasons: rvol=1.66x (elevated), atr=3.54% (wide-range), orb_breakout
2026-10-06T11:13:59 | INFO     | session_runner |   GOOGL   score=72.0  signal=LONG     reasons: rvol=1.00x (normal), atr=2.31% (wide-range), orb_breakout
2026-10-06T11:13:59 | INFO     | session_runner |   AMZN    score=67.0  signal=LONG     reasons: rvol=1.36x (normal), atr=1.99% (wide-range), orb_breakout
2026-10-06T11:13:59 | WARNING  | app.scanning.alpaca_confirmer | AlpacaConfirmer: cannot fetch chain for GOOGL 2026-10-09: Client error '401 Unauthorized' for url 'https://api.tradier.com/v1/markets/quotes?symbols=GOOGL261009C00100000%2CGOOGL261009C00105000%2CGOOGL261009C00110000%2CGOOGL261009C00115000%2CGOOGL261009C00120000%2CGOOGL261009C00125000%2CGOOGL261009C00130000%2CGOOGL261009C00135000%2CGOOGL261009C00140000%2CGOOGL261009C00145000%2CGOOGL261009C00150000%2CGOOGL261009C00155000%2CGOOGL261009C00160000%2CGOOGL261009C00165000%2CGOOGL261009C00170000%2CGOOGL261009C00175000%2CGOOGL261009C00180000%2CGOOGL261009C00185000%2CGOOGL261009C00190000%2CGOOGL261009C00195000%2CGOOGL261009C00200000%2CGOOGL261009C00205000%2CGOOGL261009C00210000%2CGOOGL261009C00215000%2CGOOGL261009C00220000%2CGOOGL261009C00225000%2CGOOGL261009C00230000%2CGOOGL261009C00235000%2CGOOGL261009C00240000%2CGOOGL261009C00245000%2CGOOGL261009C00250000%2CGOOGL261009C00255000%2CGOOGL261009C00260000%2CGOOGL261009C00265000%2CGOOGL261009C00270000%2CGOOGL261009C00275000%2CGOOGL261009C00280000%2CGOOGL261009C00285000%2CGOOGL261009C00290000%2CGOOGL261009C00295000%2CGOOGL261009C00300000%2CGOOGL261009C00305000%2CGOOGL261009C00307500%2CGOOGL261009C00310000%2CGOOGL261009C00312500%2CGOOGL261009C00315000%2CGOOGL261009C00317500%2CGOOGL261009C00320000%2CGOOGL261009C00322500%2CGOOGL261009C00325000&greeks=true'
For more information check: https://developer.mozilla.org/en-US/docs/Web/HTTP/Status/401
2026-10-06T11:13:59 | WARNING  | app.scanning.alpaca_confirmer | AlpacaConfirmer: cannot fetch chain for RIVN 2026-10-09: Client error '401 Unauthorized' for url 'https://api.tradier.com/v1/markets/quotes?symbols=RIVN261009C00005000%2CRIVN261009C00009000%2CRIVN261009C00010000%2CRIVN261009C00010500%2CRIVN261009C00011000%2CRIVN261009C00011500%2CRIVN261009C00012000%2CRIVN261009C00012500%2CRIVN261009C00013000%2CRIVN261009C00013500%2CRIVN261009C00014000%2CRIVN261009C00014500%2CRIVN261009C00015000%2CRIVN261009C00015500%2CRIVN261009C00016000%2CRIVN261009C00016500%2CRIVN261009C00017000%2CRIVN261009C00017500%2CRIVN261009C00018000%2CRIVN261009C00018500%2CRIVN261009C00019000%2CRIVN261009C00019500%2CRIVN261009C00020000%2CRIVN261009C00020500%2CRIVN261009C00021000%2CRIVN261009C00021500%2CRIVN261009C00022000%2CRIVN261009C00023000%2CRIVN261009C00024000%2CRIVN261009C00025000%2CRIVN261009C00030000%2CRIVN261009P00005000%2CRIVN261009P00009000%2CRIVN261009P00010000%2CRIVN261009P00010500%2CRIVN261009P00011000%2CRIVN261009P00011500%2CRIVN261009P00012000%2CRIVN261009P00012500%2CRIVN261009P00013000%2CRIVN261009P00013500%2CRIVN261009P00014000%2CRIVN261009P00014500%2CRIVN261009P00015000%2CRIVN261009P00015500%2CRIVN261009P00016000%2CRIVN261009P00016500%2CRIVN261009P00017000%2CRIVN261009P00017500%2CRIVN261009P00018000&greeks=true'
For more information check: https://developer.mozilla.org/en-US/docs/Web/HTTP/Status/401
2026-10-06T11:13:59 | WARNING  | app.scanning.alpaca_confirmer | AlpacaConfirmer: cannot fetch chain for AVGO 2026-10-09: Client error '401 Unauthorized' for url 'https://api.tradier.com/v1/markets/quotes?symbols=AVGO261009C00210000%2CAVGO261009C00215000%2CAVGO261009C00220000%2CAVGO261009C00225000%2CAVGO261009C00230000%2CAVGO261009C00235000%2CAVGO261009C00240000%2CAVGO261009C00245000%2CAVGO261009C00250000%2CAVGO261009C00255000%2CAVGO261009C00260000%2CAVGO261009C00265000%2CAVGO261009C00270000%2CAVGO261009C00275000%2CAVGO261009C00280000%2CAVGO261009C00285000%2CAVGO261009C00290000%2CAVGO261009C00295000%2CAVGO261009C00300000%2CAVGO261009C00305000%2CAVGO261009C00310000%2CAVGO261009C00315000%2CAVGO261009C00317500%2CAVGO261009C00320000%2CAVGO261009C00322500%2CAVGO261009C00325000%2CAVGO261009C00327500%2CAVGO261009C00330000%2CAVGO261009C00332500%2CAVGO261009C00335000%2CAVGO261009C00337500%2CAVGO261009C00340000%2CAVGO261009C00342500%2CAVGO261009C00345000%2CAVGO261009C00347500%2CAVGO261009C00350000%2CAVGO261009C00352500%2CAVGO261009C00355000%2CAVGO261009C00357500%2CAVGO261009C00360000%2CAVGO261009C00362500%2CAVGO261009C00365000%2CAVGO261009C00367500%2CAVGO261009C00370000%2CAVGO261009C00372500%2CAVGO261009C00375000%2CAVGO261009C00377500%2CAVGO261009C00380000%2CAVGO261009C00382500%2CAVGO261009C00385000&greeks=true'
For more information check: https://developer.mozilla.org/en-US/docs/Web/HTTP/Status/401
2026-10-06T11:13:59 | WARNING  | app.scanning.alpaca_confirmer | AlpacaConfirmer: cannot fetch chain for AMZN 2026-10-09: Client error '401 Unauthorized' for url 'https://api.tradier.com/v1/markets/quotes?symbols=AMZN261009C00140000%2CAMZN261009C00145000%2CAMZN261009C00150000%2CAMZN261009C00155000%2CAMZN261009C00160000%2CAMZN261009C00165000%2CAMZN261009C00170000%2CAMZN261009C00175000%2CAMZN261009C00180000%2CAMZN261009C00185000%2CAMZN261009C00190000%2CAMZN261009C00195000%2CAMZN261009C00200000%2CAMZN261009C00205000%2CAMZN261009C00210000%2CAMZN261009C00215000%2CAMZN261009C00220000%2CAMZN261009C00222500%2CAMZN261009C00225000%2CAMZN261009C00227500%2CAMZN261009C00230000%2CAMZN261009C00232500%2CAMZN261009C00235000%2CAMZN261009C00237500%2CAMZN261009C00240000%2CAMZN261009C00242500%2CAMZN261009C00245000%2CAMZN261009C00247500%2CAMZN261009C00250000%2CAMZN261009C00252500%2CAMZN261009C00255000%2CAMZN261009C00257500%2CAMZN261009C00260000%2CAMZN261009C00262500%2CAMZN261009C00265000%2CAMZN261009C00267500%2CAMZN261009C00270000%2CAMZN261009C00272500%2CAMZN261009C00275000%2CAMZN261009C00277500%2CAMZN261009C00280000%2CAMZN261009C00285000%2CAMZN261009C00290000%2CAMZN261009C00295000%2CAMZN261009C00300000%2CAMZN261009C00305000%2CAMZN261009C00310000%2CAMZN261009C00315000%2CAMZN261009C00320000%2CAMZN261009C00325000&greeks=true'
For more information check: https://developer.mozilla.org/en-US/docs/Web/HTTP/Status/401
2026-10-06T11:13:59 | WARNING  | app.scanning.alpaca_confirmer | AlpacaConfirmer: cannot fetch chain for HOOD 2026-10-09: Client error '401 Unauthorized' for url 'https://api.tradier.com/v1/markets/quotes?symbols=HOOD261009C00025000%2CHOOD261009C00030000%2CHOOD261009C00035000%2CHOOD261009C00040000%2CHOOD261009C00045000%2CHOOD261009C00050000%2CHOOD261009C00055000%2CHOOD261009C00060000%2CHOOD261009C00065000%2CHOOD261009C00070000%2CHOOD261009C00075000%2CHOOD261009C00080000%2CHOOD261009C00085000%2CHOOD261009C00090000%2CHOOD261009C00091000%2CHOOD261009C00092000%2CHOOD261009C00093000%2CHOOD261009C00094000%2CHOOD261009C00095000%2CHOOD261009C00096000%2CHOOD261009C00097000%2CHOOD261009C00098000%2CHOOD261009C00099000%2CHOOD261009C00100000%2CHOOD261009C00101000%2CHOOD261009C00102000%2CHOOD261009C00103000%2CHOOD261009C00104000%2CHOOD261009C00105000%2CHOOD261009C00106000%2CHOOD261009C00107000%2CHOOD261009C00108000%2CHOOD261009C00109000%2CHOOD261009C00110000%2CHOOD261009C00111000%2CHOOD261009C00112000%2CHOOD261009C00113000%2CHOOD261009C00114000%2CHOOD261009C00115000%2CHOOD261009C00116000%2CHOOD261009C00117000%2CHOOD261009C00118000%2CHOOD261009C00119000%2CHOOD261009C00120000%2CHOOD261009C00121000%2CHOOD261009C00122000%2CHOOD261009C00123000%2CHOOD261009C00124000%2CHOOD261009C00125000%2CHOOD261009C00126000&greeks=true'
For more information check: https://developer.mozilla.org/en-US/docs/Web/HTTP/Status/401
2026-10-06T11:13:59 | WARNING  | app.scanning.alpaca_confirmer | AlpacaConfirmer: cannot fetch chain for AMD 2026-10-09: Client error '401 Unauthorized' for url 'https://api.tradier.com/v1/markets/quotes?symbols=AMD261009C00040000%2CAMD261009C00045000%2CAMD261009C00050000%2CAMD261009C00055000%2CAMD261009C00060000%2CAMD261009C00065000%2CAMD261009C00070000%2CAMD261009C00075000%2CAMD261009C00080000%2CAMD261009C00085000%2CAMD261009C00090000%2CAMD261009C00095000%2CAMD261009C00100000%2CAMD261009C00105000%2CAMD261009C00110000%2CAMD261009C00115000%2CAMD261009C00120000%2CAMD261009C00125000%2CAMD261009C00130000%2CAMD261009C00135000%2CAMD261009C00140000%2CAMD261009C00145000%2CAMD261009C00150000%2CAMD261009C00155000%2CAMD261009C00160000%2CAMD261009C00165000%2CAMD261009C00170000%2CAMD261009C00175000%2CAMD261009C00180000%2CAMD261009C00185000%2CAMD261009C00190000%2CAMD261009C00195000%2CAMD261009C00200000%2CAMD261009C00205000%2CAMD261009C00210000%2CAMD261009C00215000%2CAMD261009C00220000%2CAMD261009C00225000%2CAMD261009C00230000%2CAMD261009C00235000%2CAMD261009C00240000%2CAMD261009C00245000%2CAMD261009C00250000%2CAMD261009C00255000%2CAMD261009C00260000%2CAMD261009C00265000%2CAMD261009C00270000%2CAMD261009C00275000%2CAMD261009C00280000%2CAMD261009C00285000&greeks=true'
For more information check: https://developer.mozilla.org/en-US/docs/Web/HTTP/Status/401
2026-10-06T11:14:00 | WARNING  | app.scanning.alpaca_confirmer | AlpacaConfirmer: cannot fetch chain for RIOT 2026-10-09: Client error '401 Unauthorized' for url 'https://api.tradier.com/v1/markets/quotes?symbols=RIOT261009C00008000%2CRIOT261009C00009000%2CRIOT261009C00010000%2CRIOT261009C00011000%2CRIOT261009C00012000%2CRIOT261009C00013000%2CRIOT261009C00014000%2CRIOT261009C00015000%2CRIOT261009C00016000%2CRIOT261009C00017000%2CRIOT261009C00017500%2CRIOT261009C00018000%2CRIOT261009C00018500%2CRIOT261009C00019000%2CRIOT261009C00019500%2CRIOT261009C00020000%2CRIOT261009C00020500%2CRIOT261009C00021000%2CRIOT261009C00021500%2CRIOT261009C00022000%2CRIOT261009C00022500%2CRIOT261009C00023000%2CRIOT261009C00023500%2CRIOT261009C00024000%2CRIOT261009C00024500%2CRIOT261009C00025000%2CRIOT261009C00025500%2CRIOT261009C00026000%2CRIOT261009C00026500%2CRIOT261009C00027000%2CRIOT261009C00027500%2CRIOT261009C00028000%2CRIOT261009C00028500%2CRIOT261009C00029000%2CRIOT261009C00029500%2CRIOT261009C00030000%2CRIOT261009C00031000%2CRIOT261009C00032000%2CRIOT261009C00033000%2CRIOT261009C00034000%2CRIOT261009C00035000%2CRIOT261009P00008000%2CRIOT261009P00009000%2CRIOT261009P00010000%2CRIOT261009P00011000%2CRIOT261009P00012000%2CRIOT261009P00013000%2CRIOT261009P00014000%2CRIOT261009P00015000%2CRIOT261009P00016000&greeks=true'
For more information check: https://developer.mozilla.org/en-US/docs/Web/HTTP/Status/401
2026-10-06T11:14:00 | WARNING  | app.scanning.alpaca_confirmer | AlpacaConfirmer: cannot fetch chain for XLE 2026-10-09: Client error '401 Unauthorized' for url 'https://api.tradier.com/v1/markets/quotes?symbols=XLE261009C00035000%2CXLE261009C00040000%2CXLE261009C00045000%2CXLE261009C00050000%2CXLE261009C00051000%2CXLE261009C00052000%2CXLE261009C00053000%2CXLE261009C00054000%2CXLE261009C00055000%2CXLE261009C00056000%2CXLE261009C00056500%2CXLE261009C00057000%2CXLE261009C00057500%2CXLE261009C00058000%2CXLE261009C00058500%2CXLE261009C00059000%2CXLE261009C00059500%2CXLE261009C00060000%2CXLE261009C00060500%2CXLE261009C00061000%2CXLE261009C00061500%2CXLE261009C00062000%2CXLE261009C00062500%2CXLE261009C00063000%2CXLE261009C00063500%2CXLE261009C00064000%2CXLE261009C00064500%2CXLE261009C00065000%2CXLE261009C00065500%2CXLE261009C00066000%2CXLE261009C00066500%2CXLE261009C00067000%2CXLE261009C00067500%2CXLE261009C00068000%2CXLE261009C00068500%2CXLE261009C00069000%2CXLE261009C00070000%2CXLE261009C00071000%2CXLE261009C00075000%2CXLE261009C00080000%2CXLE261009P00035000%2CXLE261009P00040000%2CXLE261009P00045000%2CXLE261009P00050000%2CXLE261009P00051000%2CXLE261009P00052000%2CXLE261009P00053000%2CXLE261009P00054000%2CXLE261009P00055000%2CXLE261009P00056000&greeks=true'
For more information check: https://developer.mozilla.org/en-US/docs/Web/HTTP/Status/401
2026-10-06T11:14:00 | WARNING  | app.scanning.alpaca_confirmer | AlpacaConfirmer: cannot fetch chain for IWM 2026-10-08: Client error '401 Unauthorized' for url 'https://api.tradier.com/v1/markets/quotes?symbols=IWM261008C00180000%2CIWM261008C00190000%2CIWM261008C00200000%2CIWM261008C00205000%2CIWM261008C00210000%2CIWM261008C00215000%2CIWM261008C00220000%2CIWM261008C00225000%2CIWM261008C00230000%2CIWM261008C00235000%2CIWM261008C00240000%2CIWM261008C00245000%2CIWM261008C00250000%2CIWM261008C00255000%2CIWM261008C00260000%2CIWM261008C00261000%2CIWM261008C00262000%2CIWM261008C00263000%2CIWM261008C00264000%2CIWM261008C00265000%2CIWM261008C00266000%2CIWM261008C00267000%2CIWM261008C00268000%2CIWM261008C00269000%2CIWM261008C00270000%2CIWM261008C00271000%2CIWM261008C00272000%2CIWM261008C00273000%2CIWM261008C00274000%2CIWM261008C00275000%2CIWM261008C00276000%2CIWM261008C00277000%2CIWM261008C00278000%2CIWM261008C00279000%2CIWM261008C00280000%2CIWM261008C00281000%2CIWM261008C00282000%2CIWM261008C00283000%2CIWM261008C00284000%2CIWM261008C00285000%2CIWM261008C00286000%2CIWM261008C00287000%2CIWM261008C00288000%2CIWM261008C00289000%2CIWM261008C00290000%2CIWM261008C00291000%2CIWM261008C00292000%2CIWM261008C00293000%2CIWM261008C00294000%2CIWM261008C00295000&greeks=true'
For more information check: https://developer.mozilla.org/en-US/docs/Web/HTTP/Status/401
2026-10-06T11:14:00 | WARNING  | app.scanning.alpaca_confirmer | AlpacaConfirmer: cannot fetch chain for UBER 2026-10-09: Client error '401 Unauthorized' for url 'https://api.tradier.com/v1/markets/quotes?symbols=UBER261009C00050000%2CUBER261009C00055000%2CUBER261009C00057000%2CUBER261009C00058000%2CUBER261009C00059000%2CUBER261009C00060000%2CUBER261009C00061000%2CUBER261009C00062000%2CUBER261009C00063000%2CUBER261009C00064000%2CUBER261009C00065000%2CUBER261009C00066000%2CUBER261009C00067000%2CUBER261009C00068000%2CUBER261009C00069000%2CUBER261009C00070000%2CUBER261009C00071000%2CUBER261009C00072000%2CUBER261009C00073000%2CUBER261009C00074000%2CUBER261009C00075000%2CUBER261009C00076000%2CUBER261009C00077000%2CUBER261009C00078000%2CUBER261009C00079000%2CUBER261009C00080000%2CUBER261009C00081000%2CUBER261009C00082000%2CUBER261009C00083000%2CUBER261009C00084000%2CUBER261009C00085000%2CUBER261009C00086000%2CUBER261009C00087000%2CUBER261009C00088000%2CUBER261009C00089000%2CUBER261009C00090000%2CUBER261009C00091000%2CUBER261009C00095000%2CUBER261009C00100000%2CUBER261009C00105000%2CUBER261009P00050000%2CUBER261009P00055000%2CUBER261009P00057000%2CUBER261009P00058000%2CUBER261009P00059000%2CUBER261009P00060000%2CUBER261009P00061000%2CUBER261009P00062000%2CUBER261009P00063000%2CUBER261009P00064000&greeks=true'
For more information check: https://developer.mozilla.org/en-US/docs/Web/HTTP/Status/401
2026-10-06T11:14:00 | WARNING  | app.scanning.alpaca_confirmer | AlpacaConfirmer: cannot fetch chain for QQQ 2026-10-08: Client error '401 Unauthorized' for url 'https://api.tradier.com/v1/markets/quotes?symbols=QQQ261008C00500000%2CQQQ261008C00505000%2CQQQ261008C00510000%2CQQQ261008C00515000%2CQQQ261008C00520000%2CQQQ261008C00525000%2CQQQ261008C00530000%2CQQQ261008C00535000%2CQQQ261008C00540000%2CQQQ261008C00545000%2CQQQ261008C00550000%2CQQQ261008C00555000%2CQQQ261008C00560000%2CQQQ261008C00565000%2CQQQ261008C00570000%2CQQQ261008C00575000%2CQQQ261008C00580000%2CQQQ261008C00585000%2CQQQ261008C00590000%2CQQQ261008C00595000%2CQQQ261008C00600000%2CQQQ261008C00605000%2CQQQ261008C00610000%2CQQQ261008C00615000%2CQQQ261008C00620000%2CQQQ261008C00625000%2CQQQ261008C00630000%2CQQQ261008C00635000%2CQQQ261008C00640000%2CQQQ261008C00645000%2CQQQ261008C00650000%2CQQQ261008C00655000%2CQQQ261008C00660000%2CQQQ261008C00665000%2CQQQ261008C00670000%2CQQQ261008C00675000%2CQQQ261008C00680000%2CQQQ261008C00685000%2CQQQ261008C00690000%2CQQQ261008C00691000%2CQQQ261008C00692000%2CQQQ261008C00693000%2CQQQ261008C00694000%2CQQQ261008C00695000%2CQQQ261008C00696000%2CQQQ261008C00697000%2CQQQ261008C00698000%2CQQQ261008C00699000%2CQQQ261008C00700000%2CQQQ261008C00701000&greeks=true'
For more information check: https://developer.mozilla.org/en-US/docs/Web/HTTP/Status/401
2026-10-06T11:14:00 | WARNING  | app.scanning.alpaca_confirmer | AlpacaConfirmer: cannot fetch chain for SPY 2026-10-08: Client error '401 Unauthorized' for url 'https://api.tradier.com/v1/markets/quotes?symbols=SPY261008C00550000%2CSPY261008C00555000%2CSPY261008C00560000%2CSPY261008C00565000%2CSPY261008C00570000%2CSPY261008C00575000%2CSPY261008C00580000%2CSPY261008C00585000%2CSPY261008C00590000%2CSPY261008C00595000%2CSPY261008C00600000%2CSPY261008C00605000%2CSPY261008C00610000%2CSPY261008C00615000%2CSPY261008C00620000%2CSPY261008C00625000%2CSPY261008C00630000%2CSPY261008C00635000%2CSPY261008C00640000%2CSPY261008C00645000%2CSPY261008C00650000%2CSPY261008C00655000%2CSPY261008C00660000%2CSPY261008C00665000%2CSPY261008C00670000%2CSPY261008C00675000%2CSPY261008C00680000%2CSPY261008C00685000%2CSPY261008C00690000%2CSPY261008C00695000%2CSPY261008C00700000%2CSPY261008C00705000%2CSPY261008C00710000%2CSPY261008C00715000%2CSPY261008C00720000%2CSPY261008C00723000%2CSPY261008C00724000%2CSPY261008C00725000%2CSPY261008C00726000%2CSPY261008C00727000%2CSPY261008C00728000%2CSPY261008C00729000%2CSPY261008C00730000%2CSPY261008C00731000%2CSPY261008C00732000%2CSPY261008C00733000%2CSPY261008C00734000%2CSPY261008C00735000%2CSPY261008C00736000%2CSPY261008C00737000&greeks=true'
For more information check: https://developer.mozilla.org/en-US/docs/Web/HTTP/Status/401
2026-10-06T11:14:00 | INFO     | session_runner | AlpacaConfirmer: 0 confirmed symbols: []
2026-10-06T11:14:00 | WARNING  | session_runner | Re-scan returned no confirmed symbols — falling back to ['SPY']
2026-10-06T11:14:00 | INFO     | session_runner | Broad-market regime | SPY=long
2026-10-06T11:14:00 | INFO     | session_runner | [bridge:SPY] rsi_trend ready: sufficient bars
2026-10-06T11:14:00 | INFO     | session_runner | Stale signal: SPY/orb age=84 min > max 10 min — skipped
2026-10-06T11:14:00 | INFO     | session_runner | Stale signal: SPY/vwap_reclaim age=29 min > max 10 min — skipped
2026-10-06T11:14:00 | INFO     | session_runner | Stale signal: SPY/vwap_reclaim age=89 min > max 10 min — skipped
2026-10-06T11:14:30 | INFO     | session_runner | [cycle 202] 11:14:30 ET | positions=0 | entries=0
2026-10-06T11:14:30 | INFO     | session_runner | [bridge:SPY] rsi_trend ready: sufficient bars
2026-10-06T11:14:30 | INFO     | session_runner | Stale signal: SPY/orb age=85 min > max 10 min — skipped
2026-10-06T11:14:30 | INFO     | session_runner | Stale signal: SPY/vwap_reclaim age=30 min > max 10 min — skipped
2026-10-06T11:14:30 | INFO     | session_runner | Stale signal: SPY/vwap_reclaim age=90 min > max 10 min — skipped
2026-10-06T11:15:00 | INFO     | session_runner | [cycle 203] 11:15:00 ET | positions=0 | entries=0
2026-10-06T11:15:01 | INFO     | session_runner | [bridge:SPY] rsi_trend ready: sufficient bars
2026-10-06T11:15:01 | INFO     | session_runner | Stale signal: SPY/orb age=85 min > max 10 min — skipped
2026-10-06T11:15:01 | INFO     | session_runner | Stale signal: SPY/vwap_reclaim age=30 min > max 10 min — skipped
2026-10-06T11:15:01 | INFO     | session_runner | Stale signal: SPY/vwap_reclaim age=90 min > max 10 min — skipped
2026-10-06T11:15:31 | INFO     | session_runner | [cycle 204] 11:15:31 ET | positions=0 | entries=0
2026-10-06T11:15:31 | INFO     | session_runner | [bridge:SPY] rsi_trend ready: sufficient bars
2026-10-06T11:15:31 | INFO     | session_runner | Stale signal: SPY/orb age=86 min > max 10 min — skipped
2026-10-06T11:15:31 | INFO     | session_runner | Stale signal: SPY/vwap_reclaim age=31 min > max 10 min — skipped
2026-10-06T11:15:31 | INFO     | session_runner | Stale signal: SPY/vwap_reclaim age=91 min > max 10 min — skipped
2026-10-06T11:16:01 | INFO     | session_runner | [cycle 205] 11:16:01 ET | positions=0 | entries=0
2026-10-06T11:16:01 | INFO     | session_runner | [bridge:SPY] rsi_trend ready: sufficient bars
2026-10-06T11:16:01 | INFO     | session_runner | Stale signal: SPY/orb age=86 min > max 10 min — skipped
2026-10-06T11:16:01 | INFO     | session_runner | Stale signal: SPY/vwap_reclaim age=31 min > max 10 min — skipped
2026-10-06T11:16:01 | INFO     | session_runner | Stale signal: SPY/vwap_reclaim age=91 min > max 10 min — skipped
2026-10-06T11:16:31 | INFO     | session_runner | [cycle 206] 11:16:31 ET | positions=0 | entries=0
2026-10-06T11:16:32 | INFO     | session_runner | [bridge:SPY] rsi_trend ready: sufficient bars
2026-10-06T11:16:32 | INFO     | session_runner | Stale signal: SPY/orb age=87 min > max 10 min — skipped
2026-10-06T11:16:32 | INFO     | session_runner | Stale signal: SPY/vwap_reclaim age=32 min > max 10 min — skipped
2026-10-06T11:16:32 | INFO     | session_runner | Stale signal: SPY/vwap_reclaim age=92 min > max 10 min — skipped
2026-10-06T11:17:02 | INFO     | session_runner | [cycle 207] 11:17:02 ET | positions=0 | entries=0
2026-10-06T11:17:02 | INFO     | session_runner | [bridge:SPY] rsi_trend ready: sufficient bars
2026-10-06T11:17:02 | INFO     | session_runner | Stale signal: SPY/orb age=87 min > max 10 min — skipped
2026-10-06T11:17:02 | INFO     | session_runner | Stale signal: SPY/vwap_reclaim age=32 min > max 10 min — skipped
2026-10-06T11:17:02 | INFO     | session_runner | Stale signal: SPY/vwap_reclaim age=92 min > max 10 min — skipped
2026-10-06T11:17:32 | INFO     | session_runner | [cycle 208] 11:17:32 ET | positions=0 | entries=0
2026-10-06T11:17:33 | INFO     | session_runner | [bridge:SPY] rsi_trend ready: sufficient bars
2026-10-06T11:17:33 | INFO     | session_runner | Stale signal: SPY/orb age=88 min > max 10 min — skipped
2026-10-06T11:17:33 | INFO     | session_runner | Stale signal: SPY/vwap_reclaim age=33 min > max 10 min — skipped
2026-10-06T11:17:33 | INFO     | session_runner | Stale signal: SPY/vwap_reclaim age=93 min > max 10 min — skipped
2026-10-06T11:18:03 | INFO     | session_runner | [cycle 209] 11:18:03 ET | positions=0 | entries=0
2026-10-06T11:18:03 | INFO     | session_runner | [bridge:SPY] rsi_trend ready: sufficient bars
2026-10-06T11:18:03 | INFO     | session_runner | Stale signal: SPY/orb age=88 min > max 10 min — skipped
2026-10-06T11:18:03 | INFO     | session_runner | Stale signal: SPY/vwap_reclaim age=33 min > max 10 min — skipped
2026-10-06T11:18:03 | INFO     | session_runner | Stale signal: SPY/vwap_reclaim age=93 min > max 10 min — skipped
2026-10-06T11:18:33 | INFO     | session_runner | [cycle 210] 11:18:33 ET | positions=0 | entries=0
2026-10-06T11:18:33 | INFO     | session_runner | [bridge:SPY] rsi_trend ready: sufficient bars
2026-10-06T11:18:33 | INFO     | session_runner | Stale signal: SPY/orb age=89 min > max 10 min — skipped
2026-10-06T11:18:33 | INFO     | session_runner | Stale signal: SPY/vwap_reclaim age=34 min > max 10 min — skipped
2026-10-06T11:18:33 | INFO     | session_runner | Stale signal: SPY/vwap_reclaim age=94 min > max 10 min — skipped
2026-10-06T11:19:04 | INFO     | session_runner | [cycle 211] 11:19:04 ET | positions=0 | entries=0
2026-10-06T11:19:04 | INFO     | session_runner | Periodic universe re-scan …
2026-10-06T11:19:04 | INFO     | app.scanning.universe_loader | UniverseLoader: loaded 5 groups (13 flat symbols) from config/ticker_universe.yaml (blacklist=0)
2026-10-06T11:19:04 | INFO     | app.scanning.universe_loader | UniverseLoader: 38 symbols from 4 group(s) (blacklist=0)
2026-10-06T11:19:04 | INFO     | session_runner | Universe scan: 38 symbols from 4 group(s) | max_active=6
2026-10-06T11:19:10 | INFO     | session_runner | Scan: 18 passed, 20 rejected
2026-10-06T11:19:10 | INFO     | session_runner |   AVGO    score=77.0  signal=LONG     reasons: rvol=2.45x (high), atr=2.84% (wide-range), orb_breakout
2026-10-06T11:19:10 | INFO     | session_runner |   XLE     score=75.0  signal=LONG     reasons: rvol=1.29x (normal), atr=1.83% (wide-range), orb_breakout
2026-10-06T11:19:10 | INFO     | session_runner |   AMD     score=75.0  signal=LONG     reasons: rvol=1.62x (elevated), atr=3.54% (wide-range), orb_breakout
2026-10-06T11:19:10 | INFO     | session_runner |   AMZN    score=67.0  signal=LONG     reasons: rvol=1.34x (normal), atr=1.99% (wide-range), orb_breakout
2026-10-06T11:19:10 | INFO     | session_runner |   GOOGL   score=67.0  signal=LONG     reasons: atr=2.31% (wide-range), orb_breakout, trend_sideways
2026-10-06T11:19:10 | WARNING  | app.scanning.alpaca_confirmer | AlpacaConfirmer: cannot fetch chain for HOOD 2026-10-09: Client error '401 Unauthorized' for url 'https://api.tradier.com/v1/markets/quotes?symbols=HOOD261009C00025000%2CHOOD261009C00030000%2CHOOD261009C00035000%2CHOOD261009C00040000%2CHOOD261009C00045000%2CHOOD261009C00050000%2CHOOD261009C00055000%2CHOOD261009C00060000%2CHOOD261009C00065000%2CHOOD261009C00070000%2CHOOD261009C00075000%2CHOOD261009C00080000%2CHOOD261009C00085000%2CHOOD261009C00090000%2CHOOD261009C00091000%2CHOOD261009C00092000%2CHOOD261009C00093000%2CHOOD261009C00094000%2CHOOD261009C00095000%2CHOOD261009C00096000%2CHOOD261009C00097000%2CHOOD261009C00098000%2CHOOD261009C00099000%2CHOOD261009C00100000%2CHOOD261009C00101000%2CHOOD261009C00102000%2CHOOD261009C00103000%2CHOOD261009C00104000%2CHOOD261009C00105000%2CHOOD261009C00106000%2CHOOD261009C00107000%2CHOOD261009C00108000%2CHOOD261009C00109000%2CHOOD261009C00110000%2CHOOD261009C00111000%2CHOOD261009C00112000%2CHOOD261009C00113000%2CHOOD261009C00114000%2CHOOD261009C00115000%2CHOOD261009C00116000%2CHOOD261009C00117000%2CHOOD261009C00118000%2CHOOD261009C00119000%2CHOOD261009C00120000%2CHOOD261009C00121000%2CHOOD261009C00122000%2CHOOD261009C00123000%2CHOOD261009C00124000%2CHOOD261009C00125000%2CHOOD261009C00126000&greeks=true'
For more information check: https://developer.mozilla.org/en-US/docs/Web/HTTP/Status/401
2026-10-06T11:19:10 | WARNING  | app.scanning.alpaca_confirmer | AlpacaConfirmer: cannot fetch chain for UBER 2026-10-09: Client error '401 Unauthorized' for url 'https://api.tradier.com/v1/markets/quotes?symbols=UBER261009C00050000%2CUBER261009C00055000%2CUBER261009C00057000%2CUBER261009C00058000%2CUBER261009C00059000%2CUBER261009C00060000%2CUBER261009C00061000%2CUBER261009C00062000%2CUBER261009C00063000%2CUBER261009C00064000%2CUBER261009C00065000%2CUBER261009C00066000%2CUBER261009C00067000%2CUBER261009C00068000%2CUBER261009C00069000%2CUBER261009C00070000%2CUBER261009C00071000%2CUBER261009C00072000%2CUBER261009C00073000%2CUBER261009C00074000%2CUBER261009C00075000%2CUBER261009C00076000%2CUBER261009C00077000%2CUBER261009C00078000%2CUBER261009C00079000%2CUBER261009C00080000%2CUBER261009C00081000%2CUBER261009C00082000%2CUBER261009C00083000%2CUBER261009C00084000%2CUBER261009C00085000%2CUBER261009C00086000%2CUBER261009C00087000%2CUBER261009C00088000%2CUBER261009C00089000%2CUBER261009C00090000%2CUBER261009C00091000%2CUBER261009C00095000%2CUBER261009C00100000%2CUBER261009C00105000%2CUBER261009P00050000%2CUBER261009P00055000%2CUBER261009P00057000%2CUBER261009P00058000%2CUBER261009P00059000%2CUBER261009P00060000%2CUBER261009P00061000%2CUBER261009P00062000%2CUBER261009P00063000%2CUBER261009P00064000&greeks=true'
For more information check: https://developer.mozilla.org/en-US/docs/Web/HTTP/Status/401
2026-10-06T11:19:10 | WARNING  | app.scanning.alpaca_confirmer | AlpacaConfirmer: cannot fetch chain for AMZN 2026-10-09: Client error '401 Unauthorized' for url 'https://api.tradier.com/v1/markets/quotes?symbols=AMZN261009C00140000%2CAMZN261009C00145000%2CAMZN261009C00150000%2CAMZN261009C00155000%2CAMZN261009C00160000%2CAMZN261009C00165000%2CAMZN261009C00170000%2CAMZN261009C00175000%2CAMZN261009C00180000%2CAMZN261009C00185000%2CAMZN261009C00190000%2CAMZN261009C00195000%2CAMZN261009C00200000%2CAMZN261009C00205000%2CAMZN261009C00210000%2CAMZN261009C00215000%2CAMZN261009C00220000%2CAMZN261009C00222500%2CAMZN261009C00225000%2CAMZN261009C00227500%2CAMZN261009C00230000%2CAMZN261009C00232500%2CAMZN261009C00235000%2CAMZN261009C00237500%2CAMZN261009C00240000%2CAMZN261009C00242500%2CAMZN261009C00245000%2CAMZN261009C00247500%2CAMZN261009C00250000%2CAMZN261009C00252500%2CAMZN261009C00255000%2CAMZN261009C00257500%2CAMZN261009C00260000%2CAMZN261009C00262500%2CAMZN261009C00265000%2CAMZN261009C00267500%2CAMZN261009C00270000%2CAMZN261009C00272500%2CAMZN261009C00275000%2CAMZN261009C00277500%2CAMZN261009C00280000%2CAMZN261009C00285000%2CAMZN261009C00290000%2CAMZN261009C00295000%2CAMZN261009C00300000%2CAMZN261009C00305000%2CAMZN261009C00310000%2CAMZN261009C00315000%2CAMZN261009C00320000%2CAMZN261009C00325000&greeks=true'
For more information check: https://developer.mozilla.org/en-US/docs/Web/HTTP/Status/401
2026-10-06T11:19:10 | WARNING  | app.scanning.alpaca_confirmer | AlpacaConfirmer: cannot fetch chain for RIVN 2026-10-09: Client error '401 Unauthorized' for url 'https://api.tradier.com/v1/markets/quotes?symbols=RIVN261009C00005000%2CRIVN261009C00009000%2CRIVN261009C00010000%2CRIVN261009C00010500%2CRIVN261009C00011000%2CRIVN261009C00011500%2CRIVN261009C00012000%2CRIVN261009C00012500%2CRIVN261009C00013000%2CRIVN261009C00013500%2CRIVN261009C00014000%2CRIVN261009C00014500%2CRIVN261009C00015000%2CRIVN261009C00015500%2CRIVN261009C00016000%2CRIVN261009C00016500%2CRIVN261009C00017000%2CRIVN261009C00017500%2CRIVN261009C00018000%2CRIVN261009C00018500%2CRIVN261009C00019000%2CRIVN261009C00019500%2CRIVN261009C00020000%2CRIVN261009C00020500%2CRIVN261009C00021000%2CRIVN261009C00021500%2CRIVN261009C00022000%2CRIVN261009C00023000%2CRIVN261009C00024000%2CRIVN261009C00025000%2CRIVN261009C00030000%2CRIVN261009P00005000%2CRIVN261009P00009000%2CRIVN261009P00010000%2CRIVN261009P00010500%2CRIVN261009P00011000%2CRIVN261009P00011500%2CRIVN261009P00012000%2CRIVN261009P00012500%2CRIVN261009P00013000%2CRIVN261009P00013500%2CRIVN261009P00014000%2CRIVN261009P00014500%2CRIVN261009P00015000%2CRIVN261009P00015500%2CRIVN261009P00016000%2CRIVN261009P00016500%2CRIVN261009P00017000%2CRIVN261009P00017500%2CRIVN261009P00018000&greeks=true'
For more information check: https://developer.mozilla.org/en-US/docs/Web/HTTP/Status/401
2026-10-06T11:19:10 | WARNING  | app.scanning.alpaca_confirmer | AlpacaConfirmer: cannot fetch chain for GOOGL 2026-10-09: Client error '401 Unauthorized' for url 'https://api.tradier.com/v1/markets/quotes?symbols=GOOGL261009C00100000%2CGOOGL261009C00105000%2CGOOGL261009C00110000%2CGOOGL261009C00115000%2CGOOGL261009C00120000%2CGOOGL261009C00125000%2CGOOGL261009C00130000%2CGOOGL261009C00135000%2CGOOGL261009C00140000%2CGOOGL261009C00145000%2CGOOGL261009C00150000%2CGOOGL261009C00155000%2CGOOGL261009C00160000%2CGOOGL261009C00165000%2CGOOGL261009C00170000%2CGOOGL261009C00175000%2CGOOGL261009C00180000%2CGOOGL261009C00185000%2CGOOGL261009C00190000%2CGOOGL261009C00195000%2CGOOGL261009C00200000%2CGOOGL261009C00205000%2CGOOGL261009C00210000%2CGOOGL261009C00215000%2CGOOGL261009C00220000%2CGOOGL261009C00225000%2CGOOGL261009C00230000%2CGOOGL261009C00235000%2CGOOGL261009C00240000%2CGOOGL261009C00245000%2CGOOGL261009C00250000%2CGOOGL261009C00255000%2CGOOGL261009C00260000%2CGOOGL261009C00265000%2CGOOGL261009C00270000%2CGOOGL261009C00275000%2CGOOGL261009C00280000%2CGOOGL261009C00285000%2CGOOGL261009C00290000%2CGOOGL261009C00295000%2CGOOGL261009C00300000%2CGOOGL261009C00305000%2CGOOGL261009C00307500%2CGOOGL261009C00310000%2CGOOGL261009C00312500%2CGOOGL261009C00315000%2CGOOGL261009C00317500%2CGOOGL261009C00320000%2CGOOGL261009C00322500%2CGOOGL261009C00325000&greeks=true'
For more information check: https://developer.mozilla.org/en-US/docs/Web/HTTP/Status/401
2026-10-06T11:19:10 | WARNING  | app.scanning.alpaca_confirmer | AlpacaConfirmer: cannot fetch chain for IWM 2026-10-08: Client error '401 Unauthorized' for url 'https://api.tradier.com/v1/markets/quotes?symbols=IWM261008C00180000%2CIWM261008C00190000%2CIWM261008C00200000%2CIWM261008C00205000%2CIWM261008C00210000%2CIWM261008C00215000%2CIWM261008C00220000%2CIWM261008C00225000%2CIWM261008C00230000%2CIWM261008C00235000%2CIWM261008C00240000%2CIWM261008C00245000%2CIWM261008C00250000%2CIWM261008C00255000%2CIWM261008C00260000%2CIWM261008C00261000%2CIWM261008C00262000%2CIWM261008C00263000%2CIWM261008C00264000%2CIWM261008C00265000%2CIWM261008C00266000%2CIWM261008C00267000%2CIWM261008C00268000%2CIWM261008C00269000%2CIWM261008C00270000%2CIWM261008C00271000%2CIWM261008C00272000%2CIWM261008C00273000%2CIWM261008C00274000%2CIWM261008C00275000%2CIWM261008C00276000%2CIWM261008C00277000%2CIWM261008C00278000%2CIWM261008C00279000%2CIWM261008C00280000%2CIWM261008C00281000%2CIWM261008C00282000%2CIWM261008C00283000%2CIWM261008C00284000%2CIWM261008C00285000%2CIWM261008C00286000%2CIWM261008C00287000%2CIWM261008C00288000%2CIWM261008C00289000%2CIWM261008C00290000%2CIWM261008C00291000%2CIWM261008C00292000%2CIWM261008C00293000%2CIWM261008C00294000%2CIWM261008C00295000&greeks=true'
For more information check: https://developer.mozilla.org/en-US/docs/Web/HTTP/Status/401
2026-10-06T11:19:10 | WARNING  | app.scanning.alpaca_confirmer | AlpacaConfirmer: cannot fetch chain for AMD 2026-10-09: Client error '401 Unauthorized' for url 'https://api.tradier.com/v1/markets/quotes?symbols=AMD261009C00040000%2CAMD261009C00045000%2CAMD261009C00050000%2CAMD261009C00055000%2CAMD261009C00060000%2CAMD261009C00065000%2CAMD261009C00070000%2CAMD261009C00075000%2CAMD261009C00080000%2CAMD261009C00085000%2CAMD261009C00090000%2CAMD261009C00095000%2CAMD261009C00100000%2CAMD261009C00105000%2CAMD261009C00110000%2CAMD261009C00115000%2CAMD261009C00120000%2CAMD261009C00125000%2CAMD261009C00130000%2CAMD261009C00135000%2CAMD261009C00140000%2CAMD261009C00145000%2CAMD261009C00150000%2CAMD261009C00155000%2CAMD261009C00160000%2CAMD261009C00165000%2CAMD261009C00170000%2CAMD261009C00175000%2CAMD261009C00180000%2CAMD261009C00185000%2CAMD261009C00190000%2CAMD261009C00195000%2CAMD261009C00200000%2CAMD261009C00205000%2CAMD261009C00210000%2CAMD261009C00215000%2CAMD261009C00220000%2CAMD261009C00225000%2CAMD261009C00230000%2CAMD261009C00235000%2CAMD261009C00240000%2CAMD261009C00245000%2CAMD261009C00250000%2CAMD261009C00255000%2CAMD261009C00260000%2CAMD261009C00265000%2CAMD261009C00270000%2CAMD261009C00275000%2CAMD261009C00280000%2CAMD261009C00285000&greeks=true'
For more information check: https://developer.mozilla.org/en-US/docs/Web/HTTP/Status/401
2026-10-06T11:19:10 | WARNING  | app.scanning.alpaca_confirmer | AlpacaConfirmer: cannot fetch chain for SPY 2026-10-08: Client error '401 Unauthorized' for url 'https://api.tradier.com/v1/markets/quotes?symbols=SPY261008C00550000%2CSPY261008C00555000%2CSPY261008C00560000%2CSPY261008C00565000%2CSPY261008C00570000%2CSPY261008C00575000%2CSPY261008C00580000%2CSPY261008C00585000%2CSPY261008C00590000%2CSPY261008C00595000%2CSPY261008C00600000%2CSPY261008C00605000%2CSPY261008C00610000%2CSPY261008C00615000%2CSPY261008C00620000%2CSPY261008C00625000%2CSPY261008C00630000%2CSPY261008C00635000%2CSPY261008C00640000%2CSPY261008C00645000%2CSPY261008C00650000%2CSPY261008C00655000%2CSPY261008C00660000%2CSPY261008C00665000%2CSPY261008C00670000%2CSPY261008C00675000%2CSPY261008C00680000%2CSPY261008C00685000%2CSPY261008C00690000%2CSPY261008C00695000%2CSPY261008C00700000%2CSPY261008C00705000%2CSPY261008C00710000%2CSPY261008C00715000%2CSPY261008C00720000%2CSPY261008C00723000%2CSPY261008C00724000%2CSPY261008C00725000%2CSPY261008C00726000%2CSPY261008C00727000%2CSPY261008C00728000%2CSPY261008C00729000%2CSPY261008C00730000%2CSPY261008C00731000%2CSPY261008C00732000%2CSPY261008C00733000%2CSPY261008C00734000%2CSPY261008C00735000%2CSPY261008C00736000%2CSPY261008C00737000&greeks=true'
For more information check: https://developer.mozilla.org/en-US/docs/Web/HTTP/Status/401
2026-10-06T11:19:10 | WARNING  | app.scanning.alpaca_confirmer | AlpacaConfirmer: cannot fetch chain for XLE 2026-10-09: Client error '401 Unauthorized' for url 'https://api.tradier.com/v1/markets/quotes?symbols=XLE261009C00035000%2CXLE261009C00040000%2CXLE261009C00045000%2CXLE261009C00050000%2CXLE261009C00051000%2CXLE261009C00052000%2CXLE261009C00053000%2CXLE261009C00054000%2CXLE261009C00055000%2CXLE261009C00056000%2CXLE261009C00056500%2CXLE261009C00057000%2CXLE261009C00057500%2CXLE261009C00058000%2CXLE261009C00058500%2CXLE261009C00059000%2CXLE261009C00059500%2CXLE261009C00060000%2CXLE261009C00060500%2CXLE261009C00061000%2CXLE261009C00061500%2CXLE261009C00062000%2CXLE261009C00062500%2CXLE261009C00063000%2CXLE261009C00063500%2CXLE261009C00064000%2CXLE261009C00064500%2CXLE261009C00065000%2CXLE261009C00065500%2CXLE261009C00066000%2CXLE261009C00066500%2CXLE261009C00067000%2CXLE261009C00067500%2CXLE261009C00068000%2CXLE261009C00068500%2CXLE261009C00069000%2CXLE261009C00070000%2CXLE261009C00071000%2CXLE261009C00075000%2CXLE261009C00080000%2CXLE261009P00035000%2CXLE261009P00040000%2CXLE261009P00045000%2CXLE261009P00050000%2CXLE261009P00051000%2CXLE261009P00052000%2CXLE261009P00053000%2CXLE261009P00054000%2CXLE261009P00055000%2CXLE261009P00056000&greeks=true'
For more information check: https://developer.mozilla.org/en-US/docs/Web/HTTP/Status/401
2026-10-06T11:19:10 | WARNING  | app.scanning.alpaca_confirmer | AlpacaConfirmer: cannot fetch chain for AVGO 2026-10-09: Client error '401 Unauthorized' for url 'https://api.tradier.com/v1/markets/quotes?symbols=AVGO261009C00210000%2CAVGO261009C00215000%2CAVGO261009C00220000%2CAVGO261009C00225000%2CAVGO261009C00230000%2CAVGO261009C00235000%2CAVGO261009C00240000%2CAVGO261009C00245000%2CAVGO261009C00250000%2CAVGO261009C00255000%2CAVGO261009C00260000%2CAVGO261009C00265000%2CAVGO261009C00270000%2CAVGO261009C00275000%2CAVGO261009C00280000%2CAVGO261009C00285000%2CAVGO261009C00290000%2CAVGO261009C00295000%2CAVGO261009C00300000%2CAVGO261009C00305000%2CAVGO261009C00310000%2CAVGO261009C00315000%2CAVGO261009C00317500%2CAVGO261009C00320000%2CAVGO261009C00322500%2CAVGO261009C00325000%2CAVGO261009C00327500%2CAVGO261009C00330000%2CAVGO261009C00332500%2CAVGO261009C00335000%2CAVGO261009C00337500%2CAVGO261009C00340000%2CAVGO261009C00342500%2CAVGO261009C00345000%2CAVGO261009C00347500%2CAVGO261009C00350000%2CAVGO261009C00352500%2CAVGO261009C00355000%2CAVGO261009C00357500%2CAVGO261009C00360000%2CAVGO261009C00362500%2CAVGO261009C00365000%2CAVGO261009C00367500%2CAVGO261009C00370000%2CAVGO261009C00372500%2CAVGO261009C00375000%2CAVGO261009C00377500%2CAVGO261009C00380000%2CAVGO261009C00382500%2CAVGO261009C00385000&greeks=true'
For more information check: https://developer.mozilla.org/en-US/docs/Web/HTTP/Status/401
2026-10-06T11:19:10 | WARNING  | app.scanning.alpaca_confirmer | AlpacaConfirmer: cannot fetch chain for QQQ 2026-10-08: Client error '401 Unauthorized' for url 'https://api.tradier.com/v1/markets/quotes?symbols=QQQ261008C00500000%2CQQQ261008C00505000%2CQQQ261008C00510000%2CQQQ261008C00515000%2CQQQ261008C00520000%2CQQQ261008C00525000%2CQQQ261008C00530000%2CQQQ261008C00535000%2CQQQ261008C00540000%2CQQQ261008C00545000%2CQQQ261008C00550000%2CQQQ261008C00555000%2CQQQ261008C00560000%2CQQQ261008C00565000%2CQQQ261008C00570000%2CQQQ261008C00575000%2CQQQ261008C00580000%2CQQQ261008C00585000%2CQQQ261008C00590000%2CQQQ261008C00595000%2CQQQ261008C00600000%2CQQQ261008C00605000%2CQQQ261008C00610000%2CQQQ261008C00615000%2CQQQ261008C00620000%2CQQQ261008C00625000%2CQQQ261008C00630000%2CQQQ261008C00635000%2CQQQ261008C00640000%2CQQQ261008C00645000%2CQQQ261008C00650000%2CQQQ261008C00655000%2CQQQ261008C00660000%2CQQQ261008C00665000%2CQQQ261008C00670000%2CQQQ261008C00675000%2CQQQ261008C00680000%2CQQQ261008C00685000%2CQQQ261008C00690000%2CQQQ261008C00691000%2CQQQ261008C00692000%2CQQQ261008C00693000%2CQQQ261008C00694000%2CQQQ261008C00695000%2CQQQ261008C00696000%2CQQQ261008C00697000%2CQQQ261008C00698000%2CQQQ261008C00699000%2CQQQ261008C00700000%2CQQQ261008C00701000&greeks=true'
For more information check: https://developer.mozilla.org/en-US/docs/Web/HTTP/Status/401
2026-10-06T11:19:10 | WARNING  | app.scanning.alpaca_confirmer | AlpacaConfirmer: cannot fetch chain for RIOT 2026-10-09: Client error '401 Unauthorized' for url 'https://api.tradier.com/v1/markets/quotes?symbols=RIOT261009C00008000%2CRIOT261009C00009000%2CRIOT261009C00010000%2CRIOT261009C00011000%2CRIOT261009C00012000%2CRIOT261009C00013000%2CRIOT261009C00014000%2CRIOT261009C00015000%2CRIOT261009C00016000%2CRIOT261009C00017000%2CRIOT261009C00017500%2CRIOT261009C00018000%2CRIOT261009C00018500%2CRIOT261009C00019000%2CRIOT261009C00019500%2CRIOT261009C00020000%2CRIOT261009C00020500%2CRIOT261009C00021000%2CRIOT261009C00021500%2CRIOT261009C00022000%2CRIOT261009C00022500%2CRIOT261009C00023000%2CRIOT261009C00023500%2CRIOT261009C00024000%2CRIOT261009C00024500%2CRIOT261009C00025000%2CRIOT261009C00025500%2CRIOT261009C00026000%2CRIOT261009C00026500%2CRIOT261009C00027000%2CRIOT261009C00027500%2CRIOT261009C00028000%2CRIOT261009C00028500%2CRIOT261009C00029000%2CRIOT261009C00029500%2CRIOT261009C00030000%2CRIOT261009C00031000%2CRIOT261009C00032000%2CRIOT261009C00033000%2CRIOT261009C00034000%2CRIOT261009C00035000%2CRIOT261009P00008000%2CRIOT261009P00009000%2CRIOT261009P00010000%2CRIOT261009P00011000%2CRIOT261009P00012000%2CRIOT261009P00013000%2CRIOT261009P00014000%2CRIOT261009P00015000%2CRIOT261009P00016000&greeks=true'
For more information check: https://developer.mozilla.org/en-US/docs/Web/HTTP/Status/401
2026-10-06T11:19:10 | INFO     | session_runner | AlpacaConfirmer: 0 confirmed symbols: []
2026-10-06T11:19:10 | WARNING  | session_runner | Re-scan returned no confirmed symbols — falling back to ['SPY']
2026-10-06T11:19:11 | INFO     | session_runner | Broad-market regime | SPY=long
2026-10-06T11:19:11 | INFO     | session_runner | [bridge:SPY] rsi_trend ready: sufficient bars
2026-10-06T11:19:11 | INFO     | session_runner | Stale signal: SPY/orb age=89 min > max 10 min — skipped
2026-10-06T11:19:11 | INFO     | session_runner | Stale signal: SPY/vwap_reclaim age=34 min > max 10 min — skipped
2026-10-06T11:19:11 | INFO     | session_runner | Stale signal: SPY/vwap_reclaim age=94 min > max 10 min — skipped
2026-10-06T11:19:41 | INFO     | session_runner | [cycle 212] 11:19:41 ET | positions=0 | entries=0
2026-10-06T11:19:41 | INFO     | session_runner | [bridge:SPY] rsi_trend ready: sufficient bars
2026-10-06T11:19:41 | INFO     | session_runner | Stale signal: SPY/orb age=90 min > max 10 min — skipped
2026-10-06T11:19:41 | INFO     | session_runner | Stale signal: SPY/vwap_reclaim age=35 min > max 10 min — skipped
2026-10-06T11:19:41 | INFO     | session_runner | Stale signal: SPY/vwap_reclaim age=95 min > max 10 min — skipped
2026-10-06T11:20:11 | INFO     | session_runner | [cycle 213] 11:20:11 ET | positions=0 | entries=0
2026-10-06T11:20:12 | INFO     | session_runner | [bridge:SPY] rsi_trend ready: sufficient bars
2026-10-06T11:20:12 | INFO     | session_runner | Stale signal: SPY/orb age=90 min > max 10 min — skipped
2026-10-06T11:20:12 | INFO     | session_runner | Stale signal: SPY/vwap_reclaim age=35 min > max 10 min — skipped
2026-10-06T11:20:12 | INFO     | session_runner | Stale signal: SPY/vwap_reclaim age=95 min > max 10 min — skipped
2026-10-06T11:20:42 | INFO     | session_runner | [cycle 214] 11:20:42 ET | positions=0 | entries=0
2026-10-06T11:20:42 | INFO     | session_runner | [bridge:SPY] rsi_trend ready: sufficient bars
2026-10-06T11:20:42 | INFO     | session_runner | Stale signal: SPY/orb age=91 min > max 10 min — skipped
2026-10-06T11:20:42 | INFO     | session_runner | Stale signal: SPY/vwap_reclaim age=36 min > max 10 min — skipped
2026-10-06T11:20:42 | INFO     | session_runner | Stale signal: SPY/vwap_reclaim age=96 min > max 10 min — skipped
2026-10-06T11:21:12 | INFO     | session_runner | [cycle 215] 11:21:12 ET | positions=0 | entries=0
2026-10-06T11:21:12 | INFO     | session_runner | [bridge:SPY] rsi_trend ready: sufficient bars
2026-10-06T11:21:12 | INFO     | session_runner | Stale signal: SPY/orb age=91 min > max 10 min — skipped
2026-10-06T11:21:12 | INFO     | session_runner | Stale signal: SPY/vwap_reclaim age=36 min > max 10 min — skipped
2026-10-06T11:21:12 | INFO     | session_runner | Stale signal: SPY/vwap_reclaim age=96 min > max 10 min — skipped
2026-10-06T11:21:42 | INFO     | session_runner | [cycle 216] 11:21:42 ET | positions=0 | entries=0
2026-10-06T11:21:43 | INFO     | session_runner | [bridge:SPY] rsi_trend ready: sufficient bars
2026-10-06T11:21:43 | INFO     | session_runner | Stale signal: SPY/orb age=92 min > max 10 min — skipped
2026-10-06T11:21:43 | INFO     | session_runner | Stale signal: SPY/vwap_reclaim age=37 min > max 10 min — skipped
2026-10-06T11:21:43 | INFO     | session_runner | Stale signal: SPY/vwap_reclaim age=97 min > max 10 min — skipped
2026-10-06T11:22:13 | INFO     | session_runner | [cycle 217] 11:22:13 ET | positions=0 | entries=0
2026-10-06T11:22:13 | INFO     | session_runner | [bridge:SPY] rsi_trend ready: sufficient bars
2026-10-06T11:22:13 | INFO     | session_runner | Stale signal: SPY/orb age=92 min > max 10 min — skipped
2026-10-06T11:22:13 | INFO     | session_runner | Stale signal: SPY/vwap_reclaim age=37 min > max 10 min — skipped
2026-10-06T11:22:13 | INFO     | session_runner | Stale signal: SPY/vwap_reclaim age=97 min > max 10 min — skipped
2026-10-06T11:22:43 | INFO     | session_runner | [cycle 218] 11:22:43 ET | positions=0 | entries=0
2026-10-06T11:22:43 | INFO     | session_runner | [bridge:SPY] rsi_trend ready: sufficient bars
2026-10-06T11:22:43 | INFO     | session_runner | Stale signal: SPY/orb age=93 min > max 10 min — skipped
2026-10-06T11:22:43 | INFO     | session_runner | Stale signal: SPY/vwap_reclaim age=38 min > max 10 min — skipped
2026-10-06T11:22:43 | INFO     | session_runner | Stale signal: SPY/vwap_reclaim age=98 min > max 10 min — skipped
2026-10-06T11:23:13 | INFO     | session_runner | [cycle 219] 11:23:13 ET | positions=0 | entries=0
2026-10-06T11:23:14 | INFO     | session_runner | [bridge:SPY] rsi_trend ready: sufficient bars
2026-10-06T11:23:14 | INFO     | session_runner | Stale signal: SPY/orb age=93 min > max 10 min — skipped
2026-10-06T11:23:14 | INFO     | session_runner | Stale signal: SPY/vwap_reclaim age=38 min > max 10 min — skipped
2026-10-06T11:23:14 | INFO     | session_runner | Stale signal: SPY/vwap_reclaim age=98 min > max 10 min — skipped
2026-10-06T11:23:44 | INFO     | session_runner | [cycle 220] 11:23:44 ET | positions=0 | entries=0
2026-10-06T11:23:44 | INFO     | session_runner | [bridge:SPY] rsi_trend ready: sufficient bars
2026-10-06T11:23:44 | INFO     | session_runner | Stale signal: SPY/orb age=94 min > max 10 min — skipped
2026-10-06T11:23:44 | INFO     | session_runner | Stale signal: SPY/vwap_reclaim age=39 min > max 10 min — skipped
2026-10-06T11:23:44 | INFO     | session_runner | Stale signal: SPY/vwap_reclaim age=99 min > max 10 min — skipped
2026-10-06T11:24:14 | INFO     | session_runner | [cycle 221] 11:24:14 ET | positions=0 | entries=0
2026-10-06T11:24:14 | INFO     | app.trading.reconciler | Reconciliation done: broker_pos=0 local_pos=0 broker_orders=0 local_pending=0 repaired=0 flagged=0 orders_confirmed=True positions_confirmed=True
2026-10-06T11:24:14 | INFO     | session_runner | Periodic universe re-scan …
2026-10-06T11:24:14 | INFO     | app.scanning.universe_loader | UniverseLoader: loaded 5 groups (13 flat symbols) from config/ticker_universe.yaml (blacklist=0)
2026-10-06T11:24:14 | INFO     | app.scanning.universe_loader | UniverseLoader: 38 symbols from 4 group(s) (blacklist=0)
2026-10-06T11:24:14 | INFO     | session_runner | Universe scan: 38 symbols from 4 group(s) | max_active=6
2026-10-06T11:24:19 | INFO     | session_runner | Scan: 19 passed, 19 rejected
2026-10-06T11:24:19 | INFO     | session_runner |   AVGO    score=77.0  signal=LONG     reasons: rvol=2.43x (high), atr=2.87% (wide-range), orb_breakout
2026-10-06T11:24:19 | INFO     | session_runner |   XLE     score=75.0  signal=LONG     reasons: rvol=1.27x (normal), atr=1.83% (wide-range), orb_breakout
2026-10-06T11:24:19 | INFO     | session_runner |   AMD     score=75.0  signal=LONG     reasons: rvol=1.58x (elevated), atr=3.55% (wide-range), orb_breakout
2026-10-06T11:24:19 | INFO     | session_runner |   UBER    score=75.0  signal=SHORT    reasons: rvol=1.25x (normal), atr=2.20% (wide-range), orb_breakdown
2026-10-06T11:24:19 | INFO     | session_runner |   AMZN    score=67.0  signal=LONG     reasons: rvol=1.29x (normal), atr=1.99% (wide-range), orb_breakout
2026-10-06T11:24:20 | WARNING  | app.scanning.alpaca_confirmer | AlpacaConfirmer: cannot fetch chain for UBER 2026-10-09: Client error '401 Unauthorized' for url 'https://api.tradier.com/v1/markets/quotes?symbols=UBER261009C00050000%2CUBER261009C00055000%2CUBER261009C00057000%2CUBER261009C00058000%2CUBER261009C00059000%2CUBER261009C00060000%2CUBER261009C00061000%2CUBER261009C00062000%2CUBER261009C00063000%2CUBER261009C00064000%2CUBER261009C00065000%2CUBER261009C00066000%2CUBER261009C00067000%2CUBER261009C00068000%2CUBER261009C00069000%2CUBER261009C00070000%2CUBER261009C00071000%2CUBER261009C00072000%2CUBER261009C00073000%2CUBER261009C00074000%2CUBER261009C00075000%2CUBER261009C00076000%2CUBER261009C00077000%2CUBER261009C00078000%2CUBER261009C00079000%2CUBER261009C00080000%2CUBER261009C00081000%2CUBER261009C00082000%2CUBER261009C00083000%2CUBER261009C00084000%2CUBER261009C00085000%2CUBER261009C00086000%2CUBER261009C00087000%2CUBER261009C00088000%2CUBER261009C00089000%2CUBER261009C00090000%2CUBER261009C00091000%2CUBER261009C00095000%2CUBER261009C00100000%2CUBER261009C00105000%2CUBER261009P00050000%2CUBER261009P00055000%2CUBER261009P00057000%2CUBER261009P00058000%2CUBER261009P00059000%2CUBER261009P00060000%2CUBER261009P00061000%2CUBER261009P00062000%2CUBER261009P00063000%2CUBER261009P00064000&greeks=true'
For more information check: https://developer.mozilla.org/en-US/docs/Web/HTTP/Status/401
2026-10-06T11:24:20 | WARNING  | app.scanning.alpaca_confirmer | AlpacaConfirmer: cannot fetch chain for AMD 2026-10-09: Client error '401 Unauthorized' for url 'https://api.tradier.com/v1/markets/quotes?symbols=AMD261009C00040000%2CAMD261009C00045000%2CAMD261009C00050000%2CAMD261009C00055000%2CAMD261009C00060000%2CAMD261009C00065000%2CAMD261009C00070000%2CAMD261009C00075000%2CAMD261009C00080000%2CAMD261009C00085000%2CAMD261009C00090000%2CAMD261009C00095000%2CAMD261009C00100000%2CAMD261009C00105000%2CAMD261009C00110000%2CAMD261009C00115000%2CAMD261009C00120000%2CAMD261009C00125000%2CAMD261009C00130000%2CAMD261009C00135000%2CAMD261009C00140000%2CAMD261009C00145000%2CAMD261009C00150000%2CAMD261009C00155000%2CAMD261009C00160000%2CAMD261009C00165000%2CAMD261009C00170000%2CAMD261009C00175000%2CAMD261009C00180000%2CAMD261009C00185000%2CAMD261009C00190000%2CAMD261009C00195000%2CAMD261009C00200000%2CAMD261009C00205000%2CAMD261009C00210000%2CAMD261009C00215000%2CAMD261009C00220000%2CAMD261009C00225000%2CAMD261009C00230000%2CAMD261009C00235000%2CAMD261009C00240000%2CAMD261009C00245000%2CAMD261009C00250000%2CAMD261009C00255000%2CAMD261009C00260000%2CAMD261009C00265000%2CAMD261009C00270000%2CAMD261009C00275000%2CAMD261009C00280000%2CAMD261009C00285000&greeks=true'
For more information check: https://developer.mozilla.org/en-US/docs/Web/HTTP/Status/401
2026-10-06T11:24:20 | WARNING  | app.scanning.alpaca_confirmer | AlpacaConfirmer: cannot fetch chain for AVGO 2026-10-09: Client error '401 Unauthorized' for url 'https://api.tradier.com/v1/markets/quotes?symbols=AVGO261009C00210000%2CAVGO261009C00215000%2CAVGO261009C00220000%2CAVGO261009C00225000%2CAVGO261009C00230000%2CAVGO261009C00235000%2CAVGO261009C00240000%2CAVGO261009C00245000%2CAVGO261009C00250000%2CAVGO261009C00255000%2CAVGO261009C00260000%2CAVGO261009C00265000%2CAVGO261009C00270000%2CAVGO261009C00275000%2CAVGO261009C00280000%2CAVGO261009C00285000%2CAVGO261009C00290000%2CAVGO261009C00295000%2CAVGO261009C00300000%2CAVGO261009C00305000%2CAVGO261009C00310000%2CAVGO261009C00315000%2CAVGO261009C00317500%2CAVGO261009C00320000%2CAVGO261009C00322500%2CAVGO261009C00325000%2CAVGO261009C00327500%2CAVGO261009C00330000%2CAVGO261009C00332500%2CAVGO261009C00335000%2CAVGO261009C00337500%2CAVGO261009C00340000%2CAVGO261009C00342500%2CAVGO261009C00345000%2CAVGO261009C00347500%2CAVGO261009C00350000%2CAVGO261009C00352500%2CAVGO261009C00355000%2CAVGO261009C00357500%2CAVGO261009C00360000%2CAVGO261009C00362500%2CAVGO261009C00365000%2CAVGO261009C00367500%2CAVGO261009C00370000%2CAVGO261009C00372500%2CAVGO261009C00375000%2CAVGO261009C00377500%2CAVGO261009C00380000%2CAVGO261009C00382500%2CAVGO261009C00385000&greeks=true'
For more information check: https://developer.mozilla.org/en-US/docs/Web/HTTP/Status/401
2026-10-06T11:24:20 | WARNING  | app.scanning.alpaca_confirmer | AlpacaConfirmer: cannot fetch chain for QQQ 2026-10-08: Client error '401 Unauthorized' for url 'https://api.tradier.com/v1/markets/quotes?symbols=QQQ261008C00500000%2CQQQ261008C00505000%2CQQQ261008C00510000%2CQQQ261008C00515000%2CQQQ261008C00520000%2CQQQ261008C00525000%2CQQQ261008C00530000%2CQQQ261008C00535000%2CQQQ261008C00540000%2CQQQ261008C00545000%2CQQQ261008C00550000%2CQQQ261008C00555000%2CQQQ261008C00560000%2CQQQ261008C00565000%2CQQQ261008C00570000%2CQQQ261008C00575000%2CQQQ261008C00580000%2CQQQ261008C00585000%2CQQQ261008C00590000%2CQQQ261008C00595000%2CQQQ261008C00600000%2CQQQ261008C00605000%2CQQQ261008C00610000%2CQQQ261008C00615000%2CQQQ261008C00620000%2CQQQ261008C00625000%2CQQQ261008C00630000%2CQQQ261008C00635000%2CQQQ261008C00640000%2CQQQ261008C00645000%2CQQQ261008C00650000%2CQQQ261008C00655000%2CQQQ261008C00660000%2CQQQ261008C00665000%2CQQQ261008C00670000%2CQQQ261008C00675000%2CQQQ261008C00680000%2CQQQ261008C00685000%2CQQQ261008C00690000%2CQQQ261008C00691000%2CQQQ261008C00692000%2CQQQ261008C00693000%2CQQQ261008C00694000%2CQQQ261008C00695000%2CQQQ261008C00696000%2CQQQ261008C00697000%2CQQQ261008C00698000%2CQQQ261008C00699000%2CQQQ261008C00700000%2CQQQ261008C00701000&greeks=true'
For more information check: https://developer.mozilla.org/en-US/docs/Web/HTTP/Status/401
2026-10-06T11:24:20 | WARNING  | app.scanning.alpaca_confirmer | AlpacaConfirmer: cannot fetch chain for SPY 2026-10-08: Client error '401 Unauthorized' for url 'https://api.tradier.com/v1/markets/quotes?symbols=SPY261008C00550000%2CSPY261008C00555000%2CSPY261008C00560000%2CSPY261008C00565000%2CSPY261008C00570000%2CSPY261008C00575000%2CSPY261008C00580000%2CSPY261008C00585000%2CSPY261008C00590000%2CSPY261008C00595000%2CSPY261008C00600000%2CSPY261008C00605000%2CSPY261008C00610000%2CSPY261008C00615000%2CSPY261008C00620000%2CSPY261008C00625000%2CSPY261008C00630000%2CSPY261008C00635000%2CSPY261008C00640000%2CSPY261008C00645000%2CSPY261008C00650000%2CSPY261008C00655000%2CSPY261008C00660000%2CSPY261008C00665000%2CSPY261008C00670000%2CSPY261008C00675000%2CSPY261008C00680000%2CSPY261008C00685000%2CSPY261008C00690000%2CSPY261008C00695000%2CSPY261008C00700000%2CSPY261008C00705000%2CSPY261008C00710000%2CSPY261008C00715000%2CSPY261008C00720000%2CSPY261008C00723000%2CSPY261008C00724000%2CSPY261008C00725000%2CSPY261008C00726000%2CSPY261008C00727000%2CSPY261008C00728000%2CSPY261008C00729000%2CSPY261008C00730000%2CSPY261008C00731000%2CSPY261008C00732000%2CSPY261008C00733000%2CSPY261008C00734000%2CSPY261008C00735000%2CSPY261008C00736000%2CSPY261008C00737000&greeks=true'
For more information check: https://developer.mozilla.org/en-US/docs/Web/HTTP/Status/401
2026-10-06T11:24:20 | WARNING  | app.scanning.alpaca_confirmer | AlpacaConfirmer: cannot fetch chain for HOOD 2026-10-09: Client error '401 Unauthorized' for url 'https://api.tradier.com/v1/markets/quotes?symbols=HOOD261009C00025000%2CHOOD261009C00030000%2CHOOD261009C00035000%2CHOOD261009C00040000%2CHOOD261009C00045000%2CHOOD261009C00050000%2CHOOD261009C00055000%2CHOOD261009C00060000%2CHOOD261009C00065000%2CHOOD261009C00070000%2CHOOD261009C00075000%2CHOOD261009C00080000%2CHOOD261009C00085000%2CHOOD261009C00090000%2CHOOD261009C00091000%2CHOOD261009C00092000%2CHOOD261009C00093000%2CHOOD261009C00094000%2CHOOD261009C00095000%2CHOOD261009C00096000%2CHOOD261009C00097000%2CHOOD261009C00098000%2CHOOD261009C00099000%2CHOOD261009C00100000%2CHOOD261009C00101000%2CHOOD261009C00102000%2CHOOD261009C00103000%2CHOOD261009C00104000%2CHOOD261009C00105000%2CHOOD261009C00106000%2CHOOD261009C00107000%2CHOOD261009C00108000%2CHOOD261009C00109000%2CHOOD261009C00110000%2CHOOD261009C00111000%2CHOOD261009C00112000%2CHOOD261009C00113000%2CHOOD261009C00114000%2CHOOD261009C00115000%2CHOOD261009C00116000%2CHOOD261009C00117000%2CHOOD261009C00118000%2CHOOD261009C00119000%2CHOOD261009C00120000%2CHOOD261009C00121000%2CHOOD261009C00122000%2CHOOD261009C00123000%2CHOOD261009C00124000%2CHOOD261009C00125000%2CHOOD261009C00126000&greeks=true'
For more information check: https://developer.mozilla.org/en-US/docs/Web/HTTP/Status/401
2026-10-06T11:24:20 | WARNING  | app.scanning.alpaca_confirmer | AlpacaConfirmer: cannot fetch chain for AMZN 2026-10-09: Client error '401 Unauthorized' for url 'https://api.tradier.com/v1/markets/quotes?symbols=AMZN261009C00140000%2CAMZN261009C00145000%2CAMZN261009C00150000%2CAMZN261009C00155000%2CAMZN261009C00160000%2CAMZN261009C00165000%2CAMZN261009C00170000%2CAMZN261009C00175000%2CAMZN261009C00180000%2CAMZN261009C00185000%2CAMZN261009C00190000%2CAMZN261009C00195000%2CAMZN261009C00200000%2CAMZN261009C00205000%2CAMZN261009C00210000%2CAMZN261009C00215000%2CAMZN261009C00220000%2CAMZN261009C00222500%2CAMZN261009C00225000%2CAMZN261009C00227500%2CAMZN261009C00230000%2CAMZN261009C00232500%2CAMZN261009C00235000%2CAMZN261009C00237500%2CAMZN261009C00240000%2CAMZN261009C00242500%2CAMZN261009C00245000%2CAMZN261009C00247500%2CAMZN261009C00250000%2CAMZN261009C00252500%2CAMZN261009C00255000%2CAMZN261009C00257500%2CAMZN261009C00260000%2CAMZN261009C00262500%2CAMZN261009C00265000%2CAMZN261009C00267500%2CAMZN261009C00270000%2CAMZN261009C00272500%2CAMZN261009C00275000%2CAMZN261009C00277500%2CAMZN261009C00280000%2CAMZN261009C00285000%2CAMZN261009C00290000%2CAMZN261009C00295000%2CAMZN261009C00300000%2CAMZN261009C00305000%2CAMZN261009C00310000%2CAMZN261009C00315000%2CAMZN261009C00320000%2CAMZN261009C00325000&greeks=true'
For more information check: https://developer.mozilla.org/en-US/docs/Web/HTTP/Status/401
2026-10-06T11:24:20 | WARNING  | app.scanning.alpaca_confirmer | AlpacaConfirmer: cannot fetch chain for AAPL 2026-10-09: Client error '401 Unauthorized' for url 'https://api.tradier.com/v1/markets/quotes?symbols=AAPL261009C00110000%2CAAPL261009C00120000%2CAAPL261009C00125000%2CAAPL261009C00130000%2CAAPL261009C00135000%2CAAPL261009C00140000%2CAAPL261009C00145000%2CAAPL261009C00150000%2CAAPL261009C00155000%2CAAPL261009C00160000%2CAAPL261009C00165000%2CAAPL261009C00170000%2CAAPL261009C00175000%2CAAPL261009C00180000%2CAAPL261009C00185000%2CAAPL261009C00190000%2CAAPL261009C00195000%2CAAPL261009C00200000%2CAAPL261009C00205000%2CAAPL261009C00210000%2CAAPL261009C00215000%2CAAPL261009C00220000%2CAAPL261009C00225000%2CAAPL261009C00230000%2CAAPL261009C00235000%2CAAPL261009C00240000%2CAAPL261009C00245000%2CAAPL261009C00250000%2CAAPL261009C00255000%2CAAPL261009C00260000%2CAAPL261009C00265000%2CAAPL261009C00270000%2CAAPL261009C00275000%2CAAPL261009C00280000%2CAAPL261009C00285000%2CAAPL261009C00290000%2CAAPL261009C00295000%2CAAPL261009C00300000%2CAAPL261009C00302500%2CAAPL261009C00305000%2CAAPL261009C00307500%2CAAPL261009C00310000%2CAAPL261009C00312500%2CAAPL261009C00315000%2CAAPL261009C00317500%2CAAPL261009C00320000%2CAAPL261009C00322500%2CAAPL261009C00325000%2CAAPL261009C00327500%2CAAPL261009C00330000&greeks=true'
For more information check: https://developer.mozilla.org/en-US/docs/Web/HTTP/Status/401
2026-10-06T11:24:20 | WARNING  | app.scanning.alpaca_confirmer | AlpacaConfirmer: cannot fetch chain for GOOGL 2026-10-09: Client error '401 Unauthorized' for url 'https://api.tradier.com/v1/markets/quotes?symbols=GOOGL261009C00100000%2CGOOGL261009C00105000%2CGOOGL261009C00110000%2CGOOGL261009C00115000%2CGOOGL261009C00120000%2CGOOGL261009C00125000%2CGOOGL261009C00130000%2CGOOGL261009C00135000%2CGOOGL261009C00140000%2CGOOGL261009C00145000%2CGOOGL261009C00150000%2CGOOGL261009C00155000%2CGOOGL261009C00160000%2CGOOGL261009C00165000%2CGOOGL261009C00170000%2CGOOGL261009C00175000%2CGOOGL261009C00180000%2CGOOGL261009C00185000%2CGOOGL261009C00190000%2CGOOGL261009C00195000%2CGOOGL261009C00200000%2CGOOGL261009C00205000%2CGOOGL261009C00210000%2CGOOGL261009C00215000%2CGOOGL261009C00220000%2CGOOGL261009C00225000%2CGOOGL261009C00230000%2CGOOGL261009C00235000%2CGOOGL261009C00240000%2CGOOGL261009C00245000%2CGOOGL261009C00250000%2CGOOGL261009C00255000%2CGOOGL261009C00260000%2CGOOGL261009C00265000%2CGOOGL261009C00270000%2CGOOGL261009C00275000%2CGOOGL261009C00280000%2CGOOGL261009C00285000%2CGOOGL261009C00290000%2CGOOGL261009C00295000%2CGOOGL261009C00300000%2CGOOGL261009C00305000%2CGOOGL261009C00307500%2CGOOGL261009C00310000%2CGOOGL261009C00312500%2CGOOGL261009C00315000%2CGOOGL261009C00317500%2CGOOGL261009C00320000%2CGOOGL261009C00322500%2CGOOGL261009C00325000&greeks=true'
For more information check: https://developer.mozilla.org/en-US/docs/Web/HTTP/Status/401
2026-10-06T11:24:20 | WARNING  | app.scanning.alpaca_confirmer | AlpacaConfirmer: cannot fetch chain for IWM 2026-10-08: Client error '401 Unauthorized' for url 'https://api.tradier.com/v1/markets/quotes?symbols=IWM261008C00180000%2CIWM261008C00190000%2CIWM261008C00200000%2CIWM261008C00205000%2CIWM261008C00210000%2CIWM261008C00215000%2CIWM261008C00220000%2CIWM261008C00225000%2CIWM261008C00230000%2CIWM261008C00235000%2CIWM261008C00240000%2CIWM261008C00245000%2CIWM261008C00250000%2CIWM261008C00255000%2CIWM261008C00260000%2CIWM261008C00261000%2CIWM261008C00262000%2CIWM261008C00263000%2CIWM261008C00264000%2CIWM261008C00265000%2CIWM261008C00266000%2CIWM261008C00267000%2CIWM261008C00268000%2CIWM261008C00269000%2CIWM261008C00270000%2CIWM261008C00271000%2CIWM261008C00272000%2CIWM261008C00273000%2CIWM261008C00274000%2CIWM261008C00275000%2CIWM261008C00276000%2CIWM261008C00277000%2CIWM261008C00278000%2CIWM261008C00279000%2CIWM261008C00280000%2CIWM261008C00281000%2CIWM261008C00282000%2CIWM261008C00283000%2CIWM261008C00284000%2CIWM261008C00285000%2CIWM261008C00286000%2CIWM261008C00287000%2CIWM261008C00288000%2CIWM261008C00289000%2CIWM261008C00290000%2CIWM261008C00291000%2CIWM261008C00292000%2CIWM261008C00293000%2CIWM261008C00294000%2CIWM261008C00295000&greeks=true'
For more information check: https://developer.mozilla.org/en-US/docs/Web/HTTP/Status/401
2026-10-06T11:24:20 | WARNING  | app.scanning.alpaca_confirmer | AlpacaConfirmer: cannot fetch chain for XLE 2026-10-09: Client error '401 Unauthorized' for url 'https://api.tradier.com/v1/markets/quotes?symbols=XLE261009C00035000%2CXLE261009C00040000%2CXLE261009C00045000%2CXLE261009C00050000%2CXLE261009C00051000%2CXLE261009C00052000%2CXLE261009C00053000%2CXLE261009C00054000%2CXLE261009C00055000%2CXLE261009C00056000%2CXLE261009C00056500%2CXLE261009C00057000%2CXLE261009C00057500%2CXLE261009C00058000%2CXLE261009C00058500%2CXLE261009C00059000%2CXLE261009C00059500%2CXLE261009C00060000%2CXLE261009C00060500%2CXLE261009C00061000%2CXLE261009C00061500%2CXLE261009C00062000%2CXLE261009C00062500%2CXLE261009C00063000%2CXLE261009C00063500%2CXLE261009C00064000%2CXLE261009C00064500%2CXLE261009C00065000%2CXLE261009C00065500%2CXLE261009C00066000%2CXLE261009C00066500%2CXLE261009C00067000%2CXLE261009C00067500%2CXLE261009C00068000%2CXLE261009C00068500%2CXLE261009C00069000%2CXLE261009C00070000%2CXLE261009C00071000%2CXLE261009C00075000%2CXLE261009C00080000%2CXLE261009P00035000%2CXLE261009P00040000%2CXLE261009P00045000%2CXLE261009P00050000%2CXLE261009P00051000%2CXLE261009P00052000%2CXLE261009P00053000%2CXLE261009P00054000%2CXLE261009P00055000%2CXLE261009P00056000&greeks=true'
For more information check: https://developer.mozilla.org/en-US/docs/Web/HTTP/Status/401
2026-10-06T11:24:20 | WARNING  | app.scanning.alpaca_confirmer | AlpacaConfirmer: cannot fetch chain for MSFT 2026-10-09: Client error '401 Unauthorized' for url 'https://api.tradier.com/v1/markets/quotes?symbols=MSFT261009C00270000%2CMSFT261009C00280000%2CMSFT261009C00290000%2CMSFT261009C00300000%2CMSFT261009C00305000%2CMSFT261009C00310000%2CMSFT261009C00315000%2CMSFT261009C00320000%2CMSFT261009C00325000%2CMSFT261009C00330000%2CMSFT261009C00335000%2CMSFT261009C00340000%2CMSFT261009C00345000%2CMSFT261009C00350000%2CMSFT261009C00355000%2CMSFT261009C00360000%2CMSFT261009C00365000%2CMSFT261009C00370000%2CMSFT261009C00375000%2CMSFT261009C00380000%2CMSFT261009C00385000%2CMSFT261009C00390000%2CMSFT261009C00395000%2CMSFT261009C00400000%2CMSFT261009C00405000%2CMSFT261009C00410000%2CMSFT261009C00415000%2CMSFT261009C00420000%2CMSFT261009C00425000%2CMSFT261009C00430000%2CMSFT261009C00435000%2CMSFT261009C00440000%2CMSFT261009C00445000%2CMSFT261009C00450000%2CMSFT261009C00455000%2CMSFT261009C00457500%2CMSFT261009C00460000%2CMSFT261009C00462500%2CMSFT261009C00465000%2CMSFT261009C00467500%2CMSFT261009C00470000%2CMSFT261009C00472500%2CMSFT261009C00475000%2CMSFT261009C00477500%2CMSFT261009C00480000%2CMSFT261009C00482500%2CMSFT261009C00485000%2CMSFT261009C00487500%2CMSFT261009C00490000%2CMSFT261009C00492500&greeks=true'
For more information check: https://developer.mozilla.org/en-US/docs/Web/HTTP/Status/401
2026-10-06T11:24:20 | INFO     | session_runner | AlpacaConfirmer: 0 confirmed symbols: []
2026-10-06T11:24:20 | WARNING  | session_runner | Re-scan returned no confirmed symbols — falling back to ['SPY']
2026-10-06T11:24:20 | INFO     | session_runner | Broad-market regime | SPY=long
2026-10-06T11:24:20 | INFO     | session_runner | [bridge:SPY] rsi_trend ready: sufficient bars
2026-10-06T11:24:20 | INFO     | session_runner | Stale signal: SPY/orb age=94 min > max 10 min — skipped
2026-10-06T11:24:20 | INFO     | session_runner | Stale signal: SPY/vwap_reclaim age=39 min > max 10 min — skipped
2026-10-06T11:24:20 | INFO     | session_runner | Stale signal: SPY/vwap_reclaim age=99 min > max 10 min — skipped
2026-10-06T11:24:50 | INFO     | session_runner | [cycle 222] 11:24:50 ET | positions=0 | entries=0
2026-10-06T11:24:51 | INFO     | session_runner | [bridge:SPY] rsi_trend ready: sufficient bars
2026-10-06T11:24:51 | INFO     | session_runner | Stale signal: SPY/orb age=95 min > max 10 min — skipped
2026-10-06T11:24:51 | INFO     | session_runner | Stale signal: SPY/vwap_reclaim age=40 min > max 10 min — skipped
2026-10-06T11:24:51 | INFO     | session_runner | Stale signal: SPY/vwap_reclaim age=100 min > max 10 min — skipped
2026-10-06T11:25:21 | INFO     | session_runner | [cycle 223] 11:25:21 ET | positions=0 | entries=0
2026-10-06T11:25:21 | INFO     | session_runner | [bridge:SPY] rsi_trend ready: sufficient bars
2026-10-06T11:25:21 | INFO     | session_runner | Stale signal: SPY/orb age=95 min > max 10 min — skipped
2026-10-06T11:25:21 | INFO     | session_runner | Stale signal: SPY/vwap_reclaim age=40 min > max 10 min — skipped
2026-10-06T11:25:21 | INFO     | session_runner | Stale signal: SPY/vwap_reclaim age=100 min > max 10 min — skipped
2026-10-06T11:25:51 | INFO     | session_runner | [cycle 224] 11:25:51 ET | positions=0 | entries=0
2026-10-06T11:25:52 | INFO     | session_runner | [bridge:SPY] rsi_trend ready: sufficient bars
2026-10-06T11:25:52 | INFO     | session_runner | Stale signal: SPY/orb age=96 min > max 10 min — skipped
2026-10-06T11:25:52 | INFO     | session_runner | Stale signal: SPY/vwap_reclaim age=41 min > max 10 min — skipped
2026-10-06T11:25:52 | INFO     | session_runner | Stale signal: SPY/vwap_reclaim age=101 min > max 10 min — skipped
2026-10-06T11:26:22 | INFO     | session_runner | [cycle 225] 11:26:22 ET | positions=0 | entries=0
2026-10-06T11:26:22 | INFO     | session_runner | [bridge:SPY] rsi_trend ready: sufficient bars
2026-10-06T11:26:22 | INFO     | session_runner | Stale signal: SPY/orb age=96 min > max 10 min — skipped
2026-10-06T11:26:22 | INFO     | session_runner | Stale signal: SPY/vwap_reclaim age=41 min > max 10 min — skipped
2026-10-06T11:26:22 | INFO     | session_runner | Stale signal: SPY/vwap_reclaim age=101 min > max 10 min — skipped
2026-10-06T11:26:52 | INFO     | session_runner | [cycle 226] 11:26:52 ET | positions=0 | entries=0
2026-10-06T11:26:52 | INFO     | session_runner | [bridge:SPY] rsi_trend ready: sufficient bars
2026-10-06T11:26:52 | INFO     | session_runner | Stale signal: SPY/orb age=97 min > max 10 min — skipped
2026-10-06T11:26:52 | INFO     | session_runner | Stale signal: SPY/vwap_reclaim age=42 min > max 10 min — skipped
2026-10-06T11:26:52 | INFO     | session_runner | Stale signal: SPY/vwap_reclaim age=102 min > max 10 min — skipped
2026-10-06T11:27:22 | INFO     | session_runner | [cycle 227] 11:27:22 ET | positions=0 | entries=0
2026-10-06T11:27:23 | INFO     | session_runner | [bridge:SPY] rsi_trend ready: sufficient bars
2026-10-06T11:27:23 | INFO     | session_runner | Stale signal: SPY/orb age=97 min > max 10 min — skipped
2026-10-06T11:27:23 | INFO     | session_runner | Stale signal: SPY/vwap_reclaim age=42 min > max 10 min — skipped
2026-10-06T11:27:23 | INFO     | session_runner | Stale signal: SPY/vwap_reclaim age=102 min > max 10 min — skipped
2026-10-06T11:27:53 | INFO     | session_runner | [cycle 228] 11:27:53 ET | positions=0 | entries=0
2026-10-06T11:27:53 | INFO     | session_runner | [bridge:SPY] rsi_trend ready: sufficient bars
2026-10-06T11:27:53 | INFO     | session_runner | Stale signal: SPY/orb age=98 min > max 10 min — skipped
2026-10-06T11:27:53 | INFO     | session_runner | Stale signal: SPY/vwap_reclaim age=43 min > max 10 min — skipped
2026-10-06T11:27:53 | INFO     | session_runner | Stale signal: SPY/vwap_reclaim age=103 min > max 10 min — skipped
2026-10-06T11:28:23 | INFO     | session_runner | [cycle 229] 11:28:23 ET | positions=0 | entries=0
2026-10-06T11:28:24 | INFO     | session_runner | [bridge:SPY] rsi_trend ready: sufficient bars
2026-10-06T11:28:24 | INFO     | session_runner | Stale signal: SPY/orb age=98 min > max 10 min — skipped
2026-10-06T11:28:24 | INFO     | session_runner | Stale signal: SPY/vwap_reclaim age=43 min > max 10 min — skipped
2026-10-06T11:28:24 | INFO     | session_runner | Stale signal: SPY/vwap_reclaim age=103 min > max 10 min — skipped
2026-10-06T11:28:54 | INFO     | session_runner | [cycle 230] 11:28:54 ET | positions=0 | entries=0
2026-10-06T11:28:54 | INFO     | session_runner | [bridge:SPY] rsi_trend ready: sufficient bars
2026-10-06T11:28:54 | INFO     | session_runner | Stale signal: SPY/orb age=99 min > max 10 min — skipped
2026-10-06T11:28:54 | INFO     | session_runner | Stale signal: SPY/vwap_reclaim age=44 min > max 10 min — skipped
2026-10-06T11:28:54 | INFO     | session_runner | Stale signal: SPY/vwap_reclaim age=104 min > max 10 min — skipped
2026-10-06T11:29:24 | INFO     | session_runner | [cycle 231] 11:29:24 ET | positions=0 | entries=0
2026-10-06T11:29:24 | INFO     | session_runner | Periodic universe re-scan …
2026-10-06T11:29:24 | INFO     | app.scanning.universe_loader | UniverseLoader: loaded 5 groups (13 flat symbols) from config/ticker_universe.yaml (blacklist=0)
2026-10-06T11:29:24 | INFO     | app.scanning.universe_loader | UniverseLoader: 38 symbols from 4 group(s) (blacklist=0)
2026-10-06T11:29:24 | INFO     | session_runner | Universe scan: 38 symbols from 4 group(s) | max_active=6
2026-10-06T11:29:28 | INFO     | session_runner | Scan: 18 passed, 20 rejected
2026-10-06T11:29:28 | INFO     | session_runner |   AVGO    score=77.0  signal=LONG     reasons: rvol=2.40x (high), atr=2.88% (wide-range), orb_breakout
2026-10-06T11:29:28 | INFO     | session_runner |   XLE     score=75.0  signal=LONG     reasons: rvol=1.23x (normal), atr=1.84% (wide-range), orb_breakout
2026-10-06T11:29:28 | INFO     | session_runner |   AMD     score=75.0  signal=LONG     reasons: rvol=1.54x (elevated), atr=3.55% (wide-range), orb_breakout
2026-10-06T11:29:28 | INFO     | session_runner |   UBER    score=75.0  signal=SHORT    reasons: rvol=1.23x (normal), atr=2.19% (wide-range), orb_breakdown
2026-10-06T11:29:28 | INFO     | session_runner |   AMZN    score=67.0  signal=LONG     reasons: rvol=1.26x (normal), atr=1.99% (wide-range), orb_breakout
2026-10-06T11:29:29 | WARNING  | app.scanning.alpaca_confirmer | AlpacaConfirmer: cannot fetch chain for AMD 2026-10-09: Client error '401 Unauthorized' for url 'https://api.tradier.com/v1/markets/quotes?symbols=AMD261009C00040000%2CAMD261009C00045000%2CAMD261009C00050000%2CAMD261009C00055000%2CAMD261009C00060000%2CAMD261009C00065000%2CAMD261009C00070000%2CAMD261009C00075000%2CAMD261009C00080000%2CAMD261009C00085000%2CAMD261009C00090000%2CAMD261009C00095000%2CAMD261009C00100000%2CAMD261009C00105000%2CAMD261009C00110000%2CAMD261009C00115000%2CAMD261009C00120000%2CAMD261009C00125000%2CAMD261009C00130000%2CAMD261009C00135000%2CAMD261009C00140000%2CAMD261009C00145000%2CAMD261009C00150000%2CAMD261009C00155000%2CAMD261009C00160000%2CAMD261009C00165000%2CAMD261009C00170000%2CAMD261009C00175000%2CAMD261009C00180000%2CAMD261009C00185000%2CAMD261009C00190000%2CAMD261009C00195000%2CAMD261009C00200000%2CAMD261009C00205000%2CAMD261009C00210000%2CAMD261009C00215000%2CAMD261009C00220000%2CAMD261009C00225000%2CAMD261009C00230000%2CAMD261009C00235000%2CAMD261009C00240000%2CAMD261009C00245000%2CAMD261009C00250000%2CAMD261009C00255000%2CAMD261009C00260000%2CAMD261009C00265000%2CAMD261009C00270000%2CAMD261009C00275000%2CAMD261009C00280000%2CAMD261009C00285000&greeks=true'
For more information check: https://developer.mozilla.org/en-US/docs/Web/HTTP/Status/401
2026-10-06T11:29:29 | WARNING  | app.scanning.alpaca_confirmer | AlpacaConfirmer: cannot fetch chain for UBER 2026-10-09: Client error '401 Unauthorized' for url 'https://api.tradier.com/v1/markets/quotes?symbols=UBER261009C00050000%2CUBER261009C00055000%2CUBER261009C00057000%2CUBER261009C00058000%2CUBER261009C00059000%2CUBER261009C00060000%2CUBER261009C00061000%2CUBER261009C00062000%2CUBER261009C00063000%2CUBER261009C00064000%2CUBER261009C00065000%2CUBER261009C00066000%2CUBER261009C00067000%2CUBER261009C00068000%2CUBER261009C00069000%2CUBER261009C00070000%2CUBER261009C00071000%2CUBER261009C00072000%2CUBER261009C00073000%2CUBER261009C00074000%2CUBER261009C00075000%2CUBER261009C00076000%2CUBER261009C00077000%2CUBER261009C00078000%2CUBER261009C00079000%2CUBER261009C00080000%2CUBER261009C00081000%2CUBER261009C00082000%2CUBER261009C00083000%2CUBER261009C00084000%2CUBER261009C00085000%2CUBER261009C00086000%2CUBER261009C00087000%2CUBER261009C00088000%2CUBER261009C00089000%2CUBER261009C00090000%2CUBER261009C00091000%2CUBER261009C00095000%2CUBER261009C00100000%2CUBER261009C00105000%2CUBER261009P00050000%2CUBER261009P00055000%2CUBER261009P00057000%2CUBER261009P00058000%2CUBER261009P00059000%2CUBER261009P00060000%2CUBER261009P00061000%2CUBER261009P00062000%2CUBER261009P00063000%2CUBER261009P00064000&greeks=true'
For more information check: https://developer.mozilla.org/en-US/docs/Web/HTTP/Status/401
2026-10-06T11:29:29 | WARNING  | app.scanning.alpaca_confirmer | AlpacaConfirmer: cannot fetch chain for IWM 2026-10-08: Client error '401 Unauthorized' for url 'https://api.tradier.com/v1/markets/quotes?symbols=IWM261008C00180000%2CIWM261008C00190000%2CIWM261008C00200000%2CIWM261008C00205000%2CIWM261008C00210000%2CIWM261008C00215000%2CIWM261008C00220000%2CIWM261008C00225000%2CIWM261008C00230000%2CIWM261008C00235000%2CIWM261008C00240000%2CIWM261008C00245000%2CIWM261008C00250000%2CIWM261008C00255000%2CIWM261008C00260000%2CIWM261008C00261000%2CIWM261008C00262000%2CIWM261008C00263000%2CIWM261008C00264000%2CIWM261008C00265000%2CIWM261008C00266000%2CIWM261008C00267000%2CIWM261008C00268000%2CIWM261008C00269000%2CIWM261008C00270000%2CIWM261008C00271000%2CIWM261008C00272000%2CIWM261008C00273000%2CIWM261008C00274000%2CIWM261008C00275000%2CIWM261008C00276000%2CIWM261008C00277000%2CIWM261008C00278000%2CIWM261008C00279000%2CIWM261008C00280000%2CIWM261008C00281000%2CIWM261008C00282000%2CIWM261008C00283000%2CIWM261008C00284000%2CIWM261008C00285000%2CIWM261008C00286000%2CIWM261008C00287000%2CIWM261008C00288000%2CIWM261008C00289000%2CIWM261008C00290000%2CIWM261008C00291000%2CIWM261008C00292000%2CIWM261008C00293000%2CIWM261008C00294000%2CIWM261008C00295000&greeks=true'
For more information check: https://developer.mozilla.org/en-US/docs/Web/HTTP/Status/401
2026-10-06T11:29:29 | WARNING  | app.scanning.alpaca_confirmer | AlpacaConfirmer: cannot fetch chain for GOOGL 2026-10-09: Client error '401 Unauthorized' for url 'https://api.tradier.com/v1/markets/quotes?symbols=GOOGL261009C00100000%2CGOOGL261009C00105000%2CGOOGL261009C00110000%2CGOOGL261009C00115000%2CGOOGL261009C00120000%2CGOOGL261009C00125000%2CGOOGL261009C00130000%2CGOOGL261009C00135000%2CGOOGL261009C00140000%2CGOOGL261009C00145000%2CGOOGL261009C00150000%2CGOOGL261009C00155000%2CGOOGL261009C00160000%2CGOOGL261009C00165000%2CGOOGL261009C00170000%2CGOOGL261009C00175000%2CGOOGL261009C00180000%2CGOOGL261009C00185000%2CGOOGL261009C00190000%2CGOOGL261009C00195000%2CGOOGL261009C00200000%2CGOOGL261009C00205000%2CGOOGL261009C00210000%2CGOOGL261009C00215000%2CGOOGL261009C00220000%2CGOOGL261009C00225000%2CGOOGL261009C00230000%2CGOOGL261009C00235000%2CGOOGL261009C00240000%2CGOOGL261009C00245000%2CGOOGL261009C00250000%2CGOOGL261009C00255000%2CGOOGL261009C00260000%2CGOOGL261009C00265000%2CGOOGL261009C00270000%2CGOOGL261009C00275000%2CGOOGL261009C00280000%2CGOOGL261009C00285000%2CGOOGL261009C00290000%2CGOOGL261009C00295000%2CGOOGL261009C00300000%2CGOOGL261009C00305000%2CGOOGL261009C00307500%2CGOOGL261009C00310000%2CGOOGL261009C00312500%2CGOOGL261009C00315000%2CGOOGL261009C00317500%2CGOOGL261009C00320000%2CGOOGL261009C00322500%2CGOOGL261009C00325000&greeks=true'
For more information check: https://developer.mozilla.org/en-US/docs/Web/HTTP/Status/401
2026-10-06T11:29:29 | WARNING  | app.scanning.alpaca_confirmer | AlpacaConfirmer: cannot fetch chain for AVGO 2026-10-09: Client error '401 Unauthorized' for url 'https://api.tradier.com/v1/markets/quotes?symbols=AVGO261009C00210000%2CAVGO261009C00215000%2CAVGO261009C00220000%2CAVGO261009C00225000%2CAVGO261009C00230000%2CAVGO261009C00235000%2CAVGO261009C00240000%2CAVGO261009C00245000%2CAVGO261009C00250000%2CAVGO261009C00255000%2CAVGO261009C00260000%2CAVGO261009C00265000%2CAVGO261009C00270000%2CAVGO261009C00275000%2CAVGO261009C00280000%2CAVGO261009C00285000%2CAVGO261009C00290000%2CAVGO261009C00295000%2CAVGO261009C00300000%2CAVGO261009C00305000%2CAVGO261009C00310000%2CAVGO261009C00315000%2CAVGO261009C00317500%2CAVGO261009C00320000%2CAVGO261009C00322500%2CAVGO261009C00325000%2CAVGO261009C00327500%2CAVGO261009C00330000%2CAVGO261009C00332500%2CAVGO261009C00335000%2CAVGO261009C00337500%2CAVGO261009C00340000%2CAVGO261009C00342500%2CAVGO261009C00345000%2CAVGO261009C00347500%2CAVGO261009C00350000%2CAVGO261009C00352500%2CAVGO261009C00355000%2CAVGO261009C00357500%2CAVGO261009C00360000%2CAVGO261009C00362500%2CAVGO261009C00365000%2CAVGO261009C00367500%2CAVGO261009C00370000%2CAVGO261009C00372500%2CAVGO261009C00375000%2CAVGO261009C00377500%2CAVGO261009C00380000%2CAVGO261009C00382500%2CAVGO261009C00385000&greeks=true'
For more information check: https://developer.mozilla.org/en-US/docs/Web/HTTP/Status/401
2026-10-06T11:29:29 | WARNING  | app.scanning.alpaca_confirmer | AlpacaConfirmer: cannot fetch chain for QQQ 2026-10-08: Client error '401 Unauthorized' for url 'https://api.tradier.com/v1/markets/quotes?symbols=QQQ261008C00500000%2CQQQ261008C00505000%2CQQQ261008C00510000%2CQQQ261008C00515000%2CQQQ261008C00520000%2CQQQ261008C00525000%2CQQQ261008C00530000%2CQQQ261008C00535000%2CQQQ261008C00540000%2CQQQ261008C00545000%2CQQQ261008C00550000%2CQQQ261008C00555000%2CQQQ261008C00560000%2CQQQ261008C00565000%2CQQQ261008C00570000%2CQQQ261008C00575000%2CQQQ261008C00580000%2CQQQ261008C00585000%2CQQQ261008C00590000%2CQQQ261008C00595000%2CQQQ261008C00600000%2CQQQ261008C00605000%2CQQQ261008C00610000%2CQQQ261008C00615000%2CQQQ261008C00620000%2CQQQ261008C00625000%2CQQQ261008C00630000%2CQQQ261008C00635000%2CQQQ261008C00640000%2CQQQ261008C00645000%2CQQQ261008C00650000%2CQQQ261008C00655000%2CQQQ261008C00660000%2CQQQ261008C00665000%2CQQQ261008C00670000%2CQQQ261008C00675000%2CQQQ261008C00680000%2CQQQ261008C00685000%2CQQQ261008C00690000%2CQQQ261008C00691000%2CQQQ261008C00692000%2CQQQ261008C00693000%2CQQQ261008C00694000%2CQQQ261008C00695000%2CQQQ261008C00696000%2CQQQ261008C00697000%2CQQQ261008C00698000%2CQQQ261008C00699000%2CQQQ261008C00700000%2CQQQ261008C00701000&greeks=true'
For more information check: https://developer.mozilla.org/en-US/docs/Web/HTTP/Status/401
2026-10-06T11:29:29 | WARNING  | app.scanning.alpaca_confirmer | AlpacaConfirmer: cannot fetch chain for MARA 2026-10-09: Client error '401 Unauthorized' for url 'https://api.tradier.com/v1/markets/quotes?symbols=MARA261009C00004000%2CMARA261009C00005000%2CMARA261009C00006000%2CMARA261009C00006500%2CMARA261009C00007000%2CMARA261009C00007500%2CMARA261009C00008000%2CMARA261009C00008500%2CMARA261009C00009000%2CMARA261009C00009500%2CMARA261009C00010000%2CMARA261009C00010500%2CMARA261009C00011000%2CMARA261009C00011500%2CMARA261009C00012000%2CMARA261009C00012500%2CMARA261009C00013000%2CMARA261009C00013500%2CMARA261009C00014000%2CMARA261009C00014500%2CMARA261009C00015000%2CMARA261009C00015500%2CMARA261009C00016000%2CMARA261009C00016500%2CMARA261009C00017000%2CMARA261009C00017500%2CMARA261009C00018000%2CMARA261009C00019000%2CMARA261009C00020000%2CMARA261009C00021000%2CMARA261009C00022000%2CMARA261009C00023000%2CMARA261009P00004000%2CMARA261009P00005000%2CMARA261009P00006000%2CMARA261009P00006500%2CMARA261009P00007000%2CMARA261009P00007500%2CMARA261009P00008000%2CMARA261009P00008500%2CMARA261009P00009000%2CMARA261009P00009500%2CMARA261009P00010000%2CMARA261009P00010500%2CMARA261009P00011000%2CMARA261009P00011500%2CMARA261009P00012000%2CMARA261009P00012500%2CMARA261009P00013000%2CMARA261009P00013500&greeks=true'
For more information check: https://developer.mozilla.org/en-US/docs/Web/HTTP/Status/401
2026-10-06T11:29:29 | WARNING  | app.scanning.alpaca_confirmer | AlpacaConfirmer: cannot fetch chain for AMZN 2026-10-09: Client error '401 Unauthorized' for url 'https://api.tradier.com/v1/markets/quotes?symbols=AMZN261009C00140000%2CAMZN261009C00145000%2CAMZN261009C00150000%2CAMZN261009C00155000%2CAMZN261009C00160000%2CAMZN261009C00165000%2CAMZN261009C00170000%2CAMZN261009C00175000%2CAMZN261009C00180000%2CAMZN261009C00185000%2CAMZN261009C00190000%2CAMZN261009C00195000%2CAMZN261009C00200000%2CAMZN261009C00205000%2CAMZN261009C00210000%2CAMZN261009C00215000%2CAMZN261009C00220000%2CAMZN261009C00222500%2CAMZN261009C00225000%2CAMZN261009C00227500%2CAMZN261009C00230000%2CAMZN261009C00232500%2CAMZN261009C00235000%2CAMZN261009C00237500%2CAMZN261009C00240000%2CAMZN261009C00242500%2CAMZN261009C00245000%2CAMZN261009C00247500%2CAMZN261009C00250000%2CAMZN261009C00252500%2CAMZN261009C00255000%2CAMZN261009C00257500%2CAMZN261009C00260000%2CAMZN261009C00262500%2CAMZN261009C00265000%2CAMZN261009C00267500%2CAMZN261009C00270000%2CAMZN261009C00272500%2CAMZN261009C00275000%2CAMZN261009C00277500%2CAMZN261009C00280000%2CAMZN261009C00285000%2CAMZN261009C00290000%2CAMZN261009C00295000%2CAMZN261009C00300000%2CAMZN261009C00305000%2CAMZN261009C00310000%2CAMZN261009C00315000%2CAMZN261009C00320000%2CAMZN261009C00325000&greeks=true'
For more information check: https://developer.mozilla.org/en-US/docs/Web/HTTP/Status/401
2026-10-06T11:29:29 | WARNING  | app.scanning.alpaca_confirmer | AlpacaConfirmer: cannot fetch chain for AAPL 2026-10-09: Client error '401 Unauthorized' for url 'https://api.tradier.com/v1/markets/quotes?symbols=AAPL261009C00110000%2CAAPL261009C00120000%2CAAPL261009C00125000%2CAAPL261009C00130000%2CAAPL261009C00135000%2CAAPL261009C00140000%2CAAPL261009C00145000%2CAAPL261009C00150000%2CAAPL261009C00155000%2CAAPL261009C00160000%2CAAPL261009C00165000%2CAAPL261009C00170000%2CAAPL261009C00175000%2CAAPL261009C00180000%2CAAPL261009C00185000%2CAAPL261009C00190000%2CAAPL261009C00195000%2CAAPL261009C00200000%2CAAPL261009C00205000%2CAAPL261009C00210000%2CAAPL261009C00215000%2CAAPL261009C00220000%2CAAPL261009C00225000%2CAAPL261009C00230000%2CAAPL261009C00235000%2CAAPL261009C00240000%2CAAPL261009C00245000%2CAAPL261009C00250000%2CAAPL261009C00255000%2CAAPL261009C00260000%2CAAPL261009C00265000%2CAAPL261009C00270000%2CAAPL261009C00275000%2CAAPL261009C00280000%2CAAPL261009C00285000%2CAAPL261009C00290000%2CAAPL261009C00295000%2CAAPL261009C00300000%2CAAPL261009C00302500%2CAAPL261009C00305000%2CAAPL261009C00307500%2CAAPL261009C00310000%2CAAPL261009C00312500%2CAAPL261009C00315000%2CAAPL261009C00317500%2CAAPL261009C00320000%2CAAPL261009C00322500%2CAAPL261009C00325000%2CAAPL261009C00327500%2CAAPL261009C00330000&greeks=true'
For more information check: https://developer.mozilla.org/en-US/docs/Web/HTTP/Status/401
2026-10-06T11:29:29 | WARNING  | app.scanning.alpaca_confirmer | AlpacaConfirmer: cannot fetch chain for MSFT 2026-10-09: Client error '401 Unauthorized' for url 'https://api.tradier.com/v1/markets/quotes?symbols=MSFT261009C00270000%2CMSFT261009C00280000%2CMSFT261009C00290000%2CMSFT261009C00300000%2CMSFT261009C00305000%2CMSFT261009C00310000%2CMSFT261009C00315000%2CMSFT261009C00320000%2CMSFT261009C00325000%2CMSFT261009C00330000%2CMSFT261009C00335000%2CMSFT261009C00340000%2CMSFT261009C00345000%2CMSFT261009C00350000%2CMSFT261009C00355000%2CMSFT261009C00360000%2CMSFT261009C00365000%2CMSFT261009C00370000%2CMSFT261009C00375000%2CMSFT261009C00380000%2CMSFT261009C00385000%2CMSFT261009C00390000%2CMSFT261009C00395000%2CMSFT261009C00400000%2CMSFT261009C00405000%2CMSFT261009C00410000%2CMSFT261009C00415000%2CMSFT261009C00420000%2CMSFT261009C00425000%2CMSFT261009C00430000%2CMSFT261009C00435000%2CMSFT261009C00440000%2CMSFT261009C00445000%2CMSFT261009C00450000%2CMSFT261009C00455000%2CMSFT261009C00457500%2CMSFT261009C00460000%2CMSFT261009C00462500%2CMSFT261009C00465000%2CMSFT261009C00467500%2CMSFT261009C00470000%2CMSFT261009C00472500%2CMSFT261009C00475000%2CMSFT261009C00477500%2CMSFT261009C00480000%2CMSFT261009C00482500%2CMSFT261009C00485000%2CMSFT261009C00487500%2CMSFT261009C00490000%2CMSFT261009C00492500&greeks=true'
For more information check: https://developer.mozilla.org/en-US/docs/Web/HTTP/Status/401
2026-10-06T11:29:29 | WARNING  | app.scanning.alpaca_confirmer | AlpacaConfirmer: cannot fetch chain for XLE 2026-10-09: Client error '401 Unauthorized' for url 'https://api.tradier.com/v1/markets/quotes?symbols=XLE261009C00035000%2CXLE261009C00040000%2CXLE261009C00045000%2CXLE261009C00050000%2CXLE261009C00051000%2CXLE261009C00052000%2CXLE261009C00053000%2CXLE261009C00054000%2CXLE261009C00055000%2CXLE261009C00056000%2CXLE261009C00056500%2CXLE261009C00057000%2CXLE261009C00057500%2CXLE261009C00058000%2CXLE261009C00058500%2CXLE261009C00059000%2CXLE261009C00059500%2CXLE261009C00060000%2CXLE261009C00060500%2CXLE261009C00061000%2CXLE261009C00061500%2CXLE261009C00062000%2CXLE261009C00062500%2CXLE261009C00063000%2CXLE261009C00063500%2CXLE261009C00064000%2CXLE261009C00064500%2CXLE261009C00065000%2CXLE261009C00065500%2CXLE261009C00066000%2CXLE261009C00066500%2CXLE261009C00067000%2CXLE261009C00067500%2CXLE261009C00068000%2CXLE261009C00068500%2CXLE261009C00069000%2CXLE261009C00070000%2CXLE261009C00071000%2CXLE261009C00075000%2CXLE261009C00080000%2CXLE261009P00035000%2CXLE261009P00040000%2CXLE261009P00045000%2CXLE261009P00050000%2CXLE261009P00051000%2CXLE261009P00052000%2CXLE261009P00053000%2CXLE261009P00054000%2CXLE261009P00055000%2CXLE261009P00056000&greeks=true'
For more information check: https://developer.mozilla.org/en-US/docs/Web/HTTP/Status/401
2026-10-06T11:29:29 | WARNING  | app.scanning.alpaca_confirmer | AlpacaConfirmer: cannot fetch chain for SPY 2026-10-08: Client error '401 Unauthorized' for url 'https://api.tradier.com/v1/markets/quotes?symbols=SPY261008C00550000%2CSPY261008C00555000%2CSPY261008C00560000%2CSPY261008C00565000%2CSPY261008C00570000%2CSPY261008C00575000%2CSPY261008C00580000%2CSPY261008C00585000%2CSPY261008C00590000%2CSPY261008C00595000%2CSPY261008C00600000%2CSPY261008C00605000%2CSPY261008C00610000%2CSPY261008C00615000%2CSPY261008C00620000%2CSPY261008C00625000%2CSPY261008C00630000%2CSPY261008C00635000%2CSPY261008C00640000%2CSPY261008C00645000%2CSPY261008C00650000%2CSPY261008C00655000%2CSPY261008C00660000%2CSPY261008C00665000%2CSPY261008C00670000%2CSPY261008C00675000%2CSPY261008C00680000%2CSPY261008C00685000%2CSPY261008C00690000%2CSPY261008C00695000%2CSPY261008C00700000%2CSPY261008C00705000%2CSPY261008C00710000%2CSPY261008C00715000%2CSPY261008C00720000%2CSPY261008C00723000%2CSPY261008C00724000%2CSPY261008C00725000%2CSPY261008C00726000%2CSPY261008C00727000%2CSPY261008C00728000%2CSPY261008C00729000%2CSPY261008C00730000%2CSPY261008C00731000%2CSPY261008C00732000%2CSPY261008C00733000%2CSPY261008C00734000%2CSPY261008C00735000%2CSPY261008C00736000%2CSPY261008C00737000&greeks=true'
For more information check: https://developer.mozilla.org/en-US/docs/Web/HTTP/Status/401
2026-10-06T11:29:29 | INFO     | session_runner | AlpacaConfirmer: 0 confirmed symbols: []
2026-10-06T11:29:29 | WARNING  | session_runner | Re-scan returned no confirmed symbols — falling back to ['SPY']
2026-10-06T11:29:29 | INFO     | session_runner | Broad-market regime | SPY=long
2026-10-06T11:29:29 | INFO     | session_runner | [bridge:SPY] rsi_trend ready: sufficient bars
2026-10-06T11:29:29 | INFO     | session_runner | Stale signal: SPY/orb age=99 min > max 10 min — skipped
2026-10-06T11:29:29 | INFO     | session_runner | Stale signal: SPY/vwap_reclaim age=44 min > max 10 min — skipped
2026-10-06T11:29:29 | INFO     | session_runner | Stale signal: SPY/vwap_reclaim age=104 min > max 10 min — skipped
2026-10-06T11:29:59 | INFO     | session_runner | [cycle 232] 11:29:59 ET | positions=0 | entries=0
2026-10-06T11:30:00 | INFO     | session_runner | [bridge:SPY] rsi_trend ready: sufficient bars
2026-10-06T11:30:00 | INFO     | session_runner | Stale signal: SPY/orb age=100 min > max 10 min — skipped
2026-10-06T11:30:00 | INFO     | session_runner | Stale signal: SPY/vwap_reclaim age=45 min > max 10 min — skipped
2026-10-06T11:30:00 | INFO     | session_runner | Stale signal: SPY/vwap_reclaim age=105 min > max 10 min — skipped
2026-10-06T11:30:30 | INFO     | session_runner | [cycle 233] 11:30:30 ET | positions=0 | entries=0
2026-10-06T11:30:30 | INFO     | session_runner | [bridge:SPY] rsi_trend ready: sufficient bars
2026-10-06T11:30:30 | INFO     | session_runner | Stale signal: SPY/orb age=101 min > max 10 min — skipped
2026-10-06T11:30:30 | INFO     | session_runner | Stale signal: SPY/vwap_reclaim age=46 min > max 10 min — skipped
2026-10-06T11:30:30 | INFO     | session_runner | Stale signal: SPY/vwap_reclaim age=106 min > max 10 min — skipped
2026-10-06T11:31:00 | INFO     | session_runner | [cycle 234] 11:31:00 ET | positions=0 | entries=0
2026-10-06T11:31:01 | INFO     | session_runner | [bridge:SPY] rsi_trend ready: sufficient bars
2026-10-06T11:31:01 | INFO     | session_runner | Stale signal: SPY/orb age=101 min > max 10 min — skipped
2026-10-06T11:31:01 | INFO     | session_runner | Stale signal: SPY/vwap_reclaim age=46 min > max 10 min — skipped
2026-10-06T11:31:01 | INFO     | session_runner | Stale signal: SPY/vwap_reclaim age=106 min > max 10 min — skipped
2026-10-06T11:31:31 | INFO     | session_runner | [cycle 235] 11:31:31 ET | positions=0 | entries=0
2026-10-06T11:31:31 | INFO     | session_runner | [bridge:SPY] rsi_trend ready: sufficient bars
2026-10-06T11:31:31 | INFO     | session_runner | Stale signal: SPY/orb age=102 min > max 10 min — skipped
2026-10-06T11:31:31 | INFO     | session_runner | Stale signal: SPY/vwap_reclaim age=47 min > max 10 min — skipped
2026-10-06T11:31:31 | INFO     | session_runner | Stale signal: SPY/vwap_reclaim age=107 min > max 10 min — skipped
2026-10-06T11:32:01 | INFO     | session_runner | [cycle 236] 11:32:01 ET | positions=0 | entries=0
2026-10-06T11:32:02 | INFO     | session_runner | [bridge:SPY] rsi_trend ready: sufficient bars
2026-10-06T11:32:02 | INFO     | session_runner | Stale signal: SPY/orb age=102 min > max 10 min — skipped
2026-10-06T11:32:02 | INFO     | session_runner | Stale signal: SPY/vwap_reclaim age=47 min > max 10 min — skipped
2026-10-06T11:32:02 | INFO     | session_runner | Stale signal: SPY/vwap_reclaim age=107 min > max 10 min — skipped
2026-10-06T11:32:32 | INFO     | session_runner | [cycle 237] 11:32:32 ET | positions=0 | entries=0
2026-10-06T11:32:32 | INFO     | session_runner | [bridge:SPY] rsi_trend ready: sufficient bars
2026-10-06T11:32:32 | INFO     | session_runner | Stale signal: SPY/orb age=103 min > max 10 min — skipped
2026-10-06T11:32:32 | INFO     | session_runner | Stale signal: SPY/vwap_reclaim age=48 min > max 10 min — skipped
2026-10-06T11:32:32 | INFO     | session_runner | Stale signal: SPY/vwap_reclaim age=108 min > max 10 min — skipped
2026-10-06T11:33:02 | INFO     | session_runner | [cycle 238] 11:33:02 ET | positions=0 | entries=0
2026-10-06T11:33:03 | INFO     | session_runner | [bridge:SPY] rsi_trend ready: sufficient bars
2026-10-06T11:33:03 | INFO     | session_runner | Stale signal: SPY/orb age=103 min > max 10 min — skipped
2026-10-06T11:33:03 | INFO     | session_runner | Stale signal: SPY/vwap_reclaim age=48 min > max 10 min — skipped
2026-10-06T11:33:03 | INFO     | session_runner | Stale signal: SPY/vwap_reclaim age=108 min > max 10 min — skipped
2026-10-06T11:33:33 | INFO     | session_runner | [cycle 239] 11:33:33 ET | positions=0 | entries=0
2026-10-06T11:33:33 | INFO     | session_runner | [bridge:SPY] rsi_trend ready: sufficient bars
2026-10-06T11:33:33 | INFO     | session_runner | Stale signal: SPY/orb age=104 min > max 10 min — skipped
2026-10-06T11:33:33 | INFO     | session_runner | Stale signal: SPY/vwap_reclaim age=49 min > max 10 min — skipped
2026-10-06T11:33:33 | INFO     | session_runner | Stale signal: SPY/vwap_reclaim age=109 min > max 10 min — skipped
2026-10-06T11:34:03 | INFO     | session_runner | [cycle 240] 11:34:03 ET | positions=0 | entries=0
2026-10-06T11:34:04 | INFO     | session_runner | [bridge:SPY] rsi_trend ready: sufficient bars
2026-10-06T11:34:04 | INFO     | session_runner | Stale signal: SPY/orb age=104 min > max 10 min — skipped
2026-10-06T11:34:04 | INFO     | session_runner | Stale signal: SPY/vwap_reclaim age=49 min > max 10 min — skipped
2026-10-06T11:34:04 | INFO     | session_runner | Stale signal: SPY/vwap_reclaim age=109 min > max 10 min — skipped
2026-10-06T11:34:34 | INFO     | session_runner | [cycle 241] 11:34:34 ET | positions=0 | entries=0
2026-10-06T11:34:34 | INFO     | app.trading.reconciler | Reconciliation done: broker_pos=0 local_pos=0 broker_orders=0 local_pending=0 repaired=0 flagged=0 orders_confirmed=True positions_confirmed=True
2026-10-06T11:34:34 | INFO     | session_runner | Periodic universe re-scan …
2026-10-06T11:34:34 | INFO     | app.scanning.universe_loader | UniverseLoader: loaded 5 groups (13 flat symbols) from config/ticker_universe.yaml (blacklist=0)
2026-10-06T11:34:34 | INFO     | app.scanning.universe_loader | UniverseLoader: 38 symbols from 4 group(s) (blacklist=0)
2026-10-06T11:34:34 | INFO     | session_runner | Universe scan: 38 symbols from 4 group(s) | max_active=6
2026-10-06T11:34:40 | INFO     | session_runner | Scan: 18 passed, 20 rejected
2026-10-06T11:34:40 | INFO     | session_runner |   AVGO    score=77.0  signal=LONG     reasons: rvol=2.34x (high), atr=2.87% (wide-range), orb_breakout
2026-10-06T11:34:40 | INFO     | session_runner |   XLE     score=75.0  signal=LONG     reasons: rvol=1.20x (normal), atr=1.84% (wide-range), orb_breakout
2026-10-06T11:34:40 | INFO     | session_runner |   AMD     score=75.0  signal=LONG     reasons: rvol=1.51x (elevated), atr=3.54% (wide-range), orb_breakout
2026-10-06T11:34:40 | INFO     | session_runner |   UBER    score=75.0  signal=SHORT    reasons: rvol=1.22x (normal), atr=2.19% (wide-range), orb_breakdown
2026-10-06T11:34:40 | INFO     | session_runner |   AMZN    score=67.0  signal=LONG     reasons: rvol=1.24x (normal), atr=1.99% (wide-range), orb_breakout
2026-10-06T11:34:41 | WARNING  | app.scanning.alpaca_confirmer | AlpacaConfirmer: cannot fetch chain for AMZN 2026-10-09: Client error '401 Unauthorized' for url 'https://api.tradier.com/v1/markets/quotes?symbols=AMZN261009C00140000%2CAMZN261009C00145000%2CAMZN261009C00150000%2CAMZN261009C00155000%2CAMZN261009C00160000%2CAMZN261009C00165000%2CAMZN261009C00170000%2CAMZN261009C00175000%2CAMZN261009C00180000%2CAMZN261009C00185000%2CAMZN261009C00190000%2CAMZN261009C00195000%2CAMZN261009C00200000%2CAMZN261009C00205000%2CAMZN261009C00210000%2CAMZN261009C00215000%2CAMZN261009C00220000%2CAMZN261009C00222500%2CAMZN261009C00225000%2CAMZN261009C00227500%2CAMZN261009C00230000%2CAMZN261009C00232500%2CAMZN261009C00235000%2CAMZN261009C00237500%2CAMZN261009C00240000%2CAMZN261009C00242500%2CAMZN261009C00245000%2CAMZN261009C00247500%2CAMZN261009C00250000%2CAMZN261009C00252500%2CAMZN261009C00255000%2CAMZN261009C00257500%2CAMZN261009C00260000%2CAMZN261009C00262500%2CAMZN261009C00265000%2CAMZN261009C00267500%2CAMZN261009C00270000%2CAMZN261009C00272500%2CAMZN261009C00275000%2CAMZN261009C00277500%2CAMZN261009C00280000%2CAMZN261009C00285000%2CAMZN261009C00290000%2CAMZN261009C00295000%2CAMZN261009C00300000%2CAMZN261009C00305000%2CAMZN261009C00310000%2CAMZN261009C00315000%2CAMZN261009C00320000%2CAMZN261009C00325000&greeks=true'
For more information check: https://developer.mozilla.org/en-US/docs/Web/HTTP/Status/401
2026-10-06T11:34:41 | WARNING  | app.scanning.alpaca_confirmer | AlpacaConfirmer: cannot fetch chain for XLE 2026-10-09: Client error '401 Unauthorized' for url 'https://api.tradier.com/v1/markets/quotes?symbols=XLE261009C00035000%2CXLE261009C00040000%2CXLE261009C00045000%2CXLE261009C00050000%2CXLE261009C00051000%2CXLE261009C00052000%2CXLE261009C00053000%2CXLE261009C00054000%2CXLE261009C00055000%2CXLE261009C00056000%2CXLE261009C00056500%2CXLE261009C00057000%2CXLE261009C00057500%2CXLE261009C00058000%2CXLE261009C00058500%2CXLE261009C00059000%2CXLE261009C00059500%2CXLE261009C00060000%2CXLE261009C00060500%2CXLE261009C00061000%2CXLE261009C00061500%2CXLE261009C00062000%2CXLE261009C00062500%2CXLE261009C00063000%2CXLE261009C00063500%2CXLE261009C00064000%2CXLE261009C00064500%2CXLE261009C00065000%2CXLE261009C00065500%2CXLE261009C00066000%2CXLE261009C00066500%2CXLE261009C00067000%2CXLE261009C00067500%2CXLE261009C00068000%2CXLE261009C00068500%2CXLE261009C00069000%2CXLE261009C00070000%2CXLE261009C00071000%2CXLE261009C00075000%2CXLE261009C00080000%2CXLE261009P00035000%2CXLE261009P00040000%2CXLE261009P00045000%2CXLE261009P00050000%2CXLE261009P00051000%2CXLE261009P00052000%2CXLE261009P00053000%2CXLE261009P00054000%2CXLE261009P00055000%2CXLE261009P00056000&greeks=true'
For more information check: https://developer.mozilla.org/en-US/docs/Web/HTTP/Status/401
2026-10-06T11:34:41 | WARNING  | app.scanning.alpaca_confirmer | AlpacaConfirmer: cannot fetch chain for AMD 2026-10-09: Client error '401 Unauthorized' for url 'https://api.tradier.com/v1/markets/quotes?symbols=AMD261009C00040000%2CAMD261009C00045000%2CAMD261009C00050000%2CAMD261009C00055000%2CAMD261009C00060000%2CAMD261009C00065000%2CAMD261009C00070000%2CAMD261009C00075000%2CAMD261009C00080000%2CAMD261009C00085000%2CAMD261009C00090000%2CAMD261009C00095000%2CAMD261009C00100000%2CAMD261009C00105000%2CAMD261009C00110000%2CAMD261009C00115000%2CAMD261009C00120000%2CAMD261009C00125000%2CAMD261009C00130000%2CAMD261009C00135000%2CAMD261009C00140000%2CAMD261009C00145000%2CAMD261009C00150000%2CAMD261009C00155000%2CAMD261009C00160000%2CAMD261009C00165000%2CAMD261009C00170000%2CAMD261009C00175000%2CAMD261009C00180000%2CAMD261009C00185000%2CAMD261009C00190000%2CAMD261009C00195000%2CAMD261009C00200000%2CAMD261009C00205000%2CAMD261009C00210000%2CAMD261009C00215000%2CAMD261009C00220000%2CAMD261009C00225000%2CAMD261009C00230000%2CAMD261009C00235000%2CAMD261009C00240000%2CAMD261009C00245000%2CAMD261009C00250000%2CAMD261009C00255000%2CAMD261009C00260000%2CAMD261009C00265000%2CAMD261009C00270000%2CAMD261009C00275000%2CAMD261009C00280000%2CAMD261009C00285000&greeks=true'
For more information check: https://developer.mozilla.org/en-US/docs/Web/HTTP/Status/401
2026-10-06T11:34:41 | WARNING  | app.scanning.alpaca_confirmer | AlpacaConfirmer: cannot fetch chain for QQQ 2026-10-08: Client error '401 Unauthorized' for url 'https://api.tradier.com/v1/markets/quotes?symbols=QQQ261008C00500000%2CQQQ261008C00505000%2CQQQ261008C00510000%2CQQQ261008C00515000%2CQQQ261008C00520000%2CQQQ261008C00525000%2CQQQ261008C00530000%2CQQQ261008C00535000%2CQQQ261008C00540000%2CQQQ261008C00545000%2CQQQ261008C00550000%2CQQQ261008C00555000%2CQQQ261008C00560000%2CQQQ261008C00565000%2CQQQ261008C00570000%2CQQQ261008C00575000%2CQQQ261008C00580000%2CQQQ261008C00585000%2CQQQ261008C00590000%2CQQQ261008C00595000%2CQQQ261008C00600000%2CQQQ261008C00605000%2CQQQ261008C00610000%2CQQQ261008C00615000%2CQQQ261008C00620000%2CQQQ261008C00625000%2CQQQ261008C00630000%2CQQQ261008C00635000%2CQQQ261008C00640000%2CQQQ261008C00645000%2CQQQ261008C00650000%2CQQQ261008C00655000%2CQQQ261008C00660000%2CQQQ261008C00665000%2CQQQ261008C00670000%2CQQQ261008C00675000%2CQQQ261008C00680000%2CQQQ261008C00685000%2CQQQ261008C00690000%2CQQQ261008C00691000%2CQQQ261008C00692000%2CQQQ261008C00693000%2CQQQ261008C00694000%2CQQQ261008C00695000%2CQQQ261008C00696000%2CQQQ261008C00697000%2CQQQ261008C00698000%2CQQQ261008C00699000%2CQQQ261008C00700000%2CQQQ261008C00701000&greeks=true'
For more information check: https://developer.mozilla.org/en-US/docs/Web/HTTP/Status/401
2026-10-06T11:34:41 | WARNING  | app.scanning.alpaca_confirmer | AlpacaConfirmer: cannot fetch chain for IWM 2026-10-08: Client error '401 Unauthorized' for url 'https://api.tradier.com/v1/markets/quotes?symbols=IWM261008C00180000%2CIWM261008C00190000%2CIWM261008C00200000%2CIWM261008C00205000%2CIWM261008C00210000%2CIWM261008C00215000%2CIWM261008C00220000%2CIWM261008C00225000%2CIWM261008C00230000%2CIWM261008C00235000%2CIWM261008C00240000%2CIWM261008C00245000%2CIWM261008C00250000%2CIWM261008C00255000%2CIWM261008C00260000%2CIWM261008C00261000%2CIWM261008C00262000%2CIWM261008C00263000%2CIWM261008C00264000%2CIWM261008C00265000%2CIWM261008C00266000%2CIWM261008C00267000%2CIWM261008C00268000%2CIWM261008C00269000%2CIWM261008C00270000%2CIWM261008C00271000%2CIWM261008C00272000%2CIWM261008C00273000%2CIWM261008C00274000%2CIWM261008C00275000%2CIWM261008C00276000%2CIWM261008C00277000%2CIWM261008C00278000%2CIWM261008C00279000%2CIWM261008C00280000%2CIWM261008C00281000%2CIWM261008C00282000%2CIWM261008C00283000%2CIWM261008C00284000%2CIWM261008C00285000%2CIWM261008C00286000%2CIWM261008C00287000%2CIWM261008C00288000%2CIWM261008C00289000%2CIWM261008C00290000%2CIWM261008C00291000%2CIWM261008C00292000%2CIWM261008C00293000%2CIWM261008C00294000%2CIWM261008C00295000&greeks=true'
For more information check: https://developer.mozilla.org/en-US/docs/Web/HTTP/Status/401
2026-10-06T11:34:41 | WARNING  | app.scanning.alpaca_confirmer | AlpacaConfirmer: cannot fetch chain for SPY 2026-10-08: Client error '401 Unauthorized' for url 'https://api.tradier.com/v1/markets/quotes?symbols=SPY261008C00550000%2CSPY261008C00555000%2CSPY261008C00560000%2CSPY261008C00565000%2CSPY261008C00570000%2CSPY261008C00575000%2CSPY261008C00580000%2CSPY261008C00585000%2CSPY261008C00590000%2CSPY261008C00595000%2CSPY261008C00600000%2CSPY261008C00605000%2CSPY261008C00610000%2CSPY261008C00615000%2CSPY261008C00620000%2CSPY261008C00625000%2CSPY261008C00630000%2CSPY261008C00635000%2CSPY261008C00640000%2CSPY261008C00645000%2CSPY261008C00650000%2CSPY261008C00655000%2CSPY261008C00660000%2CSPY261008C00665000%2CSPY261008C00670000%2CSPY261008C00675000%2CSPY261008C00680000%2CSPY261008C00685000%2CSPY261008C00690000%2CSPY261008C00695000%2CSPY261008C00700000%2CSPY261008C00705000%2CSPY261008C00710000%2CSPY261008C00715000%2CSPY261008C00720000%2CSPY261008C00723000%2CSPY261008C00724000%2CSPY261008C00725000%2CSPY261008C00726000%2CSPY261008C00727000%2CSPY261008C00728000%2CSPY261008C00729000%2CSPY261008C00730000%2CSPY261008C00731000%2CSPY261008C00732000%2CSPY261008C00733000%2CSPY261008C00734000%2CSPY261008C00735000%2CSPY261008C00736000%2CSPY261008C00737000&greeks=true'
For more information check: https://developer.mozilla.org/en-US/docs/Web/HTTP/Status/401
2026-10-06T11:34:41 | WARNING  | app.scanning.alpaca_confirmer | AlpacaConfirmer: cannot fetch chain for GOOGL 2026-10-09: Client error '401 Unauthorized' for url 'https://api.tradier.com/v1/markets/quotes?symbols=GOOGL261009C00100000%2CGOOGL261009C00105000%2CGOOGL261009C00110000%2CGOOGL261009C00115000%2CGOOGL261009C00120000%2CGOOGL261009C00125000%2CGOOGL261009C00130000%2CGOOGL261009C00135000%2CGOOGL261009C00140000%2CGOOGL261009C00145000%2CGOOGL261009C00150000%2CGOOGL261009C00155000%2CGOOGL261009C00160000%2CGOOGL261009C00165000%2CGOOGL261009C00170000%2CGOOGL261009C00175000%2CGOOGL261009C00180000%2CGOOGL261009C00185000%2CGOOGL261009C00190000%2CGOOGL261009C00195000%2CGOOGL261009C00200000%2CGOOGL261009C00205000%2CGOOGL261009C00210000%2CGOOGL261009C00215000%2CGOOGL261009C00220000%2CGOOGL261009C00225000%2CGOOGL261009C00230000%2CGOOGL261009C00235000%2CGOOGL261009C00240000%2CGOOGL261009C00245000%2CGOOGL261009C00250000%2CGOOGL261009C00255000%2CGOOGL261009C00260000%2CGOOGL261009C00265000%2CGOOGL261009C00270000%2CGOOGL261009C00275000%2CGOOGL261009C00280000%2CGOOGL261009C00285000%2CGOOGL261009C00290000%2CGOOGL261009C00295000%2CGOOGL261009C00300000%2CGOOGL261009C00305000%2CGOOGL261009C00307500%2CGOOGL261009C00310000%2CGOOGL261009C00312500%2CGOOGL261009C00315000%2CGOOGL261009C00317500%2CGOOGL261009C00320000%2CGOOGL261009C00322500%2CGOOGL261009C00325000&greeks=true'
For more information check: https://developer.mozilla.org/en-US/docs/Web/HTTP/Status/401
2026-10-06T11:34:41 | WARNING  | app.scanning.alpaca_confirmer | AlpacaConfirmer: cannot fetch chain for MARA 2026-10-09: Client error '401 Unauthorized' for url 'https://api.tradier.com/v1/markets/quotes?symbols=MARA261009C00004000%2CMARA261009C00005000%2CMARA261009C00006000%2CMARA261009C00006500%2CMARA261009C00007000%2CMARA261009C00007500%2CMARA261009C00008000%2CMARA261009C00008500%2CMARA261009C00009000%2CMARA261009C00009500%2CMARA261009C00010000%2CMARA261009C00010500%2CMARA261009C00011000%2CMARA261009C00011500%2CMARA261009C00012000%2CMARA261009C00012500%2CMARA261009C00013000%2CMARA261009C00013500%2CMARA261009C00014000%2CMARA261009C00014500%2CMARA261009C00015000%2CMARA261009C00015500%2CMARA261009C00016000%2CMARA261009C00016500%2CMARA261009C00017000%2CMARA261009C00017500%2CMARA261009C00018000%2CMARA261009C00019000%2CMARA261009C00020000%2CMARA261009C00021000%2CMARA261009C00022000%2CMARA261009C00023000%2CMARA261009P00004000%2CMARA261009P00005000%2CMARA261009P00006000%2CMARA261009P00006500%2CMARA261009P00007000%2CMARA261009P00007500%2CMARA261009P00008000%2CMARA261009P00008500%2CMARA261009P00009000%2CMARA261009P00009500%2CMARA261009P00010000%2CMARA261009P00010500%2CMARA261009P00011000%2CMARA261009P00011500%2CMARA261009P00012000%2CMARA261009P00012500%2CMARA261009P00013000%2CMARA261009P00013500&greeks=true'
For more information check: https://developer.mozilla.org/en-US/docs/Web/HTTP/Status/401
2026-10-06T11:34:41 | WARNING  | app.scanning.alpaca_confirmer | AlpacaConfirmer: cannot fetch chain for AVGO 2026-10-09: Client error '401 Unauthorized' for url 'https://api.tradier.com/v1/markets/quotes?symbols=AVGO261009C00210000%2CAVGO261009C00215000%2CAVGO261009C00220000%2CAVGO261009C00225000%2CAVGO261009C00230000%2CAVGO261009C00235000%2CAVGO261009C00240000%2CAVGO261009C00245000%2CAVGO261009C00250000%2CAVGO261009C00255000%2CAVGO261009C00260000%2CAVGO261009C00265000%2CAVGO261009C00270000%2CAVGO261009C00275000%2CAVGO261009C00280000%2CAVGO261009C00285000%2CAVGO261009C00290000%2CAVGO261009C00295000%2CAVGO261009C00300000%2CAVGO261009C00305000%2CAVGO261009C00310000%2CAVGO261009C00315000%2CAVGO261009C00317500%2CAVGO261009C00320000%2CAVGO261009C00322500%2CAVGO261009C00325000%2CAVGO261009C00327500%2CAVGO261009C00330000%2CAVGO261009C00332500%2CAVGO261009C00335000%2CAVGO261009C00337500%2CAVGO261009C00340000%2CAVGO261009C00342500%2CAVGO261009C00345000%2CAVGO261009C00347500%2CAVGO261009C00350000%2CAVGO261009C00352500%2CAVGO261009C00355000%2CAVGO261009C00357500%2CAVGO261009C00360000%2CAVGO261009C00362500%2CAVGO261009C00365000%2CAVGO261009C00367500%2CAVGO261009C00370000%2CAVGO261009C00372500%2CAVGO261009C00375000%2CAVGO261009C00377500%2CAVGO261009C00380000%2CAVGO261009C00382500%2CAVGO261009C00385000&greeks=true'
For more information check: https://developer.mozilla.org/en-US/docs/Web/HTTP/Status/401
2026-10-06T11:34:41 | WARNING  | app.scanning.alpaca_confirmer | AlpacaConfirmer: cannot fetch chain for MSFT 2026-10-09: Client error '401 Unauthorized' for url 'https://api.tradier.com/v1/markets/quotes?symbols=MSFT261009C00270000%2CMSFT261009C00280000%2CMSFT261009C00290000%2CMSFT261009C00300000%2CMSFT261009C00305000%2CMSFT261009C00310000%2CMSFT261009C00315000%2CMSFT261009C00320000%2CMSFT261009C00325000%2CMSFT261009C00330000%2CMSFT261009C00335000%2CMSFT261009C00340000%2CMSFT261009C00345000%2CMSFT261009C00350000%2CMSFT261009C00355000%2CMSFT261009C00360000%2CMSFT261009C00365000%2CMSFT261009C00370000%2CMSFT261009C00375000%2CMSFT261009C00380000%2CMSFT261009C00385000%2CMSFT261009C00390000%2CMSFT261009C00395000%2CMSFT261009C00400000%2CMSFT261009C00405000%2CMSFT261009C00410000%2CMSFT261009C00415000%2CMSFT261009C00420000%2CMSFT261009C00425000%2CMSFT261009C00430000%2CMSFT261009C00435000%2CMSFT261009C00440000%2CMSFT261009C00445000%2CMSFT261009C00450000%2CMSFT261009C00455000%2CMSFT261009C00457500%2CMSFT261009C00460000%2CMSFT261009C00462500%2CMSFT261009C00465000%2CMSFT261009C00467500%2CMSFT261009C00470000%2CMSFT261009C00472500%2CMSFT261009C00475000%2CMSFT261009C00477500%2CMSFT261009C00480000%2CMSFT261009C00482500%2CMSFT261009C00485000%2CMSFT261009C00487500%2CMSFT261009C00490000%2CMSFT261009C00492500&greeks=true'
For more information check: https://developer.mozilla.org/en-US/docs/Web/HTTP/Status/401
2026-10-06T11:34:41 | WARNING  | app.scanning.alpaca_confirmer | AlpacaConfirmer: cannot fetch chain for LYFT 2026-10-09: Client error '401 Unauthorized' for url 'https://api.tradier.com/v1/markets/quotes?symbols=LYFT261009C00005000%2CLYFT261009C00008000%2CLYFT261009C00009000%2CLYFT261009C00010000%2CLYFT261009C00010500%2CLYFT261009C00011000%2CLYFT261009C00011500%2CLYFT261009C00012000%2CLYFT261009C00012500%2CLYFT261009C00013000%2CLYFT261009C00013500%2CLYFT261009C00014000%2CLYFT261009C00014500%2CLYFT261009C00015000%2CLYFT261009C00015500%2CLYFT261009C00016000%2CLYFT261009C00016500%2CLYFT261009C00017000%2CLYFT261009C00017500%2CLYFT261009C00018000%2CLYFT261009C00018500%2CLYFT261009C00019000%2CLYFT261009C00019500%2CLYFT261009C00020000%2CLYFT261009C00020500%2CLYFT261009C00021000%2CLYFT261009C00021500%2CLYFT261009C00022000%2CLYFT261009C00022500%2CLYFT261009C00023000%2CLYFT261009C00024000%2CLYFT261009C00025000%2CLYFT261009P00005000%2CLYFT261009P00008000%2CLYFT261009P00009000%2CLYFT261009P00010000%2CLYFT261009P00010500%2CLYFT261009P00011000%2CLYFT261009P00011500%2CLYFT261009P00012000%2CLYFT261009P00012500%2CLYFT261009P00013000%2CLYFT261009P00013500%2CLYFT261009P00014000%2CLYFT261009P00014500%2CLYFT261009P00015000%2CLYFT261009P00015500%2CLYFT261009P00016000%2CLYFT261009P00016500%2CLYFT261009P00017000&greeks=true'
For more information check: https://developer.mozilla.org/en-US/docs/Web/HTTP/Status/401
2026-10-06T11:34:41 | WARNING  | app.scanning.alpaca_confirmer | AlpacaConfirmer: cannot fetch chain for UBER 2026-10-09: Client error '401 Unauthorized' for url 'https://api.tradier.com/v1/markets/quotes?symbols=UBER261009C00050000%2CUBER261009C00055000%2CUBER261009C00057000%2CUBER261009C00058000%2CUBER261009C00059000%2CUBER261009C00060000%2CUBER261009C00061000%2CUBER261009C00062000%2CUBER261009C00063000%2CUBER261009C00064000%2CUBER261009C00065000%2CUBER261009C00066000%2CUBER261009C00067000%2CUBER261009C00068000%2CUBER261009C00069000%2CUBER261009C00070000%2CUBER261009C00071000%2CUBER261009C00072000%2CUBER261009C00073000%2CUBER261009C00074000%2CUBER261009C00075000%2CUBER261009C00076000%2CUBER261009C00077000%2CUBER261009C00078000%2CUBER261009C00079000%2CUBER261009C00080000%2CUBER261009C00081000%2CUBER261009C00082000%2CUBER261009C00083000%2CUBER261009C00084000%2CUBER261009C00085000%2CUBER261009C00086000%2CUBER261009C00087000%2CUBER261009C00088000%2CUBER261009C00089000%2CUBER261009C00090000%2CUBER261009C00091000%2CUBER261009C00095000%2CUBER261009C00100000%2CUBER261009C00105000%2CUBER261009P00050000%2CUBER261009P00055000%2CUBER261009P00057000%2CUBER261009P00058000%2CUBER261009P00059000%2CUBER261009P00060000%2CUBER261009P00061000%2CUBER261009P00062000%2CUBER261009P00063000%2CUBER261009P00064000&greeks=true'
For more information check: https://developer.mozilla.org/en-US/docs/Web/HTTP/Status/401
2026-10-06T11:34:41 | INFO     | session_runner | AlpacaConfirmer: 0 confirmed symbols: []
2026-10-06T11:34:41 | WARNING  | session_runner | Re-scan returned no confirmed symbols — falling back to ['SPY']
2026-10-06T11:34:41 | INFO     | session_runner | Broad-market regime | SPY=long
2026-10-06T11:34:42 | INFO     | session_runner | [bridge:SPY] rsi_trend ready: sufficient bars
2026-10-06T11:34:42 | INFO     | session_runner | Stale signal: SPY/orb age=105 min > max 10 min — skipped
2026-10-06T11:34:42 | INFO     | session_runner | Stale signal: SPY/vwap_reclaim age=50 min > max 10 min — skipped
2026-10-06T11:34:42 | INFO     | session_runner | Stale signal: SPY/vwap_reclaim age=110 min > max 10 min — skipped
2026-10-06T11:35:12 | INFO     | session_runner | [cycle 242] 11:35:12 ET | positions=0 | entries=0
2026-10-06T11:35:13 | INFO     | session_runner | [bridge:SPY] rsi_trend ready: sufficient bars
2026-10-06T11:35:13 | INFO     | session_runner | Stale signal: SPY/orb age=105 min > max 10 min — skipped
2026-10-06T11:35:13 | INFO     | session_runner | Stale signal: SPY/vwap_reclaim age=50 min > max 10 min — skipped
2026-10-06T11:35:13 | INFO     | session_runner | Stale signal: SPY/vwap_reclaim age=110 min > max 10 min — skipped
2026-10-06T11:35:43 | INFO     | session_runner | [cycle 243] 11:35:43 ET | positions=0 | entries=0
2026-10-06T11:35:44 | INFO     | session_runner | [bridge:SPY] rsi_trend ready: sufficient bars
2026-10-06T11:35:44 | INFO     | session_runner | Stale signal: SPY/orb age=106 min > max 10 min — skipped
2026-10-06T11:35:44 | INFO     | session_runner | Stale signal: SPY/vwap_reclaim age=51 min > max 10 min — skipped
2026-10-06T11:35:44 | INFO     | session_runner | Stale signal: SPY/vwap_reclaim age=111 min > max 10 min — skipped
2026-10-06T11:36:14 | INFO     | session_runner | [cycle 244] 11:36:14 ET | positions=0 | entries=0
2026-10-06T11:36:14 | INFO     | session_runner | [bridge:SPY] rsi_trend ready: sufficient bars
2026-10-06T11:36:14 | INFO     | session_runner | Stale signal: SPY/orb age=106 min > max 10 min — skipped
2026-10-06T11:36:14 | INFO     | session_runner | Stale signal: SPY/vwap_reclaim age=51 min > max 10 min — skipped
2026-10-06T11:36:14 | INFO     | session_runner | Stale signal: SPY/vwap_reclaim age=111 min > max 10 min — skipped
2026-10-06T11:36:44 | INFO     | session_runner | [cycle 245] 11:36:44 ET | positions=0 | entries=0
2026-10-06T11:36:45 | INFO     | session_runner | [bridge:SPY] rsi_trend ready: sufficient bars
2026-10-06T11:36:45 | INFO     | session_runner | Stale signal: SPY/orb age=107 min > max 10 min — skipped
2026-10-06T11:36:45 | INFO     | session_runner | Stale signal: SPY/vwap_reclaim age=52 min > max 10 min — skipped
2026-10-06T11:36:45 | INFO     | session_runner | Stale signal: SPY/vwap_reclaim age=112 min > max 10 min — skipped
2026-10-06T11:37:15 | INFO     | session_runner | [cycle 246] 11:37:15 ET | positions=0 | entries=0
2026-10-06T11:37:15 | INFO     | session_runner | [bridge:SPY] rsi_trend ready: sufficient bars
2026-10-06T11:37:15 | INFO     | session_runner | Stale signal: SPY/orb age=107 min > max 10 min — skipped
2026-10-06T11:37:15 | INFO     | session_runner | Stale signal: SPY/vwap_reclaim age=52 min > max 10 min — skipped
2026-10-06T11:37:15 | INFO     | session_runner | Stale signal: SPY/vwap_reclaim age=112 min > max 10 min — skipped
2026-10-06T11:37:45 | INFO     | session_runner | [cycle 247] 11:37:45 ET | positions=0 | entries=0
2026-10-06T11:37:46 | INFO     | session_runner | [bridge:SPY] rsi_trend ready: sufficient bars
2026-10-06T11:37:46 | INFO     | session_runner | Stale signal: SPY/orb age=108 min > max 10 min — skipped
2026-10-06T11:37:46 | INFO     | session_runner | Stale signal: SPY/vwap_reclaim age=53 min > max 10 min — skipped
2026-10-06T11:37:46 | INFO     | session_runner | Stale signal: SPY/vwap_reclaim age=113 min > max 10 min — skipped
2026-10-06T11:38:16 | INFO     | session_runner | [cycle 248] 11:38:16 ET | positions=0 | entries=0
2026-10-06T11:38:16 | INFO     | session_runner | [bridge:SPY] rsi_trend ready: sufficient bars
2026-10-06T11:38:16 | INFO     | session_runner | Stale signal: SPY/orb age=108 min > max 10 min — skipped
2026-10-06T11:38:16 | INFO     | session_runner | Stale signal: SPY/vwap_reclaim age=53 min > max 10 min — skipped
2026-10-06T11:38:16 | INFO     | session_runner | Stale signal: SPY/vwap_reclaim age=113 min > max 10 min — skipped
2026-10-06T11:38:46 | INFO     | session_runner | [cycle 249] 11:38:46 ET | positions=0 | entries=0
2026-10-06T11:38:47 | INFO     | session_runner | [bridge:SPY] rsi_trend ready: sufficient bars
2026-10-06T11:38:47 | INFO     | session_runner | Stale signal: SPY/orb age=109 min > max 10 min — skipped
2026-10-06T11:38:47 | INFO     | session_runner | Stale signal: SPY/vwap_reclaim age=54 min > max 10 min — skipped
2026-10-06T11:38:47 | INFO     | session_runner | Stale signal: SPY/vwap_reclaim age=114 min > max 10 min — skipped
2026-10-06T11:39:17 | INFO     | session_runner | [cycle 250] 11:39:17 ET | positions=0 | entries=0
2026-10-06T11:39:17 | INFO     | session_runner | [bridge:SPY] rsi_trend ready: sufficient bars
2026-10-06T11:39:17 | INFO     | session_runner | Stale signal: SPY/orb age=109 min > max 10 min — skipped
2026-10-06T11:39:17 | INFO     | session_runner | Stale signal: SPY/vwap_reclaim age=54 min > max 10 min — skipped
2026-10-06T11:39:17 | INFO     | session_runner | Stale signal: SPY/vwap_reclaim age=114 min > max 10 min — skipped
2026-10-06T11:39:47 | INFO     | session_runner | [cycle 251] 11:39:47 ET | positions=0 | entries=0
2026-10-06T11:39:47 | INFO     | session_runner | Periodic universe re-scan …
2026-10-06T11:39:47 | INFO     | app.scanning.universe_loader | UniverseLoader: loaded 5 groups (13 flat symbols) from config/ticker_universe.yaml (blacklist=0)
2026-10-06T11:39:47 | INFO     | app.scanning.universe_loader | UniverseLoader: 38 symbols from 4 group(s) (blacklist=0)
2026-10-06T11:39:47 | INFO     | session_runner | Universe scan: 38 symbols from 4 group(s) | max_active=6
2026-10-06T11:39:52 | INFO     | session_runner | Scan: 19 passed, 19 rejected
2026-10-06T11:39:52 | INFO     | session_runner |   AVGO    score=77.0  signal=LONG     reasons: rvol=2.30x (high), atr=2.87% (wide-range), orb_breakout
2026-10-06T11:39:52 | INFO     | session_runner |   XLE     score=75.0  signal=LONG     reasons: rvol=1.17x (normal), atr=1.85% (wide-range), orb_breakout
2026-10-06T11:39:52 | INFO     | session_runner |   AMD     score=75.0  signal=LONG     reasons: rvol=1.50x (elevated), atr=3.55% (wide-range), orb_breakout
2026-10-06T11:39:52 | INFO     | session_runner |   UBER    score=75.0  signal=SHORT    reasons: rvol=1.19x (normal), atr=2.19% (wide-range), orb_breakdown
2026-10-06T11:39:52 | INFO     | session_runner |   AMZN    score=67.0  signal=LONG     reasons: rvol=1.25x (normal), atr=2.01% (wide-range), orb_breakout
2026-10-06T11:39:53 | WARNING  | app.scanning.alpaca_confirmer | AlpacaConfirmer: cannot fetch chain for UBER 2026-10-09: Client error '401 Unauthorized' for url 'https://api.tradier.com/v1/markets/quotes?symbols=UBER261009C00050000%2CUBER261009C00055000%2CUBER261009C00057000%2CUBER261009C00058000%2CUBER261009C00059000%2CUBER261009C00060000%2CUBER261009C00061000%2CUBER261009C00062000%2CUBER261009C00063000%2CUBER261009C00064000%2CUBER261009C00065000%2CUBER261009C00066000%2CUBER261009C00067000%2CUBER261009C00068000%2CUBER261009C00069000%2CUBER261009C00070000%2CUBER261009C00071000%2CUBER261009C00072000%2CUBER261009C00073000%2CUBER261009C00074000%2CUBER261009C00075000%2CUBER261009C00076000%2CUBER261009C00077000%2CUBER261009C00078000%2CUBER261009C00079000%2CUBER261009C00080000%2CUBER261009C00081000%2CUBER261009C00082000%2CUBER261009C00083000%2CUBER261009C00084000%2CUBER261009C00085000%2CUBER261009C00086000%2CUBER261009C00087000%2CUBER261009C00088000%2CUBER261009C00089000%2CUBER261009C00090000%2CUBER261009C00091000%2CUBER261009C00095000%2CUBER261009C00100000%2CUBER261009C00105000%2CUBER261009P00050000%2CUBER261009P00055000%2CUBER261009P00057000%2CUBER261009P00058000%2CUBER261009P00059000%2CUBER261009P00060000%2CUBER261009P00061000%2CUBER261009P00062000%2CUBER261009P00063000%2CUBER261009P00064000&greeks=true'
For more information check: https://developer.mozilla.org/en-US/docs/Web/HTTP/Status/401
2026-10-06T11:39:53 | WARNING  | app.scanning.alpaca_confirmer | AlpacaConfirmer: cannot fetch chain for AMZN 2026-10-09: Client error '401 Unauthorized' for url 'https://api.tradier.com/v1/markets/quotes?symbols=AMZN261009C00140000%2CAMZN261009C00145000%2CAMZN261009C00150000%2CAMZN261009C00155000%2CAMZN261009C00160000%2CAMZN261009C00165000%2CAMZN261009C00170000%2CAMZN261009C00175000%2CAMZN261009C00180000%2CAMZN261009C00185000%2CAMZN261009C00190000%2CAMZN261009C00195000%2CAMZN261009C00200000%2CAMZN261009C00205000%2CAMZN261009C00210000%2CAMZN261009C00215000%2CAMZN261009C00220000%2CAMZN261009C00222500%2CAMZN261009C00225000%2CAMZN261009C00227500%2CAMZN261009C00230000%2CAMZN261009C00232500%2CAMZN261009C00235000%2CAMZN261009C00237500%2CAMZN261009C00240000%2CAMZN261009C00242500%2CAMZN261009C00245000%2CAMZN261009C00247500%2CAMZN261009C00250000%2CAMZN261009C00252500%2CAMZN261009C00255000%2CAMZN261009C00257500%2CAMZN261009C00260000%2CAMZN261009C00262500%2CAMZN261009C00265000%2CAMZN261009C00267500%2CAMZN261009C00270000%2CAMZN261009C00272500%2CAMZN261009C00275000%2CAMZN261009C00277500%2CAMZN261009C00280000%2CAMZN261009C00285000%2CAMZN261009C00290000%2CAMZN261009C00295000%2CAMZN261009C00300000%2CAMZN261009C00305000%2CAMZN261009C00310000%2CAMZN261009C00315000%2CAMZN261009C00320000%2CAMZN261009C00325000&greeks=true'
For more information check: https://developer.mozilla.org/en-US/docs/Web/HTTP/Status/401
2026-10-06T11:39:53 | WARNING  | app.scanning.alpaca_confirmer | AlpacaConfirmer: cannot fetch chain for HOOD 2026-10-09: Client error '401 Unauthorized' for url 'https://api.tradier.com/v1/markets/quotes?symbols=HOOD261009C00025000%2CHOOD261009C00030000%2CHOOD261009C00035000%2CHOOD261009C00040000%2CHOOD261009C00045000%2CHOOD261009C00050000%2CHOOD261009C00055000%2CHOOD261009C00060000%2CHOOD261009C00065000%2CHOOD261009C00070000%2CHOOD261009C00075000%2CHOOD261009C00080000%2CHOOD261009C00085000%2CHOOD261009C00090000%2CHOOD261009C00091000%2CHOOD261009C00092000%2CHOOD261009C00093000%2CHOOD261009C00094000%2CHOOD261009C00095000%2CHOOD261009C00096000%2CHOOD261009C00097000%2CHOOD261009C00098000%2CHOOD261009C00099000%2CHOOD261009C00100000%2CHOOD261009C00101000%2CHOOD261009C00102000%2CHOOD261009C00103000%2CHOOD261009C00104000%2CHOOD261009C00105000%2CHOOD261009C00106000%2CHOOD261009C00107000%2CHOOD261009C00108000%2CHOOD261009C00109000%2CHOOD261009C00110000%2CHOOD261009C00111000%2CHOOD261009C00112000%2CHOOD261009C00113000%2CHOOD261009C00114000%2CHOOD261009C00115000%2CHOOD261009C00116000%2CHOOD261009C00117000%2CHOOD261009C00118000%2CHOOD261009C00119000%2CHOOD261009C00120000%2CHOOD261009C00121000%2CHOOD261009C00122000%2CHOOD261009C00123000%2CHOOD261009C00124000%2CHOOD261009C00125000%2CHOOD261009C00126000&greeks=true'
For more information check: https://developer.mozilla.org/en-US/docs/Web/HTTP/Status/401
2026-10-06T11:39:53 | WARNING  | app.scanning.alpaca_confirmer | AlpacaConfirmer: cannot fetch chain for AMD 2026-10-09: Client error '401 Unauthorized' for url 'https://api.tradier.com/v1/markets/quotes?symbols=AMD261009C00040000%2CAMD261009C00045000%2CAMD261009C00050000%2CAMD261009C00055000%2CAMD261009C00060000%2CAMD261009C00065000%2CAMD261009C00070000%2CAMD261009C00075000%2CAMD261009C00080000%2CAMD261009C00085000%2CAMD261009C00090000%2CAMD261009C00095000%2CAMD261009C00100000%2CAMD261009C00105000%2CAMD261009C00110000%2CAMD261009C00115000%2CAMD261009C00120000%2CAMD261009C00125000%2CAMD261009C00130000%2CAMD261009C00135000%2CAMD261009C00140000%2CAMD261009C00145000%2CAMD261009C00150000%2CAMD261009C00155000%2CAMD261009C00160000%2CAMD261009C00165000%2CAMD261009C00170000%2CAMD261009C00175000%2CAMD261009C00180000%2CAMD261009C00185000%2CAMD261009C00190000%2CAMD261009C00195000%2CAMD261009C00200000%2CAMD261009C00205000%2CAMD261009C00210000%2CAMD261009C00215000%2CAMD261009C00220000%2CAMD261009C00225000%2CAMD261009C00230000%2CAMD261009C00235000%2CAMD261009C00240000%2CAMD261009C00245000%2CAMD261009C00250000%2CAMD261009C00255000%2CAMD261009C00260000%2CAMD261009C00265000%2CAMD261009C00270000%2CAMD261009C00275000%2CAMD261009C00280000%2CAMD261009C00285000&greeks=true'
For more information check: https://developer.mozilla.org/en-US/docs/Web/HTTP/Status/401
2026-10-06T11:39:53 | WARNING  | app.scanning.alpaca_confirmer | AlpacaConfirmer: cannot fetch chain for XLE 2026-10-09: Client error '401 Unauthorized' for url 'https://api.tradier.com/v1/markets/quotes?symbols=XLE261009C00035000%2CXLE261009C00040000%2CXLE261009C00045000%2CXLE261009C00050000%2CXLE261009C00051000%2CXLE261009C00052000%2CXLE261009C00053000%2CXLE261009C00054000%2CXLE261009C00055000%2CXLE261009C00056000%2CXLE261009C00056500%2CXLE261009C00057000%2CXLE261009C00057500%2CXLE261009C00058000%2CXLE261009C00058500%2CXLE261009C00059000%2CXLE261009C00059500%2CXLE261009C00060000%2CXLE261009C00060500%2CXLE261009C00061000%2CXLE261009C00061500%2CXLE261009C00062000%2CXLE261009C00062500%2CXLE261009C00063000%2CXLE261009C00063500%2CXLE261009C00064000%2CXLE261009C00064500%2CXLE261009C00065000%2CXLE261009C00065500%2CXLE261009C00066000%2CXLE261009C00066500%2CXLE261009C00067000%2CXLE261009C00067500%2CXLE261009C00068000%2CXLE261009C00068500%2CXLE261009C00069000%2CXLE261009C00070000%2CXLE261009C00071000%2CXLE261009C00075000%2CXLE261009C00080000%2CXLE261009P00035000%2CXLE261009P00040000%2CXLE261009P00045000%2CXLE261009P00050000%2CXLE261009P00051000%2CXLE261009P00052000%2CXLE261009P00053000%2CXLE261009P00054000%2CXLE261009P00055000%2CXLE261009P00056000&greeks=true'
For more information check: https://developer.mozilla.org/en-US/docs/Web/HTTP/Status/401
2026-10-06T11:39:53 | WARNING  | app.scanning.alpaca_confirmer | AlpacaConfirmer: cannot fetch chain for LYFT 2026-10-09: Client error '401 Unauthorized' for url 'https://api.tradier.com/v1/markets/quotes?symbols=LYFT261009C00005000%2CLYFT261009C00008000%2CLYFT261009C00009000%2CLYFT261009C00010000%2CLYFT261009C00010500%2CLYFT261009C00011000%2CLYFT261009C00011500%2CLYFT261009C00012000%2CLYFT261009C00012500%2CLYFT261009C00013000%2CLYFT261009C00013500%2CLYFT261009C00014000%2CLYFT261009C00014500%2CLYFT261009C00015000%2CLYFT261009C00015500%2CLYFT261009C00016000%2CLYFT261009C00016500%2CLYFT261009C00017000%2CLYFT261009C00017500%2CLYFT261009C00018000%2CLYFT261009C00018500%2CLYFT261009C00019000%2CLYFT261009C00019500%2CLYFT261009C00020000%2CLYFT261009C00020500%2CLYFT261009C00021000%2CLYFT261009C00021500%2CLYFT261009C00022000%2CLYFT261009C00022500%2CLYFT261009C00023000%2CLYFT261009C00024000%2CLYFT261009C00025000%2CLYFT261009P00005000%2CLYFT261009P00008000%2CLYFT261009P00009000%2CLYFT261009P00010000%2CLYFT261009P00010500%2CLYFT261009P00011000%2CLYFT261009P00011500%2CLYFT261009P00012000%2CLYFT261009P00012500%2CLYFT261009P00013000%2CLYFT261009P00013500%2CLYFT261009P00014000%2CLYFT261009P00014500%2CLYFT261009P00015000%2CLYFT261009P00015500%2CLYFT261009P00016000%2CLYFT261009P00016500%2CLYFT261009P00017000&greeks=true'
For more information check: https://developer.mozilla.org/en-US/docs/Web/HTTP/Status/401
2026-10-06T11:39:53 | WARNING  | app.scanning.alpaca_confirmer | AlpacaConfirmer: cannot fetch chain for MSFT 2026-10-09: Client error '401 Unauthorized' for url 'https://api.tradier.com/v1/markets/quotes?symbols=MSFT261009C00270000%2CMSFT261009C00280000%2CMSFT261009C00290000%2CMSFT261009C00300000%2CMSFT261009C00305000%2CMSFT261009C00310000%2CMSFT261009C00315000%2CMSFT261009C00320000%2CMSFT261009C00325000%2CMSFT261009C00330000%2CMSFT261009C00335000%2CMSFT261009C00340000%2CMSFT261009C00345000%2CMSFT261009C00350000%2CMSFT261009C00355000%2CMSFT261009C00360000%2CMSFT261009C00365000%2CMSFT261009C00370000%2CMSFT261009C00375000%2CMSFT261009C00380000%2CMSFT261009C00385000%2CMSFT261009C00390000%2CMSFT261009C00395000%2CMSFT261009C00400000%2CMSFT261009C00405000%2CMSFT261009C00410000%2CMSFT261009C00415000%2CMSFT261009C00420000%2CMSFT261009C00425000%2CMSFT261009C00430000%2CMSFT261009C00435000%2CMSFT261009C00440000%2CMSFT261009C00445000%2CMSFT261009C00450000%2CMSFT261009C00455000%2CMSFT261009C00457500%2CMSFT261009C00460000%2CMSFT261009C00462500%2CMSFT261009C00465000%2CMSFT261009C00467500%2CMSFT261009C00470000%2CMSFT261009C00472500%2CMSFT261009C00475000%2CMSFT261009C00477500%2CMSFT261009C00480000%2CMSFT261009C00482500%2CMSFT261009C00485000%2CMSFT261009C00487500%2CMSFT261009C00490000%2CMSFT261009C00492500&greeks=true'
For more information check: https://developer.mozilla.org/en-US/docs/Web/HTTP/Status/401
2026-10-06T11:39:53 | WARNING  | app.scanning.alpaca_confirmer | AlpacaConfirmer: cannot fetch chain for GOOGL 2026-10-09: Client error '401 Unauthorized' for url 'https://api.tradier.com/v1/markets/quotes?symbols=GOOGL261009C00100000%2CGOOGL261009C00105000%2CGOOGL261009C00110000%2CGOOGL261009C00115000%2CGOOGL261009C00120000%2CGOOGL261009C00125000%2CGOOGL261009C00130000%2CGOOGL261009C00135000%2CGOOGL261009C00140000%2CGOOGL261009C00145000%2CGOOGL261009C00150000%2CGOOGL261009C00155000%2CGOOGL261009C00160000%2CGOOGL261009C00165000%2CGOOGL261009C00170000%2CGOOGL261009C00175000%2CGOOGL261009C00180000%2CGOOGL261009C00185000%2CGOOGL261009C00190000%2CGOOGL261009C00195000%2CGOOGL261009C00200000%2CGOOGL261009C00205000%2CGOOGL261009C00210000%2CGOOGL261009C00215000%2CGOOGL261009C00220000%2CGOOGL261009C00225000%2CGOOGL261009C00230000%2CGOOGL261009C00235000%2CGOOGL261009C00240000%2CGOOGL261009C00245000%2CGOOGL261009C00250000%2CGOOGL261009C00255000%2CGOOGL261009C00260000%2CGOOGL261009C00265000%2CGOOGL261009C00270000%2CGOOGL261009C00275000%2CGOOGL261009C00280000%2CGOOGL261009C00285000%2CGOOGL261009C00290000%2CGOOGL261009C00295000%2CGOOGL261009C00300000%2CGOOGL261009C00305000%2CGOOGL261009C00307500%2CGOOGL261009C00310000%2CGOOGL261009C00312500%2CGOOGL261009C00315000%2CGOOGL261009C00317500%2CGOOGL261009C00320000%2CGOOGL261009C00322500%2CGOOGL261009C00325000&greeks=true'
For more information check: https://developer.mozilla.org/en-US/docs/Web/HTTP/Status/401
2026-10-06T11:39:53 | WARNING  | app.scanning.alpaca_confirmer | AlpacaConfirmer: cannot fetch chain for QQQ 2026-10-08: Client error '401 Unauthorized' for url 'https://api.tradier.com/v1/markets/quotes?symbols=QQQ261008C00500000%2CQQQ261008C00505000%2CQQQ261008C00510000%2CQQQ261008C00515000%2CQQQ261008C00520000%2CQQQ261008C00525000%2CQQQ261008C00530000%2CQQQ261008C00535000%2CQQQ261008C00540000%2CQQQ261008C00545000%2CQQQ261008C00550000%2CQQQ261008C00555000%2CQQQ261008C00560000%2CQQQ261008C00565000%2CQQQ261008C00570000%2CQQQ261008C00575000%2CQQQ261008C00580000%2CQQQ261008C00585000%2CQQQ261008C00590000%2CQQQ261008C00595000%2CQQQ261008C00600000%2CQQQ261008C00605000%2CQQQ261008C00610000%2CQQQ261008C00615000%2CQQQ261008C00620000%2CQQQ261008C00625000%2CQQQ261008C00630000%2CQQQ261008C00635000%2CQQQ261008C00640000%2CQQQ261008C00645000%2CQQQ261008C00650000%2CQQQ261008C00655000%2CQQQ261008C00660000%2CQQQ261008C00665000%2CQQQ261008C00670000%2CQQQ261008C00675000%2CQQQ261008C00680000%2CQQQ261008C00685000%2CQQQ261008C00690000%2CQQQ261008C00691000%2CQQQ261008C00692000%2CQQQ261008C00693000%2CQQQ261008C00694000%2CQQQ261008C00695000%2CQQQ261008C00696000%2CQQQ261008C00697000%2CQQQ261008C00698000%2CQQQ261008C00699000%2CQQQ261008C00700000%2CQQQ261008C00701000&greeks=true'
For more information check: https://developer.mozilla.org/en-US/docs/Web/HTTP/Status/401
2026-10-06T11:39:53 | WARNING  | app.scanning.alpaca_confirmer | AlpacaConfirmer: cannot fetch chain for SPY 2026-10-08: Client error '401 Unauthorized' for url 'https://api.tradier.com/v1/markets/quotes?symbols=SPY261008C00550000%2CSPY261008C00555000%2CSPY261008C00560000%2CSPY261008C00565000%2CSPY261008C00570000%2CSPY261008C00575000%2CSPY261008C00580000%2CSPY261008C00585000%2CSPY261008C00590000%2CSPY261008C00595000%2CSPY261008C00600000%2CSPY261008C00605000%2CSPY261008C00610000%2CSPY261008C00615000%2CSPY261008C00620000%2CSPY261008C00625000%2CSPY261008C00630000%2CSPY261008C00635000%2CSPY261008C00640000%2CSPY261008C00645000%2CSPY261008C00650000%2CSPY261008C00655000%2CSPY261008C00660000%2CSPY261008C00665000%2CSPY261008C00670000%2CSPY261008C00675000%2CSPY261008C00680000%2CSPY261008C00685000%2CSPY261008C00690000%2CSPY261008C00695000%2CSPY261008C00700000%2CSPY261008C00705000%2CSPY261008C00710000%2CSPY261008C00715000%2CSPY261008C00720000%2CSPY261008C00723000%2CSPY261008C00724000%2CSPY261008C00725000%2CSPY261008C00726000%2CSPY261008C00727000%2CSPY261008C00728000%2CSPY261008C00729000%2CSPY261008C00730000%2CSPY261008C00731000%2CSPY261008C00732000%2CSPY261008C00733000%2CSPY261008C00734000%2CSPY261008C00735000%2CSPY261008C00736000%2CSPY261008C00737000&greeks=true'
For more information check: https://developer.mozilla.org/en-US/docs/Web/HTTP/Status/401
2026-10-06T11:39:53 | WARNING  | app.scanning.alpaca_confirmer | AlpacaConfirmer: cannot fetch chain for AVGO 2026-10-09: Client error '401 Unauthorized' for url 'https://api.tradier.com/v1/markets/quotes?symbols=AVGO261009C00210000%2CAVGO261009C00215000%2CAVGO261009C00220000%2CAVGO261009C00225000%2CAVGO261009C00230000%2CAVGO261009C00235000%2CAVGO261009C00240000%2CAVGO261009C00245000%2CAVGO261009C00250000%2CAVGO261009C00255000%2CAVGO261009C00260000%2CAVGO261009C00265000%2CAVGO261009C00270000%2CAVGO261009C00275000%2CAVGO261009C00280000%2CAVGO261009C00285000%2CAVGO261009C00290000%2CAVGO261009C00295000%2CAVGO261009C00300000%2CAVGO261009C00305000%2CAVGO261009C00310000%2CAVGO261009C00315000%2CAVGO261009C00317500%2CAVGO261009C00320000%2CAVGO261009C00322500%2CAVGO261009C00325000%2CAVGO261009C00327500%2CAVGO261009C00330000%2CAVGO261009C00332500%2CAVGO261009C00335000%2CAVGO261009C00337500%2CAVGO261009C00340000%2CAVGO261009C00342500%2CAVGO261009C00345000%2CAVGO261009C00347500%2CAVGO261009C00350000%2CAVGO261009C00352500%2CAVGO261009C00355000%2CAVGO261009C00357500%2CAVGO261009C00360000%2CAVGO261009C00362500%2CAVGO261009C00365000%2CAVGO261009C00367500%2CAVGO261009C00370000%2CAVGO261009C00372500%2CAVGO261009C00375000%2CAVGO261009C00377500%2CAVGO261009C00380000%2CAVGO261009C00382500%2CAVGO261009C00385000&greeks=true'
For more information check: https://developer.mozilla.org/en-US/docs/Web/HTTP/Status/401
2026-10-06T11:39:53 | WARNING  | app.scanning.alpaca_confirmer | AlpacaConfirmer: cannot fetch chain for IWM 2026-10-08: Client error '401 Unauthorized' for url 'https://api.tradier.com/v1/markets/quotes?symbols=IWM261008C00180000%2CIWM261008C00190000%2CIWM261008C00200000%2CIWM261008C00205000%2CIWM261008C00210000%2CIWM261008C00215000%2CIWM261008C00220000%2CIWM261008C00225000%2CIWM261008C00230000%2CIWM261008C00235000%2CIWM261008C00240000%2CIWM261008C00245000%2CIWM261008C00250000%2CIWM261008C00255000%2CIWM261008C00260000%2CIWM261008C00261000%2CIWM261008C00262000%2CIWM261008C00263000%2CIWM261008C00264000%2CIWM261008C00265000%2CIWM261008C00266000%2CIWM261008C00267000%2CIWM261008C00268000%2CIWM261008C00269000%2CIWM261008C00270000%2CIWM261008C00271000%2CIWM261008C00272000%2CIWM261008C00273000%2CIWM261008C00274000%2CIWM261008C00275000%2CIWM261008C00276000%2CIWM261008C00277000%2CIWM261008C00278000%2CIWM261008C00279000%2CIWM261008C00280000%2CIWM261008C00281000%2CIWM261008C00282000%2CIWM261008C00283000%2CIWM261008C00284000%2CIWM261008C00285000%2CIWM261008C00286000%2CIWM261008C00287000%2CIWM261008C00288000%2CIWM261008C00289000%2CIWM261008C00290000%2CIWM261008C00291000%2CIWM261008C00292000%2CIWM261008C00293000%2CIWM261008C00294000%2CIWM261008C00295000&greeks=true'
For more information check: https://developer.mozilla.org/en-US/docs/Web/HTTP/Status/401
2026-10-06T11:39:53 | INFO     | session_runner | AlpacaConfirmer: 0 confirmed symbols: []
2026-10-06T11:39:53 | WARNING  | session_runner | Re-scan returned no confirmed symbols — falling back to ['SPY']
2026-10-06T11:39:53 | INFO     | session_runner | Broad-market regime | SPY=long
2026-10-06T11:39:53 | INFO     | session_runner | [bridge:SPY] rsi_trend ready: sufficient bars
2026-10-06T11:39:53 | INFO     | session_runner | Stale signal: SPY/orb age=110 min > max 10 min — skipped
2026-10-06T11:39:53 | INFO     | session_runner | Stale signal: SPY/vwap_reclaim age=55 min > max 10 min — skipped
2026-10-06T11:39:53 | INFO     | session_runner | Stale signal: SPY/vwap_reclaim age=115 min > max 10 min — skipped
2026-10-06T11:40:23 | INFO     | session_runner | [cycle 252] 11:40:23 ET | positions=0 | entries=0
2026-10-06T11:40:24 | INFO     | session_runner | [bridge:SPY] rsi_trend ready: sufficient bars
2026-10-06T11:40:24 | INFO     | session_runner | Stale signal: SPY/orb age=110 min > max 10 min — skipped
2026-10-06T11:40:24 | INFO     | session_runner | Stale signal: SPY/vwap_reclaim age=55 min > max 10 min — skipped
2026-10-06T11:40:24 | INFO     | session_runner | Stale signal: SPY/vwap_reclaim age=115 min > max 10 min — skipped
2026-10-06T11:40:54 | INFO     | session_runner | [cycle 253] 11:40:54 ET | positions=0 | entries=0
2026-10-06T11:40:55 | INFO     | session_runner | [bridge:SPY] rsi_trend ready: sufficient bars
2026-10-06T11:40:55 | INFO     | session_runner | Stale signal: SPY/orb age=111 min > max 10 min — skipped
2026-10-06T11:40:55 | INFO     | session_runner | Stale signal: SPY/vwap_reclaim age=56 min > max 10 min — skipped
2026-10-06T11:40:55 | INFO     | session_runner | Stale signal: SPY/vwap_reclaim age=116 min > max 10 min — skipped
2026-10-06T11:41:25 | INFO     | session_runner | [cycle 254] 11:41:25 ET | positions=0 | entries=0
2026-10-06T11:41:25 | INFO     | session_runner | [bridge:SPY] rsi_trend ready: sufficient bars
2026-10-06T11:41:25 | INFO     | session_runner | Stale signal: SPY/orb age=111 min > max 10 min — skipped
2026-10-06T11:41:25 | INFO     | session_runner | Stale signal: SPY/vwap_reclaim age=56 min > max 10 min — skipped
2026-10-06T11:41:25 | INFO     | session_runner | Stale signal: SPY/vwap_reclaim age=116 min > max 10 min — skipped
2026-10-06T11:41:55 | INFO     | session_runner | [cycle 255] 11:41:55 ET | positions=0 | entries=0
2026-10-06T11:41:56 | INFO     | session_runner | [bridge:SPY] rsi_trend ready: sufficient bars
2026-10-06T11:41:56 | INFO     | session_runner | Stale signal: SPY/orb age=112 min > max 10 min — skipped
2026-10-06T11:41:56 | INFO     | session_runner | Stale signal: SPY/vwap_reclaim age=57 min > max 10 min — skipped
2026-10-06T11:41:56 | INFO     | session_runner | Stale signal: SPY/vwap_reclaim age=117 min > max 10 min — skipped
2026-10-06T11:42:26 | INFO     | session_runner | [cycle 256] 11:42:26 ET | positions=0 | entries=0
2026-10-06T11:42:26 | INFO     | session_runner | [bridge:SPY] rsi_trend ready: sufficient bars
2026-10-06T11:42:26 | INFO     | session_runner | Stale signal: SPY/orb age=112 min > max 10 min — skipped
2026-10-06T11:42:26 | INFO     | session_runner | Stale signal: SPY/vwap_reclaim age=57 min > max 10 min — skipped
2026-10-06T11:42:26 | INFO     | session_runner | Stale signal: SPY/vwap_reclaim age=117 min > max 10 min — skipped
2026-10-06T11:42:56 | INFO     | session_runner | [cycle 257] 11:42:56 ET | positions=0 | entries=0
2026-10-06T11:42:57 | INFO     | session_runner | [bridge:SPY] rsi_trend ready: sufficient bars
2026-10-06T11:42:57 | INFO     | session_runner | Stale signal: SPY/orb age=113 min > max 10 min — skipped
2026-10-06T11:42:57 | INFO     | session_runner | Stale signal: SPY/vwap_reclaim age=58 min > max 10 min — skipped
2026-10-06T11:42:57 | INFO     | session_runner | Stale signal: SPY/vwap_reclaim age=118 min > max 10 min — skipped
2026-10-06T11:43:27 | INFO     | session_runner | [cycle 258] 11:43:27 ET | positions=0 | entries=0
2026-10-06T11:43:27 | INFO     | session_runner | [bridge:SPY] rsi_trend ready: sufficient bars
2026-10-06T11:43:27 | INFO     | session_runner | Stale signal: SPY/orb age=113 min > max 10 min — skipped
2026-10-06T11:43:27 | INFO     | session_runner | Stale signal: SPY/vwap_reclaim age=58 min > max 10 min — skipped
2026-10-06T11:43:27 | INFO     | session_runner | Stale signal: SPY/vwap_reclaim age=118 min > max 10 min — skipped
2026-10-06T11:43:57 | INFO     | session_runner | [cycle 259] 11:43:57 ET | positions=0 | entries=0
2026-10-06T11:43:58 | INFO     | session_runner | [bridge:SPY] rsi_trend ready: sufficient bars
2026-10-06T11:43:58 | INFO     | session_runner | Stale signal: SPY/orb age=114 min > max 10 min — skipped
2026-10-06T11:43:58 | INFO     | session_runner | Stale signal: SPY/vwap_reclaim age=59 min > max 10 min — skipped
2026-10-06T11:43:58 | INFO     | session_runner | Stale signal: SPY/vwap_reclaim age=119 min > max 10 min — skipped
2026-10-06T11:44:28 | INFO     | session_runner | [cycle 260] 11:44:28 ET | positions=0 | entries=0
2026-10-06T11:44:28 | INFO     | session_runner | [bridge:SPY] rsi_trend ready: sufficient bars
2026-10-06T11:44:28 | INFO     | session_runner | Stale signal: SPY/orb age=114 min > max 10 min — skipped
2026-10-06T11:44:28 | INFO     | session_runner | Stale signal: SPY/vwap_reclaim age=59 min > max 10 min — skipped
2026-10-06T11:44:28 | INFO     | session_runner | Stale signal: SPY/vwap_reclaim age=119 min > max 10 min — skipped
2026-10-06T11:44:58 | INFO     | session_runner | [cycle 261] 11:44:58 ET | positions=0 | entries=0
2026-10-06T11:44:58 | INFO     | app.trading.reconciler | Reconciliation done: broker_pos=0 local_pos=0 broker_orders=0 local_pending=0 repaired=0 flagged=0 orders_confirmed=True positions_confirmed=True
2026-10-06T11:44:58 | INFO     | session_runner | Periodic universe re-scan …
2026-10-06T11:44:58 | INFO     | app.scanning.universe_loader | UniverseLoader: loaded 5 groups (13 flat symbols) from config/ticker_universe.yaml (blacklist=0)
2026-10-06T11:44:58 | INFO     | app.scanning.universe_loader | UniverseLoader: 38 symbols from 4 group(s) (blacklist=0)
2026-10-06T11:44:58 | INFO     | session_runner | Universe scan: 38 symbols from 4 group(s) | max_active=6
2026-10-06T11:45:04 | INFO     | session_runner | Scan: 18 passed, 20 rejected
2026-10-06T11:45:04 | INFO     | session_runner |   AVGO    score=77.0  signal=LONG     reasons: rvol=2.24x (high), atr=2.87% (wide-range), orb_breakout
2026-10-06T11:45:04 | INFO     | session_runner |   XLE     score=75.0  signal=LONG     reasons: rvol=1.13x (normal), atr=1.86% (wide-range), orb_breakout
2026-10-06T11:45:04 | INFO     | session_runner |   UBER    score=75.0  signal=SHORT    reasons: rvol=1.19x (normal), atr=2.20% (wide-range), orb_breakdown
2026-10-06T11:45:04 | INFO     | session_runner |   RIVN    score=70.0  signal=SHORT    reasons: atr=4.22% (wide-range), orb_breakdown, trend_down
2026-10-06T11:45:04 | INFO     | session_runner |   AMZN    score=67.0  signal=LONG     reasons: rvol=1.23x (normal), atr=2.01% (wide-range), orb_breakout
2026-10-06T11:45:04 | WARNING  | app.scanning.alpaca_confirmer | AlpacaConfirmer: cannot fetch chain for SPY 2026-10-08: Client error '401 Unauthorized' for url 'https://api.tradier.com/v1/markets/quotes?symbols=SPY261008C00550000%2CSPY261008C00555000%2CSPY261008C00560000%2CSPY261008C00565000%2CSPY261008C00570000%2CSPY261008C00575000%2CSPY261008C00580000%2CSPY261008C00585000%2CSPY261008C00590000%2CSPY261008C00595000%2CSPY261008C00600000%2CSPY261008C00605000%2CSPY261008C00610000%2CSPY261008C00615000%2CSPY261008C00620000%2CSPY261008C00625000%2CSPY261008C00630000%2CSPY261008C00635000%2CSPY261008C00640000%2CSPY261008C00645000%2CSPY261008C00650000%2CSPY261008C00655000%2CSPY261008C00660000%2CSPY261008C00665000%2CSPY261008C00670000%2CSPY261008C00675000%2CSPY261008C00680000%2CSPY261008C00685000%2CSPY261008C00690000%2CSPY261008C00695000%2CSPY261008C00700000%2CSPY261008C00705000%2CSPY261008C00710000%2CSPY261008C00715000%2CSPY261008C00720000%2CSPY261008C00723000%2CSPY261008C00724000%2CSPY261008C00725000%2CSPY261008C00726000%2CSPY261008C00727000%2CSPY261008C00728000%2CSPY261008C00729000%2CSPY261008C00730000%2CSPY261008C00731000%2CSPY261008C00732000%2CSPY261008C00733000%2CSPY261008C00734000%2CSPY261008C00735000%2CSPY261008C00736000%2CSPY261008C00737000&greeks=true'
For more information check: https://developer.mozilla.org/en-US/docs/Web/HTTP/Status/401
2026-10-06T11:45:04 | WARNING  | app.scanning.alpaca_confirmer | AlpacaConfirmer: cannot fetch chain for AMD 2026-10-09: Client error '401 Unauthorized' for url 'https://api.tradier.com/v1/markets/quotes?symbols=AMD261009C00040000%2CAMD261009C00045000%2CAMD261009C00050000%2CAMD261009C00055000%2CAMD261009C00060000%2CAMD261009C00065000%2CAMD261009C00070000%2CAMD261009C00075000%2CAMD261009C00080000%2CAMD261009C00085000%2CAMD261009C00090000%2CAMD261009C00095000%2CAMD261009C00100000%2CAMD261009C00105000%2CAMD261009C00110000%2CAMD261009C00115000%2CAMD261009C00120000%2CAMD261009C00125000%2CAMD261009C00130000%2CAMD261009C00135000%2CAMD261009C00140000%2CAMD261009C00145000%2CAMD261009C00150000%2CAMD261009C00155000%2CAMD261009C00160000%2CAMD261009C00165000%2CAMD261009C00170000%2CAMD261009C00175000%2CAMD261009C00180000%2CAMD261009C00185000%2CAMD261009C00190000%2CAMD261009C00195000%2CAMD261009C00200000%2CAMD261009C00205000%2CAMD261009C00210000%2CAMD261009C00215000%2CAMD261009C00220000%2CAMD261009C00225000%2CAMD261009C00230000%2CAMD261009C00235000%2CAMD261009C00240000%2CAMD261009C00245000%2CAMD261009C00250000%2CAMD261009C00255000%2CAMD261009C00260000%2CAMD261009C00265000%2CAMD261009C00270000%2CAMD261009C00275000%2CAMD261009C00280000%2CAMD261009C00285000&greeks=true'
For more information check: https://developer.mozilla.org/en-US/docs/Web/HTTP/Status/401
2026-10-06T11:45:04 | WARNING  | app.scanning.alpaca_confirmer | AlpacaConfirmer: cannot fetch chain for UBER 2026-10-09: Client error '401 Unauthorized' for url 'https://api.tradier.com/v1/markets/quotes?symbols=UBER261009C00050000%2CUBER261009C00055000%2CUBER261009C00057000%2CUBER261009C00058000%2CUBER261009C00059000%2CUBER261009C00060000%2CUBER261009C00061000%2CUBER261009C00062000%2CUBER261009C00063000%2CUBER261009C00064000%2CUBER261009C00065000%2CUBER261009C00066000%2CUBER261009C00067000%2CUBER261009C00068000%2CUBER261009C00069000%2CUBER261009C00070000%2CUBER261009C00071000%2CUBER261009C00072000%2CUBER261009C00073000%2CUBER261009C00074000%2CUBER261009C00075000%2CUBER261009C00076000%2CUBER261009C00077000%2CUBER261009C00078000%2CUBER261009C00079000%2CUBER261009C00080000%2CUBER261009C00081000%2CUBER261009C00082000%2CUBER261009C00083000%2CUBER261009C00084000%2CUBER261009C00085000%2CUBER261009C00086000%2CUBER261009C00087000%2CUBER261009C00088000%2CUBER261009C00089000%2CUBER261009C00090000%2CUBER261009C00091000%2CUBER261009C00095000%2CUBER261009C00100000%2CUBER261009C00105000%2CUBER261009P00050000%2CUBER261009P00055000%2CUBER261009P00057000%2CUBER261009P00058000%2CUBER261009P00059000%2CUBER261009P00060000%2CUBER261009P00061000%2CUBER261009P00062000%2CUBER261009P00063000%2CUBER261009P00064000&greeks=true'
For more information check: https://developer.mozilla.org/en-US/docs/Web/HTTP/Status/401
2026-10-06T11:45:04 | WARNING  | app.scanning.alpaca_confirmer | AlpacaConfirmer: cannot fetch chain for XLE 2026-10-09: Client error '401 Unauthorized' for url 'https://api.tradier.com/v1/markets/quotes?symbols=XLE261009C00035000%2CXLE261009C00040000%2CXLE261009C00045000%2CXLE261009C00050000%2CXLE261009C00051000%2CXLE261009C00052000%2CXLE261009C00053000%2CXLE261009C00054000%2CXLE261009C00055000%2CXLE261009C00056000%2CXLE261009C00056500%2CXLE261009C00057000%2CXLE261009C00057500%2CXLE261009C00058000%2CXLE261009C00058500%2CXLE261009C00059000%2CXLE261009C00059500%2CXLE261009C00060000%2CXLE261009C00060500%2CXLE261009C00061000%2CXLE261009C00061500%2CXLE261009C00062000%2CXLE261009C00062500%2CXLE261009C00063000%2CXLE261009C00063500%2CXLE261009C00064000%2CXLE261009C00064500%2CXLE261009C00065000%2CXLE261009C00065500%2CXLE261009C00066000%2CXLE261009C00066500%2CXLE261009C00067000%2CXLE261009C00067500%2CXLE261009C00068000%2CXLE261009C00068500%2CXLE261009C00069000%2CXLE261009C00070000%2CXLE261009C00071000%2CXLE261009C00075000%2CXLE261009C00080000%2CXLE261009P00035000%2CXLE261009P00040000%2CXLE261009P00045000%2CXLE261009P00050000%2CXLE261009P00051000%2CXLE261009P00052000%2CXLE261009P00053000%2CXLE261009P00054000%2CXLE261009P00055000%2CXLE261009P00056000&greeks=true'
For more information check: https://developer.mozilla.org/en-US/docs/Web/HTTP/Status/401
2026-10-06T11:45:04 | WARNING  | app.scanning.alpaca_confirmer | AlpacaConfirmer: cannot fetch chain for IWM 2026-10-08: Client error '401 Unauthorized' for url 'https://api.tradier.com/v1/markets/quotes?symbols=IWM261008C00180000%2CIWM261008C00190000%2CIWM261008C00200000%2CIWM261008C00205000%2CIWM261008C00210000%2CIWM261008C00215000%2CIWM261008C00220000%2CIWM261008C00225000%2CIWM261008C00230000%2CIWM261008C00235000%2CIWM261008C00240000%2CIWM261008C00245000%2CIWM261008C00250000%2CIWM261008C00255000%2CIWM261008C00260000%2CIWM261008C00261000%2CIWM261008C00262000%2CIWM261008C00263000%2CIWM261008C00264000%2CIWM261008C00265000%2CIWM261008C00266000%2CIWM261008C00267000%2CIWM261008C00268000%2CIWM261008C00269000%2CIWM261008C00270000%2CIWM261008C00271000%2CIWM261008C00272000%2CIWM261008C00273000%2CIWM261008C00274000%2CIWM261008C00275000%2CIWM261008C00276000%2CIWM261008C00277000%2CIWM261008C00278000%2CIWM261008C00279000%2CIWM261008C00280000%2CIWM261008C00281000%2CIWM261008C00282000%2CIWM261008C00283000%2CIWM261008C00284000%2CIWM261008C00285000%2CIWM261008C00286000%2CIWM261008C00287000%2CIWM261008C00288000%2CIWM261008C00289000%2CIWM261008C00290000%2CIWM261008C00291000%2CIWM261008C00292000%2CIWM261008C00293000%2CIWM261008C00294000%2CIWM261008C00295000&greeks=true'
For more information check: https://developer.mozilla.org/en-US/docs/Web/HTTP/Status/401
2026-10-06T11:45:04 | WARNING  | app.scanning.alpaca_confirmer | AlpacaConfirmer: cannot fetch chain for AMZN 2026-10-09: Client error '401 Unauthorized' for url 'https://api.tradier.com/v1/markets/quotes?symbols=AMZN261009C00140000%2CAMZN261009C00145000%2CAMZN261009C00150000%2CAMZN261009C00155000%2CAMZN261009C00160000%2CAMZN261009C00165000%2CAMZN261009C00170000%2CAMZN261009C00175000%2CAMZN261009C00180000%2CAMZN261009C00185000%2CAMZN261009C00190000%2CAMZN261009C00195000%2CAMZN261009C00200000%2CAMZN261009C00205000%2CAMZN261009C00210000%2CAMZN261009C00215000%2CAMZN261009C00220000%2CAMZN261009C00222500%2CAMZN261009C00225000%2CAMZN261009C00227500%2CAMZN261009C00230000%2CAMZN261009C00232500%2CAMZN261009C00235000%2CAMZN261009C00237500%2CAMZN261009C00240000%2CAMZN261009C00242500%2CAMZN261009C00245000%2CAMZN261009C00247500%2CAMZN261009C00250000%2CAMZN261009C00252500%2CAMZN261009C00255000%2CAMZN261009C00257500%2CAMZN261009C00260000%2CAMZN261009C00262500%2CAMZN261009C00265000%2CAMZN261009C00267500%2CAMZN261009C00270000%2CAMZN261009C00272500%2CAMZN261009C00275000%2CAMZN261009C00277500%2CAMZN261009C00280000%2CAMZN261009C00285000%2CAMZN261009C00290000%2CAMZN261009C00295000%2CAMZN261009C00300000%2CAMZN261009C00305000%2CAMZN261009C00310000%2CAMZN261009C00315000%2CAMZN261009C00320000%2CAMZN261009C00325000&greeks=true'
For more information check: https://developer.mozilla.org/en-US/docs/Web/HTTP/Status/401
2026-10-06T11:45:04 | WARNING  | app.scanning.alpaca_confirmer | AlpacaConfirmer: cannot fetch chain for QQQ 2026-10-08: Client error '401 Unauthorized' for url 'https://api.tradier.com/v1/markets/quotes?symbols=QQQ261008C00500000%2CQQQ261008C00505000%2CQQQ261008C00510000%2CQQQ261008C00515000%2CQQQ261008C00520000%2CQQQ261008C00525000%2CQQQ261008C00530000%2CQQQ261008C00535000%2CQQQ261008C00540000%2CQQQ261008C00545000%2CQQQ261008C00550000%2CQQQ261008C00555000%2CQQQ261008C00560000%2CQQQ261008C00565000%2CQQQ261008C00570000%2CQQQ261008C00575000%2CQQQ261008C00580000%2CQQQ261008C00585000%2CQQQ261008C00590000%2CQQQ261008C00595000%2CQQQ261008C00600000%2CQQQ261008C00605000%2CQQQ261008C00610000%2CQQQ261008C00615000%2CQQQ261008C00620000%2CQQQ261008C00625000%2CQQQ261008C00630000%2CQQQ261008C00635000%2CQQQ261008C00640000%2CQQQ261008C00645000%2CQQQ261008C00650000%2CQQQ261008C00655000%2CQQQ261008C00660000%2CQQQ261008C00665000%2CQQQ261008C00670000%2CQQQ261008C00675000%2CQQQ261008C00680000%2CQQQ261008C00685000%2CQQQ261008C00690000%2CQQQ261008C00691000%2CQQQ261008C00692000%2CQQQ261008C00693000%2CQQQ261008C00694000%2CQQQ261008C00695000%2CQQQ261008C00696000%2CQQQ261008C00697000%2CQQQ261008C00698000%2CQQQ261008C00699000%2CQQQ261008C00700000%2CQQQ261008C00701000&greeks=true'
For more information check: https://developer.mozilla.org/en-US/docs/Web/HTTP/Status/401
2026-10-06T11:45:04 | WARNING  | app.scanning.alpaca_confirmer | AlpacaConfirmer: cannot fetch chain for AVGO 2026-10-09: Client error '401 Unauthorized' for url 'https://api.tradier.com/v1/markets/quotes?symbols=AVGO261009C00210000%2CAVGO261009C00215000%2CAVGO261009C00220000%2CAVGO261009C00225000%2CAVGO261009C00230000%2CAVGO261009C00235000%2CAVGO261009C00240000%2CAVGO261009C00245000%2CAVGO261009C00250000%2CAVGO261009C00255000%2CAVGO261009C00260000%2CAVGO261009C00265000%2CAVGO261009C00270000%2CAVGO261009C00275000%2CAVGO261009C00280000%2CAVGO261009C00285000%2CAVGO261009C00290000%2CAVGO261009C00295000%2CAVGO261009C00300000%2CAVGO261009C00305000%2CAVGO261009C00310000%2CAVGO261009C00315000%2CAVGO261009C00317500%2CAVGO261009C00320000%2CAVGO261009C00322500%2CAVGO261009C00325000%2CAVGO261009C00327500%2CAVGO261009C00330000%2CAVGO261009C00332500%2CAVGO261009C00335000%2CAVGO261009C00337500%2CAVGO261009C00340000%2CAVGO261009C00342500%2CAVGO261009C00345000%2CAVGO261009C00347500%2CAVGO261009C00350000%2CAVGO261009C00352500%2CAVGO261009C00355000%2CAVGO261009C00357500%2CAVGO261009C00360000%2CAVGO261009C00362500%2CAVGO261009C00365000%2CAVGO261009C00367500%2CAVGO261009C00370000%2CAVGO261009C00372500%2CAVGO261009C00375000%2CAVGO261009C00377500%2CAVGO261009C00380000%2CAVGO261009C00382500%2CAVGO261009C00385000&greeks=true'
For more information check: https://developer.mozilla.org/en-US/docs/Web/HTTP/Status/401
2026-10-06T11:45:04 | WARNING  | app.scanning.alpaca_confirmer | AlpacaConfirmer: cannot fetch chain for LYFT 2026-10-09: Client error '401 Unauthorized' for url 'https://api.tradier.com/v1/markets/quotes?symbols=LYFT261009C00005000%2CLYFT261009C00008000%2CLYFT261009C00009000%2CLYFT261009C00010000%2CLYFT261009C00010500%2CLYFT261009C00011000%2CLYFT261009C00011500%2CLYFT261009C00012000%2CLYFT261009C00012500%2CLYFT261009C00013000%2CLYFT261009C00013500%2CLYFT261009C00014000%2CLYFT261009C00014500%2CLYFT261009C00015000%2CLYFT261009C00015500%2CLYFT261009C00016000%2CLYFT261009C00016500%2CLYFT261009C00017000%2CLYFT261009C00017500%2CLYFT261009C00018000%2CLYFT261009C00018500%2CLYFT261009C00019000%2CLYFT261009C00019500%2CLYFT261009C00020000%2CLYFT261009C00020500%2CLYFT261009C00021000%2CLYFT261009C00021500%2CLYFT261009C00022000%2CLYFT261009C00022500%2CLYFT261009C00023000%2CLYFT261009C00024000%2CLYFT261009C00025000%2CLYFT261009P00005000%2CLYFT261009P00008000%2CLYFT261009P00009000%2CLYFT261009P00010000%2CLYFT261009P00010500%2CLYFT261009P00011000%2CLYFT261009P00011500%2CLYFT261009P00012000%2CLYFT261009P00012500%2CLYFT261009P00013000%2CLYFT261009P00013500%2CLYFT261009P00014000%2CLYFT261009P00014500%2CLYFT261009P00015000%2CLYFT261009P00015500%2CLYFT261009P00016000%2CLYFT261009P00016500%2CLYFT261009P00017000&greeks=true'
For more information check: https://developer.mozilla.org/en-US/docs/Web/HTTP/Status/401
2026-10-06T11:45:04 | WARNING  | app.scanning.alpaca_confirmer | AlpacaConfirmer: cannot fetch chain for RIVN 2026-10-09: Client error '401 Unauthorized' for url 'https://api.tradier.com/v1/markets/quotes?symbols=RIVN261009C00005000%2CRIVN261009C00009000%2CRIVN261009C00010000%2CRIVN261009C00010500%2CRIVN261009C00011000%2CRIVN261009C00011500%2CRIVN261009C00012000%2CRIVN261009C00012500%2CRIVN261009C00013000%2CRIVN261009C00013500%2CRIVN261009C00014000%2CRIVN261009C00014500%2CRIVN261009C00015000%2CRIVN261009C00015500%2CRIVN261009C00016000%2CRIVN261009C00016500%2CRIVN261009C00017000%2CRIVN261009C00017500%2CRIVN261009C00018000%2CRIVN261009C00018500%2CRIVN261009C00019000%2CRIVN261009C00019500%2CRIVN261009C00020000%2CRIVN261009C00020500%2CRIVN261009C00021000%2CRIVN261009C00021500%2CRIVN261009C00022000%2CRIVN261009C00023000%2CRIVN261009C00024000%2CRIVN261009C00025000%2CRIVN261009C00030000%2CRIVN261009P00005000%2CRIVN261009P00009000%2CRIVN261009P00010000%2CRIVN261009P00010500%2CRIVN261009P00011000%2CRIVN261009P00011500%2CRIVN261009P00012000%2CRIVN261009P00012500%2CRIVN261009P00013000%2CRIVN261009P00013500%2CRIVN261009P00014000%2CRIVN261009P00014500%2CRIVN261009P00015000%2CRIVN261009P00015500%2CRIVN261009P00016000%2CRIVN261009P00016500%2CRIVN261009P00017000%2CRIVN261009P00017500%2CRIVN261009P00018000&greeks=true'
For more information check: https://developer.mozilla.org/en-US/docs/Web/HTTP/Status/401
2026-10-06T11:45:04 | WARNING  | app.scanning.alpaca_confirmer | AlpacaConfirmer: cannot fetch chain for GOOGL 2026-10-09: Client error '401 Unauthorized' for url 'https://api.tradier.com/v1/markets/quotes?symbols=GOOGL261009C00100000%2CGOOGL261009C00105000%2CGOOGL261009C00110000%2CGOOGL261009C00115000%2CGOOGL261009C00120000%2CGOOGL261009C00125000%2CGOOGL261009C00130000%2CGOOGL261009C00135000%2CGOOGL261009C00140000%2CGOOGL261009C00145000%2CGOOGL261009C00150000%2CGOOGL261009C00155000%2CGOOGL261009C00160000%2CGOOGL261009C00165000%2CGOOGL261009C00170000%2CGOOGL261009C00175000%2CGOOGL261009C00180000%2CGOOGL261009C00185000%2CGOOGL261009C00190000%2CGOOGL261009C00195000%2CGOOGL261009C00200000%2CGOOGL261009C00205000%2CGOOGL261009C00210000%2CGOOGL261009C00215000%2CGOOGL261009C00220000%2CGOOGL261009C00225000%2CGOOGL261009C00230000%2CGOOGL261009C00235000%2CGOOGL261009C00240000%2CGOOGL261009C00245000%2CGOOGL261009C00250000%2CGOOGL261009C00255000%2CGOOGL261009C00260000%2CGOOGL261009C00265000%2CGOOGL261009C00270000%2CGOOGL261009C00275000%2CGOOGL261009C00280000%2CGOOGL261009C00285000%2CGOOGL261009C00290000%2CGOOGL261009C00295000%2CGOOGL261009C00300000%2CGOOGL261009C00305000%2CGOOGL261009C00307500%2CGOOGL261009C00310000%2CGOOGL261009C00312500%2CGOOGL261009C00315000%2CGOOGL261009C00317500%2CGOOGL261009C00320000%2CGOOGL261009C00322500%2CGOOGL261009C00325000&greeks=true'
For more information check: https://developer.mozilla.org/en-US/docs/Web/HTTP/Status/401
2026-10-06T11:45:04 | WARNING  | app.scanning.alpaca_confirmer | AlpacaConfirmer: cannot fetch chain for HOOD 2026-10-09: Client error '401 Unauthorized' for url 'https://api.tradier.com/v1/markets/quotes?symbols=HOOD261009C00025000%2CHOOD261009C00030000%2CHOOD261009C00035000%2CHOOD261009C00040000%2CHOOD261009C00045000%2CHOOD261009C00050000%2CHOOD261009C00055000%2CHOOD261009C00060000%2CHOOD261009C00065000%2CHOOD261009C00070000%2CHOOD261009C00075000%2CHOOD261009C00080000%2CHOOD261009C00085000%2CHOOD261009C00090000%2CHOOD261009C00091000%2CHOOD261009C00092000%2CHOOD261009C00093000%2CHOOD261009C00094000%2CHOOD261009C00095000%2CHOOD261009C00096000%2CHOOD261009C00097000%2CHOOD261009C00098000%2CHOOD261009C00099000%2CHOOD261009C00100000%2CHOOD261009C00101000%2CHOOD261009C00102000%2CHOOD261009C00103000%2CHOOD261009C00104000%2CHOOD261009C00105000%2CHOOD261009C00106000%2CHOOD261009C00107000%2CHOOD261009C00108000%2CHOOD261009C00109000%2CHOOD261009C00110000%2CHOOD261009C00111000%2CHOOD261009C00112000%2CHOOD261009C00113000%2CHOOD261009C00114000%2CHOOD261009C00115000%2CHOOD261009C00116000%2CHOOD261009C00117000%2CHOOD261009C00118000%2CHOOD261009C00119000%2CHOOD261009C00120000%2CHOOD261009C00121000%2CHOOD261009C00122000%2CHOOD261009C00123000%2CHOOD261009C00124000%2CHOOD261009C00125000%2CHOOD261009C00126000&greeks=true'
For more information check: https://developer.mozilla.org/en-US/docs/Web/HTTP/Status/401
2026-10-06T11:45:04 | INFO     | session_runner | AlpacaConfirmer: 0 confirmed symbols: []
2026-10-06T11:45:04 | WARNING  | session_runner | Re-scan returned no confirmed symbols — falling back to ['SPY']
2026-10-06T11:45:05 | INFO     | session_runner | Broad-market regime | SPY=long
2026-10-06T11:45:06 | INFO     | session_runner | [bridge:SPY] rsi_trend ready: sufficient bars
2026-10-06T11:45:06 | INFO     | session_runner | Stale signal: SPY/orb age=115 min > max 10 min — skipped
2026-10-06T11:45:06 | INFO     | session_runner | Stale signal: SPY/vwap_reclaim age=60 min > max 10 min — skipped
2026-10-06T11:45:06 | INFO     | session_runner | Stale signal: SPY/vwap_reclaim age=120 min > max 10 min — skipped
2026-10-06T11:45:36 | INFO     | session_runner | [cycle 262] 11:45:36 ET | positions=0 | entries=0
2026-10-06T11:45:36 | INFO     | session_runner | [bridge:SPY] rsi_trend ready: sufficient bars
2026-10-06T11:45:36 | INFO     | session_runner | Stale signal: SPY/orb age=116 min > max 10 min — skipped
2026-10-06T11:45:36 | INFO     | session_runner | Stale signal: SPY/vwap_reclaim age=61 min > max 10 min — skipped
2026-10-06T11:45:36 | INFO     | session_runner | Stale signal: SPY/vwap_reclaim age=121 min > max 10 min — skipped
2026-10-06T11:46:06 | INFO     | session_runner | [cycle 263] 11:46:06 ET | positions=0 | entries=0
2026-10-06T11:46:07 | INFO     | session_runner | [bridge:SPY] rsi_trend ready: sufficient bars
2026-10-06T11:46:07 | INFO     | session_runner | Stale signal: SPY/orb age=116 min > max 10 min — skipped
2026-10-06T11:46:07 | INFO     | session_runner | Stale signal: SPY/vwap_reclaim age=61 min > max 10 min — skipped
2026-10-06T11:46:07 | INFO     | session_runner | Stale signal: SPY/vwap_reclaim age=121 min > max 10 min — skipped
2026-10-06T11:46:37 | INFO     | session_runner | [cycle 264] 11:46:37 ET | positions=0 | entries=0
2026-10-06T11:46:38 | INFO     | session_runner | [bridge:SPY] rsi_trend ready: sufficient bars
2026-10-06T11:46:38 | INFO     | session_runner | Stale signal: SPY/orb age=117 min > max 10 min — skipped
2026-10-06T11:46:38 | INFO     | session_runner | Stale signal: SPY/vwap_reclaim age=62 min > max 10 min — skipped
2026-10-06T11:46:38 | INFO     | session_runner | Stale signal: SPY/vwap_reclaim age=122 min > max 10 min — skipped
2026-10-06T11:47:08 | INFO     | session_runner | [cycle 265] 11:47:08 ET | positions=0 | entries=0
2026-10-06T11:47:08 | INFO     | session_runner | [bridge:SPY] rsi_trend ready: sufficient bars
2026-10-06T11:47:08 | INFO     | session_runner | Stale signal: SPY/orb age=117 min > max 10 min — skipped
2026-10-06T11:47:08 | INFO     | session_runner | Stale signal: SPY/vwap_reclaim age=62 min > max 10 min — skipped
2026-10-06T11:47:08 | INFO     | session_runner | Stale signal: SPY/vwap_reclaim age=122 min > max 10 min — skipped
2026-10-06T11:47:38 | INFO     | session_runner | [cycle 266] 11:47:38 ET | positions=0 | entries=0
2026-10-06T11:47:39 | INFO     | session_runner | [bridge:SPY] rsi_trend ready: sufficient bars
2026-10-06T11:47:39 | INFO     | session_runner | Stale signal: SPY/orb age=118 min > max 10 min — skipped
2026-10-06T11:47:39 | INFO     | session_runner | Stale signal: SPY/vwap_reclaim age=63 min > max 10 min — skipped
2026-10-06T11:47:39 | INFO     | session_runner | Stale signal: SPY/vwap_reclaim age=123 min > max 10 min — skipped
2026-10-06T11:48:09 | INFO     | session_runner | [cycle 267] 11:48:09 ET | positions=0 | entries=0
2026-10-06T11:48:10 | INFO     | session_runner | [bridge:SPY] rsi_trend ready: sufficient bars
2026-10-06T11:48:10 | INFO     | session_runner | Stale signal: SPY/orb age=118 min > max 10 min — skipped
2026-10-06T11:48:10 | INFO     | session_runner | Stale signal: SPY/vwap_reclaim age=63 min > max 10 min — skipped
2026-10-06T11:48:10 | INFO     | session_runner | Stale signal: SPY/vwap_reclaim age=123 min > max 10 min — skipped
2026-10-06T11:48:40 | INFO     | session_runner | [cycle 268] 11:48:40 ET | positions=0 | entries=0
2026-10-06T11:48:40 | INFO     | session_runner | [bridge:SPY] rsi_trend ready: sufficient bars
2026-10-06T11:48:40 | INFO     | session_runner | Stale signal: SPY/orb age=119 min > max 10 min — skipped
2026-10-06T11:48:40 | INFO     | session_runner | Stale signal: SPY/vwap_reclaim age=64 min > max 10 min — skipped
2026-10-06T11:48:40 | INFO     | session_runner | Stale signal: SPY/vwap_reclaim age=124 min > max 10 min — skipped
2026-10-06T11:49:10 | INFO     | session_runner | [cycle 269] 11:49:10 ET | positions=0 | entries=0
2026-10-06T11:49:11 | INFO     | session_runner | [bridge:SPY] rsi_trend ready: sufficient bars
2026-10-06T11:49:11 | INFO     | session_runner | Stale signal: SPY/orb age=119 min > max 10 min — skipped
2026-10-06T11:49:11 | INFO     | session_runner | Stale signal: SPY/vwap_reclaim age=64 min > max 10 min — skipped
2026-10-06T11:49:11 | INFO     | session_runner | Stale signal: SPY/vwap_reclaim age=124 min > max 10 min — skipped
2026-10-06T11:49:41 | INFO     | session_runner | [cycle 270] 11:49:41 ET | positions=0 | entries=0
2026-10-06T11:49:42 | INFO     | session_runner | [bridge:SPY] rsi_trend ready: sufficient bars
2026-10-06T11:49:42 | INFO     | session_runner | Stale signal: SPY/orb age=120 min > max 10 min — skipped
2026-10-06T11:49:42 | INFO     | session_runner | Stale signal: SPY/vwap_reclaim age=65 min > max 10 min — skipped
2026-10-06T11:49:42 | INFO     | session_runner | Stale signal: SPY/vwap_reclaim age=125 min > max 10 min — skipped
2026-10-06T11:50:12 | INFO     | session_runner | [cycle 271] 11:50:12 ET | positions=0 | entries=0
2026-10-06T11:50:12 | INFO     | session_runner | Periodic universe re-scan …
2026-10-06T11:50:12 | INFO     | app.scanning.universe_loader | UniverseLoader: loaded 5 groups (13 flat symbols) from config/ticker_universe.yaml (blacklist=0)
2026-10-06T11:50:12 | INFO     | app.scanning.universe_loader | UniverseLoader: 38 symbols from 4 group(s) (blacklist=0)
2026-10-06T11:50:12 | INFO     | session_runner | Universe scan: 38 symbols from 4 group(s) | max_active=6
2026-10-06T11:50:19 | INFO     | session_runner | Scan: 18 passed, 20 rejected
2026-10-06T11:50:19 | INFO     | session_runner |   AVGO    score=77.0  signal=LONG     reasons: rvol=2.21x (high), atr=2.87% (wide-range), orb_breakout
2026-10-06T11:50:19 | INFO     | session_runner |   XLE     score=75.0  signal=LONG     reasons: rvol=1.11x (normal), atr=1.86% (wide-range), orb_breakout
2026-10-06T11:50:19 | INFO     | session_runner |   UBER    score=75.0  signal=SHORT    reasons: rvol=1.18x (normal), atr=2.20% (wide-range), orb_breakdown
2026-10-06T11:50:19 | INFO     | session_runner |   RIVN    score=70.0  signal=SHORT    reasons: atr=4.22% (wide-range), orb_breakdown, trend_down
2026-10-06T11:50:19 | INFO     | session_runner |   AMZN    score=67.0  signal=LONG     reasons: rvol=1.22x (normal), atr=2.01% (wide-range), orb_breakout
2026-10-06T11:50:19 | WARNING  | app.scanning.alpaca_confirmer | AlpacaConfirmer: cannot fetch chain for RIVN 2026-10-09: Client error '401 Unauthorized' for url 'https://api.tradier.com/v1/markets/quotes?symbols=RIVN261009C00005000%2CRIVN261009C00009000%2CRIVN261009C00010000%2CRIVN261009C00010500%2CRIVN261009C00011000%2CRIVN261009C00011500%2CRIVN261009C00012000%2CRIVN261009C00012500%2CRIVN261009C00013000%2CRIVN261009C00013500%2CRIVN261009C00014000%2CRIVN261009C00014500%2CRIVN261009C00015000%2CRIVN261009C00015500%2CRIVN261009C00016000%2CRIVN261009C00016500%2CRIVN261009C00017000%2CRIVN261009C00017500%2CRIVN261009C00018000%2CRIVN261009C00018500%2CRIVN261009C00019000%2CRIVN261009C00019500%2CRIVN261009C00020000%2CRIVN261009C00020500%2CRIVN261009C00021000%2CRIVN261009C00021500%2CRIVN261009C00022000%2CRIVN261009C00023000%2CRIVN261009C00024000%2CRIVN261009C00025000%2CRIVN261009C00030000%2CRIVN261009P00005000%2CRIVN261009P00009000%2CRIVN261009P00010000%2CRIVN261009P00010500%2CRIVN261009P00011000%2CRIVN261009P00011500%2CRIVN261009P00012000%2CRIVN261009P00012500%2CRIVN261009P00013000%2CRIVN261009P00013500%2CRIVN261009P00014000%2CRIVN261009P00014500%2CRIVN261009P00015000%2CRIVN261009P00015500%2CRIVN261009P00016000%2CRIVN261009P00016500%2CRIVN261009P00017000%2CRIVN261009P00017500%2CRIVN261009P00018000&greeks=true'
For more information check: https://developer.mozilla.org/en-US/docs/Web/HTTP/Status/401
2026-10-06T11:50:19 | WARNING  | app.scanning.alpaca_confirmer | AlpacaConfirmer: cannot fetch chain for UBER 2026-10-09: Client error '401 Unauthorized' for url 'https://api.tradier.com/v1/markets/quotes?symbols=UBER261009C00050000%2CUBER261009C00055000%2CUBER261009C00057000%2CUBER261009C00058000%2CUBER261009C00059000%2CUBER261009C00060000%2CUBER261009C00061000%2CUBER261009C00062000%2CUBER261009C00063000%2CUBER261009C00064000%2CUBER261009C00065000%2CUBER261009C00066000%2CUBER261009C00067000%2CUBER261009C00068000%2CUBER261009C00069000%2CUBER261009C00070000%2CUBER261009C00071000%2CUBER261009C00072000%2CUBER261009C00073000%2CUBER261009C00074000%2CUBER261009C00075000%2CUBER261009C00076000%2CUBER261009C00077000%2CUBER261009C00078000%2CUBER261009C00079000%2CUBER261009C00080000%2CUBER261009C00081000%2CUBER261009C00082000%2CUBER261009C00083000%2CUBER261009C00084000%2CUBER261009C00085000%2CUBER261009C00086000%2CUBER261009C00087000%2CUBER261009C00088000%2CUBER261009C00089000%2CUBER261009C00090000%2CUBER261009C00091000%2CUBER261009C00095000%2CUBER261009C00100000%2CUBER261009C00105000%2CUBER261009P00050000%2CUBER261009P00055000%2CUBER261009P00057000%2CUBER261009P00058000%2CUBER261009P00059000%2CUBER261009P00060000%2CUBER261009P00061000%2CUBER261009P00062000%2CUBER261009P00063000%2CUBER261009P00064000&greeks=true'
For more information check: https://developer.mozilla.org/en-US/docs/Web/HTTP/Status/401
2026-10-06T11:50:19 | WARNING  | app.scanning.alpaca_confirmer | AlpacaConfirmer: cannot fetch chain for LYFT 2026-10-09: Client error '401 Unauthorized' for url 'https://api.tradier.com/v1/markets/quotes?symbols=LYFT261009C00005000%2CLYFT261009C00008000%2CLYFT261009C00009000%2CLYFT261009C00010000%2CLYFT261009C00010500%2CLYFT261009C00011000%2CLYFT261009C00011500%2CLYFT261009C00012000%2CLYFT261009C00012500%2CLYFT261009C00013000%2CLYFT261009C00013500%2CLYFT261009C00014000%2CLYFT261009C00014500%2CLYFT261009C00015000%2CLYFT261009C00015500%2CLYFT261009C00016000%2CLYFT261009C00016500%2CLYFT261009C00017000%2CLYFT261009C00017500%2CLYFT261009C00018000%2CLYFT261009C00018500%2CLYFT261009C00019000%2CLYFT261009C00019500%2CLYFT261009C00020000%2CLYFT261009C00020500%2CLYFT261009C00021000%2CLYFT261009C00021500%2CLYFT261009C00022000%2CLYFT261009C00022500%2CLYFT261009C00023000%2CLYFT261009C00024000%2CLYFT261009C00025000%2CLYFT261009P00005000%2CLYFT261009P00008000%2CLYFT261009P00009000%2CLYFT261009P00010000%2CLYFT261009P00010500%2CLYFT261009P00011000%2CLYFT261009P00011500%2CLYFT261009P00012000%2CLYFT261009P00012500%2CLYFT261009P00013000%2CLYFT261009P00013500%2CLYFT261009P00014000%2CLYFT261009P00014500%2CLYFT261009P00015000%2CLYFT261009P00015500%2CLYFT261009P00016000%2CLYFT261009P00016500%2CLYFT261009P00017000&greeks=true'
For more information check: https://developer.mozilla.org/en-US/docs/Web/HTTP/Status/401
2026-10-06T11:50:19 | WARNING  | app.scanning.alpaca_confirmer | AlpacaConfirmer: cannot fetch chain for QQQ 2026-10-08: Client error '401 Unauthorized' for url 'https://api.tradier.com/v1/markets/quotes?symbols=QQQ261008C00500000%2CQQQ261008C00505000%2CQQQ261008C00510000%2CQQQ261008C00515000%2CQQQ261008C00520000%2CQQQ261008C00525000%2CQQQ261008C00530000%2CQQQ261008C00535000%2CQQQ261008C00540000%2CQQQ261008C00545000%2CQQQ261008C00550000%2CQQQ261008C00555000%2CQQQ261008C00560000%2CQQQ261008C00565000%2CQQQ261008C00570000%2CQQQ261008C00575000%2CQQQ261008C00580000%2CQQQ261008C00585000%2CQQQ261008C00590000%2CQQQ261008C00595000%2CQQQ261008C00600000%2CQQQ261008C00605000%2CQQQ261008C00610000%2CQQQ261008C00615000%2CQQQ261008C00620000%2CQQQ261008C00625000%2CQQQ261008C00630000%2CQQQ261008C00635000%2CQQQ261008C00640000%2CQQQ261008C00645000%2CQQQ261008C00650000%2CQQQ261008C00655000%2CQQQ261008C00660000%2CQQQ261008C00665000%2CQQQ261008C00670000%2CQQQ261008C00675000%2CQQQ261008C00680000%2CQQQ261008C00685000%2CQQQ261008C00690000%2CQQQ261008C00691000%2CQQQ261008C00692000%2CQQQ261008C00693000%2CQQQ261008C00694000%2CQQQ261008C00695000%2CQQQ261008C00696000%2CQQQ261008C00697000%2CQQQ261008C00698000%2CQQQ261008C00699000%2CQQQ261008C00700000%2CQQQ261008C00701000&greeks=true'
For more information check: https://developer.mozilla.org/en-US/docs/Web/HTTP/Status/401
2026-10-06T11:50:19 | WARNING  | app.scanning.alpaca_confirmer | AlpacaConfirmer: cannot fetch chain for XLE 2026-10-09: Client error '401 Unauthorized' for url 'https://api.tradier.com/v1/markets/quotes?symbols=XLE261009C00035000%2CXLE261009C00040000%2CXLE261009C00045000%2CXLE261009C00050000%2CXLE261009C00051000%2CXLE261009C00052000%2CXLE261009C00053000%2CXLE261009C00054000%2CXLE261009C00055000%2CXLE261009C00056000%2CXLE261009C00056500%2CXLE261009C00057000%2CXLE261009C00057500%2CXLE261009C00058000%2CXLE261009C00058500%2CXLE261009C00059000%2CXLE261009C00059500%2CXLE261009C00060000%2CXLE261009C00060500%2CXLE261009C00061000%2CXLE261009C00061500%2CXLE261009C00062000%2CXLE261009C00062500%2CXLE261009C00063000%2CXLE261009C00063500%2CXLE261009C00064000%2CXLE261009C00064500%2CXLE261009C00065000%2CXLE261009C00065500%2CXLE261009C00066000%2CXLE261009C00066500%2CXLE261009C00067000%2CXLE261009C00067500%2CXLE261009C00068000%2CXLE261009C00068500%2CXLE261009C00069000%2CXLE261009C00070000%2CXLE261009C00071000%2CXLE261009C00075000%2CXLE261009C00080000%2CXLE261009P00035000%2CXLE261009P00040000%2CXLE261009P00045000%2CXLE261009P00050000%2CXLE261009P00051000%2CXLE261009P00052000%2CXLE261009P00053000%2CXLE261009P00054000%2CXLE261009P00055000%2CXLE261009P00056000&greeks=true'
For more information check: https://developer.mozilla.org/en-US/docs/Web/HTTP/Status/401
2026-10-06T11:50:19 | WARNING  | app.scanning.alpaca_confirmer | AlpacaConfirmer: cannot fetch chain for AMD 2026-10-09: Client error '401 Unauthorized' for url 'https://api.tradier.com/v1/markets/quotes?symbols=AMD261009C00040000%2CAMD261009C00045000%2CAMD261009C00050000%2CAMD261009C00055000%2CAMD261009C00060000%2CAMD261009C00065000%2CAMD261009C00070000%2CAMD261009C00075000%2CAMD261009C00080000%2CAMD261009C00085000%2CAMD261009C00090000%2CAMD261009C00095000%2CAMD261009C00100000%2CAMD261009C00105000%2CAMD261009C00110000%2CAMD261009C00115000%2CAMD261009C00120000%2CAMD261009C00125000%2CAMD261009C00130000%2CAMD261009C00135000%2CAMD261009C00140000%2CAMD261009C00145000%2CAMD261009C00150000%2CAMD261009C00155000%2CAMD261009C00160000%2CAMD261009C00165000%2CAMD261009C00170000%2CAMD261009C00175000%2CAMD261009C00180000%2CAMD261009C00185000%2CAMD261009C00190000%2CAMD261009C00195000%2CAMD261009C00200000%2CAMD261009C00205000%2CAMD261009C00210000%2CAMD261009C00215000%2CAMD261009C00220000%2CAMD261009C00225000%2CAMD261009C00230000%2CAMD261009C00235000%2CAMD261009C00240000%2CAMD261009C00245000%2CAMD261009C00250000%2CAMD261009C00255000%2CAMD261009C00260000%2CAMD261009C00265000%2CAMD261009C00270000%2CAMD261009C00275000%2CAMD261009C00280000%2CAMD261009C00285000&greeks=true'
For more information check: https://developer.mozilla.org/en-US/docs/Web/HTTP/Status/401
2026-10-06T11:50:19 | WARNING  | app.scanning.alpaca_confirmer | AlpacaConfirmer: cannot fetch chain for HOOD 2026-10-09: Client error '401 Unauthorized' for url 'https://api.tradier.com/v1/markets/quotes?symbols=HOOD261009C00025000%2CHOOD261009C00030000%2CHOOD261009C00035000%2CHOOD261009C00040000%2CHOOD261009C00045000%2CHOOD261009C00050000%2CHOOD261009C00055000%2CHOOD261009C00060000%2CHOOD261009C00065000%2CHOOD261009C00070000%2CHOOD261009C00075000%2CHOOD261009C00080000%2CHOOD261009C00085000%2CHOOD261009C00090000%2CHOOD261009C00091000%2CHOOD261009C00092000%2CHOOD261009C00093000%2CHOOD261009C00094000%2CHOOD261009C00095000%2CHOOD261009C00096000%2CHOOD261009C00097000%2CHOOD261009C00098000%2CHOOD261009C00099000%2CHOOD261009C00100000%2CHOOD261009C00101000%2CHOOD261009C00102000%2CHOOD261009C00103000%2CHOOD261009C00104000%2CHOOD261009C00105000%2CHOOD261009C00106000%2CHOOD261009C00107000%2CHOOD261009C00108000%2CHOOD261009C00109000%2CHOOD261009C00110000%2CHOOD261009C00111000%2CHOOD261009C00112000%2CHOOD261009C00113000%2CHOOD261009C00114000%2CHOOD261009C00115000%2CHOOD261009C00116000%2CHOOD261009C00117000%2CHOOD261009C00118000%2CHOOD261009C00119000%2CHOOD261009C00120000%2CHOOD261009C00121000%2CHOOD261009C00122000%2CHOOD261009C00123000%2CHOOD261009C00124000%2CHOOD261009C00125000%2CHOOD261009C00126000&greeks=true'
For more information check: https://developer.mozilla.org/en-US/docs/Web/HTTP/Status/401
2026-10-06T11:50:19 | WARNING  | app.scanning.alpaca_confirmer | AlpacaConfirmer: cannot fetch chain for SPY 2026-10-08: Client error '401 Unauthorized' for url 'https://api.tradier.com/v1/markets/quotes?symbols=SPY261008C00550000%2CSPY261008C00555000%2CSPY261008C00560000%2CSPY261008C00565000%2CSPY261008C00570000%2CSPY261008C00575000%2CSPY261008C00580000%2CSPY261008C00585000%2CSPY261008C00590000%2CSPY261008C00595000%2CSPY261008C00600000%2CSPY261008C00605000%2CSPY261008C00610000%2CSPY261008C00615000%2CSPY261008C00620000%2CSPY261008C00625000%2CSPY261008C00630000%2CSPY261008C00635000%2CSPY261008C00640000%2CSPY261008C00645000%2CSPY261008C00650000%2CSPY261008C00655000%2CSPY261008C00660000%2CSPY261008C00665000%2CSPY261008C00670000%2CSPY261008C00675000%2CSPY261008C00680000%2CSPY261008C00685000%2CSPY261008C00690000%2CSPY261008C00695000%2CSPY261008C00700000%2CSPY261008C00705000%2CSPY261008C00710000%2CSPY261008C00715000%2CSPY261008C00720000%2CSPY261008C00723000%2CSPY261008C00724000%2CSPY261008C00725000%2CSPY261008C00726000%2CSPY261008C00727000%2CSPY261008C00728000%2CSPY261008C00729000%2CSPY261008C00730000%2CSPY261008C00731000%2CSPY261008C00732000%2CSPY261008C00733000%2CSPY261008C00734000%2CSPY261008C00735000%2CSPY261008C00736000%2CSPY261008C00737000&greeks=true'
For more information check: https://developer.mozilla.org/en-US/docs/Web/HTTP/Status/401
2026-10-06T11:50:19 | WARNING  | app.scanning.alpaca_confirmer | AlpacaConfirmer: cannot fetch chain for AVGO 2026-10-09: Client error '401 Unauthorized' for url 'https://api.tradier.com/v1/markets/quotes?symbols=AVGO261009C00210000%2CAVGO261009C00215000%2CAVGO261009C00220000%2CAVGO261009C00225000%2CAVGO261009C00230000%2CAVGO261009C00235000%2CAVGO261009C00240000%2CAVGO261009C00245000%2CAVGO261009C00250000%2CAVGO261009C00255000%2CAVGO261009C00260000%2CAVGO261009C00265000%2CAVGO261009C00270000%2CAVGO261009C00275000%2CAVGO261009C00280000%2CAVGO261009C00285000%2CAVGO261009C00290000%2CAVGO261009C00295000%2CAVGO261009C00300000%2CAVGO261009C00305000%2CAVGO261009C00310000%2CAVGO261009C00315000%2CAVGO261009C00317500%2CAVGO261009C00320000%2CAVGO261009C00322500%2CAVGO261009C00325000%2CAVGO261009C00327500%2CAVGO261009C00330000%2CAVGO261009C00332500%2CAVGO261009C00335000%2CAVGO261009C00337500%2CAVGO261009C00340000%2CAVGO261009C00342500%2CAVGO261009C00345000%2CAVGO261009C00347500%2CAVGO261009C00350000%2CAVGO261009C00352500%2CAVGO261009C00355000%2CAVGO261009C00357500%2CAVGO261009C00360000%2CAVGO261009C00362500%2CAVGO261009C00365000%2CAVGO261009C00367500%2CAVGO261009C00370000%2CAVGO261009C00372500%2CAVGO261009C00375000%2CAVGO261009C00377500%2CAVGO261009C00380000%2CAVGO261009C00382500%2CAVGO261009C00385000&greeks=true'
For more information check: https://developer.mozilla.org/en-US/docs/Web/HTTP/Status/401
2026-10-06T11:50:19 | WARNING  | app.scanning.alpaca_confirmer | AlpacaConfirmer: cannot fetch chain for GOOGL 2026-10-09: Client error '401 Unauthorized' for url 'https://api.tradier.com/v1/markets/quotes?symbols=GOOGL261009C00100000%2CGOOGL261009C00105000%2CGOOGL261009C00110000%2CGOOGL261009C00115000%2CGOOGL261009C00120000%2CGOOGL261009C00125000%2CGOOGL261009C00130000%2CGOOGL261009C00135000%2CGOOGL261009C00140000%2CGOOGL261009C00145000%2CGOOGL261009C00150000%2CGOOGL261009C00155000%2CGOOGL261009C00160000%2CGOOGL261009C00165000%2CGOOGL261009C00170000%2CGOOGL261009C00175000%2CGOOGL261009C00180000%2CGOOGL261009C00185000%2CGOOGL261009C00190000%2CGOOGL261009C00195000%2CGOOGL261009C00200000%2CGOOGL261009C00205000%2CGOOGL261009C00210000%2CGOOGL261009C00215000%2CGOOGL261009C00220000%2CGOOGL261009C00225000%2CGOOGL261009C00230000%2CGOOGL261009C00235000%2CGOOGL261009C00240000%2CGOOGL261009C00245000%2CGOOGL261009C00250000%2CGOOGL261009C00255000%2CGOOGL261009C00260000%2CGOOGL261009C00265000%2CGOOGL261009C00270000%2CGOOGL261009C00275000%2CGOOGL261009C00280000%2CGOOGL261009C00285000%2CGOOGL261009C00290000%2CGOOGL261009C00295000%2CGOOGL261009C00300000%2CGOOGL261009C00305000%2CGOOGL261009C00307500%2CGOOGL261009C00310000%2CGOOGL261009C00312500%2CGOOGL261009C00315000%2CGOOGL261009C00317500%2CGOOGL261009C00320000%2CGOOGL261009C00322500%2CGOOGL261009C00325000&greeks=true'
For more information check: https://developer.mozilla.org/en-US/docs/Web/HTTP/Status/401
2026-10-06T11:50:19 | WARNING  | app.scanning.alpaca_confirmer | AlpacaConfirmer: cannot fetch chain for IWM 2026-10-08: Client error '401 Unauthorized' for url 'https://api.tradier.com/v1/markets/quotes?symbols=IWM261008C00180000%2CIWM261008C00190000%2CIWM261008C00200000%2CIWM261008C00205000%2CIWM261008C00210000%2CIWM261008C00215000%2CIWM261008C00220000%2CIWM261008C00225000%2CIWM261008C00230000%2CIWM261008C00235000%2CIWM261008C00240000%2CIWM261008C00245000%2CIWM261008C00250000%2CIWM261008C00255000%2CIWM261008C00260000%2CIWM261008C00261000%2CIWM261008C00262000%2CIWM261008C00263000%2CIWM261008C00264000%2CIWM261008C00265000%2CIWM261008C00266000%2CIWM261008C00267000%2CIWM261008C00268000%2CIWM261008C00269000%2CIWM261008C00270000%2CIWM261008C00271000%2CIWM261008C00272000%2CIWM261008C00273000%2CIWM261008C00274000%2CIWM261008C00275000%2CIWM261008C00276000%2CIWM261008C00277000%2CIWM261008C00278000%2CIWM261008C00279000%2CIWM261008C00280000%2CIWM261008C00281000%2CIWM261008C00282000%2CIWM261008C00283000%2CIWM261008C00284000%2CIWM261008C00285000%2CIWM261008C00286000%2CIWM261008C00287000%2CIWM261008C00288000%2CIWM261008C00289000%2CIWM261008C00290000%2CIWM261008C00291000%2CIWM261008C00292000%2CIWM261008C00293000%2CIWM261008C00294000%2CIWM261008C00295000&greeks=true'
For more information check: https://developer.mozilla.org/en-US/docs/Web/HTTP/Status/401
2026-10-06T11:50:19 | WARNING  | app.scanning.alpaca_confirmer | AlpacaConfirmer: cannot fetch chain for AMZN 2026-10-09: Client error '401 Unauthorized' for url 'https://api.tradier.com/v1/markets/quotes?symbols=AMZN261009C00140000%2CAMZN261009C00145000%2CAMZN261009C00150000%2CAMZN261009C00155000%2CAMZN261009C00160000%2CAMZN261009C00165000%2CAMZN261009C00170000%2CAMZN261009C00175000%2CAMZN261009C00180000%2CAMZN261009C00185000%2CAMZN261009C00190000%2CAMZN261009C00195000%2CAMZN261009C00200000%2CAMZN261009C00205000%2CAMZN261009C00210000%2CAMZN261009C00215000%2CAMZN261009C00220000%2CAMZN261009C00222500%2CAMZN261009C00225000%2CAMZN261009C00227500%2CAMZN261009C00230000%2CAMZN261009C00232500%2CAMZN261009C00235000%2CAMZN261009C00237500%2CAMZN261009C00240000%2CAMZN261009C00242500%2CAMZN261009C00245000%2CAMZN261009C00247500%2CAMZN261009C00250000%2CAMZN261009C00252500%2CAMZN261009C00255000%2CAMZN261009C00257500%2CAMZN261009C00260000%2CAMZN261009C00262500%2CAMZN261009C00265000%2CAMZN261009C00267500%2CAMZN261009C00270000%2CAMZN261009C00272500%2CAMZN261009C00275000%2CAMZN261009C00277500%2CAMZN261009C00280000%2CAMZN261009C00285000%2CAMZN261009C00290000%2CAMZN261009C00295000%2CAMZN261009C00300000%2CAMZN261009C00305000%2CAMZN261009C00310000%2CAMZN261009C00315000%2CAMZN261009C00320000%2CAMZN261009C00325000&greeks=true'
For more information check: https://developer.mozilla.org/en-US/docs/Web/HTTP/Status/401
2026-10-06T11:50:19 | INFO     | session_runner | AlpacaConfirmer: 0 confirmed symbols: []
2026-10-06T11:50:19 | WARNING  | session_runner | Re-scan returned no confirmed symbols — falling back to ['SPY']
2026-10-06T11:50:20 | INFO     | session_runner | Broad-market regime | SPY=long
2026-10-06T11:50:20 | INFO     | session_runner | [bridge:SPY] rsi_trend ready: sufficient bars
2026-10-06T11:50:20 | INFO     | session_runner | Stale signal: SPY/orb age=120 min > max 10 min — skipped
2026-10-06T11:50:20 | INFO     | session_runner | Stale signal: SPY/vwap_reclaim age=65 min > max 10 min — skipped
2026-10-06T11:50:20 | INFO     | session_runner | Stale signal: SPY/vwap_reclaim age=125 min > max 10 min — skipped
2026-10-06T11:50:50 | INFO     | session_runner | [cycle 272] 11:50:50 ET | positions=0 | entries=0
2026-10-06T11:50:51 | INFO     | session_runner | [bridge:SPY] rsi_trend ready: sufficient bars
2026-10-06T11:50:51 | INFO     | session_runner | Stale signal: SPY/orb age=121 min > max 10 min — skipped
2026-10-06T11:50:51 | INFO     | session_runner | Stale signal: SPY/vwap_reclaim age=66 min > max 10 min — skipped
2026-10-06T11:50:51 | INFO     | session_runner | Stale signal: SPY/vwap_reclaim age=126 min > max 10 min — skipped
2026-10-06T11:51:21 | INFO     | session_runner | [cycle 273] 11:51:21 ET | positions=0 | entries=0
2026-10-06T11:51:21 | INFO     | session_runner | [bridge:SPY] rsi_trend ready: sufficient bars
2026-10-06T11:51:21 | INFO     | session_runner | Stale signal: SPY/orb age=121 min > max 10 min — skipped
2026-10-06T11:51:21 | INFO     | session_runner | Stale signal: SPY/vwap_reclaim age=66 min > max 10 min — skipped
2026-10-06T11:51:21 | INFO     | session_runner | Stale signal: SPY/vwap_reclaim age=126 min > max 10 min — skipped
2026-10-06T11:51:51 | INFO     | session_runner | [cycle 274] 11:51:51 ET | positions=0 | entries=0
2026-10-06T11:51:52 | INFO     | session_runner | [bridge:SPY] rsi_trend ready: sufficient bars
2026-10-06T11:51:52 | INFO     | session_runner | Stale signal: SPY/orb age=122 min > max 10 min — skipped
2026-10-06T11:51:52 | INFO     | session_runner | Stale signal: SPY/vwap_reclaim age=67 min > max 10 min — skipped
2026-10-06T11:51:52 | INFO     | session_runner | Stale signal: SPY/vwap_reclaim age=127 min > max 10 min — skipped
2026-10-06T11:52:22 | INFO     | session_runner | [cycle 275] 11:52:22 ET | positions=0 | entries=0
2026-10-06T11:52:22 | INFO     | session_runner | [bridge:SPY] rsi_trend ready: sufficient bars
2026-10-06T11:52:22 | INFO     | session_runner | Stale signal: SPY/orb age=122 min > max 10 min — skipped
2026-10-06T11:52:22 | INFO     | session_runner | Stale signal: SPY/vwap_reclaim age=67 min > max 10 min — skipped
2026-10-06T11:52:22 | INFO     | session_runner | Stale signal: SPY/vwap_reclaim age=127 min > max 10 min — skipped
2026-10-06T11:52:52 | INFO     | session_runner | [cycle 276] 11:52:52 ET | positions=0 | entries=0
2026-10-06T11:52:53 | INFO     | session_runner | [bridge:SPY] rsi_trend ready: sufficient bars
2026-10-06T11:52:53 | INFO     | session_runner | Stale signal: SPY/orb age=123 min > max 10 min — skipped
2026-10-06T11:52:53 | INFO     | session_runner | Stale signal: SPY/vwap_reclaim age=68 min > max 10 min — skipped
2026-10-06T11:52:53 | INFO     | session_runner | Stale signal: SPY/vwap_reclaim age=128 min > max 10 min — skipped
2026-10-06T11:53:23 | INFO     | session_runner | [cycle 277] 11:53:23 ET | positions=0 | entries=0
2026-10-06T11:53:23 | INFO     | session_runner | [bridge:SPY] rsi_trend ready: sufficient bars
2026-10-06T11:53:23 | INFO     | session_runner | Stale signal: SPY/orb age=123 min > max 10 min — skipped
2026-10-06T11:53:23 | INFO     | session_runner | Stale signal: SPY/vwap_reclaim age=68 min > max 10 min — skipped
2026-10-06T11:53:23 | INFO     | session_runner | Stale signal: SPY/vwap_reclaim age=128 min > max 10 min — skipped
2026-10-06T11:53:53 | INFO     | session_runner | [cycle 278] 11:53:53 ET | positions=0 | entries=0
2026-10-06T11:53:54 | INFO     | session_runner | [bridge:SPY] rsi_trend ready: sufficient bars
2026-10-06T11:53:54 | INFO     | session_runner | Stale signal: SPY/orb age=124 min > max 10 min — skipped
2026-10-06T11:53:54 | INFO     | session_runner | Stale signal: SPY/vwap_reclaim age=69 min > max 10 min — skipped
2026-10-06T11:53:54 | INFO     | session_runner | Stale signal: SPY/vwap_reclaim age=129 min > max 10 min — skipped
2026-10-06T11:54:24 | INFO     | session_runner | [cycle 279] 11:54:24 ET | positions=0 | entries=0
2026-10-06T11:54:24 | INFO     | session_runner | [bridge:SPY] rsi_trend ready: sufficient bars
2026-10-06T11:54:24 | INFO     | session_runner | Stale signal: SPY/orb age=124 min > max 10 min — skipped
2026-10-06T11:54:24 | INFO     | session_runner | Stale signal: SPY/vwap_reclaim age=69 min > max 10 min — skipped
2026-10-06T11:54:24 | INFO     | session_runner | Stale signal: SPY/vwap_reclaim age=129 min > max 10 min — skipped
2026-10-06T11:54:54 | INFO     | session_runner | [cycle 280] 11:54:54 ET | positions=0 | entries=0
2026-10-06T11:54:55 | INFO     | session_runner | [bridge:SPY] rsi_trend ready: sufficient bars
2026-10-06T11:54:55 | INFO     | session_runner | Stale signal: SPY/orb age=125 min > max 10 min — skipped
2026-10-06T11:54:55 | INFO     | session_runner | Stale signal: SPY/vwap_reclaim age=70 min > max 10 min — skipped
2026-10-06T11:54:55 | INFO     | session_runner | Stale signal: SPY/vwap_reclaim age=130 min > max 10 min — skipped
2026-10-06T11:55:25 | INFO     | session_runner | [cycle 281] 11:55:25 ET | positions=0 | entries=0
2026-10-06T11:55:25 | INFO     | app.trading.reconciler | Reconciliation done: broker_pos=0 local_pos=0 broker_orders=0 local_pending=0 repaired=0 flagged=0 orders_confirmed=True positions_confirmed=True
2026-10-06T11:55:25 | INFO     | session_runner | Periodic universe re-scan …
2026-10-06T11:55:25 | INFO     | app.scanning.universe_loader | UniverseLoader: loaded 5 groups (13 flat symbols) from config/ticker_universe.yaml (blacklist=0)
2026-10-06T11:55:25 | INFO     | app.scanning.universe_loader | UniverseLoader: 38 symbols from 4 group(s) (blacklist=0)
2026-10-06T11:55:25 | INFO     | session_runner | Universe scan: 38 symbols from 4 group(s) | max_active=6
2026-10-06T11:55:30 | INFO     | session_runner | Scan: 18 passed, 20 rejected
2026-10-06T11:55:30 | INFO     | session_runner |   AVGO    score=77.0  signal=LONG     reasons: rvol=2.16x (high), atr=2.87% (wide-range), orb_breakout
2026-10-06T11:55:30 | INFO     | session_runner |   XLE     score=75.0  signal=LONG     reasons: rvol=1.09x (normal), atr=1.87% (wide-range), orb_breakout
2026-10-06T11:55:30 | INFO     | session_runner |   UBER    score=75.0  signal=SHORT    reasons: rvol=1.16x (normal), atr=2.20% (wide-range), orb_breakdown
2026-10-06T11:55:30 | INFO     | session_runner |   AMZN    score=67.0  signal=LONG     reasons: rvol=1.20x (normal), atr=2.01% (wide-range), orb_breakout
2026-10-06T11:55:30 | INFO     | session_runner |   AMD     score=65.0  signal=LONG     reasons: rvol=1.38x (normal), atr=3.55% (wide-range), orb_breakout
2026-10-06T11:55:31 | WARNING  | app.scanning.alpaca_confirmer | AlpacaConfirmer: cannot fetch chain for UBER 2026-10-09: Client error '401 Unauthorized' for url 'https://api.tradier.com/v1/markets/quotes?symbols=UBER261009C00050000%2CUBER261009C00055000%2CUBER261009C00057000%2CUBER261009C00058000%2CUBER261009C00059000%2CUBER261009C00060000%2CUBER261009C00061000%2CUBER261009C00062000%2CUBER261009C00063000%2CUBER261009C00064000%2CUBER261009C00065000%2CUBER261009C00066000%2CUBER261009C00067000%2CUBER261009C00068000%2CUBER261009C00069000%2CUBER261009C00070000%2CUBER261009C00071000%2CUBER261009C00072000%2CUBER261009C00073000%2CUBER261009C00074000%2CUBER261009C00075000%2CUBER261009C00076000%2CUBER261009C00077000%2CUBER261009C00078000%2CUBER261009C00079000%2CUBER261009C00080000%2CUBER261009C00081000%2CUBER261009C00082000%2CUBER261009C00083000%2CUBER261009C00084000%2CUBER261009C00085000%2CUBER261009C00086000%2CUBER261009C00087000%2CUBER261009C00088000%2CUBER261009C00089000%2CUBER261009C00090000%2CUBER261009C00091000%2CUBER261009C00095000%2CUBER261009C00100000%2CUBER261009C00105000%2CUBER261009P00050000%2CUBER261009P00055000%2CUBER261009P00057000%2CUBER261009P00058000%2CUBER261009P00059000%2CUBER261009P00060000%2CUBER261009P00061000%2CUBER261009P00062000%2CUBER261009P00063000%2CUBER261009P00064000&greeks=true'
For more information check: https://developer.mozilla.org/en-US/docs/Web/HTTP/Status/401
2026-10-06T11:55:31 | WARNING  | app.scanning.alpaca_confirmer | AlpacaConfirmer: cannot fetch chain for LYFT 2026-10-09: Client error '401 Unauthorized' for url 'https://api.tradier.com/v1/markets/quotes?symbols=LYFT261009C00005000%2CLYFT261009C00008000%2CLYFT261009C00009000%2CLYFT261009C00010000%2CLYFT261009C00010500%2CLYFT261009C00011000%2CLYFT261009C00011500%2CLYFT261009C00012000%2CLYFT261009C00012500%2CLYFT261009C00013000%2CLYFT261009C00013500%2CLYFT261009C00014000%2CLYFT261009C00014500%2CLYFT261009C00015000%2CLYFT261009C00015500%2CLYFT261009C00016000%2CLYFT261009C00016500%2CLYFT261009C00017000%2CLYFT261009C00017500%2CLYFT261009C00018000%2CLYFT261009C00018500%2CLYFT261009C00019000%2CLYFT261009C00019500%2CLYFT261009C00020000%2CLYFT261009C00020500%2CLYFT261009C00021000%2CLYFT261009C00021500%2CLYFT261009C00022000%2CLYFT261009C00022500%2CLYFT261009C00023000%2CLYFT261009C00024000%2CLYFT261009C00025000%2CLYFT261009P00005000%2CLYFT261009P00008000%2CLYFT261009P00009000%2CLYFT261009P00010000%2CLYFT261009P00010500%2CLYFT261009P00011000%2CLYFT261009P00011500%2CLYFT261009P00012000%2CLYFT261009P00012500%2CLYFT261009P00013000%2CLYFT261009P00013500%2CLYFT261009P00014000%2CLYFT261009P00014500%2CLYFT261009P00015000%2CLYFT261009P00015500%2CLYFT261009P00016000%2CLYFT261009P00016500%2CLYFT261009P00017000&greeks=true'
For more information check: https://developer.mozilla.org/en-US/docs/Web/HTTP/Status/401
2026-10-06T11:55:31 | WARNING  | app.scanning.alpaca_confirmer | AlpacaConfirmer: cannot fetch chain for HOOD 2026-10-09: Client error '401 Unauthorized' for url 'https://api.tradier.com/v1/markets/quotes?symbols=HOOD261009C00025000%2CHOOD261009C00030000%2CHOOD261009C00035000%2CHOOD261009C00040000%2CHOOD261009C00045000%2CHOOD261009C00050000%2CHOOD261009C00055000%2CHOOD261009C00060000%2CHOOD261009C00065000%2CHOOD261009C00070000%2CHOOD261009C00075000%2CHOOD261009C00080000%2CHOOD261009C00085000%2CHOOD261009C00090000%2CHOOD261009C00091000%2CHOOD261009C00092000%2CHOOD261009C00093000%2CHOOD261009C00094000%2CHOOD261009C00095000%2CHOOD261009C00096000%2CHOOD261009C00097000%2CHOOD261009C00098000%2CHOOD261009C00099000%2CHOOD261009C00100000%2CHOOD261009C00101000%2CHOOD261009C00102000%2CHOOD261009C00103000%2CHOOD261009C00104000%2CHOOD261009C00105000%2CHOOD261009C00106000%2CHOOD261009C00107000%2CHOOD261009C00108000%2CHOOD261009C00109000%2CHOOD261009C00110000%2CHOOD261009C00111000%2CHOOD261009C00112000%2CHOOD261009C00113000%2CHOOD261009C00114000%2CHOOD261009C00115000%2CHOOD261009C00116000%2CHOOD261009C00117000%2CHOOD261009C00118000%2CHOOD261009C00119000%2CHOOD261009C00120000%2CHOOD261009C00121000%2CHOOD261009C00122000%2CHOOD261009C00123000%2CHOOD261009C00124000%2CHOOD261009C00125000%2CHOOD261009C00126000&greeks=true'
For more information check: https://developer.mozilla.org/en-US/docs/Web/HTTP/Status/401
2026-10-06T11:55:31 | WARNING  | app.scanning.alpaca_confirmer | AlpacaConfirmer: cannot fetch chain for AVGO 2026-10-09: Client error '401 Unauthorized' for url 'https://api.tradier.com/v1/markets/quotes?symbols=AVGO261009C00210000%2CAVGO261009C00215000%2CAVGO261009C00220000%2CAVGO261009C00225000%2CAVGO261009C00230000%2CAVGO261009C00235000%2CAVGO261009C00240000%2CAVGO261009C00245000%2CAVGO261009C00250000%2CAVGO261009C00255000%2CAVGO261009C00260000%2CAVGO261009C00265000%2CAVGO261009C00270000%2CAVGO261009C00275000%2CAVGO261009C00280000%2CAVGO261009C00285000%2CAVGO261009C00290000%2CAVGO261009C00295000%2CAVGO261009C00300000%2CAVGO261009C00305000%2CAVGO261009C00310000%2CAVGO261009C00315000%2CAVGO261009C00317500%2CAVGO261009C00320000%2CAVGO261009C00322500%2CAVGO261009C00325000%2CAVGO261009C00327500%2CAVGO261009C00330000%2CAVGO261009C00332500%2CAVGO261009C00335000%2CAVGO261009C00337500%2CAVGO261009C00340000%2CAVGO261009C00342500%2CAVGO261009C00345000%2CAVGO261009C00347500%2CAVGO261009C00350000%2CAVGO261009C00352500%2CAVGO261009C00355000%2CAVGO261009C00357500%2CAVGO261009C00360000%2CAVGO261009C00362500%2CAVGO261009C00365000%2CAVGO261009C00367500%2CAVGO261009C00370000%2CAVGO261009C00372500%2CAVGO261009C00375000%2CAVGO261009C00377500%2CAVGO261009C00380000%2CAVGO261009C00382500%2CAVGO261009C00385000&greeks=true'
For more information check: https://developer.mozilla.org/en-US/docs/Web/HTTP/Status/401
2026-10-06T11:55:31 | WARNING  | app.scanning.alpaca_confirmer | AlpacaConfirmer: cannot fetch chain for AMZN 2026-10-09: Client error '401 Unauthorized' for url 'https://api.tradier.com/v1/markets/quotes?symbols=AMZN261009C00140000%2CAMZN261009C00145000%2CAMZN261009C00150000%2CAMZN261009C00155000%2CAMZN261009C00160000%2CAMZN261009C00165000%2CAMZN261009C00170000%2CAMZN261009C00175000%2CAMZN261009C00180000%2CAMZN261009C00185000%2CAMZN261009C00190000%2CAMZN261009C00195000%2CAMZN261009C00200000%2CAMZN261009C00205000%2CAMZN261009C00210000%2CAMZN261009C00215000%2CAMZN261009C00220000%2CAMZN261009C00222500%2CAMZN261009C00225000%2CAMZN261009C00227500%2CAMZN261009C00230000%2CAMZN261009C00232500%2CAMZN261009C00235000%2CAMZN261009C00237500%2CAMZN261009C00240000%2CAMZN261009C00242500%2CAMZN261009C00245000%2CAMZN261009C00247500%2CAMZN261009C00250000%2CAMZN261009C00252500%2CAMZN261009C00255000%2CAMZN261009C00257500%2CAMZN261009C00260000%2CAMZN261009C00262500%2CAMZN261009C00265000%2CAMZN261009C00267500%2CAMZN261009C00270000%2CAMZN261009C00272500%2CAMZN261009C00275000%2CAMZN261009C00277500%2CAMZN261009C00280000%2CAMZN261009C00285000%2CAMZN261009C00290000%2CAMZN261009C00295000%2CAMZN261009C00300000%2CAMZN261009C00305000%2CAMZN261009C00310000%2CAMZN261009C00315000%2CAMZN261009C00320000%2CAMZN261009C00325000&greeks=true'
For more information check: https://developer.mozilla.org/en-US/docs/Web/HTTP/Status/401
2026-10-06T11:55:31 | WARNING  | app.scanning.alpaca_confirmer | AlpacaConfirmer: cannot fetch chain for MSFT 2026-10-09: Client error '401 Unauthorized' for url 'https://api.tradier.com/v1/markets/quotes?symbols=MSFT261009C00270000%2CMSFT261009C00280000%2CMSFT261009C00290000%2CMSFT261009C00300000%2CMSFT261009C00305000%2CMSFT261009C00310000%2CMSFT261009C00315000%2CMSFT261009C00320000%2CMSFT261009C00325000%2CMSFT261009C00330000%2CMSFT261009C00335000%2CMSFT261009C00340000%2CMSFT261009C00345000%2CMSFT261009C00350000%2CMSFT261009C00355000%2CMSFT261009C00360000%2CMSFT261009C00365000%2CMSFT261009C00370000%2CMSFT261009C00375000%2CMSFT261009C00380000%2CMSFT261009C00385000%2CMSFT261009C00390000%2CMSFT261009C00395000%2CMSFT261009C00400000%2CMSFT261009C00405000%2CMSFT261009C00410000%2CMSFT261009C00415000%2CMSFT261009C00420000%2CMSFT261009C00425000%2CMSFT261009C00430000%2CMSFT261009C00435000%2CMSFT261009C00440000%2CMSFT261009C00445000%2CMSFT261009C00450000%2CMSFT261009C00455000%2CMSFT261009C00457500%2CMSFT261009C00460000%2CMSFT261009C00462500%2CMSFT261009C00465000%2CMSFT261009C00467500%2CMSFT261009C00470000%2CMSFT261009C00472500%2CMSFT261009C00475000%2CMSFT261009C00477500%2CMSFT261009C00480000%2CMSFT261009C00482500%2CMSFT261009C00485000%2CMSFT261009C00487500%2CMSFT261009C00490000%2CMSFT261009C00492500&greeks=true'
For more information check: https://developer.mozilla.org/en-US/docs/Web/HTTP/Status/401
2026-10-06T11:55:31 | WARNING  | app.scanning.alpaca_confirmer | AlpacaConfirmer: cannot fetch chain for SPY 2026-10-08: Client error '401 Unauthorized' for url 'https://api.tradier.com/v1/markets/quotes?symbols=SPY261008C00550000%2CSPY261008C00555000%2CSPY261008C00560000%2CSPY261008C00565000%2CSPY261008C00570000%2CSPY261008C00575000%2CSPY261008C00580000%2CSPY261008C00585000%2CSPY261008C00590000%2CSPY261008C00595000%2CSPY261008C00600000%2CSPY261008C00605000%2CSPY261008C00610000%2CSPY261008C00615000%2CSPY261008C00620000%2CSPY261008C00625000%2CSPY261008C00630000%2CSPY261008C00635000%2CSPY261008C00640000%2CSPY261008C00645000%2CSPY261008C00650000%2CSPY261008C00655000%2CSPY261008C00660000%2CSPY261008C00665000%2CSPY261008C00670000%2CSPY261008C00675000%2CSPY261008C00680000%2CSPY261008C00685000%2CSPY261008C00690000%2CSPY261008C00695000%2CSPY261008C00700000%2CSPY261008C00705000%2CSPY261008C00710000%2CSPY261008C00715000%2CSPY261008C00720000%2CSPY261008C00723000%2CSPY261008C00724000%2CSPY261008C00725000%2CSPY261008C00726000%2CSPY261008C00727000%2CSPY261008C00728000%2CSPY261008C00729000%2CSPY261008C00730000%2CSPY261008C00731000%2CSPY261008C00732000%2CSPY261008C00733000%2CSPY261008C00734000%2CSPY261008C00735000%2CSPY261008C00736000%2CSPY261008C00737000&greeks=true'
For more information check: https://developer.mozilla.org/en-US/docs/Web/HTTP/Status/401
2026-10-06T11:55:31 | WARNING  | app.scanning.alpaca_confirmer | AlpacaConfirmer: cannot fetch chain for AMD 2026-10-09: Client error '401 Unauthorized' for url 'https://api.tradier.com/v1/markets/quotes?symbols=AMD261009C00040000%2CAMD261009C00045000%2CAMD261009C00050000%2CAMD261009C00055000%2CAMD261009C00060000%2CAMD261009C00065000%2CAMD261009C00070000%2CAMD261009C00075000%2CAMD261009C00080000%2CAMD261009C00085000%2CAMD261009C00090000%2CAMD261009C00095000%2CAMD261009C00100000%2CAMD261009C00105000%2CAMD261009C00110000%2CAMD261009C00115000%2CAMD261009C00120000%2CAMD261009C00125000%2CAMD261009C00130000%2CAMD261009C00135000%2CAMD261009C00140000%2CAMD261009C00145000%2CAMD261009C00150000%2CAMD261009C00155000%2CAMD261009C00160000%2CAMD261009C00165000%2CAMD261009C00170000%2CAMD261009C00175000%2CAMD261009C00180000%2CAMD261009C00185000%2CAMD261009C00190000%2CAMD261009C00195000%2CAMD261009C00200000%2CAMD261009C00205000%2CAMD261009C00210000%2CAMD261009C00215000%2CAMD261009C00220000%2CAMD261009C00225000%2CAMD261009C00230000%2CAMD261009C00235000%2CAMD261009C00240000%2CAMD261009C00245000%2CAMD261009C00250000%2CAMD261009C00255000%2CAMD261009C00260000%2CAMD261009C00265000%2CAMD261009C00270000%2CAMD261009C00275000%2CAMD261009C00280000%2CAMD261009C00285000&greeks=true'
For more information check: https://developer.mozilla.org/en-US/docs/Web/HTTP/Status/401
2026-10-06T11:55:31 | WARNING  | app.scanning.alpaca_confirmer | AlpacaConfirmer: cannot fetch chain for IWM 2026-10-08: Client error '401 Unauthorized' for url 'https://api.tradier.com/v1/markets/quotes?symbols=IWM261008C00180000%2CIWM261008C00190000%2CIWM261008C00200000%2CIWM261008C00205000%2CIWM261008C00210000%2CIWM261008C00215000%2CIWM261008C00220000%2CIWM261008C00225000%2CIWM261008C00230000%2CIWM261008C00235000%2CIWM261008C00240000%2CIWM261008C00245000%2CIWM261008C00250000%2CIWM261008C00255000%2CIWM261008C00260000%2CIWM261008C00261000%2CIWM261008C00262000%2CIWM261008C00263000%2CIWM261008C00264000%2CIWM261008C00265000%2CIWM261008C00266000%2CIWM261008C00267000%2CIWM261008C00268000%2CIWM261008C00269000%2CIWM261008C00270000%2CIWM261008C00271000%2CIWM261008C00272000%2CIWM261008C00273000%2CIWM261008C00274000%2CIWM261008C00275000%2CIWM261008C00276000%2CIWM261008C00277000%2CIWM261008C00278000%2CIWM261008C00279000%2CIWM261008C00280000%2CIWM261008C00281000%2CIWM261008C00282000%2CIWM261008C00283000%2CIWM261008C00284000%2CIWM261008C00285000%2CIWM261008C00286000%2CIWM261008C00287000%2CIWM261008C00288000%2CIWM261008C00289000%2CIWM261008C00290000%2CIWM261008C00291000%2CIWM261008C00292000%2CIWM261008C00293000%2CIWM261008C00294000%2CIWM261008C00295000&greeks=true'
For more information check: https://developer.mozilla.org/en-US/docs/Web/HTTP/Status/401
2026-10-06T11:55:31 | WARNING  | app.scanning.alpaca_confirmer | AlpacaConfirmer: cannot fetch chain for RIOT 2026-10-09: Client error '401 Unauthorized' for url 'https://api.tradier.com/v1/markets/quotes?symbols=RIOT261009C00008000%2CRIOT261009C00009000%2CRIOT261009C00010000%2CRIOT261009C00011000%2CRIOT261009C00012000%2CRIOT261009C00013000%2CRIOT261009C00014000%2CRIOT261009C00015000%2CRIOT261009C00016000%2CRIOT261009C00017000%2CRIOT261009C00017500%2CRIOT261009C00018000%2CRIOT261009C00018500%2CRIOT261009C00019000%2CRIOT261009C00019500%2CRIOT261009C00020000%2CRIOT261009C00020500%2CRIOT261009C00021000%2CRIOT261009C00021500%2CRIOT261009C00022000%2CRIOT261009C00022500%2CRIOT261009C00023000%2CRIOT261009C00023500%2CRIOT261009C00024000%2CRIOT261009C00024500%2CRIOT261009C00025000%2CRIOT261009C00025500%2CRIOT261009C00026000%2CRIOT261009C00026500%2CRIOT261009C00027000%2CRIOT261009C00027500%2CRIOT261009C00028000%2CRIOT261009C00028500%2CRIOT261009C00029000%2CRIOT261009C00029500%2CRIOT261009C00030000%2CRIOT261009C00031000%2CRIOT261009C00032000%2CRIOT261009C00033000%2CRIOT261009C00034000%2CRIOT261009C00035000%2CRIOT261009P00008000%2CRIOT261009P00009000%2CRIOT261009P00010000%2CRIOT261009P00011000%2CRIOT261009P00012000%2CRIOT261009P00013000%2CRIOT261009P00014000%2CRIOT261009P00015000%2CRIOT261009P00016000&greeks=true'
For more information check: https://developer.mozilla.org/en-US/docs/Web/HTTP/Status/401
2026-10-06T11:55:31 | WARNING  | app.scanning.alpaca_confirmer | AlpacaConfirmer: cannot fetch chain for XLE 2026-10-09: Client error '401 Unauthorized' for url 'https://api.tradier.com/v1/markets/quotes?symbols=XLE261009C00035000%2CXLE261009C00040000%2CXLE261009C00045000%2CXLE261009C00050000%2CXLE261009C00051000%2CXLE261009C00052000%2CXLE261009C00053000%2CXLE261009C00054000%2CXLE261009C00055000%2CXLE261009C00056000%2CXLE261009C00056500%2CXLE261009C00057000%2CXLE261009C00057500%2CXLE261009C00058000%2CXLE261009C00058500%2CXLE261009C00059000%2CXLE261009C00059500%2CXLE261009C00060000%2CXLE261009C00060500%2CXLE261009C00061000%2CXLE261009C00061500%2CXLE261009C00062000%2CXLE261009C00062500%2CXLE261009C00063000%2CXLE261009C00063500%2CXLE261009C00064000%2CXLE261009C00064500%2CXLE261009C00065000%2CXLE261009C00065500%2CXLE261009C00066000%2CXLE261009C00066500%2CXLE261009C00067000%2CXLE261009C00067500%2CXLE261009C00068000%2CXLE261009C00068500%2CXLE261009C00069000%2CXLE261009C00070000%2CXLE261009C00071000%2CXLE261009C00075000%2CXLE261009C00080000%2CXLE261009P00035000%2CXLE261009P00040000%2CXLE261009P00045000%2CXLE261009P00050000%2CXLE261009P00051000%2CXLE261009P00052000%2CXLE261009P00053000%2CXLE261009P00054000%2CXLE261009P00055000%2CXLE261009P00056000&greeks=true'
For more information check: https://developer.mozilla.org/en-US/docs/Web/HTTP/Status/401
2026-10-06T11:55:32 | WARNING  | app.scanning.alpaca_confirmer | AlpacaConfirmer: cannot fetch chain for QQQ 2026-10-08: Client error '401 Unauthorized' for url 'https://api.tradier.com/v1/markets/quotes?symbols=QQQ261008C00500000%2CQQQ261008C00505000%2CQQQ261008C00510000%2CQQQ261008C00515000%2CQQQ261008C00520000%2CQQQ261008C00525000%2CQQQ261008C00530000%2CQQQ261008C00535000%2CQQQ261008C00540000%2CQQQ261008C00545000%2CQQQ261008C00550000%2CQQQ261008C00555000%2CQQQ261008C00560000%2CQQQ261008C00565000%2CQQQ261008C00570000%2CQQQ261008C00575000%2CQQQ261008C00580000%2CQQQ261008C00585000%2CQQQ261008C00590000%2CQQQ261008C00595000%2CQQQ261008C00600000%2CQQQ261008C00605000%2CQQQ261008C00610000%2CQQQ261008C00615000%2CQQQ261008C00620000%2CQQQ261008C00625000%2CQQQ261008C00630000%2CQQQ261008C00635000%2CQQQ261008C00640000%2CQQQ261008C00645000%2CQQQ261008C00650000%2CQQQ261008C00655000%2CQQQ261008C00660000%2CQQQ261008C00665000%2CQQQ261008C00670000%2CQQQ261008C00675000%2CQQQ261008C00680000%2CQQQ261008C00685000%2CQQQ261008C00690000%2CQQQ261008C00691000%2CQQQ261008C00692000%2CQQQ261008C00693000%2CQQQ261008C00694000%2CQQQ261008C00695000%2CQQQ261008C00696000%2CQQQ261008C00697000%2CQQQ261008C00698000%2CQQQ261008C00699000%2CQQQ261008C00700000%2CQQQ261008C00701000&greeks=true'
For more information check: https://developer.mozilla.org/en-US/docs/Web/HTTP/Status/401
2026-10-06T11:55:32 | INFO     | session_runner | AlpacaConfirmer: 0 confirmed symbols: []
2026-10-06T11:55:32 | WARNING  | session_runner | Re-scan returned no confirmed symbols — falling back to ['SPY']
2026-10-06T11:55:32 | INFO     | session_runner | Broad-market regime | SPY=long
2026-10-06T11:55:33 | INFO     | session_runner | [bridge:SPY] rsi_trend ready: sufficient bars
2026-10-06T11:55:33 | INFO     | session_runner | Stale signal: SPY/orb age=125 min > max 10 min — skipped
2026-10-06T11:55:33 | INFO     | session_runner | Stale signal: SPY/vwap_reclaim age=70 min > max 10 min — skipped
2026-10-06T11:55:33 | INFO     | session_runner | Stale signal: SPY/vwap_reclaim age=130 min > max 10 min — skipped
2026-10-06T11:56:03 | INFO     | session_runner | [cycle 282] 11:56:03 ET | positions=0 | entries=0
2026-10-06T11:56:03 | INFO     | session_runner | [bridge:SPY] rsi_trend ready: sufficient bars
2026-10-06T11:56:03 | INFO     | session_runner | Stale signal: SPY/orb age=126 min > max 10 min — skipped
2026-10-06T11:56:03 | INFO     | session_runner | Stale signal: SPY/vwap_reclaim age=71 min > max 10 min — skipped
2026-10-06T11:56:03 | INFO     | session_runner | Stale signal: SPY/vwap_reclaim age=131 min > max 10 min — skipped
2026-10-06T11:56:33 | INFO     | session_runner | [cycle 283] 11:56:33 ET | positions=0 | entries=0
2026-10-06T11:56:34 | INFO     | session_runner | [bridge:SPY] rsi_trend ready: sufficient bars
2026-10-06T11:56:34 | INFO     | session_runner | Stale signal: SPY/orb age=127 min > max 10 min — skipped
2026-10-06T11:56:34 | INFO     | session_runner | Stale signal: SPY/vwap_reclaim age=72 min > max 10 min — skipped
2026-10-06T11:56:34 | INFO     | session_runner | Stale signal: SPY/vwap_reclaim age=132 min > max 10 min — skipped
2026-10-06T11:57:04 | INFO     | session_runner | [cycle 284] 11:57:04 ET | positions=0 | entries=0
2026-10-06T11:57:04 | INFO     | session_runner | [bridge:SPY] rsi_trend ready: sufficient bars
2026-10-06T11:57:04 | INFO     | session_runner | Stale signal: SPY/orb age=127 min > max 10 min — skipped
2026-10-06T11:57:04 | INFO     | session_runner | Stale signal: SPY/vwap_reclaim age=72 min > max 10 min — skipped
2026-10-06T11:57:04 | INFO     | session_runner | Stale signal: SPY/vwap_reclaim age=132 min > max 10 min — skipped
2026-10-06T11:57:34 | INFO     | session_runner | [cycle 285] 11:57:34 ET | positions=0 | entries=0
2026-10-06T11:57:35 | INFO     | session_runner | [bridge:SPY] rsi_trend ready: sufficient bars
2026-10-06T11:57:35 | INFO     | session_runner | Stale signal: SPY/orb age=128 min > max 10 min — skipped
2026-10-06T11:57:35 | INFO     | session_runner | Stale signal: SPY/vwap_reclaim age=73 min > max 10 min — skipped
2026-10-06T11:57:35 | INFO     | session_runner | Stale signal: SPY/vwap_reclaim age=133 min > max 10 min — skipped
2026-10-06T11:58:05 | INFO     | session_runner | [cycle 286] 11:58:05 ET | positions=0 | entries=0
2026-10-06T11:58:05 | INFO     | session_runner | [bridge:SPY] rsi_trend ready: sufficient bars
2026-10-06T11:58:05 | INFO     | session_runner | Stale signal: SPY/orb age=128 min > max 10 min — skipped
2026-10-06T11:58:05 | INFO     | session_runner | Stale signal: SPY/vwap_reclaim age=73 min > max 10 min — skipped
2026-10-06T11:58:05 | INFO     | session_runner | Stale signal: SPY/vwap_reclaim age=133 min > max 10 min — skipped
2026-10-06T11:58:35 | INFO     | session_runner | [cycle 287] 11:58:35 ET | positions=0 | entries=0
2026-10-06T11:58:36 | INFO     | session_runner | [bridge:SPY] rsi_trend ready: sufficient bars
2026-10-06T11:58:36 | INFO     | session_runner | Stale signal: SPY/orb age=129 min > max 10 min — skipped
2026-10-06T11:58:36 | INFO     | session_runner | Stale signal: SPY/vwap_reclaim age=74 min > max 10 min — skipped
2026-10-06T11:58:36 | INFO     | session_runner | Stale signal: SPY/vwap_reclaim age=134 min > max 10 min — skipped
2026-10-06T11:59:06 | INFO     | session_runner | [cycle 288] 11:59:06 ET | positions=0 | entries=0
2026-10-06T11:59:06 | INFO     | session_runner | [bridge:SPY] rsi_trend ready: sufficient bars
2026-10-06T11:59:06 | INFO     | session_runner | Stale signal: SPY/orb age=129 min > max 10 min — skipped
2026-10-06T11:59:06 | INFO     | session_runner | Stale signal: SPY/vwap_reclaim age=74 min > max 10 min — skipped
2026-10-06T11:59:06 | INFO     | session_runner | Stale signal: SPY/vwap_reclaim age=134 min > max 10 min — skipped
2026-10-06T11:59:36 | INFO     | session_runner | [cycle 289] 11:59:36 ET | positions=0 | entries=0
2026-10-06T11:59:36 | INFO     | session_runner | [bridge:SPY] rsi_trend ready: sufficient bars
2026-10-06T11:59:36 | INFO     | session_runner | Stale signal: SPY/orb age=130 min > max 10 min — skipped
2026-10-06T11:59:36 | INFO     | session_runner | Stale signal: SPY/vwap_reclaim age=75 min > max 10 min — skipped
2026-10-06T11:59:36 | INFO     | session_runner | Stale signal: SPY/vwap_reclaim age=135 min > max 10 min — skipped
2026-10-06T12:00:06 | INFO     | session_runner | [cycle 290] 12:00:06 ET | positions=0 | entries=0
2026-10-06T12:00:07 | INFO     | session_runner | [bridge:SPY] rsi_trend ready: sufficient bars
2026-10-06T12:00:07 | INFO     | session_runner | Stale signal: SPY/orb age=130 min > max 10 min — skipped
2026-10-06T12:00:07 | INFO     | session_runner | Stale signal: SPY/vwap_reclaim age=75 min > max 10 min — skipped
2026-10-06T12:00:07 | INFO     | session_runner | Stale signal: SPY/vwap_reclaim age=135 min > max 10 min — skipped
2026-10-06T12:00:37 | INFO     | session_runner | [cycle 291] 12:00:37 ET | positions=0 | entries=0
2026-10-06T12:00:37 | INFO     | session_runner | Periodic universe re-scan …
2026-10-06T12:00:37 | INFO     | app.scanning.universe_loader | UniverseLoader: loaded 5 groups (13 flat symbols) from config/ticker_universe.yaml (blacklist=0)
2026-10-06T12:00:37 | INFO     | app.scanning.universe_loader | UniverseLoader: 38 symbols from 4 group(s) (blacklist=0)
2026-10-06T12:00:37 | INFO     | session_runner | Universe scan: 38 symbols from 4 group(s) | max_active=6
2026-10-06T12:00:47 | INFO     | session_runner | Scan: 18 passed, 20 rejected
2026-10-06T12:00:47 | INFO     | session_runner |   AVGO    score=77.0  signal=LONG     reasons: rvol=2.11x (high), atr=2.87% (wide-range), orb_breakout
2026-10-06T12:00:47 | INFO     | session_runner |   XLE     score=75.0  signal=LONG     reasons: rvol=1.07x (normal), atr=1.88% (wide-range), orb_breakout
2026-10-06T12:00:47 | INFO     | session_runner |   UBER    score=75.0  signal=SHORT    reasons: rvol=1.14x (normal), atr=2.20% (wide-range), orb_breakdown
2026-10-06T12:00:47 | INFO     | session_runner |   IWM     score=68.0  signal=SHORT    reasons: rvol=1.17x (normal), atr=1.29% (good range), orb_breakdown
2026-10-06T12:00:47 | INFO     | session_runner |   AMZN    score=67.0  signal=LONG     reasons: rvol=1.20x (normal), atr=2.02% (wide-range), orb_breakout
2026-10-06T12:00:47 | WARNING  | app.scanning.alpaca_confirmer | AlpacaConfirmer: cannot fetch chain for MARA 2026-10-09: Client error '401 Unauthorized' for url 'https://api.tradier.com/v1/markets/quotes?symbols=MARA261009C00004000%2CMARA261009C00005000%2CMARA261009C00006000%2CMARA261009C00006500%2CMARA261009C00007000%2CMARA261009C00007500%2CMARA261009C00008000%2CMARA261009C00008500%2CMARA261009C00009000%2CMARA261009C00009500%2CMARA261009C00010000%2CMARA261009C00010500%2CMARA261009C00011000%2CMARA261009C00011500%2CMARA261009C00012000%2CMARA261009C00012500%2CMARA261009C00013000%2CMARA261009C00013500%2CMARA261009C00014000%2CMARA261009C00014500%2CMARA261009C00015000%2CMARA261009C00015500%2CMARA261009C00016000%2CMARA261009C00016500%2CMARA261009C00017000%2CMARA261009C00017500%2CMARA261009C00018000%2CMARA261009C00019000%2CMARA261009C00020000%2CMARA261009C00021000%2CMARA261009C00022000%2CMARA261009C00023000%2CMARA261009P00004000%2CMARA261009P00005000%2CMARA261009P00006000%2CMARA261009P00006500%2CMARA261009P00007000%2CMARA261009P00007500%2CMARA261009P00008000%2CMARA261009P00008500%2CMARA261009P00009000%2CMARA261009P00009500%2CMARA261009P00010000%2CMARA261009P00010500%2CMARA261009P00011000%2CMARA261009P00011500%2CMARA261009P00012000%2CMARA261009P00012500%2CMARA261009P00013000%2CMARA261009P00013500&greeks=true'
For more information check: https://developer.mozilla.org/en-US/docs/Web/HTTP/Status/401
2026-10-06T12:00:47 | WARNING  | app.scanning.alpaca_confirmer | AlpacaConfirmer: cannot fetch chain for HOOD 2026-10-09: Client error '401 Unauthorized' for url 'https://api.tradier.com/v1/markets/quotes?symbols=HOOD261009C00025000%2CHOOD261009C00030000%2CHOOD261009C00035000%2CHOOD261009C00040000%2CHOOD261009C00045000%2CHOOD261009C00050000%2CHOOD261009C00055000%2CHOOD261009C00060000%2CHOOD261009C00065000%2CHOOD261009C00070000%2CHOOD261009C00075000%2CHOOD261009C00080000%2CHOOD261009C00085000%2CHOOD261009C00090000%2CHOOD261009C00091000%2CHOOD261009C00092000%2CHOOD261009C00093000%2CHOOD261009C00094000%2CHOOD261009C00095000%2CHOOD261009C00096000%2CHOOD261009C00097000%2CHOOD261009C00098000%2CHOOD261009C00099000%2CHOOD261009C00100000%2CHOOD261009C00101000%2CHOOD261009C00102000%2CHOOD261009C00103000%2CHOOD261009C00104000%2CHOOD261009C00105000%2CHOOD261009C00106000%2CHOOD261009C00107000%2CHOOD261009C00108000%2CHOOD261009C00109000%2CHOOD261009C00110000%2CHOOD261009C00111000%2CHOOD261009C00112000%2CHOOD261009C00113000%2CHOOD261009C00114000%2CHOOD261009C00115000%2CHOOD261009C00116000%2CHOOD261009C00117000%2CHOOD261009C00118000%2CHOOD261009C00119000%2CHOOD261009C00120000%2CHOOD261009C00121000%2CHOOD261009C00122000%2CHOOD261009C00123000%2CHOOD261009C00124000%2CHOOD261009C00125000%2CHOOD261009C00126000&greeks=true'
For more information check: https://developer.mozilla.org/en-US/docs/Web/HTTP/Status/401
2026-10-06T12:00:47 | WARNING  | app.scanning.alpaca_confirmer | AlpacaConfirmer: cannot fetch chain for AVGO 2026-10-09: Client error '401 Unauthorized' for url 'https://api.tradier.com/v1/markets/quotes?symbols=AVGO261009C00210000%2CAVGO261009C00215000%2CAVGO261009C00220000%2CAVGO261009C00225000%2CAVGO261009C00230000%2CAVGO261009C00235000%2CAVGO261009C00240000%2CAVGO261009C00245000%2CAVGO261009C00250000%2CAVGO261009C00255000%2CAVGO261009C00260000%2CAVGO261009C00265000%2CAVGO261009C00270000%2CAVGO261009C00275000%2CAVGO261009C00280000%2CAVGO261009C00285000%2CAVGO261009C00290000%2CAVGO261009C00295000%2CAVGO261009C00300000%2CAVGO261009C00305000%2CAVGO261009C00310000%2CAVGO261009C00315000%2CAVGO261009C00317500%2CAVGO261009C00320000%2CAVGO261009C00322500%2CAVGO261009C00325000%2CAVGO261009C00327500%2CAVGO261009C00330000%2CAVGO261009C00332500%2CAVGO261009C00335000%2CAVGO261009C00337500%2CAVGO261009C00340000%2CAVGO261009C00342500%2CAVGO261009C00345000%2CAVGO261009C00347500%2CAVGO261009C00350000%2CAVGO261009C00352500%2CAVGO261009C00355000%2CAVGO261009C00357500%2CAVGO261009C00360000%2CAVGO261009C00362500%2CAVGO261009C00365000%2CAVGO261009C00367500%2CAVGO261009C00370000%2CAVGO261009C00372500%2CAVGO261009C00375000%2CAVGO261009C00377500%2CAVGO261009C00380000%2CAVGO261009C00382500%2CAVGO261009C00385000&greeks=true'
For more information check: https://developer.mozilla.org/en-US/docs/Web/HTTP/Status/401
2026-10-06T12:00:47 | WARNING  | app.scanning.alpaca_confirmer | AlpacaConfirmer: cannot fetch chain for AMD 2026-10-09: Client error '401 Unauthorized' for url 'https://api.tradier.com/v1/markets/quotes?symbols=AMD261009C00040000%2CAMD261009C00045000%2CAMD261009C00050000%2CAMD261009C00055000%2CAMD261009C00060000%2CAMD261009C00065000%2CAMD261009C00070000%2CAMD261009C00075000%2CAMD261009C00080000%2CAMD261009C00085000%2CAMD261009C00090000%2CAMD261009C00095000%2CAMD261009C00100000%2CAMD261009C00105000%2CAMD261009C00110000%2CAMD261009C00115000%2CAMD261009C00120000%2CAMD261009C00125000%2CAMD261009C00130000%2CAMD261009C00135000%2CAMD261009C00140000%2CAMD261009C00145000%2CAMD261009C00150000%2CAMD261009C00155000%2CAMD261009C00160000%2CAMD261009C00165000%2CAMD261009C00170000%2CAMD261009C00175000%2CAMD261009C00180000%2CAMD261009C00185000%2CAMD261009C00190000%2CAMD261009C00195000%2CAMD261009C00200000%2CAMD261009C00205000%2CAMD261009C00210000%2CAMD261009C00215000%2CAMD261009C00220000%2CAMD261009C00225000%2CAMD261009C00230000%2CAMD261009C00235000%2CAMD261009C00240000%2CAMD261009C00245000%2CAMD261009C00250000%2CAMD261009C00255000%2CAMD261009C00260000%2CAMD261009C00265000%2CAMD261009C00270000%2CAMD261009C00275000%2CAMD261009C00280000%2CAMD261009C00285000&greeks=true'
For more information check: https://developer.mozilla.org/en-US/docs/Web/HTTP/Status/401
2026-10-06T12:00:47 | WARNING  | app.scanning.alpaca_confirmer | AlpacaConfirmer: cannot fetch chain for UBER 2026-10-09: Client error '401 Unauthorized' for url 'https://api.tradier.com/v1/markets/quotes?symbols=UBER261009C00050000%2CUBER261009C00055000%2CUBER261009C00057000%2CUBER261009C00058000%2CUBER261009C00059000%2CUBER261009C00060000%2CUBER261009C00061000%2CUBER261009C00062000%2CUBER261009C00063000%2CUBER261009C00064000%2CUBER261009C00065000%2CUBER261009C00066000%2CUBER261009C00067000%2CUBER261009C00068000%2CUBER261009C00069000%2CUBER261009C00070000%2CUBER261009C00071000%2CUBER261009C00072000%2CUBER261009C00073000%2CUBER261009C00074000%2CUBER261009C00075000%2CUBER261009C00076000%2CUBER261009C00077000%2CUBER261009C00078000%2CUBER261009C00079000%2CUBER261009C00080000%2CUBER261009C00081000%2CUBER261009C00082000%2CUBER261009C00083000%2CUBER261009C00084000%2CUBER261009C00085000%2CUBER261009C00086000%2CUBER261009C00087000%2CUBER261009C00088000%2CUBER261009C00089000%2CUBER261009C00090000%2CUBER261009C00091000%2CUBER261009C00095000%2CUBER261009C00100000%2CUBER261009C00105000%2CUBER261009P00050000%2CUBER261009P00055000%2CUBER261009P00057000%2CUBER261009P00058000%2CUBER261009P00059000%2CUBER261009P00060000%2CUBER261009P00061000%2CUBER261009P00062000%2CUBER261009P00063000%2CUBER261009P00064000&greeks=true'
For more information check: https://developer.mozilla.org/en-US/docs/Web/HTTP/Status/401
2026-10-06T12:00:47 | WARNING  | app.scanning.alpaca_confirmer | AlpacaConfirmer: cannot fetch chain for MSFT 2026-10-09: Client error '401 Unauthorized' for url 'https://api.tradier.com/v1/markets/quotes?symbols=MSFT261009C00270000%2CMSFT261009C00280000%2CMSFT261009C00290000%2CMSFT261009C00300000%2CMSFT261009C00305000%2CMSFT261009C00310000%2CMSFT261009C00315000%2CMSFT261009C00320000%2CMSFT261009C00325000%2CMSFT261009C00330000%2CMSFT261009C00335000%2CMSFT261009C00340000%2CMSFT261009C00345000%2CMSFT261009C00350000%2CMSFT261009C00355000%2CMSFT261009C00360000%2CMSFT261009C00365000%2CMSFT261009C00370000%2CMSFT261009C00375000%2CMSFT261009C00380000%2CMSFT261009C00385000%2CMSFT261009C00390000%2CMSFT261009C00395000%2CMSFT261009C00400000%2CMSFT261009C00405000%2CMSFT261009C00410000%2CMSFT261009C00415000%2CMSFT261009C00420000%2CMSFT261009C00425000%2CMSFT261009C00430000%2CMSFT261009C00435000%2CMSFT261009C00440000%2CMSFT261009C00445000%2CMSFT261009C00450000%2CMSFT261009C00455000%2CMSFT261009C00457500%2CMSFT261009C00460000%2CMSFT261009C00462500%2CMSFT261009C00465000%2CMSFT261009C00467500%2CMSFT261009C00470000%2CMSFT261009C00472500%2CMSFT261009C00475000%2CMSFT261009C00477500%2CMSFT261009C00480000%2CMSFT261009C00482500%2CMSFT261009C00485000%2CMSFT261009C00487500%2CMSFT261009C00490000%2CMSFT261009C00492500&greeks=true'
For more information check: https://developer.mozilla.org/en-US/docs/Web/HTTP/Status/401
2026-10-06T12:00:47 | WARNING  | app.scanning.alpaca_confirmer | AlpacaConfirmer: cannot fetch chain for LYFT 2026-10-09: Client error '401 Unauthorized' for url 'https://api.tradier.com/v1/markets/quotes?symbols=LYFT261009C00005000%2CLYFT261009C00008000%2CLYFT261009C00009000%2CLYFT261009C00010000%2CLYFT261009C00010500%2CLYFT261009C00011000%2CLYFT261009C00011500%2CLYFT261009C00012000%2CLYFT261009C00012500%2CLYFT261009C00013000%2CLYFT261009C00013500%2CLYFT261009C00014000%2CLYFT261009C00014500%2CLYFT261009C00015000%2CLYFT261009C00015500%2CLYFT261009C00016000%2CLYFT261009C00016500%2CLYFT261009C00017000%2CLYFT261009C00017500%2CLYFT261009C00018000%2CLYFT261009C00018500%2CLYFT261009C00019000%2CLYFT261009C00019500%2CLYFT261009C00020000%2CLYFT261009C00020500%2CLYFT261009C00021000%2CLYFT261009C00021500%2CLYFT261009C00022000%2CLYFT261009C00022500%2CLYFT261009C00023000%2CLYFT261009C00024000%2CLYFT261009C00025000%2CLYFT261009P00005000%2CLYFT261009P00008000%2CLYFT261009P00009000%2CLYFT261009P00010000%2CLYFT261009P00010500%2CLYFT261009P00011000%2CLYFT261009P00011500%2CLYFT261009P00012000%2CLYFT261009P00012500%2CLYFT261009P00013000%2CLYFT261009P00013500%2CLYFT261009P00014000%2CLYFT261009P00014500%2CLYFT261009P00015000%2CLYFT261009P00015500%2CLYFT261009P00016000%2CLYFT261009P00016500%2CLYFT261009P00017000&greeks=true'
For more information check: https://developer.mozilla.org/en-US/docs/Web/HTTP/Status/401
2026-10-06T12:00:47 | WARNING  | app.scanning.alpaca_confirmer | AlpacaConfirmer: cannot fetch chain for AMZN 2026-10-09: Client error '401 Unauthorized' for url 'https://api.tradier.com/v1/markets/quotes?symbols=AMZN261009C00140000%2CAMZN261009C00145000%2CAMZN261009C00150000%2CAMZN261009C00155000%2CAMZN261009C00160000%2CAMZN261009C00165000%2CAMZN261009C00170000%2CAMZN261009C00175000%2CAMZN261009C00180000%2CAMZN261009C00185000%2CAMZN261009C00190000%2CAMZN261009C00195000%2CAMZN261009C00200000%2CAMZN261009C00205000%2CAMZN261009C00210000%2CAMZN261009C00215000%2CAMZN261009C00220000%2CAMZN261009C00222500%2CAMZN261009C00225000%2CAMZN261009C00227500%2CAMZN261009C00230000%2CAMZN261009C00232500%2CAMZN261009C00235000%2CAMZN261009C00237500%2CAMZN261009C00240000%2CAMZN261009C00242500%2CAMZN261009C00245000%2CAMZN261009C00247500%2CAMZN261009C00250000%2CAMZN261009C00252500%2CAMZN261009C00255000%2CAMZN261009C00257500%2CAMZN261009C00260000%2CAMZN261009C00262500%2CAMZN261009C00265000%2CAMZN261009C00267500%2CAMZN261009C00270000%2CAMZN261009C00272500%2CAMZN261009C00275000%2CAMZN261009C00277500%2CAMZN261009C00280000%2CAMZN261009C00285000%2CAMZN261009C00290000%2CAMZN261009C00295000%2CAMZN261009C00300000%2CAMZN261009C00305000%2CAMZN261009C00310000%2CAMZN261009C00315000%2CAMZN261009C00320000%2CAMZN261009C00325000&greeks=true'
For more information check: https://developer.mozilla.org/en-US/docs/Web/HTTP/Status/401
2026-10-06T12:00:47 | WARNING  | app.scanning.alpaca_confirmer | AlpacaConfirmer: cannot fetch chain for IWM 2026-10-08: Client error '401 Unauthorized' for url 'https://api.tradier.com/v1/markets/quotes?symbols=IWM261008C00180000%2CIWM261008C00190000%2CIWM261008C00200000%2CIWM261008C00205000%2CIWM261008C00210000%2CIWM261008C00215000%2CIWM261008C00220000%2CIWM261008C00225000%2CIWM261008C00230000%2CIWM261008C00235000%2CIWM261008C00240000%2CIWM261008C00245000%2CIWM261008C00250000%2CIWM261008C00255000%2CIWM261008C00260000%2CIWM261008C00261000%2CIWM261008C00262000%2CIWM261008C00263000%2CIWM261008C00264000%2CIWM261008C00265000%2CIWM261008C00266000%2CIWM261008C00267000%2CIWM261008C00268000%2CIWM261008C00269000%2CIWM261008C00270000%2CIWM261008C00271000%2CIWM261008C00272000%2CIWM261008C00273000%2CIWM261008C00274000%2CIWM261008C00275000%2CIWM261008C00276000%2CIWM261008C00277000%2CIWM261008C00278000%2CIWM261008C00279000%2CIWM261008C00280000%2CIWM261008C00281000%2CIWM261008C00282000%2CIWM261008C00283000%2CIWM261008C00284000%2CIWM261008C00285000%2CIWM261008C00286000%2CIWM261008C00287000%2CIWM261008C00288000%2CIWM261008C00289000%2CIWM261008C00290000%2CIWM261008C00291000%2CIWM261008C00292000%2CIWM261008C00293000%2CIWM261008C00294000%2CIWM261008C00295000&greeks=true'
For more information check: https://developer.mozilla.org/en-US/docs/Web/HTTP/Status/401
2026-10-06T12:00:47 | WARNING  | app.scanning.alpaca_confirmer | AlpacaConfirmer: cannot fetch chain for GOOGL 2026-10-09: Client error '401 Unauthorized' for url 'https://api.tradier.com/v1/markets/quotes?symbols=GOOGL261009C00100000%2CGOOGL261009C00105000%2CGOOGL261009C00110000%2CGOOGL261009C00115000%2CGOOGL261009C00120000%2CGOOGL261009C00125000%2CGOOGL261009C00130000%2CGOOGL261009C00135000%2CGOOGL261009C00140000%2CGOOGL261009C00145000%2CGOOGL261009C00150000%2CGOOGL261009C00155000%2CGOOGL261009C00160000%2CGOOGL261009C00165000%2CGOOGL261009C00170000%2CGOOGL261009C00175000%2CGOOGL261009C00180000%2CGOOGL261009C00185000%2CGOOGL261009C00190000%2CGOOGL261009C00195000%2CGOOGL261009C00200000%2CGOOGL261009C00205000%2CGOOGL261009C00210000%2CGOOGL261009C00215000%2CGOOGL261009C00220000%2CGOOGL261009C00225000%2CGOOGL261009C00230000%2CGOOGL261009C00235000%2CGOOGL261009C00240000%2CGOOGL261009C00245000%2CGOOGL261009C00250000%2CGOOGL261009C00255000%2CGOOGL261009C00260000%2CGOOGL261009C00265000%2CGOOGL261009C00270000%2CGOOGL261009C00275000%2CGOOGL261009C00280000%2CGOOGL261009C00285000%2CGOOGL261009C00290000%2CGOOGL261009C00295000%2CGOOGL261009C00300000%2CGOOGL261009C00305000%2CGOOGL261009C00307500%2CGOOGL261009C00310000%2CGOOGL261009C00312500%2CGOOGL261009C00315000%2CGOOGL261009C00317500%2CGOOGL261009C00320000%2CGOOGL261009C00322500%2CGOOGL261009C00325000&greeks=true'
For more information check: https://developer.mozilla.org/en-US/docs/Web/HTTP/Status/401
2026-10-06T12:00:47 | WARNING  | app.scanning.alpaca_confirmer | AlpacaConfirmer: cannot fetch chain for SPY 2026-10-08: Client error '401 Unauthorized' for url 'https://api.tradier.com/v1/markets/quotes?symbols=SPY261008C00550000%2CSPY261008C00555000%2CSPY261008C00560000%2CSPY261008C00565000%2CSPY261008C00570000%2CSPY261008C00575000%2CSPY261008C00580000%2CSPY261008C00585000%2CSPY261008C00590000%2CSPY261008C00595000%2CSPY261008C00600000%2CSPY261008C00605000%2CSPY261008C00610000%2CSPY261008C00615000%2CSPY261008C00620000%2CSPY261008C00625000%2CSPY261008C00630000%2CSPY261008C00635000%2CSPY261008C00640000%2CSPY261008C00645000%2CSPY261008C00650000%2CSPY261008C00655000%2CSPY261008C00660000%2CSPY261008C00665000%2CSPY261008C00670000%2CSPY261008C00675000%2CSPY261008C00680000%2CSPY261008C00685000%2CSPY261008C00690000%2CSPY261008C00695000%2CSPY261008C00700000%2CSPY261008C00705000%2CSPY261008C00710000%2CSPY261008C00715000%2CSPY261008C00720000%2CSPY261008C00723000%2CSPY261008C00724000%2CSPY261008C00725000%2CSPY261008C00726000%2CSPY261008C00727000%2CSPY261008C00728000%2CSPY261008C00729000%2CSPY261008C00730000%2CSPY261008C00731000%2CSPY261008C00732000%2CSPY261008C00733000%2CSPY261008C00734000%2CSPY261008C00735000%2CSPY261008C00736000%2CSPY261008C00737000&greeks=true'
For more information check: https://developer.mozilla.org/en-US/docs/Web/HTTP/Status/401
2026-10-06T12:00:47 | WARNING  | app.scanning.alpaca_confirmer | AlpacaConfirmer: cannot fetch chain for XLE 2026-10-09: Client error '401 Unauthorized' for url 'https://api.tradier.com/v1/markets/quotes?symbols=XLE261009C00035000%2CXLE261009C00040000%2CXLE261009C00045000%2CXLE261009C00050000%2CXLE261009C00051000%2CXLE261009C00052000%2CXLE261009C00053000%2CXLE261009C00054000%2CXLE261009C00055000%2CXLE261009C00056000%2CXLE261009C00056500%2CXLE261009C00057000%2CXLE261009C00057500%2CXLE261009C00058000%2CXLE261009C00058500%2CXLE261009C00059000%2CXLE261009C00059500%2CXLE261009C00060000%2CXLE261009C00060500%2CXLE261009C00061000%2CXLE261009C00061500%2CXLE261009C00062000%2CXLE261009C00062500%2CXLE261009C00063000%2CXLE261009C00063500%2CXLE261009C00064000%2CXLE261009C00064500%2CXLE261009C00065000%2CXLE261009C00065500%2CXLE261009C00066000%2CXLE261009C00066500%2CXLE261009C00067000%2CXLE261009C00067500%2CXLE261009C00068000%2CXLE261009C00068500%2CXLE261009C00069000%2CXLE261009C00070000%2CXLE261009C00071000%2CXLE261009C00075000%2CXLE261009C00080000%2CXLE261009P00035000%2CXLE261009P00040000%2CXLE261009P00045000%2CXLE261009P00050000%2CXLE261009P00051000%2CXLE261009P00052000%2CXLE261009P00053000%2CXLE261009P00054000%2CXLE261009P00055000%2CXLE261009P00056000&greeks=true'
For more information check: https://developer.mozilla.org/en-US/docs/Web/HTTP/Status/401
2026-10-06T12:00:47 | INFO     | session_runner | AlpacaConfirmer: 0 confirmed symbols: []
2026-10-06T12:00:47 | WARNING  | session_runner | Re-scan returned no confirmed symbols — falling back to ['SPY']
2026-10-06T12:00:48 | INFO     | session_runner | Broad-market regime | SPY=long
2026-10-06T12:00:48 | INFO     | session_runner | [bridge:SPY] rsi_trend ready: sufficient bars
2026-10-06T12:00:48 | INFO     | session_runner | Stale signal: SPY/orb age=131 min > max 10 min — skipped
2026-10-06T12:00:48 | INFO     | session_runner | Stale signal: SPY/vwap_reclaim age=76 min > max 10 min — skipped
2026-10-06T12:00:48 | INFO     | session_runner | Stale signal: SPY/vwap_reclaim age=136 min > max 10 min — skipped
2026-10-06T12:01:18 | INFO     | session_runner | [cycle 292] 12:01:18 ET | positions=0 | entries=0
2026-10-06T12:01:19 | INFO     | session_runner | [bridge:SPY] rsi_trend ready: sufficient bars
2026-10-06T12:01:19 | INFO     | session_runner | Stale signal: SPY/orb age=131 min > max 10 min — skipped
2026-10-06T12:01:19 | INFO     | session_runner | Stale signal: SPY/vwap_reclaim age=76 min > max 10 min — skipped
2026-10-06T12:01:19 | INFO     | session_runner | Stale signal: SPY/vwap_reclaim age=136 min > max 10 min — skipped
2026-10-06T12:01:49 | INFO     | session_runner | [cycle 293] 12:01:49 ET | positions=0 | entries=0
2026-10-06T12:01:50 | INFO     | session_runner | [bridge:SPY] rsi_trend ready: sufficient bars
2026-10-06T12:01:50 | INFO     | session_runner | Stale signal: SPY/orb age=132 min > max 10 min — skipped
2026-10-06T12:01:50 | INFO     | session_runner | Stale signal: SPY/vwap_reclaim age=77 min > max 10 min — skipped
2026-10-06T12:01:50 | INFO     | session_runner | Stale signal: SPY/vwap_reclaim age=137 min > max 10 min — skipped
2026-10-06T12:02:20 | INFO     | session_runner | [cycle 294] 12:02:20 ET | positions=0 | entries=0
2026-10-06T12:02:20 | INFO     | session_runner | [bridge:SPY] rsi_trend ready: sufficient bars
2026-10-06T12:02:20 | INFO     | session_runner | Stale signal: SPY/orb age=132 min > max 10 min — skipped
2026-10-06T12:02:20 | INFO     | session_runner | Stale signal: SPY/vwap_reclaim age=77 min > max 10 min — skipped
2026-10-06T12:02:20 | INFO     | session_runner | Stale signal: SPY/vwap_reclaim age=137 min > max 10 min — skipped
2026-10-06T12:02:50 | INFO     | session_runner | [cycle 295] 12:02:50 ET | positions=0 | entries=0
2026-10-06T12:02:51 | INFO     | session_runner | [bridge:SPY] rsi_trend ready: sufficient bars
2026-10-06T12:02:51 | INFO     | session_runner | Stale signal: SPY/orb age=133 min > max 10 min — skipped
2026-10-06T12:02:51 | INFO     | session_runner | Stale signal: SPY/vwap_reclaim age=78 min > max 10 min — skipped
2026-10-06T12:02:51 | INFO     | session_runner | Stale signal: SPY/vwap_reclaim age=138 min > max 10 min — skipped
2026-10-06T12:03:21 | INFO     | session_runner | [cycle 296] 12:03:21 ET | positions=0 | entries=0
2026-10-06T12:03:22 | INFO     | session_runner | [bridge:SPY] rsi_trend ready: sufficient bars
2026-10-06T12:03:22 | INFO     | session_runner | Stale signal: SPY/orb age=133 min > max 10 min — skipped
2026-10-06T12:03:22 | INFO     | session_runner | Stale signal: SPY/vwap_reclaim age=78 min > max 10 min — skipped
2026-10-06T12:03:22 | INFO     | session_runner | Stale signal: SPY/vwap_reclaim age=138 min > max 10 min — skipped
2026-10-06T12:03:52 | INFO     | session_runner | [cycle 297] 12:03:52 ET | positions=0 | entries=0
2026-10-06T12:03:52 | INFO     | session_runner | [bridge:SPY] rsi_trend ready: sufficient bars
2026-10-06T12:03:52 | INFO     | session_runner | Stale signal: SPY/orb age=134 min > max 10 min — skipped
2026-10-06T12:03:52 | INFO     | session_runner | Stale signal: SPY/vwap_reclaim age=79 min > max 10 min — skipped
2026-10-06T12:03:52 | INFO     | session_runner | Stale signal: SPY/vwap_reclaim age=139 min > max 10 min — skipped
2026-10-06T12:04:22 | INFO     | session_runner | [cycle 298] 12:04:22 ET | positions=0 | entries=0
2026-10-06T12:04:23 | INFO     | session_runner | [bridge:SPY] rsi_trend ready: sufficient bars
2026-10-06T12:04:23 | INFO     | session_runner | Stale signal: SPY/orb age=134 min > max 10 min — skipped
2026-10-06T12:04:23 | INFO     | session_runner | Stale signal: SPY/vwap_reclaim age=79 min > max 10 min — skipped
2026-10-06T12:04:23 | INFO     | session_runner | Stale signal: SPY/vwap_reclaim age=139 min > max 10 min — skipped
2026-10-06T12:04:53 | INFO     | session_runner | [cycle 299] 12:04:53 ET | positions=0 | entries=0
2026-10-06T12:04:54 | INFO     | session_runner | [bridge:SPY] rsi_trend ready: sufficient bars
2026-10-06T12:04:54 | INFO     | session_runner | Stale signal: SPY/orb age=135 min > max 10 min — skipped
2026-10-06T12:04:54 | INFO     | session_runner | Stale signal: SPY/vwap_reclaim age=80 min > max 10 min — skipped
2026-10-06T12:04:54 | INFO     | session_runner | Stale signal: SPY/vwap_reclaim age=140 min > max 10 min — skipped
2026-10-06T12:05:24 | INFO     | session_runner | [cycle 300] 12:05:24 ET | positions=0 | entries=0
2026-10-06T12:05:24 | INFO     | session_runner | [bridge:SPY] rsi_trend ready: sufficient bars
2026-10-06T12:05:24 | INFO     | session_runner | Stale signal: SPY/orb age=135 min > max 10 min — skipped
2026-10-06T12:05:24 | INFO     | session_runner | Stale signal: SPY/vwap_reclaim age=80 min > max 10 min — skipped
2026-10-06T12:05:24 | INFO     | session_runner | Stale signal: SPY/vwap_reclaim age=140 min > max 10 min — skipped
2026-10-06T12:05:54 | INFO     | session_runner | [cycle 301] 12:05:54 ET | positions=0 | entries=0
2026-10-06T12:05:55 | INFO     | app.trading.reconciler | Reconciliation done: broker_pos=0 local_pos=0 broker_orders=0 local_pending=0 repaired=0 flagged=0 orders_confirmed=True positions_confirmed=True
2026-10-06T12:05:55 | INFO     | session_runner | Periodic universe re-scan …
2026-10-06T12:05:55 | INFO     | app.scanning.universe_loader | UniverseLoader: loaded 5 groups (13 flat symbols) from config/ticker_universe.yaml (blacklist=0)
2026-10-06T12:05:55 | INFO     | app.scanning.universe_loader | UniverseLoader: 38 symbols from 4 group(s) (blacklist=0)
2026-10-06T12:05:55 | INFO     | session_runner | Universe scan: 38 symbols from 4 group(s) | max_active=6
2026-10-06T12:06:01 | INFO     | session_runner | Scan: 18 passed, 20 rejected
2026-10-06T12:06:01 | INFO     | session_runner |   AVGO    score=77.0  signal=LONG     reasons: rvol=2.09x (high), atr=2.88% (wide-range), orb_breakout
2026-10-06T12:06:01 | INFO     | session_runner |   XLE     score=75.0  signal=LONG     reasons: rvol=1.04x (normal), atr=1.88% (wide-range), orb_breakout
2026-10-06T12:06:01 | INFO     | session_runner |   IWM     score=68.0  signal=SHORT    reasons: rvol=1.14x (normal), atr=1.29% (good range), orb_breakdown
2026-10-06T12:06:01 | INFO     | session_runner |   AMZN    score=67.0  signal=LONG     reasons: rvol=1.17x (normal), atr=2.02% (wide-range), orb_breakout
2026-10-06T12:06:01 | INFO     | session_runner |   GOOGL   score=67.0  signal=LONG     reasons: atr=2.33% (wide-range), orb_breakout, trend_sideways
2026-10-06T12:06:02 | WARNING  | app.scanning.alpaca_confirmer | AlpacaConfirmer: cannot fetch chain for UBER 2026-10-09: Client error '401 Unauthorized' for url 'https://api.tradier.com/v1/markets/quotes?symbols=UBER261009C00050000%2CUBER261009C00055000%2CUBER261009C00057000%2CUBER261009C00058000%2CUBER261009C00059000%2CUBER261009C00060000%2CUBER261009C00061000%2CUBER261009C00062000%2CUBER261009C00063000%2CUBER261009C00064000%2CUBER261009C00065000%2CUBER261009C00066000%2CUBER261009C00067000%2CUBER261009C00068000%2CUBER261009C00069000%2CUBER261009C00070000%2CUBER261009C00071000%2CUBER261009C00072000%2CUBER261009C00073000%2CUBER261009C00074000%2CUBER261009C00075000%2CUBER261009C00076000%2CUBER261009C00077000%2CUBER261009C00078000%2CUBER261009C00079000%2CUBER261009C00080000%2CUBER261009C00081000%2CUBER261009C00082000%2CUBER261009C00083000%2CUBER261009C00084000%2CUBER261009C00085000%2CUBER261009C00086000%2CUBER261009C00087000%2CUBER261009C00088000%2CUBER261009C00089000%2CUBER261009C00090000%2CUBER261009C00091000%2CUBER261009C00095000%2CUBER261009C00100000%2CUBER261009C00105000%2CUBER261009P00050000%2CUBER261009P00055000%2CUBER261009P00057000%2CUBER261009P00058000%2CUBER261009P00059000%2CUBER261009P00060000%2CUBER261009P00061000%2CUBER261009P00062000%2CUBER261009P00063000%2CUBER261009P00064000&greeks=true'
For more information check: https://developer.mozilla.org/en-US/docs/Web/HTTP/Status/401
2026-10-06T12:06:02 | WARNING  | app.scanning.alpaca_confirmer | AlpacaConfirmer: cannot fetch chain for AMD 2026-10-09: Client error '401 Unauthorized' for url 'https://api.tradier.com/v1/markets/quotes?symbols=AMD261009C00040000%2CAMD261009C00045000%2CAMD261009C00050000%2CAMD261009C00055000%2CAMD261009C00060000%2CAMD261009C00065000%2CAMD261009C00070000%2CAMD261009C00075000%2CAMD261009C00080000%2CAMD261009C00085000%2CAMD261009C00090000%2CAMD261009C00095000%2CAMD261009C00100000%2CAMD261009C00105000%2CAMD261009C00110000%2CAMD261009C00115000%2CAMD261009C00120000%2CAMD261009C00125000%2CAMD261009C00130000%2CAMD261009C00135000%2CAMD261009C00140000%2CAMD261009C00145000%2CAMD261009C00150000%2CAMD261009C00155000%2CAMD261009C00160000%2CAMD261009C00165000%2CAMD261009C00170000%2CAMD261009C00175000%2CAMD261009C00180000%2CAMD261009C00185000%2CAMD261009C00190000%2CAMD261009C00195000%2CAMD261009C00200000%2CAMD261009C00205000%2CAMD261009C00210000%2CAMD261009C00215000%2CAMD261009C00220000%2CAMD261009C00225000%2CAMD261009C00230000%2CAMD261009C00235000%2CAMD261009C00240000%2CAMD261009C00245000%2CAMD261009C00250000%2CAMD261009C00255000%2CAMD261009C00260000%2CAMD261009C00265000%2CAMD261009C00270000%2CAMD261009C00275000%2CAMD261009C00280000%2CAMD261009C00285000&greeks=true'
For more information check: https://developer.mozilla.org/en-US/docs/Web/HTTP/Status/401
2026-10-06T12:06:02 | WARNING  | app.scanning.alpaca_confirmer | AlpacaConfirmer: cannot fetch chain for MSFT 2026-10-09: Client error '401 Unauthorized' for url 'https://api.tradier.com/v1/markets/quotes?symbols=MSFT261009C00270000%2CMSFT261009C00280000%2CMSFT261009C00290000%2CMSFT261009C00300000%2CMSFT261009C00305000%2CMSFT261009C00310000%2CMSFT261009C00315000%2CMSFT261009C00320000%2CMSFT261009C00325000%2CMSFT261009C00330000%2CMSFT261009C00335000%2CMSFT261009C00340000%2CMSFT261009C00345000%2CMSFT261009C00350000%2CMSFT261009C00355000%2CMSFT261009C00360000%2CMSFT261009C00365000%2CMSFT261009C00370000%2CMSFT261009C00375000%2CMSFT261009C00380000%2CMSFT261009C00385000%2CMSFT261009C00390000%2CMSFT261009C00395000%2CMSFT261009C00400000%2CMSFT261009C00405000%2CMSFT261009C00410000%2CMSFT261009C00415000%2CMSFT261009C00420000%2CMSFT261009C00425000%2CMSFT261009C00430000%2CMSFT261009C00435000%2CMSFT261009C00440000%2CMSFT261009C00445000%2CMSFT261009C00450000%2CMSFT261009C00455000%2CMSFT261009C00457500%2CMSFT261009C00460000%2CMSFT261009C00462500%2CMSFT261009C00465000%2CMSFT261009C00467500%2CMSFT261009C00470000%2CMSFT261009C00472500%2CMSFT261009C00475000%2CMSFT261009C00477500%2CMSFT261009C00480000%2CMSFT261009C00482500%2CMSFT261009C00485000%2CMSFT261009C00487500%2CMSFT261009C00490000%2CMSFT261009C00492500&greeks=true'
For more information check: https://developer.mozilla.org/en-US/docs/Web/HTTP/Status/401
2026-10-06T12:06:02 | WARNING  | app.scanning.alpaca_confirmer | AlpacaConfirmer: cannot fetch chain for AMZN 2026-10-09: Client error '401 Unauthorized' for url 'https://api.tradier.com/v1/markets/quotes?symbols=AMZN261009C00140000%2CAMZN261009C00145000%2CAMZN261009C00150000%2CAMZN261009C00155000%2CAMZN261009C00160000%2CAMZN261009C00165000%2CAMZN261009C00170000%2CAMZN261009C00175000%2CAMZN261009C00180000%2CAMZN261009C00185000%2CAMZN261009C00190000%2CAMZN261009C00195000%2CAMZN261009C00200000%2CAMZN261009C00205000%2CAMZN261009C00210000%2CAMZN261009C00215000%2CAMZN261009C00220000%2CAMZN261009C00222500%2CAMZN261009C00225000%2CAMZN261009C00227500%2CAMZN261009C00230000%2CAMZN261009C00232500%2CAMZN261009C00235000%2CAMZN261009C00237500%2CAMZN261009C00240000%2CAMZN261009C00242500%2CAMZN261009C00245000%2CAMZN261009C00247500%2CAMZN261009C00250000%2CAMZN261009C00252500%2CAMZN261009C00255000%2CAMZN261009C00257500%2CAMZN261009C00260000%2CAMZN261009C00262500%2CAMZN261009C00265000%2CAMZN261009C00267500%2CAMZN261009C00270000%2CAMZN261009C00272500%2CAMZN261009C00275000%2CAMZN261009C00277500%2CAMZN261009C00280000%2CAMZN261009C00285000%2CAMZN261009C00290000%2CAMZN261009C00295000%2CAMZN261009C00300000%2CAMZN261009C00305000%2CAMZN261009C00310000%2CAMZN261009C00315000%2CAMZN261009C00320000%2CAMZN261009C00325000&greeks=true'
For more information check: https://developer.mozilla.org/en-US/docs/Web/HTTP/Status/401
2026-10-06T12:06:02 | WARNING  | app.scanning.alpaca_confirmer | AlpacaConfirmer: cannot fetch chain for IWM 2026-10-08: Client error '401 Unauthorized' for url 'https://api.tradier.com/v1/markets/quotes?symbols=IWM261008C00180000%2CIWM261008C00190000%2CIWM261008C00200000%2CIWM261008C00205000%2CIWM261008C00210000%2CIWM261008C00215000%2CIWM261008C00220000%2CIWM261008C00225000%2CIWM261008C00230000%2CIWM261008C00235000%2CIWM261008C00240000%2CIWM261008C00245000%2CIWM261008C00250000%2CIWM261008C00255000%2CIWM261008C00260000%2CIWM261008C00261000%2CIWM261008C00262000%2CIWM261008C00263000%2CIWM261008C00264000%2CIWM261008C00265000%2CIWM261008C00266000%2CIWM261008C00267000%2CIWM261008C00268000%2CIWM261008C00269000%2CIWM261008C00270000%2CIWM261008C00271000%2CIWM261008C00272000%2CIWM261008C00273000%2CIWM261008C00274000%2CIWM261008C00275000%2CIWM261008C00276000%2CIWM261008C00277000%2CIWM261008C00278000%2CIWM261008C00279000%2CIWM261008C00280000%2CIWM261008C00281000%2CIWM261008C00282000%2CIWM261008C00283000%2CIWM261008C00284000%2CIWM261008C00285000%2CIWM261008C00286000%2CIWM261008C00287000%2CIWM261008C00288000%2CIWM261008C00289000%2CIWM261008C00290000%2CIWM261008C00291000%2CIWM261008C00292000%2CIWM261008C00293000%2CIWM261008C00294000%2CIWM261008C00295000&greeks=true'
For more information check: https://developer.mozilla.org/en-US/docs/Web/HTTP/Status/401
2026-10-06T12:06:02 | WARNING  | app.scanning.alpaca_confirmer | AlpacaConfirmer: cannot fetch chain for LYFT 2026-10-09: Client error '401 Unauthorized' for url 'https://api.tradier.com/v1/markets/quotes?symbols=LYFT261009C00005000%2CLYFT261009C00008000%2CLYFT261009C00009000%2CLYFT261009C00010000%2CLYFT261009C00010500%2CLYFT261009C00011000%2CLYFT261009C00011500%2CLYFT261009C00012000%2CLYFT261009C00012500%2CLYFT261009C00013000%2CLYFT261009C00013500%2CLYFT261009C00014000%2CLYFT261009C00014500%2CLYFT261009C00015000%2CLYFT261009C00015500%2CLYFT261009C00016000%2CLYFT261009C00016500%2CLYFT261009C00017000%2CLYFT261009C00017500%2CLYFT261009C00018000%2CLYFT261009C00018500%2CLYFT261009C00019000%2CLYFT261009C00019500%2CLYFT261009C00020000%2CLYFT261009C00020500%2CLYFT261009C00021000%2CLYFT261009C00021500%2CLYFT261009C00022000%2CLYFT261009C00022500%2CLYFT261009C00023000%2CLYFT261009C00024000%2CLYFT261009C00025000%2CLYFT261009P00005000%2CLYFT261009P00008000%2CLYFT261009P00009000%2CLYFT261009P00010000%2CLYFT261009P00010500%2CLYFT261009P00011000%2CLYFT261009P00011500%2CLYFT261009P00012000%2CLYFT261009P00012500%2CLYFT261009P00013000%2CLYFT261009P00013500%2CLYFT261009P00014000%2CLYFT261009P00014500%2CLYFT261009P00015000%2CLYFT261009P00015500%2CLYFT261009P00016000%2CLYFT261009P00016500%2CLYFT261009P00017000&greeks=true'
For more information check: https://developer.mozilla.org/en-US/docs/Web/HTTP/Status/401
2026-10-06T12:06:02 | WARNING  | app.scanning.alpaca_confirmer | AlpacaConfirmer: cannot fetch chain for AVGO 2026-10-09: Client error '401 Unauthorized' for url 'https://api.tradier.com/v1/markets/quotes?symbols=AVGO261009C00210000%2CAVGO261009C00215000%2CAVGO261009C00220000%2CAVGO261009C00225000%2CAVGO261009C00230000%2CAVGO261009C00235000%2CAVGO261009C00240000%2CAVGO261009C00245000%2CAVGO261009C00250000%2CAVGO261009C00255000%2CAVGO261009C00260000%2CAVGO261009C00265000%2CAVGO261009C00270000%2CAVGO261009C00275000%2CAVGO261009C00280000%2CAVGO261009C00285000%2CAVGO261009C00290000%2CAVGO261009C00295000%2CAVGO261009C00300000%2CAVGO261009C00305000%2CAVGO261009C00310000%2CAVGO261009C00315000%2CAVGO261009C00317500%2CAVGO261009C00320000%2CAVGO261009C00322500%2CAVGO261009C00325000%2CAVGO261009C00327500%2CAVGO261009C00330000%2CAVGO261009C00332500%2CAVGO261009C00335000%2CAVGO261009C00337500%2CAVGO261009C00340000%2CAVGO261009C00342500%2CAVGO261009C00345000%2CAVGO261009C00347500%2CAVGO261009C00350000%2CAVGO261009C00352500%2CAVGO261009C00355000%2CAVGO261009C00357500%2CAVGO261009C00360000%2CAVGO261009C00362500%2CAVGO261009C00365000%2CAVGO261009C00367500%2CAVGO261009C00370000%2CAVGO261009C00372500%2CAVGO261009C00375000%2CAVGO261009C00377500%2CAVGO261009C00380000%2CAVGO261009C00382500%2CAVGO261009C00385000&greeks=true'
For more information check: https://developer.mozilla.org/en-US/docs/Web/HTTP/Status/401
2026-10-06T12:06:02 | WARNING  | app.scanning.alpaca_confirmer | AlpacaConfirmer: cannot fetch chain for XLE 2026-10-09: Client error '401 Unauthorized' for url 'https://api.tradier.com/v1/markets/quotes?symbols=XLE261009C00035000%2CXLE261009C00040000%2CXLE261009C00045000%2CXLE261009C00050000%2CXLE261009C00051000%2CXLE261009C00052000%2CXLE261009C00053000%2CXLE261009C00054000%2CXLE261009C00055000%2CXLE261009C00056000%2CXLE261009C00056500%2CXLE261009C00057000%2CXLE261009C00057500%2CXLE261009C00058000%2CXLE261009C00058500%2CXLE261009C00059000%2CXLE261009C00059500%2CXLE261009C00060000%2CXLE261009C00060500%2CXLE261009C00061000%2CXLE261009C00061500%2CXLE261009C00062000%2CXLE261009C00062500%2CXLE261009C00063000%2CXLE261009C00063500%2CXLE261009C00064000%2CXLE261009C00064500%2CXLE261009C00065000%2CXLE261009C00065500%2CXLE261009C00066000%2CXLE261009C00066500%2CXLE261009C00067000%2CXLE261009C00067500%2CXLE261009C00068000%2CXLE261009C00068500%2CXLE261009C00069000%2CXLE261009C00070000%2CXLE261009C00071000%2CXLE261009C00075000%2CXLE261009C00080000%2CXLE261009P00035000%2CXLE261009P00040000%2CXLE261009P00045000%2CXLE261009P00050000%2CXLE261009P00051000%2CXLE261009P00052000%2CXLE261009P00053000%2CXLE261009P00054000%2CXLE261009P00055000%2CXLE261009P00056000&greeks=true'
For more information check: https://developer.mozilla.org/en-US/docs/Web/HTTP/Status/401
2026-10-06T12:06:02 | WARNING  | app.scanning.alpaca_confirmer | AlpacaConfirmer: cannot fetch chain for GOOGL 2026-10-09: Client error '401 Unauthorized' for url 'https://api.tradier.com/v1/markets/quotes?symbols=GOOGL261009C00100000%2CGOOGL261009C00105000%2CGOOGL261009C00110000%2CGOOGL261009C00115000%2CGOOGL261009C00120000%2CGOOGL261009C00125000%2CGOOGL261009C00130000%2CGOOGL261009C00135000%2CGOOGL261009C00140000%2CGOOGL261009C00145000%2CGOOGL261009C00150000%2CGOOGL261009C00155000%2CGOOGL261009C00160000%2CGOOGL261009C00165000%2CGOOGL261009C00170000%2CGOOGL261009C00175000%2CGOOGL261009C00180000%2CGOOGL261009C00185000%2CGOOGL261009C00190000%2CGOOGL261009C00195000%2CGOOGL261009C00200000%2CGOOGL261009C00205000%2CGOOGL261009C00210000%2CGOOGL261009C00215000%2CGOOGL261009C00220000%2CGOOGL261009C00225000%2CGOOGL261009C00230000%2CGOOGL261009C00235000%2CGOOGL261009C00240000%2CGOOGL261009C00245000%2CGOOGL261009C00250000%2CGOOGL261009C00255000%2CGOOGL261009C00260000%2CGOOGL261009C00265000%2CGOOGL261009C00270000%2CGOOGL261009C00275000%2CGOOGL261009C00280000%2CGOOGL261009C00285000%2CGOOGL261009C00290000%2CGOOGL261009C00295000%2CGOOGL261009C00300000%2CGOOGL261009C00305000%2CGOOGL261009C00307500%2CGOOGL261009C00310000%2CGOOGL261009C00312500%2CGOOGL261009C00315000%2CGOOGL261009C00317500%2CGOOGL261009C00320000%2CGOOGL261009C00322500%2CGOOGL261009C00325000&greeks=true'
For more information check: https://developer.mozilla.org/en-US/docs/Web/HTTP/Status/401
2026-10-06T12:06:02 | WARNING  | app.scanning.alpaca_confirmer | AlpacaConfirmer: cannot fetch chain for HOOD 2026-10-09: Client error '401 Unauthorized' for url 'https://api.tradier.com/v1/markets/quotes?symbols=HOOD261009C00025000%2CHOOD261009C00030000%2CHOOD261009C00035000%2CHOOD261009C00040000%2CHOOD261009C00045000%2CHOOD261009C00050000%2CHOOD261009C00055000%2CHOOD261009C00060000%2CHOOD261009C00065000%2CHOOD261009C00070000%2CHOOD261009C00075000%2CHOOD261009C00080000%2CHOOD261009C00085000%2CHOOD261009C00090000%2CHOOD261009C00091000%2CHOOD261009C00092000%2CHOOD261009C00093000%2CHOOD261009C00094000%2CHOOD261009C00095000%2CHOOD261009C00096000%2CHOOD261009C00097000%2CHOOD261009C00098000%2CHOOD261009C00099000%2CHOOD261009C00100000%2CHOOD261009C00101000%2CHOOD261009C00102000%2CHOOD261009C00103000%2CHOOD261009C00104000%2CHOOD261009C00105000%2CHOOD261009C00106000%2CHOOD261009C00107000%2CHOOD261009C00108000%2CHOOD261009C00109000%2CHOOD261009C00110000%2CHOOD261009C00111000%2CHOOD261009C00112000%2CHOOD261009C00113000%2CHOOD261009C00114000%2CHOOD261009C00115000%2CHOOD261009C00116000%2CHOOD261009C00117000%2CHOOD261009C00118000%2CHOOD261009C00119000%2CHOOD261009C00120000%2CHOOD261009C00121000%2CHOOD261009C00122000%2CHOOD261009C00123000%2CHOOD261009C00124000%2CHOOD261009C00125000%2CHOOD261009C00126000&greeks=true'
For more information check: https://developer.mozilla.org/en-US/docs/Web/HTTP/Status/401
2026-10-06T12:06:02 | WARNING  | app.scanning.alpaca_confirmer | AlpacaConfirmer: cannot fetch chain for SPY 2026-10-08: Client error '401 Unauthorized' for url 'https://api.tradier.com/v1/markets/quotes?symbols=SPY261008C00550000%2CSPY261008C00555000%2CSPY261008C00560000%2CSPY261008C00565000%2CSPY261008C00570000%2CSPY261008C00575000%2CSPY261008C00580000%2CSPY261008C00585000%2CSPY261008C00590000%2CSPY261008C00595000%2CSPY261008C00600000%2CSPY261008C00605000%2CSPY261008C00610000%2CSPY261008C00615000%2CSPY261008C00620000%2CSPY261008C00625000%2CSPY261008C00630000%2CSPY261008C00635000%2CSPY261008C00640000%2CSPY261008C00645000%2CSPY261008C00650000%2CSPY261008C00655000%2CSPY261008C00660000%2CSPY261008C00665000%2CSPY261008C00670000%2CSPY261008C00675000%2CSPY261008C00680000%2CSPY261008C00685000%2CSPY261008C00690000%2CSPY261008C00695000%2CSPY261008C00700000%2CSPY261008C00705000%2CSPY261008C00710000%2CSPY261008C00715000%2CSPY261008C00720000%2CSPY261008C00723000%2CSPY261008C00724000%2CSPY261008C00725000%2CSPY261008C00726000%2CSPY261008C00727000%2CSPY261008C00728000%2CSPY261008C00729000%2CSPY261008C00730000%2CSPY261008C00731000%2CSPY261008C00732000%2CSPY261008C00733000%2CSPY261008C00734000%2CSPY261008C00735000%2CSPY261008C00736000%2CSPY261008C00737000&greeks=true'
For more information check: https://developer.mozilla.org/en-US/docs/Web/HTTP/Status/401
2026-10-06T12:06:02 | WARNING  | app.scanning.alpaca_confirmer | AlpacaConfirmer: cannot fetch chain for MARA 2026-10-09: Client error '401 Unauthorized' for url 'https://api.tradier.com/v1/markets/quotes?symbols=MARA261009C00004000%2CMARA261009C00005000%2CMARA261009C00006000%2CMARA261009C00006500%2CMARA261009C00007000%2CMARA261009C00007500%2CMARA261009C00008000%2CMARA261009C00008500%2CMARA261009C00009000%2CMARA261009C00009500%2CMARA261009C00010000%2CMARA261009C00010500%2CMARA261009C00011000%2CMARA261009C00011500%2CMARA261009C00012000%2CMARA261009C00012500%2CMARA261009C00013000%2CMARA261009C00013500%2CMARA261009C00014000%2CMARA261009C00014500%2CMARA261009C00015000%2CMARA261009C00015500%2CMARA261009C00016000%2CMARA261009C00016500%2CMARA261009C00017000%2CMARA261009C00017500%2CMARA261009C00018000%2CMARA261009C00019000%2CMARA261009C00020000%2CMARA261009C00021000%2CMARA261009C00022000%2CMARA261009C00023000%2CMARA261009P00004000%2CMARA261009P00005000%2CMARA261009P00006000%2CMARA261009P00006500%2CMARA261009P00007000%2CMARA261009P00007500%2CMARA261009P00008000%2CMARA261009P00008500%2CMARA261009P00009000%2CMARA261009P00009500%2CMARA261009P00010000%2CMARA261009P00010500%2CMARA261009P00011000%2CMARA261009P00011500%2CMARA261009P00012000%2CMARA261009P00012500%2CMARA261009P00013000%2CMARA261009P00013500&greeks=true'
For more information check: https://developer.mozilla.org/en-US/docs/Web/HTTP/Status/401
2026-10-06T12:06:02 | INFO     | session_runner | AlpacaConfirmer: 0 confirmed symbols: []
2026-10-06T12:06:02 | WARNING  | session_runner | Re-scan returned no confirmed symbols — falling back to ['SPY']
2026-10-06T12:06:03 | INFO     | session_runner | Broad-market regime | SPY=long
2026-10-06T12:06:04 | INFO     | session_runner | [bridge:SPY] rsi_trend ready: sufficient bars
2026-10-06T12:06:04 | INFO     | session_runner | Stale signal: SPY/orb age=136 min > max 10 min — skipped
2026-10-06T12:06:04 | INFO     | session_runner | Stale signal: SPY/vwap_reclaim age=81 min > max 10 min — skipped
2026-10-06T12:06:04 | INFO     | session_runner | Stale signal: SPY/vwap_reclaim age=141 min > max 10 min — skipped
2026-10-06T12:06:34 | INFO     | session_runner | [cycle 302] 12:06:34 ET | positions=0 | entries=0
2026-10-06T12:06:34 | INFO     | session_runner | [bridge:SPY] rsi_trend ready: sufficient bars
2026-10-06T12:06:34 | INFO     | session_runner | Stale signal: SPY/orb age=137 min > max 10 min — skipped
2026-10-06T12:06:34 | INFO     | session_runner | Stale signal: SPY/vwap_reclaim age=82 min > max 10 min — skipped
2026-10-06T12:06:34 | INFO     | session_runner | Stale signal: SPY/vwap_reclaim age=142 min > max 10 min — skipped
2026-10-06T12:07:04 | INFO     | session_runner | [cycle 303] 12:07:04 ET | positions=0 | entries=0
2026-10-06T12:07:05 | INFO     | session_runner | [bridge:SPY] rsi_trend ready: sufficient bars
2026-10-06T12:07:05 | INFO     | session_runner | Stale signal: SPY/orb age=137 min > max 10 min — skipped
2026-10-06T12:07:05 | INFO     | session_runner | Stale signal: SPY/vwap_reclaim age=82 min > max 10 min — skipped
2026-10-06T12:07:05 | INFO     | session_runner | Stale signal: SPY/vwap_reclaim age=142 min > max 10 min — skipped
2026-10-06T12:07:35 | INFO     | session_runner | [cycle 304] 12:07:35 ET | positions=0 | entries=0
2026-10-06T12:07:35 | INFO     | session_runner | [bridge:SPY] rsi_trend ready: sufficient bars
2026-10-06T12:07:35 | INFO     | session_runner | Stale signal: SPY/orb age=138 min > max 10 min — skipped
2026-10-06T12:07:35 | INFO     | session_runner | Stale signal: SPY/vwap_reclaim age=83 min > max 10 min — skipped
2026-10-06T12:07:35 | INFO     | session_runner | Stale signal: SPY/vwap_reclaim age=143 min > max 10 min — skipped
2026-10-06T12:08:05 | INFO     | session_runner | [cycle 305] 12:08:05 ET | positions=0 | entries=0
2026-10-06T12:08:06 | INFO     | session_runner | [bridge:SPY] rsi_trend ready: sufficient bars
2026-10-06T12:08:06 | INFO     | session_runner | Stale signal: SPY/orb age=138 min > max 10 min — skipped
2026-10-06T12:08:06 | INFO     | session_runner | Stale signal: SPY/vwap_reclaim age=83 min > max 10 min — skipped
2026-10-06T12:08:06 | INFO     | session_runner | Stale signal: SPY/vwap_reclaim age=143 min > max 10 min — skipped
2026-10-06T12:08:36 | INFO     | session_runner | [cycle 306] 12:08:36 ET | positions=0 | entries=0
2026-10-06T12:08:37 | INFO     | session_runner | [bridge:SPY] rsi_trend ready: sufficient bars
2026-10-06T12:08:37 | INFO     | session_runner | Stale signal: SPY/orb age=139 min > max 10 min — skipped
2026-10-06T12:08:37 | INFO     | session_runner | Stale signal: SPY/vwap_reclaim age=84 min > max 10 min — skipped
2026-10-06T12:08:37 | INFO     | session_runner | Stale signal: SPY/vwap_reclaim age=144 min > max 10 min — skipped
2026-10-06T12:09:07 | INFO     | session_runner | [cycle 307] 12:09:07 ET | positions=0 | entries=0
2026-10-06T12:09:07 | INFO     | session_runner | [bridge:SPY] rsi_trend ready: sufficient bars
2026-10-06T12:09:07 | INFO     | session_runner | Stale signal: SPY/orb age=139 min > max 10 min — skipped
2026-10-06T12:09:07 | INFO     | session_runner | Stale signal: SPY/vwap_reclaim age=84 min > max 10 min — skipped
2026-10-06T12:09:07 | INFO     | session_runner | Stale signal: SPY/vwap_reclaim age=144 min > max 10 min — skipped
2026-10-06T12:09:37 | INFO     | session_runner | [cycle 308] 12:09:37 ET | positions=0 | entries=0
2026-10-06T12:09:38 | INFO     | session_runner | [bridge:SPY] rsi_trend ready: sufficient bars
2026-10-06T12:09:38 | INFO     | session_runner | Stale signal: SPY/orb age=140 min > max 10 min — skipped
2026-10-06T12:09:38 | INFO     | session_runner | Stale signal: SPY/vwap_reclaim age=85 min > max 10 min — skipped
2026-10-06T12:09:38 | INFO     | session_runner | Stale signal: SPY/vwap_reclaim age=145 min > max 10 min — skipped
2026-10-06T12:10:08 | INFO     | session_runner | [cycle 309] 12:10:08 ET | positions=0 | entries=0
2026-10-06T12:10:09 | INFO     | session_runner | [bridge:SPY] rsi_trend ready: sufficient bars
2026-10-06T12:10:09 | INFO     | session_runner | Stale signal: SPY/orb age=140 min > max 10 min — skipped
2026-10-06T12:10:09 | INFO     | session_runner | Stale signal: SPY/vwap_reclaim age=85 min > max 10 min — skipped
2026-10-06T12:10:09 | INFO     | session_runner | Stale signal: SPY/vwap_reclaim age=145 min > max 10 min — skipped
2026-10-06T12:10:39 | INFO     | session_runner | [cycle 310] 12:10:39 ET | positions=0 | entries=0
2026-10-06T12:10:40 | INFO     | session_runner | [bridge:SPY] rsi_trend ready: sufficient bars
2026-10-06T12:10:40 | INFO     | session_runner | Stale signal: SPY/orb age=141 min > max 10 min — skipped
2026-10-06T12:10:40 | INFO     | session_runner | Stale signal: SPY/vwap_reclaim age=86 min > max 10 min — skipped
2026-10-06T12:10:40 | INFO     | session_runner | Stale signal: SPY/vwap_reclaim age=146 min > max 10 min — skipped
2026-10-06T12:11:10 | INFO     | session_runner | [cycle 311] 12:11:10 ET | positions=0 | entries=0
2026-10-06T12:11:10 | INFO     | session_runner | Periodic universe re-scan …
2026-10-06T12:11:10 | INFO     | app.scanning.universe_loader | UniverseLoader: loaded 5 groups (13 flat symbols) from config/ticker_universe.yaml (blacklist=0)
2026-10-06T12:11:10 | INFO     | app.scanning.universe_loader | UniverseLoader: 38 symbols from 4 group(s) (blacklist=0)
2026-10-06T12:11:10 | INFO     | session_runner | Universe scan: 38 symbols from 4 group(s) | max_active=6
2026-10-06T12:11:16 | INFO     | session_runner | Scan: 17 passed, 21 rejected
2026-10-06T12:11:16 | INFO     | session_runner |   XLE     score=70.0  signal=LONG     reasons: atr=1.88% (wide-range), orb_breakout, trend_up
2026-10-06T12:11:16 | INFO     | session_runner |   IWM     score=68.0  signal=SHORT    reasons: rvol=1.12x (normal), atr=1.30% (good range), orb_breakdown
2026-10-06T12:11:16 | INFO     | session_runner |   AMZN    score=67.0  signal=LONG     reasons: rvol=1.14x (normal), atr=2.02% (wide-range), orb_breakout
2026-10-06T12:11:16 | INFO     | session_runner |   GOOGL   score=67.0  signal=LONG     reasons: atr=2.33% (wide-range), orb_breakout, trend_sideways
2026-10-06T12:11:16 | INFO     | session_runner |   AVGO    score=67.0  signal=LONG     reasons: rvol=1.99x (elevated), atr=2.87% (wide-range), orb_breakout
2026-10-06T12:11:17 | WARNING  | app.scanning.alpaca_confirmer | AlpacaConfirmer: cannot fetch chain for AMZN 2026-10-09: Client error '401 Unauthorized' for url 'https://api.tradier.com/v1/markets/quotes?symbols=AMZN261009C00140000%2CAMZN261009C00145000%2CAMZN261009C00150000%2CAMZN261009C00155000%2CAMZN261009C00160000%2CAMZN261009C00165000%2CAMZN261009C00170000%2CAMZN261009C00175000%2CAMZN261009C00180000%2CAMZN261009C00185000%2CAMZN261009C00190000%2CAMZN261009C00195000%2CAMZN261009C00200000%2CAMZN261009C00205000%2CAMZN261009C00210000%2CAMZN261009C00215000%2CAMZN261009C00220000%2CAMZN261009C00222500%2CAMZN261009C00225000%2CAMZN261009C00227500%2CAMZN261009C00230000%2CAMZN261009C00232500%2CAMZN261009C00235000%2CAMZN261009C00237500%2CAMZN261009C00240000%2CAMZN261009C00242500%2CAMZN261009C00245000%2CAMZN261009C00247500%2CAMZN261009C00250000%2CAMZN261009C00252500%2CAMZN261009C00255000%2CAMZN261009C00257500%2CAMZN261009C00260000%2CAMZN261009C00262500%2CAMZN261009C00265000%2CAMZN261009C00267500%2CAMZN261009C00270000%2CAMZN261009C00272500%2CAMZN261009C00275000%2CAMZN261009C00277500%2CAMZN261009C00280000%2CAMZN261009C00285000%2CAMZN261009C00290000%2CAMZN261009C00295000%2CAMZN261009C00300000%2CAMZN261009C00305000%2CAMZN261009C00310000%2CAMZN261009C00315000%2CAMZN261009C00320000%2CAMZN261009C00325000&greeks=true'
For more information check: https://developer.mozilla.org/en-US/docs/Web/HTTP/Status/401
2026-10-06T12:11:17 | WARNING  | app.scanning.alpaca_confirmer | AlpacaConfirmer: cannot fetch chain for UBER 2026-10-09: Client error '401 Unauthorized' for url 'https://api.tradier.com/v1/markets/quotes?symbols=UBER261009C00050000%2CUBER261009C00055000%2CUBER261009C00057000%2CUBER261009C00058000%2CUBER261009C00059000%2CUBER261009C00060000%2CUBER261009C00061000%2CUBER261009C00062000%2CUBER261009C00063000%2CUBER261009C00064000%2CUBER261009C00065000%2CUBER261009C00066000%2CUBER261009C00067000%2CUBER261009C00068000%2CUBER261009C00069000%2CUBER261009C00070000%2CUBER261009C00071000%2CUBER261009C00072000%2CUBER261009C00073000%2CUBER261009C00074000%2CUBER261009C00075000%2CUBER261009C00076000%2CUBER261009C00077000%2CUBER261009C00078000%2CUBER261009C00079000%2CUBER261009C00080000%2CUBER261009C00081000%2CUBER261009C00082000%2CUBER261009C00083000%2CUBER261009C00084000%2CUBER261009C00085000%2CUBER261009C00086000%2CUBER261009C00087000%2CUBER261009C00088000%2CUBER261009C00089000%2CUBER261009C00090000%2CUBER261009C00091000%2CUBER261009C00095000%2CUBER261009C00100000%2CUBER261009C00105000%2CUBER261009P00050000%2CUBER261009P00055000%2CUBER261009P00057000%2CUBER261009P00058000%2CUBER261009P00059000%2CUBER261009P00060000%2CUBER261009P00061000%2CUBER261009P00062000%2CUBER261009P00063000%2CUBER261009P00064000&greeks=true'
For more information check: https://developer.mozilla.org/en-US/docs/Web/HTTP/Status/401
2026-10-06T12:11:17 | WARNING  | app.scanning.alpaca_confirmer | AlpacaConfirmer: cannot fetch chain for LYFT 2026-10-09: Client error '401 Unauthorized' for url 'https://api.tradier.com/v1/markets/quotes?symbols=LYFT261009C00005000%2CLYFT261009C00008000%2CLYFT261009C00009000%2CLYFT261009C00010000%2CLYFT261009C00010500%2CLYFT261009C00011000%2CLYFT261009C00011500%2CLYFT261009C00012000%2CLYFT261009C00012500%2CLYFT261009C00013000%2CLYFT261009C00013500%2CLYFT261009C00014000%2CLYFT261009C00014500%2CLYFT261009C00015000%2CLYFT261009C00015500%2CLYFT261009C00016000%2CLYFT261009C00016500%2CLYFT261009C00017000%2CLYFT261009C00017500%2CLYFT261009C00018000%2CLYFT261009C00018500%2CLYFT261009C00019000%2CLYFT261009C00019500%2CLYFT261009C00020000%2CLYFT261009C00020500%2CLYFT261009C00021000%2CLYFT261009C00021500%2CLYFT261009C00022000%2CLYFT261009C00022500%2CLYFT261009C00023000%2CLYFT261009C00024000%2CLYFT261009C00025000%2CLYFT261009P00005000%2CLYFT261009P00008000%2CLYFT261009P00009000%2CLYFT261009P00010000%2CLYFT261009P00010500%2CLYFT261009P00011000%2CLYFT261009P00011500%2CLYFT261009P00012000%2CLYFT261009P00012500%2CLYFT261009P00013000%2CLYFT261009P00013500%2CLYFT261009P00014000%2CLYFT261009P00014500%2CLYFT261009P00015000%2CLYFT261009P00015500%2CLYFT261009P00016000%2CLYFT261009P00016500%2CLYFT261009P00017000&greeks=true'
For more information check: https://developer.mozilla.org/en-US/docs/Web/HTTP/Status/401
2026-10-06T12:11:17 | WARNING  | app.scanning.alpaca_confirmer | AlpacaConfirmer: cannot fetch chain for GOOGL 2026-10-09: Client error '401 Unauthorized' for url 'https://api.tradier.com/v1/markets/quotes?symbols=GOOGL261009C00100000%2CGOOGL261009C00105000%2CGOOGL261009C00110000%2CGOOGL261009C00115000%2CGOOGL261009C00120000%2CGOOGL261009C00125000%2CGOOGL261009C00130000%2CGOOGL261009C00135000%2CGOOGL261009C00140000%2CGOOGL261009C00145000%2CGOOGL261009C00150000%2CGOOGL261009C00155000%2CGOOGL261009C00160000%2CGOOGL261009C00165000%2CGOOGL261009C00170000%2CGOOGL261009C00175000%2CGOOGL261009C00180000%2CGOOGL261009C00185000%2CGOOGL261009C00190000%2CGOOGL261009C00195000%2CGOOGL261009C00200000%2CGOOGL261009C00205000%2CGOOGL261009C00210000%2CGOOGL261009C00215000%2CGOOGL261009C00220000%2CGOOGL261009C00225000%2CGOOGL261009C00230000%2CGOOGL261009C00235000%2CGOOGL261009C00240000%2CGOOGL261009C00245000%2CGOOGL261009C00250000%2CGOOGL261009C00255000%2CGOOGL261009C00260000%2CGOOGL261009C00265000%2CGOOGL261009C00270000%2CGOOGL261009C00275000%2CGOOGL261009C00280000%2CGOOGL261009C00285000%2CGOOGL261009C00290000%2CGOOGL261009C00295000%2CGOOGL261009C00300000%2CGOOGL261009C00305000%2CGOOGL261009C00307500%2CGOOGL261009C00310000%2CGOOGL261009C00312500%2CGOOGL261009C00315000%2CGOOGL261009C00317500%2CGOOGL261009C00320000%2CGOOGL261009C00322500%2CGOOGL261009C00325000&greeks=true'
For more information check: https://developer.mozilla.org/en-US/docs/Web/HTTP/Status/401
2026-10-06T12:11:17 | WARNING  | app.scanning.alpaca_confirmer | AlpacaConfirmer: cannot fetch chain for HOOD 2026-10-09: Client error '401 Unauthorized' for url 'https://api.tradier.com/v1/markets/quotes?symbols=HOOD261009C00025000%2CHOOD261009C00030000%2CHOOD261009C00035000%2CHOOD261009C00040000%2CHOOD261009C00045000%2CHOOD261009C00050000%2CHOOD261009C00055000%2CHOOD261009C00060000%2CHOOD261009C00065000%2CHOOD261009C00070000%2CHOOD261009C00075000%2CHOOD261009C00080000%2CHOOD261009C00085000%2CHOOD261009C00090000%2CHOOD261009C00091000%2CHOOD261009C00092000%2CHOOD261009C00093000%2CHOOD261009C00094000%2CHOOD261009C00095000%2CHOOD261009C00096000%2CHOOD261009C00097000%2CHOOD261009C00098000%2CHOOD261009C00099000%2CHOOD261009C00100000%2CHOOD261009C00101000%2CHOOD261009C00102000%2CHOOD261009C00103000%2CHOOD261009C00104000%2CHOOD261009C00105000%2CHOOD261009C00106000%2CHOOD261009C00107000%2CHOOD261009C00108000%2CHOOD261009C00109000%2CHOOD261009C00110000%2CHOOD261009C00111000%2CHOOD261009C00112000%2CHOOD261009C00113000%2CHOOD261009C00114000%2CHOOD261009C00115000%2CHOOD261009C00116000%2CHOOD261009C00117000%2CHOOD261009C00118000%2CHOOD261009C00119000%2CHOOD261009C00120000%2CHOOD261009C00121000%2CHOOD261009C00122000%2CHOOD261009C00123000%2CHOOD261009C00124000%2CHOOD261009C00125000%2CHOOD261009C00126000&greeks=true'
For more information check: https://developer.mozilla.org/en-US/docs/Web/HTTP/Status/401
2026-10-06T12:11:17 | WARNING  | app.scanning.alpaca_confirmer | AlpacaConfirmer: cannot fetch chain for AVGO 2026-10-09: Client error '401 Unauthorized' for url 'https://api.tradier.com/v1/markets/quotes?symbols=AVGO261009C00210000%2CAVGO261009C00215000%2CAVGO261009C00220000%2CAVGO261009C00225000%2CAVGO261009C00230000%2CAVGO261009C00235000%2CAVGO261009C00240000%2CAVGO261009C00245000%2CAVGO261009C00250000%2CAVGO261009C00255000%2CAVGO261009C00260000%2CAVGO261009C00265000%2CAVGO261009C00270000%2CAVGO261009C00275000%2CAVGO261009C00280000%2CAVGO261009C00285000%2CAVGO261009C00290000%2CAVGO261009C00295000%2CAVGO261009C00300000%2CAVGO261009C00305000%2CAVGO261009C00310000%2CAVGO261009C00315000%2CAVGO261009C00317500%2CAVGO261009C00320000%2CAVGO261009C00322500%2CAVGO261009C00325000%2CAVGO261009C00327500%2CAVGO261009C00330000%2CAVGO261009C00332500%2CAVGO261009C00335000%2CAVGO261009C00337500%2CAVGO261009C00340000%2CAVGO261009C00342500%2CAVGO261009C00345000%2CAVGO261009C00347500%2CAVGO261009C00350000%2CAVGO261009C00352500%2CAVGO261009C00355000%2CAVGO261009C00357500%2CAVGO261009C00360000%2CAVGO261009C00362500%2CAVGO261009C00365000%2CAVGO261009C00367500%2CAVGO261009C00370000%2CAVGO261009C00372500%2CAVGO261009C00375000%2CAVGO261009C00377500%2CAVGO261009C00380000%2CAVGO261009C00382500%2CAVGO261009C00385000&greeks=true'
For more information check: https://developer.mozilla.org/en-US/docs/Web/HTTP/Status/401
2026-10-06T12:11:17 | WARNING  | app.scanning.alpaca_confirmer | AlpacaConfirmer: cannot fetch chain for AMD 2026-10-09: Client error '401 Unauthorized' for url 'https://api.tradier.com/v1/markets/quotes?symbols=AMD261009C00040000%2CAMD261009C00045000%2CAMD261009C00050000%2CAMD261009C00055000%2CAMD261009C00060000%2CAMD261009C00065000%2CAMD261009C00070000%2CAMD261009C00075000%2CAMD261009C00080000%2CAMD261009C00085000%2CAMD261009C00090000%2CAMD261009C00095000%2CAMD261009C00100000%2CAMD261009C00105000%2CAMD261009C00110000%2CAMD261009C00115000%2CAMD261009C00120000%2CAMD261009C00125000%2CAMD261009C00130000%2CAMD261009C00135000%2CAMD261009C00140000%2CAMD261009C00145000%2CAMD261009C00150000%2CAMD261009C00155000%2CAMD261009C00160000%2CAMD261009C00165000%2CAMD261009C00170000%2CAMD261009C00175000%2CAMD261009C00180000%2CAMD261009C00185000%2CAMD261009C00190000%2CAMD261009C00195000%2CAMD261009C00200000%2CAMD261009C00205000%2CAMD261009C00210000%2CAMD261009C00215000%2CAMD261009C00220000%2CAMD261009C00225000%2CAMD261009C00230000%2CAMD261009C00235000%2CAMD261009C00240000%2CAMD261009C00245000%2CAMD261009C00250000%2CAMD261009C00255000%2CAMD261009C00260000%2CAMD261009C00265000%2CAMD261009C00270000%2CAMD261009C00275000%2CAMD261009C00280000%2CAMD261009C00285000&greeks=true'
For more information check: https://developer.mozilla.org/en-US/docs/Web/HTTP/Status/401
2026-10-06T12:11:17 | WARNING  | app.scanning.alpaca_confirmer | AlpacaConfirmer: cannot fetch chain for MSFT 2026-10-09: Client error '401 Unauthorized' for url 'https://api.tradier.com/v1/markets/quotes?symbols=MSFT261009C00270000%2CMSFT261009C00280000%2CMSFT261009C00290000%2CMSFT261009C00300000%2CMSFT261009C00305000%2CMSFT261009C00310000%2CMSFT261009C00315000%2CMSFT261009C00320000%2CMSFT261009C00325000%2CMSFT261009C00330000%2CMSFT261009C00335000%2CMSFT261009C00340000%2CMSFT261009C00345000%2CMSFT261009C00350000%2CMSFT261009C00355000%2CMSFT261009C00360000%2CMSFT261009C00365000%2CMSFT261009C00370000%2CMSFT261009C00375000%2CMSFT261009C00380000%2CMSFT261009C00385000%2CMSFT261009C00390000%2CMSFT261009C00395000%2CMSFT261009C00400000%2CMSFT261009C00405000%2CMSFT261009C00410000%2CMSFT261009C00415000%2CMSFT261009C00420000%2CMSFT261009C00425000%2CMSFT261009C00430000%2CMSFT261009C00435000%2CMSFT261009C00440000%2CMSFT261009C00445000%2CMSFT261009C00450000%2CMSFT261009C00455000%2CMSFT261009C00457500%2CMSFT261009C00460000%2CMSFT261009C00462500%2CMSFT261009C00465000%2CMSFT261009C00467500%2CMSFT261009C00470000%2CMSFT261009C00472500%2CMSFT261009C00475000%2CMSFT261009C00477500%2CMSFT261009C00480000%2CMSFT261009C00482500%2CMSFT261009C00485000%2CMSFT261009C00487500%2CMSFT261009C00490000%2CMSFT261009C00492500&greeks=true'
For more information check: https://developer.mozilla.org/en-US/docs/Web/HTTP/Status/401
2026-10-06T12:11:17 | WARNING  | app.scanning.alpaca_confirmer | AlpacaConfirmer: cannot fetch chain for SPY 2026-10-08: Client error '401 Unauthorized' for url 'https://api.tradier.com/v1/markets/quotes?symbols=SPY261008C00550000%2CSPY261008C00555000%2CSPY261008C00560000%2CSPY261008C00565000%2CSPY261008C00570000%2CSPY261008C00575000%2CSPY261008C00580000%2CSPY261008C00585000%2CSPY261008C00590000%2CSPY261008C00595000%2CSPY261008C00600000%2CSPY261008C00605000%2CSPY261008C00610000%2CSPY261008C00615000%2CSPY261008C00620000%2CSPY261008C00625000%2CSPY261008C00630000%2CSPY261008C00635000%2CSPY261008C00640000%2CSPY261008C00645000%2CSPY261008C00650000%2CSPY261008C00655000%2CSPY261008C00660000%2CSPY261008C00665000%2CSPY261008C00670000%2CSPY261008C00675000%2CSPY261008C00680000%2CSPY261008C00685000%2CSPY261008C00690000%2CSPY261008C00695000%2CSPY261008C00700000%2CSPY261008C00705000%2CSPY261008C00710000%2CSPY261008C00715000%2CSPY261008C00720000%2CSPY261008C00723000%2CSPY261008C00724000%2CSPY261008C00725000%2CSPY261008C00726000%2CSPY261008C00727000%2CSPY261008C00728000%2CSPY261008C00729000%2CSPY261008C00730000%2CSPY261008C00731000%2CSPY261008C00732000%2CSPY261008C00733000%2CSPY261008C00734000%2CSPY261008C00735000%2CSPY261008C00736000%2CSPY261008C00737000&greeks=true'
For more information check: https://developer.mozilla.org/en-US/docs/Web/HTTP/Status/401
2026-10-06T12:11:17 | WARNING  | app.scanning.alpaca_confirmer | AlpacaConfirmer: cannot fetch chain for IWM 2026-10-08: Client error '401 Unauthorized' for url 'https://api.tradier.com/v1/markets/quotes?symbols=IWM261008C00180000%2CIWM261008C00190000%2CIWM261008C00200000%2CIWM261008C00205000%2CIWM261008C00210000%2CIWM261008C00215000%2CIWM261008C00220000%2CIWM261008C00225000%2CIWM261008C00230000%2CIWM261008C00235000%2CIWM261008C00240000%2CIWM261008C00245000%2CIWM261008C00250000%2CIWM261008C00255000%2CIWM261008C00260000%2CIWM261008C00261000%2CIWM261008C00262000%2CIWM261008C00263000%2CIWM261008C00264000%2CIWM261008C00265000%2CIWM261008C00266000%2CIWM261008C00267000%2CIWM261008C00268000%2CIWM261008C00269000%2CIWM261008C00270000%2CIWM261008C00271000%2CIWM261008C00272000%2CIWM261008C00273000%2CIWM261008C00274000%2CIWM261008C00275000%2CIWM261008C00276000%2CIWM261008C00277000%2CIWM261008C00278000%2CIWM261008C00279000%2CIWM261008C00280000%2CIWM261008C00281000%2CIWM261008C00282000%2CIWM261008C00283000%2CIWM261008C00284000%2CIWM261008C00285000%2CIWM261008C00286000%2CIWM261008C00287000%2CIWM261008C00288000%2CIWM261008C00289000%2CIWM261008C00290000%2CIWM261008C00291000%2CIWM261008C00292000%2CIWM261008C00293000%2CIWM261008C00294000%2CIWM261008C00295000&greeks=true'
For more information check: https://developer.mozilla.org/en-US/docs/Web/HTTP/Status/401
2026-10-06T12:11:17 | WARNING  | app.scanning.alpaca_confirmer | AlpacaConfirmer: cannot fetch chain for XLE 2026-10-09: Client error '401 Unauthorized' for url 'https://api.tradier.com/v1/markets/quotes?symbols=XLE261009C00035000%2CXLE261009C00040000%2CXLE261009C00045000%2CXLE261009C00050000%2CXLE261009C00051000%2CXLE261009C00052000%2CXLE261009C00053000%2CXLE261009C00054000%2CXLE261009C00055000%2CXLE261009C00056000%2CXLE261009C00056500%2CXLE261009C00057000%2CXLE261009C00057500%2CXLE261009C00058000%2CXLE261009C00058500%2CXLE261009C00059000%2CXLE261009C00059500%2CXLE261009C00060000%2CXLE261009C00060500%2CXLE261009C00061000%2CXLE261009C00061500%2CXLE261009C00062000%2CXLE261009C00062500%2CXLE261009C00063000%2CXLE261009C00063500%2CXLE261009C00064000%2CXLE261009C00064500%2CXLE261009C00065000%2CXLE261009C00065500%2CXLE261009C00066000%2CXLE261009C00066500%2CXLE261009C00067000%2CXLE261009C00067500%2CXLE261009C00068000%2CXLE261009C00068500%2CXLE261009C00069000%2CXLE261009C00070000%2CXLE261009C00071000%2CXLE261009C00075000%2CXLE261009C00080000%2CXLE261009P00035000%2CXLE261009P00040000%2CXLE261009P00045000%2CXLE261009P00050000%2CXLE261009P00051000%2CXLE261009P00052000%2CXLE261009P00053000%2CXLE261009P00054000%2CXLE261009P00055000%2CXLE261009P00056000&greeks=true'
For more information check: https://developer.mozilla.org/en-US/docs/Web/HTTP/Status/401
2026-10-06T12:11:17 | WARNING  | app.scanning.alpaca_confirmer | AlpacaConfirmer: cannot fetch chain for MARA 2026-10-09: Client error '401 Unauthorized' for url 'https://api.tradier.com/v1/markets/quotes?symbols=MARA261009C00004000%2CMARA261009C00005000%2CMARA261009C00006000%2CMARA261009C00006500%2CMARA261009C00007000%2CMARA261009C00007500%2CMARA261009C00008000%2CMARA261009C00008500%2CMARA261009C00009000%2CMARA261009C00009500%2CMARA261009C00010000%2CMARA261009C00010500%2CMARA261009C00011000%2CMARA261009C00011500%2CMARA261009C00012000%2CMARA261009C00012500%2CMARA261009C00013000%2CMARA261009C00013500%2CMARA261009C00014000%2CMARA261009C00014500%2CMARA261009C00015000%2CMARA261009C00015500%2CMARA261009C00016000%2CMARA261009C00016500%2CMARA261009C00017000%2CMARA261009C00017500%2CMARA261009C00018000%2CMARA261009C00019000%2CMARA261009C00020000%2CMARA261009C00021000%2CMARA261009C00022000%2CMARA261009C00023000%2CMARA261009P00004000%2CMARA261009P00005000%2CMARA261009P00006000%2CMARA261009P00006500%2CMARA261009P00007000%2CMARA261009P00007500%2CMARA261009P00008000%2CMARA261009P00008500%2CMARA261009P00009000%2CMARA261009P00009500%2CMARA261009P00010000%2CMARA261009P00010500%2CMARA261009P00011000%2CMARA261009P00011500%2CMARA261009P00012000%2CMARA261009P00012500%2CMARA261009P00013000%2CMARA261009P00013500&greeks=true'
For more information check: https://developer.mozilla.org/en-US/docs/Web/HTTP/Status/401
2026-10-06T12:11:17 | INFO     | session_runner | AlpacaConfirmer: 0 confirmed symbols: []
2026-10-06T12:11:17 | WARNING  | session_runner | Re-scan returned no confirmed symbols — falling back to ['SPY']
2026-10-06T12:11:17 | INFO     | session_runner | Broad-market regime | SPY=long
2026-10-06T12:11:18 | INFO     | session_runner | [bridge:SPY] rsi_trend ready: sufficient bars
2026-10-06T12:11:18 | INFO     | session_runner | Stale signal: SPY/orb age=141 min > max 10 min — skipped
2026-10-06T12:11:18 | INFO     | session_runner | Stale signal: SPY/vwap_reclaim age=86 min > max 10 min — skipped
2026-10-06T12:11:18 | INFO     | session_runner | Stale signal: SPY/vwap_reclaim age=146 min > max 10 min — skipped
2026-10-06T12:11:48 | INFO     | session_runner | [cycle 312] 12:11:48 ET | positions=0 | entries=0
2026-10-06T12:11:48 | INFO     | session_runner | [bridge:SPY] rsi_trend ready: sufficient bars
2026-10-06T12:11:48 | INFO     | session_runner | Stale signal: SPY/orb age=142 min > max 10 min — skipped
2026-10-06T12:11:48 | INFO     | session_runner | Stale signal: SPY/vwap_reclaim age=87 min > max 10 min — skipped
2026-10-06T12:11:48 | INFO     | session_runner | Stale signal: SPY/vwap_reclaim age=147 min > max 10 min — skipped
2026-10-06T12:12:18 | INFO     | session_runner | [cycle 313] 12:12:18 ET | positions=0 | entries=0
2026-10-06T12:12:19 | INFO     | session_runner | [bridge:SPY] rsi_trend ready: sufficient bars
2026-10-06T12:12:19 | INFO     | session_runner | Stale signal: SPY/orb age=142 min > max 10 min — skipped
2026-10-06T12:12:19 | INFO     | session_runner | Stale signal: SPY/vwap_reclaim age=87 min > max 10 min — skipped
2026-10-06T12:12:19 | INFO     | session_runner | Stale signal: SPY/vwap_reclaim age=147 min > max 10 min — skipped
2026-10-06T12:12:49 | INFO     | session_runner | [cycle 314] 12:12:49 ET | positions=0 | entries=0
2026-10-06T12:12:49 | INFO     | session_runner | [bridge:SPY] rsi_trend ready: sufficient bars
2026-10-06T12:12:49 | INFO     | session_runner | Stale signal: SPY/orb age=143 min > max 10 min — skipped
2026-10-06T12:12:49 | INFO     | session_runner | Stale signal: SPY/vwap_reclaim age=88 min > max 10 min — skipped
2026-10-06T12:12:49 | INFO     | session_runner | Stale signal: SPY/vwap_reclaim age=148 min > max 10 min — skipped
2026-10-06T12:13:20 | INFO     | session_runner | [cycle 315] 12:13:20 ET | positions=0 | entries=0
2026-10-06T12:13:20 | INFO     | session_runner | [bridge:SPY] rsi_trend ready: sufficient bars
2026-10-06T12:13:20 | INFO     | session_runner | Stale signal: SPY/orb age=143 min > max 10 min — skipped
2026-10-06T12:13:20 | INFO     | session_runner | Stale signal: SPY/vwap_reclaim age=88 min > max 10 min — skipped
2026-10-06T12:13:20 | INFO     | session_runner | Stale signal: SPY/vwap_reclaim age=148 min > max 10 min — skipped
2026-10-06T12:13:50 | INFO     | session_runner | [cycle 316] 12:13:50 ET | positions=0 | entries=0
2026-10-06T12:13:51 | INFO     | session_runner | [bridge:SPY] rsi_trend ready: sufficient bars
2026-10-06T12:13:51 | INFO     | session_runner | Stale signal: SPY/orb age=144 min > max 10 min — skipped
2026-10-06T12:13:51 | INFO     | session_runner | Stale signal: SPY/vwap_reclaim age=89 min > max 10 min — skipped
2026-10-06T12:13:51 | INFO     | session_runner | Stale signal: SPY/vwap_reclaim age=149 min > max 10 min — skipped
2026-10-06T12:14:21 | INFO     | session_runner | [cycle 317] 12:14:21 ET | positions=0 | entries=0
2026-10-06T12:14:21 | INFO     | session_runner | [bridge:SPY] rsi_trend ready: sufficient bars
2026-10-06T12:14:21 | INFO     | session_runner | Stale signal: SPY/orb age=144 min > max 10 min — skipped
2026-10-06T12:14:21 | INFO     | session_runner | Stale signal: SPY/vwap_reclaim age=89 min > max 10 min — skipped
2026-10-06T12:14:21 | INFO     | session_runner | Stale signal: SPY/vwap_reclaim age=149 min > max 10 min — skipped
2026-10-06T12:14:51 | INFO     | session_runner | [cycle 318] 12:14:51 ET | positions=0 | entries=0
2026-10-06T12:14:52 | INFO     | session_runner | [bridge:SPY] rsi_trend ready: sufficient bars
2026-10-06T12:14:52 | INFO     | session_runner | Stale signal: SPY/orb age=145 min > max 10 min — skipped
2026-10-06T12:14:52 | INFO     | session_runner | Stale signal: SPY/vwap_reclaim age=90 min > max 10 min — skipped
2026-10-06T12:14:52 | INFO     | session_runner | Stale signal: SPY/vwap_reclaim age=150 min > max 10 min — skipped
2026-10-06T12:15:22 | INFO     | session_runner | [cycle 319] 12:15:22 ET | positions=0 | entries=0
2026-10-06T12:15:23 | INFO     | session_runner | [bridge:SPY] rsi_trend ready: sufficient bars
2026-10-06T12:15:23 | INFO     | session_runner | Stale signal: SPY/orb age=145 min > max 10 min — skipped
2026-10-06T12:15:23 | INFO     | session_runner | Stale signal: SPY/vwap_reclaim age=90 min > max 10 min — skipped
2026-10-06T12:15:23 | INFO     | session_runner | Stale signal: SPY/vwap_reclaim age=150 min > max 10 min — skipped
2026-10-06T12:15:53 | INFO     | session_runner | [cycle 320] 12:15:53 ET | positions=0 | entries=0
2026-10-06T12:15:53 | INFO     | session_runner | [bridge:SPY] rsi_trend ready: sufficient bars
2026-10-06T12:15:53 | INFO     | session_runner | Stale signal: SPY/orb age=146 min > max 10 min — skipped
2026-10-06T12:15:53 | INFO     | session_runner | Stale signal: SPY/vwap_reclaim age=91 min > max 10 min — skipped
2026-10-06T12:15:53 | INFO     | session_runner | Stale signal: SPY/vwap_reclaim age=151 min > max 10 min — skipped
2026-10-06T12:16:23 | INFO     | session_runner | [cycle 321] 12:16:23 ET | positions=0 | entries=0
2026-10-06T12:16:23 | INFO     | app.trading.reconciler | Reconciliation done: broker_pos=0 local_pos=0 broker_orders=0 local_pending=0 repaired=0 flagged=0 orders_confirmed=True positions_confirmed=True
2026-10-06T12:16:23 | INFO     | session_runner | Periodic universe re-scan …
2026-10-06T12:16:24 | INFO     | app.scanning.universe_loader | UniverseLoader: loaded 5 groups (13 flat symbols) from config/ticker_universe.yaml (blacklist=0)
2026-10-06T12:16:24 | INFO     | app.scanning.universe_loader | UniverseLoader: 38 symbols from 4 group(s) (blacklist=0)
2026-10-06T12:16:24 | INFO     | session_runner | Universe scan: 38 symbols from 4 group(s) | max_active=6
2026-10-06T12:16:30 | INFO     | session_runner | Scan: 17 passed, 21 rejected
2026-10-06T12:16:30 | INFO     | session_runner |   XLE     score=70.0  signal=LONG     reasons: atr=1.88% (wide-range), orb_breakout, trend_up
2026-10-06T12:16:30 | INFO     | session_runner |   IWM     score=68.0  signal=SHORT    reasons: rvol=1.11x (normal), atr=1.30% (good range), orb_breakdown
2026-10-06T12:16:30 | INFO     | session_runner |   AMZN    score=67.0  signal=LONG     reasons: rvol=1.11x (normal), atr=2.02% (wide-range), orb_breakout
2026-10-06T12:16:30 | INFO     | session_runner |   GOOGL   score=67.0  signal=LONG     reasons: atr=2.33% (wide-range), orb_breakout, trend_sideways
2026-10-06T12:16:30 | INFO     | session_runner |   AVGO    score=67.0  signal=LONG     reasons: rvol=1.96x (elevated), atr=2.87% (wide-range), orb_breakout
2026-10-06T12:16:30 | WARNING  | app.scanning.alpaca_confirmer | AlpacaConfirmer: cannot fetch chain for AMZN 2026-10-09: Client error '401 Unauthorized' for url 'https://api.tradier.com/v1/markets/quotes?symbols=AMZN261009C00140000%2CAMZN261009C00145000%2CAMZN261009C00150000%2CAMZN261009C00155000%2CAMZN261009C00160000%2CAMZN261009C00165000%2CAMZN261009C00170000%2CAMZN261009C00175000%2CAMZN261009C00180000%2CAMZN261009C00185000%2CAMZN261009C00190000%2CAMZN261009C00195000%2CAMZN261009C00200000%2CAMZN261009C00205000%2CAMZN261009C00210000%2CAMZN261009C00215000%2CAMZN261009C00220000%2CAMZN261009C00222500%2CAMZN261009C00225000%2CAMZN261009C00227500%2CAMZN261009C00230000%2CAMZN261009C00232500%2CAMZN261009C00235000%2CAMZN261009C00237500%2CAMZN261009C00240000%2CAMZN261009C00242500%2CAMZN261009C00245000%2CAMZN261009C00247500%2CAMZN261009C00250000%2CAMZN261009C00252500%2CAMZN261009C00255000%2CAMZN261009C00257500%2CAMZN261009C00260000%2CAMZN261009C00262500%2CAMZN261009C00265000%2CAMZN261009C00267500%2CAMZN261009C00270000%2CAMZN261009C00272500%2CAMZN261009C00275000%2CAMZN261009C00277500%2CAMZN261009C00280000%2CAMZN261009C00285000%2CAMZN261009C00290000%2CAMZN261009C00295000%2CAMZN261009C00300000%2CAMZN261009C00305000%2CAMZN261009C00310000%2CAMZN261009C00315000%2CAMZN261009C00320000%2CAMZN261009C00325000&greeks=true'
For more information check: https://developer.mozilla.org/en-US/docs/Web/HTTP/Status/401
2026-10-06T12:16:30 | WARNING  | app.scanning.alpaca_confirmer | AlpacaConfirmer: cannot fetch chain for AVGO 2026-10-09: Client error '401 Unauthorized' for url 'https://api.tradier.com/v1/markets/quotes?symbols=AVGO261009C00210000%2CAVGO261009C00215000%2CAVGO261009C00220000%2CAVGO261009C00225000%2CAVGO261009C00230000%2CAVGO261009C00235000%2CAVGO261009C00240000%2CAVGO261009C00245000%2CAVGO261009C00250000%2CAVGO261009C00255000%2CAVGO261009C00260000%2CAVGO261009C00265000%2CAVGO261009C00270000%2CAVGO261009C00275000%2CAVGO261009C00280000%2CAVGO261009C00285000%2CAVGO261009C00290000%2CAVGO261009C00295000%2CAVGO261009C00300000%2CAVGO261009C00305000%2CAVGO261009C00310000%2CAVGO261009C00315000%2CAVGO261009C00317500%2CAVGO261009C00320000%2CAVGO261009C00322500%2CAVGO261009C00325000%2CAVGO261009C00327500%2CAVGO261009C00330000%2CAVGO261009C00332500%2CAVGO261009C00335000%2CAVGO261009C00337500%2CAVGO261009C00340000%2CAVGO261009C00342500%2CAVGO261009C00345000%2CAVGO261009C00347500%2CAVGO261009C00350000%2CAVGO261009C00352500%2CAVGO261009C00355000%2CAVGO261009C00357500%2CAVGO261009C00360000%2CAVGO261009C00362500%2CAVGO261009C00365000%2CAVGO261009C00367500%2CAVGO261009C00370000%2CAVGO261009C00372500%2CAVGO261009C00375000%2CAVGO261009C00377500%2CAVGO261009C00380000%2CAVGO261009C00382500%2CAVGO261009C00385000&greeks=true'
For more information check: https://developer.mozilla.org/en-US/docs/Web/HTTP/Status/401
2026-10-06T12:16:30 | WARNING  | app.scanning.alpaca_confirmer | AlpacaConfirmer: cannot fetch chain for MARA 2026-10-09: Client error '401 Unauthorized' for url 'https://api.tradier.com/v1/markets/quotes?symbols=MARA261009C00004000%2CMARA261009C00005000%2CMARA261009C00006000%2CMARA261009C00006500%2CMARA261009C00007000%2CMARA261009C00007500%2CMARA261009C00008000%2CMARA261009C00008500%2CMARA261009C00009000%2CMARA261009C00009500%2CMARA261009C00010000%2CMARA261009C00010500%2CMARA261009C00011000%2CMARA261009C00011500%2CMARA261009C00012000%2CMARA261009C00012500%2CMARA261009C00013000%2CMARA261009C00013500%2CMARA261009C00014000%2CMARA261009C00014500%2CMARA261009C00015000%2CMARA261009C00015500%2CMARA261009C00016000%2CMARA261009C00016500%2CMARA261009C00017000%2CMARA261009C00017500%2CMARA261009C00018000%2CMARA261009C00019000%2CMARA261009C00020000%2CMARA261009C00021000%2CMARA261009C00022000%2CMARA261009C00023000%2CMARA261009P00004000%2CMARA261009P00005000%2CMARA261009P00006000%2CMARA261009P00006500%2CMARA261009P00007000%2CMARA261009P00007500%2CMARA261009P00008000%2CMARA261009P00008500%2CMARA261009P00009000%2CMARA261009P00009500%2CMARA261009P00010000%2CMARA261009P00010500%2CMARA261009P00011000%2CMARA261009P00011500%2CMARA261009P00012000%2CMARA261009P00012500%2CMARA261009P00013000%2CMARA261009P00013500&greeks=true'
For more information check: https://developer.mozilla.org/en-US/docs/Web/HTTP/Status/401
2026-10-06T12:16:30 | WARNING  | app.scanning.alpaca_confirmer | AlpacaConfirmer: cannot fetch chain for HOOD 2026-10-09: Client error '401 Unauthorized' for url 'https://api.tradier.com/v1/markets/quotes?symbols=HOOD261009C00025000%2CHOOD261009C00030000%2CHOOD261009C00035000%2CHOOD261009C00040000%2CHOOD261009C00045000%2CHOOD261009C00050000%2CHOOD261009C00055000%2CHOOD261009C00060000%2CHOOD261009C00065000%2CHOOD261009C00070000%2CHOOD261009C00075000%2CHOOD261009C00080000%2CHOOD261009C00085000%2CHOOD261009C00090000%2CHOOD261009C00091000%2CHOOD261009C00092000%2CHOOD261009C00093000%2CHOOD261009C00094000%2CHOOD261009C00095000%2CHOOD261009C00096000%2CHOOD261009C00097000%2CHOOD261009C00098000%2CHOOD261009C00099000%2CHOOD261009C00100000%2CHOOD261009C00101000%2CHOOD261009C00102000%2CHOOD261009C00103000%2CHOOD261009C00104000%2CHOOD261009C00105000%2CHOOD261009C00106000%2CHOOD261009C00107000%2CHOOD261009C00108000%2CHOOD261009C00109000%2CHOOD261009C00110000%2CHOOD261009C00111000%2CHOOD261009C00112000%2CHOOD261009C00113000%2CHOOD261009C00114000%2CHOOD261009C00115000%2CHOOD261009C00116000%2CHOOD261009C00117000%2CHOOD261009C00118000%2CHOOD261009C00119000%2CHOOD261009C00120000%2CHOOD261009C00121000%2CHOOD261009C00122000%2CHOOD261009C00123000%2CHOOD261009C00124000%2CHOOD261009C00125000%2CHOOD261009C00126000&greeks=true'
For more information check: https://developer.mozilla.org/en-US/docs/Web/HTTP/Status/401
2026-10-06T12:16:30 | WARNING  | app.scanning.alpaca_confirmer | AlpacaConfirmer: cannot fetch chain for AMD 2026-10-09: Client error '401 Unauthorized' for url 'https://api.tradier.com/v1/markets/quotes?symbols=AMD261009C00040000%2CAMD261009C00045000%2CAMD261009C00050000%2CAMD261009C00055000%2CAMD261009C00060000%2CAMD261009C00065000%2CAMD261009C00070000%2CAMD261009C00075000%2CAMD261009C00080000%2CAMD261009C00085000%2CAMD261009C00090000%2CAMD261009C00095000%2CAMD261009C00100000%2CAMD261009C00105000%2CAMD261009C00110000%2CAMD261009C00115000%2CAMD261009C00120000%2CAMD261009C00125000%2CAMD261009C00130000%2CAMD261009C00135000%2CAMD261009C00140000%2CAMD261009C00145000%2CAMD261009C00150000%2CAMD261009C00155000%2CAMD261009C00160000%2CAMD261009C00165000%2CAMD261009C00170000%2CAMD261009C00175000%2CAMD261009C00180000%2CAMD261009C00185000%2CAMD261009C00190000%2CAMD261009C00195000%2CAMD261009C00200000%2CAMD261009C00205000%2CAMD261009C00210000%2CAMD261009C00215000%2CAMD261009C00220000%2CAMD261009C00225000%2CAMD261009C00230000%2CAMD261009C00235000%2CAMD261009C00240000%2CAMD261009C00245000%2CAMD261009C00250000%2CAMD261009C00255000%2CAMD261009C00260000%2CAMD261009C00265000%2CAMD261009C00270000%2CAMD261009C00275000%2CAMD261009C00280000%2CAMD261009C00285000&greeks=true'
For more information check: https://developer.mozilla.org/en-US/docs/Web/HTTP/Status/401
2026-10-06T12:16:30 | WARNING  | app.scanning.alpaca_confirmer | AlpacaConfirmer: cannot fetch chain for RIOT 2026-10-09: Client error '401 Unauthorized' for url 'https://api.tradier.com/v1/markets/quotes?symbols=RIOT261009C00008000%2CRIOT261009C00009000%2CRIOT261009C00010000%2CRIOT261009C00011000%2CRIOT261009C00012000%2CRIOT261009C00013000%2CRIOT261009C00014000%2CRIOT261009C00015000%2CRIOT261009C00016000%2CRIOT261009C00017000%2CRIOT261009C00017500%2CRIOT261009C00018000%2CRIOT261009C00018500%2CRIOT261009C00019000%2CRIOT261009C00019500%2CRIOT261009C00020000%2CRIOT261009C00020500%2CRIOT261009C00021000%2CRIOT261009C00021500%2CRIOT261009C00022000%2CRIOT261009C00022500%2CRIOT261009C00023000%2CRIOT261009C00023500%2CRIOT261009C00024000%2CRIOT261009C00024500%2CRIOT261009C00025000%2CRIOT261009C00025500%2CRIOT261009C00026000%2CRIOT261009C00026500%2CRIOT261009C00027000%2CRIOT261009C00027500%2CRIOT261009C00028000%2CRIOT261009C00028500%2CRIOT261009C00029000%2CRIOT261009C00029500%2CRIOT261009C00030000%2CRIOT261009C00031000%2CRIOT261009C00032000%2CRIOT261009C00033000%2CRIOT261009C00034000%2CRIOT261009C00035000%2CRIOT261009P00008000%2CRIOT261009P00009000%2CRIOT261009P00010000%2CRIOT261009P00011000%2CRIOT261009P00012000%2CRIOT261009P00013000%2CRIOT261009P00014000%2CRIOT261009P00015000%2CRIOT261009P00016000&greeks=true'
For more information check: https://developer.mozilla.org/en-US/docs/Web/HTTP/Status/401
2026-10-06T12:16:30 | WARNING  | app.scanning.alpaca_confirmer | AlpacaConfirmer: cannot fetch chain for GOOGL 2026-10-09: Client error '401 Unauthorized' for url 'https://api.tradier.com/v1/markets/quotes?symbols=GOOGL261009C00100000%2CGOOGL261009C00105000%2CGOOGL261009C00110000%2CGOOGL261009C00115000%2CGOOGL261009C00120000%2CGOOGL261009C00125000%2CGOOGL261009C00130000%2CGOOGL261009C00135000%2CGOOGL261009C00140000%2CGOOGL261009C00145000%2CGOOGL261009C00150000%2CGOOGL261009C00155000%2CGOOGL261009C00160000%2CGOOGL261009C00165000%2CGOOGL261009C00170000%2CGOOGL261009C00175000%2CGOOGL261009C00180000%2CGOOGL261009C00185000%2CGOOGL261009C00190000%2CGOOGL261009C00195000%2CGOOGL261009C00200000%2CGOOGL261009C00205000%2CGOOGL261009C00210000%2CGOOGL261009C00215000%2CGOOGL261009C00220000%2CGOOGL261009C00225000%2CGOOGL261009C00230000%2CGOOGL261009C00235000%2CGOOGL261009C00240000%2CGOOGL261009C00245000%2CGOOGL261009C00250000%2CGOOGL261009C00255000%2CGOOGL261009C00260000%2CGOOGL261009C00265000%2CGOOGL261009C00270000%2CGOOGL261009C00275000%2CGOOGL261009C00280000%2CGOOGL261009C00285000%2CGOOGL261009C00290000%2CGOOGL261009C00295000%2CGOOGL261009C00300000%2CGOOGL261009C00305000%2CGOOGL261009C00307500%2CGOOGL261009C00310000%2CGOOGL261009C00312500%2CGOOGL261009C00315000%2CGOOGL261009C00317500%2CGOOGL261009C00320000%2CGOOGL261009C00322500%2CGOOGL261009C00325000&greeks=true'
For more information check: https://developer.mozilla.org/en-US/docs/Web/HTTP/Status/401
2026-10-06T12:16:30 | WARNING  | app.scanning.alpaca_confirmer | AlpacaConfirmer: cannot fetch chain for XLE 2026-10-09: Client error '401 Unauthorized' for url 'https://api.tradier.com/v1/markets/quotes?symbols=XLE261009C00035000%2CXLE261009C00040000%2CXLE261009C00045000%2CXLE261009C00050000%2CXLE261009C00051000%2CXLE261009C00052000%2CXLE261009C00053000%2CXLE261009C00054000%2CXLE261009C00055000%2CXLE261009C00056000%2CXLE261009C00056500%2CXLE261009C00057000%2CXLE261009C00057500%2CXLE261009C00058000%2CXLE261009C00058500%2CXLE261009C00059000%2CXLE261009C00059500%2CXLE261009C00060000%2CXLE261009C00060500%2CXLE261009C00061000%2CXLE261009C00061500%2CXLE261009C00062000%2CXLE261009C00062500%2CXLE261009C00063000%2CXLE261009C00063500%2CXLE261009C00064000%2CXLE261009C00064500%2CXLE261009C00065000%2CXLE261009C00065500%2CXLE261009C00066000%2CXLE261009C00066500%2CXLE261009C00067000%2CXLE261009C00067500%2CXLE261009C00068000%2CXLE261009C00068500%2CXLE261009C00069000%2CXLE261009C00070000%2CXLE261009C00071000%2CXLE261009C00075000%2CXLE261009C00080000%2CXLE261009P00035000%2CXLE261009P00040000%2CXLE261009P00045000%2CXLE261009P00050000%2CXLE261009P00051000%2CXLE261009P00052000%2CXLE261009P00053000%2CXLE261009P00054000%2CXLE261009P00055000%2CXLE261009P00056000&greeks=true'
For more information check: https://developer.mozilla.org/en-US/docs/Web/HTTP/Status/401
2026-10-06T12:16:30 | WARNING  | app.scanning.alpaca_confirmer | AlpacaConfirmer: cannot fetch chain for UBER 2026-10-09: Client error '401 Unauthorized' for url 'https://api.tradier.com/v1/markets/quotes?symbols=UBER261009C00050000%2CUBER261009C00055000%2CUBER261009C00057000%2CUBER261009C00058000%2CUBER261009C00059000%2CUBER261009C00060000%2CUBER261009C00061000%2CUBER261009C00062000%2CUBER261009C00063000%2CUBER261009C00064000%2CUBER261009C00065000%2CUBER261009C00066000%2CUBER261009C00067000%2CUBER261009C00068000%2CUBER261009C00069000%2CUBER261009C00070000%2CUBER261009C00071000%2CUBER261009C00072000%2CUBER261009C00073000%2CUBER261009C00074000%2CUBER261009C00075000%2CUBER261009C00076000%2CUBER261009C00077000%2CUBER261009C00078000%2CUBER261009C00079000%2CUBER261009C00080000%2CUBER261009C00081000%2CUBER261009C00082000%2CUBER261009C00083000%2CUBER261009C00084000%2CUBER261009C00085000%2CUBER261009C00086000%2CUBER261009C00087000%2CUBER261009C00088000%2CUBER261009C00089000%2CUBER261009C00090000%2CUBER261009C00091000%2CUBER261009C00095000%2CUBER261009C00100000%2CUBER261009C00105000%2CUBER261009P00050000%2CUBER261009P00055000%2CUBER261009P00057000%2CUBER261009P00058000%2CUBER261009P00059000%2CUBER261009P00060000%2CUBER261009P00061000%2CUBER261009P00062000%2CUBER261009P00063000%2CUBER261009P00064000&greeks=true'
For more information check: https://developer.mozilla.org/en-US/docs/Web/HTTP/Status/401
2026-10-06T12:16:30 | WARNING  | app.scanning.alpaca_confirmer | AlpacaConfirmer: cannot fetch chain for MSFT 2026-10-09: Client error '401 Unauthorized' for url 'https://api.tradier.com/v1/markets/quotes?symbols=MSFT261009C00270000%2CMSFT261009C00280000%2CMSFT261009C00290000%2CMSFT261009C00300000%2CMSFT261009C00305000%2CMSFT261009C00310000%2CMSFT261009C00315000%2CMSFT261009C00320000%2CMSFT261009C00325000%2CMSFT261009C00330000%2CMSFT261009C00335000%2CMSFT261009C00340000%2CMSFT261009C00345000%2CMSFT261009C00350000%2CMSFT261009C00355000%2CMSFT261009C00360000%2CMSFT261009C00365000%2CMSFT261009C00370000%2CMSFT261009C00375000%2CMSFT261009C00380000%2CMSFT261009C00385000%2CMSFT261009C00390000%2CMSFT261009C00395000%2CMSFT261009C00400000%2CMSFT261009C00405000%2CMSFT261009C00410000%2CMSFT261009C00415000%2CMSFT261009C00420000%2CMSFT261009C00425000%2CMSFT261009C00430000%2CMSFT261009C00435000%2CMSFT261009C00440000%2CMSFT261009C00445000%2CMSFT261009C00450000%2CMSFT261009C00455000%2CMSFT261009C00457500%2CMSFT261009C00460000%2CMSFT261009C00462500%2CMSFT261009C00465000%2CMSFT261009C00467500%2CMSFT261009C00470000%2CMSFT261009C00472500%2CMSFT261009C00475000%2CMSFT261009C00477500%2CMSFT261009C00480000%2CMSFT261009C00482500%2CMSFT261009C00485000%2CMSFT261009C00487500%2CMSFT261009C00490000%2CMSFT261009C00492500&greeks=true'
For more information check: https://developer.mozilla.org/en-US/docs/Web/HTTP/Status/401
2026-10-06T12:16:30 | WARNING  | app.scanning.alpaca_confirmer | AlpacaConfirmer: cannot fetch chain for LYFT 2026-10-09: Client error '401 Unauthorized' for url 'https://api.tradier.com/v1/markets/quotes?symbols=LYFT261009C00005000%2CLYFT261009C00008000%2CLYFT261009C00009000%2CLYFT261009C00010000%2CLYFT261009C00010500%2CLYFT261009C00011000%2CLYFT261009C00011500%2CLYFT261009C00012000%2CLYFT261009C00012500%2CLYFT261009C00013000%2CLYFT261009C00013500%2CLYFT261009C00014000%2CLYFT261009C00014500%2CLYFT261009C00015000%2CLYFT261009C00015500%2CLYFT261009C00016000%2CLYFT261009C00016500%2CLYFT261009C00017000%2CLYFT261009C00017500%2CLYFT261009C00018000%2CLYFT261009C00018500%2CLYFT261009C00019000%2CLYFT261009C00019500%2CLYFT261009C00020000%2CLYFT261009C00020500%2CLYFT261009C00021000%2CLYFT261009C00021500%2CLYFT261009C00022000%2CLYFT261009C00022500%2CLYFT261009C00023000%2CLYFT261009C00024000%2CLYFT261009C00025000%2CLYFT261009P00005000%2CLYFT261009P00008000%2CLYFT261009P00009000%2CLYFT261009P00010000%2CLYFT261009P00010500%2CLYFT261009P00011000%2CLYFT261009P00011500%2CLYFT261009P00012000%2CLYFT261009P00012500%2CLYFT261009P00013000%2CLYFT261009P00013500%2CLYFT261009P00014000%2CLYFT261009P00014500%2CLYFT261009P00015000%2CLYFT261009P00015500%2CLYFT261009P00016000%2CLYFT261009P00016500%2CLYFT261009P00017000&greeks=true'
For more information check: https://developer.mozilla.org/en-US/docs/Web/HTTP/Status/401
2026-10-06T12:16:30 | WARNING  | app.scanning.alpaca_confirmer | AlpacaConfirmer: cannot fetch chain for IWM 2026-10-08: Client error '401 Unauthorized' for url 'https://api.tradier.com/v1/markets/quotes?symbols=IWM261008C00180000%2CIWM261008C00190000%2CIWM261008C00200000%2CIWM261008C00205000%2CIWM261008C00210000%2CIWM261008C00215000%2CIWM261008C00220000%2CIWM261008C00225000%2CIWM261008C00230000%2CIWM261008C00235000%2CIWM261008C00240000%2CIWM261008C00245000%2CIWM261008C00250000%2CIWM261008C00255000%2CIWM261008C00260000%2CIWM261008C00261000%2CIWM261008C00262000%2CIWM261008C00263000%2CIWM261008C00264000%2CIWM261008C00265000%2CIWM261008C00266000%2CIWM261008C00267000%2CIWM261008C00268000%2CIWM261008C00269000%2CIWM261008C00270000%2CIWM261008C00271000%2CIWM261008C00272000%2CIWM261008C00273000%2CIWM261008C00274000%2CIWM261008C00275000%2CIWM261008C00276000%2CIWM261008C00277000%2CIWM261008C00278000%2CIWM261008C00279000%2CIWM261008C00280000%2CIWM261008C00281000%2CIWM261008C00282000%2CIWM261008C00283000%2CIWM261008C00284000%2CIWM261008C00285000%2CIWM261008C00286000%2CIWM261008C00287000%2CIWM261008C00288000%2CIWM261008C00289000%2CIWM261008C00290000%2CIWM261008C00291000%2CIWM261008C00292000%2CIWM261008C00293000%2CIWM261008C00294000%2CIWM261008C00295000&greeks=true'
For more information check: https://developer.mozilla.org/en-US/docs/Web/HTTP/Status/401
2026-10-06T12:16:30 | INFO     | session_runner | AlpacaConfirmer: 0 confirmed symbols: []
2026-10-06T12:16:30 | WARNING  | session_runner | Re-scan returned no confirmed symbols — falling back to ['SPY']
2026-10-06T12:16:31 | INFO     | session_runner | Broad-market regime | SPY=neutral
2026-10-06T12:16:32 | INFO     | session_runner | [bridge:SPY] rsi_trend ready: sufficient bars
2026-10-06T12:16:32 | INFO     | session_runner | Stale signal: SPY/orb age=146 min > max 10 min — skipped
2026-10-06T12:16:32 | INFO     | session_runner | Stale signal: SPY/vwap_reclaim age=91 min > max 10 min — skipped
2026-10-06T12:16:32 | INFO     | session_runner | Stale signal: SPY/vwap_reclaim age=151 min > max 10 min — skipped
2026-10-06T12:17:02 | INFO     | session_runner | [cycle 322] 12:17:02 ET | positions=0 | entries=0
2026-10-06T12:17:02 | INFO     | session_runner | [bridge:SPY] rsi_trend ready: sufficient bars
2026-10-06T12:17:02 | INFO     | session_runner | Stale signal: SPY/orb age=147 min > max 10 min — skipped
2026-10-06T12:17:02 | INFO     | session_runner | Stale signal: SPY/vwap_reclaim age=92 min > max 10 min — skipped
2026-10-06T12:17:02 | INFO     | session_runner | Stale signal: SPY/vwap_reclaim age=152 min > max 10 min — skipped
2026-10-06T12:17:32 | INFO     | session_runner | [cycle 323] 12:17:32 ET | positions=0 | entries=0
2026-10-06T12:17:33 | INFO     | session_runner | [bridge:SPY] rsi_trend ready: sufficient bars
2026-10-06T12:17:33 | INFO     | session_runner | Stale signal: SPY/orb age=148 min > max 10 min — skipped
2026-10-06T12:17:33 | INFO     | session_runner | Stale signal: SPY/vwap_reclaim age=93 min > max 10 min — skipped
2026-10-06T12:17:33 | INFO     | session_runner | Stale signal: SPY/vwap_reclaim age=153 min > max 10 min — skipped
2026-10-06T12:18:03 | INFO     | session_runner | [cycle 324] 12:18:03 ET | positions=0 | entries=0
2026-10-06T12:18:04 | INFO     | session_runner | [bridge:SPY] rsi_trend ready: sufficient bars
2026-10-06T12:18:04 | INFO     | session_runner | Stale signal: SPY/orb age=148 min > max 10 min — skipped
2026-10-06T12:18:04 | INFO     | session_runner | Stale signal: SPY/vwap_reclaim age=93 min > max 10 min — skipped
2026-10-06T12:18:04 | INFO     | session_runner | Stale signal: SPY/vwap_reclaim age=153 min > max 10 min — skipped
2026-10-06T12:18:34 | INFO     | session_runner | [cycle 325] 12:18:34 ET | positions=0 | entries=0
2026-10-06T12:18:34 | INFO     | session_runner | [bridge:SPY] rsi_trend ready: sufficient bars
2026-10-06T12:18:34 | INFO     | session_runner | Stale signal: SPY/orb age=149 min > max 10 min — skipped
2026-10-06T12:18:34 | INFO     | session_runner | Stale signal: SPY/vwap_reclaim age=94 min > max 10 min — skipped
2026-10-06T12:18:34 | INFO     | session_runner | Stale signal: SPY/vwap_reclaim age=154 min > max 10 min — skipped
2026-10-06T12:19:04 | INFO     | session_runner | [cycle 326] 12:19:04 ET | positions=0 | entries=0
2026-10-06T12:19:05 | INFO     | session_runner | [bridge:SPY] rsi_trend ready: sufficient bars
2026-10-06T12:19:05 | INFO     | session_runner | Stale signal: SPY/orb age=149 min > max 10 min — skipped
2026-10-06T12:19:05 | INFO     | session_runner | Stale signal: SPY/vwap_reclaim age=94 min > max 10 min — skipped
2026-10-06T12:19:05 | INFO     | session_runner | Stale signal: SPY/vwap_reclaim age=154 min > max 10 min — skipped
2026-10-06T12:19:35 | INFO     | session_runner | [cycle 327] 12:19:35 ET | positions=0 | entries=0
2026-10-06T12:19:36 | INFO     | session_runner | [bridge:SPY] rsi_trend ready: sufficient bars
2026-10-06T12:19:36 | INFO     | session_runner | Stale signal: SPY/orb age=150 min > max 10 min — skipped
2026-10-06T12:19:36 | INFO     | session_runner | Stale signal: SPY/vwap_reclaim age=95 min > max 10 min — skipped
2026-10-06T12:19:36 | INFO     | session_runner | Stale signal: SPY/vwap_reclaim age=155 min > max 10 min — skipped
2026-10-06T12:20:06 | INFO     | session_runner | [cycle 328] 12:20:06 ET | positions=0 | entries=0
2026-10-06T12:20:06 | INFO     | session_runner | [bridge:SPY] rsi_trend ready: sufficient bars
2026-10-06T12:20:06 | INFO     | session_runner | Stale signal: SPY/orb age=150 min > max 10 min — skipped
2026-10-06T12:20:06 | INFO     | session_runner | Stale signal: SPY/vwap_reclaim age=95 min > max 10 min — skipped
2026-10-06T12:20:06 | INFO     | session_runner | Stale signal: SPY/vwap_reclaim age=155 min > max 10 min — skipped
2026-10-06T12:20:37 | INFO     | session_runner | [cycle 329] 12:20:37 ET | positions=0 | entries=0
2026-10-06T12:20:37 | INFO     | session_runner | [bridge:SPY] rsi_trend ready: sufficient bars
2026-10-06T12:20:37 | INFO     | session_runner | Stale signal: SPY/orb age=151 min > max 10 min — skipped
2026-10-06T12:20:37 | INFO     | session_runner | Stale signal: SPY/vwap_reclaim age=96 min > max 10 min — skipped
2026-10-06T12:20:37 | INFO     | session_runner | Stale signal: SPY/vwap_reclaim age=156 min > max 10 min — skipped
2026-10-06T12:21:07 | INFO     | session_runner | [cycle 330] 12:21:07 ET | positions=0 | entries=0
2026-10-06T12:21:08 | INFO     | session_runner | [bridge:SPY] rsi_trend ready: sufficient bars
2026-10-06T12:21:08 | INFO     | session_runner | Stale signal: SPY/orb age=151 min > max 10 min — skipped
2026-10-06T12:21:08 | INFO     | session_runner | Stale signal: SPY/vwap_reclaim age=96 min > max 10 min — skipped
2026-10-06T12:21:08 | INFO     | session_runner | Stale signal: SPY/vwap_reclaim age=156 min > max 10 min — skipped
2026-10-06T12:21:38 | INFO     | session_runner | [cycle 331] 12:21:38 ET | positions=0 | entries=0
2026-10-06T12:21:38 | INFO     | session_runner | Periodic universe re-scan …
2026-10-06T12:21:38 | INFO     | app.scanning.universe_loader | UniverseLoader: loaded 5 groups (13 flat symbols) from config/ticker_universe.yaml (blacklist=0)
2026-10-06T12:21:38 | INFO     | app.scanning.universe_loader | UniverseLoader: 38 symbols from 4 group(s) (blacklist=0)
2026-10-06T12:21:38 | INFO     | session_runner | Universe scan: 38 symbols from 4 group(s) | max_active=6
2026-10-06T12:21:43 | INFO     | session_runner | Scan: 16 passed, 22 rejected
2026-10-06T12:21:43 | INFO     | session_runner |   UBER    score=75.0  signal=SHORT    reasons: rvol=1.07x (normal), atr=2.20% (wide-range), orb_breakdown
2026-10-06T12:21:43 | INFO     | session_runner |   XLE     score=70.0  signal=LONG     reasons: atr=1.88% (wide-range), orb_breakout, trend_up
2026-10-06T12:21:43 | INFO     | session_runner |   IWM     score=68.0  signal=SHORT    reasons: rvol=1.09x (normal), atr=1.30% (good range), orb_breakdown
2026-10-06T12:21:43 | INFO     | session_runner |   AMZN    score=67.0  signal=LONG     reasons: rvol=1.11x (normal), atr=2.02% (wide-range), orb_breakout
2026-10-06T12:21:43 | INFO     | session_runner |   AVGO    score=67.0  signal=LONG     reasons: rvol=1.93x (elevated), atr=2.88% (wide-range), orb_breakout
2026-10-06T12:21:43 | WARNING  | app.scanning.alpaca_confirmer | AlpacaConfirmer: cannot fetch chain for AMZN 2026-10-09: Client error '401 Unauthorized' for url 'https://api.tradier.com/v1/markets/quotes?symbols=AMZN261009C00140000%2CAMZN261009C00145000%2CAMZN261009C00150000%2CAMZN261009C00155000%2CAMZN261009C00160000%2CAMZN261009C00165000%2CAMZN261009C00170000%2CAMZN261009C00175000%2CAMZN261009C00180000%2CAMZN261009C00185000%2CAMZN261009C00190000%2CAMZN261009C00195000%2CAMZN261009C00200000%2CAMZN261009C00205000%2CAMZN261009C00210000%2CAMZN261009C00215000%2CAMZN261009C00220000%2CAMZN261009C00222500%2CAMZN261009C00225000%2CAMZN261009C00227500%2CAMZN261009C00230000%2CAMZN261009C00232500%2CAMZN261009C00235000%2CAMZN261009C00237500%2CAMZN261009C00240000%2CAMZN261009C00242500%2CAMZN261009C00245000%2CAMZN261009C00247500%2CAMZN261009C00250000%2CAMZN261009C00252500%2CAMZN261009C00255000%2CAMZN261009C00257500%2CAMZN261009C00260000%2CAMZN261009C00262500%2CAMZN261009C00265000%2CAMZN261009C00267500%2CAMZN261009C00270000%2CAMZN261009C00272500%2CAMZN261009C00275000%2CAMZN261009C00277500%2CAMZN261009C00280000%2CAMZN261009C00285000%2CAMZN261009C00290000%2CAMZN261009C00295000%2CAMZN261009C00300000%2CAMZN261009C00305000%2CAMZN261009C00310000%2CAMZN261009C00315000%2CAMZN261009C00320000%2CAMZN261009C00325000&greeks=true'
For more information check: https://developer.mozilla.org/en-US/docs/Web/HTTP/Status/401
2026-10-06T12:21:43 | WARNING  | app.scanning.alpaca_confirmer | AlpacaConfirmer: cannot fetch chain for LYFT 2026-10-09: Client error '401 Unauthorized' for url 'https://api.tradier.com/v1/markets/quotes?symbols=LYFT261009C00005000%2CLYFT261009C00008000%2CLYFT261009C00009000%2CLYFT261009C00010000%2CLYFT261009C00010500%2CLYFT261009C00011000%2CLYFT261009C00011500%2CLYFT261009C00012000%2CLYFT261009C00012500%2CLYFT261009C00013000%2CLYFT261009C00013500%2CLYFT261009C00014000%2CLYFT261009C00014500%2CLYFT261009C00015000%2CLYFT261009C00015500%2CLYFT261009C00016000%2CLYFT261009C00016500%2CLYFT261009C00017000%2CLYFT261009C00017500%2CLYFT261009C00018000%2CLYFT261009C00018500%2CLYFT261009C00019000%2CLYFT261009C00019500%2CLYFT261009C00020000%2CLYFT261009C00020500%2CLYFT261009C00021000%2CLYFT261009C00021500%2CLYFT261009C00022000%2CLYFT261009C00022500%2CLYFT261009C00023000%2CLYFT261009C00024000%2CLYFT261009C00025000%2CLYFT261009P00005000%2CLYFT261009P00008000%2CLYFT261009P00009000%2CLYFT261009P00010000%2CLYFT261009P00010500%2CLYFT261009P00011000%2CLYFT261009P00011500%2CLYFT261009P00012000%2CLYFT261009P00012500%2CLYFT261009P00013000%2CLYFT261009P00013500%2CLYFT261009P00014000%2CLYFT261009P00014500%2CLYFT261009P00015000%2CLYFT261009P00015500%2CLYFT261009P00016000%2CLYFT261009P00016500%2CLYFT261009P00017000&greeks=true'
For more information check: https://developer.mozilla.org/en-US/docs/Web/HTTP/Status/401
2026-10-06T12:21:43 | WARNING  | app.scanning.alpaca_confirmer | AlpacaConfirmer: cannot fetch chain for IWM 2026-10-08: Client error '401 Unauthorized' for url 'https://api.tradier.com/v1/markets/quotes?symbols=IWM261008C00180000%2CIWM261008C00190000%2CIWM261008C00200000%2CIWM261008C00205000%2CIWM261008C00210000%2CIWM261008C00215000%2CIWM261008C00220000%2CIWM261008C00225000%2CIWM261008C00230000%2CIWM261008C00235000%2CIWM261008C00240000%2CIWM261008C00245000%2CIWM261008C00250000%2CIWM261008C00255000%2CIWM261008C00260000%2CIWM261008C00261000%2CIWM261008C00262000%2CIWM261008C00263000%2CIWM261008C00264000%2CIWM261008C00265000%2CIWM261008C00266000%2CIWM261008C00267000%2CIWM261008C00268000%2CIWM261008C00269000%2CIWM261008C00270000%2CIWM261008C00271000%2CIWM261008C00272000%2CIWM261008C00273000%2CIWM261008C00274000%2CIWM261008C00275000%2CIWM261008C00276000%2CIWM261008C00277000%2CIWM261008C00278000%2CIWM261008C00279000%2CIWM261008C00280000%2CIWM261008C00281000%2CIWM261008C00282000%2CIWM261008C00283000%2CIWM261008C00284000%2CIWM261008C00285000%2CIWM261008C00286000%2CIWM261008C00287000%2CIWM261008C00288000%2CIWM261008C00289000%2CIWM261008C00290000%2CIWM261008C00291000%2CIWM261008C00292000%2CIWM261008C00293000%2CIWM261008C00294000%2CIWM261008C00295000&greeks=true'
For more information check: https://developer.mozilla.org/en-US/docs/Web/HTTP/Status/401
2026-10-06T12:21:43 | WARNING  | app.scanning.alpaca_confirmer | AlpacaConfirmer: cannot fetch chain for UBER 2026-10-09: Client error '401 Unauthorized' for url 'https://api.tradier.com/v1/markets/quotes?symbols=UBER261009C00050000%2CUBER261009C00055000%2CUBER261009C00057000%2CUBER261009C00058000%2CUBER261009C00059000%2CUBER261009C00060000%2CUBER261009C00061000%2CUBER261009C00062000%2CUBER261009C00063000%2CUBER261009C00064000%2CUBER261009C00065000%2CUBER261009C00066000%2CUBER261009C00067000%2CUBER261009C00068000%2CUBER261009C00069000%2CUBER261009C00070000%2CUBER261009C00071000%2CUBER261009C00072000%2CUBER261009C00073000%2CUBER261009C00074000%2CUBER261009C00075000%2CUBER261009C00076000%2CUBER261009C00077000%2CUBER261009C00078000%2CUBER261009C00079000%2CUBER261009C00080000%2CUBER261009C00081000%2CUBER261009C00082000%2CUBER261009C00083000%2CUBER261009C00084000%2CUBER261009C00085000%2CUBER261009C00086000%2CUBER261009C00087000%2CUBER261009C00088000%2CUBER261009C00089000%2CUBER261009C00090000%2CUBER261009C00091000%2CUBER261009C00095000%2CUBER261009C00100000%2CUBER261009C00105000%2CUBER261009P00050000%2CUBER261009P00055000%2CUBER261009P00057000%2CUBER261009P00058000%2CUBER261009P00059000%2CUBER261009P00060000%2CUBER261009P00061000%2CUBER261009P00062000%2CUBER261009P00063000%2CUBER261009P00064000&greeks=true'
For more information check: https://developer.mozilla.org/en-US/docs/Web/HTTP/Status/401
2026-10-06T12:21:43 | WARNING  | app.scanning.alpaca_confirmer | AlpacaConfirmer: cannot fetch chain for SOFI 2026-10-09: Client error '401 Unauthorized' for url 'https://api.tradier.com/v1/markets/quotes?symbols=SOFI261009C00005000%2CSOFI261009C00009000%2CSOFI261009C00010000%2CSOFI261009C00011000%2CSOFI261009C00011500%2CSOFI261009C00012000%2CSOFI261009C00012500%2CSOFI261009C00013000%2CSOFI261009C00013500%2CSOFI261009C00014000%2CSOFI261009C00014500%2CSOFI261009C00015000%2CSOFI261009C00015500%2CSOFI261009C00016000%2CSOFI261009C00016500%2CSOFI261009C00017000%2CSOFI261009C00017500%2CSOFI261009C00018000%2CSOFI261009C00018500%2CSOFI261009C00019000%2CSOFI261009C00019500%2CSOFI261009C00020000%2CSOFI261009C00020500%2CSOFI261009C00021000%2CSOFI261009C00021500%2CSOFI261009C00022000%2CSOFI261009C00022500%2CSOFI261009C00023000%2CSOFI261009C00023500%2CSOFI261009C00024000%2CSOFI261009C00025000%2CSOFI261009C00030000%2CSOFI261009P00005000%2CSOFI261009P00009000%2CSOFI261009P00010000%2CSOFI261009P00011000%2CSOFI261009P00011500%2CSOFI261009P00012000%2CSOFI261009P00012500%2CSOFI261009P00013000%2CSOFI261009P00013500%2CSOFI261009P00014000%2CSOFI261009P00014500%2CSOFI261009P00015000%2CSOFI261009P00015500%2CSOFI261009P00016000%2CSOFI261009P00016500%2CSOFI261009P00017000%2CSOFI261009P00017500%2CSOFI261009P00018000&greeks=true'
For more information check: https://developer.mozilla.org/en-US/docs/Web/HTTP/Status/401
2026-10-06T12:21:43 | WARNING  | app.scanning.alpaca_confirmer | AlpacaConfirmer: cannot fetch chain for HOOD 2026-10-09: Client error '401 Unauthorized' for url 'https://api.tradier.com/v1/markets/quotes?symbols=HOOD261009C00025000%2CHOOD261009C00030000%2CHOOD261009C00035000%2CHOOD261009C00040000%2CHOOD261009C00045000%2CHOOD261009C00050000%2CHOOD261009C00055000%2CHOOD261009C00060000%2CHOOD261009C00065000%2CHOOD261009C00070000%2CHOOD261009C00075000%2CHOOD261009C00080000%2CHOOD261009C00085000%2CHOOD261009C00090000%2CHOOD261009C00091000%2CHOOD261009C00092000%2CHOOD261009C00093000%2CHOOD261009C00094000%2CHOOD261009C00095000%2CHOOD261009C00096000%2CHOOD261009C00097000%2CHOOD261009C00098000%2CHOOD261009C00099000%2CHOOD261009C00100000%2CHOOD261009C00101000%2CHOOD261009C00102000%2CHOOD261009C00103000%2CHOOD261009C00104000%2CHOOD261009C00105000%2CHOOD261009C00106000%2CHOOD261009C00107000%2CHOOD261009C00108000%2CHOOD261009C00109000%2CHOOD261009C00110000%2CHOOD261009C00111000%2CHOOD261009C00112000%2CHOOD261009C00113000%2CHOOD261009C00114000%2CHOOD261009C00115000%2CHOOD261009C00116000%2CHOOD261009C00117000%2CHOOD261009C00118000%2CHOOD261009C00119000%2CHOOD261009C00120000%2CHOOD261009C00121000%2CHOOD261009C00122000%2CHOOD261009C00123000%2CHOOD261009C00124000%2CHOOD261009C00125000%2CHOOD261009C00126000&greeks=true'
For more information check: https://developer.mozilla.org/en-US/docs/Web/HTTP/Status/401
2026-10-06T12:21:43 | WARNING  | app.scanning.alpaca_confirmer | AlpacaConfirmer: cannot fetch chain for MARA 2026-10-09: Client error '401 Unauthorized' for url 'https://api.tradier.com/v1/markets/quotes?symbols=MARA261009C00004000%2CMARA261009C00005000%2CMARA261009C00006000%2CMARA261009C00006500%2CMARA261009C00007000%2CMARA261009C00007500%2CMARA261009C00008000%2CMARA261009C00008500%2CMARA261009C00009000%2CMARA261009C00009500%2CMARA261009C00010000%2CMARA261009C00010500%2CMARA261009C00011000%2CMARA261009C00011500%2CMARA261009C00012000%2CMARA261009C00012500%2CMARA261009C00013000%2CMARA261009C00013500%2CMARA261009C00014000%2CMARA261009C00014500%2CMARA261009C00015000%2CMARA261009C00015500%2CMARA261009C00016000%2CMARA261009C00016500%2CMARA261009C00017000%2CMARA261009C00017500%2CMARA261009C00018000%2CMARA261009C00019000%2CMARA261009C00020000%2CMARA261009C00021000%2CMARA261009C00022000%2CMARA261009C00023000%2CMARA261009P00004000%2CMARA261009P00005000%2CMARA261009P00006000%2CMARA261009P00006500%2CMARA261009P00007000%2CMARA261009P00007500%2CMARA261009P00008000%2CMARA261009P00008500%2CMARA261009P00009000%2CMARA261009P00009500%2CMARA261009P00010000%2CMARA261009P00010500%2CMARA261009P00011000%2CMARA261009P00011500%2CMARA261009P00012000%2CMARA261009P00012500%2CMARA261009P00013000%2CMARA261009P00013500&greeks=true'
For more information check: https://developer.mozilla.org/en-US/docs/Web/HTTP/Status/401
2026-10-06T12:21:43 | WARNING  | app.scanning.alpaca_confirmer | AlpacaConfirmer: cannot fetch chain for XLE 2026-10-09: Client error '401 Unauthorized' for url 'https://api.tradier.com/v1/markets/quotes?symbols=XLE261009C00035000%2CXLE261009C00040000%2CXLE261009C00045000%2CXLE261009C00050000%2CXLE261009C00051000%2CXLE261009C00052000%2CXLE261009C00053000%2CXLE261009C00054000%2CXLE261009C00055000%2CXLE261009C00056000%2CXLE261009C00056500%2CXLE261009C00057000%2CXLE261009C00057500%2CXLE261009C00058000%2CXLE261009C00058500%2CXLE261009C00059000%2CXLE261009C00059500%2CXLE261009C00060000%2CXLE261009C00060500%2CXLE261009C00061000%2CXLE261009C00061500%2CXLE261009C00062000%2CXLE261009C00062500%2CXLE261009C00063000%2CXLE261009C00063500%2CXLE261009C00064000%2CXLE261009C00064500%2CXLE261009C00065000%2CXLE261009C00065500%2CXLE261009C00066000%2CXLE261009C00066500%2CXLE261009C00067000%2CXLE261009C00067500%2CXLE261009C00068000%2CXLE261009C00068500%2CXLE261009C00069000%2CXLE261009C00070000%2CXLE261009C00071000%2CXLE261009C00075000%2CXLE261009C00080000%2CXLE261009P00035000%2CXLE261009P00040000%2CXLE261009P00045000%2CXLE261009P00050000%2CXLE261009P00051000%2CXLE261009P00052000%2CXLE261009P00053000%2CXLE261009P00054000%2CXLE261009P00055000%2CXLE261009P00056000&greeks=true'
For more information check: https://developer.mozilla.org/en-US/docs/Web/HTTP/Status/401
2026-10-06T12:21:43 | WARNING  | app.scanning.alpaca_confirmer | AlpacaConfirmer: cannot fetch chain for MSFT 2026-10-09: Client error '401 Unauthorized' for url 'https://api.tradier.com/v1/markets/quotes?symbols=MSFT261009C00270000%2CMSFT261009C00280000%2CMSFT261009C00290000%2CMSFT261009C00300000%2CMSFT261009C00305000%2CMSFT261009C00310000%2CMSFT261009C00315000%2CMSFT261009C00320000%2CMSFT261009C00325000%2CMSFT261009C00330000%2CMSFT261009C00335000%2CMSFT261009C00340000%2CMSFT261009C00345000%2CMSFT261009C00350000%2CMSFT261009C00355000%2CMSFT261009C00360000%2CMSFT261009C00365000%2CMSFT261009C00370000%2CMSFT261009C00375000%2CMSFT261009C00380000%2CMSFT261009C00385000%2CMSFT261009C00390000%2CMSFT261009C00395000%2CMSFT261009C00400000%2CMSFT261009C00405000%2CMSFT261009C00410000%2CMSFT261009C00415000%2CMSFT261009C00420000%2CMSFT261009C00425000%2CMSFT261009C00430000%2CMSFT261009C00435000%2CMSFT261009C00440000%2CMSFT261009C00445000%2CMSFT261009C00450000%2CMSFT261009C00455000%2CMSFT261009C00457500%2CMSFT261009C00460000%2CMSFT261009C00462500%2CMSFT261009C00465000%2CMSFT261009C00467500%2CMSFT261009C00470000%2CMSFT261009C00472500%2CMSFT261009C00475000%2CMSFT261009C00477500%2CMSFT261009C00480000%2CMSFT261009C00482500%2CMSFT261009C00485000%2CMSFT261009C00487500%2CMSFT261009C00490000%2CMSFT261009C00492500&greeks=true'
For more information check: https://developer.mozilla.org/en-US/docs/Web/HTTP/Status/401
2026-10-06T12:21:43 | WARNING  | app.scanning.alpaca_confirmer | AlpacaConfirmer: cannot fetch chain for AVGO 2026-10-09: Client error '401 Unauthorized' for url 'https://api.tradier.com/v1/markets/quotes?symbols=AVGO261009C00210000%2CAVGO261009C00215000%2CAVGO261009C00220000%2CAVGO261009C00225000%2CAVGO261009C00230000%2CAVGO261009C00235000%2CAVGO261009C00240000%2CAVGO261009C00245000%2CAVGO261009C00250000%2CAVGO261009C00255000%2CAVGO261009C00260000%2CAVGO261009C00265000%2CAVGO261009C00270000%2CAVGO261009C00275000%2CAVGO261009C00280000%2CAVGO261009C00285000%2CAVGO261009C00290000%2CAVGO261009C00295000%2CAVGO261009C00300000%2CAVGO261009C00305000%2CAVGO261009C00310000%2CAVGO261009C00315000%2CAVGO261009C00317500%2CAVGO261009C00320000%2CAVGO261009C00322500%2CAVGO261009C00325000%2CAVGO261009C00327500%2CAVGO261009C00330000%2CAVGO261009C00332500%2CAVGO261009C00335000%2CAVGO261009C00337500%2CAVGO261009C00340000%2CAVGO261009C00342500%2CAVGO261009C00345000%2CAVGO261009C00347500%2CAVGO261009C00350000%2CAVGO261009C00352500%2CAVGO261009C00355000%2CAVGO261009C00357500%2CAVGO261009C00360000%2CAVGO261009C00362500%2CAVGO261009C00365000%2CAVGO261009C00367500%2CAVGO261009C00370000%2CAVGO261009C00372500%2CAVGO261009C00375000%2CAVGO261009C00377500%2CAVGO261009C00380000%2CAVGO261009C00382500%2CAVGO261009C00385000&greeks=true'
For more information check: https://developer.mozilla.org/en-US/docs/Web/HTTP/Status/401
2026-10-06T12:21:43 | WARNING  | app.scanning.alpaca_confirmer | AlpacaConfirmer: cannot fetch chain for AMD 2026-10-09: Client error '401 Unauthorized' for url 'https://api.tradier.com/v1/markets/quotes?symbols=AMD261009C00040000%2CAMD261009C00045000%2CAMD261009C00050000%2CAMD261009C00055000%2CAMD261009C00060000%2CAMD261009C00065000%2CAMD261009C00070000%2CAMD261009C00075000%2CAMD261009C00080000%2CAMD261009C00085000%2CAMD261009C00090000%2CAMD261009C00095000%2CAMD261009C00100000%2CAMD261009C00105000%2CAMD261009C00110000%2CAMD261009C00115000%2CAMD261009C00120000%2CAMD261009C00125000%2CAMD261009C00130000%2CAMD261009C00135000%2CAMD261009C00140000%2CAMD261009C00145000%2CAMD261009C00150000%2CAMD261009C00155000%2CAMD261009C00160000%2CAMD261009C00165000%2CAMD261009C00170000%2CAMD261009C00175000%2CAMD261009C00180000%2CAMD261009C00185000%2CAMD261009C00190000%2CAMD261009C00195000%2CAMD261009C00200000%2CAMD261009C00205000%2CAMD261009C00210000%2CAMD261009C00215000%2CAMD261009C00220000%2CAMD261009C00225000%2CAMD261009C00230000%2CAMD261009C00235000%2CAMD261009C00240000%2CAMD261009C00245000%2CAMD261009C00250000%2CAMD261009C00255000%2CAMD261009C00260000%2CAMD261009C00265000%2CAMD261009C00270000%2CAMD261009C00275000%2CAMD261009C00280000%2CAMD261009C00285000&greeks=true'
For more information check: https://developer.mozilla.org/en-US/docs/Web/HTTP/Status/401
2026-10-06T12:21:43 | WARNING  | app.scanning.alpaca_confirmer | AlpacaConfirmer: cannot fetch chain for GOOGL 2026-10-09: Client error '401 Unauthorized' for url 'https://api.tradier.com/v1/markets/quotes?symbols=GOOGL261009C00100000%2CGOOGL261009C00105000%2CGOOGL261009C00110000%2CGOOGL261009C00115000%2CGOOGL261009C00120000%2CGOOGL261009C00125000%2CGOOGL261009C00130000%2CGOOGL261009C00135000%2CGOOGL261009C00140000%2CGOOGL261009C00145000%2CGOOGL261009C00150000%2CGOOGL261009C00155000%2CGOOGL261009C00160000%2CGOOGL261009C00165000%2CGOOGL261009C00170000%2CGOOGL261009C00175000%2CGOOGL261009C00180000%2CGOOGL261009C00185000%2CGOOGL261009C00190000%2CGOOGL261009C00195000%2CGOOGL261009C00200000%2CGOOGL261009C00205000%2CGOOGL261009C00210000%2CGOOGL261009C00215000%2CGOOGL261009C00220000%2CGOOGL261009C00225000%2CGOOGL261009C00230000%2CGOOGL261009C00235000%2CGOOGL261009C00240000%2CGOOGL261009C00245000%2CGOOGL261009C00250000%2CGOOGL261009C00255000%2CGOOGL261009C00260000%2CGOOGL261009C00265000%2CGOOGL261009C00270000%2CGOOGL261009C00275000%2CGOOGL261009C00280000%2CGOOGL261009C00285000%2CGOOGL261009C00290000%2CGOOGL261009C00295000%2CGOOGL261009C00300000%2CGOOGL261009C00305000%2CGOOGL261009C00307500%2CGOOGL261009C00310000%2CGOOGL261009C00312500%2CGOOGL261009C00315000%2CGOOGL261009C00317500%2CGOOGL261009C00320000%2CGOOGL261009C00322500%2CGOOGL261009C00325000&greeks=true'
For more information check: https://developer.mozilla.org/en-US/docs/Web/HTTP/Status/401
2026-10-06T12:21:43 | INFO     | session_runner | AlpacaConfirmer: 0 confirmed symbols: []
2026-10-06T12:21:43 | WARNING  | session_runner | Re-scan returned no confirmed symbols — falling back to ['SPY']
2026-10-06T12:21:43 | INFO     | session_runner | Broad-market regime | SPY=neutral
2026-10-06T12:21:44 | INFO     | session_runner | [bridge:SPY] rsi_trend ready: sufficient bars
2026-10-06T12:21:44 | INFO     | session_runner | Stale signal: SPY/orb age=152 min > max 10 min — skipped
2026-10-06T12:21:44 | INFO     | session_runner | Stale signal: SPY/vwap_reclaim age=97 min > max 10 min — skipped
2026-10-06T12:21:44 | INFO     | session_runner | Stale signal: SPY/vwap_reclaim age=157 min > max 10 min — skipped
2026-10-06T12:22:14 | INFO     | session_runner | [cycle 332] 12:22:14 ET | positions=0 | entries=0
2026-10-06T12:22:14 | INFO     | session_runner | [bridge:SPY] rsi_trend ready: sufficient bars
2026-10-06T12:22:14 | INFO     | session_runner | Stale signal: SPY/orb age=152 min > max 10 min — skipped
2026-10-06T12:22:14 | INFO     | session_runner | Stale signal: SPY/vwap_reclaim age=97 min > max 10 min — skipped
2026-10-06T12:22:14 | INFO     | session_runner | Stale signal: SPY/vwap_reclaim age=157 min > max 10 min — skipped
2026-10-06T12:22:44 | INFO     | session_runner | [cycle 333] 12:22:44 ET | positions=0 | entries=0
2026-10-06T12:22:45 | INFO     | session_runner | [bridge:SPY] rsi_trend ready: sufficient bars
2026-10-06T12:22:45 | INFO     | session_runner | Stale signal: SPY/orb age=153 min > max 10 min — skipped
2026-10-06T12:22:45 | INFO     | session_runner | Stale signal: SPY/vwap_reclaim age=98 min > max 10 min — skipped
2026-10-06T12:22:45 | INFO     | session_runner | Stale signal: SPY/vwap_reclaim age=158 min > max 10 min — skipped
2026-10-06T12:23:15 | INFO     | session_runner | [cycle 334] 12:23:15 ET | positions=0 | entries=0
2026-10-06T12:23:15 | INFO     | session_runner | [bridge:SPY] rsi_trend ready: sufficient bars
2026-10-06T12:23:15 | INFO     | session_runner | Stale signal: SPY/orb age=153 min > max 10 min — skipped
2026-10-06T12:23:15 | INFO     | session_runner | Stale signal: SPY/vwap_reclaim age=98 min > max 10 min — skipped
2026-10-06T12:23:15 | INFO     | session_runner | Stale signal: SPY/vwap_reclaim age=158 min > max 10 min — skipped
2026-10-06T12:23:45 | INFO     | session_runner | [cycle 335] 12:23:45 ET | positions=0 | entries=0
2026-10-06T12:23:46 | INFO     | session_runner | [bridge:SPY] rsi_trend ready: sufficient bars
2026-10-06T12:23:46 | INFO     | session_runner | Stale signal: SPY/orb age=154 min > max 10 min — skipped
2026-10-06T12:23:46 | INFO     | session_runner | Stale signal: SPY/vwap_reclaim age=99 min > max 10 min — skipped
2026-10-06T12:23:46 | INFO     | session_runner | Stale signal: SPY/vwap_reclaim age=159 min > max 10 min — skipped
2026-10-06T12:24:16 | INFO     | session_runner | [cycle 336] 12:24:16 ET | positions=0 | entries=0
2026-10-06T12:24:16 | INFO     | session_runner | [bridge:SPY] rsi_trend ready: sufficient bars
2026-10-06T12:24:16 | INFO     | session_runner | Stale signal: SPY/orb age=154 min > max 10 min — skipped
2026-10-06T12:24:16 | INFO     | session_runner | Stale signal: SPY/vwap_reclaim age=99 min > max 10 min — skipped
2026-10-06T12:24:16 | INFO     | session_runner | Stale signal: SPY/vwap_reclaim age=159 min > max 10 min — skipped
2026-10-06T12:24:46 | INFO     | session_runner | [cycle 337] 12:24:46 ET | positions=0 | entries=0
2026-10-06T12:24:47 | INFO     | session_runner | [bridge:SPY] rsi_trend ready: sufficient bars
2026-10-06T12:24:47 | INFO     | session_runner | Stale signal: SPY/orb age=155 min > max 10 min — skipped
2026-10-06T12:24:47 | INFO     | session_runner | Stale signal: SPY/vwap_reclaim age=100 min > max 10 min — skipped
2026-10-06T12:24:47 | INFO     | session_runner | Stale signal: SPY/vwap_reclaim age=160 min > max 10 min — skipped
2026-10-06T12:25:17 | INFO     | session_runner | [cycle 338] 12:25:17 ET | positions=0 | entries=0
2026-10-06T12:25:17 | INFO     | session_runner | [bridge:SPY] rsi_trend ready: sufficient bars
2026-10-06T12:25:17 | INFO     | session_runner | Stale signal: SPY/orb age=155 min > max 10 min — skipped
2026-10-06T12:25:17 | INFO     | session_runner | Stale signal: SPY/vwap_reclaim age=100 min > max 10 min — skipped
2026-10-06T12:25:17 | INFO     | session_runner | Stale signal: SPY/vwap_reclaim age=160 min > max 10 min — skipped
2026-10-06T12:25:47 | INFO     | session_runner | [cycle 339] 12:25:47 ET | positions=0 | entries=0
2026-10-06T12:25:48 | INFO     | session_runner | [bridge:SPY] rsi_trend ready: sufficient bars
2026-10-06T12:25:48 | INFO     | session_runner | Stale signal: SPY/orb age=156 min > max 10 min — skipped
2026-10-06T12:25:48 | INFO     | session_runner | Stale signal: SPY/vwap_reclaim age=101 min > max 10 min — skipped
2026-10-06T12:25:48 | INFO     | session_runner | Stale signal: SPY/vwap_reclaim age=161 min > max 10 min — skipped
2026-10-06T12:26:18 | INFO     | session_runner | [cycle 340] 12:26:18 ET | positions=0 | entries=0
2026-10-06T12:26:18 | INFO     | session_runner | [bridge:SPY] rsi_trend ready: sufficient bars
2026-10-06T12:26:18 | INFO     | session_runner | Stale signal: SPY/orb age=156 min > max 10 min — skipped
2026-10-06T12:26:18 | INFO     | session_runner | Stale signal: SPY/vwap_reclaim age=101 min > max 10 min — skipped
2026-10-06T12:26:18 | INFO     | session_runner | Stale signal: SPY/vwap_reclaim age=161 min > max 10 min — skipped
2026-10-06T12:26:48 | INFO     | session_runner | [cycle 341] 12:26:48 ET | positions=0 | entries=0
2026-10-06T12:26:49 | INFO     | app.trading.reconciler | Reconciliation done: broker_pos=0 local_pos=0 broker_orders=0 local_pending=0 repaired=0 flagged=0 orders_confirmed=True positions_confirmed=True
2026-10-06T12:26:49 | INFO     | session_runner | Periodic universe re-scan …
2026-10-06T12:26:49 | INFO     | app.scanning.universe_loader | UniverseLoader: loaded 5 groups (13 flat symbols) from config/ticker_universe.yaml (blacklist=0)
2026-10-06T12:26:49 | INFO     | app.scanning.universe_loader | UniverseLoader: 38 symbols from 4 group(s) (blacklist=0)
2026-10-06T12:26:49 | INFO     | session_runner | Universe scan: 38 symbols from 4 group(s) | max_active=6
2026-10-06T12:26:53 | INFO     | session_runner | Scan: 17 passed, 21 rejected
2026-10-06T12:26:53 | INFO     | session_runner |   UBER    score=75.0  signal=SHORT    reasons: rvol=1.05x (normal), atr=2.20% (wide-range), orb_breakdown
2026-10-06T12:26:53 | INFO     | session_runner |   XLE     score=70.0  signal=LONG     reasons: atr=1.89% (wide-range), orb_breakout, trend_up
2026-10-06T12:26:53 | INFO     | session_runner |   IWM     score=68.0  signal=SHORT    reasons: rvol=1.07x (normal), atr=1.30% (good range), orb_breakdown
2026-10-06T12:26:53 | INFO     | session_runner |   AMZN    score=67.0  signal=LONG     reasons: rvol=1.08x (normal), atr=2.02% (wide-range), orb_breakout
2026-10-06T12:26:53 | INFO     | session_runner |   AVGO    score=67.0  signal=LONG     reasons: rvol=1.89x (elevated), atr=2.87% (wide-range), orb_breakout
2026-10-06T12:26:54 | WARNING  | app.scanning.alpaca_confirmer | AlpacaConfirmer: cannot fetch chain for XLE 2026-10-09: Client error '401 Unauthorized' for url 'https://api.tradier.com/v1/markets/quotes?symbols=XLE261009C00035000%2CXLE261009C00040000%2CXLE261009C00045000%2CXLE261009C00050000%2CXLE261009C00051000%2CXLE261009C00052000%2CXLE261009C00053000%2CXLE261009C00054000%2CXLE261009C00055000%2CXLE261009C00056000%2CXLE261009C00056500%2CXLE261009C00057000%2CXLE261009C00057500%2CXLE261009C00058000%2CXLE261009C00058500%2CXLE261009C00059000%2CXLE261009C00059500%2CXLE261009C00060000%2CXLE261009C00060500%2CXLE261009C00061000%2CXLE261009C00061500%2CXLE261009C00062000%2CXLE261009C00062500%2CXLE261009C00063000%2CXLE261009C00063500%2CXLE261009C00064000%2CXLE261009C00064500%2CXLE261009C00065000%2CXLE261009C00065500%2CXLE261009C00066000%2CXLE261009C00066500%2CXLE261009C00067000%2CXLE261009C00067500%2CXLE261009C00068000%2CXLE261009C00068500%2CXLE261009C00069000%2CXLE261009C00070000%2CXLE261009C00071000%2CXLE261009C00075000%2CXLE261009C00080000%2CXLE261009P00035000%2CXLE261009P00040000%2CXLE261009P00045000%2CXLE261009P00050000%2CXLE261009P00051000%2CXLE261009P00052000%2CXLE261009P00053000%2CXLE261009P00054000%2CXLE261009P00055000%2CXLE261009P00056000&greeks=true'
For more information check: https://developer.mozilla.org/en-US/docs/Web/HTTP/Status/401
2026-10-06T12:26:54 | WARNING  | app.scanning.alpaca_confirmer | AlpacaConfirmer: cannot fetch chain for IWM 2026-10-08: Client error '401 Unauthorized' for url 'https://api.tradier.com/v1/markets/quotes?symbols=IWM261008C00180000%2CIWM261008C00190000%2CIWM261008C00200000%2CIWM261008C00205000%2CIWM261008C00210000%2CIWM261008C00215000%2CIWM261008C00220000%2CIWM261008C00225000%2CIWM261008C00230000%2CIWM261008C00235000%2CIWM261008C00240000%2CIWM261008C00245000%2CIWM261008C00250000%2CIWM261008C00255000%2CIWM261008C00260000%2CIWM261008C00261000%2CIWM261008C00262000%2CIWM261008C00263000%2CIWM261008C00264000%2CIWM261008C00265000%2CIWM261008C00266000%2CIWM261008C00267000%2CIWM261008C00268000%2CIWM261008C00269000%2CIWM261008C00270000%2CIWM261008C00271000%2CIWM261008C00272000%2CIWM261008C00273000%2CIWM261008C00274000%2CIWM261008C00275000%2CIWM261008C00276000%2CIWM261008C00277000%2CIWM261008C00278000%2CIWM261008C00279000%2CIWM261008C00280000%2CIWM261008C00281000%2CIWM261008C00282000%2CIWM261008C00283000%2CIWM261008C00284000%2CIWM261008C00285000%2CIWM261008C00286000%2CIWM261008C00287000%2CIWM261008C00288000%2CIWM261008C00289000%2CIWM261008C00290000%2CIWM261008C00291000%2CIWM261008C00292000%2CIWM261008C00293000%2CIWM261008C00294000%2CIWM261008C00295000&greeks=true'
For more information check: https://developer.mozilla.org/en-US/docs/Web/HTTP/Status/401
2026-10-06T12:26:54 | WARNING  | app.scanning.alpaca_confirmer | AlpacaConfirmer: cannot fetch chain for HOOD 2026-10-09: Client error '401 Unauthorized' for url 'https://api.tradier.com/v1/markets/quotes?symbols=HOOD261009C00025000%2CHOOD261009C00030000%2CHOOD261009C00035000%2CHOOD261009C00040000%2CHOOD261009C00045000%2CHOOD261009C00050000%2CHOOD261009C00055000%2CHOOD261009C00060000%2CHOOD261009C00065000%2CHOOD261009C00070000%2CHOOD261009C00075000%2CHOOD261009C00080000%2CHOOD261009C00085000%2CHOOD261009C00090000%2CHOOD261009C00091000%2CHOOD261009C00092000%2CHOOD261009C00093000%2CHOOD261009C00094000%2CHOOD261009C00095000%2CHOOD261009C00096000%2CHOOD261009C00097000%2CHOOD261009C00098000%2CHOOD261009C00099000%2CHOOD261009C00100000%2CHOOD261009C00101000%2CHOOD261009C00102000%2CHOOD261009C00103000%2CHOOD261009C00104000%2CHOOD261009C00105000%2CHOOD261009C00106000%2CHOOD261009C00107000%2CHOOD261009C00108000%2CHOOD261009C00109000%2CHOOD261009C00110000%2CHOOD261009C00111000%2CHOOD261009C00112000%2CHOOD261009C00113000%2CHOOD261009C00114000%2CHOOD261009C00115000%2CHOOD261009C00116000%2CHOOD261009C00117000%2CHOOD261009C00118000%2CHOOD261009C00119000%2CHOOD261009C00120000%2CHOOD261009C00121000%2CHOOD261009C00122000%2CHOOD261009C00123000%2CHOOD261009C00124000%2CHOOD261009C00125000%2CHOOD261009C00126000&greeks=true'
For more information check: https://developer.mozilla.org/en-US/docs/Web/HTTP/Status/401
2026-10-06T12:26:54 | WARNING  | app.scanning.alpaca_confirmer | AlpacaConfirmer: cannot fetch chain for MSFT 2026-10-09: Client error '401 Unauthorized' for url 'https://api.tradier.com/v1/markets/quotes?symbols=MSFT261009C00270000%2CMSFT261009C00280000%2CMSFT261009C00290000%2CMSFT261009C00300000%2CMSFT261009C00305000%2CMSFT261009C00310000%2CMSFT261009C00315000%2CMSFT261009C00320000%2CMSFT261009C00325000%2CMSFT261009C00330000%2CMSFT261009C00335000%2CMSFT261009C00340000%2CMSFT261009C00345000%2CMSFT261009C00350000%2CMSFT261009C00355000%2CMSFT261009C00360000%2CMSFT261009C00365000%2CMSFT261009C00370000%2CMSFT261009C00375000%2CMSFT261009C00380000%2CMSFT261009C00385000%2CMSFT261009C00390000%2CMSFT261009C00395000%2CMSFT261009C00400000%2CMSFT261009C00405000%2CMSFT261009C00410000%2CMSFT261009C00415000%2CMSFT261009C00420000%2CMSFT261009C00425000%2CMSFT261009C00430000%2CMSFT261009C00435000%2CMSFT261009C00440000%2CMSFT261009C00445000%2CMSFT261009C00450000%2CMSFT261009C00455000%2CMSFT261009C00457500%2CMSFT261009C00460000%2CMSFT261009C00462500%2CMSFT261009C00465000%2CMSFT261009C00467500%2CMSFT261009C00470000%2CMSFT261009C00472500%2CMSFT261009C00475000%2CMSFT261009C00477500%2CMSFT261009C00480000%2CMSFT261009C00482500%2CMSFT261009C00485000%2CMSFT261009C00487500%2CMSFT261009C00490000%2CMSFT261009C00492500&greeks=true'
For more information check: https://developer.mozilla.org/en-US/docs/Web/HTTP/Status/401
2026-10-06T12:26:54 | WARNING  | app.scanning.alpaca_confirmer | AlpacaConfirmer: cannot fetch chain for AMZN 2026-10-09: Client error '401 Unauthorized' for url 'https://api.tradier.com/v1/markets/quotes?symbols=AMZN261009C00140000%2CAMZN261009C00145000%2CAMZN261009C00150000%2CAMZN261009C00155000%2CAMZN261009C00160000%2CAMZN261009C00165000%2CAMZN261009C00170000%2CAMZN261009C00175000%2CAMZN261009C00180000%2CAMZN261009C00185000%2CAMZN261009C00190000%2CAMZN261009C00195000%2CAMZN261009C00200000%2CAMZN261009C00205000%2CAMZN261009C00210000%2CAMZN261009C00215000%2CAMZN261009C00220000%2CAMZN261009C00222500%2CAMZN261009C00225000%2CAMZN261009C00227500%2CAMZN261009C00230000%2CAMZN261009C00232500%2CAMZN261009C00235000%2CAMZN261009C00237500%2CAMZN261009C00240000%2CAMZN261009C00242500%2CAMZN261009C00245000%2CAMZN261009C00247500%2CAMZN261009C00250000%2CAMZN261009C00252500%2CAMZN261009C00255000%2CAMZN261009C00257500%2CAMZN261009C00260000%2CAMZN261009C00262500%2CAMZN261009C00265000%2CAMZN261009C00267500%2CAMZN261009C00270000%2CAMZN261009C00272500%2CAMZN261009C00275000%2CAMZN261009C00277500%2CAMZN261009C00280000%2CAMZN261009C00285000%2CAMZN261009C00290000%2CAMZN261009C00295000%2CAMZN261009C00300000%2CAMZN261009C00305000%2CAMZN261009C00310000%2CAMZN261009C00315000%2CAMZN261009C00320000%2CAMZN261009C00325000&greeks=true'
For more information check: https://developer.mozilla.org/en-US/docs/Web/HTTP/Status/401
2026-10-06T12:26:54 | WARNING  | app.scanning.alpaca_confirmer | AlpacaConfirmer: cannot fetch chain for SOFI 2026-10-09: Client error '401 Unauthorized' for url 'https://api.tradier.com/v1/markets/quotes?symbols=SOFI261009C00005000%2CSOFI261009C00009000%2CSOFI261009C00010000%2CSOFI261009C00011000%2CSOFI261009C00011500%2CSOFI261009C00012000%2CSOFI261009C00012500%2CSOFI261009C00013000%2CSOFI261009C00013500%2CSOFI261009C00014000%2CSOFI261009C00014500%2CSOFI261009C00015000%2CSOFI261009C00015500%2CSOFI261009C00016000%2CSOFI261009C00016500%2CSOFI261009C00017000%2CSOFI261009C00017500%2CSOFI261009C00018000%2CSOFI261009C00018500%2CSOFI261009C00019000%2CSOFI261009C00019500%2CSOFI261009C00020000%2CSOFI261009C00020500%2CSOFI261009C00021000%2CSOFI261009C00021500%2CSOFI261009C00022000%2CSOFI261009C00022500%2CSOFI261009C00023000%2CSOFI261009C00023500%2CSOFI261009C00024000%2CSOFI261009C00025000%2CSOFI261009C00030000%2CSOFI261009P00005000%2CSOFI261009P00009000%2CSOFI261009P00010000%2CSOFI261009P00011000%2CSOFI261009P00011500%2CSOFI261009P00012000%2CSOFI261009P00012500%2CSOFI261009P00013000%2CSOFI261009P00013500%2CSOFI261009P00014000%2CSOFI261009P00014500%2CSOFI261009P00015000%2CSOFI261009P00015500%2CSOFI261009P00016000%2CSOFI261009P00016500%2CSOFI261009P00017000%2CSOFI261009P00017500%2CSOFI261009P00018000&greeks=true'
For more information check: https://developer.mozilla.org/en-US/docs/Web/HTTP/Status/401
2026-10-06T12:26:54 | WARNING  | app.scanning.alpaca_confirmer | AlpacaConfirmer: cannot fetch chain for UBER 2026-10-09: Client error '401 Unauthorized' for url 'https://api.tradier.com/v1/markets/quotes?symbols=UBER261009C00050000%2CUBER261009C00055000%2CUBER261009C00057000%2CUBER261009C00058000%2CUBER261009C00059000%2CUBER261009C00060000%2CUBER261009C00061000%2CUBER261009C00062000%2CUBER261009C00063000%2CUBER261009C00064000%2CUBER261009C00065000%2CUBER261009C00066000%2CUBER261009C00067000%2CUBER261009C00068000%2CUBER261009C00069000%2CUBER261009C00070000%2CUBER261009C00071000%2CUBER261009C00072000%2CUBER261009C00073000%2CUBER261009C00074000%2CUBER261009C00075000%2CUBER261009C00076000%2CUBER261009C00077000%2CUBER261009C00078000%2CUBER261009C00079000%2CUBER261009C00080000%2CUBER261009C00081000%2CUBER261009C00082000%2CUBER261009C00083000%2CUBER261009C00084000%2CUBER261009C00085000%2CUBER261009C00086000%2CUBER261009C00087000%2CUBER261009C00088000%2CUBER261009C00089000%2CUBER261009C00090000%2CUBER261009C00091000%2CUBER261009C00095000%2CUBER261009C00100000%2CUBER261009C00105000%2CUBER261009P00050000%2CUBER261009P00055000%2CUBER261009P00057000%2CUBER261009P00058000%2CUBER261009P00059000%2CUBER261009P00060000%2CUBER261009P00061000%2CUBER261009P00062000%2CUBER261009P00063000%2CUBER261009P00064000&greeks=true'
For more information check: https://developer.mozilla.org/en-US/docs/Web/HTTP/Status/401
2026-10-06T12:26:54 | WARNING  | app.scanning.alpaca_confirmer | AlpacaConfirmer: cannot fetch chain for MARA 2026-10-09: Client error '401 Unauthorized' for url 'https://api.tradier.com/v1/markets/quotes?symbols=MARA261009C00004000%2CMARA261009C00005000%2CMARA261009C00006000%2CMARA261009C00006500%2CMARA261009C00007000%2CMARA261009C00007500%2CMARA261009C00008000%2CMARA261009C00008500%2CMARA261009C00009000%2CMARA261009C00009500%2CMARA261009C00010000%2CMARA261009C00010500%2CMARA261009C00011000%2CMARA261009C00011500%2CMARA261009C00012000%2CMARA261009C00012500%2CMARA261009C00013000%2CMARA261009C00013500%2CMARA261009C00014000%2CMARA261009C00014500%2CMARA261009C00015000%2CMARA261009C00015500%2CMARA261009C00016000%2CMARA261009C00016500%2CMARA261009C00017000%2CMARA261009C00017500%2CMARA261009C00018000%2CMARA261009C00019000%2CMARA261009C00020000%2CMARA261009C00021000%2CMARA261009C00022000%2CMARA261009C00023000%2CMARA261009P00004000%2CMARA261009P00005000%2CMARA261009P00006000%2CMARA261009P00006500%2CMARA261009P00007000%2CMARA261009P00007500%2CMARA261009P00008000%2CMARA261009P00008500%2CMARA261009P00009000%2CMARA261009P00009500%2CMARA261009P00010000%2CMARA261009P00010500%2CMARA261009P00011000%2CMARA261009P00011500%2CMARA261009P00012000%2CMARA261009P00012500%2CMARA261009P00013000%2CMARA261009P00013500&greeks=true'
For more information check: https://developer.mozilla.org/en-US/docs/Web/HTTP/Status/401
2026-10-06T12:26:54 | WARNING  | app.scanning.alpaca_confirmer | AlpacaConfirmer: cannot fetch chain for AVGO 2026-10-09: Client error '401 Unauthorized' for url 'https://api.tradier.com/v1/markets/quotes?symbols=AVGO261009C00210000%2CAVGO261009C00215000%2CAVGO261009C00220000%2CAVGO261009C00225000%2CAVGO261009C00230000%2CAVGO261009C00235000%2CAVGO261009C00240000%2CAVGO261009C00245000%2CAVGO261009C00250000%2CAVGO261009C00255000%2CAVGO261009C00260000%2CAVGO261009C00265000%2CAVGO261009C00270000%2CAVGO261009C00275000%2CAVGO261009C00280000%2CAVGO261009C00285000%2CAVGO261009C00290000%2CAVGO261009C00295000%2CAVGO261009C00300000%2CAVGO261009C00305000%2CAVGO261009C00310000%2CAVGO261009C00315000%2CAVGO261009C00317500%2CAVGO261009C00320000%2CAVGO261009C00322500%2CAVGO261009C00325000%2CAVGO261009C00327500%2CAVGO261009C00330000%2CAVGO261009C00332500%2CAVGO261009C00335000%2CAVGO261009C00337500%2CAVGO261009C00340000%2CAVGO261009C00342500%2CAVGO261009C00345000%2CAVGO261009C00347500%2CAVGO261009C00350000%2CAVGO261009C00352500%2CAVGO261009C00355000%2CAVGO261009C00357500%2CAVGO261009C00360000%2CAVGO261009C00362500%2CAVGO261009C00365000%2CAVGO261009C00367500%2CAVGO261009C00370000%2CAVGO261009C00372500%2CAVGO261009C00375000%2CAVGO261009C00377500%2CAVGO261009C00380000%2CAVGO261009C00382500%2CAVGO261009C00385000&greeks=true'
For more information check: https://developer.mozilla.org/en-US/docs/Web/HTTP/Status/401
2026-10-06T12:26:54 | WARNING  | app.scanning.alpaca_confirmer | AlpacaConfirmer: cannot fetch chain for GOOGL 2026-10-09: Client error '401 Unauthorized' for url 'https://api.tradier.com/v1/markets/quotes?symbols=GOOGL261009C00100000%2CGOOGL261009C00105000%2CGOOGL261009C00110000%2CGOOGL261009C00115000%2CGOOGL261009C00120000%2CGOOGL261009C00125000%2CGOOGL261009C00130000%2CGOOGL261009C00135000%2CGOOGL261009C00140000%2CGOOGL261009C00145000%2CGOOGL261009C00150000%2CGOOGL261009C00155000%2CGOOGL261009C00160000%2CGOOGL261009C00165000%2CGOOGL261009C00170000%2CGOOGL261009C00175000%2CGOOGL261009C00180000%2CGOOGL261009C00185000%2CGOOGL261009C00190000%2CGOOGL261009C00195000%2CGOOGL261009C00200000%2CGOOGL261009C00205000%2CGOOGL261009C00210000%2CGOOGL261009C00215000%2CGOOGL261009C00220000%2CGOOGL261009C00225000%2CGOOGL261009C00230000%2CGOOGL261009C00235000%2CGOOGL261009C00240000%2CGOOGL261009C00245000%2CGOOGL261009C00250000%2CGOOGL261009C00255000%2CGOOGL261009C00260000%2CGOOGL261009C00265000%2CGOOGL261009C00270000%2CGOOGL261009C00275000%2CGOOGL261009C00280000%2CGOOGL261009C00285000%2CGOOGL261009C00290000%2CGOOGL261009C00295000%2CGOOGL261009C00300000%2CGOOGL261009C00305000%2CGOOGL261009C00307500%2CGOOGL261009C00310000%2CGOOGL261009C00312500%2CGOOGL261009C00315000%2CGOOGL261009C00317500%2CGOOGL261009C00320000%2CGOOGL261009C00322500%2CGOOGL261009C00325000&greeks=true'
For more information check: https://developer.mozilla.org/en-US/docs/Web/HTTP/Status/401
2026-10-06T12:26:54 | WARNING  | app.scanning.alpaca_confirmer | AlpacaConfirmer: cannot fetch chain for LYFT 2026-10-09: Client error '401 Unauthorized' for url 'https://api.tradier.com/v1/markets/quotes?symbols=LYFT261009C00005000%2CLYFT261009C00008000%2CLYFT261009C00009000%2CLYFT261009C00010000%2CLYFT261009C00010500%2CLYFT261009C00011000%2CLYFT261009C00011500%2CLYFT261009C00012000%2CLYFT261009C00012500%2CLYFT261009C00013000%2CLYFT261009C00013500%2CLYFT261009C00014000%2CLYFT261009C00014500%2CLYFT261009C00015000%2CLYFT261009C00015500%2CLYFT261009C00016000%2CLYFT261009C00016500%2CLYFT261009C00017000%2CLYFT261009C00017500%2CLYFT261009C00018000%2CLYFT261009C00018500%2CLYFT261009C00019000%2CLYFT261009C00019500%2CLYFT261009C00020000%2CLYFT261009C00020500%2CLYFT261009C00021000%2CLYFT261009C00021500%2CLYFT261009C00022000%2CLYFT261009C00022500%2CLYFT261009C00023000%2CLYFT261009C00024000%2CLYFT261009C00025000%2CLYFT261009P00005000%2CLYFT261009P00008000%2CLYFT261009P00009000%2CLYFT261009P00010000%2CLYFT261009P00010500%2CLYFT261009P00011000%2CLYFT261009P00011500%2CLYFT261009P00012000%2CLYFT261009P00012500%2CLYFT261009P00013000%2CLYFT261009P00013500%2CLYFT261009P00014000%2CLYFT261009P00014500%2CLYFT261009P00015000%2CLYFT261009P00015500%2CLYFT261009P00016000%2CLYFT261009P00016500%2CLYFT261009P00017000&greeks=true'
For more information check: https://developer.mozilla.org/en-US/docs/Web/HTTP/Status/401
2026-10-06T12:26:54 | WARNING  | app.scanning.alpaca_confirmer | AlpacaConfirmer: cannot fetch chain for AMD 2026-10-09: Client error '401 Unauthorized' for url 'https://api.tradier.com/v1/markets/quotes?symbols=AMD261009C00040000%2CAMD261009C00045000%2CAMD261009C00050000%2CAMD261009C00055000%2CAMD261009C00060000%2CAMD261009C00065000%2CAMD261009C00070000%2CAMD261009C00075000%2CAMD261009C00080000%2CAMD261009C00085000%2CAMD261009C00090000%2CAMD261009C00095000%2CAMD261009C00100000%2CAMD261009C00105000%2CAMD261009C00110000%2CAMD261009C00115000%2CAMD261009C00120000%2CAMD261009C00125000%2CAMD261009C00130000%2CAMD261009C00135000%2CAMD261009C00140000%2CAMD261009C00145000%2CAMD261009C00150000%2CAMD261009C00155000%2CAMD261009C00160000%2CAMD261009C00165000%2CAMD261009C00170000%2CAMD261009C00175000%2CAMD261009C00180000%2CAMD261009C00185000%2CAMD261009C00190000%2CAMD261009C00195000%2CAMD261009C00200000%2CAMD261009C00205000%2CAMD261009C00210000%2CAMD261009C00215000%2CAMD261009C00220000%2CAMD261009C00225000%2CAMD261009C00230000%2CAMD261009C00235000%2CAMD261009C00240000%2CAMD261009C00245000%2CAMD261009C00250000%2CAMD261009C00255000%2CAMD261009C00260000%2CAMD261009C00265000%2CAMD261009C00270000%2CAMD261009C00275000%2CAMD261009C00280000%2CAMD261009C00285000&greeks=true'
For more information check: https://developer.mozilla.org/en-US/docs/Web/HTTP/Status/401
2026-10-06T12:26:54 | INFO     | session_runner | AlpacaConfirmer: 0 confirmed symbols: []
2026-10-06T12:26:54 | WARNING  | session_runner | Re-scan returned no confirmed symbols — falling back to ['SPY']
2026-10-06T12:26:54 | INFO     | session_runner | Broad-market regime | SPY=neutral
2026-10-06T12:26:55 | INFO     | session_runner | [bridge:SPY] rsi_trend ready: sufficient bars
2026-10-06T12:26:55 | INFO     | session_runner | Stale signal: SPY/orb age=157 min > max 10 min — skipped
2026-10-06T12:26:55 | INFO     | session_runner | Stale signal: SPY/vwap_reclaim age=102 min > max 10 min — skipped
2026-10-06T12:26:55 | INFO     | session_runner | Stale signal: SPY/vwap_reclaim age=162 min > max 10 min — skipped
2026-10-06T12:27:25 | INFO     | session_runner | [cycle 342] 12:27:25 ET | positions=0 | entries=0
2026-10-06T12:27:25 | INFO     | session_runner | [bridge:SPY] rsi_trend ready: sufficient bars
2026-10-06T12:27:25 | INFO     | session_runner | Stale signal: SPY/orb age=157 min > max 10 min — skipped
2026-10-06T12:27:25 | INFO     | session_runner | Stale signal: SPY/vwap_reclaim age=102 min > max 10 min — skipped
2026-10-06T12:27:25 | INFO     | session_runner | Stale signal: SPY/vwap_reclaim age=162 min > max 10 min — skipped
2026-10-06T12:27:55 | INFO     | session_runner | [cycle 343] 12:27:55 ET | positions=0 | entries=0
2026-10-06T12:27:56 | INFO     | session_runner | [bridge:SPY] rsi_trend ready: sufficient bars
2026-10-06T12:27:56 | INFO     | session_runner | Stale signal: SPY/orb age=158 min > max 10 min — skipped
2026-10-06T12:27:56 | INFO     | session_runner | Stale signal: SPY/vwap_reclaim age=103 min > max 10 min — skipped
2026-10-06T12:27:56 | INFO     | session_runner | Stale signal: SPY/vwap_reclaim age=163 min > max 10 min — skipped
2026-10-06T12:28:26 | INFO     | session_runner | [cycle 344] 12:28:26 ET | positions=0 | entries=0
2026-10-06T12:28:26 | INFO     | session_runner | [bridge:SPY] rsi_trend ready: sufficient bars
2026-10-06T12:28:26 | INFO     | session_runner | Stale signal: SPY/orb age=158 min > max 10 min — skipped
2026-10-06T12:28:26 | INFO     | session_runner | Stale signal: SPY/vwap_reclaim age=103 min > max 10 min — skipped
2026-10-06T12:28:26 | INFO     | session_runner | Stale signal: SPY/vwap_reclaim age=163 min > max 10 min — skipped
2026-10-06T12:28:56 | INFO     | session_runner | [cycle 345] 12:28:56 ET | positions=0 | entries=0
2026-10-06T12:28:57 | INFO     | session_runner | [bridge:SPY] rsi_trend ready: sufficient bars
2026-10-06T12:28:57 | INFO     | session_runner | Stale signal: SPY/orb age=159 min > max 10 min — skipped
2026-10-06T12:28:57 | INFO     | session_runner | Stale signal: SPY/vwap_reclaim age=104 min > max 10 min — skipped
2026-10-06T12:28:57 | INFO     | session_runner | Stale signal: SPY/vwap_reclaim age=164 min > max 10 min — skipped
2026-10-06T12:29:27 | INFO     | session_runner | [cycle 346] 12:29:27 ET | positions=0 | entries=0
2026-10-06T12:29:27 | INFO     | session_runner | [bridge:SPY] rsi_trend ready: sufficient bars
2026-10-06T12:29:27 | INFO     | session_runner | Stale signal: SPY/orb age=159 min > max 10 min — skipped
2026-10-06T12:29:27 | INFO     | session_runner | Stale signal: SPY/vwap_reclaim age=104 min > max 10 min — skipped
2026-10-06T12:29:27 | INFO     | session_runner | Stale signal: SPY/vwap_reclaim age=164 min > max 10 min — skipped
2026-10-06T12:29:57 | INFO     | session_runner | [cycle 347] 12:29:57 ET | positions=0 | entries=0
2026-10-06T12:29:58 | INFO     | session_runner | [bridge:SPY] rsi_trend ready: sufficient bars
2026-10-06T12:29:58 | INFO     | session_runner | Stale signal: SPY/orb age=160 min > max 10 min — skipped
2026-10-06T12:29:58 | INFO     | session_runner | Stale signal: SPY/vwap_reclaim age=105 min > max 10 min — skipped
2026-10-06T12:29:58 | INFO     | session_runner | Stale signal: SPY/vwap_reclaim age=165 min > max 10 min — skipped
2026-10-06T12:30:28 | INFO     | session_runner | [cycle 348] 12:30:28 ET | positions=0 | entries=0
2026-10-06T12:30:28 | WARNING  | session_runner | EOD time reached — cancelling pending orders and liquidating all positions
2026-10-06T12:30:28 | INFO     | session_runner | EOD complete — exiting session loop
2026-10-06T12:30:28 | INFO     | session_runner | Shutdown: 0 position(s) open, 0 order(s) pending
2026-10-06T12:30:28 | INFO     | session_runner | Health report: {"session_date": "2026-10-06", "generated_at": "2026-10-06T12:30:28.230703-04:00", "api_errors": 0, "data_feed_errors": 0, "reconciliation_warnings": [], "trades": {"total_closed": 0, "wins": 0, "losses": 0, "breakevens": 0, "missing_pnl": 0, "win_rate": 0.0, "still_open": 0, "rejected": 0, "cancelled": 0}, "realized_pnl": 0, "pnl_complete": true, "unrealized_pnl": 0, "avg_win": 0.0, "avg_loss": 0.0, "max_drawdown": 0.0, "orders": {"submitted": 0, "filled": 0, "partial_fills": 0, "cancelled": 0, "stale_cancels": 0, "rejected": 0, "status_breakdown": {}}, "by_strategy": {}}
2026-10-06T12:30:28 | INFO     | session_runner | Health report written to logs/session_2026-10-06.json
2026-10-06T12:30:28 | INFO     | app.evaluation.orb_forward_performance | ORB forward performance: updated 9/9 rows for 2026-10-06
2026-10-06T12:30:28 | INFO     | app.evaluation.post_session | Post-session: ORB forward performance: 9 rows updated
2026-10-06T12:30:29 | INFO     | app.evaluation.post_session | Post-session: evaluation report saved → evaluation/reports/2026-10-06.json
2026-10-06T12:30:29 | INFO     | app.evaluation.post_session | Post-session: using separate scaled-sizing ledger evaluation/ledger.options_tradier.guardrails_v3_tradier_options_2026_09_08.paper_scaled_250_cap_10.guardrails_v3_shadow_validation.json
2026-10-06T12:30:29 | INFO     | app.evaluation.ledger | Evaluation ledger saved to evaluation/ledger.options_tradier.guardrails_v3_tradier_options_2026_09_08.paper_scaled_250_cap_10.guardrails_v3_shadow_validation.json (18 session(s))
2026-10-06T12:30:29 | INFO     | app.evaluation.post_session | Post-session complete | date=2026-10-06 | cancelled=0 | report=evaluation/reports/2026-10-06.json | ledger=True
2026-10-06T12:30:29 | INFO     | session_runner | Post-session evaluation | report=evaluation/reports/2026-10-06.json | ledger_updated=True | errors=none
2026-10-06T12:30:29 | INFO     | session_runner | Session complete | cycles=348 | entry_orders_placed=0 | pnl=0.00

  Session complete — 348 cycles | 0 entry order(s) | P&L $0.00

