2026-08-21T09:30:04 | INFO     | root | Logging configured | level=INFO | dir=logs | handlers=6 | session_redirected=True
2026-08-21T09:30:07 | INFO     | app.brokers.factory | Creating broker adapter | broker=alpaca | live=False
2026-08-21T09:30:07 | INFO     | app.brokers.alpaca_broker | AlpacaBroker initialised | paper=True | trade_url=https://paper-api.alpaca.markets | data_url=https://data.alpaca.markets
2026-08-21T09:30:07 | INFO     | app.utils.alerting | AlertService: No channels configured — alerts suppressed
2026-08-21T09:30:08 | INFO     | session_runner | RSITrendStrategy config | rsi_period=14 | rsi_oversold=35.0 | rsi_overbought=65.0 | trend_ema_period=50 | min_bars_required=55 | bar_interval=5m | mode=standard
2026-08-21T09:30:08 | INFO     | session_runner | Session runner starting | mode=PAPER | symbols=['SPY'] | universe=manual | poll=30s

════════════════════════════════════════════════════════════
  Session Runner — 2026-08-21  [PAPER]
  Market: 09:30 – 16:00 ET
  EOD exit: 12:30 ET  |  Poll: every 30s
════════════════════════════════════════════════════════════

2026-08-21T09:30:08 | INFO     | app.evaluation.pre_session | pre_session [PASS] paper_mode_confirmed: Live trading disabled — paper mode confirmed
2026-08-21T09:30:08 | INFO     | app.evaluation.pre_session | pre_session [PASS] kill_switch_inactive: Kill switch inactive
2026-08-21T09:30:08 | INFO     | app.evaluation.pre_session | pre_session [PASS] market_day: Today is Friday 2026-08-21 — trading day
2026-08-21T09:30:08 | INFO     | app.evaluation.pre_session | pre_session [PASS] broker_reachable: Broker reachable — paper=True
2026-08-21T09:30:08 | INFO     | app.evaluation.pre_session | pre_session [PASS] db_writable: Database accessible and writable
2026-08-21T09:30:08 | INFO     | app.evaluation.pre_session | pre_session [PASS] logs_writable: Log directory writable: logs
2026-08-21T09:30:08 | INFO     | app.evaluation.pre_session | pre_session [PASS] daily_loss_reset: Daily PnL at zero — fresh session
2026-08-21T09:30:08 | INFO     | app.evaluation.pre_session | pre_session [PASS] no_stale_pending_orders: No stale pending orders from prior sessions
2026-08-21T09:30:08 | INFO     | app.evaluation.pre_session | pre_session [PASS] data_feed_fresh: No prior session log today — first run of the day
Pre-session checklist:
  ✓  [required]  paper_mode_confirmed            Live trading disabled — paper mode confirmed
  ✓  [required]  kill_switch_inactive            Kill switch inactive
  ✓  [advisory]  market_day                      Today is Friday 2026-08-21 — trading day
  ✓  [required]  broker_reachable                Broker reachable — paper=True
  ✓  [required]  db_writable                     Database accessible and writable
  ✓  [required]  logs_writable                   Log directory writable: logs
  ✓  [required]  daily_loss_reset                Daily PnL at zero — fresh session
  ✓  [required]  no_stale_pending_orders         No stale pending orders from prior sessions
  ✓  [advisory]  data_feed_fresh                 No prior session log today — first run of the day

  Result: PASS
2026-08-21T09:30:08 | INFO     | session_runner | Pre-session checklist results:
Pre-session checklist:
  ✓  [required]  paper_mode_confirmed            Live trading disabled — paper mode confirmed
  ✓  [required]  kill_switch_inactive            Kill switch inactive
  ✓  [advisory]  market_day                      Today is Friday 2026-08-21 — trading day
  ✓  [required]  broker_reachable                Broker reachable — paper=True
  ✓  [required]  db_writable                     Database accessible and writable
  ✓  [required]  logs_writable                   Log directory writable: logs
  ✓  [required]  daily_loss_reset                Daily PnL at zero — fresh session
  ✓  [required]  no_stale_pending_orders         No stale pending orders from prior sessions
  ✓  [advisory]  data_feed_fresh                 No prior session log today — first run of the day

  Result: PASS
2026-08-21T09:30:08 | INFO     | session_runner | Pre-session checks PASSED — proceeding
2026-08-21T09:30:08 | INFO     | app.risk.risk_manager | RiskManager: new session 2026-08-21 | starting_equity=98806.60
2026-08-21T09:30:08 | INFO     | session_runner | Account: equity=98806.60 paper=True
2026-08-21T09:30:08 | INFO     | session_runner | Paper endpoint verified | hostname=paper-api.alpaca.markets key_prefix=PK
2026-08-21T09:30:08 | INFO     | app.trading.session_recovery | Recovery: _pending_entries set to 0 (broker-confirmed open orders; DB had 0 rows)
2026-08-21T09:30:08 | INFO     | app.risk.risk_manager | RiskManager: counters restored from DB | entries 0→0 | pending 0→0 | losses=0 | pnl 0.00
2026-08-21T09:30:08 | INFO     | app.trading.session_recovery | Recovery complete: 0 pending orders, 0 broker positions, 0 warnings, 0 errors
2026-08-21T09:30:08 | INFO     | session_runner | Running pre-session universe scan (mode=manual) …
2026-08-21T09:30:08 | INFO     | app.scanning.universe_loader | UniverseLoader: loaded 5 groups (13 flat symbols) from /root/trader/config/ticker_universe.yaml (blacklist=0)
2026-08-21T09:30:08 | INFO     | app.scanning.universe_loader | UniverseLoader: 10 symbols from 2 group(s) (blacklist=0)
2026-08-21T09:30:08 | INFO     | session_runner | Universe scan: 10 symbols from 2 group(s) | max_active=3
2026-08-21T09:30:10 | WARNING  | app.scanning.yfinance_scanner | YFinanceScanner: SPY intraday data stale (age=3908s, threshold=1200s)
2026-08-21T09:30:10 | WARNING  | app.scanning.yfinance_scanner | YFinanceScanner: IWM intraday data stale (age=3008s, threshold=1200s)
2026-08-21T09:30:10 | WARNING  | app.scanning.yfinance_scanner | YFinanceScanner: DIA intraday data stale (age=3608s, threshold=1200s)
2026-08-21T09:30:10 | WARNING  | app.scanning.yfinance_scanner | YFinanceScanner: no intraday bars for XLF today — falling back to previous_close=56.94
2026-08-21T09:30:10 | WARNING  | app.scanning.yfinance_scanner | YFinanceScanner: XLF intraday data stale (age=no bars, threshold=1200s)
2026-08-21T09:30:10 | WARNING  | app.scanning.yfinance_scanner | YFinanceScanner: no intraday bars for XLK today — falling back to previous_close=183.12
2026-08-21T09:30:10 | WARNING  | app.scanning.yfinance_scanner | YFinanceScanner: XLK intraday data stale (age=no bars, threshold=1200s)
2026-08-21T09:30:11 | WARNING  | app.scanning.yfinance_scanner | YFinanceScanner: no intraday bars for XLE today — falling back to previous_close=63.76
2026-08-21T09:30:11 | WARNING  | app.scanning.yfinance_scanner | YFinanceScanner: XLE intraday data stale (age=no bars, threshold=1200s)
2026-08-21T09:30:11 | WARNING  | app.scanning.yfinance_scanner | YFinanceScanner: SMH intraday data stale (age=2708s, threshold=1200s)
2026-08-21T09:30:11 | WARNING  | app.scanning.yfinance_scanner | YFinanceScanner: no intraday bars for XLY today — falling back to previous_close=116.67
2026-08-21T09:30:11 | WARNING  | app.scanning.yfinance_scanner | YFinanceScanner: XLY intraday data stale (age=no bars, threshold=1200s)
2026-08-21T09:30:11 | WARNING  | app.scanning.yfinance_scanner | YFinanceScanner: AAPL intraday data stale (age=1508s, threshold=1200s)
2026-08-21T09:30:11 | INFO     | session_runner | Scan: 1 passed, 9 rejected
2026-08-21T09:30:11 | INFO     | session_runner |   QQQ     score=43.0  signal=SHORT    reasons: atr=1.41% (good range), near_orb_level, trend_sideways
2026-08-21T09:30:11 | INFO     | session_runner |   XLY     score=48.0  signal=LONG     REJECTED: data_fetch_error, scanner_data_stale, low_volume_chop, insufficient_underlying_volume
2026-08-21T09:30:11 | INFO     | session_runner |   SPY     score=41.0  signal=LONG     REJECTED: scanner_data_stale, low_volume_chop
2026-08-21T09:30:11 | INFO     | session_runner |   IWM     score=41.0  signal=LONG     REJECTED: scanner_data_stale, low_volume_chop
2026-08-21T09:30:11 | INFO     | session_runner |   XLK     score=40.0  signal=NEUTRAL  REJECTED: data_fetch_error, scanner_data_stale, low_volume_chop, insufficient_underlying_volume
2026-08-21T09:30:12 | INFO     | app.strategies.liquidity_filter | LiquidityFilter: selected QQQ260821P00705000 | delta=N/A | spread_pct=0.039 | OI=28556 | vol=39557
2026-08-21T09:30:12 | INFO     | app.scanning.alpaca_confirmer | AlpacaConfirmer: confirmed QQQ | QQQ260821P00705000 | exp=2026-08-21 | spread=3.92% | OI=28556 | vol=39557
2026-08-21T09:30:12 | INFO     | session_runner | AlpacaConfirmer: 1 confirmed symbols: ['QQQ']
2026-08-21T09:30:12 | INFO     | session_runner | Active symbols from scan: ['QQQ']
2026-08-21T09:30:12 | INFO     | session_runner | [cycle 1] 09:30:12 ET | positions=0 | entries=0
2026-08-21T09:30:12 | INFO     | app.trading.reconciler | Reconciliation done: broker_pos=0 local_pos=0 broker_orders=0 local_pending=0 repaired=0 flagged=0 orders_confirmed=True positions_confirmed=True
2026-08-21T09:30:12 | INFO     | session_runner | Broad-market regime | SPY=long
2026-08-21T09:30:13 | INFO     | session_runner | [bridge:QQQ] rsi_trend ready: sufficient bars
2026-08-21T09:30:13 | INFO     | session_runner | Signal quality blocked | QQQ/vwap_reclaim score=1.0 < 3.0
2026-08-21T09:30:13 | INFO     | app.strategies.liquidity_filter | LiquidityFilter: selected QQQ260821P00700000 | delta=N/A | spread_pct=0.087 | OI=69545 | vol=68674
2026-08-21T09:30:13 | INFO     | app.evaluation.shadow_book | ShadowBook: simulating vwap_reclaim/baseline QQQ260821P00700000 @ 0.1200 (blocked: signal_quality_below_min, fill-validated at entry)
2026-08-21T09:30:14 | INFO     | app.strategies.liquidity_filter | LiquidityFilter: selected QQQ260821C00722000 | delta=N/A | spread_pct=0.049 | OI=3589 | vol=8896
2026-08-21T09:30:14 | INFO     | app.evaluation.shadow_book | ShadowBook: simulating vwap_reclaim/inverted QQQ260821C00722000 @ 0.2100 (blocked: inverted_direction_counterfactual, fill-validated at entry)
2026-08-21T09:30:44 | INFO     | session_runner | [cycle 2] 09:30:44 ET | positions=0 | entries=0
2026-08-21T09:30:44 | INFO     | app.evaluation.shadow_book | ShadowBook: closed vwap_reclaim QQQ260821P00700000 @ 0.0600 → -6.00 (stop_loss, fill-validated)
2026-08-21T09:30:45 | INFO     | session_runner | [bridge:QQQ] rsi_trend ready: sufficient bars
2026-08-21T09:30:45 | INFO     | session_runner | Signal quality blocked | QQQ/vwap_reclaim score=1.0 < 3.0
2026-08-21T09:30:46 | INFO     | app.strategies.liquidity_filter | LiquidityFilter: selected QQQ260821P00700000 | delta=N/A | spread_pct=0.095 | OI=69545 | vol=68674
2026-08-21T09:31:16 | INFO     | session_runner | [cycle 3] 09:31:16 ET | positions=0 | entries=0
2026-08-21T09:31:16 | INFO     | app.evaluation.shadow_book | ShadowBook: closed vwap_reclaim QQQ260821C00722000 @ 0.1200 → -9.00 (trailing_stop, fill-validated)
2026-08-21T09:31:16 | INFO     | session_runner | [bridge:QQQ] rsi_trend ready: sufficient bars
2026-08-21T09:31:16 | INFO     | session_runner | Signal quality blocked | QQQ/vwap_reclaim score=1.0 < 3.0
2026-08-21T09:31:17 | INFO     | app.strategies.liquidity_filter | LiquidityFilter: selected QQQ260821P00700000 | delta=N/A | spread_pct=0.095 | OI=69545 | vol=68674
2026-08-21T09:31:47 | INFO     | session_runner | [cycle 4] 09:31:47 ET | positions=0 | entries=0
2026-08-21T09:31:48 | INFO     | session_runner | [bridge:QQQ] rsi_trend ready: sufficient bars
2026-08-21T09:31:48 | INFO     | session_runner | Signal quality blocked | QQQ/vwap_reclaim score=1.0 < 3.0
2026-08-21T09:31:48 | INFO     | app.strategies.liquidity_filter | LiquidityFilter: selected QQQ260821P00702000 | delta=N/A | spread_pct=0.074 | OI=2181 | vol=7791
2026-08-21T09:32:18 | INFO     | session_runner | [cycle 5] 09:32:18 ET | positions=0 | entries=0
2026-08-21T09:32:19 | INFO     | session_runner | [bridge:QQQ] rsi_trend ready: sufficient bars
2026-08-21T09:32:19 | INFO     | session_runner | Signal quality blocked | QQQ/vwap_reclaim score=1.0 < 3.0
2026-08-21T09:32:19 | INFO     | app.strategies.liquidity_filter | LiquidityFilter: selected QQQ260821P00702000 | delta=N/A | spread_pct=0.065 | OI=2181 | vol=7791
2026-08-21T09:32:49 | INFO     | session_runner | [cycle 6] 09:32:49 ET | positions=0 | entries=0
2026-08-21T09:32:49 | INFO     | session_runner | [bridge:QQQ] rsi_trend ready: sufficient bars
2026-08-21T09:32:49 | INFO     | session_runner | Signal quality blocked | QQQ/vwap_reclaim score=1.0 < 3.0
2026-08-21T09:32:50 | INFO     | app.strategies.liquidity_filter | LiquidityFilter: selected QQQ260821P00701000 | delta=N/A | spread_pct=0.074 | OI=1929 | vol=5890
2026-08-21T09:33:20 | INFO     | session_runner | [cycle 7] 09:33:20 ET | positions=0 | entries=0
2026-08-21T09:33:20 | INFO     | session_runner | [bridge:QQQ] rsi_trend ready: sufficient bars
2026-08-21T09:33:20 | INFO     | session_runner | Signal quality blocked | QQQ/vwap_reclaim score=1.0 < 3.0
2026-08-21T09:33:20 | INFO     | app.strategies.liquidity_filter | LiquidityFilter: selected QQQ260821P00704000 | delta=N/A | spread_pct=0.041 | OI=1737 | vol=10682
2026-08-21T09:33:50 | INFO     | session_runner | [cycle 8] 09:33:50 ET | positions=0 | entries=0
2026-08-21T09:33:51 | INFO     | session_runner | [bridge:QQQ] rsi_trend ready: sufficient bars
2026-08-21T09:33:51 | INFO     | session_runner | Signal quality blocked | QQQ/vwap_reclaim score=1.0 < 3.0
2026-08-21T09:33:51 | INFO     | app.strategies.liquidity_filter | LiquidityFilter: selected QQQ260821P00700000 | delta=N/A | spread_pct=0.087 | OI=69545 | vol=68674
2026-08-21T09:34:21 | INFO     | session_runner | [cycle 9] 09:34:21 ET | positions=0 | entries=0
2026-08-21T09:34:22 | INFO     | session_runner | [bridge:QQQ] rsi_trend ready: sufficient bars
2026-08-21T09:34:22 | INFO     | session_runner | Signal quality blocked | QQQ/vwap_reclaim score=1.0 < 3.0
2026-08-21T09:34:22 | INFO     | app.strategies.liquidity_filter | LiquidityFilter: selected QQQ260821P00702000 | delta=N/A | spread_pct=0.065 | OI=2181 | vol=7791
2026-08-21T09:34:52 | INFO     | session_runner | [cycle 10] 09:34:52 ET | positions=0 | entries=0
2026-08-21T09:34:53 | INFO     | session_runner | [bridge:QQQ] rsi_trend ready: sufficient bars
2026-08-21T09:34:53 | INFO     | session_runner | Signal quality blocked | QQQ/vwap_reclaim score=1.0 < 3.0
2026-08-21T09:34:53 | INFO     | app.strategies.liquidity_filter | LiquidityFilter: selected QQQ260821P00701000 | delta=N/A | spread_pct=0.080 | OI=1929 | vol=5890
2026-08-21T09:35:23 | INFO     | session_runner | [cycle 11] 09:35:23 ET | positions=0 | entries=0
2026-08-21T09:35:23 | INFO     | session_runner | Periodic universe re-scan …
2026-08-21T09:35:23 | INFO     | app.scanning.universe_loader | UniverseLoader: loaded 5 groups (13 flat symbols) from /root/trader/config/ticker_universe.yaml (blacklist=0)
2026-08-21T09:35:23 | INFO     | app.scanning.universe_loader | UniverseLoader: 10 symbols from 2 group(s) (blacklist=0)
2026-08-21T09:35:23 | INFO     | session_runner | Universe scan: 10 symbols from 2 group(s) | max_active=3
2026-08-21T09:35:35 | INFO     | session_runner | Scan: 7 passed, 3 rejected
2026-08-21T09:35:35 | INFO     | session_runner |   AAPL    score=75.0  signal=SHORT    reasons: rvol=2.49x (high), atr=2.26% (wide-range), near_orb_level
2026-08-21T09:35:35 | INFO     | session_runner |   IWM     score=66.0  signal=LONG     reasons: rvol=5.04x (high), atr=1.09% (good range), near_orb_level
2026-08-21T09:35:35 | INFO     | session_runner |   XLE     score=63.0  signal=LONG     reasons: rvol=3.66x (high), atr=1.66% (wide-range), near_orb_level
2026-08-21T09:35:35 | INFO     | session_runner |   QQQ     score=58.0  signal=SHORT    reasons: rvol=1.52x (elevated), atr=1.30% (good range), near_orb_level
2026-08-21T09:35:35 | INFO     | session_runner |   XLF     score=58.0  signal=NEUTRAL  reasons: rvol=4.51x (high), atr=1.01% (good range), near_orb_level
2026-08-21T09:35:35 | INFO     | app.strategies.liquidity_filter | LiquidityFilter: selected XLE260821C00064000 | delta=N/A | spread_pct=0.095 | OI=14865 | vol=3242
2026-08-21T09:35:35 | INFO     | app.scanning.alpaca_confirmer | AlpacaConfirmer: confirmed XLE | XLE260821C00064000 | exp=2026-08-21 | spread=9.52% | OI=14865 | vol=3242
2026-08-21T09:35:35 | INFO     | app.strategies.liquidity_filter | LiquidityFilter: selected AAPL260821P00302500 | delta=N/A | spread_pct=0.087 | OI=6862 | vol=4002
2026-08-21T09:35:35 | INFO     | app.scanning.alpaca_confirmer | AlpacaConfirmer: confirmed AAPL | AAPL260821P00302500 | exp=2026-08-21 | spread=8.70% | OI=6862 | vol=4002
2026-08-21T09:35:36 | INFO     | app.strategies.liquidity_filter | LiquidityFilter: selected IWM260821C00301000 | delta=N/A | spread_pct=0.054 | OI=6531 | vol=7835
2026-08-21T09:35:36 | INFO     | app.scanning.alpaca_confirmer | AlpacaConfirmer: confirmed IWM | IWM260821C00301000 | exp=2026-08-21 | spread=5.41% | OI=6531 | vol=7835
2026-08-21T09:35:36 | INFO     | app.strategies.liquidity_filter | LiquidityFilter: no qualifying contracts for SMH SignalDirection.SHORT | total_candidates=204
2026-08-21T09:35:36 | INFO     | app.scanning.alpaca_confirmer | AlpacaConfirmer: liquidity_rejected_cost_cap | symbol=SMH | option_symbol=SMH260821P00610000 | ask=46.54 | ask_x_100=4654 | max_contract_cost=988
2026-08-21T09:35:36 | INFO     | app.scanning.alpaca_confirmer | AlpacaConfirmer: liquidity_rejected_cost_cap | symbol=SMH | option_symbol=SMH260821P00615000 | ask=51.99 | ask_x_100=5199 | max_contract_cost=988
2026-08-21T09:35:36 | INFO     | app.scanning.alpaca_confirmer | AlpacaConfirmer: liquidity_rejected_cost_cap | symbol=SMH | option_symbol=SMH260821P00620000 | ask=56.56 | ask_x_100=5656 | max_contract_cost=988
2026-08-21T09:35:36 | INFO     | app.scanning.alpaca_confirmer | AlpacaConfirmer: liquidity_rejected_cost_cap | symbol=SMH | option_symbol=SMH260821P00635000 | ask=70.83 | ask_x_100=7083 | max_contract_cost=988
2026-08-21T09:35:36 | INFO     | app.scanning.alpaca_confirmer | AlpacaConfirmer: liquidity_rejected_cost_cap | symbol=SMH | option_symbol=SMH260821P00655000 | ask=91.13 | ask_x_100=9113 | max_contract_cost=988
2026-08-21T09:35:36 | INFO     | app.scanning.alpaca_confirmer | AlpacaConfirmer: no liquid contract for SMH (signal=SHORT)
2026-08-21T09:35:36 | INFO     | app.strategies.liquidity_filter | LiquidityFilter: selected QQQ260821P00701000 | delta=N/A | spread_pct=0.065 | OI=1929 | vol=5890
2026-08-21T09:35:36 | INFO     | app.scanning.alpaca_confirmer | AlpacaConfirmer: confirmed QQQ | QQQ260821P00701000 | exp=2026-08-21 | spread=6.45% | OI=1929 | vol=5890
2026-08-21T09:35:36 | INFO     | session_runner | AlpacaConfirmer: 3 confirmed symbols: ['AAPL', 'IWM', 'XLE']
2026-08-21T09:35:36 | INFO     | session_runner | Re-scan updated active symbols: ['AAPL', 'IWM', 'XLE']
2026-08-21T09:35:39 | INFO     | session_runner | Broad-market regime | SPY=short
2026-08-21T09:35:39 | INFO     | session_runner | [bridge:AAPL] rsi_trend ready: sufficient bars
2026-08-21T09:35:39 | INFO     | session_runner | [bridge:IWM] rsi_trend ready: sufficient bars
2026-08-21T09:35:43 | INFO     | session_runner | [bridge:XLE] rsi_trend ready: sufficient bars
2026-08-21T09:36:13 | INFO     | session_runner | [cycle 12] 09:36:13 ET | positions=0 | entries=0
2026-08-21T09:36:13 | INFO     | session_runner | [bridge:AAPL] rsi_trend ready: sufficient bars
2026-08-21T09:36:13 | INFO     | session_runner | [bridge:IWM] rsi_trend ready: sufficient bars
2026-08-21T09:36:16 | INFO     | session_runner | [bridge:XLE] rsi_trend ready: sufficient bars
2026-08-21T09:36:46 | INFO     | session_runner | [cycle 13] 09:36:46 ET | positions=0 | entries=0
2026-08-21T09:36:47 | INFO     | session_runner | [bridge:AAPL] rsi_trend ready: sufficient bars
2026-08-21T09:36:47 | INFO     | session_runner | [bridge:IWM] rsi_trend ready: sufficient bars
2026-08-21T09:36:48 | INFO     | session_runner | [bridge:XLE] rsi_trend ready: sufficient bars
2026-08-21T09:37:18 | INFO     | session_runner | [cycle 14] 09:37:18 ET | positions=0 | entries=0
2026-08-21T09:37:18 | INFO     | session_runner | [bridge:AAPL] rsi_trend ready: sufficient bars
2026-08-21T09:37:19 | INFO     | session_runner | [bridge:IWM] rsi_trend ready: sufficient bars
2026-08-21T09:37:20 | INFO     | session_runner | [bridge:XLE] rsi_trend ready: sufficient bars
2026-08-21T09:37:50 | INFO     | session_runner | [cycle 15] 09:37:50 ET | positions=0 | entries=0
2026-08-21T09:37:50 | INFO     | session_runner | [bridge:AAPL] rsi_trend ready: sufficient bars
2026-08-21T09:37:50 | INFO     | session_runner | [bridge:IWM] rsi_trend ready: sufficient bars
2026-08-21T09:37:52 | INFO     | session_runner | [bridge:XLE] rsi_trend ready: sufficient bars
2026-08-21T09:38:22 | INFO     | session_runner | [cycle 16] 09:38:22 ET | positions=0 | entries=0
2026-08-21T09:38:22 | INFO     | session_runner | [bridge:AAPL] rsi_trend ready: sufficient bars
2026-08-21T09:38:22 | INFO     | session_runner | [bridge:IWM] rsi_trend ready: sufficient bars
2026-08-21T09:38:24 | INFO     | session_runner | [bridge:XLE] rsi_trend ready: sufficient bars
2026-08-21T09:38:54 | INFO     | session_runner | [cycle 17] 09:38:54 ET | positions=0 | entries=0
2026-08-21T09:38:54 | INFO     | session_runner | [bridge:AAPL] rsi_trend ready: sufficient bars
2026-08-21T09:38:54 | INFO     | session_runner | [bridge:IWM] rsi_trend ready: sufficient bars
2026-08-21T09:38:56 | INFO     | session_runner | [bridge:XLE] rsi_trend ready: sufficient bars
2026-08-21T09:39:26 | INFO     | session_runner | [cycle 18] 09:39:26 ET | positions=0 | entries=0
2026-08-21T09:39:26 | INFO     | session_runner | [bridge:AAPL] rsi_trend ready: sufficient bars
2026-08-21T09:39:26 | INFO     | session_runner | [bridge:IWM] rsi_trend ready: sufficient bars
2026-08-21T09:39:27 | INFO     | session_runner | [bridge:XLE] rsi_trend ready: sufficient bars
2026-08-21T09:39:58 | INFO     | session_runner | [cycle 19] 09:39:58 ET | positions=0 | entries=0
2026-08-21T09:39:58 | INFO     | session_runner | [bridge:AAPL] rsi_trend ready: sufficient bars
2026-08-21T09:39:58 | INFO     | session_runner | [bridge:IWM] rsi_trend ready: sufficient bars
2026-08-21T09:39:59 | INFO     | session_runner | [bridge:XLE] rsi_trend ready: sufficient bars
2026-08-21T09:40:29 | INFO     | session_runner | [cycle 20] 09:40:29 ET | positions=0 | entries=0
2026-08-21T09:40:29 | INFO     | app.trading.reconciler | Reconciliation done: broker_pos=0 local_pos=0 broker_orders=0 local_pending=0 repaired=0 flagged=0 orders_confirmed=True positions_confirmed=True
2026-08-21T09:40:29 | INFO     | session_runner | Periodic universe re-scan …
2026-08-21T09:40:29 | INFO     | app.scanning.universe_loader | UniverseLoader: loaded 5 groups (13 flat symbols) from /root/trader/config/ticker_universe.yaml (blacklist=0)
2026-08-21T09:40:29 | INFO     | app.scanning.universe_loader | UniverseLoader: 10 symbols from 2 group(s) (blacklist=0)
2026-08-21T09:40:29 | INFO     | session_runner | Universe scan: 10 symbols from 2 group(s) | max_active=3
2026-08-21T09:40:33 | INFO     | session_runner | Scan: 7 passed, 3 rejected
2026-08-21T09:40:33 | INFO     | session_runner |   AAPL    score=75.0  signal=SHORT    reasons: rvol=2.07x (high), atr=2.26% (wide-range), near_orb_level
2026-08-21T09:40:33 | INFO     | session_runner |   XLF     score=68.0  signal=LONG     reasons: rvol=3.23x (high), atr=1.00% (good range), near_orb_level
2026-08-21T09:40:33 | INFO     | session_runner |   IWM     score=66.0  signal=LONG     reasons: rvol=3.25x (high), atr=1.09% (good range), near_orb_level
2026-08-21T09:40:33 | INFO     | session_runner |   QQQ     score=58.0  signal=SHORT    reasons: rvol=1.56x (elevated), atr=1.30% (good range), near_orb_level
2026-08-21T09:40:33 | INFO     | session_runner |   SMH     score=55.0  signal=SHORT    reasons: rvol=1.05x (normal), atr=2.91% (wide-range), near_orb_level
2026-08-21T09:40:33 | INFO     | app.strategies.liquidity_filter | LiquidityFilter: selected AAPL260821P00305000 | delta=N/A | spread_pct=0.042 | OI=12615 | vol=14274
2026-08-21T09:40:33 | INFO     | app.scanning.alpaca_confirmer | AlpacaConfirmer: confirmed AAPL | AAPL260821P00305000 | exp=2026-08-21 | spread=4.17% | OI=12615 | vol=14274
2026-08-21T09:40:33 | INFO     | app.strategies.liquidity_filter | LiquidityFilter: selected IWM260821C00301000 | delta=N/A | spread_pct=0.054 | OI=6531 | vol=7835
2026-08-21T09:40:33 | INFO     | app.scanning.alpaca_confirmer | AlpacaConfirmer: confirmed IWM | IWM260821C00301000 | exp=2026-08-21 | spread=5.41% | OI=6531 | vol=7835
2026-08-21T09:40:33 | INFO     | app.strategies.liquidity_filter | LiquidityFilter: no qualifying contracts for XLF SignalDirection.LONG | total_candidates=51
2026-08-21T09:40:33 | INFO     | app.scanning.alpaca_confirmer | AlpacaConfirmer: no liquid contract for XLF (signal=LONG)
2026-08-21T09:40:33 | INFO     | app.strategies.liquidity_filter | LiquidityFilter: selected QQQ260821P00703000 | delta=N/A | spread_pct=0.054 | OI=4865 | vol=10384
2026-08-21T09:40:33 | INFO     | app.scanning.alpaca_confirmer | AlpacaConfirmer: confirmed QQQ | QQQ260821P00703000 | exp=2026-08-21 | spread=5.41% | OI=4865 | vol=10384
2026-08-21T09:40:33 | INFO     | app.strategies.liquidity_filter | LiquidityFilter: no qualifying contracts for SMH SignalDirection.SHORT | total_candidates=204
2026-08-21T09:40:33 | INFO     | app.scanning.alpaca_confirmer | AlpacaConfirmer: liquidity_rejected_cost_cap | symbol=SMH | option_symbol=SMH260821P00615000 | ask=51.90 | ask_x_100=5190 | max_contract_cost=988
2026-08-21T09:40:33 | INFO     | app.scanning.alpaca_confirmer | AlpacaConfirmer: liquidity_rejected_cost_cap | symbol=SMH | option_symbol=SMH260821P00620000 | ask=56.70 | ask_x_100=5670 | max_contract_cost=988
2026-08-21T09:40:33 | INFO     | app.scanning.alpaca_confirmer | AlpacaConfirmer: liquidity_rejected_cost_cap | symbol=SMH | option_symbol=SMH260821P00635000 | ask=71.68 | ask_x_100=7168 | max_contract_cost=988
2026-08-21T09:40:33 | INFO     | app.scanning.alpaca_confirmer | AlpacaConfirmer: liquidity_rejected_cost_cap | symbol=SMH | option_symbol=SMH260821P00655000 | ask=91.55 | ask_x_100=9155 | max_contract_cost=988
2026-08-21T09:40:33 | INFO     | app.scanning.alpaca_confirmer | AlpacaConfirmer: no liquid contract for SMH (signal=SHORT)
2026-08-21T09:40:33 | INFO     | app.strategies.liquidity_filter | LiquidityFilter: selected SPY260821C00768000 | delta=N/A | spread_pct=0.030 | OI=5625 | vol=55709
2026-08-21T09:40:33 | INFO     | app.scanning.alpaca_confirmer | AlpacaConfirmer: confirmed SPY | SPY260821C00768000 | exp=2026-08-21 | spread=2.99% | OI=5625 | vol=55709
2026-08-21T09:40:33 | INFO     | session_runner | AlpacaConfirmer: 3 confirmed symbols: ['AAPL', 'IWM', 'QQQ']
2026-08-21T09:40:33 | INFO     | session_runner | Re-scan updated active symbols: ['AAPL', 'IWM', 'QQQ']
2026-08-21T09:40:34 | INFO     | session_runner | Broad-market regime | SPY=short
2026-08-21T09:40:34 | INFO     | session_runner | [bridge:AAPL] rsi_trend ready: sufficient bars
2026-08-21T09:40:34 | INFO     | session_runner | [bridge:IWM] rsi_trend ready: sufficient bars
2026-08-21T09:40:35 | INFO     | session_runner | [bridge:QQQ] rsi_trend ready: sufficient bars
2026-08-21T09:40:35 | INFO     | session_runner | Signal quality blocked | QQQ/vwap_reclaim score=1.0 < 3.0
2026-08-21T09:40:35 | INFO     | app.strategies.liquidity_filter | LiquidityFilter: selected QQQ260821P00701000 | delta=N/A | spread_pct=0.065 | OI=1929 | vol=5890
2026-08-21T09:41:05 | INFO     | session_runner | [cycle 21] 09:41:05 ET | positions=0 | entries=0
2026-08-21T09:41:06 | INFO     | session_runner | [bridge:AAPL] rsi_trend ready: sufficient bars
2026-08-21T09:41:06 | INFO     | session_runner | [bridge:IWM] rsi_trend ready: sufficient bars
2026-08-21T09:41:07 | INFO     | session_runner | [bridge:QQQ] rsi_trend ready: sufficient bars
2026-08-21T09:41:07 | INFO     | session_runner | Signal quality blocked | QQQ/vwap_reclaim score=1.0 < 3.0
2026-08-21T09:41:07 | INFO     | app.strategies.liquidity_filter | LiquidityFilter: selected QQQ260821P00700000 | delta=N/A | spread_pct=0.080 | OI=69545 | vol=68674
2026-08-21T09:41:37 | INFO     | session_runner | [cycle 22] 09:41:37 ET | positions=0 | entries=0
2026-08-21T09:41:38 | INFO     | session_runner | [bridge:AAPL] rsi_trend ready: sufficient bars
2026-08-21T09:41:38 | INFO     | session_runner | [bridge:IWM] rsi_trend ready: sufficient bars
2026-08-21T09:41:39 | INFO     | session_runner | [bridge:QQQ] rsi_trend ready: sufficient bars
2026-08-21T09:41:39 | INFO     | session_runner | Signal quality blocked | QQQ/vwap_reclaim score=1.0 < 3.0
2026-08-21T09:41:39 | INFO     | app.strategies.liquidity_filter | LiquidityFilter: selected QQQ260821P00700000 | delta=N/A | spread_pct=0.080 | OI=69545 | vol=68674
2026-08-21T09:42:09 | INFO     | session_runner | [cycle 23] 09:42:09 ET | positions=0 | entries=0
2026-08-21T09:42:09 | INFO     | session_runner | [bridge:AAPL] rsi_trend ready: sufficient bars
2026-08-21T09:42:10 | INFO     | session_runner | [bridge:IWM] rsi_trend ready: sufficient bars
2026-08-21T09:42:10 | INFO     | session_runner | [bridge:QQQ] rsi_trend ready: sufficient bars
2026-08-21T09:42:10 | INFO     | session_runner | Signal quality blocked | QQQ/vwap_reclaim score=1.0 < 3.0
2026-08-21T09:42:11 | INFO     | app.strategies.liquidity_filter | LiquidityFilter: selected QQQ260821P00700000 | delta=N/A | spread_pct=0.080 | OI=69545 | vol=68674
2026-08-21T09:42:41 | INFO     | session_runner | [cycle 24] 09:42:41 ET | positions=0 | entries=0
2026-08-21T09:42:41 | INFO     | session_runner | [bridge:AAPL] rsi_trend ready: sufficient bars
2026-08-21T09:42:41 | INFO     | session_runner | [bridge:IWM] rsi_trend ready: sufficient bars
2026-08-21T09:42:42 | INFO     | session_runner | [bridge:QQQ] rsi_trend ready: sufficient bars
2026-08-21T09:42:42 | INFO     | session_runner | Signal quality blocked | QQQ/vwap_reclaim score=1.0 < 3.0
2026-08-21T09:42:42 | INFO     | app.strategies.liquidity_filter | LiquidityFilter: selected QQQ260821P00701000 | delta=N/A | spread_pct=0.069 | OI=1929 | vol=5890
2026-08-21T09:43:12 | INFO     | session_runner | [cycle 25] 09:43:12 ET | positions=0 | entries=0
2026-08-21T09:43:13 | INFO     | session_runner | [bridge:AAPL] rsi_trend ready: sufficient bars
2026-08-21T09:43:13 | INFO     | session_runner | [bridge:IWM] rsi_trend ready: sufficient bars
2026-08-21T09:43:14 | INFO     | session_runner | [bridge:QQQ] rsi_trend ready: sufficient bars
2026-08-21T09:43:14 | INFO     | session_runner | Signal quality blocked | QQQ/vwap_reclaim score=1.0 < 3.0
2026-08-21T09:43:14 | INFO     | app.strategies.liquidity_filter | LiquidityFilter: selected QQQ260821P00701000 | delta=N/A | spread_pct=0.061 | OI=1929 | vol=5890
2026-08-21T09:43:44 | INFO     | session_runner | [cycle 26] 09:43:44 ET | positions=0 | entries=0
2026-08-21T09:43:45 | INFO     | session_runner | [bridge:AAPL] rsi_trend ready: sufficient bars
2026-08-21T09:43:45 | INFO     | session_runner | [bridge:IWM] rsi_trend ready: sufficient bars
2026-08-21T09:43:46 | INFO     | session_runner | [bridge:QQQ] rsi_trend ready: sufficient bars
2026-08-21T09:43:46 | INFO     | session_runner | Signal quality blocked | QQQ/vwap_reclaim score=1.0 < 3.0
2026-08-21T09:43:46 | INFO     | app.strategies.liquidity_filter | LiquidityFilter: selected QQQ260821P00698000 | delta=N/A | spread_pct=0.095 | OI=2558 | vol=5140
2026-08-21T09:44:16 | INFO     | session_runner | [cycle 27] 09:44:16 ET | positions=0 | entries=0
2026-08-21T09:44:17 | INFO     | session_runner | [bridge:AAPL] rsi_trend ready: sufficient bars
2026-08-21T09:44:17 | INFO     | session_runner | [bridge:IWM] rsi_trend ready: sufficient bars
2026-08-21T09:44:18 | INFO     | session_runner | [bridge:QQQ] rsi_trend ready: sufficient bars
2026-08-21T09:44:18 | INFO     | session_runner | Signal quality blocked | QQQ/vwap_reclaim score=1.0 < 3.0
2026-08-21T09:44:18 | INFO     | app.strategies.liquidity_filter | LiquidityFilter: selected QQQ260821P00699000 | delta=N/A | spread_pct=0.087 | OI=1776 | vol=3593
2026-08-21T09:44:48 | INFO     | session_runner | [cycle 28] 09:44:48 ET | positions=0 | entries=0
2026-08-21T09:44:48 | INFO     | session_runner | [bridge:AAPL] rsi_trend ready: sufficient bars
2026-08-21T09:44:49 | INFO     | session_runner | [bridge:IWM] rsi_trend ready: sufficient bars
2026-08-21T09:44:49 | INFO     | session_runner | [bridge:QQQ] rsi_trend ready: sufficient bars
2026-08-21T09:44:49 | INFO     | session_runner | Signal quality blocked | QQQ/vwap_reclaim score=1.0 < 3.0
2026-08-21T09:44:50 | INFO     | app.strategies.liquidity_filter | LiquidityFilter: selected QQQ260821P00699000 | delta=N/A | spread_pct=0.087 | OI=1776 | vol=3593
2026-08-21T09:45:20 | INFO     | session_runner | [cycle 29] 09:45:20 ET | positions=0 | entries=0
2026-08-21T09:45:20 | INFO     | session_runner | [bridge:AAPL] rsi_trend ready: sufficient bars
2026-08-21T09:45:21 | INFO     | session_runner | [bridge:IWM] rsi_trend ready: sufficient bars
2026-08-21T09:45:22 | INFO     | session_runner | [bridge:QQQ] rsi_trend ready: sufficient bars
2026-08-21T09:45:22 | INFO     | session_runner | Signal quality blocked | QQQ/vwap_reclaim score=1.0 < 3.0
2026-08-21T09:45:23 | INFO     | app.strategies.liquidity_filter | LiquidityFilter: selected QQQ260821P00701000 | delta=N/A | spread_pct=0.074 | OI=1929 | vol=149
2026-08-21T09:45:53 | INFO     | session_runner | [cycle 30] 09:45:53 ET | positions=0 | entries=0
2026-08-21T09:45:53 | INFO     | session_runner | Periodic universe re-scan …
2026-08-21T09:45:53 | INFO     | app.scanning.universe_loader | UniverseLoader: loaded 5 groups (13 flat symbols) from /root/trader/config/ticker_universe.yaml (blacklist=0)
2026-08-21T09:45:53 | INFO     | app.scanning.universe_loader | UniverseLoader: 10 symbols from 2 group(s) (blacklist=0)
2026-08-21T09:45:53 | INFO     | session_runner | Universe scan: 10 symbols from 2 group(s) | max_active=3
2026-08-21T09:45:56 | INFO     | session_runner | Scan: 7 passed, 3 rejected
2026-08-21T09:45:56 | INFO     | session_runner |   XLF     score=76.0  signal=LONG     reasons: rvol=2.74x (high), atr=1.03% (good range), near_orb_level
2026-08-21T09:45:56 | INFO     | session_runner |   IWM     score=66.0  signal=LONG     reasons: rvol=2.69x (high), atr=1.09% (good range), near_orb_level
2026-08-21T09:45:56 | INFO     | session_runner |   QQQ     score=58.0  signal=SHORT    reasons: rvol=1.54x (elevated), atr=1.30% (good range), near_orb_level
2026-08-21T09:45:56 | INFO     | session_runner |   AAPL    score=57.0  signal=SHORT    reasons: rvol=1.83x (elevated), atr=2.27% (wide-range), trend_sideways
2026-08-21T09:45:56 | INFO     | session_runner |   XLE     score=55.0  signal=LONG     reasons: rvol=2.56x (high), atr=1.66% (wide-range), trend_up
2026-08-21T09:45:56 | INFO     | app.strategies.liquidity_filter | LiquidityFilter: selected XLE260821C00061000 | delta=N/A | spread_pct=0.094 | OI=19752 | vol=111
2026-08-21T09:45:56 | INFO     | app.scanning.alpaca_confirmer | AlpacaConfirmer: confirmed XLE | XLE260821C00061000 | exp=2026-08-21 | spread=9.43% | OI=19752 | vol=111
2026-08-21T09:45:56 | INFO     | app.strategies.liquidity_filter | LiquidityFilter: selected AAPL260821P00302500 | delta=N/A | spread_pct=0.051 | OI=6862 | vol=1609
2026-08-21T09:45:56 | INFO     | app.scanning.alpaca_confirmer | AlpacaConfirmer: confirmed AAPL | AAPL260821P00302500 | exp=2026-08-21 | spread=5.13% | OI=6862 | vol=1609
2026-08-21T09:45:56 | INFO     | app.strategies.liquidity_filter | LiquidityFilter: selected XLF260821C00053000 | delta=N/A | spread_pct=0.090 | OI=37401 | vol=215
2026-08-21T09:45:56 | INFO     | app.scanning.alpaca_confirmer | AlpacaConfirmer: confirmed XLF | XLF260821C00053000 | exp=2026-08-21 | spread=8.97% | OI=37401 | vol=215
2026-08-21T09:45:56 | INFO     | app.strategies.liquidity_filter | LiquidityFilter: selected IWM260821C00300000 | delta=N/A | spread_pct=0.019 | OI=35897 | vol=645
2026-08-21T09:45:56 | INFO     | app.scanning.alpaca_confirmer | AlpacaConfirmer: confirmed IWM | IWM260821C00300000 | exp=2026-08-21 | spread=1.94% | OI=35897 | vol=645
2026-08-21T09:45:56 | INFO     | app.strategies.liquidity_filter | LiquidityFilter: no qualifying contracts for SMH SignalDirection.SHORT | total_candidates=204
2026-08-21T09:45:56 | INFO     | app.scanning.alpaca_confirmer | AlpacaConfirmer: liquidity_rejected_cost_cap | symbol=SMH | option_symbol=SMH260821P00610000 | ask=47.52 | ask_x_100=4752 | max_contract_cost=988
2026-08-21T09:45:56 | INFO     | app.scanning.alpaca_confirmer | AlpacaConfirmer: liquidity_rejected_cost_cap | symbol=SMH | option_symbol=SMH260821P00615000 | ask=52.27 | ask_x_100=5227 | max_contract_cost=988
2026-08-21T09:45:56 | INFO     | app.scanning.alpaca_confirmer | AlpacaConfirmer: liquidity_rejected_cost_cap | symbol=SMH | option_symbol=SMH260821P00620000 | ask=56.37 | ask_x_100=5637 | max_contract_cost=988
2026-08-21T09:45:56 | INFO     | app.scanning.alpaca_confirmer | AlpacaConfirmer: liquidity_rejected_cost_cap | symbol=SMH | option_symbol=SMH260821P00635000 | ask=72.44 | ask_x_100=7244 | max_contract_cost=988
2026-08-21T09:45:56 | INFO     | app.scanning.alpaca_confirmer | AlpacaConfirmer: liquidity_rejected_cost_cap | symbol=SMH | option_symbol=SMH260821P00655000 | ask=91.81 | ask_x_100=9181 | max_contract_cost=988
2026-08-21T09:45:56 | INFO     | app.scanning.alpaca_confirmer | AlpacaConfirmer: no liquid contract for SMH (signal=SHORT)
2026-08-21T09:45:57 | INFO     | app.strategies.liquidity_filter | LiquidityFilter: selected QQQ260821P00701000 | delta=N/A | spread_pct=0.074 | OI=1929 | vol=149
2026-08-21T09:45:57 | INFO     | app.scanning.alpaca_confirmer | AlpacaConfirmer: confirmed QQQ | QQQ260821P00701000 | exp=2026-08-21 | spread=7.41% | OI=1929 | vol=149
2026-08-21T09:45:57 | INFO     | session_runner | AlpacaConfirmer: 3 confirmed symbols: ['XLF', 'IWM', 'QQQ']
2026-08-21T09:45:57 | INFO     | session_runner | Re-scan updated active symbols: ['XLF', 'IWM', 'QQQ']
2026-08-21T09:45:57 | INFO     | session_runner | Broad-market regime | SPY=neutral
2026-08-21T09:45:57 | INFO     | session_runner | [bridge:XLF] rsi_trend ready: sufficient bars
2026-08-21T09:45:57 | INFO     | session_runner | [bridge:IWM] rsi_trend ready: sufficient bars
2026-08-21T09:45:58 | INFO     | session_runner | [bridge:QQQ] rsi_trend ready: sufficient bars
2026-08-21T09:45:58 | INFO     | session_runner | Signal quality blocked | QQQ/vwap_reclaim score=1.0 < 3.0
2026-08-21T09:45:59 | INFO     | app.strategies.liquidity_filter | LiquidityFilter: selected QQQ260821P00699000 | delta=N/A | spread_pct=0.095 | OI=1776 | vol=63
2026-08-21T09:46:29 | INFO     | session_runner | [cycle 31] 09:46:29 ET | positions=0 | entries=0
2026-08-21T09:46:29 | INFO     | session_runner | [bridge:XLF] rsi_trend ready: sufficient bars
2026-08-21T09:46:29 | INFO     | session_runner | Signal quality blocked | XLF/vwap_reclaim score=2.0 < 3.0
2026-08-21T09:46:30 | INFO     | app.strategies.liquidity_filter | LiquidityFilter: selected XLF260821C00056000 | delta=N/A | spread_pct=0.090 | OI=54757 | vol=113
2026-08-21T09:46:30 | INFO     | app.evaluation.shadow_book | ShadowBook: simulating vwap_reclaim/baseline XLF260821C00056000 @ 1.6200 (blocked: signal_quality_below_min, fill-validated at entry)
2026-08-21T09:46:30 | INFO     | app.strategies.liquidity_filter | LiquidityFilter: selected XLF260821P00057500 | delta=N/A | spread_pct=0.087 | OI=17837 | vol=1252
2026-08-21T09:46:30 | INFO     | app.evaluation.shadow_book | ShadowBook: simulating vwap_reclaim/inverted XLF260821P00057500 @ 0.1200 (blocked: inverted_direction_counterfactual, fill-validated at entry)
2026-08-21T09:46:30 | INFO     | session_runner | [bridge:IWM] rsi_trend ready: sufficient bars
2026-08-21T09:46:31 | INFO     | session_runner | [bridge:QQQ] rsi_trend ready: sufficient bars
2026-08-21T09:46:31 | INFO     | session_runner | Signal quality blocked | QQQ/vwap_reclaim score=1.0 < 3.0
2026-08-21T09:46:32 | INFO     | app.strategies.liquidity_filter | LiquidityFilter: selected QQQ260821P00699000 | delta=N/A | spread_pct=0.095 | OI=1776 | vol=263
2026-08-21T09:47:02 | INFO     | session_runner | [cycle 32] 09:47:02 ET | positions=0 | entries=0
2026-08-21T09:47:02 | INFO     | app.evaluation.shadow_book | ShadowBook: closed vwap_reclaim XLF260821P00057500 @ 0.0700 → -5.00 (trailing_stop, fill-validated)
2026-08-21T09:47:02 | INFO     | session_runner | [bridge:XLF] rsi_trend ready: sufficient bars
2026-08-21T09:47:02 | INFO     | session_runner | Signal quality blocked | XLF/vwap_reclaim score=2.0 < 3.0
2026-08-21T09:47:03 | INFO     | app.strategies.liquidity_filter | LiquidityFilter: selected XLF260821C00053000 | delta=N/A | spread_pct=0.071 | OI=37401 | vol=215
2026-08-21T09:47:03 | INFO     | session_runner | [bridge:IWM] rsi_trend ready: sufficient bars
2026-08-21T09:47:03 | INFO     | session_runner | [bridge:QQQ] rsi_trend ready: sufficient bars
2026-08-21T09:47:03 | INFO     | session_runner | Signal quality blocked | QQQ/vwap_reclaim score=1.0 < 3.0
2026-08-21T09:47:04 | INFO     | app.strategies.liquidity_filter | LiquidityFilter: selected QQQ260821P00701000 | delta=N/A | spread_pct=0.074 | OI=1929 | vol=357
2026-08-21T09:47:34 | INFO     | session_runner | [cycle 33] 09:47:34 ET | positions=0 | entries=0
2026-08-21T09:47:34 | INFO     | session_runner | [bridge:XLF] rsi_trend ready: sufficient bars
2026-08-21T09:47:34 | INFO     | session_runner | Signal quality blocked | XLF/vwap_reclaim score=2.0 < 3.0
2026-08-21T09:47:35 | INFO     | app.strategies.liquidity_filter | LiquidityFilter: selected XLF260821C00056000 | delta=N/A | spread_pct=0.084 | OI=54757 | vol=113
2026-08-21T09:47:35 | INFO     | session_runner | [bridge:IWM] rsi_trend ready: sufficient bars
2026-08-21T09:47:35 | INFO     | session_runner | [bridge:QQQ] rsi_trend ready: sufficient bars
2026-08-21T09:47:35 | INFO     | session_runner | Signal quality blocked | QQQ/vwap_reclaim score=1.0 < 3.0
2026-08-21T09:47:35 | INFO     | app.strategies.liquidity_filter | LiquidityFilter: selected QQQ260821P00699000 | delta=N/A | spread_pct=0.095 | OI=1776 | vol=306
2026-08-21T09:48:05 | INFO     | session_runner | [cycle 34] 09:48:05 ET | positions=0 | entries=0
2026-08-21T09:48:06 | INFO     | session_runner | [bridge:XLF] rsi_trend ready: sufficient bars
2026-08-21T09:48:06 | INFO     | session_runner | Signal quality blocked | XLF/vwap_reclaim score=2.0 < 3.0
2026-08-21T09:48:06 | INFO     | app.strategies.liquidity_filter | LiquidityFilter: selected XLF260821C00056000 | delta=N/A | spread_pct=0.090 | OI=54757 | vol=113
2026-08-21T09:48:07 | INFO     | session_runner | [bridge:IWM] rsi_trend ready: sufficient bars
2026-08-21T09:48:07 | INFO     | session_runner | [bridge:QQQ] rsi_trend ready: sufficient bars
2026-08-21T09:48:07 | INFO     | session_runner | Signal quality blocked | QQQ/vwap_reclaim score=1.0 < 3.0
2026-08-21T09:48:07 | INFO     | app.strategies.liquidity_filter | LiquidityFilter: selected QQQ260821P00700000 | delta=N/A | spread_pct=0.080 | OI=69545 | vol=3175
2026-08-21T09:48:37 | INFO     | session_runner | [cycle 35] 09:48:37 ET | positions=0 | entries=0
2026-08-21T09:48:38 | INFO     | session_runner | [bridge:XLF] rsi_trend ready: sufficient bars
2026-08-21T09:48:38 | INFO     | session_runner | Signal quality blocked | XLF/vwap_reclaim score=2.0 < 3.0
2026-08-21T09:48:38 | INFO     | app.strategies.liquidity_filter | LiquidityFilter: selected XLF260821C00056000 | delta=N/A | spread_pct=0.078 | OI=54757 | vol=113
2026-08-21T09:48:38 | INFO     | session_runner | [bridge:IWM] rsi_trend ready: sufficient bars
2026-08-21T09:48:39 | INFO     | session_runner | [bridge:QQQ] rsi_trend ready: sufficient bars
2026-08-21T09:48:39 | INFO     | session_runner | Signal quality blocked | QQQ/vwap_reclaim score=1.0 < 3.0
2026-08-21T09:48:39 | INFO     | app.strategies.liquidity_filter | LiquidityFilter: selected QQQ260821P00704000 | delta=N/A | spread_pct=0.034 | OI=1737 | vol=1448
2026-08-21T09:49:09 | INFO     | session_runner | [cycle 36] 09:49:09 ET | positions=0 | entries=0
2026-08-21T09:49:09 | INFO     | session_runner | [bridge:XLF] rsi_trend ready: sufficient bars
2026-08-21T09:49:09 | INFO     | session_runner | Signal quality blocked | XLF/vwap_reclaim score=2.0 < 3.0
2026-08-21T09:49:09 | INFO     | app.strategies.liquidity_filter | LiquidityFilter: selected XLF260821C00056000 | delta=N/A | spread_pct=0.078 | OI=54757 | vol=217
2026-08-21T09:49:10 | INFO     | session_runner | [bridge:IWM] rsi_trend ready: sufficient bars
2026-08-21T09:49:10 | INFO     | session_runner | [bridge:QQQ] rsi_trend ready: sufficient bars
2026-08-21T09:49:10 | INFO     | session_runner | Signal quality blocked | QQQ/vwap_reclaim score=1.0 < 3.0
2026-08-21T09:49:10 | INFO     | app.strategies.liquidity_filter | LiquidityFilter: selected QQQ260821P00699000 | delta=N/A | spread_pct=0.087 | OI=1776 | vol=393
2026-08-21T09:49:40 | INFO     | session_runner | [cycle 37] 09:49:40 ET | positions=0 | entries=0
2026-08-21T09:49:41 | INFO     | session_runner | [bridge:XLF] rsi_trend ready: sufficient bars
2026-08-21T09:49:41 | INFO     | session_runner | Signal quality blocked | XLF/vwap_reclaim score=2.0 < 3.0
2026-08-21T09:49:41 | INFO     | app.strategies.liquidity_filter | LiquidityFilter: selected XLF260821C00056000 | delta=N/A | spread_pct=0.053 | OI=54757 | vol=217
2026-08-21T09:49:41 | INFO     | session_runner | [bridge:IWM] rsi_trend ready: sufficient bars
2026-08-21T09:49:42 | INFO     | session_runner | [bridge:QQQ] rsi_trend ready: sufficient bars
2026-08-21T09:49:42 | INFO     | session_runner | Signal quality blocked | QQQ/vwap_reclaim score=1.0 < 3.0
2026-08-21T09:49:42 | INFO     | app.strategies.liquidity_filter | LiquidityFilter: selected QQQ260821P00701000 | delta=N/A | spread_pct=0.069 | OI=1929 | vol=444
2026-08-21T09:50:12 | INFO     | session_runner | [cycle 38] 09:50:12 ET | positions=0 | entries=0
2026-08-21T09:50:13 | INFO     | session_runner | [bridge:XLF] rsi_trend ready: sufficient bars
2026-08-21T09:50:13 | INFO     | session_runner | Signal quality blocked | XLF/vwap_reclaim score=2.0 < 3.0
2026-08-21T09:50:13 | INFO     | app.strategies.liquidity_filter | LiquidityFilter: selected XLF260821C00053000 | delta=N/A | spread_pct=0.068 | OI=37401 | vol=215
2026-08-21T09:50:14 | INFO     | session_runner | [bridge:IWM] rsi_trend ready: sufficient bars
2026-08-21T09:50:15 | INFO     | session_runner | [bridge:QQQ] rsi_trend ready: sufficient bars
2026-08-21T09:50:15 | INFO     | session_runner | Signal quality blocked | QQQ/vwap_reclaim score=1.0 < 3.0
2026-08-21T09:50:16 | INFO     | app.strategies.liquidity_filter | LiquidityFilter: selected QQQ260821P00699000 | delta=N/A | spread_pct=0.095 | OI=1776 | vol=475
2026-08-21T09:50:46 | INFO     | session_runner | [cycle 39] 09:50:46 ET | positions=0 | entries=0
2026-08-21T09:50:46 | INFO     | app.trading.reconciler | Reconciliation done: broker_pos=0 local_pos=0 broker_orders=0 local_pending=0 repaired=0 flagged=0 orders_confirmed=True positions_confirmed=True
2026-08-21T09:50:47 | INFO     | session_runner | [bridge:XLF] rsi_trend ready: sufficient bars
2026-08-21T09:50:47 | INFO     | session_runner | Signal quality blocked | XLF/vwap_reclaim score=2.0 < 3.0
2026-08-21T09:50:47 | INFO     | app.strategies.liquidity_filter | LiquidityFilter: selected XLF260821C00053000 | delta=N/A | spread_pct=0.076 | OI=37401 | vol=215
2026-08-21T09:50:48 | INFO     | session_runner | [bridge:IWM] rsi_trend ready: sufficient bars
2026-08-21T09:50:48 | INFO     | session_runner | [bridge:QQQ] rsi_trend ready: sufficient bars
2026-08-21T09:50:48 | INFO     | session_runner | Signal quality blocked | QQQ/vwap_reclaim score=1.0 < 3.0
2026-08-21T09:50:48 | INFO     | app.strategies.liquidity_filter | LiquidityFilter: selected QQQ260821P00699000 | delta=N/A | spread_pct=0.095 | OI=1776 | vol=475
2026-08-21T09:51:18 | INFO     | session_runner | [cycle 40] 09:51:18 ET | positions=0 | entries=0
2026-08-21T09:51:18 | INFO     | session_runner | Periodic universe re-scan …
2026-08-21T09:51:18 | INFO     | app.scanning.universe_loader | UniverseLoader: loaded 5 groups (13 flat symbols) from /root/trader/config/ticker_universe.yaml (blacklist=0)
2026-08-21T09:51:18 | INFO     | app.scanning.universe_loader | UniverseLoader: 10 symbols from 2 group(s) (blacklist=0)
2026-08-21T09:51:18 | INFO     | session_runner | Universe scan: 10 symbols from 2 group(s) | max_active=3
2026-08-21T09:51:22 | INFO     | session_runner | Scan: 5 passed, 5 rejected
2026-08-21T09:51:22 | INFO     | session_runner |   XLF     score=68.0  signal=LONG     reasons: rvol=2.14x (high), atr=1.03% (good range), near_orb_level
2026-08-21T09:51:22 | INFO     | session_runner |   AAPL    score=67.0  signal=SHORT    reasons: rvol=1.23x (normal), atr=2.29% (wide-range), orb_breakdown
2026-08-21T09:51:22 | INFO     | session_runner |   IWM     score=66.0  signal=LONG     reasons: rvol=1.81x (elevated), atr=1.09% (good range), near_orb_level
2026-08-21T09:51:22 | INFO     | session_runner |   XLE     score=55.0  signal=LONG     reasons: rvol=2.06x (high), atr=1.66% (wide-range), trend_up
2026-08-21T09:51:22 | INFO     | session_runner |   SPY     score=51.0  signal=LONG     reasons: rvol=1.64x (elevated), atr=0.76% (minimal range), near_orb_level
2026-08-21T09:51:23 | INFO     | app.strategies.liquidity_filter | LiquidityFilter: selected XLE260821C00061000 | delta=N/A | spread_pct=0.087 | OI=19752 | vol=111
2026-08-21T09:51:23 | INFO     | app.scanning.alpaca_confirmer | AlpacaConfirmer: confirmed XLE | XLE260821C00061000 | exp=2026-08-21 | spread=8.70% | OI=19752 | vol=111
2026-08-21T09:51:23 | INFO     | app.strategies.liquidity_filter | LiquidityFilter: selected XLF260821C00053000 | delta=N/A | spread_pct=0.095 | OI=37401 | vol=215
2026-08-21T09:51:23 | INFO     | app.scanning.alpaca_confirmer | AlpacaConfirmer: confirmed XLF | XLF260821C00053000 | exp=2026-08-21 | spread=9.46% | OI=37401 | vol=215
2026-08-21T09:51:23 | INFO     | app.strategies.liquidity_filter | LiquidityFilter: selected AAPL260821P00300000 | delta=N/A | spread_pct=0.095 | OI=33374 | vol=6323
2026-08-21T09:51:23 | INFO     | app.scanning.alpaca_confirmer | AlpacaConfirmer: confirmed AAPL | AAPL260821P00300000 | exp=2026-08-21 | spread=9.52% | OI=33374 | vol=6323
2026-08-21T09:51:23 | INFO     | app.strategies.liquidity_filter | LiquidityFilter: selected IWM260821C00300000 | delta=N/A | spread_pct=0.034 | OI=35897 | vol=4105
2026-08-21T09:51:23 | INFO     | app.scanning.alpaca_confirmer | AlpacaConfirmer: confirmed IWM | IWM260821C00300000 | exp=2026-08-21 | spread=3.39% | OI=35897 | vol=4105
2026-08-21T09:51:23 | INFO     | app.strategies.liquidity_filter | LiquidityFilter: selected SPY260821C00766000 | delta=N/A | spread_pct=0.014 | OI=3665 | vol=23852
2026-08-21T09:51:23 | INFO     | app.scanning.alpaca_confirmer | AlpacaConfirmer: confirmed SPY | SPY260821C00766000 | exp=2026-08-21 | spread=1.40% | OI=3665 | vol=23852
2026-08-21T09:51:23 | INFO     | session_runner | AlpacaConfirmer: 3 confirmed symbols: ['XLF', 'AAPL', 'IWM']
2026-08-21T09:51:23 | INFO     | session_runner | Re-scan updated active symbols: ['XLF', 'AAPL', 'IWM']
2026-08-21T09:51:23 | INFO     | session_runner | Broad-market regime | SPY=short
2026-08-21T09:51:24 | INFO     | session_runner | [bridge:XLF] rsi_trend ready: sufficient bars
2026-08-21T09:51:24 | INFO     | session_runner | Market regime blocked | XLF/vwap_reclaim direction=long regime=short
2026-08-21T09:51:24 | INFO     | app.strategies.liquidity_filter | LiquidityFilter: selected XLF260821C00053000 | delta=N/A | spread_pct=0.083 | OI=37401 | vol=215
2026-08-21T09:51:24 | INFO     | session_runner | [bridge:AAPL] rsi_trend ready: sufficient bars
2026-08-21T09:51:25 | INFO     | session_runner | [bridge:IWM] rsi_trend ready: sufficient bars
2026-08-21T09:51:25 | INFO     | session_runner | Signal quality blocked | IWM/vwap_reclaim score=2.0 < 3.0
2026-08-21T09:51:26 | INFO     | app.strategies.liquidity_filter | LiquidityFilter: selected IWM260821C00300000 | delta=N/A | spread_pct=0.018 | OI=35897 | vol=4105
2026-08-21T09:51:26 | INFO     | app.evaluation.shadow_book | ShadowBook: simulating vwap_reclaim/baseline IWM260821C00300000 @ 0.5600 (blocked: signal_quality_below_min, fill-validated at entry)
2026-08-21T09:51:26 | INFO     | app.strategies.liquidity_filter | LiquidityFilter: selected IWM260821P00300000 | delta=N/A | spread_pct=0.027 | OI=17444 | vol=2099
2026-08-21T09:51:26 | INFO     | app.evaluation.shadow_book | ShadowBook: simulating vwap_reclaim/inverted IWM260821P00300000 @ 0.7500 (blocked: inverted_direction_counterfactual, fill-validated at entry)
2026-08-21T09:51:56 | INFO     | session_runner | [cycle 41] 09:51:56 ET | positions=0 | entries=0
2026-08-21T09:51:57 | INFO     | session_runner | [bridge:XLF] rsi_trend ready: sufficient bars
2026-08-21T09:51:57 | INFO     | session_runner | Market regime blocked | XLF/vwap_reclaim direction=long regime=short
2026-08-21T09:51:57 | INFO     | app.strategies.liquidity_filter | LiquidityFilter: selected XLF260821C00053000 | delta=N/A | spread_pct=0.075 | OI=37401 | vol=215
2026-08-21T09:51:57 | INFO     | session_runner | [bridge:AAPL] rsi_trend ready: sufficient bars
2026-08-21T09:51:58 | INFO     | session_runner | [bridge:IWM] rsi_trend ready: sufficient bars
2026-08-21T09:51:58 | INFO     | session_runner | Signal quality blocked | IWM/vwap_reclaim score=2.0 < 3.0
2026-08-21T09:51:58 | INFO     | app.strategies.liquidity_filter | LiquidityFilter: selected IWM260821C00300000 | delta=N/A | spread_pct=0.019 | OI=35897 | vol=4105
2026-08-21T09:52:28 | INFO     | session_runner | [cycle 42] 09:52:28 ET | positions=0 | entries=0
2026-08-21T09:52:29 | INFO     | session_runner | [bridge:XLF] rsi_trend ready: sufficient bars
2026-08-21T09:52:29 | INFO     | session_runner | Market regime blocked | XLF/vwap_reclaim direction=long regime=short
2026-08-21T09:52:29 | INFO     | app.strategies.liquidity_filter | LiquidityFilter: no qualifying contracts for XLF SignalDirection.LONG | total_candidates=51
2026-08-21T09:52:29 | INFO     | session_runner | [bridge:AAPL] rsi_trend ready: sufficient bars
2026-08-21T09:52:30 | INFO     | session_runner | [bridge:IWM] rsi_trend ready: sufficient bars
2026-08-21T09:52:30 | INFO     | session_runner | Signal quality blocked | IWM/vwap_reclaim score=1.0 < 3.0
2026-08-21T09:52:30 | INFO     | app.strategies.liquidity_filter | LiquidityFilter: selected IWM260821C00299000 | delta=N/A | spread_pct=0.010 | OI=3811 | vol=797
2026-08-21T09:53:00 | INFO     | session_runner | [cycle 43] 09:53:00 ET | positions=0 | entries=0
2026-08-21T09:53:00 | INFO     | app.evaluation.shadow_book | ShadowBook: closed vwap_reclaim IWM260821C00300000 @ 0.4200 → -14.00 (trailing_stop, fill-validated)
2026-08-21T09:53:01 | INFO     | session_runner | [bridge:XLF] rsi_trend ready: sufficient bars
2026-08-21T09:53:01 | INFO     | session_runner | Market regime blocked | XLF/vwap_reclaim direction=long regime=short
2026-08-21T09:53:01 | INFO     | app.strategies.liquidity_filter | LiquidityFilter: no qualifying contracts for XLF SignalDirection.LONG | total_candidates=51
2026-08-21T09:53:01 | INFO     | session_runner | [bridge:AAPL] rsi_trend ready: sufficient bars
2026-08-21T09:53:02 | INFO     | session_runner | [bridge:IWM] rsi_trend ready: sufficient bars
2026-08-21T09:53:32 | INFO     | session_runner | [cycle 44] 09:53:32 ET | positions=0 | entries=0
2026-08-21T09:53:33 | INFO     | session_runner | [bridge:XLF] rsi_trend ready: sufficient bars
2026-08-21T09:53:33 | INFO     | session_runner | Market regime blocked | XLF/vwap_reclaim direction=long regime=short
2026-08-21T09:53:33 | INFO     | app.strategies.liquidity_filter | LiquidityFilter: selected XLF260821C00056000 | delta=N/A | spread_pct=0.090 | OI=54757 | vol=653
2026-08-21T09:53:33 | INFO     | session_runner | [bridge:AAPL] rsi_trend ready: sufficient bars
2026-08-21T09:53:34 | INFO     | session_runner | [bridge:IWM] rsi_trend ready: sufficient bars
2026-08-21T09:54:04 | INFO     | session_runner | [cycle 45] 09:54:04 ET | positions=0 | entries=0
2026-08-21T09:54:04 | INFO     | session_runner | [bridge:XLF] rsi_trend ready: sufficient bars
2026-08-21T09:54:04 | INFO     | session_runner | Market regime blocked | XLF/vwap_reclaim direction=long regime=short
2026-08-21T09:54:05 | INFO     | app.strategies.liquidity_filter | LiquidityFilter: no qualifying contracts for XLF SignalDirection.LONG | total_candidates=51
2026-08-21T09:54:05 | INFO     | session_runner | [bridge:AAPL] rsi_trend ready: sufficient bars
2026-08-21T09:54:06 | INFO     | session_runner | [bridge:IWM] rsi_trend ready: sufficient bars
2026-08-21T09:54:36 | INFO     | session_runner | [cycle 46] 09:54:36 ET | positions=0 | entries=0
2026-08-21T09:54:36 | INFO     | session_runner | [bridge:XLF] rsi_trend ready: sufficient bars
2026-08-21T09:54:36 | INFO     | session_runner | Market regime blocked | XLF/vwap_reclaim direction=long regime=short
2026-08-21T09:54:36 | INFO     | app.strategies.liquidity_filter | LiquidityFilter: selected XLF260821C00056000 | delta=N/A | spread_pct=0.084 | OI=54757 | vol=653
2026-08-21T09:54:37 | INFO     | session_runner | [bridge:AAPL] rsi_trend ready: sufficient bars
2026-08-21T09:54:37 | INFO     | session_runner | [bridge:IWM] rsi_trend ready: sufficient bars
2026-08-21T09:55:07 | INFO     | session_runner | [cycle 47] 09:55:07 ET | positions=0 | entries=0
2026-08-21T09:55:08 | INFO     | session_runner | [bridge:XLF] rsi_trend ready: sufficient bars
2026-08-21T09:55:08 | INFO     | session_runner | Market regime blocked | XLF/vwap_reclaim direction=long regime=short
2026-08-21T09:55:09 | INFO     | app.strategies.liquidity_filter | LiquidityFilter: selected XLF260821C00056000 | delta=N/A | spread_pct=0.090 | OI=54757 | vol=653
2026-08-21T09:55:09 | INFO     | session_runner | [bridge:AAPL] rsi_trend ready: sufficient bars
2026-08-21T09:55:10 | INFO     | session_runner | [bridge:IWM] rsi_trend ready: sufficient bars
2026-08-21T09:55:40 | INFO     | session_runner | [cycle 48] 09:55:40 ET | positions=0 | entries=0
2026-08-21T09:55:40 | INFO     | session_runner | [bridge:XLF] rsi_trend ready: sufficient bars
2026-08-21T09:55:40 | INFO     | session_runner | Market regime blocked | XLF/vwap_reclaim direction=long regime=short
2026-08-21T09:55:41 | INFO     | app.strategies.liquidity_filter | LiquidityFilter: selected XLF260821C00056000 | delta=N/A | spread_pct=0.057 | OI=54757 | vol=653
2026-08-21T09:55:41 | INFO     | session_runner | [bridge:AAPL] rsi_trend ready: sufficient bars
2026-08-21T09:55:42 | INFO     | session_runner | [bridge:IWM] rsi_trend ready: sufficient bars
2026-08-21T09:56:12 | INFO     | session_runner | [cycle 49] 09:56:12 ET | positions=0 | entries=0
2026-08-21T09:56:13 | INFO     | session_runner | [bridge:XLF] rsi_trend ready: sufficient bars
2026-08-21T09:56:13 | INFO     | session_runner | Market regime blocked | XLF/vwap_reclaim direction=long regime=short
2026-08-21T09:56:13 | INFO     | app.strategies.liquidity_filter | LiquidityFilter: selected XLF260821C00056000 | delta=N/A | spread_pct=0.088 | OI=54757 | vol=653
2026-08-21T09:56:13 | INFO     | session_runner | [bridge:AAPL] rsi_trend ready: sufficient bars
2026-08-21T09:56:14 | INFO     | session_runner | [bridge:IWM] rsi_trend ready: sufficient bars
2026-08-21T09:56:44 | INFO     | session_runner | [cycle 50] 09:56:44 ET | positions=0 | entries=0
2026-08-21T09:56:44 | INFO     | session_runner | Periodic universe re-scan …
2026-08-21T09:56:44 | INFO     | app.scanning.universe_loader | UniverseLoader: loaded 5 groups (13 flat symbols) from /root/trader/config/ticker_universe.yaml (blacklist=0)
2026-08-21T09:56:44 | INFO     | app.scanning.universe_loader | UniverseLoader: 10 symbols from 2 group(s) (blacklist=0)
2026-08-21T09:56:44 | INFO     | session_runner | Universe scan: 10 symbols from 2 group(s) | max_active=3
2026-08-21T09:56:47 | INFO     | session_runner | Scan: 5 passed, 5 rejected
2026-08-21T09:56:47 | INFO     | session_runner |   AAPL    score=67.0  signal=SHORT    reasons: rvol=1.17x (normal), atr=2.29% (wide-range), orb_breakdown
2026-08-21T09:56:47 | INFO     | session_runner |   SMH     score=62.0  signal=SHORT    reasons: atr=2.96% (wide-range), orb_breakdown, trend_sideways
2026-08-21T09:56:47 | INFO     | session_runner |   QQQ     score=60.0  signal=SHORT    reasons: rvol=1.14x (normal), atr=1.32% (good range), orb_breakdown
2026-08-21T09:56:47 | INFO     | session_runner |   XLF     score=58.0  signal=LONG     reasons: rvol=1.97x (elevated), atr=1.03% (good range), near_orb_level
2026-08-21T09:56:47 | INFO     | session_runner |   IWM     score=56.0  signal=LONG     reasons: rvol=1.72x (elevated), atr=1.09% (good range), near_orb_level
2026-08-21T09:56:47 | INFO     | app.strategies.liquidity_filter | LiquidityFilter: selected XLF260821C00056000 | delta=N/A | spread_pct=0.088 | OI=54757 | vol=653
2026-08-21T09:56:47 | INFO     | app.scanning.alpaca_confirmer | AlpacaConfirmer: confirmed XLF | XLF260821C00056000 | exp=2026-08-21 | spread=8.81% | OI=54757 | vol=653
2026-08-21T09:56:47 | INFO     | app.strategies.liquidity_filter | LiquidityFilter: selected AAPL260821P00305000 | delta=N/A | spread_pct=0.022 | OI=12615 | vol=15120
2026-08-21T09:56:47 | INFO     | app.scanning.alpaca_confirmer | AlpacaConfirmer: confirmed AAPL | AAPL260821P00305000 | exp=2026-08-21 | spread=2.15% | OI=12615 | vol=15120
2026-08-21T09:56:47 | INFO     | app.strategies.liquidity_filter | LiquidityFilter: selected IWM260821C00300000 | delta=N/A | spread_pct=0.024 | OI=35897 | vol=6610
2026-08-21T09:56:47 | INFO     | app.scanning.alpaca_confirmer | AlpacaConfirmer: confirmed IWM | IWM260821C00300000 | exp=2026-08-21 | spread=2.35% | OI=35897 | vol=6610
2026-08-21T09:56:48 | INFO     | app.strategies.liquidity_filter | LiquidityFilter: no qualifying contracts for SMH SignalDirection.SHORT | total_candidates=204
2026-08-21T09:56:48 | INFO     | app.scanning.alpaca_confirmer | AlpacaConfirmer: liquidity_rejected_cost_cap | symbol=SMH | option_symbol=SMH260821P00610000 | ask=48.48 | ask_x_100=4848 | max_contract_cost=988
2026-08-21T09:56:48 | INFO     | app.scanning.alpaca_confirmer | AlpacaConfirmer: liquidity_rejected_cost_cap | symbol=SMH | option_symbol=SMH260821P00615000 | ask=54.37 | ask_x_100=5437 | max_contract_cost=988
2026-08-21T09:56:48 | INFO     | app.scanning.alpaca_confirmer | AlpacaConfirmer: liquidity_rejected_cost_cap | symbol=SMH | option_symbol=SMH260821P00620000 | ask=59.14 | ask_x_100=5914 | max_contract_cost=988
2026-08-21T09:56:48 | INFO     | app.scanning.alpaca_confirmer | AlpacaConfirmer: liquidity_rejected_cost_cap | symbol=SMH | option_symbol=SMH260821P00635000 | ask=73.72 | ask_x_100=7372 | max_contract_cost=988
2026-08-21T09:56:48 | INFO     | app.scanning.alpaca_confirmer | AlpacaConfirmer: liquidity_rejected_cost_cap | symbol=SMH | option_symbol=SMH260821P00655000 | ask=93.03 | ask_x_100=9303 | max_contract_cost=988
2026-08-21T09:56:48 | INFO     | app.scanning.alpaca_confirmer | AlpacaConfirmer: no liquid contract for SMH (signal=SHORT)
2026-08-21T09:56:48 | INFO     | app.strategies.liquidity_filter | LiquidityFilter: selected QQQ260821P00702000 | delta=N/A | spread_pct=0.051 | OI=2181 | vol=1733
2026-08-21T09:56:48 | INFO     | app.scanning.alpaca_confirmer | AlpacaConfirmer: confirmed QQQ | QQQ260821P00702000 | exp=2026-08-21 | spread=5.13% | OI=2181 | vol=1733
2026-08-21T09:56:48 | INFO     | session_runner | AlpacaConfirmer: 3 confirmed symbols: ['AAPL', 'QQQ', 'XLF']
2026-08-21T09:56:48 | INFO     | session_runner | Re-scan updated active symbols: ['AAPL', 'QQQ', 'XLF']
2026-08-21T09:56:48 | INFO     | session_runner | Broad-market regime | SPY=short
2026-08-21T09:56:48 | INFO     | session_runner | [bridge:AAPL] rsi_trend ready: sufficient bars
2026-08-21T09:56:48 | INFO     | session_runner | [bridge:QQQ] rsi_trend ready: sufficient bars
2026-08-21T09:56:48 | INFO     | session_runner | Signal quality blocked | QQQ/vwap_reclaim score=1.0 < 3.0
2026-08-21T09:56:49 | INFO     | app.strategies.liquidity_filter | LiquidityFilter: selected QQQ260821P00699000 | delta=N/A | spread_pct=0.087 | OI=1776 | vol=639
2026-08-21T09:56:49 | INFO     | session_runner | [bridge:XLF] rsi_trend ready: sufficient bars
2026-08-21T09:56:49 | INFO     | session_runner | Market regime blocked | XLF/vwap_reclaim direction=long regime=short
2026-08-21T09:56:49 | INFO     | app.strategies.liquidity_filter | LiquidityFilter: selected XLF260821C00056000 | delta=N/A | spread_pct=0.088 | OI=54757 | vol=653
2026-08-21T09:57:19 | INFO     | session_runner | [cycle 51] 09:57:19 ET | positions=0 | entries=0
2026-08-21T09:57:20 | INFO     | session_runner | [bridge:AAPL] rsi_trend ready: sufficient bars
2026-08-21T09:57:20 | INFO     | session_runner | [bridge:QQQ] rsi_trend ready: sufficient bars
2026-08-21T09:57:20 | INFO     | session_runner | Signal quality blocked | QQQ/vwap_reclaim score=1.0 < 3.0
2026-08-21T09:57:20 | INFO     | app.strategies.liquidity_filter | LiquidityFilter: selected QQQ260821P00701000 | delta=N/A | spread_pct=0.061 | OI=1929 | vol=1964
2026-08-21T09:57:21 | INFO     | session_runner | [bridge:XLF] rsi_trend ready: sufficient bars
2026-08-21T09:57:21 | INFO     | session_runner | Market regime blocked | XLF/vwap_reclaim direction=long regime=short
2026-08-21T09:57:21 | INFO     | app.strategies.liquidity_filter | LiquidityFilter: selected XLF260821C00053000 | delta=N/A | spread_pct=0.063 | OI=37401 | vol=311
2026-08-21T09:57:51 | INFO     | session_runner | [cycle 52] 09:57:51 ET | positions=0 | entries=0
2026-08-21T09:57:52 | INFO     | session_runner | [bridge:AAPL] rsi_trend ready: sufficient bars
2026-08-21T09:57:52 | INFO     | session_runner | [bridge:QQQ] rsi_trend ready: sufficient bars
2026-08-21T09:57:52 | INFO     | session_runner | Signal quality blocked | QQQ/vwap_reclaim score=1.0 < 3.0
2026-08-21T09:57:52 | INFO     | app.strategies.liquidity_filter | LiquidityFilter: selected QQQ260821P00699000 | delta=N/A | spread_pct=0.080 | OI=1776 | vol=650
2026-08-21T09:57:53 | INFO     | session_runner | [bridge:XLF] rsi_trend ready: sufficient bars
2026-08-21T09:57:53 | INFO     | session_runner | Market regime blocked | XLF/vwap_reclaim direction=long regime=short
2026-08-21T09:57:53 | INFO     | app.strategies.liquidity_filter | LiquidityFilter: selected XLF260821C00053000 | delta=N/A | spread_pct=0.088 | OI=37401 | vol=311
2026-08-21T09:58:23 | INFO     | session_runner | [cycle 53] 09:58:23 ET | positions=0 | entries=0
2026-08-21T09:58:23 | INFO     | session_runner | [bridge:AAPL] rsi_trend ready: sufficient bars
2026-08-21T09:58:23 | INFO     | session_runner | [bridge:QQQ] rsi_trend ready: sufficient bars
2026-08-21T09:58:23 | INFO     | session_runner | Signal quality blocked | QQQ/vwap_reclaim score=1.0 < 3.0
2026-08-21T09:58:24 | INFO     | app.strategies.liquidity_filter | LiquidityFilter: selected QQQ260821P00697000 | delta=N/A | spread_pct=0.095 | OI=1667 | vol=1541
2026-08-21T09:58:25 | INFO     | session_runner | [bridge:XLF] rsi_trend ready: sufficient bars
2026-08-21T09:58:25 | INFO     | session_runner | Market regime blocked | XLF/vwap_reclaim direction=long regime=short
2026-08-21T09:58:25 | INFO     | app.strategies.liquidity_filter | LiquidityFilter: selected XLF260821C00056000 | delta=N/A | spread_pct=0.084 | OI=54757 | vol=653
2026-08-21T09:58:55 | INFO     | session_runner | [cycle 54] 09:58:55 ET | positions=0 | entries=0
2026-08-21T09:58:55 | INFO     | session_runner | [bridge:AAPL] rsi_trend ready: sufficient bars
2026-08-21T09:58:56 | INFO     | session_runner | [bridge:QQQ] rsi_trend ready: sufficient bars
2026-08-21T09:58:56 | INFO     | session_runner | Signal quality blocked | QQQ/vwap_reclaim score=1.0 < 3.0
2026-08-21T09:58:56 | INFO     | app.strategies.liquidity_filter | LiquidityFilter: selected QQQ260821P00701000 | delta=N/A | spread_pct=0.061 | OI=1929 | vol=2378
2026-08-21T09:58:57 | INFO     | session_runner | [bridge:XLF] rsi_trend ready: sufficient bars
2026-08-21T09:58:57 | INFO     | session_runner | Market regime blocked | XLF/vwap_reclaim direction=long regime=short
2026-08-21T09:58:57 | INFO     | app.strategies.liquidity_filter | LiquidityFilter: selected XLF260821C00053000 | delta=N/A | spread_pct=0.083 | OI=37401 | vol=311
2026-08-21T09:59:27 | INFO     | session_runner | [cycle 55] 09:59:27 ET | positions=0 | entries=0
2026-08-21T09:59:27 | INFO     | session_runner | [bridge:AAPL] rsi_trend ready: sufficient bars
2026-08-21T09:59:28 | INFO     | session_runner | [bridge:QQQ] rsi_trend ready: sufficient bars
2026-08-21T09:59:28 | INFO     | session_runner | Signal quality blocked | QQQ/vwap_reclaim score=1.0 < 3.0
2026-08-21T09:59:28 | INFO     | app.strategies.liquidity_filter | LiquidityFilter: selected QQQ260821P00699000 | delta=N/A | spread_pct=0.087 | OI=1776 | vol=1492
2026-08-21T09:59:29 | INFO     | session_runner | [bridge:XLF] rsi_trend ready: sufficient bars
2026-08-21T09:59:29 | INFO     | session_runner | Market regime blocked | XLF/vwap_reclaim direction=long regime=short
2026-08-21T09:59:29 | INFO     | app.strategies.liquidity_filter | LiquidityFilter: selected XLF260821C00053000 | delta=N/A | spread_pct=0.081 | OI=37401 | vol=311
2026-08-21T09:59:59 | INFO     | session_runner | [cycle 56] 09:59:59 ET | positions=0 | entries=0
2026-08-21T09:59:59 | INFO     | session_runner | [bridge:AAPL] rsi_trend ready: sufficient bars
2026-08-21T10:00:00 | INFO     | session_runner | [bridge:QQQ] rsi_trend ready: sufficient bars
2026-08-21T10:00:00 | INFO     | session_runner | Signal quality blocked | QQQ/vwap_reclaim score=1.0 < 3.0
2026-08-21T10:00:01 | INFO     | app.strategies.liquidity_filter | LiquidityFilter: selected QQQ260821P00699000 | delta=N/A | spread_pct=0.095 | OI=1776 | vol=1506
2026-08-21T10:00:02 | INFO     | session_runner | [bridge:XLF] rsi_trend ready: sufficient bars
2026-08-21T10:00:02 | INFO     | session_runner | Market regime blocked | XLF/vwap_reclaim direction=long regime=short
2026-08-21T10:00:02 | INFO     | app.strategies.liquidity_filter | LiquidityFilter: selected XLF260821C00056000 | delta=N/A | spread_pct=0.088 | OI=54757 | vol=653
2026-08-21T10:00:33 | INFO     | session_runner | [cycle 57] 10:00:33 ET | positions=0 | entries=0
2026-08-21T10:00:34 | INFO     | session_runner | [bridge:AAPL] rsi_trend ready: sufficient bars
2026-08-21T10:00:35 | INFO     | session_runner | [bridge:QQQ] rsi_trend ready: sufficient bars
2026-08-21T10:00:35 | INFO     | session_runner | Signal quality blocked | QQQ/vwap_reclaim score=1.0 < 3.0
2026-08-21T10:00:35 | INFO     | app.strategies.liquidity_filter | LiquidityFilter: selected QQQ260821P00698000 | delta=N/A | spread_pct=0.095 | OI=2558 | vol=1840
2026-08-21T10:00:36 | INFO     | session_runner | [bridge:XLF] rsi_trend ready: sufficient bars
2026-08-21T10:00:36 | INFO     | session_runner | Market regime blocked | XLF/vwap_reclaim direction=long regime=short
2026-08-21T10:00:36 | INFO     | app.strategies.liquidity_filter | LiquidityFilter: selected XLF260821C00056000 | delta=N/A | spread_pct=0.090 | OI=54757 | vol=653
2026-08-21T10:01:06 | INFO     | session_runner | [cycle 58] 10:01:06 ET | positions=0 | entries=0
2026-08-21T10:01:06 | INFO     | app.trading.reconciler | Reconciliation done: broker_pos=0 local_pos=0 broker_orders=0 local_pending=0 repaired=0 flagged=0 orders_confirmed=True positions_confirmed=True
2026-08-21T10:01:08 | INFO     | session_runner | [bridge:AAPL] rsi_trend ready: sufficient bars
2026-08-21T10:01:08 | INFO     | session_runner | [bridge:QQQ] rsi_trend ready: sufficient bars
2026-08-21T10:01:08 | INFO     | session_runner | Signal quality blocked | QQQ/vwap_reclaim score=1.0 < 3.0
2026-08-21T10:01:09 | INFO     | app.strategies.liquidity_filter | LiquidityFilter: selected QQQ260821P00702000 | delta=N/A | spread_pct=0.057 | OI=2181 | vol=2116
2026-08-21T10:01:09 | INFO     | session_runner | [bridge:XLF] rsi_trend ready: sufficient bars
2026-08-21T10:01:09 | INFO     | session_runner | Market regime blocked | XLF/vwap_reclaim direction=long regime=short
2026-08-21T10:01:10 | INFO     | app.strategies.liquidity_filter | LiquidityFilter: selected XLF260821C00056000 | delta=N/A | spread_pct=0.090 | OI=54757 | vol=653
2026-08-21T10:01:40 | INFO     | session_runner | [cycle 59] 10:01:40 ET | positions=0 | entries=0
2026-08-21T10:01:42 | INFO     | session_runner | [bridge:AAPL] rsi_trend ready: sufficient bars
2026-08-21T10:01:42 | INFO     | session_runner | [bridge:QQQ] rsi_trend ready: sufficient bars
2026-08-21T10:01:42 | INFO     | session_runner | Signal quality blocked | QQQ/vwap_reclaim score=1.0 < 3.0
2026-08-21T10:01:43 | INFO     | app.strategies.liquidity_filter | LiquidityFilter: selected QQQ260821P00701000 | delta=N/A | spread_pct=0.069 | OI=1929 | vol=2785
2026-08-21T10:01:43 | INFO     | session_runner | [bridge:XLF] rsi_trend ready: sufficient bars
2026-08-21T10:01:43 | INFO     | session_runner | Market regime blocked | XLF/vwap_reclaim direction=long regime=short
2026-08-21T10:01:43 | INFO     | app.strategies.liquidity_filter | LiquidityFilter: selected XLF260821C00056000 | delta=N/A | spread_pct=0.084 | OI=54757 | vol=653
2026-08-21T10:02:14 | INFO     | session_runner | [cycle 60] 10:02:14 ET | positions=0 | entries=0
2026-08-21T10:02:14 | INFO     | session_runner | Periodic universe re-scan …
2026-08-21T10:02:14 | INFO     | app.scanning.universe_loader | UniverseLoader: loaded 5 groups (13 flat symbols) from /root/trader/config/ticker_universe.yaml (blacklist=0)
2026-08-21T10:02:14 | INFO     | app.scanning.universe_loader | UniverseLoader: 10 symbols from 2 group(s) (blacklist=0)
2026-08-21T10:02:14 | INFO     | session_runner | Universe scan: 10 symbols from 2 group(s) | max_active=3
2026-08-21T10:02:17 | INFO     | session_runner | Scan: 7 passed, 3 rejected
2026-08-21T10:02:17 | INFO     | session_runner |   XLF     score=78.0  signal=LONG     reasons: rvol=1.96x (elevated), atr=1.04% (good range), orb_breakout
2026-08-21T10:02:17 | INFO     | session_runner |   SMH     score=70.0  signal=SHORT    reasons: atr=2.96% (wide-range), orb_breakdown, trend_down
2026-08-21T10:02:17 | INFO     | session_runner |   QQQ     score=60.0  signal=SHORT    reasons: rvol=1.07x (normal), atr=1.32% (good range), orb_breakdown
2026-08-21T10:02:17 | INFO     | session_runner |   XLE     score=60.0  signal=SHORT    reasons: rvol=1.92x (elevated), atr=1.67% (wide-range), orb_breakdown
2026-08-21T10:02:17 | INFO     | session_runner |   IWM     score=56.0  signal=LONG     reasons: rvol=1.63x (elevated), atr=1.09% (good range), near_orb_level
2026-08-21T10:02:17 | INFO     | app.strategies.liquidity_filter | LiquidityFilter: no qualifying contracts for XLE SignalDirection.SHORT | total_candidates=48
2026-08-21T10:02:17 | INFO     | app.scanning.alpaca_confirmer | AlpacaConfirmer: no liquid contract for XLE (signal=SHORT)
2026-08-21T10:02:17 | INFO     | app.strategies.liquidity_filter | LiquidityFilter: selected XLF260821C00053000 | delta=N/A | spread_pct=0.078 | OI=37401 | vol=311
2026-08-21T10:02:17 | INFO     | app.scanning.alpaca_confirmer | AlpacaConfirmer: confirmed XLF | XLF260821C00053000 | exp=2026-08-21 | spread=7.84% | OI=37401 | vol=311
2026-08-21T10:02:17 | INFO     | app.strategies.liquidity_filter | LiquidityFilter: selected AAPL260821P00307500 | delta=N/A | spread_pct=0.029 | OI=10136 | vol=19008
2026-08-21T10:02:17 | INFO     | app.scanning.alpaca_confirmer | AlpacaConfirmer: confirmed AAPL | AAPL260821P00307500 | exp=2026-08-21 | spread=2.90% | OI=10136 | vol=19008
2026-08-21T10:02:17 | INFO     | app.strategies.liquidity_filter | LiquidityFilter: selected IWM260821C00301000 | delta=N/A | spread_pct=0.069 | OI=6531 | vol=8117
2026-08-21T10:02:17 | INFO     | app.scanning.alpaca_confirmer | AlpacaConfirmer: confirmed IWM | IWM260821C00301000 | exp=2026-08-21 | spread=6.90% | OI=6531 | vol=8117
2026-08-21T10:02:18 | INFO     | app.strategies.liquidity_filter | LiquidityFilter: no qualifying contracts for SMH SignalDirection.SHORT | total_candidates=204
2026-08-21T10:02:18 | INFO     | app.scanning.alpaca_confirmer | AlpacaConfirmer: liquidity_rejected_cost_cap | symbol=SMH | option_symbol=SMH260821P00610000 | ask=48.97 | ask_x_100=4897 | max_contract_cost=988
2026-08-21T10:02:18 | INFO     | app.scanning.alpaca_confirmer | AlpacaConfirmer: liquidity_rejected_cost_cap | symbol=SMH | option_symbol=SMH260821P00615000 | ask=54.68 | ask_x_100=5468 | max_contract_cost=988
2026-08-21T10:02:18 | INFO     | app.scanning.alpaca_confirmer | AlpacaConfirmer: liquidity_rejected_cost_cap | symbol=SMH | option_symbol=SMH260821P00620000 | ask=59.61 | ask_x_100=5961 | max_contract_cost=988
2026-08-21T10:02:18 | INFO     | app.scanning.alpaca_confirmer | AlpacaConfirmer: liquidity_rejected_cost_cap | symbol=SMH | option_symbol=SMH260821P00635000 | ask=72.73 | ask_x_100=7273 | max_contract_cost=988
2026-08-21T10:02:18 | INFO     | app.scanning.alpaca_confirmer | AlpacaConfirmer: liquidity_rejected_cost_cap | symbol=SMH | option_symbol=SMH260821P00655000 | ask=95.26 | ask_x_100=9526 | max_contract_cost=988
2026-08-21T10:02:18 | INFO     | app.scanning.alpaca_confirmer | AlpacaConfirmer: no liquid contract for SMH (signal=SHORT)
2026-08-21T10:02:18 | INFO     | app.strategies.liquidity_filter | LiquidityFilter: selected QQQ260821P00699000 | delta=N/A | spread_pct=0.087 | OI=1776 | vol=2117
2026-08-21T10:02:18 | INFO     | app.scanning.alpaca_confirmer | AlpacaConfirmer: confirmed QQQ | QQQ260821P00699000 | exp=2026-08-21 | spread=8.70% | OI=1776 | vol=2117
2026-08-21T10:02:18 | INFO     | session_runner | AlpacaConfirmer: 3 confirmed symbols: ['XLF', 'QQQ', 'IWM']
2026-08-21T10:02:18 | INFO     | session_runner | Re-scan updated active symbols: ['XLF', 'QQQ', 'IWM']
2026-08-21T10:02:18 | INFO     | session_runner | Broad-market regime | SPY=short
2026-08-21T10:02:18 | INFO     | session_runner | [bridge:XLF] rsi_trend ready: sufficient bars
2026-08-21T10:02:18 | INFO     | session_runner | Market regime blocked | XLF/vwap_reclaim direction=long regime=short
2026-08-21T10:02:18 | INFO     | app.strategies.liquidity_filter | LiquidityFilter: selected XLF260821C00053000 | delta=N/A | spread_pct=0.078 | OI=37401 | vol=311
2026-08-21T10:02:19 | INFO     | session_runner | [bridge:QQQ] rsi_trend ready: sufficient bars
2026-08-21T10:02:19 | INFO     | session_runner | Signal quality blocked | QQQ/vwap_reclaim score=1.0 < 3.0
2026-08-21T10:02:19 | INFO     | app.strategies.liquidity_filter | LiquidityFilter: selected QQQ260821P00699000 | delta=N/A | spread_pct=0.087 | OI=1776 | vol=2117
2026-08-21T10:02:20 | INFO     | session_runner | [bridge:IWM] rsi_trend ready: sufficient bars
2026-08-21T10:02:20 | INFO     | session_runner | Direction mismatch: scanner=LONG strategy=SHORT for IWM/vwap_reclaim — skipped
2026-08-21T10:02:50 | INFO     | session_runner | [cycle 61] 10:02:50 ET | positions=0 | entries=0
2026-08-21T10:02:50 | INFO     | session_runner | [bridge:XLF] rsi_trend ready: sufficient bars
2026-08-21T10:02:50 | INFO     | session_runner | Market regime blocked | XLF/vwap_reclaim direction=long regime=short
2026-08-21T10:02:50 | INFO     | app.strategies.liquidity_filter | LiquidityFilter: selected XLF260821C00053000 | delta=N/A | spread_pct=0.045 | OI=37401 | vol=311
2026-08-21T10:02:50 | INFO     | session_runner | [bridge:QQQ] rsi_trend ready: sufficient bars
2026-08-21T10:02:50 | INFO     | session_runner | Signal quality blocked | QQQ/vwap_reclaim score=1.0 < 3.0
2026-08-21T10:02:51 | INFO     | app.strategies.liquidity_filter | LiquidityFilter: selected QQQ260821P00699000 | delta=N/A | spread_pct=0.080 | OI=1776 | vol=2117
2026-08-21T10:02:51 | INFO     | session_runner | [bridge:IWM] rsi_trend ready: sufficient bars
2026-08-21T10:02:51 | INFO     | session_runner | Direction mismatch: scanner=LONG strategy=SHORT for IWM/vwap_reclaim — skipped
2026-08-21T10:03:21 | INFO     | session_runner | [cycle 62] 10:03:21 ET | positions=0 | entries=0
2026-08-21T10:03:21 | INFO     | session_runner | [bridge:XLF] rsi_trend ready: sufficient bars
2026-08-21T10:03:21 | INFO     | session_runner | Market regime blocked | XLF/vwap_reclaim direction=long regime=short
2026-08-21T10:03:22 | INFO     | app.strategies.liquidity_filter | LiquidityFilter: selected XLF260821C00053000 | delta=N/A | spread_pct=0.064 | OI=37401 | vol=311
2026-08-21T10:03:22 | INFO     | session_runner | [bridge:QQQ] rsi_trend ready: sufficient bars
2026-08-21T10:03:22 | INFO     | session_runner | Signal quality blocked | QQQ/vwap_reclaim score=1.0 < 3.0
2026-08-21T10:03:22 | INFO     | app.strategies.liquidity_filter | LiquidityFilter: selected QQQ260821P00702000 | delta=N/A | spread_pct=0.047 | OI=2181 | vol=2150
2026-08-21T10:03:23 | INFO     | session_runner | [bridge:IWM] rsi_trend ready: sufficient bars
2026-08-21T10:03:23 | INFO     | session_runner | Direction mismatch: scanner=LONG strategy=SHORT for IWM/vwap_reclaim — skipped
2026-08-21T10:03:53 | INFO     | session_runner | [cycle 63] 10:03:53 ET | positions=0 | entries=0
2026-08-21T10:03:53 | INFO     | session_runner | [bridge:XLF] rsi_trend ready: sufficient bars
2026-08-21T10:03:53 | INFO     | session_runner | Market regime blocked | XLF/vwap_reclaim direction=long regime=short
2026-08-21T10:03:53 | INFO     | app.strategies.liquidity_filter | LiquidityFilter: selected XLF260821C00053000 | delta=N/A | spread_pct=0.066 | OI=37401 | vol=311
2026-08-21T10:03:53 | INFO     | session_runner | [bridge:QQQ] rsi_trend ready: sufficient bars
2026-08-21T10:03:53 | INFO     | session_runner | Signal quality blocked | QQQ/vwap_reclaim score=1.0 < 3.0
2026-08-21T10:03:54 | INFO     | app.strategies.liquidity_filter | LiquidityFilter: selected QQQ260821P00700000 | delta=N/A | spread_pct=0.069 | OI=69545 | vol=9949
2026-08-21T10:03:54 | INFO     | session_runner | [bridge:IWM] rsi_trend ready: sufficient bars
2026-08-21T10:03:54 | INFO     | session_runner | Direction mismatch: scanner=LONG strategy=SHORT for IWM/vwap_reclaim — skipped
2026-08-21T10:04:24 | INFO     | session_runner | [cycle 64] 10:04:24 ET | positions=0 | entries=0
2026-08-21T10:04:24 | INFO     | session_runner | [bridge:XLF] rsi_trend ready: sufficient bars
2026-08-21T10:04:24 | INFO     | session_runner | Market regime blocked | XLF/vwap_reclaim direction=long regime=short
2026-08-21T10:04:25 | INFO     | app.strategies.liquidity_filter | LiquidityFilter: selected XLF260821C00053000 | delta=N/A | spread_pct=0.069 | OI=37401 | vol=311
2026-08-21T10:04:25 | INFO     | session_runner | [bridge:QQQ] rsi_trend ready: sufficient bars
2026-08-21T10:04:25 | INFO     | session_runner | Signal quality blocked | QQQ/vwap_reclaim score=1.0 < 3.0
2026-08-21T10:04:25 | INFO     | app.strategies.liquidity_filter | LiquidityFilter: selected QQQ260821P00698000 | delta=N/A | spread_pct=0.095 | OI=2558 | vol=2167
2026-08-21T10:04:26 | INFO     | session_runner | [bridge:IWM] rsi_trend ready: sufficient bars
2026-08-21T10:04:26 | INFO     | session_runner | Direction mismatch: scanner=LONG strategy=SHORT for IWM/vwap_reclaim — skipped
2026-08-21T10:04:56 | INFO     | session_runner | [cycle 65] 10:04:56 ET | positions=0 | entries=0
2026-08-21T10:04:56 | INFO     | session_runner | [bridge:XLF] rsi_trend ready: sufficient bars
2026-08-21T10:04:56 | INFO     | session_runner | Market regime blocked | XLF/vwap_reclaim direction=long regime=short
2026-08-21T10:04:56 | INFO     | app.strategies.liquidity_filter | LiquidityFilter: selected XLF260821C00053000 | delta=N/A | spread_pct=0.048 | OI=37401 | vol=311
2026-08-21T10:04:57 | INFO     | session_runner | [bridge:QQQ] rsi_trend ready: sufficient bars
2026-08-21T10:04:57 | INFO     | session_runner | Signal quality blocked | QQQ/vwap_reclaim score=1.0 < 3.0
2026-08-21T10:04:57 | INFO     | app.strategies.liquidity_filter | LiquidityFilter: selected QQQ260821P00699000 | delta=N/A | spread_pct=0.087 | OI=1776 | vol=2171
2026-08-21T10:04:57 | INFO     | session_runner | [bridge:IWM] rsi_trend ready: sufficient bars
2026-08-21T10:04:57 | INFO     | session_runner | Direction mismatch: scanner=LONG strategy=SHORT for IWM/vwap_reclaim — skipped
2026-08-21T10:05:28 | INFO     | session_runner | [cycle 66] 10:05:28 ET | positions=0 | entries=0
2026-08-21T10:05:28 | INFO     | session_runner | [bridge:XLF] rsi_trend ready: sufficient bars
2026-08-21T10:05:28 | INFO     | session_runner | Market regime blocked | XLF/vwap_reclaim direction=long regime=short
2026-08-21T10:05:28 | INFO     | app.strategies.liquidity_filter | LiquidityFilter: selected XLF260821C00053000 | delta=N/A | spread_pct=0.062 | OI=37401 | vol=311
2026-08-21T10:05:29 | INFO     | session_runner | [bridge:QQQ] rsi_trend ready: sufficient bars
2026-08-21T10:05:29 | INFO     | session_runner | Signal quality blocked | QQQ/vwap_reclaim score=1.0 < 3.0
2026-08-21T10:05:29 | INFO     | app.strategies.liquidity_filter | LiquidityFilter: selected QQQ260821P00702000 | delta=N/A | spread_pct=0.061 | OI=2181 | vol=2175
2026-08-21T10:05:30 | INFO     | session_runner | [bridge:IWM] rsi_trend ready: sufficient bars
2026-08-21T10:05:30 | INFO     | session_runner | Direction mismatch: scanner=LONG strategy=SHORT for IWM/vwap_reclaim — skipped
2026-08-21T10:06:00 | INFO     | session_runner | [cycle 67] 10:06:00 ET | positions=0 | entries=0
2026-08-21T10:06:01 | INFO     | session_runner | [bridge:XLF] rsi_trend ready: sufficient bars
2026-08-21T10:06:01 | INFO     | session_runner | Market regime blocked | XLF/vwap_reclaim direction=long regime=short
2026-08-21T10:06:01 | INFO     | app.strategies.liquidity_filter | LiquidityFilter: selected XLF260821C00057500 | delta=N/A | spread_pct=0.044 | OI=2488 | vol=68
2026-08-21T10:06:01 | INFO     | session_runner | [bridge:QQQ] rsi_trend ready: sufficient bars
2026-08-21T10:06:01 | INFO     | session_runner | Signal quality blocked | QQQ/vwap_reclaim score=1.0 < 3.0
2026-08-21T10:06:02 | INFO     | app.strategies.liquidity_filter | LiquidityFilter: selected QQQ260821P00703000 | delta=N/A | spread_pct=0.051 | OI=4865 | vol=2403
2026-08-21T10:06:03 | INFO     | session_runner | [bridge:IWM] rsi_trend ready: sufficient bars
2026-08-21T10:06:03 | INFO     | session_runner | Direction mismatch: scanner=LONG strategy=SHORT for IWM/vwap_reclaim — skipped
2026-08-21T10:06:33 | INFO     | session_runner | [cycle 68] 10:06:33 ET | positions=0 | entries=0
2026-08-21T10:06:33 | INFO     | session_runner | [bridge:XLF] rsi_trend ready: sufficient bars
2026-08-21T10:06:33 | INFO     | session_runner | Market regime blocked | XLF/vwap_reclaim direction=long regime=short
2026-08-21T10:06:34 | INFO     | app.strategies.liquidity_filter | LiquidityFilter: selected XLF260821C00053000 | delta=N/A | spread_pct=0.079 | OI=37401 | vol=311
2026-08-21T10:06:34 | INFO     | session_runner | [bridge:QQQ] rsi_trend ready: sufficient bars
2026-08-21T10:06:34 | INFO     | session_runner | Signal quality blocked | QQQ/vwap_reclaim score=1.0 < 3.0
2026-08-21T10:06:34 | INFO     | app.strategies.liquidity_filter | LiquidityFilter: selected QQQ260821P00699000 | delta=N/A | spread_pct=0.095 | OI=1776 | vol=2227
2026-08-21T10:06:35 | INFO     | session_runner | [bridge:IWM] rsi_trend ready: sufficient bars
2026-08-21T10:06:35 | INFO     | session_runner | Direction mismatch: scanner=LONG strategy=SHORT for IWM/vwap_reclaim — skipped
2026-08-21T10:07:05 | INFO     | session_runner | [cycle 69] 10:07:05 ET | positions=0 | entries=0
2026-08-21T10:07:05 | INFO     | session_runner | [bridge:XLF] rsi_trend ready: sufficient bars
2026-08-21T10:07:05 | INFO     | session_runner | Market regime blocked | XLF/vwap_reclaim direction=long regime=short
2026-08-21T10:07:06 | INFO     | app.strategies.liquidity_filter | LiquidityFilter: selected XLF260821C00057500 | delta=N/A | spread_pct=0.043 | OI=2488 | vol=68
2026-08-21T10:07:06 | INFO     | session_runner | [bridge:QQQ] rsi_trend ready: sufficient bars
2026-08-21T10:07:06 | INFO     | session_runner | Signal quality blocked | QQQ/vwap_reclaim score=1.0 < 3.0
2026-08-21T10:07:06 | INFO     | app.strategies.liquidity_filter | LiquidityFilter: selected QQQ260821P00699000 | delta=N/A | spread_pct=0.095 | OI=1776 | vol=2339
2026-08-21T10:07:07 | INFO     | session_runner | [bridge:IWM] rsi_trend ready: sufficient bars
2026-08-21T10:07:07 | INFO     | session_runner | Direction mismatch: scanner=LONG strategy=SHORT for IWM/vwap_reclaim — skipped
2026-08-21T10:07:37 | INFO     | session_runner | [cycle 70] 10:07:37 ET | positions=0 | entries=0
2026-08-21T10:07:37 | INFO     | session_runner | Periodic universe re-scan …
2026-08-21T10:07:37 | INFO     | app.scanning.universe_loader | UniverseLoader: loaded 5 groups (13 flat symbols) from /root/trader/config/ticker_universe.yaml (blacklist=0)
2026-08-21T10:07:37 | INFO     | app.scanning.universe_loader | UniverseLoader: 10 symbols from 2 group(s) (blacklist=0)
2026-08-21T10:07:37 | INFO     | session_runner | Universe scan: 10 symbols from 2 group(s) | max_active=3
2026-08-21T10:07:40 | INFO     | session_runner | Scan: 6 passed, 4 rejected
2026-08-21T10:07:40 | INFO     | session_runner |   XLF     score=88.0  signal=LONG     reasons: rvol=2.06x (high), atr=1.06% (good range), orb_breakout
2026-08-21T10:07:40 | INFO     | session_runner |   SMH     score=70.0  signal=SHORT    reasons: atr=2.98% (wide-range), orb_breakdown, trend_down
2026-08-21T10:07:40 | INFO     | session_runner |   XLE     score=60.0  signal=SHORT    reasons: rvol=1.91x (elevated), atr=1.67% (wide-range), orb_breakdown
2026-08-21T10:07:40 | INFO     | session_runner |   IWM     score=56.0  signal=LONG     reasons: rvol=1.57x (elevated), atr=1.09% (good range), near_orb_level
2026-08-21T10:07:40 | INFO     | session_runner |   AAPL    score=55.0  signal=SHORT    reasons: rvol=1.12x (normal), atr=2.29% (wide-range), near_orb_level
2026-08-21T10:07:40 | INFO     | app.strategies.liquidity_filter | LiquidityFilter: no qualifying contracts for XLE SignalDirection.SHORT | total_candidates=48
2026-08-21T10:07:40 | INFO     | app.scanning.alpaca_confirmer | AlpacaConfirmer: no liquid contract for XLE (signal=SHORT)
2026-08-21T10:07:40 | INFO     | app.strategies.liquidity_filter | LiquidityFilter: selected AAPL260821P00302500 | delta=N/A | spread_pct=0.087 | OI=6862 | vol=7848
2026-08-21T10:07:40 | INFO     | app.scanning.alpaca_confirmer | AlpacaConfirmer: confirmed AAPL | AAPL260821P00302500 | exp=2026-08-21 | spread=8.70% | OI=6862 | vol=7848
2026-08-21T10:07:40 | INFO     | app.strategies.liquidity_filter | LiquidityFilter: selected IWM260821C00300000 | delta=N/A | spread_pct=0.033 | OI=35897 | vol=11909
2026-08-21T10:07:40 | INFO     | app.scanning.alpaca_confirmer | AlpacaConfirmer: confirmed IWM | IWM260821C00300000 | exp=2026-08-21 | spread=3.28% | OI=35897 | vol=11909
2026-08-21T10:07:40 | INFO     | app.strategies.liquidity_filter | LiquidityFilter: selected XLF260821C00057500 | delta=N/A | spread_pct=0.043 | OI=2488 | vol=68
2026-08-21T10:07:40 | INFO     | app.scanning.alpaca_confirmer | AlpacaConfirmer: confirmed XLF | XLF260821C00057500 | exp=2026-08-21 | spread=4.26% | OI=2488 | vol=68
2026-08-21T10:07:40 | INFO     | app.strategies.liquidity_filter | LiquidityFilter: no qualifying contracts for SMH SignalDirection.SHORT | total_candidates=204
2026-08-21T10:07:40 | INFO     | app.scanning.alpaca_confirmer | AlpacaConfirmer: liquidity_rejected_cost_cap | symbol=SMH | option_symbol=SMH260821P00610000 | ask=50.51 | ask_x_100=5051 | max_contract_cost=988
2026-08-21T10:07:40 | INFO     | app.scanning.alpaca_confirmer | AlpacaConfirmer: liquidity_rejected_cost_cap | symbol=SMH | option_symbol=SMH260821P00615000 | ask=56.15 | ask_x_100=5615 | max_contract_cost=988
2026-08-21T10:07:40 | INFO     | app.scanning.alpaca_confirmer | AlpacaConfirmer: liquidity_rejected_cost_cap | symbol=SMH | option_symbol=SMH260821P00620000 | ask=59.71 | ask_x_100=5971 | max_contract_cost=988
2026-08-21T10:07:40 | INFO     | app.scanning.alpaca_confirmer | AlpacaConfirmer: liquidity_rejected_cost_cap | symbol=SMH | option_symbol=SMH260821P00635000 | ask=75.47 | ask_x_100=7547 | max_contract_cost=988
2026-08-21T10:07:40 | INFO     | app.scanning.alpaca_confirmer | AlpacaConfirmer: liquidity_rejected_cost_cap | symbol=SMH | option_symbol=SMH260821P00655000 | ask=97.27 | ask_x_100=9727 | max_contract_cost=988
2026-08-21T10:07:40 | INFO     | app.scanning.alpaca_confirmer | AlpacaConfirmer: no liquid contract for SMH (signal=SHORT)
2026-08-21T10:07:40 | INFO     | app.strategies.liquidity_filter | LiquidityFilter: selected SPY260821C00767000 | delta=N/A | spread_pct=0.024 | OI=4561 | vol=27868
2026-08-21T10:07:40 | INFO     | app.scanning.alpaca_confirmer | AlpacaConfirmer: confirmed SPY | SPY260821C00767000 | exp=2026-08-21 | spread=2.35% | OI=4561 | vol=27868
2026-08-21T10:07:40 | INFO     | session_runner | AlpacaConfirmer: 3 confirmed symbols: ['XLF', 'IWM', 'AAPL']
2026-08-21T10:07:40 | INFO     | session_runner | Re-scan updated active symbols: ['XLF', 'IWM', 'AAPL']
2026-08-21T10:07:40 | INFO     | session_runner | Broad-market regime | SPY=long
2026-08-21T10:07:41 | INFO     | session_runner | [bridge:XLF] rsi_trend ready: sufficient bars
2026-08-21T10:07:41 | INFO     | app.strategies.liquidity_filter | LiquidityFilter: selected XLF260821C00053000 | delta=N/A | spread_pct=0.054 | OI=37401 | vol=311
2026-08-21T10:07:41 | INFO     | session_runner | Paper scaled sizing blocked | XLF260821C00053000 | ask=4.7800 | budget=$250.00 | cap=10
2026-08-21T10:07:41 | INFO     | app.trading.trade_journal | Journal rejection 1150: XLF — paper_scaled_budget_below_one_contract
2026-08-21T10:07:41 | INFO     | session_runner | [bridge:IWM] rsi_trend ready: sufficient bars
2026-08-21T10:07:41 | INFO     | session_runner | Direction mismatch: scanner=LONG strategy=SHORT for IWM/vwap_reclaim — skipped
2026-08-21T10:07:41 | INFO     | session_runner | [bridge:AAPL] rsi_trend ready: sufficient bars
2026-08-21T10:08:11 | INFO     | session_runner | [cycle 71] 10:08:11 ET | positions=0 | entries=0
2026-08-21T10:08:12 | INFO     | session_runner | [bridge:XLF] rsi_trend ready: sufficient bars
2026-08-21T10:08:12 | INFO     | app.strategies.liquidity_filter | LiquidityFilter: selected XLF260821C00057500 | delta=N/A | spread_pct=0.080 | OI=2488 | vol=68
2026-08-21T10:08:12 | INFO     | session_runner | Paper scaled sizing | XLF260821C00057500 | ask=0.2600 | budget=$250.00 | qty=9 | premium=$234.00 | cap=10
2026-08-21T10:08:12 | INFO     | app.risk.risk_manager | RiskManager: APPROVED OrderSide.BUY_TO_OPEN XLF260821C00057500 | APPROVED | qty=9 | risk=$234.00
2026-08-21T10:08:12 | INFO     | app.brokers.alpaca_broker | Placing option order | payload={'symbol': 'XLF260821C00057500', 'qty': '9', 'side': 'buy', 'type': 'limit', 'time_in_force': 'day', 'limit_price': '0.26', 'order_class': 'simple'}
2026-08-21T10:08:12 | INFO     | app.risk.risk_manager | RiskManager: entry pending | strategy=vwap_reclaim entries=0 pending=1 exits=0
2026-08-21T10:08:12 | INFO     | session_runner | Order placed: 9a2d5a9f | XLF260821C00057500 | limit=0.26 | status=pending_new
2026-08-21T10:08:12 | INFO     | app.trading.trade_journal | Journal entry 1151: long XLF260821C00057500 @ 0.2600
2026-08-21T10:08:12 | INFO     | app.trading.fill_tracker | FillTracker registered 9a2d5a9f | XLF260821C00057500 | limit=0.2600
2026-08-21T10:08:42 | INFO     | session_runner | [cycle 72] 10:08:42 ET | positions=0 | entries=0
2026-08-21T10:08:42 | INFO     | app.trading.fill_tracker | FillTracker: FILL 9a2d5a9f @ 0.2400 (9/9 contracts)
2026-08-21T10:08:42 | INFO     | app.trading.trade_journal | Journal fill 1151: filled=9 @ 0.2400 ttf=31s
2026-08-21T10:08:42 | INFO     | app.trading.position_manager | Position opened | XLF260821C00057500 | entry=0.2400 | qty=9 | trail_activation=+25.0%
2026-08-21T10:08:42 | INFO     | app.risk.risk_manager | RiskManager: entry filled | strategy=vwap_reclaim entries=1 pending=0 exits=0
2026-08-21T10:08:42 | INFO     | session_runner | FillTracker: 1 fill(s) processed this cycle
2026-08-21T10:09:12 | INFO     | session_runner | [cycle 73] 10:09:12 ET | positions=1 | entries=1
2026-08-21T10:09:43 | INFO     | session_runner | [cycle 74] 10:09:43 ET | positions=1 | entries=1
2026-08-21T10:10:13 | INFO     | session_runner | [cycle 75] 10:10:13 ET | positions=1 | entries=1
2026-08-21T10:10:44 | INFO     | session_runner | [cycle 76] 10:10:44 ET | positions=1 | entries=1
2026-08-21T10:11:14 | INFO     | session_runner | [cycle 77] 10:11:14 ET | positions=1 | entries=1
2026-08-21T10:11:14 | INFO     | app.trading.reconciler | Reconciliation done: broker_pos=1 local_pos=1 broker_orders=0 local_pending=0 repaired=0 flagged=0 orders_confirmed=True positions_confirmed=True
2026-08-21T10:11:44 | INFO     | session_runner | [cycle 78] 10:11:44 ET | positions=1 | entries=1
2026-08-21T10:12:14 | INFO     | session_runner | [cycle 79] 10:12:14 ET | positions=1 | entries=1
2026-08-21T10:12:45 | INFO     | session_runner | [cycle 80] 10:12:45 ET | positions=1 | entries=1
2026-08-21T10:12:45 | INFO     | session_runner | Periodic universe re-scan …
2026-08-21T10:12:45 | INFO     | app.scanning.universe_loader | UniverseLoader: loaded 5 groups (13 flat symbols) from /root/trader/config/ticker_universe.yaml (blacklist=0)
2026-08-21T10:12:45 | INFO     | app.scanning.universe_loader | UniverseLoader: 10 symbols from 2 group(s) (blacklist=0)
2026-08-21T10:12:45 | INFO     | session_runner | Universe scan: 10 symbols from 2 group(s) | max_active=3
2026-08-21T10:12:48 | INFO     | session_runner | Scan: 5 passed, 5 rejected
2026-08-21T10:12:48 | INFO     | session_runner |   XLF     score=78.0  signal=LONG     reasons: rvol=1.95x (elevated), atr=1.06% (good range), orb_breakout
2026-08-21T10:12:48 | INFO     | session_runner |   SMH     score=70.0  signal=SHORT    reasons: atr=3.00% (wide-range), orb_breakdown, trend_down
2026-08-21T10:12:48 | INFO     | session_runner |   QQQ     score=55.0  signal=SHORT    reasons: atr=1.32% (good range), orb_breakdown, trend_sideways
2026-08-21T10:12:48 | INFO     | session_runner |   AAPL    score=55.0  signal=SHORT    reasons: rvol=1.10x (normal), atr=2.29% (wide-range), near_orb_level
2026-08-21T10:12:48 | INFO     | session_runner |   SPY     score=41.0  signal=LONG     reasons: rvol=1.32x (normal), atr=0.76% (minimal range), near_orb_level
2026-08-21T10:12:48 | INFO     | app.strategies.liquidity_filter | LiquidityFilter: selected XLF260821C00056000 | delta=N/A | spread_pct=0.054 | OI=54757 | vol=832
2026-08-21T10:12:48 | INFO     | app.scanning.alpaca_confirmer | AlpacaConfirmer: confirmed XLF | XLF260821C00056000 | exp=2026-08-21 | spread=5.37% | OI=54757 | vol=832
2026-08-21T10:12:48 | INFO     | app.strategies.liquidity_filter | LiquidityFilter: selected AAPL260821P00305000 | delta=N/A | spread_pct=0.092 | OI=12615 | vol=32377
2026-08-21T10:12:48 | INFO     | app.scanning.alpaca_confirmer | AlpacaConfirmer: confirmed AAPL | AAPL260821P00305000 | exp=2026-08-21 | spread=9.23% | OI=12615 | vol=32377
2026-08-21T10:12:48 | INFO     | app.strategies.liquidity_filter | LiquidityFilter: selected SMH260821P00547500 | delta=N/A | spread_pct=0.054 | OI=190 | vol=118
2026-08-21T10:12:48 | INFO     | app.scanning.alpaca_confirmer | AlpacaConfirmer: confirmed SMH | SMH260821P00547500 | exp=2026-08-21 | spread=5.41% | OI=190 | vol=118
2026-08-21T10:12:48 | INFO     | app.strategies.liquidity_filter | LiquidityFilter: selected SPY260821C00767000 | delta=N/A | spread_pct=0.028 | OI=4561 | vol=33459
2026-08-21T10:12:48 | INFO     | app.scanning.alpaca_confirmer | AlpacaConfirmer: confirmed SPY | SPY260821C00767000 | exp=2026-08-21 | spread=2.82% | OI=4561 | vol=33459
2026-08-21T10:12:48 | INFO     | app.strategies.liquidity_filter | LiquidityFilter: selected QQQ260821P00700000 | delta=N/A | spread_pct=0.080 | OI=69545 | vol=12986
2026-08-21T10:12:48 | INFO     | app.scanning.alpaca_confirmer | AlpacaConfirmer: confirmed QQQ | QQQ260821P00700000 | exp=2026-08-21 | spread=8.00% | OI=69545 | vol=12986
2026-08-21T10:12:48 | INFO     | session_runner | AlpacaConfirmer: 3 confirmed symbols: ['XLF', 'SMH', 'QQQ']
2026-08-21T10:12:48 | INFO     | session_runner | Re-scan updated active symbols: ['XLF', 'SMH', 'QQQ']
2026-08-21T10:12:48 | INFO     | session_runner | Broad-market regime | SPY=neutral
2026-08-21T10:13:18 | INFO     | session_runner | [cycle 81] 10:13:18 ET | positions=1 | entries=1
2026-08-21T10:13:48 | INFO     | session_runner | [cycle 82] 10:13:48 ET | positions=1 | entries=1
2026-08-21T10:14:19 | INFO     | session_runner | [cycle 83] 10:14:19 ET | positions=1 | entries=1
2026-08-21T10:14:49 | INFO     | session_runner | [cycle 84] 10:14:49 ET | positions=1 | entries=1
2026-08-21T10:15:19 | INFO     | session_runner | [cycle 85] 10:15:19 ET | positions=1 | entries=1
2026-08-21T10:15:50 | INFO     | session_runner | [cycle 86] 10:15:50 ET | positions=1 | entries=1
2026-08-21T10:16:20 | INFO     | session_runner | [cycle 87] 10:16:20 ET | positions=1 | entries=1
2026-08-21T10:16:50 | INFO     | session_runner | [cycle 88] 10:16:50 ET | positions=1 | entries=1
2026-08-21T10:17:21 | INFO     | session_runner | [cycle 89] 10:17:21 ET | positions=1 | entries=1
2026-08-21T10:17:51 | INFO     | session_runner | [cycle 90] 10:17:51 ET | positions=1 | entries=1
2026-08-21T10:17:51 | INFO     | session_runner | Periodic universe re-scan …
2026-08-21T10:17:51 | INFO     | app.scanning.universe_loader | UniverseLoader: loaded 5 groups (13 flat symbols) from /root/trader/config/ticker_universe.yaml (blacklist=0)
2026-08-21T10:17:51 | INFO     | app.scanning.universe_loader | UniverseLoader: 10 symbols from 2 group(s) (blacklist=0)
2026-08-21T10:17:51 | INFO     | session_runner | Universe scan: 10 symbols from 2 group(s) | max_active=3
2026-08-21T10:17:54 | INFO     | session_runner | Scan: 6 passed, 4 rejected
2026-08-21T10:17:54 | INFO     | session_runner |   XLF     score=78.0  signal=LONG     reasons: rvol=1.79x (elevated), atr=1.06% (good range), orb_breakout
2026-08-21T10:17:54 | INFO     | session_runner |   SMH     score=70.0  signal=SHORT    reasons: atr=3.07% (wide-range), orb_breakdown, trend_down
2026-08-21T10:17:54 | INFO     | session_runner |   QQQ     score=60.0  signal=SHORT    reasons: rvol=1.12x (normal), atr=1.33% (good range), orb_breakdown
2026-08-21T10:17:54 | INFO     | session_runner |   IWM     score=53.0  signal=SHORT    reasons: rvol=1.42x (normal), atr=1.09% (good range), orb_breakdown
2026-08-21T10:17:54 | INFO     | session_runner |   XLE     score=53.0  signal=LONG     reasons: rvol=1.77x (elevated), atr=1.66% (wide-range), near_orb_level
2026-08-21T10:17:54 | INFO     | app.strategies.liquidity_filter | LiquidityFilter: selected XLE260821C00063000 | delta=N/A | spread_pct=0.079 | OI=7320 | vol=91
2026-08-21T10:17:54 | INFO     | app.scanning.alpaca_confirmer | AlpacaConfirmer: confirmed XLE | XLE260821C00063000 | exp=2026-08-21 | spread=7.92% | OI=7320 | vol=91
2026-08-21T10:17:54 | INFO     | app.strategies.liquidity_filter | LiquidityFilter: selected XLF260821C00056000 | delta=N/A | spread_pct=0.043 | OI=54757 | vol=832
2026-08-21T10:17:54 | INFO     | app.scanning.alpaca_confirmer | AlpacaConfirmer: confirmed XLF | XLF260821C00056000 | exp=2026-08-21 | spread=4.26% | OI=54757 | vol=832
2026-08-21T10:17:55 | INFO     | app.strategies.liquidity_filter | LiquidityFilter: selected IWM260821P00297000 | delta=N/A | spread_pct=0.061 | OI=3491 | vol=6591
2026-08-21T10:17:55 | INFO     | app.scanning.alpaca_confirmer | AlpacaConfirmer: confirmed IWM | IWM260821P00297000 | exp=2026-08-21 | spread=6.06% | OI=3491 | vol=6591
2026-08-21T10:17:55 | INFO     | app.strategies.liquidity_filter | LiquidityFilter: no qualifying contracts for SMH SignalDirection.SHORT | total_candidates=204
2026-08-21T10:17:55 | INFO     | app.scanning.alpaca_confirmer | AlpacaConfirmer: liquidity_rejected_cost_cap | symbol=SMH | option_symbol=SMH260821P00610000 | ask=52.93 | ask_x_100=5293 | max_contract_cost=988
2026-08-21T10:17:55 | INFO     | app.scanning.alpaca_confirmer | AlpacaConfirmer: liquidity_rejected_cost_cap | symbol=SMH | option_symbol=SMH260821P00615000 | ask=58.29 | ask_x_100=5829 | max_contract_cost=988
2026-08-21T10:17:55 | INFO     | app.scanning.alpaca_confirmer | AlpacaConfirmer: liquidity_rejected_cost_cap | symbol=SMH | option_symbol=SMH260821P00620000 | ask=63.60 | ask_x_100=6360 | max_contract_cost=988
2026-08-21T10:17:55 | INFO     | app.scanning.alpaca_confirmer | AlpacaConfirmer: liquidity_rejected_cost_cap | symbol=SMH | option_symbol=SMH260821P00635000 | ask=76.95 | ask_x_100=7695 | max_contract_cost=988
2026-08-21T10:17:55 | INFO     | app.scanning.alpaca_confirmer | AlpacaConfirmer: liquidity_rejected_cost_cap | symbol=SMH | option_symbol=SMH260821P00655000 | ask=97.66 | ask_x_100=9766 | max_contract_cost=988
2026-08-21T10:17:55 | INFO     | app.scanning.alpaca_confirmer | AlpacaConfirmer: no liquid contract for SMH (signal=SHORT)
2026-08-21T10:17:55 | INFO     | app.strategies.liquidity_filter | LiquidityFilter: selected SPY260821C00766000 | delta=N/A | spread_pct=0.018 | OI=3665 | vol=84532
2026-08-21T10:17:55 | INFO     | app.scanning.alpaca_confirmer | AlpacaConfirmer: confirmed SPY | SPY260821C00766000 | exp=2026-08-21 | spread=1.77% | OI=3665 | vol=84532
2026-08-21T10:17:55 | INFO     | app.strategies.liquidity_filter | LiquidityFilter: selected QQQ260821P00699000 | delta=N/A | spread_pct=0.087 | OI=1776 | vol=2691
2026-08-21T10:17:55 | INFO     | app.scanning.alpaca_confirmer | AlpacaConfirmer: confirmed QQQ | QQQ260821P00699000 | exp=2026-08-21 | spread=8.70% | OI=1776 | vol=2691
2026-08-21T10:17:55 | INFO     | session_runner | AlpacaConfirmer: 3 confirmed symbols: ['XLF', 'QQQ', 'IWM']
2026-08-21T10:17:55 | INFO     | session_runner | Re-scan updated active symbols: ['XLF', 'QQQ', 'IWM']
2026-08-21T10:17:55 | INFO     | session_runner | Broad-market regime | SPY=neutral
2026-08-21T10:18:25 | INFO     | session_runner | [cycle 91] 10:18:25 ET | positions=1 | entries=1
2026-08-21T10:18:25 | INFO     | app.evaluation.shadow_book | ShadowBook: closed vwap_reclaim IWM260821P00300000 @ 1.5100 → +76.00 (take_profit, fill-validated)
2026-08-21T10:18:55 | INFO     | session_runner | [cycle 92] 10:18:55 ET | positions=1 | entries=1
2026-08-21T10:19:25 | INFO     | session_runner | [cycle 93] 10:19:25 ET | positions=1 | entries=1
2026-08-21T10:19:55 | INFO     | session_runner | [cycle 94] 10:19:55 ET | positions=1 | entries=1
2026-08-21T10:20:26 | INFO     | session_runner | [cycle 95] 10:20:26 ET | positions=1 | entries=1
2026-08-21T10:20:56 | INFO     | session_runner | [cycle 96] 10:20:56 ET | positions=1 | entries=1
2026-08-21T10:21:26 | INFO     | session_runner | [cycle 97] 10:21:26 ET | positions=1 | entries=1
2026-08-21T10:21:26 | INFO     | app.trading.reconciler | Reconciliation done: broker_pos=1 local_pos=1 broker_orders=0 local_pending=0 repaired=0 flagged=0 orders_confirmed=True positions_confirmed=True
2026-08-21T10:21:56 | INFO     | session_runner | [cycle 98] 10:21:56 ET | positions=1 | entries=1
2026-08-21T10:22:26 | INFO     | session_runner | [cycle 99] 10:22:26 ET | positions=1 | entries=1
2026-08-21T10:22:57 | INFO     | session_runner | [cycle 100] 10:22:57 ET | positions=1 | entries=1
2026-08-21T10:22:57 | INFO     | session_runner | Periodic universe re-scan …
2026-08-21T10:22:57 | INFO     | app.scanning.universe_loader | UniverseLoader: loaded 5 groups (13 flat symbols) from /root/trader/config/ticker_universe.yaml (blacklist=0)
2026-08-21T10:22:57 | INFO     | app.scanning.universe_loader | UniverseLoader: 10 symbols from 2 group(s) (blacklist=0)
2026-08-21T10:22:57 | INFO     | session_runner | Universe scan: 10 symbols from 2 group(s) | max_active=3
2026-08-21T10:23:00 | INFO     | session_runner | Scan: 7 passed, 3 rejected
2026-08-21T10:23:00 | INFO     | session_runner |   XLF     score=78.0  signal=LONG     reasons: rvol=1.73x (elevated), atr=1.06% (good range), orb_breakout
2026-08-21T10:23:00 | INFO     | session_runner |   SMH     score=70.0  signal=SHORT    reasons: atr=3.09% (wide-range), orb_breakdown, trend_down
2026-08-21T10:23:00 | INFO     | session_runner |   IWM     score=63.0  signal=SHORT    reasons: rvol=1.61x (elevated), atr=1.09% (good range), orb_breakdown
2026-08-21T10:23:00 | INFO     | session_runner |   QQQ     score=60.0  signal=SHORT    reasons: rvol=1.11x (normal), atr=1.34% (good range), orb_breakdown
2026-08-21T10:23:00 | INFO     | session_runner |   AAPL    score=55.0  signal=SHORT    reasons: rvol=1.02x (normal), atr=2.29% (wide-range), near_orb_level
2026-08-21T10:23:00 | INFO     | app.strategies.liquidity_filter | LiquidityFilter: selected XLE260821C00062000 | delta=N/A | spread_pct=0.093 | OI=18255 | vol=74
2026-08-21T10:23:00 | INFO     | app.scanning.alpaca_confirmer | AlpacaConfirmer: confirmed XLE | XLE260821C00062000 | exp=2026-08-21 | spread=9.33% | OI=18255 | vol=74
2026-08-21T10:23:00 | INFO     | app.strategies.liquidity_filter | LiquidityFilter: selected AAPL260821P00305000 | delta=N/A | spread_pct=0.033 | OI=12615 | vol=39407
2026-08-21T10:23:00 | INFO     | app.scanning.alpaca_confirmer | AlpacaConfirmer: confirmed AAPL | AAPL260821P00305000 | exp=2026-08-21 | spread=3.28% | OI=12615 | vol=39407
2026-08-21T10:23:00 | INFO     | app.strategies.liquidity_filter | LiquidityFilter: selected XLF260821C00056000 | delta=N/A | spread_pct=0.072 | OI=54757 | vol=844
2026-08-21T10:23:00 | INFO     | app.scanning.alpaca_confirmer | AlpacaConfirmer: confirmed XLF | XLF260821C00056000 | exp=2026-08-21 | spread=7.23% | OI=54757 | vol=844
2026-08-21T10:23:00 | INFO     | app.strategies.liquidity_filter | LiquidityFilter: selected IWM260821P00298000 | delta=N/A | spread_pct=0.034 | OI=6754 | vol=13392
2026-08-21T10:23:00 | INFO     | app.scanning.alpaca_confirmer | AlpacaConfirmer: confirmed IWM | IWM260821P00298000 | exp=2026-08-21 | spread=3.39% | OI=6754 | vol=13392
2026-08-21T10:23:01 | INFO     | app.strategies.liquidity_filter | LiquidityFilter: no qualifying contracts for SMH SignalDirection.SHORT | total_candidates=204
2026-08-21T10:23:01 | INFO     | app.scanning.alpaca_confirmer | AlpacaConfirmer: liquidity_rejected_cost_cap | symbol=SMH | option_symbol=SMH260821P00590000 | ask=33.15 | ask_x_100=3315 | max_contract_cost=988
2026-08-21T10:23:01 | INFO     | app.scanning.alpaca_confirmer | AlpacaConfirmer: liquidity_rejected_cost_cap | symbol=SMH | option_symbol=SMH260821P00610000 | ask=52.78 | ask_x_100=5278 | max_contract_cost=988
2026-08-21T10:23:01 | INFO     | app.scanning.alpaca_confirmer | AlpacaConfirmer: liquidity_rejected_cost_cap | symbol=SMH | option_symbol=SMH260821P00615000 | ask=56.98 | ask_x_100=5698 | max_contract_cost=988
2026-08-21T10:23:01 | INFO     | app.scanning.alpaca_confirmer | AlpacaConfirmer: liquidity_rejected_cost_cap | symbol=SMH | option_symbol=SMH260821P00620000 | ask=63.47 | ask_x_100=6347 | max_contract_cost=988
2026-08-21T10:23:01 | INFO     | app.scanning.alpaca_confirmer | AlpacaConfirmer: liquidity_rejected_cost_cap | symbol=SMH | option_symbol=SMH260821P00655000 | ask=97.08 | ask_x_100=9708 | max_contract_cost=988
2026-08-21T10:23:01 | INFO     | app.scanning.alpaca_confirmer | AlpacaConfirmer: no liquid contract for SMH (signal=SHORT)
2026-08-21T10:23:01 | INFO     | app.strategies.liquidity_filter | LiquidityFilter: selected QQQ260821P00704000 | delta=N/A | spread_pct=0.035 | OI=1737 | vol=6381
2026-08-21T10:23:01 | INFO     | app.scanning.alpaca_confirmer | AlpacaConfirmer: confirmed QQQ | QQQ260821P00704000 | exp=2026-08-21 | spread=3.51% | OI=1737 | vol=6381
2026-08-21T10:23:01 | INFO     | session_runner | AlpacaConfirmer: 3 confirmed symbols: ['XLF', 'IWM', 'QQQ']
2026-08-21T10:23:01 | INFO     | session_runner | Re-scan updated active symbols: ['XLF', 'IWM', 'QQQ']
2026-08-21T10:23:01 | INFO     | session_runner | Broad-market regime | SPY=neutral
2026-08-21T10:23:31 | INFO     | session_runner | [cycle 101] 10:23:31 ET | positions=1 | entries=1
2026-08-21T10:24:01 | INFO     | session_runner | [cycle 102] 10:24:01 ET | positions=1 | entries=1
2026-08-21T10:24:32 | INFO     | session_runner | [cycle 103] 10:24:32 ET | positions=1 | entries=1
2026-08-21T10:25:02 | INFO     | session_runner | [cycle 104] 10:25:02 ET | positions=1 | entries=1
2026-08-21T10:25:32 | INFO     | session_runner | [cycle 105] 10:25:32 ET | positions=1 | entries=1
2026-08-21T10:26:02 | INFO     | session_runner | [cycle 106] 10:26:02 ET | positions=1 | entries=1
2026-08-21T10:26:32 | INFO     | session_runner | [cycle 107] 10:26:32 ET | positions=1 | entries=1
2026-08-21T10:27:03 | INFO     | session_runner | [cycle 108] 10:27:03 ET | positions=1 | entries=1
2026-08-21T10:27:33 | INFO     | session_runner | [cycle 109] 10:27:33 ET | positions=1 | entries=1
2026-08-21T10:28:03 | INFO     | session_runner | [cycle 110] 10:28:03 ET | positions=1 | entries=1
2026-08-21T10:28:03 | INFO     | session_runner | Periodic universe re-scan …
2026-08-21T10:28:03 | INFO     | app.scanning.universe_loader | UniverseLoader: loaded 5 groups (13 flat symbols) from /root/trader/config/ticker_universe.yaml (blacklist=0)
2026-08-21T10:28:03 | INFO     | app.scanning.universe_loader | UniverseLoader: 10 symbols from 2 group(s) (blacklist=0)
2026-08-21T10:28:03 | INFO     | session_runner | Universe scan: 10 symbols from 2 group(s) | max_active=3
2026-08-21T10:28:05 | INFO     | session_runner | Scan: 7 passed, 3 rejected
2026-08-21T10:28:05 | INFO     | session_runner |   SMH     score=70.0  signal=SHORT    reasons: atr=3.09% (wide-range), orb_breakdown, trend_down
2026-08-21T10:28:05 | INFO     | session_runner |   XLF     score=66.0  signal=LONG     reasons: rvol=1.62x (elevated), atr=1.06% (good range), near_orb_level
2026-08-21T10:28:05 | INFO     | session_runner |   IWM     score=63.0  signal=SHORT    reasons: rvol=1.57x (elevated), atr=1.09% (good range), orb_breakdown
2026-08-21T10:28:05 | INFO     | session_runner |   XLE     score=53.0  signal=LONG     reasons: rvol=1.74x (elevated), atr=1.66% (wide-range), near_orb_level
2026-08-21T10:28:05 | INFO     | session_runner |   QQQ     score=50.0  signal=SHORT    reasons: rvol=1.09x (normal), atr=1.34% (good range), orb_breakdown
2026-08-21T10:28:05 | INFO     | app.strategies.liquidity_filter | LiquidityFilter: selected XLE260821C00064000 | delta=N/A | spread_pct=0.091 | OI=14865 | vol=589
2026-08-21T10:28:05 | INFO     | app.scanning.alpaca_confirmer | AlpacaConfirmer: confirmed XLE | XLE260821C00064000 | exp=2026-08-21 | spread=9.09% | OI=14865 | vol=589
2026-08-21T10:28:05 | INFO     | app.strategies.liquidity_filter | LiquidityFilter: selected XLF260821C00056000 | delta=N/A | spread_pct=0.068 | OI=54757 | vol=848
2026-08-21T10:28:05 | INFO     | app.scanning.alpaca_confirmer | AlpacaConfirmer: confirmed XLF | XLF260821C00056000 | exp=2026-08-21 | spread=6.81% | OI=54757 | vol=848
2026-08-21T10:28:05 | INFO     | app.strategies.liquidity_filter | LiquidityFilter: selected AAPL260821P00305000 | delta=N/A | spread_pct=0.098 | OI=12615 | vol=41149
2026-08-21T10:28:05 | INFO     | app.scanning.alpaca_confirmer | AlpacaConfirmer: confirmed AAPL | AAPL260821P00305000 | exp=2026-08-21 | spread=9.84% | OI=12615 | vol=41149
2026-08-21T10:28:05 | INFO     | app.strategies.liquidity_filter | LiquidityFilter: selected IWM260821P00297500 | delta=N/A | spread_pct=0.061 | OI=1337 | vol=4238
2026-08-21T10:28:05 | INFO     | app.scanning.alpaca_confirmer | AlpacaConfirmer: confirmed IWM | IWM260821P00297500 | exp=2026-08-21 | spread=6.06% | OI=1337 | vol=4238
2026-08-21T10:28:05 | INFO     | app.strategies.liquidity_filter | LiquidityFilter: no qualifying contracts for SMH SignalDirection.SHORT | total_candidates=204
2026-08-21T10:28:05 | INFO     | app.scanning.alpaca_confirmer | AlpacaConfirmer: liquidity_rejected_cost_cap | symbol=SMH | option_symbol=SMH260821P00590000 | ask=32.15 | ask_x_100=3215 | max_contract_cost=988
2026-08-21T10:28:05 | INFO     | app.scanning.alpaca_confirmer | AlpacaConfirmer: liquidity_rejected_cost_cap | symbol=SMH | option_symbol=SMH260821P00610000 | ask=51.29 | ask_x_100=5129 | max_contract_cost=988
2026-08-21T10:28:05 | INFO     | app.scanning.alpaca_confirmer | AlpacaConfirmer: liquidity_rejected_cost_cap | symbol=SMH | option_symbol=SMH260821P00615000 | ask=57.57 | ask_x_100=5757 | max_contract_cost=988
2026-08-21T10:28:05 | INFO     | app.scanning.alpaca_confirmer | AlpacaConfirmer: liquidity_rejected_cost_cap | symbol=SMH | option_symbol=SMH260821P00620000 | ask=61.41 | ask_x_100=6141 | max_contract_cost=988
2026-08-21T10:28:05 | INFO     | app.scanning.alpaca_confirmer | AlpacaConfirmer: liquidity_rejected_cost_cap | symbol=SMH | option_symbol=SMH260821P00655000 | ask=97.44 | ask_x_100=9744 | max_contract_cost=988
2026-08-21T10:28:05 | INFO     | app.scanning.alpaca_confirmer | AlpacaConfirmer: no liquid contract for SMH (signal=SHORT)
2026-08-21T10:28:05 | INFO     | app.strategies.liquidity_filter | LiquidityFilter: selected QQQ260821P00703000 | delta=N/A | spread_pct=0.057 | OI=4865 | vol=4001
2026-08-21T10:28:05 | INFO     | app.scanning.alpaca_confirmer | AlpacaConfirmer: confirmed QQQ | QQQ260821P00703000 | exp=2026-08-21 | spread=5.71% | OI=4865 | vol=4001
2026-08-21T10:28:05 | INFO     | session_runner | AlpacaConfirmer: 3 confirmed symbols: ['XLF', 'IWM', 'XLE']
2026-08-21T10:28:05 | INFO     | session_runner | Re-scan updated active symbols: ['XLF', 'IWM', 'XLE']
2026-08-21T10:28:05 | INFO     | session_runner | Broad-market regime | SPY=short
2026-08-21T10:28:35 | INFO     | session_runner | [cycle 111] 10:28:35 ET | positions=1 | entries=1
2026-08-21T10:29:06 | INFO     | session_runner | [cycle 112] 10:29:06 ET | positions=1 | entries=1
2026-08-21T10:29:36 | INFO     | session_runner | [cycle 113] 10:29:36 ET | positions=1 | entries=1
2026-08-21T10:30:06 | INFO     | session_runner | [cycle 114] 10:30:06 ET | positions=1 | entries=1
2026-08-21T10:30:37 | INFO     | session_runner | [cycle 115] 10:30:37 ET | positions=1 | entries=1
2026-08-21T10:30:37 | INFO     | session_runner | Exit triggered | XLF260821C00057500 | reason=stop_loss | bid=0.1100 | pnl_est=-117.00
2026-08-21T10:30:37 | WARNING  | session_runner | Exit spread warning | XLF260821C00057500 | spread_pct=0.308 > max=0.100 | bid=0.1100 ask=0.1500 | reason=stop_loss
2026-08-21T10:30:37 | INFO     | app.brokers.alpaca_broker | Placing option order | payload={'symbol': 'XLF260821C00057500', 'qty': '9', 'side': 'sell', 'type': 'limit', 'time_in_force': 'day', 'limit_price': '0.11', 'order_class': 'simple'}
2026-08-21T10:30:37 | INFO     | app.trading.position_manager | Exit pending | XLF260821C00057500 | order=60fb8789 | limit=0.1100 | reason=stop_loss | mandatory=True
2026-08-21T10:30:37 | INFO     | session_runner | Exit order placed | XLF260821C00057500 | limit=0.1100 | order_id=60fb8789 | reason=stop_loss
2026-08-21T10:31:08 | INFO     | session_runner | [cycle 116] 10:31:08 ET | positions=1 | entries=1
2026-08-21T10:31:08 | INFO     | app.trading.position_manager | Partial fill | XLF260821C00057500 | +9 @ 0.1200 | total_confirmed=9
2026-08-21T10:31:08 | INFO     | app.trading.position_manager | Loss recorded on XLF260821C00057500 (pnl=-108.00) — cooldown active for 15 min
2026-08-21T10:31:08 | INFO     | app.trading.position_manager | Position closed (confirmed) | XLF260821C00057500 | exit=0.1200 | pnl=-108.00
2026-08-21T10:31:08 | INFO     | app.risk.risk_manager | RiskManager: exit recorded | entries=1 exits=1 losses=1 daily_pnl=-108.00
2026-08-21T10:31:08 | INFO     | app.trading.trade_journal | Journal exit 1151: reason=stop_loss pnl=-108.00 hold=1345s
2026-08-21T10:31:08 | INFO     | session_runner | Closed 1 position(s) this cycle
2026-08-21T10:31:08 | INFO     | session_runner | [bridge:IWM] rsi_trend ready: sufficient bars
2026-08-21T10:31:08 | INFO     | session_runner | Cooldown active — skipping IWM signal
2026-08-21T10:31:08 | INFO     | app.strategies.liquidity_filter | LiquidityFilter: selected IWM260821P00298000 | delta=N/A | spread_pct=0.036 | OI=6754 | vol=19003
2026-08-21T10:31:08 | INFO     | app.evaluation.shadow_book | ShadowBook: simulating orb/baseline IWM260821P00298000 @ 0.2800 (blocked: cooldown_after_loss, fill-validated at entry)
2026-08-21T10:31:09 | INFO     | app.strategies.liquidity_filter | LiquidityFilter: selected IWM260821C00299000 | delta=N/A | spread_pct=0.021 | OI=3811 | vol=5702
2026-08-21T10:31:09 | INFO     | app.evaluation.shadow_book | ShadowBook: simulating orb/inverted IWM260821C00299000 @ 0.4900 (blocked: inverted_direction_counterfactual, fill-validated at entry)
2026-08-21T10:31:09 | INFO     | app.trading.trade_journal | Journal rejection 1152: IWM — cooldown_after_loss
2026-08-21T10:31:09 | INFO     | session_runner | Signal quality blocked | IWM/vwap_reclaim score=2.0 < 3.0
2026-08-21T10:31:10 | INFO     | app.strategies.liquidity_filter | LiquidityFilter: selected IWM260821P00297500 | delta=N/A | spread_pct=0.054 | OI=1337 | vol=5022
2026-08-21T10:31:10 | INFO     | app.evaluation.shadow_book | ShadowBook: simulating vwap_reclaim/baseline IWM260821P00297500 @ 0.1900 (blocked: signal_quality_below_min, fill-validated at entry)
2026-08-21T10:31:10 | INFO     | app.strategies.liquidity_filter | LiquidityFilter: selected IWM260821C00299000 | delta=N/A | spread_pct=0.041 | OI=3811 | vol=5702
2026-08-21T10:31:11 | INFO     | session_runner | [bridge:XLE] rsi_trend ready: sufficient bars
2026-08-21T10:31:11 | INFO     | session_runner | Direction mismatch: scanner=LONG strategy=SHORT for XLE/vwap_reclaim — skipped
2026-08-21T10:31:41 | INFO     | session_runner | [cycle 117] 10:31:41 ET | positions=0 | entries=1
2026-08-21T10:31:41 | INFO     | app.trading.reconciler | Reconciliation done: broker_pos=0 local_pos=0 broker_orders=0 local_pending=0 repaired=0 flagged=0 orders_confirmed=True positions_confirmed=True
2026-08-21T10:31:42 | INFO     | session_runner | [bridge:IWM] rsi_trend ready: sufficient bars
2026-08-21T10:31:42 | INFO     | session_runner | Cooldown active — skipping IWM signal
2026-08-21T10:31:42 | INFO     | app.strategies.liquidity_filter | LiquidityFilter: selected IWM260821P00298000 | delta=N/A | spread_pct=0.034 | OI=6754 | vol=19003
2026-08-21T10:31:42 | INFO     | app.trading.trade_journal | Journal rejection 1153: IWM — cooldown_after_loss
2026-08-21T10:31:42 | INFO     | session_runner | Signal quality blocked | IWM/vwap_reclaim score=2.0 < 3.0
2026-08-21T10:31:42 | INFO     | app.strategies.liquidity_filter | LiquidityFilter: selected IWM260821P00298000 | delta=N/A | spread_pct=0.034 | OI=6754 | vol=19003
2026-08-21T10:31:43 | INFO     | session_runner | [bridge:XLE] rsi_trend ready: sufficient bars
2026-08-21T10:31:43 | INFO     | session_runner | Direction mismatch: scanner=LONG strategy=SHORT for XLE/vwap_reclaim — skipped
2026-08-21T10:32:13 | INFO     | session_runner | [cycle 118] 10:32:13 ET | positions=0 | entries=1
2026-08-21T10:32:13 | INFO     | session_runner | [bridge:IWM] rsi_trend ready: sufficient bars
2026-08-21T10:32:13 | INFO     | session_runner | Cooldown active — skipping IWM signal
2026-08-21T10:32:13 | INFO     | app.strategies.liquidity_filter | LiquidityFilter: selected IWM260821P00297500 | delta=N/A | spread_pct=0.054 | OI=1337 | vol=5220
2026-08-21T10:32:13 | INFO     | app.trading.trade_journal | Journal rejection 1154: IWM — cooldown_after_loss
2026-08-21T10:32:14 | INFO     | session_runner | Signal quality blocked | IWM/vwap_reclaim score=2.0 < 3.0
2026-08-21T10:32:14 | INFO     | app.strategies.liquidity_filter | LiquidityFilter: selected IWM260821P00297500 | delta=N/A | spread_pct=0.054 | OI=1337 | vol=5220
2026-08-21T10:32:15 | INFO     | session_runner | [bridge:XLE] rsi_trend ready: sufficient bars
2026-08-21T10:32:15 | INFO     | session_runner | Direction mismatch: scanner=LONG strategy=SHORT for XLE/vwap_reclaim — skipped
2026-08-21T10:32:45 | INFO     | session_runner | [cycle 119] 10:32:45 ET | positions=0 | entries=1
2026-08-21T10:32:45 | INFO     | app.evaluation.shadow_book | ShadowBook: closed orb IWM260821P00298000 @ 0.2100 → -7.00 (trailing_stop, fill-validated)
2026-08-21T10:32:45 | INFO     | app.evaluation.shadow_book | ShadowBook: closed vwap_reclaim IWM260821P00297500 @ 0.1200 → -7.00 (trailing_stop, fill-validated)
2026-08-21T10:32:45 | INFO     | session_runner | [bridge:IWM] rsi_trend ready: sufficient bars
2026-08-21T10:32:45 | INFO     | session_runner | Cooldown active — skipping IWM signal
2026-08-21T10:32:45 | INFO     | app.strategies.liquidity_filter | LiquidityFilter: selected IWM260821P00297500 | delta=N/A | spread_pct=0.061 | OI=1337 | vol=5220
2026-08-21T10:32:45 | INFO     | app.trading.trade_journal | Journal rejection 1155: IWM — cooldown_after_loss
2026-08-21T10:32:45 | INFO     | session_runner | Signal quality blocked | IWM/vwap_reclaim score=2.0 < 3.0
2026-08-21T10:32:46 | INFO     | app.strategies.liquidity_filter | LiquidityFilter: selected IWM260821P00297500 | delta=N/A | spread_pct=0.061 | OI=1337 | vol=5220
2026-08-21T10:32:46 | INFO     | session_runner | [bridge:XLE] rsi_trend ready: sufficient bars
2026-08-21T10:32:46 | INFO     | session_runner | Direction mismatch: scanner=LONG strategy=SHORT for XLE/vwap_reclaim — skipped
2026-08-21T10:33:16 | INFO     | session_runner | [cycle 120] 10:33:16 ET | positions=0 | entries=1
2026-08-21T10:33:16 | INFO     | session_runner | Periodic universe re-scan …
2026-08-21T10:33:16 | INFO     | app.scanning.universe_loader | UniverseLoader: loaded 5 groups (13 flat symbols) from /root/trader/config/ticker_universe.yaml (blacklist=0)
2026-08-21T10:33:16 | INFO     | app.scanning.universe_loader | UniverseLoader: 10 symbols from 2 group(s) (blacklist=0)
2026-08-21T10:33:16 | INFO     | session_runner | Universe scan: 10 symbols from 2 group(s) | max_active=3
2026-08-21T10:33:20 | INFO     | session_runner | Scan: 6 passed, 4 rejected
2026-08-21T10:33:20 | INFO     | session_runner |   SMH     score=70.0  signal=SHORT    reasons: atr=3.08% (wide-range), orb_breakdown, trend_down
2026-08-21T10:33:20 | INFO     | session_runner |   IWM     score=63.0  signal=SHORT    reasons: rvol=1.54x (elevated), atr=1.09% (good range), orb_breakdown
2026-08-21T10:33:20 | INFO     | session_runner |   QQQ     score=50.0  signal=SHORT    reasons: rvol=1.04x (normal), atr=1.34% (good range), orb_breakdown
2026-08-21T10:33:20 | INFO     | session_runner |   XLF     score=48.0  signal=NEUTRAL  reasons: rvol=1.54x (elevated), atr=1.06% (good range), near_orb_level
2026-08-21T10:33:20 | INFO     | session_runner |   SPY     score=41.0  signal=LONG     reasons: rvol=1.22x (normal), atr=0.76% (minimal range), near_orb_level
2026-08-21T10:33:20 | INFO     | app.strategies.liquidity_filter | LiquidityFilter: selected IWM260821P00298000 | delta=N/A | spread_pct=0.035 | OI=6754 | vol=20492
2026-08-21T10:33:20 | INFO     | app.scanning.alpaca_confirmer | AlpacaConfirmer: confirmed IWM | IWM260821P00298000 | exp=2026-08-21 | spread=3.51% | OI=6754 | vol=20492
2026-08-21T10:33:20 | INFO     | app.strategies.liquidity_filter | LiquidityFilter: no qualifying contracts for SMH SignalDirection.SHORT | total_candidates=204
2026-08-21T10:33:20 | INFO     | app.scanning.alpaca_confirmer | AlpacaConfirmer: liquidity_rejected_cost_cap | symbol=SMH | option_symbol=SMH260821P00610000 | ask=52.42 | ask_x_100=5242 | max_contract_cost=988
2026-08-21T10:33:20 | INFO     | app.scanning.alpaca_confirmer | AlpacaConfirmer: liquidity_rejected_cost_cap | symbol=SMH | option_symbol=SMH260821P00615000 | ask=57.33 | ask_x_100=5733 | max_contract_cost=988
2026-08-21T10:33:20 | INFO     | app.scanning.alpaca_confirmer | AlpacaConfirmer: liquidity_rejected_cost_cap | symbol=SMH | option_symbol=SMH260821P00620000 | ask=62.98 | ask_x_100=6298 | max_contract_cost=988
2026-08-21T10:33:20 | INFO     | app.scanning.alpaca_confirmer | AlpacaConfirmer: liquidity_rejected_cost_cap | symbol=SMH | option_symbol=SMH260821P00655000 | ask=97.17 | ask_x_100=9717 | max_contract_cost=988
2026-08-21T10:33:20 | INFO     | app.scanning.alpaca_confirmer | AlpacaConfirmer: no liquid contract for SMH (signal=SHORT)
2026-08-21T10:33:20 | INFO     | app.strategies.liquidity_filter | LiquidityFilter: selected SPY260821C00765000 | delta=N/A | spread_pct=0.011 | OI=11100 | vol=107669
2026-08-21T10:33:20 | INFO     | app.scanning.alpaca_confirmer | AlpacaConfirmer: confirmed SPY | SPY260821C00765000 | exp=2026-08-21 | spread=1.07% | OI=11100 | vol=107669
2026-08-21T10:33:20 | INFO     | app.strategies.liquidity_filter | LiquidityFilter: selected QQQ260821P00702000 | delta=N/A | spread_pct=0.080 | OI=2181 | vol=4401
2026-08-21T10:33:20 | INFO     | app.scanning.alpaca_confirmer | AlpacaConfirmer: confirmed QQQ | QQQ260821P00702000 | exp=2026-08-21 | spread=8.00% | OI=2181 | vol=4401
2026-08-21T10:33:20 | INFO     | session_runner | AlpacaConfirmer: 3 confirmed symbols: ['IWM', 'QQQ', 'SPY']
2026-08-21T10:33:20 | INFO     | session_runner | Re-scan updated active symbols: ['IWM', 'QQQ', 'SPY']
2026-08-21T10:33:20 | INFO     | session_runner | Broad-market regime | SPY=short
2026-08-21T10:33:21 | INFO     | session_runner | [bridge:IWM] rsi_trend ready: sufficient bars
2026-08-21T10:33:21 | INFO     | session_runner | Cooldown active — skipping IWM signal
2026-08-21T10:33:21 | INFO     | app.strategies.liquidity_filter | LiquidityFilter: selected IWM260821P00298000 | delta=N/A | spread_pct=0.041 | OI=6754 | vol=20492
2026-08-21T10:33:21 | INFO     | app.trading.trade_journal | Journal rejection 1156: IWM — cooldown_after_loss
2026-08-21T10:33:21 | INFO     | session_runner | Signal quality blocked | IWM/vwap_reclaim score=2.0 < 3.0
2026-08-21T10:33:21 | INFO     | app.strategies.liquidity_filter | LiquidityFilter: selected IWM260821P00298000 | delta=N/A | spread_pct=0.041 | OI=6754 | vol=20492
2026-08-21T10:33:22 | INFO     | session_runner | [bridge:QQQ] rsi_trend ready: sufficient bars
2026-08-21T10:33:22 | INFO     | session_runner | Cooldown active — skipping QQQ signal
2026-08-21T10:33:22 | INFO     | app.strategies.liquidity_filter | LiquidityFilter: selected QQQ260821P00703000 | delta=N/A | spread_pct=0.065 | OI=4865 | vol=4609
2026-08-21T10:33:22 | INFO     | app.evaluation.shadow_book | ShadowBook: simulating orb/baseline QQQ260821P00703000 @ 0.1600 (blocked: cooldown_after_loss, fill-validated at entry)
2026-08-21T10:33:23 | INFO     | app.strategies.liquidity_filter | LiquidityFilter: selected QQQ260821C00714000 | delta=N/A | spread_pct=0.020 | OI=1413 | vol=56639
2026-08-21T10:33:23 | INFO     | app.evaluation.shadow_book | ShadowBook: simulating orb/inverted QQQ260821C00714000 @ 0.5100 (blocked: inverted_direction_counterfactual, fill-validated at entry)
2026-08-21T10:33:23 | INFO     | app.trading.trade_journal | Journal rejection 1157: QQQ — cooldown_after_loss
2026-08-21T10:33:23 | INFO     | session_runner | Stale signal: QQQ/vwap_reclaim age=83 min > max 60 min — skipped
2026-08-21T10:33:23 | INFO     | session_runner | [bridge:SPY] rsi_trend ready: sufficient bars
2026-08-21T10:33:23 | INFO     | session_runner | Direction mismatch: scanner=LONG strategy=SHORT for SPY/vwap_reclaim — skipped
2026-08-21T10:33:23 | INFO     | session_runner | Direction mismatch: scanner=LONG strategy=SHORT for SPY/vwap_reclaim — skipped
2026-08-21T10:33:53 | INFO     | session_runner | [cycle 121] 10:33:53 ET | positions=0 | entries=1
2026-08-21T10:33:53 | INFO     | app.evaluation.shadow_book | ShadowBook: closed orb IWM260821C00299000 @ 0.3500 → -14.00 (trailing_stop, fill-validated)
2026-08-21T10:33:53 | INFO     | app.evaluation.shadow_book | ShadowBook: closed orb QQQ260821P00703000 @ 0.1200 → -4.00 (trailing_stop, fill-validated)
2026-08-21T10:33:54 | INFO     | session_runner | [bridge:IWM] rsi_trend ready: sufficient bars
2026-08-21T10:33:54 | INFO     | session_runner | Cooldown active — skipping IWM signal
2026-08-21T10:33:54 | INFO     | app.strategies.liquidity_filter | LiquidityFilter: selected IWM260821P00297500 | delta=N/A | spread_pct=0.051 | OI=1337 | vol=5321
2026-08-21T10:33:54 | INFO     | app.trading.trade_journal | Journal rejection 1158: IWM — cooldown_after_loss
2026-08-21T10:33:54 | INFO     | session_runner | Signal quality blocked | IWM/vwap_reclaim score=2.0 < 3.0
2026-08-21T10:33:54 | INFO     | app.strategies.liquidity_filter | LiquidityFilter: selected IWM260821P00297500 | delta=N/A | spread_pct=0.051 | OI=1337 | vol=5321
2026-08-21T10:33:55 | INFO     | session_runner | [bridge:QQQ] rsi_trend ready: sufficient bars
2026-08-21T10:33:55 | INFO     | session_runner | Cooldown active — skipping QQQ signal
2026-08-21T10:33:55 | INFO     | app.strategies.liquidity_filter | LiquidityFilter: selected QQQ260821P00702000 | delta=N/A | spread_pct=0.074 | OI=2181 | vol=4401
2026-08-21T10:33:55 | INFO     | app.trading.trade_journal | Journal rejection 1159: QQQ — cooldown_after_loss
2026-08-21T10:33:55 | INFO     | session_runner | Stale signal: QQQ/vwap_reclaim age=84 min > max 60 min — skipped
2026-08-21T10:33:56 | INFO     | session_runner | [bridge:SPY] rsi_trend ready: sufficient bars
2026-08-21T10:33:56 | INFO     | session_runner | Direction mismatch: scanner=LONG strategy=SHORT for SPY/vwap_reclaim — skipped
2026-08-21T10:33:56 | INFO     | session_runner | Direction mismatch: scanner=LONG strategy=SHORT for SPY/vwap_reclaim — skipped
2026-08-21T10:34:26 | INFO     | session_runner | [cycle 122] 10:34:26 ET | positions=0 | entries=1
2026-08-21T10:34:26 | INFO     | session_runner | [bridge:IWM] rsi_trend ready: sufficient bars
2026-08-21T10:34:26 | INFO     | session_runner | Cooldown active — skipping IWM signal
2026-08-21T10:34:26 | INFO     | app.strategies.liquidity_filter | LiquidityFilter: selected IWM260821P00297500 | delta=N/A | spread_pct=0.054 | OI=1337 | vol=5512
2026-08-21T10:34:26 | INFO     | app.trading.trade_journal | Journal rejection 1160: IWM — cooldown_after_loss
2026-08-21T10:34:26 | INFO     | session_runner | Signal quality blocked | IWM/vwap_reclaim score=2.0 < 3.0
2026-08-21T10:34:27 | INFO     | app.strategies.liquidity_filter | LiquidityFilter: selected IWM260821P00297500 | delta=N/A | spread_pct=0.054 | OI=1337 | vol=5512
2026-08-21T10:34:27 | INFO     | session_runner | [bridge:QQQ] rsi_trend ready: sufficient bars
2026-08-21T10:34:27 | INFO     | session_runner | Cooldown active — skipping QQQ signal
2026-08-21T10:34:28 | INFO     | app.strategies.liquidity_filter | LiquidityFilter: selected QQQ260821P00701000 | delta=N/A | spread_pct=0.087 | OI=1929 | vol=5022
2026-08-21T10:34:28 | INFO     | app.trading.trade_journal | Journal rejection 1161: QQQ — cooldown_after_loss
2026-08-21T10:34:28 | INFO     | session_runner | Stale signal: QQQ/vwap_reclaim age=84 min > max 60 min — skipped
2026-08-21T10:34:28 | INFO     | session_runner | [bridge:SPY] rsi_trend ready: sufficient bars
2026-08-21T10:34:28 | INFO     | session_runner | Direction mismatch: scanner=LONG strategy=SHORT for SPY/vwap_reclaim — skipped
2026-08-21T10:34:28 | INFO     | session_runner | Direction mismatch: scanner=LONG strategy=SHORT for SPY/vwap_reclaim — skipped
2026-08-21T10:34:58 | INFO     | session_runner | [cycle 123] 10:34:58 ET | positions=0 | entries=1
2026-08-21T10:34:59 | INFO     | app.evaluation.shadow_book | ShadowBook: closed orb QQQ260821C00714000 @ 0.3600 → -15.00 (trailing_stop, fill-validated)
2026-08-21T10:34:59 | INFO     | session_runner | [bridge:IWM] rsi_trend ready: sufficient bars
2026-08-21T10:34:59 | INFO     | session_runner | Cooldown active — skipping IWM signal
2026-08-21T10:34:59 | INFO     | app.strategies.liquidity_filter | LiquidityFilter: selected IWM260821P00297500 | delta=N/A | spread_pct=0.044 | OI=1337 | vol=5512
2026-08-21T10:34:59 | INFO     | app.trading.trade_journal | Journal rejection 1162: IWM — cooldown_after_loss
2026-08-21T10:34:59 | INFO     | session_runner | Signal quality blocked | IWM/vwap_reclaim score=2.0 < 3.0
2026-08-21T10:34:59 | INFO     | app.strategies.liquidity_filter | LiquidityFilter: selected IWM260821P00297500 | delta=N/A | spread_pct=0.044 | OI=1337 | vol=5512
2026-08-21T10:35:00 | INFO     | session_runner | [bridge:QQQ] rsi_trend ready: sufficient bars
2026-08-21T10:35:00 | INFO     | session_runner | Cooldown active — skipping QQQ signal
2026-08-21T10:35:01 | INFO     | app.strategies.liquidity_filter | LiquidityFilter: selected QQQ260821P00703000 | delta=N/A | spread_pct=0.054 | OI=4865 | vol=4785
2026-08-21T10:35:01 | INFO     | app.trading.trade_journal | Journal rejection 1163: QQQ — cooldown_after_loss
2026-08-21T10:35:01 | INFO     | session_runner | Stale signal: QQQ/vwap_reclaim age=85 min > max 60 min — skipped
2026-08-21T10:35:01 | INFO     | session_runner | [bridge:SPY] rsi_trend ready: sufficient bars
2026-08-21T10:35:01 | INFO     | session_runner | Direction mismatch: scanner=LONG strategy=SHORT for SPY/vwap_reclaim — skipped
2026-08-21T10:35:01 | INFO     | session_runner | Direction mismatch: scanner=LONG strategy=SHORT for SPY/vwap_reclaim — skipped
2026-08-21T10:35:31 | INFO     | session_runner | [cycle 124] 10:35:31 ET | positions=0 | entries=1
2026-08-21T10:35:32 | INFO     | session_runner | [bridge:IWM] rsi_trend ready: sufficient bars
2026-08-21T10:35:32 | INFO     | session_runner | Cooldown active — skipping IWM signal
2026-08-21T10:35:32 | INFO     | app.strategies.liquidity_filter | LiquidityFilter: selected IWM260821P00297500 | delta=N/A | spread_pct=0.044 | OI=1337 | vol=5677
2026-08-21T10:35:32 | INFO     | app.trading.trade_journal | Journal rejection 1164: IWM — cooldown_after_loss
2026-08-21T10:35:32 | INFO     | session_runner | Signal quality blocked | IWM/vwap_reclaim score=2.0 < 3.0
2026-08-21T10:35:32 | INFO     | app.strategies.liquidity_filter | LiquidityFilter: selected IWM260821P00298000 | delta=N/A | spread_pct=0.028 | OI=6754 | vol=23406
2026-08-21T10:35:33 | INFO     | session_runner | [bridge:QQQ] rsi_trend ready: sufficient bars
2026-08-21T10:35:33 | INFO     | session_runner | Cooldown active — skipping QQQ signal
2026-08-21T10:35:34 | INFO     | app.strategies.liquidity_filter | LiquidityFilter: selected QQQ260821P00702000 | delta=N/A | spread_pct=0.069 | OI=2181 | vol=4722
2026-08-21T10:35:34 | INFO     | app.trading.trade_journal | Journal rejection 1165: QQQ — cooldown_after_loss
2026-08-21T10:35:34 | INFO     | session_runner | Stale signal: QQQ/vwap_reclaim age=86 min > max 60 min — skipped
2026-08-21T10:35:34 | INFO     | session_runner | [bridge:SPY] rsi_trend ready: sufficient bars
2026-08-21T10:35:34 | INFO     | session_runner | Direction mismatch: scanner=LONG strategy=SHORT for SPY/vwap_reclaim — skipped
2026-08-21T10:35:34 | INFO     | session_runner | Direction mismatch: scanner=LONG strategy=SHORT for SPY/vwap_reclaim — skipped
2026-08-21T10:36:04 | INFO     | session_runner | [cycle 125] 10:36:04 ET | positions=0 | entries=1
2026-08-21T10:36:05 | INFO     | session_runner | [bridge:IWM] rsi_trend ready: sufficient bars
2026-08-21T10:36:05 | INFO     | session_runner | Cooldown active — skipping IWM signal
2026-08-21T10:36:05 | INFO     | app.strategies.liquidity_filter | LiquidityFilter: selected IWM260821P00297500 | delta=N/A | spread_pct=0.044 | OI=1337 | vol=5923
2026-08-21T10:36:05 | INFO     | app.trading.trade_journal | Journal rejection 1166: IWM — cooldown_after_loss
2026-08-21T10:36:05 | INFO     | session_runner | Signal quality blocked | IWM/vwap_reclaim score=2.0 < 3.0
2026-08-21T10:36:06 | INFO     | app.strategies.liquidity_filter | LiquidityFilter: selected IWM260821P00297500 | delta=N/A | spread_pct=0.044 | OI=1337 | vol=5923
2026-08-21T10:36:07 | INFO     | session_runner | [bridge:QQQ] rsi_trend ready: sufficient bars
2026-08-21T10:36:07 | INFO     | session_runner | Cooldown active — skipping QQQ signal
2026-08-21T10:36:07 | INFO     | app.strategies.liquidity_filter | LiquidityFilter: selected QQQ260821P00704000 | delta=N/A | spread_pct=0.041 | OI=1737 | vol=8064
2026-08-21T10:36:07 | INFO     | app.trading.trade_journal | Journal rejection 1167: QQQ — cooldown_after_loss
2026-08-21T10:36:07 | INFO     | session_runner | Stale signal: QQQ/vwap_reclaim age=86 min > max 60 min — skipped
2026-08-21T10:36:08 | INFO     | session_runner | [bridge:SPY] rsi_trend ready: sufficient bars
2026-08-21T10:36:08 | INFO     | session_runner | Direction mismatch: scanner=LONG strategy=SHORT for SPY/vwap_reclaim — skipped
2026-08-21T10:36:08 | INFO     | session_runner | Direction mismatch: scanner=LONG strategy=SHORT for SPY/vwap_reclaim — skipped
2026-08-21T10:36:38 | INFO     | session_runner | [cycle 126] 10:36:38 ET | positions=0 | entries=1
2026-08-21T10:36:38 | INFO     | session_runner | [bridge:IWM] rsi_trend ready: sufficient bars
2026-08-21T10:36:38 | INFO     | session_runner | Cooldown active — skipping IWM signal
2026-08-21T10:36:39 | INFO     | app.strategies.liquidity_filter | LiquidityFilter: selected IWM260821P00298000 | delta=N/A | spread_pct=0.028 | OI=6754 | vol=26439
2026-08-21T10:36:39 | INFO     | app.trading.trade_journal | Journal rejection 1168: IWM — cooldown_after_loss
2026-08-21T10:36:39 | INFO     | session_runner | Signal quality blocked | IWM/vwap_reclaim score=2.0 < 3.0
2026-08-21T10:36:39 | INFO     | app.strategies.liquidity_filter | LiquidityFilter: selected IWM260821P00298000 | delta=N/A | spread_pct=0.028 | OI=6754 | vol=26439
2026-08-21T10:36:40 | INFO     | session_runner | [bridge:QQQ] rsi_trend ready: sufficient bars
2026-08-21T10:36:40 | INFO     | session_runner | Cooldown active — skipping QQQ signal
2026-08-21T10:36:40 | INFO     | app.strategies.liquidity_filter | LiquidityFilter: selected QQQ260821P00706000 | delta=N/A | spread_pct=0.024 | OI=2242 | vol=18198
2026-08-21T10:36:40 | INFO     | app.trading.trade_journal | Journal rejection 1169: QQQ — cooldown_after_loss
2026-08-21T10:36:40 | INFO     | session_runner | Stale signal: QQQ/vwap_reclaim age=87 min > max 60 min — skipped
2026-08-21T10:36:41 | INFO     | session_runner | [bridge:SPY] rsi_trend ready: sufficient bars
2026-08-21T10:36:41 | INFO     | session_runner | Direction mismatch: scanner=LONG strategy=SHORT for SPY/vwap_reclaim — skipped
2026-08-21T10:36:41 | INFO     | session_runner | Direction mismatch: scanner=LONG strategy=SHORT for SPY/vwap_reclaim — skipped
2026-08-21T10:37:11 | INFO     | session_runner | [cycle 127] 10:37:11 ET | positions=0 | entries=1
2026-08-21T10:37:11 | INFO     | session_runner | [bridge:IWM] rsi_trend ready: sufficient bars
2026-08-21T10:37:11 | INFO     | session_runner | Cooldown active — skipping IWM signal
2026-08-21T10:37:11 | INFO     | app.strategies.liquidity_filter | LiquidityFilter: selected IWM260821P00297000 | delta=N/A | spread_pct=0.065 | OI=3491 | vol=10912
2026-08-21T10:37:11 | INFO     | app.trading.trade_journal | Journal rejection 1170: IWM — cooldown_after_loss
2026-08-21T10:37:11 | INFO     | session_runner | Signal quality blocked | IWM/vwap_reclaim score=2.0 < 3.0
2026-08-21T10:37:11 | INFO     | app.strategies.liquidity_filter | LiquidityFilter: selected IWM260821P00297000 | delta=N/A | spread_pct=0.065 | OI=3491 | vol=10912
2026-08-21T10:37:12 | INFO     | session_runner | [bridge:QQQ] rsi_trend ready: sufficient bars
2026-08-21T10:37:12 | INFO     | session_runner | Cooldown active — skipping QQQ signal
2026-08-21T10:37:12 | INFO     | app.strategies.liquidity_filter | LiquidityFilter: selected QQQ260821P00701000 | delta=N/A | spread_pct=0.087 | OI=1929 | vol=5213
2026-08-21T10:37:12 | INFO     | app.trading.trade_journal | Journal rejection 1171: QQQ — cooldown_after_loss
2026-08-21T10:37:12 | INFO     | session_runner | Stale signal: QQQ/vwap_reclaim age=87 min > max 60 min — skipped
2026-08-21T10:37:13 | INFO     | session_runner | [bridge:SPY] rsi_trend ready: sufficient bars
2026-08-21T10:37:13 | INFO     | session_runner | Direction mismatch: scanner=LONG strategy=SHORT for SPY/vwap_reclaim — skipped
2026-08-21T10:37:13 | INFO     | session_runner | Direction mismatch: scanner=LONG strategy=SHORT for SPY/vwap_reclaim — skipped
2026-08-21T10:37:43 | INFO     | session_runner | [cycle 128] 10:37:43 ET | positions=0 | entries=1
2026-08-21T10:37:43 | INFO     | session_runner | [bridge:IWM] rsi_trend ready: sufficient bars
2026-08-21T10:37:43 | INFO     | session_runner | Cooldown active — skipping IWM signal
2026-08-21T10:37:44 | INFO     | app.strategies.liquidity_filter | LiquidityFilter: selected IWM260821P00298000 | delta=N/A | spread_pct=0.028 | OI=6754 | vol=28133
2026-08-21T10:37:44 | INFO     | app.trading.trade_journal | Journal rejection 1172: IWM — cooldown_after_loss
2026-08-21T10:37:44 | INFO     | session_runner | Signal quality blocked | IWM/vwap_reclaim score=2.0 < 3.0
2026-08-21T10:37:44 | INFO     | app.strategies.liquidity_filter | LiquidityFilter: selected IWM260821P00298000 | delta=N/A | spread_pct=0.028 | OI=6754 | vol=28133
2026-08-21T10:37:45 | INFO     | session_runner | [bridge:QQQ] rsi_trend ready: sufficient bars
2026-08-21T10:37:45 | INFO     | session_runner | Cooldown active — skipping QQQ signal
2026-08-21T10:37:45 | INFO     | app.strategies.liquidity_filter | LiquidityFilter: selected QQQ260821P00702000 | delta=N/A | spread_pct=0.069 | OI=2181 | vol=4827
2026-08-21T10:37:45 | INFO     | app.trading.trade_journal | Journal rejection 1173: QQQ — cooldown_after_loss
2026-08-21T10:37:45 | INFO     | session_runner | Stale signal: QQQ/vwap_reclaim age=88 min > max 60 min — skipped
2026-08-21T10:37:46 | INFO     | session_runner | [bridge:SPY] rsi_trend ready: sufficient bars
2026-08-21T10:37:46 | INFO     | session_runner | Direction mismatch: scanner=LONG strategy=SHORT for SPY/vwap_reclaim — skipped
2026-08-21T10:37:46 | INFO     | session_runner | Direction mismatch: scanner=LONG strategy=SHORT for SPY/vwap_reclaim — skipped
2026-08-21T10:38:16 | INFO     | session_runner | [cycle 129] 10:38:16 ET | positions=0 | entries=1
2026-08-21T10:38:16 | INFO     | session_runner | [bridge:IWM] rsi_trend ready: sufficient bars
2026-08-21T10:38:16 | INFO     | session_runner | Cooldown active — skipping IWM signal
2026-08-21T10:38:17 | INFO     | app.strategies.liquidity_filter | LiquidityFilter: selected IWM260821P00297500 | delta=N/A | spread_pct=0.039 | OI=1337 | vol=6208
2026-08-21T10:38:17 | INFO     | app.trading.trade_journal | Journal rejection 1174: IWM — cooldown_after_loss
2026-08-21T10:38:17 | INFO     | session_runner | Signal quality blocked | IWM/vwap_reclaim score=2.0 < 3.0
2026-08-21T10:38:17 | INFO     | app.strategies.liquidity_filter | LiquidityFilter: selected IWM260821P00297500 | delta=N/A | spread_pct=0.039 | OI=1337 | vol=6208
2026-08-21T10:38:18 | INFO     | session_runner | [bridge:QQQ] rsi_trend ready: sufficient bars
2026-08-21T10:38:18 | INFO     | session_runner | Cooldown active — skipping QQQ signal
2026-08-21T10:38:18 | INFO     | app.strategies.liquidity_filter | LiquidityFilter: selected QQQ260821P00702000 | delta=N/A | spread_pct=0.074 | OI=2181 | vol=4893
2026-08-21T10:38:18 | INFO     | app.trading.trade_journal | Journal rejection 1175: QQQ — cooldown_after_loss
2026-08-21T10:38:18 | INFO     | session_runner | Stale signal: QQQ/vwap_reclaim age=88 min > max 60 min — skipped
2026-08-21T10:38:19 | INFO     | session_runner | [bridge:SPY] rsi_trend ready: sufficient bars
2026-08-21T10:38:19 | INFO     | session_runner | Direction mismatch: scanner=LONG strategy=SHORT for SPY/vwap_reclaim — skipped
2026-08-21T10:38:19 | INFO     | session_runner | Direction mismatch: scanner=LONG strategy=SHORT for SPY/vwap_reclaim — skipped
2026-08-21T10:38:49 | INFO     | session_runner | [cycle 130] 10:38:49 ET | positions=0 | entries=1
2026-08-21T10:38:49 | INFO     | session_runner | Periodic universe re-scan …
2026-08-21T10:38:49 | INFO     | app.scanning.universe_loader | UniverseLoader: loaded 5 groups (13 flat symbols) from /root/trader/config/ticker_universe.yaml (blacklist=0)
2026-08-21T10:38:49 | INFO     | app.scanning.universe_loader | UniverseLoader: 10 symbols from 2 group(s) (blacklist=0)
2026-08-21T10:38:49 | INFO     | session_runner | Universe scan: 10 symbols from 2 group(s) | max_active=3
2026-08-21T10:38:54 | INFO     | session_runner | Scan: 5 passed, 5 rejected
2026-08-21T10:38:54 | INFO     | session_runner |   IWM     score=70.0  signal=SHORT    reasons: rvol=1.56x (elevated), atr=1.09% (good range), orb_breakdown
2026-08-21T10:38:54 | INFO     | session_runner |   SMH     score=70.0  signal=SHORT    reasons: atr=3.09% (wide-range), orb_breakdown, trend_down
2026-08-21T10:38:54 | INFO     | session_runner |   QQQ     score=60.0  signal=SHORT    reasons: rvol=1.00x (normal), atr=1.34% (good range), orb_breakdown
2026-08-21T10:38:54 | INFO     | session_runner |   XLE     score=60.0  signal=SHORT    reasons: rvol=1.65x (elevated), atr=1.67% (wide-range), orb_breakdown
2026-08-21T10:38:54 | INFO     | session_runner |   XLF     score=50.0  signal=SHORT    reasons: rvol=1.53x (elevated), atr=1.06% (good range), trend_sideways
2026-08-21T10:38:54 | INFO     | app.strategies.liquidity_filter | LiquidityFilter: selected IWM260821P00297500 | delta=N/A | spread_pct=0.038 | OI=1337 | vol=6208
2026-08-21T10:38:54 | INFO     | app.scanning.alpaca_confirmer | AlpacaConfirmer: confirmed IWM | IWM260821P00297500 | exp=2026-08-21 | spread=3.77% | OI=1337 | vol=6208
2026-08-21T10:38:55 | INFO     | app.strategies.liquidity_filter | LiquidityFilter: selected XLE260821P00064000 | delta=N/A | spread_pct=0.032 | OI=429 | vol=78
2026-08-21T10:38:55 | INFO     | app.scanning.alpaca_confirmer | AlpacaConfirmer: confirmed XLE | XLE260821P00064000 | exp=2026-08-21 | spread=3.17% | OI=429 | vol=78
2026-08-21T10:38:55 | INFO     | app.strategies.liquidity_filter | LiquidityFilter: no qualifying contracts for XLF SignalDirection.SHORT | total_candidates=51
2026-08-21T10:38:55 | INFO     | app.scanning.alpaca_confirmer | AlpacaConfirmer: no liquid contract for XLF (signal=SHORT)
2026-08-21T10:38:55 | INFO     | app.strategies.liquidity_filter | LiquidityFilter: no qualifying contracts for SMH SignalDirection.SHORT | total_candidates=204
2026-08-21T10:38:55 | INFO     | app.scanning.alpaca_confirmer | AlpacaConfirmer: liquidity_rejected_cost_cap | symbol=SMH | option_symbol=SMH260821P00610000 | ask=53.24 | ask_x_100=5324 | max_contract_cost=988
2026-08-21T10:38:55 | INFO     | app.scanning.alpaca_confirmer | AlpacaConfirmer: liquidity_rejected_cost_cap | symbol=SMH | option_symbol=SMH260821P00615000 | ask=56.94 | ask_x_100=5694 | max_contract_cost=988
2026-08-21T10:38:55 | INFO     | app.scanning.alpaca_confirmer | AlpacaConfirmer: liquidity_rejected_cost_cap | symbol=SMH | option_symbol=SMH260821P00620000 | ask=61.85 | ask_x_100=6185 | max_contract_cost=988
2026-08-21T10:38:55 | INFO     | app.scanning.alpaca_confirmer | AlpacaConfirmer: liquidity_rejected_cost_cap | symbol=SMH | option_symbol=SMH260821P00655000 | ask=97.14 | ask_x_100=9714 | max_contract_cost=988
2026-08-21T10:38:55 | INFO     | app.scanning.alpaca_confirmer | AlpacaConfirmer: no liquid contract for SMH (signal=SHORT)
2026-08-21T10:38:55 | INFO     | app.strategies.liquidity_filter | LiquidityFilter: selected QQQ260821P00704000 | delta=N/A | spread_pct=0.049 | OI=1737 | vol=8340
2026-08-21T10:38:55 | INFO     | app.scanning.alpaca_confirmer | AlpacaConfirmer: confirmed QQQ | QQQ260821P00704000 | exp=2026-08-21 | spread=4.88% | OI=1737 | vol=8340
2026-08-21T10:38:55 | INFO     | session_runner | AlpacaConfirmer: 3 confirmed symbols: ['IWM', 'QQQ', 'XLE']
2026-08-21T10:38:55 | INFO     | session_runner | Re-scan updated active symbols: ['IWM', 'QQQ', 'XLE']
2026-08-21T10:38:55 | INFO     | session_runner | Broad-market regime | SPY=short
2026-08-21T10:38:55 | INFO     | session_runner | [bridge:IWM] rsi_trend ready: sufficient bars
2026-08-21T10:38:55 | INFO     | session_runner | Cooldown active — skipping IWM signal
2026-08-21T10:38:56 | INFO     | app.strategies.liquidity_filter | LiquidityFilter: selected IWM260821P00297500 | delta=N/A | spread_pct=0.038 | OI=1337 | vol=6208
2026-08-21T10:38:56 | INFO     | app.trading.trade_journal | Journal rejection 1176: IWM — cooldown_after_loss
2026-08-21T10:38:56 | INFO     | session_runner | Signal quality blocked | IWM/vwap_reclaim score=2.0 < 3.0
2026-08-21T10:38:56 | INFO     | app.strategies.liquidity_filter | LiquidityFilter: selected IWM260821P00297500 | delta=N/A | spread_pct=0.038 | OI=1337 | vol=6208
2026-08-21T10:38:57 | INFO     | session_runner | [bridge:XLE] rsi_trend ready: sufficient bars
2026-08-21T10:38:57 | INFO     | session_runner | Signal quality blocked | XLE/vwap_reclaim score=2.0 < 3.0
2026-08-21T10:38:57 | INFO     | app.strategies.liquidity_filter | LiquidityFilter: no qualifying contracts for XLE SignalDirection.SHORT | total_candidates=48
2026-08-21T10:38:57 | INFO     | app.evaluation.shadow_book | ShadowBook: 20260821-3510-XLE-vwap_reclaim blocked (signal_quality_below_min) but not priceable — signal logged, no simulation
2026-08-21T10:38:57 | INFO     | app.strategies.liquidity_filter | LiquidityFilter: selected XLE260821C00064000 | delta=N/A | spread_pct=0.087 | OI=14865 | vol=656
2026-08-21T10:38:57 | INFO     | app.evaluation.shadow_book | ShadowBook: simulating vwap_reclaim/inverted XLE260821C00064000 @ 0.1200 (blocked: inverted_direction_counterfactual, fill-validated at entry)
2026-08-21T10:38:58 | INFO     | session_runner | [bridge:QQQ] rsi_trend ready: sufficient bars
2026-08-21T10:38:58 | INFO     | session_runner | Cooldown active — skipping QQQ signal
2026-08-21T10:38:59 | INFO     | app.strategies.liquidity_filter | LiquidityFilter: selected QQQ260821P00703000 | delta=N/A | spread_pct=0.065 | OI=4865 | vol=4894
2026-08-21T10:38:59 | INFO     | app.trading.trade_journal | Journal rejection 1177: QQQ — cooldown_after_loss
2026-08-21T10:38:59 | INFO     | session_runner | Stale signal: QQQ/vwap_reclaim age=89 min > max 60 min — skipped
2026-08-21T10:39:29 | INFO     | session_runner | [cycle 131] 10:39:29 ET | positions=0 | entries=1
2026-08-21T10:39:29 | INFO     | app.evaluation.shadow_book | ShadowBook: closed vwap_reclaim XLE260821C00064000 @ 0.0800 → -4.00 (trailing_stop, fill-validated)
2026-08-21T10:39:29 | INFO     | session_runner | [bridge:IWM] rsi_trend ready: sufficient bars
2026-08-21T10:39:29 | INFO     | session_runner | Cooldown active — skipping IWM signal
2026-08-21T10:39:30 | INFO     | app.strategies.liquidity_filter | LiquidityFilter: selected IWM260821P00298000 | delta=N/A | spread_pct=0.026 | OI=6754 | vol=29756
2026-08-21T10:39:30 | INFO     | app.trading.trade_journal | Journal rejection 1178: IWM — cooldown_after_loss
2026-08-21T10:39:30 | INFO     | session_runner | Signal quality blocked | IWM/vwap_reclaim score=2.0 < 3.0
2026-08-21T10:39:30 | INFO     | app.strategies.liquidity_filter | LiquidityFilter: selected IWM260821P00298000 | delta=N/A | spread_pct=0.026 | OI=6754 | vol=29756
2026-08-21T10:39:31 | INFO     | session_runner | [bridge:XLE] rsi_trend ready: sufficient bars
2026-08-21T10:39:31 | INFO     | session_runner | Signal quality blocked | XLE/vwap_reclaim score=2.0 < 3.0
2026-08-21T10:39:31 | INFO     | app.strategies.liquidity_filter | LiquidityFilter: no qualifying contracts for XLE SignalDirection.SHORT | total_candidates=48
2026-08-21T10:39:32 | INFO     | session_runner | [bridge:QQQ] rsi_trend ready: sufficient bars
2026-08-21T10:39:32 | INFO     | session_runner | Cooldown active — skipping QQQ signal
2026-08-21T10:39:32 | INFO     | app.strategies.liquidity_filter | LiquidityFilter: selected QQQ260821P00703000 | delta=N/A | spread_pct=0.065 | OI=4865 | vol=4915
2026-08-21T10:39:32 | INFO     | app.trading.trade_journal | Journal rejection 1179: QQQ — cooldown_after_loss
2026-08-21T10:39:32 | INFO     | session_runner | Stale signal: QQQ/vwap_reclaim age=89 min > max 60 min — skipped
2026-08-21T10:40:02 | INFO     | session_runner | [cycle 132] 10:40:02 ET | positions=0 | entries=1
2026-08-21T10:40:03 | INFO     | session_runner | [bridge:IWM] rsi_trend ready: sufficient bars
2026-08-21T10:40:03 | INFO     | session_runner | Cooldown active — skipping IWM signal
2026-08-21T10:40:03 | INFO     | app.strategies.liquidity_filter | LiquidityFilter: selected IWM260821P00297000 | delta=N/A | spread_pct=0.054 | OI=3491 | vol=11029
2026-08-21T10:40:03 | INFO     | app.trading.trade_journal | Journal rejection 1180: IWM — cooldown_after_loss
2026-08-21T10:40:03 | INFO     | session_runner | Signal quality blocked | IWM/vwap_reclaim score=2.0 < 3.0
2026-08-21T10:40:04 | INFO     | app.strategies.liquidity_filter | LiquidityFilter: selected IWM260821P00297000 | delta=N/A | spread_pct=0.054 | OI=3491 | vol=11029
2026-08-21T10:40:04 | INFO     | session_runner | [bridge:XLE] rsi_trend ready: sufficient bars
2026-08-21T10:40:04 | INFO     | session_runner | Signal quality blocked | XLE/vwap_reclaim score=2.0 < 3.0
2026-08-21T10:40:05 | INFO     | app.strategies.liquidity_filter | LiquidityFilter: no qualifying contracts for XLE SignalDirection.SHORT | total_candidates=48
2026-08-21T10:40:05 | INFO     | session_runner | [bridge:QQQ] rsi_trend ready: sufficient bars
2026-08-21T10:40:05 | INFO     | session_runner | Cooldown active — skipping QQQ signal
2026-08-21T10:40:06 | INFO     | app.strategies.liquidity_filter | LiquidityFilter: selected QQQ260821P00704000 | delta=N/A | spread_pct=0.047 | OI=1737 | vol=8525
2026-08-21T10:40:06 | INFO     | app.trading.trade_journal | Journal rejection 1181: QQQ — cooldown_after_loss
2026-08-21T10:40:06 | INFO     | session_runner | Stale signal: QQQ/vwap_reclaim age=90 min > max 60 min — skipped
2026-08-21T10:40:36 | INFO     | session_runner | [cycle 133] 10:40:36 ET | positions=0 | entries=1
2026-08-21T10:40:37 | INFO     | session_runner | [bridge:IWM] rsi_trend ready: sufficient bars
2026-08-21T10:40:37 | INFO     | session_runner | Cooldown active — skipping IWM signal
2026-08-21T10:40:37 | INFO     | app.strategies.liquidity_filter | LiquidityFilter: selected IWM260821P00297500 | delta=N/A | spread_pct=0.036 | OI=1337 | vol=6317
2026-08-21T10:40:37 | INFO     | app.trading.trade_journal | Journal rejection 1182: IWM — cooldown_after_loss
2026-08-21T10:40:37 | INFO     | session_runner | Signal quality blocked | IWM/vwap_reclaim score=2.0 < 3.0
2026-08-21T10:40:37 | INFO     | app.strategies.liquidity_filter | LiquidityFilter: selected IWM260821P00297500 | delta=N/A | spread_pct=0.036 | OI=1337 | vol=6317
2026-08-21T10:40:38 | INFO     | session_runner | [bridge:XLE] rsi_trend ready: sufficient bars
2026-08-21T10:40:38 | INFO     | session_runner | Signal quality blocked | XLE/vwap_reclaim score=2.0 < 3.0
2026-08-21T10:40:38 | INFO     | app.strategies.liquidity_filter | LiquidityFilter: no qualifying contracts for XLE SignalDirection.SHORT | total_candidates=48
2026-08-21T10:40:39 | INFO     | session_runner | [bridge:QQQ] rsi_trend ready: sufficient bars
2026-08-21T10:40:39 | INFO     | session_runner | Cooldown active — skipping QQQ signal
2026-08-21T10:40:40 | INFO     | app.strategies.liquidity_filter | LiquidityFilter: selected QQQ260821P00704000 | delta=N/A | spread_pct=0.047 | OI=1737 | vol=8525
2026-08-21T10:40:40 | INFO     | app.trading.trade_journal | Journal rejection 1183: QQQ — cooldown_after_loss
2026-08-21T10:40:40 | INFO     | session_runner | Stale signal: QQQ/vwap_reclaim age=91 min > max 60 min — skipped
2026-08-21T10:41:10 | INFO     | session_runner | [cycle 134] 10:41:10 ET | positions=0 | entries=1
2026-08-21T10:41:10 | INFO     | session_runner | [bridge:IWM] rsi_trend ready: sufficient bars
2026-08-21T10:41:10 | INFO     | session_runner | Cooldown active — skipping IWM signal
2026-08-21T10:41:10 | INFO     | app.strategies.liquidity_filter | LiquidityFilter: selected IWM260821P00297000 | delta=N/A | spread_pct=0.057 | OI=3491 | vol=11095
2026-08-21T10:41:10 | INFO     | app.trading.trade_journal | Journal rejection 1184: IWM — cooldown_after_loss
2026-08-21T10:41:10 | INFO     | session_runner | Signal quality blocked | IWM/vwap_reclaim score=2.0 < 3.0
2026-08-21T10:41:11 | INFO     | app.strategies.liquidity_filter | LiquidityFilter: selected IWM260821P00297000 | delta=N/A | spread_pct=0.057 | OI=3491 | vol=11095
2026-08-21T10:41:12 | INFO     | session_runner | [bridge:XLE] rsi_trend ready: sufficient bars
2026-08-21T10:41:12 | INFO     | session_runner | Signal quality blocked | XLE/vwap_reclaim score=2.0 < 3.0
2026-08-21T10:41:12 | INFO     | app.strategies.liquidity_filter | LiquidityFilter: no qualifying contracts for XLE SignalDirection.SHORT | total_candidates=48
2026-08-21T10:41:12 | INFO     | session_runner | [bridge:QQQ] rsi_trend ready: sufficient bars
2026-08-21T10:41:12 | INFO     | session_runner | Cooldown active — skipping QQQ signal
2026-08-21T10:41:13 | INFO     | app.strategies.liquidity_filter | LiquidityFilter: selected QQQ260821P00703000 | delta=N/A | spread_pct=0.061 | OI=4865 | vol=5097
2026-08-21T10:41:13 | INFO     | app.trading.trade_journal | Journal rejection 1185: QQQ — cooldown_after_loss
2026-08-21T10:41:13 | INFO     | session_runner | Stale signal: QQQ/vwap_reclaim age=91 min > max 60 min — skipped
2026-08-21T10:41:43 | INFO     | session_runner | [cycle 135] 10:41:43 ET | positions=0 | entries=1
2026-08-21T10:41:43 | INFO     | app.trading.reconciler | Reconciliation done: broker_pos=0 local_pos=0 broker_orders=0 local_pending=0 repaired=0 flagged=0 orders_confirmed=True positions_confirmed=True
2026-08-21T10:41:43 | INFO     | session_runner | [bridge:IWM] rsi_trend ready: sufficient bars
2026-08-21T10:41:43 | INFO     | session_runner | Cooldown active — skipping IWM signal
2026-08-21T10:41:43 | INFO     | app.strategies.liquidity_filter | LiquidityFilter: selected IWM260821P00297500 | delta=N/A | spread_pct=0.033 | OI=1337 | vol=6465
2026-08-21T10:41:43 | INFO     | app.trading.trade_journal | Journal rejection 1186: IWM — cooldown_after_loss
2026-08-21T10:41:43 | INFO     | session_runner | Signal quality blocked | IWM/vwap_reclaim score=2.0 < 3.0
2026-08-21T10:41:43 | INFO     | app.strategies.liquidity_filter | LiquidityFilter: selected IWM260821P00297500 | delta=N/A | spread_pct=0.033 | OI=1337 | vol=6465
2026-08-21T10:41:45 | INFO     | session_runner | [bridge:XLE] rsi_trend ready: sufficient bars
2026-08-21T10:41:45 | INFO     | session_runner | Signal quality blocked | XLE/vwap_reclaim score=2.0 < 3.0
2026-08-21T10:41:45 | INFO     | app.strategies.liquidity_filter | LiquidityFilter: no qualifying contracts for XLE SignalDirection.SHORT | total_candidates=48
2026-08-21T10:41:45 | INFO     | session_runner | [bridge:QQQ] rsi_trend ready: sufficient bars
2026-08-21T10:41:45 | INFO     | session_runner | Cooldown active — skipping QQQ signal
2026-08-21T10:41:46 | INFO     | app.strategies.liquidity_filter | LiquidityFilter: selected QQQ260821P00704000 | delta=N/A | spread_pct=0.044 | OI=1737 | vol=8564
2026-08-21T10:41:46 | INFO     | app.trading.trade_journal | Journal rejection 1187: QQQ — cooldown_after_loss
2026-08-21T10:41:46 | INFO     | session_runner | Stale signal: QQQ/vwap_reclaim age=92 min > max 60 min — skipped
2026-08-21T10:42:16 | INFO     | session_runner | [cycle 136] 10:42:16 ET | positions=0 | entries=1
2026-08-21T10:42:16 | INFO     | session_runner | [bridge:IWM] rsi_trend ready: sufficient bars
2026-08-21T10:42:16 | INFO     | session_runner | Cooldown active — skipping IWM signal
2026-08-21T10:42:16 | INFO     | app.strategies.liquidity_filter | LiquidityFilter: selected IWM260821P00297000 | delta=N/A | spread_pct=0.051 | OI=3491 | vol=11130
2026-08-21T10:42:16 | INFO     | app.trading.trade_journal | Journal rejection 1188: IWM — cooldown_after_loss
2026-08-21T10:42:16 | INFO     | session_runner | Signal quality blocked | IWM/vwap_reclaim score=2.0 < 3.0
2026-08-21T10:42:16 | INFO     | app.strategies.liquidity_filter | LiquidityFilter: selected IWM260821P00297000 | delta=N/A | spread_pct=0.051 | OI=3491 | vol=11130
2026-08-21T10:42:17 | INFO     | session_runner | [bridge:XLE] rsi_trend ready: sufficient bars
2026-08-21T10:42:17 | INFO     | session_runner | Signal quality blocked | XLE/vwap_reclaim score=2.0 < 3.0
2026-08-21T10:42:17 | INFO     | app.strategies.liquidity_filter | LiquidityFilter: no qualifying contracts for XLE SignalDirection.SHORT | total_candidates=48
2026-08-21T10:42:18 | INFO     | session_runner | [bridge:QQQ] rsi_trend ready: sufficient bars
2026-08-21T10:42:18 | INFO     | session_runner | Cooldown active — skipping QQQ signal
2026-08-21T10:42:18 | INFO     | app.strategies.liquidity_filter | LiquidityFilter: selected QQQ260821P00703000 | delta=N/A | spread_pct=0.057 | OI=4865 | vol=5183
2026-08-21T10:42:18 | INFO     | app.trading.trade_journal | Journal rejection 1189: QQQ — cooldown_after_loss
2026-08-21T10:42:18 | INFO     | session_runner | Stale signal: QQQ/vwap_reclaim age=92 min > max 60 min — skipped
2026-08-21T10:42:48 | INFO     | session_runner | [cycle 137] 10:42:48 ET | positions=0 | entries=1
2026-08-21T10:42:49 | INFO     | session_runner | [bridge:IWM] rsi_trend ready: sufficient bars
2026-08-21T10:42:49 | INFO     | session_runner | Cooldown active — skipping IWM signal
2026-08-21T10:42:49 | INFO     | app.strategies.liquidity_filter | LiquidityFilter: selected IWM260821P00298000 | delta=N/A | spread_pct=0.024 | OI=6754 | vol=32178
2026-08-21T10:42:49 | INFO     | app.trading.trade_journal | Journal rejection 1190: IWM — cooldown_after_loss
2026-08-21T10:42:49 | INFO     | session_runner | Signal quality blocked | IWM/vwap_reclaim score=2.0 < 3.0
2026-08-21T10:42:49 | INFO     | app.strategies.liquidity_filter | LiquidityFilter: selected IWM260821P00297500 | delta=N/A | spread_pct=0.036 | OI=1337 | vol=6468
2026-08-21T10:42:50 | INFO     | session_runner | [bridge:XLE] rsi_trend ready: sufficient bars
2026-08-21T10:42:50 | INFO     | session_runner | Signal quality blocked | XLE/vwap_reclaim score=2.0 < 3.0
2026-08-21T10:42:50 | INFO     | app.strategies.liquidity_filter | LiquidityFilter: no qualifying contracts for XLE SignalDirection.SHORT | total_candidates=48
2026-08-21T10:42:50 | INFO     | session_runner | [bridge:QQQ] rsi_trend ready: sufficient bars
2026-08-21T10:42:50 | INFO     | session_runner | Cooldown active — skipping QQQ signal
2026-08-21T10:42:50 | INFO     | app.strategies.liquidity_filter | LiquidityFilter: selected QQQ260821P00702000 | delta=N/A | spread_pct=0.074 | OI=2181 | vol=5095
2026-08-21T10:42:50 | INFO     | app.trading.trade_journal | Journal rejection 1191: QQQ — cooldown_after_loss
2026-08-21T10:42:50 | INFO     | session_runner | Stale signal: QQQ/vwap_reclaim age=93 min > max 60 min — skipped
2026-08-21T10:43:20 | INFO     | session_runner | [cycle 138] 10:43:20 ET | positions=0 | entries=1
2026-08-21T10:43:21 | INFO     | session_runner | [bridge:IWM] rsi_trend ready: sufficient bars
2026-08-21T10:43:21 | INFO     | session_runner | Cooldown active — skipping IWM signal
2026-08-21T10:43:21 | INFO     | app.strategies.liquidity_filter | LiquidityFilter: selected IWM260821P00298000 | delta=N/A | spread_pct=0.026 | OI=6754 | vol=32491
2026-08-21T10:43:21 | INFO     | app.trading.trade_journal | Journal rejection 1192: IWM — cooldown_after_loss
2026-08-21T10:43:21 | INFO     | session_runner | Signal quality blocked | IWM/vwap_reclaim score=2.0 < 3.0
2026-08-21T10:43:21 | INFO     | app.strategies.liquidity_filter | LiquidityFilter: selected IWM260821P00297500 | delta=N/A | spread_pct=0.041 | OI=1337 | vol=6520
2026-08-21T10:43:22 | INFO     | session_runner | [bridge:XLE] rsi_trend ready: sufficient bars
2026-08-21T10:43:22 | INFO     | session_runner | Signal quality blocked | XLE/vwap_reclaim score=2.0 < 3.0
2026-08-21T10:43:22 | INFO     | app.strategies.liquidity_filter | LiquidityFilter: no qualifying contracts for XLE SignalDirection.SHORT | total_candidates=48
2026-08-21T10:43:22 | INFO     | session_runner | [bridge:QQQ] rsi_trend ready: sufficient bars
2026-08-21T10:43:22 | INFO     | session_runner | Cooldown active — skipping QQQ signal
2026-08-21T10:43:23 | INFO     | app.strategies.liquidity_filter | LiquidityFilter: selected QQQ260821P00702000 | delta=N/A | spread_pct=0.074 | OI=2181 | vol=5102
2026-08-21T10:43:23 | INFO     | app.trading.trade_journal | Journal rejection 1193: QQQ — cooldown_after_loss
2026-08-21T10:43:23 | INFO     | session_runner | Stale signal: QQQ/vwap_reclaim age=93 min > max 60 min — skipped
2026-08-21T10:43:53 | INFO     | session_runner | [cycle 139] 10:43:53 ET | positions=0 | entries=1
2026-08-21T10:43:54 | INFO     | session_runner | Periodic universe re-scan …
2026-08-21T10:43:54 | INFO     | app.scanning.universe_loader | UniverseLoader: loaded 5 groups (13 flat symbols) from /root/trader/config/ticker_universe.yaml (blacklist=0)
2026-08-21T10:43:54 | INFO     | app.scanning.universe_loader | UniverseLoader: 10 symbols from 2 group(s) (blacklist=0)
2026-08-21T10:43:54 | INFO     | session_runner | Universe scan: 10 symbols from 2 group(s) | max_active=3
2026-08-21T10:43:57 | INFO     | session_runner | Scan: 5 passed, 5 rejected
2026-08-21T10:43:57 | INFO     | session_runner |   IWM     score=70.0  signal=SHORT    reasons: rvol=1.53x (elevated), atr=1.09% (good range), orb_breakdown
2026-08-21T10:43:57 | INFO     | session_runner |   SMH     score=70.0  signal=SHORT    reasons: atr=3.09% (wide-range), orb_breakdown, trend_down
2026-08-21T10:43:57 | INFO     | session_runner |   XLE     score=60.0  signal=SHORT    reasons: rvol=1.58x (elevated), atr=1.67% (wide-range), orb_breakdown
2026-08-21T10:43:57 | INFO     | session_runner |   QQQ     score=55.0  signal=SHORT    reasons: atr=1.34% (good range), orb_breakdown, trend_sideways
2026-08-21T10:43:57 | INFO     | session_runner |   AAPL    score=42.0  signal=LONG     reasons: atr=2.28% (wide-range), trend_sideways, rsi=45 (healthy)
2026-08-21T10:43:58 | INFO     | app.strategies.liquidity_filter | LiquidityFilter: no qualifying contracts for XLE SignalDirection.SHORT | total_candidates=48
2026-08-21T10:43:58 | INFO     | app.scanning.alpaca_confirmer | AlpacaConfirmer: no liquid contract for XLE (signal=SHORT)
2026-08-21T10:43:58 | INFO     | app.strategies.liquidity_filter | LiquidityFilter: selected AAPL260821C00312500 | delta=N/A | spread_pct=0.080 | OI=7192 | vol=34266
2026-08-21T10:43:58 | INFO     | app.scanning.alpaca_confirmer | AlpacaConfirmer: confirmed AAPL | AAPL260821C00312500 | exp=2026-08-21 | spread=8.00% | OI=7192 | vol=34266
2026-08-21T10:43:58 | INFO     | app.strategies.liquidity_filter | LiquidityFilter: selected IWM260821P00297000 | delta=N/A | spread_pct=0.069 | OI=3491 | vol=11179
2026-08-21T10:43:58 | INFO     | app.scanning.alpaca_confirmer | AlpacaConfirmer: confirmed IWM | IWM260821P00297000 | exp=2026-08-21 | spread=6.90% | OI=3491 | vol=11179
2026-08-21T10:43:58 | INFO     | app.strategies.liquidity_filter | LiquidityFilter: no qualifying contracts for SMH SignalDirection.SHORT | total_candidates=204
2026-08-21T10:43:58 | INFO     | app.scanning.alpaca_confirmer | AlpacaConfirmer: liquidity_rejected_cost_cap | symbol=SMH | option_symbol=SMH260821P00590000 | ask=33.69 | ask_x_100=3369 | max_contract_cost=988
2026-08-21T10:43:58 | INFO     | app.scanning.alpaca_confirmer | AlpacaConfirmer: liquidity_rejected_cost_cap | symbol=SMH | option_symbol=SMH260821P00610000 | ask=53.54 | ask_x_100=5354 | max_contract_cost=988
2026-08-21T10:43:58 | INFO     | app.scanning.alpaca_confirmer | AlpacaConfirmer: liquidity_rejected_cost_cap | symbol=SMH | option_symbol=SMH260821P00615000 | ask=56.32 | ask_x_100=5632 | max_contract_cost=988
2026-08-21T10:43:58 | INFO     | app.scanning.alpaca_confirmer | AlpacaConfirmer: liquidity_rejected_cost_cap | symbol=SMH | option_symbol=SMH260821P00620000 | ask=64.00 | ask_x_100=6400 | max_contract_cost=988
2026-08-21T10:43:58 | INFO     | app.scanning.alpaca_confirmer | AlpacaConfirmer: liquidity_rejected_cost_cap | symbol=SMH | option_symbol=SMH260821P00655000 | ask=98.85 | ask_x_100=9885 | max_contract_cost=988
2026-08-21T10:43:58 | INFO     | app.scanning.alpaca_confirmer | AlpacaConfirmer: no liquid contract for SMH (signal=SHORT)
2026-08-21T10:43:58 | INFO     | app.strategies.liquidity_filter | LiquidityFilter: selected QQQ260821P00704000 | delta=N/A | spread_pct=0.057 | OI=1737 | vol=8679
2026-08-21T10:43:58 | INFO     | app.scanning.alpaca_confirmer | AlpacaConfirmer: confirmed QQQ | QQQ260821P00704000 | exp=2026-08-21 | spread=5.71% | OI=1737 | vol=8679
2026-08-21T10:43:58 | INFO     | session_runner | AlpacaConfirmer: 3 confirmed symbols: ['IWM', 'QQQ', 'AAPL']
2026-08-21T10:43:58 | INFO     | session_runner | Re-scan updated active symbols: ['IWM', 'QQQ', 'AAPL']
2026-08-21T10:43:59 | INFO     | session_runner | Broad-market regime | SPY=short
2026-08-21T10:43:59 | INFO     | session_runner | [bridge:IWM] rsi_trend ready: sufficient bars
2026-08-21T10:43:59 | INFO     | session_runner | Cooldown active — skipping IWM signal
2026-08-21T10:43:59 | INFO     | app.strategies.liquidity_filter | LiquidityFilter: selected IWM260821P00298000 | delta=N/A | spread_pct=0.033 | OI=6754 | vol=32491
2026-08-21T10:43:59 | INFO     | app.trading.trade_journal | Journal rejection 1194: IWM — cooldown_after_loss
2026-08-21T10:43:59 | INFO     | session_runner | Signal quality blocked | IWM/vwap_reclaim score=2.0 < 3.0
2026-08-21T10:43:59 | INFO     | app.strategies.liquidity_filter | LiquidityFilter: selected IWM260821P00298000 | delta=N/A | spread_pct=0.033 | OI=6754 | vol=32491
2026-08-21T10:44:00 | INFO     | session_runner | [bridge:QQQ] rsi_trend ready: sufficient bars
2026-08-21T10:44:00 | INFO     | session_runner | Cooldown active — skipping QQQ signal
2026-08-21T10:44:00 | INFO     | app.strategies.liquidity_filter | LiquidityFilter: selected QQQ260821P00704000 | delta=N/A | spread_pct=0.057 | OI=1737 | vol=8742
2026-08-21T10:44:00 | INFO     | app.trading.trade_journal | Journal rejection 1195: QQQ — cooldown_after_loss
2026-08-21T10:44:00 | INFO     | session_runner | Stale signal: QQQ/vwap_reclaim age=94 min > max 60 min — skipped
2026-08-21T10:44:00 | INFO     | session_runner | [bridge:AAPL] rsi_trend ready: sufficient bars
2026-08-21T10:44:30 | INFO     | session_runner | [cycle 140] 10:44:30 ET | positions=0 | entries=1
2026-08-21T10:44:31 | INFO     | session_runner | [bridge:IWM] rsi_trend ready: sufficient bars
2026-08-21T10:44:31 | INFO     | session_runner | Cooldown active — skipping IWM signal
2026-08-21T10:44:31 | INFO     | app.strategies.liquidity_filter | LiquidityFilter: selected IWM260821P00297000 | delta=N/A | spread_pct=0.069 | OI=3491 | vol=11193
2026-08-21T10:44:31 | INFO     | app.trading.trade_journal | Journal rejection 1196: IWM — cooldown_after_loss
2026-08-21T10:44:31 | INFO     | session_runner | Signal quality blocked | IWM/vwap_reclaim score=2.0 < 3.0
2026-08-21T10:44:31 | INFO     | app.strategies.liquidity_filter | LiquidityFilter: selected IWM260821P00297000 | delta=N/A | spread_pct=0.069 | OI=3491 | vol=11193
2026-08-21T10:44:32 | INFO     | session_runner | [bridge:QQQ] rsi_trend ready: sufficient bars
2026-08-21T10:44:32 | INFO     | session_runner | Cooldown active — skipping QQQ signal
2026-08-21T10:44:32 | INFO     | app.strategies.liquidity_filter | LiquidityFilter: selected QQQ260821P00703000 | delta=N/A | spread_pct=0.069 | OI=4865 | vol=5265
2026-08-21T10:44:32 | INFO     | app.trading.trade_journal | Journal rejection 1197: QQQ — cooldown_after_loss
2026-08-21T10:44:32 | INFO     | session_runner | Stale signal: QQQ/vwap_reclaim age=95 min > max 60 min — skipped
2026-08-21T10:44:32 | INFO     | session_runner | [bridge:AAPL] rsi_trend ready: sufficient bars
2026-08-21T10:45:02 | INFO     | session_runner | [cycle 141] 10:45:02 ET | positions=0 | entries=1
2026-08-21T10:45:03 | INFO     | session_runner | [bridge:IWM] rsi_trend ready: sufficient bars
2026-08-21T10:45:03 | INFO     | session_runner | Cooldown active — skipping IWM signal
2026-08-21T10:45:03 | INFO     | app.strategies.liquidity_filter | LiquidityFilter: selected IWM260821P00297500 | delta=N/A | spread_pct=0.043 | OI=1337 | vol=6578
2026-08-21T10:45:03 | INFO     | app.trading.trade_journal | Journal rejection 1198: IWM — cooldown_after_loss
2026-08-21T10:45:03 | INFO     | session_runner | Signal quality blocked | IWM/vwap_reclaim score=2.0 < 3.0
2026-08-21T10:45:04 | INFO     | app.strategies.liquidity_filter | LiquidityFilter: selected IWM260821P00297500 | delta=N/A | spread_pct=0.043 | OI=1337 | vol=6578
2026-08-21T10:45:04 | INFO     | session_runner | [bridge:QQQ] rsi_trend ready: sufficient bars
2026-08-21T10:45:04 | INFO     | session_runner | Cooldown active — skipping QQQ signal
2026-08-21T10:45:05 | INFO     | app.strategies.liquidity_filter | LiquidityFilter: selected QQQ260821P00703000 | delta=N/A | spread_pct=0.069 | OI=4865 | vol=5418
2026-08-21T10:45:05 | INFO     | app.trading.trade_journal | Journal rejection 1199: QQQ — cooldown_after_loss
2026-08-21T10:45:05 | INFO     | session_runner | Stale signal: QQQ/vwap_reclaim age=95 min > max 60 min — skipped
2026-08-21T10:45:05 | INFO     | session_runner | [bridge:AAPL] rsi_trend ready: sufficient bars
2026-08-21T10:45:35 | INFO     | session_runner | [cycle 142] 10:45:35 ET | positions=0 | entries=1
2026-08-21T10:45:36 | INFO     | session_runner | [bridge:IWM] rsi_trend ready: sufficient bars
2026-08-21T10:45:36 | INFO     | session_runner | Cooldown active — skipping IWM signal
2026-08-21T10:45:36 | INFO     | app.strategies.liquidity_filter | LiquidityFilter: selected IWM260821P00298000 | delta=N/A | spread_pct=0.029 | OI=6754 | vol=34140
2026-08-21T10:45:36 | INFO     | app.trading.trade_journal | Journal rejection 1200: IWM — cooldown_after_loss
2026-08-21T10:45:36 | INFO     | session_runner | Signal quality blocked | IWM/vwap_reclaim score=2.0 < 3.0
2026-08-21T10:45:36 | INFO     | app.strategies.liquidity_filter | LiquidityFilter: selected IWM260821P00298000 | delta=N/A | spread_pct=0.029 | OI=6754 | vol=34140
2026-08-21T10:45:37 | INFO     | session_runner | [bridge:QQQ] rsi_trend ready: sufficient bars
2026-08-21T10:45:37 | INFO     | session_runner | Cooldown active — skipping QQQ signal
2026-08-21T10:45:38 | INFO     | app.strategies.liquidity_filter | LiquidityFilter: selected QQQ260821P00705000 | delta=N/A | spread_pct=0.047 | OI=28556 | vol=44370
2026-08-21T10:45:38 | INFO     | app.trading.trade_journal | Journal rejection 1201: QQQ — cooldown_after_loss
2026-08-21T10:45:38 | INFO     | session_runner | Stale signal: QQQ/vwap_reclaim age=96 min > max 60 min — skipped
2026-08-21T10:45:38 | INFO     | session_runner | [bridge:AAPL] rsi_trend ready: sufficient bars
2026-08-21T10:46:08 | INFO     | session_runner | [cycle 143] 10:46:08 ET | positions=0 | entries=1
2026-08-21T10:46:08 | INFO     | session_runner | [bridge:IWM] rsi_trend ready: sufficient bars
2026-08-21T10:46:09 | INFO     | app.strategies.liquidity_filter | LiquidityFilter: selected IWM260821P00297500 | delta=N/A | spread_pct=0.047 | OI=1337 | vol=6626
2026-08-21T10:46:09 | INFO     | session_runner | Paper scaled sizing | IWM260821P00297500 | ask=0.2200 | budget=$250.00 | qty=10 | premium=$220.00 | cap=10
2026-08-21T10:46:09 | INFO     | app.risk.risk_manager | RiskManager: APPROVED OrderSide.BUY_TO_OPEN IWM260821P00297500 | APPROVED | qty=10 | risk=$220.00
2026-08-21T10:46:09 | INFO     | app.brokers.alpaca_broker | Placing option order | payload={'symbol': 'IWM260821P00297500', 'qty': '10', 'side': 'buy', 'type': 'limit', 'time_in_force': 'day', 'limit_price': '0.22', 'order_class': 'simple'}
2026-08-21T10:46:09 | INFO     | app.risk.risk_manager | RiskManager: entry pending | strategy=orb entries=1 pending=1 exits=1
2026-08-21T10:46:09 | INFO     | session_runner | Order placed: 251e415b | IWM260821P00297500 | limit=0.22 | status=pending_new
2026-08-21T10:46:09 | INFO     | app.trading.trade_journal | Journal entry 1202: short IWM260821P00297500 @ 0.2200
2026-08-21T10:46:09 | INFO     | app.trading.fill_tracker | FillTracker registered 251e415b | IWM260821P00297500 | limit=0.2200
2026-08-21T10:46:09 | INFO     | session_runner | Signal quality blocked | IWM/vwap_reclaim score=2.0 < 3.0
2026-08-21T10:46:09 | INFO     | app.strategies.liquidity_filter | LiquidityFilter: selected IWM260821P00297500 | delta=N/A | spread_pct=0.047 | OI=1337 | vol=6626
2026-08-21T10:46:39 | INFO     | session_runner | [cycle 144] 10:46:39 ET | positions=0 | entries=1
2026-08-21T10:46:39 | INFO     | app.trading.fill_tracker | FillTracker: FILL 251e415b @ 0.2000 (10/10 contracts)
2026-08-21T10:46:39 | INFO     | app.trading.trade_journal | Journal fill 1202: filled=10 @ 0.2000 ttf=31s
2026-08-21T10:46:39 | INFO     | app.trading.position_manager | Position opened | IWM260821P00297500 | entry=0.2000 | qty=10 | trail_activation=+25.0%
2026-08-21T10:46:39 | INFO     | app.risk.risk_manager | RiskManager: entry filled | strategy=orb entries=2 pending=0 exits=1
2026-08-21T10:46:39 | INFO     | session_runner | FillTracker: 1 fill(s) processed this cycle
2026-08-21T10:47:09 | INFO     | session_runner | [cycle 145] 10:47:09 ET | positions=1 | entries=2
2026-08-21T10:47:39 | INFO     | session_runner | [cycle 146] 10:47:39 ET | positions=1 | entries=2
2026-08-21T10:48:09 | INFO     | session_runner | [cycle 147] 10:48:09 ET | positions=1 | entries=2
2026-08-21T10:48:40 | INFO     | session_runner | [cycle 148] 10:48:40 ET | positions=1 | entries=2
2026-08-21T10:49:10 | INFO     | session_runner | [cycle 149] 10:49:10 ET | positions=1 | entries=2
2026-08-21T10:49:10 | INFO     | session_runner | Periodic universe re-scan …
2026-08-21T10:49:10 | INFO     | app.scanning.universe_loader | UniverseLoader: loaded 5 groups (13 flat symbols) from /root/trader/config/ticker_universe.yaml (blacklist=0)
2026-08-21T10:49:10 | INFO     | app.scanning.universe_loader | UniverseLoader: 10 symbols from 2 group(s) (blacklist=0)
2026-08-21T10:49:10 | INFO     | session_runner | Universe scan: 10 symbols from 2 group(s) | max_active=3
2026-08-21T10:49:14 | INFO     | session_runner | Scan: 6 passed, 4 rejected
2026-08-21T10:49:14 | INFO     | session_runner |   SMH     score=70.0  signal=SHORT    reasons: atr=3.09% (wide-range), orb_breakdown, trend_down
2026-08-21T10:49:14 | INFO     | session_runner |   IWM     score=63.0  signal=SHORT    reasons: rvol=1.50x (elevated), atr=1.09% (good range), orb_breakdown
2026-08-21T10:49:14 | INFO     | session_runner |   XLE     score=60.0  signal=SHORT    reasons: rvol=1.51x (elevated), atr=1.68% (wide-range), orb_breakdown
2026-08-21T10:49:14 | INFO     | session_runner |   QQQ     score=45.0  signal=SHORT    reasons: atr=1.34% (good range), orb_breakdown, trend_sideways
2026-08-21T10:49:14 | INFO     | session_runner |   AAPL    score=42.0  signal=LONG     reasons: atr=2.28% (wide-range), trend_sideways, rsi=45 (healthy)
2026-08-21T10:49:14 | INFO     | app.strategies.liquidity_filter | LiquidityFilter: no qualifying contracts for XLE SignalDirection.SHORT | total_candidates=48
2026-08-21T10:49:14 | INFO     | app.scanning.alpaca_confirmer | AlpacaConfirmer: no liquid contract for XLE (signal=SHORT)
2026-08-21T10:49:14 | INFO     | app.strategies.liquidity_filter | LiquidityFilter: selected AAPL260821C00307500 | delta=N/A | spread_pct=0.062 | OI=7876 | vol=13639
2026-08-21T10:49:14 | INFO     | app.scanning.alpaca_confirmer | AlpacaConfirmer: confirmed AAPL | AAPL260821C00307500 | exp=2026-08-21 | spread=6.23% | OI=7876 | vol=13639
2026-08-21T10:49:14 | INFO     | app.strategies.liquidity_filter | LiquidityFilter: selected IWM260821P00298000 | delta=N/A | spread_pct=0.039 | OI=6754 | vol=37859
2026-08-21T10:49:14 | INFO     | app.scanning.alpaca_confirmer | AlpacaConfirmer: confirmed IWM | IWM260821P00298000 | exp=2026-08-21 | spread=3.92% | OI=6754 | vol=37859
2026-08-21T10:49:14 | INFO     | app.strategies.liquidity_filter | LiquidityFilter: no qualifying contracts for SMH SignalDirection.SHORT | total_candidates=204
2026-08-21T10:49:14 | INFO     | app.scanning.alpaca_confirmer | AlpacaConfirmer: liquidity_rejected_cost_cap | symbol=SMH | option_symbol=SMH260821P00610000 | ask=53.95 | ask_x_100=5395 | max_contract_cost=988
2026-08-21T10:49:14 | INFO     | app.scanning.alpaca_confirmer | AlpacaConfirmer: liquidity_rejected_cost_cap | symbol=SMH | option_symbol=SMH260821P00615000 | ask=57.09 | ask_x_100=5709 | max_contract_cost=988
2026-08-21T10:49:14 | INFO     | app.scanning.alpaca_confirmer | AlpacaConfirmer: liquidity_rejected_cost_cap | symbol=SMH | option_symbol=SMH260821P00620000 | ask=62.79 | ask_x_100=6279 | max_contract_cost=988
2026-08-21T10:49:14 | INFO     | app.scanning.alpaca_confirmer | AlpacaConfirmer: liquidity_rejected_cost_cap | symbol=SMH | option_symbol=SMH260821P00655000 | ask=99.27 | ask_x_100=9927 | max_contract_cost=988
2026-08-21T10:49:14 | INFO     | app.scanning.alpaca_confirmer | AlpacaConfirmer: no liquid contract for SMH (signal=SHORT)
2026-08-21T10:49:14 | INFO     | app.strategies.liquidity_filter | LiquidityFilter: selected QQQ260821P00705000 | delta=N/A | spread_pct=0.049 | OI=28556 | vol=46572
2026-08-21T10:49:14 | INFO     | app.scanning.alpaca_confirmer | AlpacaConfirmer: confirmed QQQ | QQQ260821P00705000 | exp=2026-08-21 | spread=4.88% | OI=28556 | vol=46572
2026-08-21T10:49:14 | INFO     | app.strategies.liquidity_filter | LiquidityFilter: selected SPY260821C00766000 | delta=N/A | spread_pct=0.019 | OI=3665 | vol=140076
2026-08-21T10:49:14 | INFO     | app.scanning.alpaca_confirmer | AlpacaConfirmer: confirmed SPY | SPY260821C00766000 | exp=2026-08-21 | spread=1.94% | OI=3665 | vol=140076
2026-08-21T10:49:14 | INFO     | session_runner | AlpacaConfirmer: 3 confirmed symbols: ['IWM', 'QQQ', 'AAPL']
2026-08-21T10:49:14 | INFO     | session_runner | Re-scan updated active symbols: ['IWM', 'QQQ', 'AAPL']
2026-08-21T10:49:15 | INFO     | session_runner | Broad-market regime | SPY=short
2026-08-21T10:49:45 | INFO     | session_runner | [cycle 150] 10:49:45 ET | positions=1 | entries=2
2026-08-21T10:50:15 | INFO     | session_runner | [cycle 151] 10:50:15 ET | positions=1 | entries=2
2026-08-21T10:50:45 | INFO     | session_runner | [cycle 152] 10:50:45 ET | positions=1 | entries=2
2026-08-21T10:51:15 | INFO     | session_runner | [cycle 153] 10:51:15 ET | positions=1 | entries=2
2026-08-21T10:51:46 | INFO     | session_runner | [cycle 154] 10:51:46 ET | positions=1 | entries=2
2026-08-21T10:51:46 | INFO     | app.trading.reconciler | Reconciliation done: broker_pos=1 local_pos=1 broker_orders=0 local_pending=0 repaired=0 flagged=0 orders_confirmed=True positions_confirmed=True
2026-08-21T10:52:16 | INFO     | session_runner | [cycle 155] 10:52:16 ET | positions=1 | entries=2
2026-08-21T10:52:46 | INFO     | session_runner | [cycle 156] 10:52:46 ET | positions=1 | entries=2
2026-08-21T10:53:16 | INFO     | session_runner | [cycle 157] 10:53:16 ET | positions=1 | entries=2
2026-08-21T10:53:46 | INFO     | session_runner | [cycle 158] 10:53:46 ET | positions=1 | entries=2
2026-08-21T10:54:16 | INFO     | session_runner | [cycle 159] 10:54:16 ET | positions=1 | entries=2
2026-08-21T10:54:17 | INFO     | session_runner | Periodic universe re-scan …
2026-08-21T10:54:17 | INFO     | app.scanning.universe_loader | UniverseLoader: loaded 5 groups (13 flat symbols) from /root/trader/config/ticker_universe.yaml (blacklist=0)
2026-08-21T10:54:17 | INFO     | app.scanning.universe_loader | UniverseLoader: 10 symbols from 2 group(s) (blacklist=0)
2026-08-21T10:54:17 | INFO     | session_runner | Universe scan: 10 symbols from 2 group(s) | max_active=3
2026-08-21T10:54:20 | INFO     | session_runner | Scan: 6 passed, 4 rejected
2026-08-21T10:54:20 | INFO     | session_runner |   SMH     score=70.0  signal=SHORT    reasons: atr=3.09% (wide-range), orb_breakdown, trend_down
2026-08-21T10:54:20 | INFO     | session_runner |   IWM     score=53.0  signal=SHORT    reasons: rvol=1.46x (normal), atr=1.09% (good range), orb_breakdown
2026-08-21T10:54:20 | INFO     | session_runner |   XLE     score=50.0  signal=SHORT    reasons: rvol=1.47x (normal), atr=1.69% (wide-range), orb_breakdown
2026-08-21T10:54:20 | INFO     | session_runner |   QQQ     score=45.0  signal=SHORT    reasons: atr=1.34% (good range), orb_breakdown, trend_sideways
2026-08-21T10:54:20 | INFO     | session_runner |   AAPL    score=42.0  signal=LONG     reasons: atr=2.28% (wide-range), trend_sideways, rsi=46 (healthy)
2026-08-21T10:54:20 | INFO     | app.strategies.liquidity_filter | LiquidityFilter: no qualifying contracts for XLE SignalDirection.SHORT | total_candidates=48
2026-08-21T10:54:20 | INFO     | app.scanning.alpaca_confirmer | AlpacaConfirmer: no liquid contract for XLE (signal=SHORT)
2026-08-21T10:54:20 | INFO     | app.strategies.liquidity_filter | LiquidityFilter: selected AAPL260821C00312500 | delta=N/A | spread_pct=0.080 | OI=7192 | vol=36399
2026-08-21T10:54:20 | INFO     | app.scanning.alpaca_confirmer | AlpacaConfirmer: confirmed AAPL | AAPL260821C00312500 | exp=2026-08-21 | spread=8.00% | OI=7192 | vol=36399
2026-08-21T10:54:20 | INFO     | app.strategies.liquidity_filter | LiquidityFilter: selected IWM260821P00297500 | delta=N/A | spread_pct=0.054 | OI=1337 | vol=7599
2026-08-21T10:54:20 | INFO     | app.scanning.alpaca_confirmer | AlpacaConfirmer: confirmed IWM | IWM260821P00297500 | exp=2026-08-21 | spread=5.41% | OI=1337 | vol=7599
2026-08-21T10:54:20 | INFO     | app.strategies.liquidity_filter | LiquidityFilter: no qualifying contracts for SMH SignalDirection.SHORT | total_candidates=204
2026-08-21T10:54:20 | INFO     | app.scanning.alpaca_confirmer | AlpacaConfirmer: liquidity_rejected_cost_cap | symbol=SMH | option_symbol=SMH260821P00590000 | ask=32.80 | ask_x_100=3280 | max_contract_cost=988
2026-08-21T10:54:20 | INFO     | app.scanning.alpaca_confirmer | AlpacaConfirmer: liquidity_rejected_cost_cap | symbol=SMH | option_symbol=SMH260821P00610000 | ask=53.03 | ask_x_100=5303 | max_contract_cost=988
2026-08-21T10:54:20 | INFO     | app.scanning.alpaca_confirmer | AlpacaConfirmer: liquidity_rejected_cost_cap | symbol=SMH | option_symbol=SMH260821P00615000 | ask=57.13 | ask_x_100=5713 | max_contract_cost=988
2026-08-21T10:54:20 | INFO     | app.scanning.alpaca_confirmer | AlpacaConfirmer: liquidity_rejected_cost_cap | symbol=SMH | option_symbol=SMH260821P00620000 | ask=63.27 | ask_x_100=6327 | max_contract_cost=988
2026-08-21T10:54:20 | INFO     | app.scanning.alpaca_confirmer | AlpacaConfirmer: liquidity_rejected_cost_cap | symbol=SMH | option_symbol=SMH260821P00655000 | ask=97.54 | ask_x_100=9754 | max_contract_cost=988
2026-08-21T10:54:20 | INFO     | app.scanning.alpaca_confirmer | AlpacaConfirmer: no liquid contract for SMH (signal=SHORT)
2026-08-21T10:54:20 | INFO     | app.strategies.liquidity_filter | LiquidityFilter: selected SPY260821C00766000 | delta=N/A | spread_pct=0.017 | OI=3665 | vol=147287
2026-08-21T10:54:20 | INFO     | app.scanning.alpaca_confirmer | AlpacaConfirmer: confirmed SPY | SPY260821C00766000 | exp=2026-08-21 | spread=1.74% | OI=3665 | vol=147287
2026-08-21T10:54:20 | INFO     | app.strategies.liquidity_filter | LiquidityFilter: selected QQQ260821P00705000 | delta=N/A | spread_pct=0.054 | OI=28556 | vol=47552
2026-08-21T10:54:20 | INFO     | app.scanning.alpaca_confirmer | AlpacaConfirmer: confirmed QQQ | QQQ260821P00705000 | exp=2026-08-21 | spread=5.41% | OI=28556 | vol=47552
2026-08-21T10:54:20 | INFO     | session_runner | AlpacaConfirmer: 3 confirmed symbols: ['IWM', 'QQQ', 'AAPL']
2026-08-21T10:54:20 | INFO     | session_runner | Re-scan updated active symbols: ['IWM', 'QQQ', 'AAPL']
2026-08-21T10:54:21 | INFO     | session_runner | Broad-market regime | SPY=long
2026-08-21T10:54:51 | INFO     | session_runner | [cycle 160] 10:54:51 ET | positions=1 | entries=2
2026-08-21T10:55:21 | INFO     | session_runner | [cycle 161] 10:55:21 ET | positions=1 | entries=2
2026-08-21T10:55:51 | INFO     | session_runner | [cycle 162] 10:55:51 ET | positions=1 | entries=2
2026-08-21T10:56:22 | INFO     | session_runner | [cycle 163] 10:56:22 ET | positions=1 | entries=2
2026-08-21T10:56:52 | INFO     | session_runner | [cycle 164] 10:56:52 ET | positions=1 | entries=2
2026-08-21T10:57:22 | INFO     | session_runner | [cycle 165] 10:57:22 ET | positions=1 | entries=2
2026-08-21T10:57:52 | INFO     | session_runner | [cycle 166] 10:57:52 ET | positions=1 | entries=2
2026-08-21T10:58:22 | INFO     | session_runner | [cycle 167] 10:58:22 ET | positions=1 | entries=2
2026-08-21T10:58:52 | INFO     | session_runner | [cycle 168] 10:58:52 ET | positions=1 | entries=2
2026-08-21T10:58:52 | INFO     | session_runner | Exit triggered | IWM260821P00297500 | reason=stop_loss | bid=0.1000 | pnl_est=-100.00
2026-08-21T10:58:52 | INFO     | app.brokers.alpaca_broker | Placing option order | payload={'symbol': 'IWM260821P00297500', 'qty': '10', 'side': 'sell', 'type': 'limit', 'time_in_force': 'day', 'limit_price': '0.1', 'order_class': 'simple'}
2026-08-21T10:58:52 | INFO     | app.trading.position_manager | Exit pending | IWM260821P00297500 | order=3bbb244e | limit=0.1000 | reason=stop_loss | mandatory=True
2026-08-21T10:58:52 | INFO     | session_runner | Exit order placed | IWM260821P00297500 | limit=0.1000 | order_id=3bbb244e | reason=stop_loss
2026-08-21T10:59:22 | INFO     | session_runner | [cycle 169] 10:59:22 ET | positions=1 | entries=2
2026-08-21T10:59:22 | INFO     | app.trading.position_manager | Partial fill | IWM260821P00297500 | +10 @ 0.1300 | total_confirmed=10
2026-08-21T10:59:22 | INFO     | app.trading.position_manager | Loss recorded on IWM260821P00297500 (pnl=-70.00) — cooldown active for 15 min
2026-08-21T10:59:22 | INFO     | app.trading.position_manager | Position closed (confirmed) | IWM260821P00297500 | exit=0.1300 | pnl=-70.00
2026-08-21T10:59:22 | WARNING  | app.risk.risk_manager | RiskManager: correlated stop lock activated | group=broad_index direction=short source=IWM
2026-08-21T10:59:22 | INFO     | app.risk.risk_manager | RiskManager: exit recorded | entries=2 exits=2 losses=2 daily_pnl=-178.00
2026-08-21T10:59:22 | INFO     | app.trading.trade_journal | Journal exit 1202: reason=stop_loss pnl=-70.00 hold=763s
2026-08-21T10:59:22 | INFO     | session_runner | Closed 1 position(s) this cycle
2026-08-21T10:59:23 | INFO     | session_runner | Periodic universe re-scan …
2026-08-21T10:59:23 | INFO     | app.scanning.universe_loader | UniverseLoader: loaded 5 groups (13 flat symbols) from /root/trader/config/ticker_universe.yaml (blacklist=0)
2026-08-21T10:59:23 | INFO     | app.scanning.universe_loader | UniverseLoader: 10 symbols from 2 group(s) (blacklist=0)
2026-08-21T10:59:23 | INFO     | session_runner | Universe scan: 10 symbols from 2 group(s) | max_active=3
2026-08-21T10:59:25 | INFO     | session_runner | Scan: 6 passed, 4 rejected
2026-08-21T10:59:25 | INFO     | session_runner |   SMH     score=70.0  signal=SHORT    reasons: atr=3.11% (wide-range), orb_breakdown, trend_down
2026-08-21T10:59:25 | INFO     | session_runner |   IWM     score=53.0  signal=SHORT    reasons: rvol=1.41x (normal), atr=1.09% (good range), orb_breakdown
2026-08-21T10:59:25 | INFO     | session_runner |   XLE     score=50.0  signal=SHORT    reasons: rvol=1.43x (normal), atr=1.69% (wide-range), orb_breakdown
2026-08-21T10:59:25 | INFO     | session_runner |   QQQ     score=45.0  signal=SHORT    reasons: atr=1.34% (good range), orb_breakdown, trend_sideways
2026-08-21T10:59:25 | INFO     | session_runner |   AAPL    score=42.0  signal=LONG     reasons: atr=2.28% (wide-range), trend_sideways, rsi=46 (healthy)
2026-08-21T10:59:25 | INFO     | app.strategies.liquidity_filter | LiquidityFilter: no qualifying contracts for XLE SignalDirection.SHORT | total_candidates=48
2026-08-21T10:59:25 | INFO     | app.scanning.alpaca_confirmer | AlpacaConfirmer: no liquid contract for XLE (signal=SHORT)
2026-08-21T10:59:25 | INFO     | app.strategies.liquidity_filter | LiquidityFilter: selected AAPL260821C00312500 | delta=N/A | spread_pct=0.057 | OI=7192 | vol=38914
2026-08-21T10:59:25 | INFO     | app.scanning.alpaca_confirmer | AlpacaConfirmer: confirmed AAPL | AAPL260821C00312500 | exp=2026-08-21 | spread=5.71% | OI=7192 | vol=38914
2026-08-21T10:59:25 | INFO     | app.strategies.liquidity_filter | LiquidityFilter: selected IWM260821P00299000 | delta=N/A | spread_pct=0.018 | OI=9226 | vol=35744
2026-08-21T10:59:25 | INFO     | app.scanning.alpaca_confirmer | AlpacaConfirmer: confirmed IWM | IWM260821P00299000 | exp=2026-08-21 | spread=1.83% | OI=9226 | vol=35744
2026-08-21T10:59:25 | INFO     | app.strategies.liquidity_filter | LiquidityFilter: no qualifying contracts for SMH SignalDirection.SHORT | total_candidates=204
2026-08-21T10:59:25 | INFO     | app.scanning.alpaca_confirmer | AlpacaConfirmer: liquidity_rejected_cost_cap | symbol=SMH | option_symbol=SMH260821P00572500 | ask=16.63 | ask_x_100=1663 | max_contract_cost=988
2026-08-21T10:59:25 | INFO     | app.scanning.alpaca_confirmer | AlpacaConfirmer: liquidity_rejected_cost_cap | symbol=SMH | option_symbol=SMH260821P00580000 | ask=24.14 | ask_x_100=2414 | max_contract_cost=988
2026-08-21T10:59:25 | INFO     | app.scanning.alpaca_confirmer | AlpacaConfirmer: liquidity_rejected_cost_cap | symbol=SMH | option_symbol=SMH260821P00590000 | ask=34.25 | ask_x_100=3425 | max_contract_cost=988
2026-08-21T10:59:25 | INFO     | app.scanning.alpaca_confirmer | AlpacaConfirmer: liquidity_rejected_cost_cap | symbol=SMH | option_symbol=SMH260821P00610000 | ask=53.82 | ask_x_100=5382 | max_contract_cost=988
2026-08-21T10:59:25 | INFO     | app.scanning.alpaca_confirmer | AlpacaConfirmer: liquidity_rejected_cost_cap | symbol=SMH | option_symbol=SMH260821P00615000 | ask=58.72 | ask_x_100=5872 | max_contract_cost=988
2026-08-21T10:59:25 | INFO     | app.scanning.alpaca_confirmer | AlpacaConfirmer: liquidity_rejected_cost_cap | symbol=SMH | option_symbol=SMH260821P00620000 | ask=64.23 | ask_x_100=6423 | max_contract_cost=988
2026-08-21T10:59:25 | INFO     | app.scanning.alpaca_confirmer | AlpacaConfirmer: liquidity_rejected_cost_cap | symbol=SMH | option_symbol=SMH260821P00655000 | ask=97.62 | ask_x_100=9762 | max_contract_cost=988
2026-08-21T10:59:25 | INFO     | app.scanning.alpaca_confirmer | AlpacaConfirmer: no liquid contract for SMH (signal=SHORT)
2026-08-21T10:59:25 | INFO     | app.strategies.liquidity_filter | LiquidityFilter: selected QQQ260821P00704000 | delta=N/A | spread_pct=0.080 | OI=1737 | vol=10426
2026-08-21T10:59:25 | INFO     | app.scanning.alpaca_confirmer | AlpacaConfirmer: confirmed QQQ | QQQ260821P00704000 | exp=2026-08-21 | spread=8.00% | OI=1737 | vol=10426
2026-08-21T10:59:25 | INFO     | app.strategies.liquidity_filter | LiquidityFilter: selected SPY260821C00767000 | delta=N/A | spread_pct=0.023 | OI=4561 | vol=89685
2026-08-21T10:59:25 | INFO     | app.scanning.alpaca_confirmer | AlpacaConfirmer: confirmed SPY | SPY260821C00767000 | exp=2026-08-21 | spread=2.30% | OI=4561 | vol=89685
2026-08-21T10:59:25 | INFO     | session_runner | AlpacaConfirmer: 3 confirmed symbols: ['IWM', 'QQQ', 'AAPL']
2026-08-21T10:59:25 | INFO     | session_runner | Re-scan updated active symbols: ['IWM', 'QQQ', 'AAPL']
2026-08-21T10:59:26 | INFO     | session_runner | Broad-market regime | SPY=long
2026-08-21T10:59:26 | INFO     | session_runner | [bridge:QQQ] rsi_trend ready: sufficient bars
2026-08-21T10:59:26 | INFO     | session_runner | Market regime blocked | QQQ/orb direction=short regime=long
2026-08-21T10:59:26 | INFO     | app.strategies.liquidity_filter | LiquidityFilter: selected QQQ260821P00705000 | delta=N/A | spread_pct=0.065 | OI=28556 | vol=49149
2026-08-21T10:59:26 | INFO     | session_runner | Stale signal: QQQ/vwap_reclaim age=109 min > max 60 min — skipped
2026-08-21T10:59:27 | INFO     | session_runner | [bridge:AAPL] rsi_trend ready: sufficient bars
2026-08-21T10:59:27 | INFO     | session_runner | Cooldown active — skipping AAPL signal
2026-08-21T10:59:27 | INFO     | app.strategies.liquidity_filter | LiquidityFilter: selected AAPL260821C00312500 | delta=N/A | spread_pct=0.057 | OI=7192 | vol=38914
2026-08-21T10:59:27 | INFO     | app.evaluation.shadow_book | ShadowBook: simulating vwap_reclaim/baseline AAPL260821C00312500 @ 0.1800 (blocked: cooldown_after_loss, fill-validated at entry)
2026-08-21T10:59:27 | INFO     | app.strategies.liquidity_filter | LiquidityFilter: selected AAPL260821P00307500 | delta=N/A | spread_pct=0.031 | OI=10136 | vol=34572
2026-08-21T10:59:27 | INFO     | app.evaluation.shadow_book | ShadowBook: simulating vwap_reclaim/inverted AAPL260821P00307500 @ 0.3300 (blocked: inverted_direction_counterfactual, fill-validated at entry)
2026-08-21T10:59:27 | INFO     | app.trading.trade_journal | Journal rejection 1203: AAPL — cooldown_after_loss
2026-08-21T10:59:57 | INFO     | session_runner | [cycle 170] 10:59:57 ET | positions=0 | entries=2
2026-08-21T10:59:57 | INFO     | app.evaluation.shadow_book | ShadowBook: closed vwap_reclaim AAPL260821C00312500 @ 0.1300 → -5.00 (trailing_stop, fill-validated)
2026-08-21T10:59:57 | INFO     | session_runner | [bridge:QQQ] rsi_trend ready: sufficient bars
2026-08-21T10:59:57 | INFO     | session_runner | Market regime blocked | QQQ/orb direction=short regime=long
2026-08-21T10:59:58 | INFO     | app.strategies.liquidity_filter | LiquidityFilter: selected QQQ260821P00703000 | delta=N/A | spread_pct=0.095 | OI=4865 | vol=7816
2026-08-21T10:59:58 | INFO     | session_runner | Stale signal: QQQ/vwap_reclaim age=110 min > max 60 min — skipped
2026-08-21T10:59:58 | INFO     | session_runner | [bridge:AAPL] rsi_trend ready: sufficient bars
2026-08-21T10:59:58 | INFO     | session_runner | Cooldown active — skipping AAPL signal
2026-08-21T10:59:58 | INFO     | app.strategies.liquidity_filter | LiquidityFilter: selected AAPL260821C00312500 | delta=N/A | spread_pct=0.074 | OI=7192 | vol=38914
2026-08-21T10:59:58 | INFO     | app.trading.trade_journal | Journal rejection 1204: AAPL — cooldown_after_loss
2026-08-21T11:00:28 | INFO     | session_runner | [cycle 171] 11:00:28 ET | positions=0 | entries=2
2026-08-21T11:00:30 | INFO     | session_runner | [bridge:QQQ] rsi_trend ready: sufficient bars
2026-08-21T11:00:30 | INFO     | session_runner | Market regime blocked | QQQ/orb direction=short regime=long
2026-08-21T11:00:32 | INFO     | app.strategies.liquidity_filter | LiquidityFilter: selected QQQ260821P00706000 | delta=N/A | spread_pct=0.054 | OI=2242 | vol=24050
2026-08-21T11:00:32 | INFO     | session_runner | Stale signal: QQQ/vwap_reclaim age=110 min > max 60 min — skipped
2026-08-21T11:00:32 | INFO     | session_runner | [bridge:AAPL] rsi_trend ready: sufficient bars
2026-08-21T11:00:32 | INFO     | session_runner | Cooldown active — skipping AAPL signal
2026-08-21T11:00:33 | INFO     | app.strategies.liquidity_filter | LiquidityFilter: selected AAPL260821C00310000 | delta=N/A | spread_pct=0.067 | OI=31290 | vol=52628
2026-08-21T11:00:33 | INFO     | app.trading.trade_journal | Journal rejection 1205: AAPL — cooldown_after_loss
2026-08-21T11:01:03 | INFO     | session_runner | [cycle 172] 11:01:03 ET | positions=0 | entries=2
2026-08-21T11:01:05 | INFO     | session_runner | [bridge:QQQ] rsi_trend ready: sufficient bars
2026-08-21T11:01:05 | INFO     | session_runner | Market regime blocked | QQQ/orb direction=short regime=long
2026-08-21T11:01:06 | INFO     | app.strategies.liquidity_filter | LiquidityFilter: selected QQQ260821P00707000 | delta=N/A | spread_pct=0.047 | OI=2265 | vol=34874
2026-08-21T11:01:06 | INFO     | session_runner | Stale signal: QQQ/vwap_reclaim age=111 min > max 60 min — skipped
2026-08-21T11:01:07 | INFO     | session_runner | [bridge:AAPL] rsi_trend ready: sufficient bars
2026-08-21T11:01:07 | INFO     | session_runner | Cooldown active — skipping AAPL signal
2026-08-21T11:01:08 | INFO     | app.strategies.liquidity_filter | LiquidityFilter: selected AAPL260821C00312500 | delta=N/A | spread_pct=0.049 | OI=7192 | vol=39257
2026-08-21T11:01:08 | INFO     | app.trading.trade_journal | Journal rejection 1206: AAPL — cooldown_after_loss
2026-08-21T11:01:38 | INFO     | session_runner | [cycle 173] 11:01:38 ET | positions=0 | entries=2
2026-08-21T11:01:38 | INFO     | session_runner | [bridge:QQQ] rsi_trend ready: sufficient bars
2026-08-21T11:01:38 | INFO     | session_runner | Market regime blocked | QQQ/orb direction=short regime=long
2026-08-21T11:01:39 | INFO     | app.strategies.liquidity_filter | LiquidityFilter: selected QQQ260821P00708000 | delta=N/A | spread_pct=0.032 | OI=12550 | vol=68547
2026-08-21T11:01:39 | INFO     | session_runner | Stale signal: QQQ/vwap_reclaim age=112 min > max 60 min — skipped
2026-08-21T11:01:39 | INFO     | session_runner | [bridge:AAPL] rsi_trend ready: sufficient bars
2026-08-21T11:01:39 | INFO     | session_runner | Cooldown active — skipping AAPL signal
2026-08-21T11:01:39 | INFO     | app.strategies.liquidity_filter | LiquidityFilter: selected AAPL260821C00312500 | delta=N/A | spread_pct=0.057 | OI=7192 | vol=39257
2026-08-21T11:01:39 | INFO     | app.trading.trade_journal | Journal rejection 1207: AAPL — cooldown_after_loss
2026-08-21T11:02:09 | INFO     | session_runner | [cycle 174] 11:02:09 ET | positions=0 | entries=2
2026-08-21T11:02:09 | INFO     | app.trading.reconciler | Reconciliation done: broker_pos=0 local_pos=0 broker_orders=0 local_pending=0 repaired=0 flagged=0 orders_confirmed=True positions_confirmed=True
2026-08-21T11:02:10 | INFO     | app.evaluation.shadow_book | ShadowBook: closed vwap_reclaim AAPL260821P00307500 @ 0.2300 → -10.00 (trailing_stop, fill-validated)
2026-08-21T11:02:10 | INFO     | session_runner | [bridge:QQQ] rsi_trend ready: sufficient bars
2026-08-21T11:02:10 | INFO     | session_runner | Market regime blocked | QQQ/orb direction=short regime=long
2026-08-21T11:02:11 | INFO     | app.strategies.liquidity_filter | LiquidityFilter: selected QQQ260821P00709000 | delta=N/A | spread_pct=0.022 | OI=2561 | vol=85941
2026-08-21T11:02:11 | INFO     | session_runner | Stale signal: QQQ/vwap_reclaim age=112 min > max 60 min — skipped
2026-08-21T11:02:12 | INFO     | session_runner | [bridge:AAPL] rsi_trend ready: sufficient bars
2026-08-21T11:02:12 | INFO     | session_runner | Cooldown active — skipping AAPL signal
2026-08-21T11:02:12 | INFO     | app.strategies.liquidity_filter | LiquidityFilter: selected AAPL260821C00312500 | delta=N/A | spread_pct=0.065 | OI=7192 | vol=39405
2026-08-21T11:02:12 | INFO     | app.trading.trade_journal | Journal rejection 1208: AAPL — cooldown_after_loss
2026-08-21T11:02:42 | INFO     | session_runner | [cycle 175] 11:02:42 ET | positions=0 | entries=2
2026-08-21T11:02:43 | INFO     | session_runner | [bridge:QQQ] rsi_trend ready: sufficient bars
2026-08-21T11:02:43 | INFO     | session_runner | Market regime blocked | QQQ/orb direction=short regime=long
2026-08-21T11:02:43 | INFO     | app.strategies.liquidity_filter | LiquidityFilter: selected QQQ260821P00706000 | delta=N/A | spread_pct=0.061 | OI=2242 | vol=24525
2026-08-21T11:02:43 | INFO     | session_runner | Stale signal: QQQ/vwap_reclaim age=113 min > max 60 min — skipped
2026-08-21T11:02:44 | INFO     | session_runner | [bridge:AAPL] rsi_trend ready: sufficient bars
2026-08-21T11:02:44 | INFO     | session_runner | Cooldown active — skipping AAPL signal
2026-08-21T11:02:44 | INFO     | app.strategies.liquidity_filter | LiquidityFilter: selected AAPL260821C00312500 | delta=N/A | spread_pct=0.061 | OI=7192 | vol=39405
2026-08-21T11:02:44 | INFO     | app.trading.trade_journal | Journal rejection 1209: AAPL — cooldown_after_loss
2026-08-21T11:03:14 | INFO     | session_runner | [cycle 176] 11:03:14 ET | positions=0 | entries=2
2026-08-21T11:03:15 | INFO     | session_runner | [bridge:QQQ] rsi_trend ready: sufficient bars
2026-08-21T11:03:15 | INFO     | session_runner | Market regime blocked | QQQ/orb direction=short regime=long
2026-08-21T11:03:15 | INFO     | app.strategies.liquidity_filter | LiquidityFilter: selected QQQ260821P00707000 | delta=N/A | spread_pct=0.044 | OI=2265 | vol=35214
2026-08-21T11:03:15 | INFO     | session_runner | Stale signal: QQQ/vwap_reclaim age=113 min > max 60 min — skipped
2026-08-21T11:03:15 | INFO     | session_runner | [bridge:AAPL] rsi_trend ready: sufficient bars
2026-08-21T11:03:15 | INFO     | session_runner | Cooldown active — skipping AAPL signal
2026-08-21T11:03:16 | INFO     | app.strategies.liquidity_filter | LiquidityFilter: selected AAPL260821C00312500 | delta=N/A | spread_pct=0.095 | OI=7192 | vol=40453
2026-08-21T11:03:16 | INFO     | app.trading.trade_journal | Journal rejection 1210: AAPL — cooldown_after_loss
2026-08-21T11:03:46 | INFO     | session_runner | [cycle 177] 11:03:46 ET | positions=0 | entries=2
2026-08-21T11:03:46 | INFO     | session_runner | [bridge:QQQ] rsi_trend ready: sufficient bars
2026-08-21T11:03:46 | INFO     | session_runner | Market regime blocked | QQQ/orb direction=short regime=long
2026-08-21T11:03:47 | INFO     | app.strategies.liquidity_filter | LiquidityFilter: selected QQQ260821P00707000 | delta=N/A | spread_pct=0.051 | OI=2265 | vol=35214
2026-08-21T11:03:47 | INFO     | session_runner | Stale signal: QQQ/vwap_reclaim age=114 min > max 60 min — skipped
2026-08-21T11:03:47 | INFO     | session_runner | [bridge:AAPL] rsi_trend ready: sufficient bars
2026-08-21T11:03:47 | INFO     | session_runner | Cooldown active — skipping AAPL signal
2026-08-21T11:03:47 | INFO     | app.strategies.liquidity_filter | LiquidityFilter: selected AAPL260821C00310000 | delta=N/A | spread_pct=0.044 | OI=31290 | vol=54477
2026-08-21T11:03:47 | INFO     | app.trading.trade_journal | Journal rejection 1211: AAPL — cooldown_after_loss
2026-08-21T11:04:17 | INFO     | session_runner | [cycle 178] 11:04:17 ET | positions=0 | entries=2
2026-08-21T11:04:18 | INFO     | session_runner | [bridge:QQQ] rsi_trend ready: sufficient bars
2026-08-21T11:04:18 | INFO     | session_runner | Market regime blocked | QQQ/orb direction=short regime=long
2026-08-21T11:04:18 | INFO     | app.strategies.liquidity_filter | LiquidityFilter: selected QQQ260821P00707000 | delta=N/A | spread_pct=0.051 | OI=2265 | vol=35325
2026-08-21T11:04:18 | INFO     | session_runner | Stale signal: QQQ/vwap_reclaim age=114 min > max 60 min — skipped
2026-08-21T11:04:19 | INFO     | session_runner | [bridge:AAPL] rsi_trend ready: sufficient bars
2026-08-21T11:04:19 | INFO     | session_runner | Cooldown active — skipping AAPL signal
2026-08-21T11:04:19 | INFO     | app.strategies.liquidity_filter | LiquidityFilter: selected AAPL260821C00312500 | delta=N/A | spread_pct=0.061 | OI=7192 | vol=40752
2026-08-21T11:04:19 | INFO     | app.trading.trade_journal | Journal rejection 1212: AAPL — cooldown_after_loss
2026-08-21T11:04:49 | INFO     | session_runner | [cycle 179] 11:04:49 ET | positions=0 | entries=2
2026-08-21T11:04:49 | INFO     | session_runner | Periodic universe re-scan …
2026-08-21T11:04:49 | INFO     | app.scanning.universe_loader | UniverseLoader: loaded 5 groups (13 flat symbols) from /root/trader/config/ticker_universe.yaml (blacklist=0)
2026-08-21T11:04:49 | INFO     | app.scanning.universe_loader | UniverseLoader: 10 symbols from 2 group(s) (blacklist=0)
2026-08-21T11:04:49 | INFO     | session_runner | Universe scan: 10 symbols from 2 group(s) | max_active=3
2026-08-21T11:04:55 | INFO     | session_runner | Scan: 5 passed, 5 rejected
2026-08-21T11:04:55 | INFO     | session_runner |   SMH     score=70.0  signal=SHORT    reasons: atr=3.10% (wide-range), orb_breakdown, trend_down
2026-08-21T11:04:55 | INFO     | session_runner |   SPY     score=63.0  signal=LONG     reasons: rvol=1.09x (normal), atr=0.76% (minimal range), orb_breakout
2026-08-21T11:04:55 | INFO     | session_runner |   XLE     score=50.0  signal=SHORT    reasons: rvol=1.39x (normal), atr=1.71% (wide-range), orb_breakdown
2026-08-21T11:04:55 | INFO     | session_runner |   QQQ     score=43.0  signal=LONG     reasons: atr=1.33% (good range), near_orb_level, trend_sideways
2026-08-21T11:04:55 | INFO     | session_runner |   AAPL    score=42.0  signal=LONG     reasons: atr=2.28% (wide-range), trend_sideways, rsi=47 (healthy)
2026-08-21T11:04:55 | INFO     | app.strategies.liquidity_filter | LiquidityFilter: no qualifying contracts for XLE SignalDirection.SHORT | total_candidates=48
2026-08-21T11:04:55 | INFO     | app.scanning.alpaca_confirmer | AlpacaConfirmer: no liquid contract for XLE (signal=SHORT)
2026-08-21T11:04:55 | INFO     | app.strategies.liquidity_filter | LiquidityFilter: selected AAPL260821C00312500 | delta=N/A | spread_pct=0.054 | OI=7192 | vol=40752
2026-08-21T11:04:55 | INFO     | app.scanning.alpaca_confirmer | AlpacaConfirmer: confirmed AAPL | AAPL260821C00312500 | exp=2026-08-21 | spread=5.41% | OI=7192 | vol=40752
2026-08-21T11:04:55 | INFO     | app.strategies.liquidity_filter | LiquidityFilter: no qualifying contracts for SMH SignalDirection.SHORT | total_candidates=204
2026-08-21T11:04:55 | INFO     | app.scanning.alpaca_confirmer | AlpacaConfirmer: liquidity_rejected_cost_cap | symbol=SMH | option_symbol=SMH260821P00590000 | ask=33.97 | ask_x_100=3397 | max_contract_cost=988
2026-08-21T11:04:55 | INFO     | app.scanning.alpaca_confirmer | AlpacaConfirmer: liquidity_rejected_cost_cap | symbol=SMH | option_symbol=SMH260821P00610000 | ask=55.10 | ask_x_100=5510 | max_contract_cost=988
2026-08-21T11:04:55 | INFO     | app.scanning.alpaca_confirmer | AlpacaConfirmer: liquidity_rejected_cost_cap | symbol=SMH | option_symbol=SMH260821P00615000 | ask=59.81 | ask_x_100=5981 | max_contract_cost=988
2026-08-21T11:04:55 | INFO     | app.scanning.alpaca_confirmer | AlpacaConfirmer: liquidity_rejected_cost_cap | symbol=SMH | option_symbol=SMH260821P00620000 | ask=64.42 | ask_x_100=6442 | max_contract_cost=988
2026-08-21T11:04:55 | INFO     | app.scanning.alpaca_confirmer | AlpacaConfirmer: liquidity_rejected_cost_cap | symbol=SMH | option_symbol=SMH260821P00655000 | ask=97.56 | ask_x_100=9756 | max_contract_cost=988
2026-08-21T11:04:55 | INFO     | app.scanning.alpaca_confirmer | AlpacaConfirmer: no liquid contract for SMH (signal=SHORT)
2026-08-21T11:04:55 | INFO     | app.strategies.liquidity_filter | LiquidityFilter: selected SPY260821C00767000 | delta=N/A | spread_pct=0.017 | OI=4561 | vol=92695
2026-08-21T11:04:55 | INFO     | app.scanning.alpaca_confirmer | AlpacaConfirmer: confirmed SPY | SPY260821C00767000 | exp=2026-08-21 | spread=1.74% | OI=4561 | vol=92695
2026-08-21T11:04:55 | INFO     | app.strategies.liquidity_filter | LiquidityFilter: selected QQQ260821C00715000 | delta=N/A | spread_pct=0.022 | OI=8004 | vol=95583
2026-08-21T11:04:55 | INFO     | app.scanning.alpaca_confirmer | AlpacaConfirmer: confirmed QQQ | QQQ260821C00715000 | exp=2026-08-21 | spread=2.25% | OI=8004 | vol=95583
2026-08-21T11:04:55 | INFO     | session_runner | AlpacaConfirmer: 3 confirmed symbols: ['SPY', 'QQQ', 'AAPL']
2026-08-21T11:04:55 | INFO     | session_runner | Re-scan updated active symbols: ['SPY', 'QQQ', 'AAPL']
2026-08-21T11:04:56 | INFO     | session_runner | Broad-market regime | SPY=long
2026-08-21T11:04:57 | INFO     | session_runner | [bridge:SPY] rsi_trend ready: sufficient bars
2026-08-21T11:04:57 | INFO     | session_runner | Cooldown active — skipping SPY signal
2026-08-21T11:04:57 | INFO     | app.strategies.liquidity_filter | LiquidityFilter: selected SPY260821C00768000 | delta=N/A | spread_pct=0.032 | OI=5625 | vol=87758
2026-08-21T11:04:57 | INFO     | app.evaluation.shadow_book | ShadowBook: simulating vwap_reclaim/baseline SPY260821C00768000 @ 0.3200 (blocked: cooldown_after_loss, fill-validated at entry)
2026-08-21T11:04:57 | INFO     | app.strategies.liquidity_filter | LiquidityFilter: selected SPY260821P00764000 | delta=N/A | spread_pct=0.030 | OI=6749 | vol=225171
2026-08-21T11:04:57 | INFO     | app.evaluation.shadow_book | ShadowBook: simulating vwap_reclaim/inverted SPY260821P00764000 @ 0.3400 (blocked: inverted_direction_counterfactual, fill-validated at entry)
2026-08-21T11:04:57 | INFO     | app.trading.trade_journal | Journal rejection 1213: SPY — cooldown_after_loss
2026-08-21T11:04:57 | INFO     | session_runner | Direction mismatch: scanner=LONG strategy=SHORT for SPY/vwap_reclaim — skipped
2026-08-21T11:04:57 | INFO     | session_runner | Stale signal: SPY/vwap_reclaim age=70 min > max 60 min — skipped
2026-08-21T11:04:58 | INFO     | session_runner | [bridge:QQQ] rsi_trend ready: sufficient bars
2026-08-21T11:04:58 | INFO     | session_runner | Direction mismatch: scanner=LONG strategy=SHORT for QQQ/orb — skipped
2026-08-21T11:04:58 | INFO     | session_runner | Stale signal: QQQ/vwap_reclaim age=115 min > max 60 min — skipped
2026-08-21T11:04:58 | INFO     | session_runner | [bridge:AAPL] rsi_trend ready: sufficient bars
2026-08-21T11:04:58 | INFO     | session_runner | Cooldown active — skipping AAPL signal
2026-08-21T11:04:58 | INFO     | app.strategies.liquidity_filter | LiquidityFilter: selected AAPL260821C00310000 | delta=N/A | spread_pct=0.025 | OI=31290 | vol=55537
2026-08-21T11:04:58 | INFO     | app.trading.trade_journal | Journal rejection 1214: AAPL — cooldown_after_loss
2026-08-21T11:05:28 | INFO     | session_runner | [cycle 180] 11:05:28 ET | positions=0 | entries=2
2026-08-21T11:05:30 | INFO     | session_runner | [bridge:SPY] rsi_trend ready: sufficient bars
2026-08-21T11:05:30 | INFO     | session_runner | Cooldown active — skipping SPY signal
2026-08-21T11:05:31 | INFO     | app.strategies.liquidity_filter | LiquidityFilter: selected SPY260821C00767000 | delta=N/A | spread_pct=0.017 | OI=4561 | vol=93701
2026-08-21T11:05:31 | INFO     | app.trading.trade_journal | Journal rejection 1215: SPY — cooldown_after_loss
2026-08-21T11:05:31 | INFO     | session_runner | Direction mismatch: scanner=LONG strategy=SHORT for SPY/vwap_reclaim — skipped
2026-08-21T11:05:31 | INFO     | session_runner | Stale signal: SPY/vwap_reclaim age=70 min > max 60 min — skipped
2026-08-21T11:05:31 | INFO     | session_runner | [bridge:QQQ] rsi_trend ready: sufficient bars
2026-08-21T11:05:31 | INFO     | session_runner | Direction mismatch: scanner=LONG strategy=SHORT for QQQ/orb — skipped
2026-08-21T11:05:31 | INFO     | session_runner | Stale signal: QQQ/vwap_reclaim age=115 min > max 60 min — skipped
2026-08-21T11:05:32 | INFO     | session_runner | [bridge:AAPL] rsi_trend ready: sufficient bars
2026-08-21T11:05:32 | INFO     | session_runner | Cooldown active — skipping AAPL signal
2026-08-21T11:05:32 | INFO     | app.strategies.liquidity_filter | LiquidityFilter: selected AAPL260821C00312500 | delta=N/A | spread_pct=0.051 | OI=7192 | vol=40918
2026-08-21T11:05:32 | INFO     | app.trading.trade_journal | Journal rejection 1216: AAPL — cooldown_after_loss
2026-08-21T11:06:02 | INFO     | session_runner | [cycle 181] 11:06:02 ET | positions=0 | entries=2
2026-08-21T11:06:03 | INFO     | app.evaluation.shadow_book | ShadowBook: closed vwap_reclaim SPY260821C00768000 @ 0.2400 → -8.00 (trailing_stop, fill-validated)
2026-08-21T11:06:04 | INFO     | session_runner | [bridge:SPY] rsi_trend ready: sufficient bars
2026-08-21T11:06:04 | INFO     | session_runner | Cooldown active — skipping SPY signal
2026-08-21T11:06:05 | INFO     | app.strategies.liquidity_filter | LiquidityFilter: selected SPY260821C00767000 | delta=N/A | spread_pct=0.018 | OI=4561 | vol=94115
2026-08-21T11:06:05 | INFO     | app.trading.trade_journal | Journal rejection 1217: SPY — cooldown_after_loss
2026-08-21T11:06:05 | INFO     | session_runner | Direction mismatch: scanner=LONG strategy=SHORT for SPY/vwap_reclaim — skipped
2026-08-21T11:06:05 | INFO     | session_runner | Stale signal: SPY/vwap_reclaim age=71 min > max 60 min — skipped
2026-08-21T11:06:05 | INFO     | session_runner | [bridge:QQQ] rsi_trend ready: sufficient bars
2026-08-21T11:06:05 | INFO     | session_runner | Direction mismatch: scanner=LONG strategy=SHORT for QQQ/orb — skipped
2026-08-21T11:06:05 | INFO     | session_runner | Signal quality blocked | QQQ/vwap_reclaim score=2.0 < 3.0
2026-08-21T11:06:06 | INFO     | app.strategies.liquidity_filter | LiquidityFilter: selected QQQ260821C00714000 | delta=N/A | spread_pct=0.015 | OI=1413 | vol=80907
2026-08-21T11:06:06 | INFO     | app.evaluation.shadow_book | ShadowBook: simulating vwap_reclaim/baseline QQQ260821C00714000 @ 0.6700 (blocked: signal_quality_below_min, fill-validated at entry)
2026-08-21T11:06:06 | INFO     | app.strategies.liquidity_filter | LiquidityFilter: selected QQQ260821P00709000 | delta=N/A | spread_pct=0.026 | OI=2561 | vol=87133
2026-08-21T11:06:06 | INFO     | app.evaluation.shadow_book | ShadowBook: simulating vwap_reclaim/inverted QQQ260821P00709000 @ 0.3900 (blocked: inverted_direction_counterfactual, fill-validated at entry)
2026-08-21T11:06:06 | INFO     | session_runner | Stale signal: QQQ/vwap_reclaim age=116 min > max 60 min — skipped
2026-08-21T11:06:07 | INFO     | session_runner | [bridge:AAPL] rsi_trend ready: sufficient bars
2026-08-21T11:06:07 | INFO     | session_runner | Cooldown active — skipping AAPL signal
2026-08-21T11:06:07 | INFO     | app.strategies.liquidity_filter | LiquidityFilter: selected AAPL260821C00312500 | delta=N/A | spread_pct=0.069 | OI=7192 | vol=41098
2026-08-21T11:06:07 | INFO     | app.trading.trade_journal | Journal rejection 1218: AAPL — cooldown_after_loss
2026-08-21T11:06:37 | INFO     | session_runner | [cycle 182] 11:06:37 ET | positions=0 | entries=2
2026-08-21T11:06:38 | INFO     | session_runner | [bridge:SPY] rsi_trend ready: sufficient bars
2026-08-21T11:06:38 | INFO     | session_runner | Cooldown active — skipping SPY signal
2026-08-21T11:06:38 | INFO     | app.strategies.liquidity_filter | LiquidityFilter: selected SPY260821C00767000 | delta=N/A | spread_pct=0.016 | OI=4561 | vol=94115
2026-08-21T11:06:38 | INFO     | app.trading.trade_journal | Journal rejection 1219: SPY — cooldown_after_loss
2026-08-21T11:06:38 | INFO     | session_runner | Direction mismatch: scanner=LONG strategy=SHORT for SPY/vwap_reclaim — skipped
2026-08-21T11:06:38 | INFO     | session_runner | Stale signal: SPY/vwap_reclaim age=72 min > max 60 min — skipped
2026-08-21T11:06:39 | INFO     | session_runner | [bridge:QQQ] rsi_trend ready: sufficient bars
2026-08-21T11:06:39 | INFO     | session_runner | Direction mismatch: scanner=LONG strategy=SHORT for QQQ/orb — skipped
2026-08-21T11:06:39 | INFO     | session_runner | Signal quality blocked | QQQ/vwap_reclaim score=2.0 < 3.0
2026-08-21T11:06:39 | INFO     | app.strategies.liquidity_filter | LiquidityFilter: selected QQQ260821C00715000 | delta=N/A | spread_pct=0.024 | OI=8004 | vol=96646
2026-08-21T11:06:39 | INFO     | session_runner | Stale signal: QQQ/vwap_reclaim age=117 min > max 60 min — skipped
2026-08-21T11:06:39 | INFO     | session_runner | [bridge:AAPL] rsi_trend ready: sufficient bars
2026-08-21T11:06:39 | INFO     | session_runner | Cooldown active — skipping AAPL signal
2026-08-21T11:06:40 | INFO     | app.strategies.liquidity_filter | LiquidityFilter: selected AAPL260821C00312500 | delta=N/A | spread_pct=0.049 | OI=7192 | vol=41098
2026-08-21T11:06:40 | INFO     | app.trading.trade_journal | Journal rejection 1220: AAPL — cooldown_after_loss
2026-08-21T11:07:10 | INFO     | session_runner | [cycle 183] 11:07:10 ET | positions=0 | entries=2
2026-08-21T11:07:11 | INFO     | session_runner | [bridge:SPY] rsi_trend ready: sufficient bars
2026-08-21T11:07:11 | INFO     | session_runner | Cooldown active — skipping SPY signal
2026-08-21T11:07:11 | INFO     | app.strategies.liquidity_filter | LiquidityFilter: selected SPY260821C00767000 | delta=N/A | spread_pct=0.017 | OI=4561 | vol=95376
2026-08-21T11:07:11 | INFO     | app.trading.trade_journal | Journal rejection 1221: SPY — cooldown_after_loss
2026-08-21T11:07:11 | INFO     | session_runner | Direction mismatch: scanner=LONG strategy=SHORT for SPY/vwap_reclaim — skipped
2026-08-21T11:07:11 | INFO     | session_runner | Stale signal: SPY/vwap_reclaim age=72 min > max 60 min — skipped
2026-08-21T11:07:12 | INFO     | session_runner | [bridge:QQQ] rsi_trend ready: sufficient bars
2026-08-21T11:07:12 | INFO     | session_runner | Direction mismatch: scanner=LONG strategy=SHORT for QQQ/orb — skipped
2026-08-21T11:07:12 | INFO     | session_runner | Signal quality blocked | QQQ/vwap_reclaim score=2.0 < 3.0
2026-08-21T11:07:12 | INFO     | app.strategies.liquidity_filter | LiquidityFilter: selected QQQ260821C00715000 | delta=N/A | spread_pct=0.022 | OI=8004 | vol=97261
2026-08-21T11:07:12 | INFO     | session_runner | Stale signal: QQQ/vwap_reclaim age=117 min > max 60 min — skipped
2026-08-21T11:07:13 | INFO     | session_runner | [bridge:AAPL] rsi_trend ready: sufficient bars
2026-08-21T11:07:13 | INFO     | session_runner | Cooldown active — skipping AAPL signal
2026-08-21T11:07:13 | INFO     | app.strategies.liquidity_filter | LiquidityFilter: selected AAPL260821C00312500 | delta=N/A | spread_pct=0.065 | OI=7192 | vol=41260
2026-08-21T11:07:13 | INFO     | app.trading.trade_journal | Journal rejection 1222: AAPL — cooldown_after_loss
2026-08-21T11:07:43 | INFO     | session_runner | [cycle 184] 11:07:43 ET | positions=0 | entries=2
2026-08-21T11:07:43 | INFO     | session_runner | [bridge:SPY] rsi_trend ready: sufficient bars
2026-08-21T11:07:43 | INFO     | session_runner | Cooldown active — skipping SPY signal
2026-08-21T11:07:44 | INFO     | app.strategies.liquidity_filter | LiquidityFilter: selected SPY260821C00767000 | delta=N/A | spread_pct=0.017 | OI=4561 | vol=95376
2026-08-21T11:07:44 | INFO     | app.trading.trade_journal | Journal rejection 1223: SPY — cooldown_after_loss
2026-08-21T11:07:44 | INFO     | session_runner | Direction mismatch: scanner=LONG strategy=SHORT for SPY/vwap_reclaim — skipped
2026-08-21T11:07:44 | INFO     | session_runner | Stale signal: SPY/vwap_reclaim age=73 min > max 60 min — skipped
2026-08-21T11:07:44 | INFO     | session_runner | [bridge:QQQ] rsi_trend ready: sufficient bars
2026-08-21T11:07:44 | INFO     | session_runner | Direction mismatch: scanner=LONG strategy=SHORT for QQQ/orb — skipped
2026-08-21T11:07:44 | INFO     | session_runner | Signal quality blocked | QQQ/vwap_reclaim score=2.0 < 3.0
2026-08-21T11:07:45 | INFO     | app.strategies.liquidity_filter | LiquidityFilter: selected QQQ260821C00715000 | delta=N/A | spread_pct=0.021 | OI=8004 | vol=97261
2026-08-21T11:07:45 | INFO     | session_runner | Stale signal: QQQ/vwap_reclaim age=118 min > max 60 min — skipped
2026-08-21T11:07:45 | INFO     | session_runner | [bridge:AAPL] rsi_trend ready: sufficient bars
2026-08-21T11:07:45 | INFO     | session_runner | Cooldown active — skipping AAPL signal
2026-08-21T11:07:45 | INFO     | app.strategies.liquidity_filter | LiquidityFilter: selected AAPL260821C00312500 | delta=N/A | spread_pct=0.051 | OI=7192 | vol=41260
2026-08-21T11:07:45 | INFO     | app.trading.trade_journal | Journal rejection 1224: AAPL — cooldown_after_loss
2026-08-21T11:08:15 | INFO     | session_runner | [cycle 185] 11:08:15 ET | positions=0 | entries=2
2026-08-21T11:08:16 | INFO     | session_runner | [bridge:SPY] rsi_trend ready: sufficient bars
2026-08-21T11:08:16 | INFO     | session_runner | Cooldown active — skipping SPY signal
2026-08-21T11:08:16 | INFO     | app.strategies.liquidity_filter | LiquidityFilter: selected SPY260821C00767000 | delta=N/A | spread_pct=0.018 | OI=4561 | vol=96311
2026-08-21T11:08:16 | INFO     | app.trading.trade_journal | Journal rejection 1225: SPY — cooldown_after_loss
2026-08-21T11:08:16 | INFO     | session_runner | Direction mismatch: scanner=LONG strategy=SHORT for SPY/vwap_reclaim — skipped
2026-08-21T11:08:16 | INFO     | session_runner | Stale signal: SPY/vwap_reclaim age=73 min > max 60 min — skipped
2026-08-21T11:08:16 | INFO     | session_runner | [bridge:QQQ] rsi_trend ready: sufficient bars
2026-08-21T11:08:16 | INFO     | session_runner | Direction mismatch: scanner=LONG strategy=SHORT for QQQ/orb — skipped
2026-08-21T11:08:16 | INFO     | session_runner | Signal quality blocked | QQQ/vwap_reclaim score=2.0 < 3.0
2026-08-21T11:08:17 | INFO     | app.strategies.liquidity_filter | LiquidityFilter: selected QQQ260821C00715000 | delta=N/A | spread_pct=0.022 | OI=8004 | vol=97779
2026-08-21T11:08:17 | INFO     | session_runner | Stale signal: QQQ/vwap_reclaim age=118 min > max 60 min — skipped
2026-08-21T11:08:17 | INFO     | session_runner | [bridge:AAPL] rsi_trend ready: sufficient bars
2026-08-21T11:08:17 | INFO     | session_runner | Cooldown active — skipping AAPL signal
2026-08-21T11:08:17 | INFO     | app.strategies.liquidity_filter | LiquidityFilter: selected AAPL260821C00310000 | delta=N/A | spread_pct=0.026 | OI=31290 | vol=58069
2026-08-21T11:08:17 | INFO     | app.trading.trade_journal | Journal rejection 1226: AAPL — cooldown_after_loss
2026-08-21T11:08:47 | INFO     | session_runner | [cycle 186] 11:08:47 ET | positions=0 | entries=2
2026-08-21T11:08:48 | INFO     | session_runner | [bridge:SPY] rsi_trend ready: sufficient bars
2026-08-21T11:08:48 | INFO     | session_runner | Cooldown active — skipping SPY signal
2026-08-21T11:08:48 | INFO     | app.strategies.liquidity_filter | LiquidityFilter: selected SPY260821C00767000 | delta=N/A | spread_pct=0.018 | OI=4561 | vol=96311
2026-08-21T11:08:48 | INFO     | app.trading.trade_journal | Journal rejection 1227: SPY — cooldown_after_loss
2026-08-21T11:08:48 | INFO     | session_runner | Direction mismatch: scanner=LONG strategy=SHORT for SPY/vwap_reclaim — skipped
2026-08-21T11:08:48 | INFO     | session_runner | Stale signal: SPY/vwap_reclaim age=74 min > max 60 min — skipped
2026-08-21T11:08:48 | INFO     | session_runner | [bridge:QQQ] rsi_trend ready: sufficient bars
2026-08-21T11:08:48 | INFO     | session_runner | Direction mismatch: scanner=LONG strategy=SHORT for QQQ/orb — skipped
2026-08-21T11:08:48 | INFO     | session_runner | Signal quality blocked | QQQ/vwap_reclaim score=2.0 < 3.0
2026-08-21T11:08:49 | INFO     | app.strategies.liquidity_filter | LiquidityFilter: selected QQQ260821C00715000 | delta=N/A | spread_pct=0.022 | OI=8004 | vol=97779
2026-08-21T11:08:49 | INFO     | session_runner | Stale signal: QQQ/vwap_reclaim age=119 min > max 60 min — skipped
2026-08-21T11:08:49 | INFO     | session_runner | [bridge:AAPL] rsi_trend ready: sufficient bars
2026-08-21T11:08:49 | INFO     | session_runner | Cooldown active — skipping AAPL signal
2026-08-21T11:08:49 | INFO     | app.strategies.liquidity_filter | LiquidityFilter: selected AAPL260821C00310000 | delta=N/A | spread_pct=0.014 | OI=31290 | vol=58069
2026-08-21T11:08:49 | INFO     | app.trading.trade_journal | Journal rejection 1228: AAPL — cooldown_after_loss
2026-08-21T11:09:19 | INFO     | session_runner | [cycle 187] 11:09:19 ET | positions=0 | entries=2
2026-08-21T11:09:20 | INFO     | session_runner | [bridge:SPY] rsi_trend ready: sufficient bars
2026-08-21T11:09:20 | INFO     | session_runner | Cooldown active — skipping SPY signal
2026-08-21T11:09:20 | INFO     | app.strategies.liquidity_filter | LiquidityFilter: selected SPY260821C00767000 | delta=N/A | spread_pct=0.022 | OI=4561 | vol=96854
2026-08-21T11:09:20 | INFO     | app.trading.trade_journal | Journal rejection 1229: SPY — cooldown_after_loss
2026-08-21T11:09:20 | INFO     | session_runner | Direction mismatch: scanner=LONG strategy=SHORT for SPY/vwap_reclaim — skipped
2026-08-21T11:09:20 | INFO     | session_runner | Stale signal: SPY/vwap_reclaim age=74 min > max 60 min — skipped
2026-08-21T11:09:20 | INFO     | session_runner | [bridge:QQQ] rsi_trend ready: sufficient bars
2026-08-21T11:09:20 | INFO     | session_runner | Direction mismatch: scanner=LONG strategy=SHORT for QQQ/orb — skipped
2026-08-21T11:09:20 | INFO     | session_runner | Signal quality blocked | QQQ/vwap_reclaim score=2.0 < 3.0
2026-08-21T11:09:21 | INFO     | app.strategies.liquidity_filter | LiquidityFilter: selected QQQ260821C00715000 | delta=N/A | spread_pct=0.025 | OI=8004 | vol=98388
2026-08-21T11:09:21 | INFO     | session_runner | Stale signal: QQQ/vwap_reclaim age=119 min > max 60 min — skipped
2026-08-21T11:09:21 | INFO     | session_runner | [bridge:AAPL] rsi_trend ready: sufficient bars
2026-08-21T11:09:21 | INFO     | session_runner | Cooldown active — skipping AAPL signal
2026-08-21T11:09:21 | INFO     | app.strategies.liquidity_filter | LiquidityFilter: selected AAPL260821C00312500 | delta=N/A | spread_pct=0.061 | OI=7192 | vol=41974
2026-08-21T11:09:21 | INFO     | app.trading.trade_journal | Journal rejection 1230: AAPL — cooldown_after_loss
2026-08-21T11:09:51 | INFO     | session_runner | [cycle 188] 11:09:51 ET | positions=0 | entries=2
2026-08-21T11:09:51 | INFO     | session_runner | Periodic universe re-scan …
2026-08-21T11:09:51 | INFO     | app.scanning.universe_loader | UniverseLoader: loaded 5 groups (13 flat symbols) from /root/trader/config/ticker_universe.yaml (blacklist=0)
2026-08-21T11:09:51 | INFO     | app.scanning.universe_loader | UniverseLoader: 10 symbols from 2 group(s) (blacklist=0)
2026-08-21T11:09:51 | INFO     | session_runner | Universe scan: 10 symbols from 2 group(s) | max_active=3
2026-08-21T11:09:54 | INFO     | session_runner | Scan: 5 passed, 5 rejected
2026-08-21T11:09:54 | INFO     | session_runner |   SMH     score=70.0  signal=SHORT    reasons: atr=3.10% (wide-range), orb_breakdown, trend_down
2026-08-21T11:09:54 | INFO     | session_runner |   SPY     score=63.0  signal=LONG     reasons: rvol=1.08x (normal), atr=0.77% (minimal range), orb_breakout
2026-08-21T11:09:54 | INFO     | session_runner |   XLE     score=60.0  signal=SHORT    reasons: rvol=1.56x (elevated), atr=1.74% (wide-range), orb_breakdown
2026-08-21T11:09:54 | INFO     | session_runner |   QQQ     score=43.0  signal=LONG     reasons: atr=1.33% (good range), near_orb_level, trend_sideways
2026-08-21T11:09:54 | INFO     | session_runner |   AAPL    score=42.0  signal=LONG     reasons: atr=2.27% (wide-range), trend_sideways, rsi=47 (healthy)
2026-08-21T11:09:54 | INFO     | app.strategies.liquidity_filter | LiquidityFilter: selected XLE260821P00064000 | delta=N/A | spread_pct=0.065 | OI=429 | vol=82
2026-08-21T11:09:54 | INFO     | app.scanning.alpaca_confirmer | AlpacaConfirmer: confirmed XLE | XLE260821P00064000 | exp=2026-08-21 | spread=6.45% | OI=429 | vol=82
2026-08-21T11:09:54 | INFO     | app.strategies.liquidity_filter | LiquidityFilter: selected AAPL260821C00310000 | delta=N/A | spread_pct=0.028 | OI=31290 | vol=62194
2026-08-21T11:09:54 | INFO     | app.scanning.alpaca_confirmer | AlpacaConfirmer: confirmed AAPL | AAPL260821C00310000 | exp=2026-08-21 | spread=2.82% | OI=31290 | vol=62194
2026-08-21T11:09:55 | INFO     | app.strategies.liquidity_filter | LiquidityFilter: no qualifying contracts for SMH SignalDirection.SHORT | total_candidates=204
2026-08-21T11:09:55 | INFO     | app.scanning.alpaca_confirmer | AlpacaConfirmer: liquidity_rejected_cost_cap | symbol=SMH | option_symbol=SMH260821P00610000 | ask=53.05 | ask_x_100=5305 | max_contract_cost=988
2026-08-21T11:09:55 | INFO     | app.scanning.alpaca_confirmer | AlpacaConfirmer: liquidity_rejected_cost_cap | symbol=SMH | option_symbol=SMH260821P00615000 | ask=57.69 | ask_x_100=5769 | max_contract_cost=988
2026-08-21T11:09:55 | INFO     | app.scanning.alpaca_confirmer | AlpacaConfirmer: liquidity_rejected_cost_cap | symbol=SMH | option_symbol=SMH260821P00655000 | ask=99.18 | ask_x_100=9918 | max_contract_cost=988
2026-08-21T11:09:55 | INFO     | app.scanning.alpaca_confirmer | AlpacaConfirmer: no liquid contract for SMH (signal=SHORT)
2026-08-21T11:09:55 | INFO     | app.strategies.liquidity_filter | LiquidityFilter: selected QQQ260821C00714000 | delta=N/A | spread_pct=0.015 | OI=1413 | vol=82278
2026-08-21T11:09:55 | INFO     | app.scanning.alpaca_confirmer | AlpacaConfirmer: confirmed QQQ | QQQ260821C00714000 | exp=2026-08-21 | spread=1.53% | OI=1413 | vol=82278
2026-08-21T11:09:55 | INFO     | app.strategies.liquidity_filter | LiquidityFilter: selected SPY260821C00767000 | delta=N/A | spread_pct=0.021 | OI=4561 | vol=96854
2026-08-21T11:09:55 | INFO     | app.scanning.alpaca_confirmer | AlpacaConfirmer: confirmed SPY | SPY260821C00767000 | exp=2026-08-21 | spread=2.11% | OI=4561 | vol=96854
2026-08-21T11:09:55 | INFO     | session_runner | AlpacaConfirmer: 3 confirmed symbols: ['SPY', 'XLE', 'QQQ']
2026-08-21T11:09:55 | INFO     | session_runner | Re-scan updated active symbols: ['SPY', 'XLE', 'QQQ']
2026-08-21T11:09:55 | INFO     | session_runner | Broad-market regime | SPY=long
2026-08-21T11:09:55 | INFO     | session_runner | [bridge:SPY] rsi_trend ready: sufficient bars
2026-08-21T11:09:55 | INFO     | session_runner | Cooldown active — skipping SPY signal
2026-08-21T11:09:55 | INFO     | app.strategies.liquidity_filter | LiquidityFilter: selected SPY260821C00767000 | delta=N/A | spread_pct=0.021 | OI=4561 | vol=96854
2026-08-21T11:09:55 | INFO     | app.trading.trade_journal | Journal rejection 1231: SPY — cooldown_after_loss
2026-08-21T11:09:55 | INFO     | session_runner | Direction mismatch: scanner=LONG strategy=SHORT for SPY/vwap_reclaim — skipped
2026-08-21T11:09:55 | INFO     | session_runner | Stale signal: SPY/vwap_reclaim age=75 min > max 60 min — skipped
2026-08-21T11:09:56 | INFO     | session_runner | [bridge:XLE] rsi_trend ready: sufficient bars
2026-08-21T11:09:56 | INFO     | session_runner | Stale signal: XLE/vwap_reclaim age=85 min > max 60 min — skipped
2026-08-21T11:09:56 | INFO     | session_runner | [bridge:QQQ] rsi_trend ready: sufficient bars
2026-08-21T11:09:56 | INFO     | session_runner | Direction mismatch: scanner=LONG strategy=SHORT for QQQ/orb — skipped
2026-08-21T11:09:56 | INFO     | session_runner | Signal quality blocked | QQQ/vwap_reclaim score=2.0 < 3.0
2026-08-21T11:09:56 | INFO     | app.strategies.liquidity_filter | LiquidityFilter: selected QQQ260821C00715000 | delta=N/A | spread_pct=0.025 | OI=8004 | vol=98388
2026-08-21T11:09:56 | INFO     | session_runner | Stale signal: QQQ/vwap_reclaim age=120 min > max 60 min — skipped
2026-08-21T11:10:26 | INFO     | session_runner | [cycle 189] 11:10:26 ET | positions=0 | entries=2
2026-08-21T11:10:27 | INFO     | app.evaluation.shadow_book | ShadowBook: closed vwap_reclaim QQQ260821C00714000 @ 0.5700 → -10.00 (trailing_stop, fill-validated)
2026-08-21T11:10:27 | INFO     | session_runner | [bridge:SPY] rsi_trend ready: sufficient bars
2026-08-21T11:10:27 | INFO     | session_runner | Cooldown active — skipping SPY signal
2026-08-21T11:10:28 | INFO     | app.strategies.liquidity_filter | LiquidityFilter: selected SPY260821C00767000 | delta=N/A | spread_pct=0.022 | OI=4561 | vol=97838
2026-08-21T11:10:28 | INFO     | app.trading.trade_journal | Journal rejection 1232: SPY — cooldown_after_loss
2026-08-21T11:10:28 | INFO     | session_runner | Direction mismatch: scanner=LONG strategy=SHORT for SPY/vwap_reclaim — skipped
2026-08-21T11:10:28 | INFO     | session_runner | Stale signal: SPY/vwap_reclaim age=75 min > max 60 min — skipped
2026-08-21T11:10:29 | INFO     | session_runner | [bridge:XLE] rsi_trend ready: sufficient bars
2026-08-21T11:10:29 | INFO     | session_runner | Stale signal: XLE/vwap_reclaim age=85 min > max 60 min — skipped
2026-08-21T11:10:29 | INFO     | session_runner | [bridge:QQQ] rsi_trend ready: sufficient bars
2026-08-21T11:10:29 | INFO     | session_runner | Stale signal: QQQ/orb age=60 min > max 60 min — skipped
2026-08-21T11:10:29 | INFO     | session_runner | Cooldown active — skipping QQQ signal
2026-08-21T11:10:30 | INFO     | app.strategies.liquidity_filter | LiquidityFilter: selected QQQ260821C00713000 | delta=N/A | spread_pct=0.010 | OI=765 | vol=97948
2026-08-21T11:10:30 | INFO     | app.trading.trade_journal | Journal rejection 1233: QQQ — cooldown_after_loss
2026-08-21T11:10:30 | INFO     | session_runner | Stale signal: QQQ/vwap_reclaim age=120 min > max 60 min — skipped
2026-08-21T11:11:00 | INFO     | session_runner | [cycle 190] 11:11:00 ET | positions=0 | entries=2
2026-08-21T11:11:00 | INFO     | session_runner | [bridge:SPY] rsi_trend ready: sufficient bars
2026-08-21T11:11:00 | INFO     | session_runner | Cooldown active — skipping SPY signal
2026-08-21T11:11:01 | INFO     | app.strategies.liquidity_filter | LiquidityFilter: selected SPY260821C00767000 | delta=N/A | spread_pct=0.022 | OI=4561 | vol=100039
2026-08-21T11:11:01 | INFO     | app.trading.trade_journal | Journal rejection 1234: SPY — cooldown_after_loss
2026-08-21T11:11:01 | INFO     | session_runner | Direction mismatch: scanner=LONG strategy=SHORT for SPY/vwap_reclaim — skipped
2026-08-21T11:11:01 | INFO     | session_runner | Stale signal: SPY/vwap_reclaim age=76 min > max 60 min — skipped
2026-08-21T11:11:02 | INFO     | session_runner | [bridge:XLE] rsi_trend ready: sufficient bars
2026-08-21T11:11:02 | INFO     | session_runner | Stale signal: XLE/vwap_reclaim age=86 min > max 60 min — skipped
2026-08-21T11:11:02 | INFO     | session_runner | [bridge:QQQ] rsi_trend ready: sufficient bars
2026-08-21T11:11:02 | INFO     | session_runner | Cooldown active — skipping QQQ signal
2026-08-21T11:11:03 | INFO     | app.strategies.liquidity_filter | LiquidityFilter: selected QQQ260821C00715000 | delta=N/A | spread_pct=0.028 | OI=8004 | vol=99523
2026-08-21T11:11:03 | INFO     | app.trading.trade_journal | Journal rejection 1235: QQQ — cooldown_after_loss
2026-08-21T11:11:03 | INFO     | session_runner | Stale signal: QQQ/orb age=61 min > max 60 min — skipped
2026-08-21T11:11:03 | INFO     | session_runner | Stale signal: QQQ/vwap_reclaim age=121 min > max 60 min — skipped
2026-08-21T11:11:33 | INFO     | session_runner | [cycle 191] 11:11:33 ET | positions=0 | entries=2
2026-08-21T11:11:34 | INFO     | session_runner | [bridge:SPY] rsi_trend ready: sufficient bars
2026-08-21T11:11:34 | INFO     | session_runner | Cooldown active — skipping SPY signal
2026-08-21T11:11:34 | INFO     | app.strategies.liquidity_filter | LiquidityFilter: selected SPY260821C00767000 | delta=N/A | spread_pct=0.022 | OI=4561 | vol=100039
2026-08-21T11:11:34 | INFO     | app.trading.trade_journal | Journal rejection 1236: SPY — cooldown_after_loss
2026-08-21T11:11:34 | INFO     | session_runner | Direction mismatch: scanner=LONG strategy=SHORT for SPY/vwap_reclaim — skipped
2026-08-21T11:11:34 | INFO     | session_runner | Stale signal: SPY/vwap_reclaim age=77 min > max 60 min — skipped
2026-08-21T11:11:35 | INFO     | session_runner | [bridge:XLE] rsi_trend ready: sufficient bars
2026-08-21T11:11:35 | INFO     | session_runner | Stale signal: XLE/vwap_reclaim age=87 min > max 60 min — skipped
2026-08-21T11:11:35 | INFO     | session_runner | [bridge:QQQ] rsi_trend ready: sufficient bars
2026-08-21T11:11:35 | INFO     | session_runner | Cooldown active — skipping QQQ signal
2026-08-21T11:11:35 | INFO     | app.strategies.liquidity_filter | LiquidityFilter: selected QQQ260821C00714000 | delta=N/A | spread_pct=0.015 | OI=1413 | vol=83598
2026-08-21T11:11:35 | INFO     | app.trading.trade_journal | Journal rejection 1237: QQQ — cooldown_after_loss
2026-08-21T11:11:35 | INFO     | session_runner | Stale signal: QQQ/orb age=62 min > max 60 min — skipped
2026-08-21T11:11:35 | INFO     | session_runner | Stale signal: QQQ/vwap_reclaim age=122 min > max 60 min — skipped
2026-08-21T11:12:05 | INFO     | session_runner | [cycle 192] 11:12:05 ET | positions=0 | entries=2
2026-08-21T11:12:06 | INFO     | session_runner | [bridge:SPY] rsi_trend ready: sufficient bars
2026-08-21T11:12:06 | INFO     | session_runner | Cooldown active — skipping SPY signal
2026-08-21T11:12:07 | INFO     | app.strategies.liquidity_filter | LiquidityFilter: selected SPY260821C00766000 | delta=N/A | spread_pct=0.011 | OI=3665 | vol=179761
2026-08-21T11:12:07 | INFO     | app.trading.trade_journal | Journal rejection 1238: SPY — cooldown_after_loss
2026-08-21T11:12:07 | INFO     | session_runner | Direction mismatch: scanner=LONG strategy=SHORT for SPY/vwap_reclaim — skipped
2026-08-21T11:12:07 | INFO     | session_runner | Stale signal: SPY/vwap_reclaim age=77 min > max 60 min — skipped
2026-08-21T11:12:07 | INFO     | session_runner | [bridge:XLE] rsi_trend ready: sufficient bars
2026-08-21T11:12:07 | INFO     | session_runner | Stale signal: XLE/vwap_reclaim age=87 min > max 60 min — skipped
2026-08-21T11:12:08 | INFO     | session_runner | [bridge:QQQ] rsi_trend ready: sufficient bars
2026-08-21T11:12:08 | INFO     | session_runner | Cooldown active — skipping QQQ signal
2026-08-21T11:12:08 | INFO     | app.strategies.liquidity_filter | LiquidityFilter: selected QQQ260821C00716000 | delta=N/A | spread_pct=0.043 | OI=5826 | vol=54128
2026-08-21T11:12:08 | INFO     | app.trading.trade_journal | Journal rejection 1239: QQQ — cooldown_after_loss
2026-08-21T11:12:08 | INFO     | session_runner | Stale signal: QQQ/orb age=62 min > max 60 min — skipped
2026-08-21T11:12:08 | INFO     | session_runner | Stale signal: QQQ/vwap_reclaim age=122 min > max 60 min — skipped
2026-08-21T11:12:38 | INFO     | session_runner | [cycle 193] 11:12:38 ET | positions=0 | entries=2
2026-08-21T11:12:38 | INFO     | app.trading.reconciler | Reconciliation done: broker_pos=0 local_pos=0 broker_orders=0 local_pending=0 repaired=0 flagged=0 orders_confirmed=True positions_confirmed=True
2026-08-21T11:12:39 | INFO     | session_runner | [bridge:SPY] rsi_trend ready: sufficient bars
2026-08-21T11:12:39 | INFO     | session_runner | Cooldown active — skipping SPY signal
2026-08-21T11:12:39 | INFO     | app.strategies.liquidity_filter | LiquidityFilter: selected SPY260821C00767000 | delta=N/A | spread_pct=0.024 | OI=4561 | vol=102681
2026-08-21T11:12:39 | INFO     | app.trading.trade_journal | Journal rejection 1240: SPY — cooldown_after_loss
2026-08-21T11:12:39 | INFO     | session_runner | Direction mismatch: scanner=LONG strategy=SHORT for SPY/vwap_reclaim — skipped
2026-08-21T11:12:39 | INFO     | session_runner | Stale signal: SPY/vwap_reclaim age=78 min > max 60 min — skipped
2026-08-21T11:12:39 | INFO     | session_runner | [bridge:XLE] rsi_trend ready: sufficient bars
2026-08-21T11:12:39 | INFO     | session_runner | Stale signal: XLE/vwap_reclaim age=88 min > max 60 min — skipped
2026-08-21T11:12:40 | INFO     | session_runner | [bridge:QQQ] rsi_trend ready: sufficient bars
2026-08-21T11:12:40 | INFO     | session_runner | Cooldown active — skipping QQQ signal
2026-08-21T11:12:40 | INFO     | app.strategies.liquidity_filter | LiquidityFilter: selected QQQ260821C00715000 | delta=N/A | spread_pct=0.027 | OI=8004 | vol=100199
2026-08-21T11:12:40 | INFO     | app.trading.trade_journal | Journal rejection 1241: QQQ — cooldown_after_loss
2026-08-21T11:12:40 | INFO     | session_runner | Stale signal: QQQ/orb age=63 min > max 60 min — skipped
2026-08-21T11:12:40 | INFO     | session_runner | Stale signal: QQQ/vwap_reclaim age=123 min > max 60 min — skipped
2026-08-21T11:13:10 | INFO     | session_runner | [cycle 194] 11:13:10 ET | positions=0 | entries=2
2026-08-21T11:13:10 | INFO     | session_runner | [bridge:SPY] rsi_trend ready: sufficient bars
2026-08-21T11:13:10 | INFO     | session_runner | Cooldown active — skipping SPY signal
2026-08-21T11:13:11 | INFO     | app.strategies.liquidity_filter | LiquidityFilter: selected SPY260821C00767000 | delta=N/A | spread_pct=0.024 | OI=4561 | vol=104370
2026-08-21T11:13:11 | INFO     | app.trading.trade_journal | Journal rejection 1242: SPY — cooldown_after_loss
2026-08-21T11:13:11 | INFO     | session_runner | Direction mismatch: scanner=LONG strategy=SHORT for SPY/vwap_reclaim — skipped
2026-08-21T11:13:11 | INFO     | session_runner | Stale signal: SPY/vwap_reclaim age=78 min > max 60 min — skipped
2026-08-21T11:13:11 | INFO     | session_runner | [bridge:XLE] rsi_trend ready: sufficient bars
2026-08-21T11:13:11 | INFO     | session_runner | Stale signal: XLE/vwap_reclaim age=88 min > max 60 min — skipped
2026-08-21T11:13:12 | INFO     | session_runner | [bridge:QQQ] rsi_trend ready: sufficient bars
2026-08-21T11:13:12 | INFO     | session_runner | Cooldown active — skipping QQQ signal
2026-08-21T11:13:12 | INFO     | app.strategies.liquidity_filter | LiquidityFilter: selected QQQ260821C00715000 | delta=N/A | spread_pct=0.025 | OI=8004 | vol=100392
2026-08-21T11:13:12 | INFO     | app.trading.trade_journal | Journal rejection 1243: QQQ — cooldown_after_loss
2026-08-21T11:13:12 | INFO     | session_runner | Stale signal: QQQ/orb age=63 min > max 60 min — skipped
2026-08-21T11:13:12 | INFO     | session_runner | Stale signal: QQQ/vwap_reclaim age=123 min > max 60 min — skipped
2026-08-21T11:13:42 | INFO     | session_runner | [cycle 195] 11:13:42 ET | positions=0 | entries=2
2026-08-21T11:13:43 | INFO     | session_runner | [bridge:SPY] rsi_trend ready: sufficient bars
2026-08-21T11:13:43 | INFO     | session_runner | Cooldown active — skipping SPY signal
2026-08-21T11:13:43 | INFO     | app.strategies.liquidity_filter | LiquidityFilter: selected SPY260821C00767000 | delta=N/A | spread_pct=0.022 | OI=4561 | vol=104370
2026-08-21T11:13:43 | INFO     | app.trading.trade_journal | Journal rejection 1244: SPY — cooldown_after_loss
2026-08-21T11:13:43 | INFO     | session_runner | Direction mismatch: scanner=LONG strategy=SHORT for SPY/vwap_reclaim — skipped
2026-08-21T11:13:43 | INFO     | session_runner | Stale signal: SPY/vwap_reclaim age=79 min > max 60 min — skipped
2026-08-21T11:13:44 | INFO     | session_runner | [bridge:XLE] rsi_trend ready: sufficient bars
2026-08-21T11:13:44 | INFO     | session_runner | Stale signal: XLE/vwap_reclaim age=89 min > max 60 min — skipped
2026-08-21T11:13:44 | INFO     | session_runner | [bridge:QQQ] rsi_trend ready: sufficient bars
2026-08-21T11:13:44 | INFO     | session_runner | Cooldown active — skipping QQQ signal
2026-08-21T11:13:44 | INFO     | app.strategies.liquidity_filter | LiquidityFilter: selected QQQ260821C00715000 | delta=N/A | spread_pct=0.026 | OI=8004 | vol=100392
2026-08-21T11:13:44 | INFO     | app.trading.trade_journal | Journal rejection 1245: QQQ — cooldown_after_loss
2026-08-21T11:13:44 | INFO     | session_runner | Stale signal: QQQ/orb age=64 min > max 60 min — skipped
2026-08-21T11:13:44 | INFO     | session_runner | Stale signal: QQQ/vwap_reclaim age=124 min > max 60 min — skipped
2026-08-21T11:14:14 | INFO     | session_runner | [cycle 196] 11:14:14 ET | positions=0 | entries=2
2026-08-21T11:14:15 | INFO     | session_runner | [bridge:SPY] rsi_trend ready: sufficient bars
2026-08-21T11:14:15 | INFO     | session_runner | Cooldown active — skipping SPY signal
2026-08-21T11:14:15 | INFO     | app.strategies.liquidity_filter | LiquidityFilter: selected SPY260821C00766000 | delta=N/A | spread_pct=0.012 | OI=3665 | vol=187016
2026-08-21T11:14:15 | INFO     | app.trading.trade_journal | Journal rejection 1246: SPY — cooldown_after_loss
2026-08-21T11:14:15 | INFO     | session_runner | Direction mismatch: scanner=LONG strategy=SHORT for SPY/vwap_reclaim — skipped
2026-08-21T11:14:15 | INFO     | session_runner | Stale signal: SPY/vwap_reclaim age=79 min > max 60 min — skipped
2026-08-21T11:14:15 | INFO     | session_runner | [bridge:XLE] rsi_trend ready: sufficient bars
2026-08-21T11:14:15 | INFO     | session_runner | Stale signal: XLE/vwap_reclaim age=89 min > max 60 min — skipped
2026-08-21T11:14:16 | INFO     | session_runner | [bridge:QQQ] rsi_trend ready: sufficient bars
2026-08-21T11:14:16 | INFO     | session_runner | Cooldown active — skipping QQQ signal
2026-08-21T11:14:16 | INFO     | app.strategies.liquidity_filter | LiquidityFilter: selected QQQ260821C00715000 | delta=N/A | spread_pct=0.025 | OI=8004 | vol=100680
2026-08-21T11:14:16 | INFO     | app.trading.trade_journal | Journal rejection 1247: QQQ — cooldown_after_loss
2026-08-21T11:14:16 | INFO     | session_runner | Stale signal: QQQ/orb age=64 min > max 60 min — skipped
2026-08-21T11:14:16 | INFO     | session_runner | Stale signal: QQQ/vwap_reclaim age=124 min > max 60 min — skipped
2026-08-21T11:14:46 | INFO     | session_runner | [cycle 197] 11:14:46 ET | positions=0 | entries=2
2026-08-21T11:14:47 | INFO     | session_runner | [bridge:SPY] rsi_trend ready: sufficient bars
2026-08-21T11:14:47 | INFO     | app.strategies.liquidity_filter | LiquidityFilter: selected SPY260821C00764000 | delta=N/A | spread_pct=0.009 | OI=3516 | vol=60867
2026-08-21T11:14:47 | INFO     | session_runner | Paper scaled sizing | SPY260821C00764000 | ask=2.1500 | budget=$250.00 | qty=1 | premium=$215.00 | cap=10
2026-08-21T11:14:47 | WARNING  | app.risk.risk_manager | RiskManager: REJECTED OrderSide.BUY_TO_OPEN SPY260821C00764000 | REJECTED | Scaled experiment losing-trade limit reached: 2/2
2026-08-21T11:14:47 | INFO     | session_runner | Risk rejected SPY: Scaled experiment losing-trade limit reached: 2/2
2026-08-21T11:14:47 | INFO     | app.trading.trade_journal | Journal rejection 1248: SPY — Scaled experiment losing-trade limit reached: 2/2
2026-08-21T11:14:47 | INFO     | session_runner | Direction mismatch: scanner=LONG strategy=SHORT for SPY/vwap_reclaim — skipped
2026-08-21T11:14:47 | INFO     | session_runner | Stale signal: SPY/vwap_reclaim age=80 min > max 60 min — skipped
2026-08-21T11:14:47 | INFO     | session_runner | [bridge:XLE] rsi_trend ready: sufficient bars
2026-08-21T11:14:47 | INFO     | session_runner | Stale signal: XLE/vwap_reclaim age=90 min > max 60 min — skipped
2026-08-21T11:14:48 | INFO     | session_runner | [bridge:QQQ] rsi_trend ready: sufficient bars
2026-08-21T11:14:48 | INFO     | app.strategies.liquidity_filter | LiquidityFilter: selected QQQ260821C00713000 | delta=N/A | spread_pct=0.020 | OI=765 | vol=101120
2026-08-21T11:14:48 | INFO     | session_runner | Paper scaled sizing | QQQ260821C00713000 | ask=1.0300 | budget=$250.00 | qty=2 | premium=$206.00 | cap=10
2026-08-21T11:14:48 | WARNING  | app.risk.risk_manager | RiskManager: REJECTED OrderSide.BUY_TO_OPEN QQQ260821C00713000 | REJECTED | Scaled experiment losing-trade limit reached: 2/2
2026-08-21T11:14:48 | INFO     | session_runner | Risk rejected QQQ: Scaled experiment losing-trade limit reached: 2/2
2026-08-21T11:14:48 | INFO     | app.trading.trade_journal | Journal rejection 1249: QQQ — Scaled experiment losing-trade limit reached: 2/2
2026-08-21T11:14:48 | INFO     | session_runner | Stale signal: QQQ/orb age=65 min > max 60 min — skipped
2026-08-21T11:14:48 | INFO     | session_runner | Stale signal: QQQ/vwap_reclaim age=125 min > max 60 min — skipped
2026-08-21T11:15:18 | INFO     | session_runner | [cycle 198] 11:15:18 ET | positions=0 | entries=2
2026-08-21T11:15:19 | INFO     | session_runner | Periodic universe re-scan …
2026-08-21T11:15:19 | INFO     | app.scanning.universe_loader | UniverseLoader: loaded 5 groups (13 flat symbols) from /root/trader/config/ticker_universe.yaml (blacklist=0)
2026-08-21T11:15:19 | INFO     | app.scanning.universe_loader | UniverseLoader: 10 symbols from 2 group(s) (blacklist=0)
2026-08-21T11:15:19 | INFO     | session_runner | Universe scan: 10 symbols from 2 group(s) | max_active=3
2026-08-21T11:15:23 | INFO     | session_runner | Scan: 6 passed, 4 rejected
2026-08-21T11:15:23 | INFO     | session_runner |   SMH     score=70.0  signal=SHORT    reasons: atr=3.10% (wide-range), orb_breakdown, trend_down
2026-08-21T11:15:23 | INFO     | session_runner |   XLE     score=60.0  signal=SHORT    reasons: rvol=1.84x (elevated), atr=1.76% (wide-range), orb_breakdown
2026-08-21T11:15:23 | INFO     | session_runner |   QQQ     score=43.0  signal=LONG     reasons: atr=1.33% (good range), near_orb_level, trend_sideways
2026-08-21T11:15:23 | INFO     | session_runner |   AAPL    score=42.0  signal=LONG     reasons: atr=2.27% (wide-range), trend_sideways, rsi=47 (healthy)
2026-08-21T11:15:23 | INFO     | session_runner |   SPY     score=41.0  signal=LONG     reasons: rvol=1.06x (normal), atr=0.77% (minimal range), near_orb_level
2026-08-21T11:15:24 | INFO     | app.strategies.liquidity_filter | LiquidityFilter: no qualifying contracts for XLE SignalDirection.SHORT | total_candidates=48
2026-08-21T11:15:24 | INFO     | app.scanning.alpaca_confirmer | AlpacaConfirmer: no liquid contract for XLE (signal=SHORT)
2026-08-21T11:15:24 | INFO     | app.strategies.liquidity_filter | LiquidityFilter: no qualifying contracts for XLF SignalDirection.SHORT | total_candidates=51
2026-08-21T11:15:24 | INFO     | app.scanning.alpaca_confirmer | AlpacaConfirmer: no liquid contract for XLF (signal=SHORT)
2026-08-21T11:15:24 | INFO     | app.strategies.liquidity_filter | LiquidityFilter: selected AAPL260821C00312500 | delta=N/A | spread_pct=0.061 | OI=7192 | vol=44421
2026-08-21T11:15:24 | INFO     | app.scanning.alpaca_confirmer | AlpacaConfirmer: confirmed AAPL | AAPL260821C00312500 | exp=2026-08-21 | spread=6.06% | OI=7192 | vol=44421
2026-08-21T11:15:25 | INFO     | app.strategies.liquidity_filter | LiquidityFilter: selected QQQ260821C00716000 | delta=N/A | spread_pct=0.049 | OI=5826 | vol=57081
2026-08-21T11:15:25 | INFO     | app.scanning.alpaca_confirmer | AlpacaConfirmer: confirmed QQQ | QQQ260821C00716000 | exp=2026-08-21 | spread=4.88% | OI=5826 | vol=57081
2026-08-21T11:15:25 | INFO     | app.strategies.liquidity_filter | LiquidityFilter: no qualifying contracts for SMH SignalDirection.SHORT | total_candidates=204
2026-08-21T11:15:25 | INFO     | app.scanning.alpaca_confirmer | AlpacaConfirmer: liquidity_rejected_cost_cap | symbol=SMH | option_symbol=SMH260821P00590000 | ask=32.80 | ask_x_100=3280 | max_contract_cost=988
2026-08-21T11:15:25 | INFO     | app.scanning.alpaca_confirmer | AlpacaConfirmer: liquidity_rejected_cost_cap | symbol=SMH | option_symbol=SMH260821P00610000 | ask=53.30 | ask_x_100=5330 | max_contract_cost=988
2026-08-21T11:15:25 | INFO     | app.scanning.alpaca_confirmer | AlpacaConfirmer: liquidity_rejected_cost_cap | symbol=SMH | option_symbol=SMH260821P00615000 | ask=57.47 | ask_x_100=5747 | max_contract_cost=988
2026-08-21T11:15:25 | INFO     | app.scanning.alpaca_confirmer | AlpacaConfirmer: liquidity_rejected_cost_cap | symbol=SMH | option_symbol=SMH260821P00655000 | ask=98.38 | ask_x_100=9838 | max_contract_cost=988
2026-08-21T11:15:25 | INFO     | app.scanning.alpaca_confirmer | AlpacaConfirmer: no liquid contract for SMH (signal=SHORT)
2026-08-21T11:15:25 | INFO     | app.strategies.liquidity_filter | LiquidityFilter: selected SPY260821C00767000 | delta=N/A | spread_pct=0.025 | OI=4561 | vol=113335
2026-08-21T11:15:25 | INFO     | app.scanning.alpaca_confirmer | AlpacaConfirmer: confirmed SPY | SPY260821C00767000 | exp=2026-08-21 | spread=2.47% | OI=4561 | vol=113335
2026-08-21T11:15:25 | INFO     | session_runner | AlpacaConfirmer: 3 confirmed symbols: ['QQQ', 'AAPL', 'SPY']
2026-08-21T11:15:25 | INFO     | session_runner | Re-scan updated active symbols: ['QQQ', 'AAPL', 'SPY']
2026-08-21T11:15:25 | INFO     | session_runner | Broad-market regime | SPY=long
2026-08-21T11:15:25 | INFO     | session_runner | [bridge:QQQ] rsi_trend ready: sufficient bars
2026-08-21T11:15:26 | INFO     | app.strategies.liquidity_filter | LiquidityFilter: selected QQQ260821C00715000 | delta=N/A | spread_pct=0.027 | OI=8004 | vol=101576
2026-08-21T11:15:26 | INFO     | session_runner | Paper scaled sizing | QQQ260821C00715000 | ask=0.3800 | budget=$250.00 | qty=6 | premium=$228.00 | cap=10
2026-08-21T11:15:26 | WARNING  | app.risk.risk_manager | RiskManager: REJECTED OrderSide.BUY_TO_OPEN QQQ260821C00715000 | REJECTED | Scaled experiment losing-trade limit reached: 2/2
2026-08-21T11:15:26 | INFO     | session_runner | Risk rejected QQQ: Scaled experiment losing-trade limit reached: 2/2
2026-08-21T11:15:26 | INFO     | app.trading.trade_journal | Journal rejection 1250: QQQ — Scaled experiment losing-trade limit reached: 2/2
2026-08-21T11:15:26 | INFO     | session_runner | Stale signal: QQQ/orb age=65 min > max 60 min — skipped
2026-08-21T11:15:26 | INFO     | session_runner | Stale signal: QQQ/vwap_reclaim age=125 min > max 60 min — skipped
2026-08-21T11:15:27 | INFO     | session_runner | [bridge:AAPL] rsi_trend ready: sufficient bars
2026-08-21T11:15:27 | INFO     | app.strategies.liquidity_filter | LiquidityFilter: selected AAPL260821C00312500 | delta=N/A | spread_pct=0.061 | OI=7192 | vol=44421
2026-08-21T11:15:27 | INFO     | session_runner | Paper scaled sizing | AAPL260821C00312500 | ask=0.1700 | budget=$250.00 | qty=10 | premium=$170.00 | cap=10
2026-08-21T11:15:27 | WARNING  | app.risk.risk_manager | RiskManager: REJECTED OrderSide.BUY_TO_OPEN AAPL260821C00312500 | REJECTED | Scaled experiment losing-trade limit reached: 2/2
2026-08-21T11:15:27 | INFO     | session_runner | Risk rejected AAPL: Scaled experiment losing-trade limit reached: 2/2
2026-08-21T11:15:27 | INFO     | app.trading.trade_journal | Journal rejection 1251: AAPL — Scaled experiment losing-trade limit reached: 2/2
2026-08-21T11:15:27 | INFO     | session_runner | [bridge:SPY] rsi_trend ready: sufficient bars
2026-08-21T11:15:28 | INFO     | app.strategies.liquidity_filter | LiquidityFilter: selected SPY260821C00766000 | delta=N/A | spread_pct=0.012 | OI=3665 | vol=194387
2026-08-21T11:15:28 | INFO     | session_runner | Paper scaled sizing | SPY260821C00766000 | ask=0.8500 | budget=$250.00 | qty=2 | premium=$170.00 | cap=10
2026-08-21T11:15:28 | WARNING  | app.risk.risk_manager | RiskManager: REJECTED OrderSide.BUY_TO_OPEN SPY260821C00766000 | REJECTED | Scaled experiment losing-trade limit reached: 2/2
2026-08-21T11:15:28 | INFO     | session_runner | Risk rejected SPY: Scaled experiment losing-trade limit reached: 2/2
2026-08-21T11:15:28 | INFO     | app.trading.trade_journal | Journal rejection 1252: SPY — Scaled experiment losing-trade limit reached: 2/2
2026-08-21T11:15:28 | INFO     | session_runner | Direction mismatch: scanner=LONG strategy=SHORT for SPY/vwap_reclaim — skipped
2026-08-21T11:15:28 | INFO     | session_runner | Stale signal: SPY/vwap_reclaim age=80 min > max 60 min — skipped
2026-08-21T11:15:58 | INFO     | session_runner | [cycle 199] 11:15:58 ET | positions=0 | entries=2
2026-08-21T11:15:59 | INFO     | session_runner | [bridge:QQQ] rsi_trend ready: sufficient bars
2026-08-21T11:16:00 | INFO     | app.strategies.liquidity_filter | LiquidityFilter: selected QQQ260821C00715000 | delta=N/A | spread_pct=0.027 | OI=8004 | vol=103500
2026-08-21T11:16:00 | INFO     | session_runner | Paper scaled sizing | QQQ260821C00715000 | ask=0.3700 | budget=$250.00 | qty=6 | premium=$222.00 | cap=10
2026-08-21T11:16:00 | WARNING  | app.risk.risk_manager | RiskManager: REJECTED OrderSide.BUY_TO_OPEN QQQ260821C00715000 | REJECTED | Scaled experiment losing-trade limit reached: 2/2
2026-08-21T11:16:00 | INFO     | session_runner | Risk rejected QQQ: Scaled experiment losing-trade limit reached: 2/2
2026-08-21T11:16:00 | INFO     | app.trading.trade_journal | Journal rejection 1253: QQQ — Scaled experiment losing-trade limit reached: 2/2
2026-08-21T11:16:00 | INFO     | session_runner | Stale signal: QQQ/orb age=66 min > max 60 min — skipped
2026-08-21T11:16:00 | INFO     | session_runner | Stale signal: QQQ/vwap_reclaim age=126 min > max 60 min — skipped
2026-08-21T11:16:01 | INFO     | session_runner | [bridge:AAPL] rsi_trend ready: sufficient bars
2026-08-21T11:16:01 | INFO     | app.strategies.liquidity_filter | LiquidityFilter: selected AAPL260821C00312500 | delta=N/A | spread_pct=0.047 | OI=7192 | vol=48254
2026-08-21T11:16:01 | INFO     | session_runner | Paper scaled sizing | AAPL260821C00312500 | ask=0.2200 | budget=$250.00 | qty=10 | premium=$220.00 | cap=10
2026-08-21T11:16:01 | WARNING  | app.risk.risk_manager | RiskManager: REJECTED OrderSide.BUY_TO_OPEN AAPL260821C00312500 | REJECTED | Scaled experiment losing-trade limit reached: 2/2
2026-08-21T11:16:01 | INFO     | session_runner | Risk rejected AAPL: Scaled experiment losing-trade limit reached: 2/2
2026-08-21T11:16:01 | INFO     | app.trading.trade_journal | Journal rejection 1254: AAPL — Scaled experiment losing-trade limit reached: 2/2
2026-08-21T11:16:02 | INFO     | session_runner | [bridge:SPY] rsi_trend ready: sufficient bars
2026-08-21T11:16:03 | INFO     | app.strategies.liquidity_filter | LiquidityFilter: selected SPY260821C00767000 | delta=N/A | spread_pct=0.024 | OI=4561 | vol=117668
2026-08-21T11:16:03 | INFO     | session_runner | Paper scaled sizing | SPY260821C00767000 | ask=0.4200 | budget=$250.00 | qty=5 | premium=$210.00 | cap=10
2026-08-21T11:16:03 | WARNING  | app.risk.risk_manager | RiskManager: REJECTED OrderSide.BUY_TO_OPEN SPY260821C00767000 | REJECTED | Scaled experiment losing-trade limit reached: 2/2
2026-08-21T11:16:03 | INFO     | session_runner | Risk rejected SPY: Scaled experiment losing-trade limit reached: 2/2
2026-08-21T11:16:03 | INFO     | app.trading.trade_journal | Journal rejection 1255: SPY — Scaled experiment losing-trade limit reached: 2/2
2026-08-21T11:16:03 | INFO     | session_runner | Direction mismatch: scanner=LONG strategy=SHORT for SPY/vwap_reclaim — skipped
2026-08-21T11:16:03 | INFO     | session_runner | Stale signal: SPY/vwap_reclaim age=81 min > max 60 min — skipped
2026-08-21T11:16:33 | INFO     | session_runner | [cycle 200] 11:16:33 ET | positions=0 | entries=2
2026-08-21T11:16:33 | INFO     | session_runner | [bridge:QQQ] rsi_trend ready: sufficient bars
2026-08-21T11:16:34 | INFO     | app.strategies.liquidity_filter | LiquidityFilter: selected QQQ260821C00714000 | delta=N/A | spread_pct=0.016 | OI=1413 | vol=89427
2026-08-21T11:16:34 | INFO     | session_runner | Paper scaled sizing | QQQ260821C00714000 | ask=0.6200 | budget=$250.00 | qty=4 | premium=$248.00 | cap=10
2026-08-21T11:16:34 | WARNING  | app.risk.risk_manager | RiskManager: REJECTED OrderSide.BUY_TO_OPEN QQQ260821C00714000 | REJECTED | Scaled experiment losing-trade limit reached: 2/2
2026-08-21T11:16:34 | INFO     | session_runner | Risk rejected QQQ: Scaled experiment losing-trade limit reached: 2/2
2026-08-21T11:16:34 | INFO     | app.trading.trade_journal | Journal rejection 1256: QQQ — Scaled experiment losing-trade limit reached: 2/2
2026-08-21T11:16:34 | INFO     | session_runner | Stale signal: QQQ/orb age=67 min > max 60 min — skipped
2026-08-21T11:16:34 | INFO     | session_runner | Stale signal: QQQ/vwap_reclaim age=127 min > max 60 min — skipped
2026-08-21T11:16:34 | INFO     | session_runner | [bridge:AAPL] rsi_trend ready: sufficient bars
2026-08-21T11:16:34 | INFO     | app.strategies.liquidity_filter | LiquidityFilter: selected AAPL260821C00312500 | delta=N/A | spread_pct=0.051 | OI=7192 | vol=48254
2026-08-21T11:16:34 | INFO     | session_runner | Paper scaled sizing | AAPL260821C00312500 | ask=0.2000 | budget=$250.00 | qty=10 | premium=$200.00 | cap=10
2026-08-21T11:16:34 | WARNING  | app.risk.risk_manager | RiskManager: REJECTED OrderSide.BUY_TO_OPEN AAPL260821C00312500 | REJECTED | Scaled experiment losing-trade limit reached: 2/2
2026-08-21T11:16:34 | INFO     | session_runner | Risk rejected AAPL: Scaled experiment losing-trade limit reached: 2/2
2026-08-21T11:16:34 | INFO     | app.trading.trade_journal | Journal rejection 1257: AAPL — Scaled experiment losing-trade limit reached: 2/2
2026-08-21T11:16:35 | INFO     | session_runner | [bridge:SPY] rsi_trend ready: sufficient bars
2026-08-21T11:16:35 | INFO     | app.strategies.liquidity_filter | LiquidityFilter: selected SPY260821C00766000 | delta=N/A | spread_pct=0.013 | OI=3665 | vol=201248
2026-08-21T11:16:35 | INFO     | session_runner | Paper scaled sizing | SPY260821C00766000 | ask=0.7900 | budget=$250.00 | qty=3 | premium=$237.00 | cap=10
2026-08-21T11:16:35 | WARNING  | app.risk.risk_manager | RiskManager: REJECTED OrderSide.BUY_TO_OPEN SPY260821C00766000 | REJECTED | Scaled experiment losing-trade limit reached: 2/2
2026-08-21T11:16:35 | INFO     | session_runner | Risk rejected SPY: Scaled experiment losing-trade limit reached: 2/2
2026-08-21T11:16:35 | INFO     | app.trading.trade_journal | Journal rejection 1258: SPY — Scaled experiment losing-trade limit reached: 2/2
2026-08-21T11:16:35 | INFO     | session_runner | Direction mismatch: scanner=LONG strategy=SHORT for SPY/vwap_reclaim — skipped
2026-08-21T11:16:35 | INFO     | session_runner | Stale signal: SPY/vwap_reclaim age=82 min > max 60 min — skipped
2026-08-21T11:17:05 | INFO     | session_runner | [cycle 201] 11:17:05 ET | positions=0 | entries=2
2026-08-21T11:17:06 | INFO     | session_runner | [bridge:QQQ] rsi_trend ready: sufficient bars
2026-08-21T11:17:07 | INFO     | app.strategies.liquidity_filter | LiquidityFilter: selected QQQ260821C00714000 | delta=N/A | spread_pct=0.017 | OI=1413 | vol=92392
2026-08-21T11:17:07 | INFO     | session_runner | Paper scaled sizing | QQQ260821C00714000 | ask=0.5800 | budget=$250.00 | qty=4 | premium=$232.00 | cap=10
2026-08-21T11:17:07 | WARNING  | app.risk.risk_manager | RiskManager: REJECTED OrderSide.BUY_TO_OPEN QQQ260821C00714000 | REJECTED | Scaled experiment losing-trade limit reached: 2/2
2026-08-21T11:17:07 | INFO     | session_runner | Risk rejected QQQ: Scaled experiment losing-trade limit reached: 2/2
2026-08-21T11:17:07 | INFO     | app.trading.trade_journal | Journal rejection 1259: QQQ — Scaled experiment losing-trade limit reached: 2/2
2026-08-21T11:17:07 | INFO     | session_runner | Stale signal: QQQ/orb age=67 min > max 60 min — skipped
2026-08-21T11:17:07 | INFO     | session_runner | Stale signal: QQQ/vwap_reclaim age=127 min > max 60 min — skipped
2026-08-21T11:17:07 | INFO     | session_runner | [bridge:AAPL] rsi_trend ready: sufficient bars
2026-08-21T11:17:07 | INFO     | app.strategies.liquidity_filter | LiquidityFilter: selected AAPL260821C00310000 | delta=N/A | spread_pct=0.086 | OI=31290 | vol=73717
2026-08-21T11:17:08 | INFO     | session_runner | Paper scaled sizing | AAPL260821C00310000 | ask=0.9700 | budget=$250.00 | qty=2 | premium=$194.00 | cap=10
2026-08-21T11:17:08 | WARNING  | app.risk.risk_manager | RiskManager: REJECTED OrderSide.BUY_TO_OPEN AAPL260821C00310000 | REJECTED | Scaled experiment losing-trade limit reached: 2/2
2026-08-21T11:17:08 | INFO     | session_runner | Risk rejected AAPL: Scaled experiment losing-trade limit reached: 2/2
2026-08-21T11:17:08 | INFO     | app.trading.trade_journal | Journal rejection 1260: AAPL — Scaled experiment losing-trade limit reached: 2/2
2026-08-21T11:17:08 | INFO     | session_runner | [bridge:SPY] rsi_trend ready: sufficient bars
2026-08-21T11:17:08 | INFO     | app.strategies.liquidity_filter | LiquidityFilter: selected SPY260821C00766000 | delta=N/A | spread_pct=0.014 | OI=3665 | vol=203900
2026-08-21T11:17:09 | INFO     | session_runner | Paper scaled sizing | SPY260821C00766000 | ask=0.7300 | budget=$250.00 | qty=3 | premium=$219.00 | cap=10
2026-08-21T11:17:09 | WARNING  | app.risk.risk_manager | RiskManager: REJECTED OrderSide.BUY_TO_OPEN SPY260821C00766000 | REJECTED | Scaled experiment losing-trade limit reached: 2/2
2026-08-21T11:17:09 | INFO     | session_runner | Risk rejected SPY: Scaled experiment losing-trade limit reached: 2/2
2026-08-21T11:17:09 | INFO     | app.trading.trade_journal | Journal rejection 1261: SPY — Scaled experiment losing-trade limit reached: 2/2
2026-08-21T11:17:09 | INFO     | session_runner | Direction mismatch: scanner=LONG strategy=SHORT for SPY/vwap_reclaim — skipped
2026-08-21T11:17:09 | INFO     | session_runner | Stale signal: SPY/vwap_reclaim age=82 min > max 60 min — skipped
2026-08-21T11:17:39 | INFO     | session_runner | [cycle 202] 11:17:39 ET | positions=0 | entries=2
2026-08-21T11:17:39 | INFO     | session_runner | [bridge:QQQ] rsi_trend ready: sufficient bars
2026-08-21T11:17:39 | INFO     | app.strategies.liquidity_filter | LiquidityFilter: selected QQQ260821C00713000 | delta=N/A | spread_pct=0.011 | OI=765 | vol=110464
2026-08-21T11:17:39 | INFO     | session_runner | Paper scaled sizing | QQQ260821C00713000 | ask=0.8900 | budget=$250.00 | qty=2 | premium=$178.00 | cap=10
2026-08-21T11:17:39 | WARNING  | app.risk.risk_manager | RiskManager: REJECTED OrderSide.BUY_TO_OPEN QQQ260821C00713000 | REJECTED | Scaled experiment losing-trade limit reached: 2/2
2026-08-21T11:17:39 | INFO     | session_runner | Risk rejected QQQ: Scaled experiment losing-trade limit reached: 2/2
2026-08-21T11:17:39 | INFO     | app.trading.trade_journal | Journal rejection 1262: QQQ — Scaled experiment losing-trade limit reached: 2/2
2026-08-21T11:17:39 | INFO     | session_runner | Stale signal: QQQ/orb age=68 min > max 60 min — skipped
2026-08-21T11:17:39 | INFO     | session_runner | Stale signal: QQQ/vwap_reclaim age=128 min > max 60 min — skipped
2026-08-21T11:17:40 | INFO     | session_runner | [bridge:AAPL] rsi_trend ready: sufficient bars
2026-08-21T11:17:40 | INFO     | app.strategies.liquidity_filter | LiquidityFilter: selected AAPL260821C00312500 | delta=N/A | spread_pct=0.047 | OI=7192 | vol=48821
2026-08-21T11:17:40 | INFO     | session_runner | Paper scaled sizing | AAPL260821C00312500 | ask=0.2200 | budget=$250.00 | qty=10 | premium=$220.00 | cap=10
2026-08-21T11:17:40 | WARNING  | app.risk.risk_manager | RiskManager: REJECTED OrderSide.BUY_TO_OPEN AAPL260821C00312500 | REJECTED | Scaled experiment losing-trade limit reached: 2/2
2026-08-21T11:17:40 | INFO     | session_runner | Risk rejected AAPL: Scaled experiment losing-trade limit reached: 2/2
2026-08-21T11:17:40 | INFO     | app.trading.trade_journal | Journal rejection 1263: AAPL — Scaled experiment losing-trade limit reached: 2/2
2026-08-21T11:17:40 | INFO     | session_runner | [bridge:SPY] rsi_trend ready: sufficient bars
2026-08-21T11:17:41 | INFO     | app.strategies.liquidity_filter | LiquidityFilter: selected SPY260821C00766000 | delta=N/A | spread_pct=0.014 | OI=3665 | vol=203900
2026-08-21T11:17:41 | INFO     | session_runner | Paper scaled sizing | SPY260821C00766000 | ask=0.7300 | budget=$250.00 | qty=3 | premium=$219.00 | cap=10
2026-08-21T11:17:41 | WARNING  | app.risk.risk_manager | RiskManager: REJECTED OrderSide.BUY_TO_OPEN SPY260821C00766000 | REJECTED | Scaled experiment losing-trade limit reached: 2/2
2026-08-21T11:17:41 | INFO     | session_runner | Risk rejected SPY: Scaled experiment losing-trade limit reached: 2/2
2026-08-21T11:17:41 | INFO     | app.trading.trade_journal | Journal rejection 1264: SPY — Scaled experiment losing-trade limit reached: 2/2
2026-08-21T11:17:41 | INFO     | session_runner | Direction mismatch: scanner=LONG strategy=SHORT for SPY/vwap_reclaim — skipped
2026-08-21T11:17:41 | INFO     | session_runner | Stale signal: SPY/vwap_reclaim age=83 min > max 60 min — skipped
2026-08-21T11:18:11 | INFO     | session_runner | [cycle 203] 11:18:11 ET | positions=0 | entries=2
2026-08-21T11:18:11 | INFO     | session_runner | [bridge:QQQ] rsi_trend ready: sufficient bars
2026-08-21T11:18:11 | INFO     | app.strategies.liquidity_filter | LiquidityFilter: selected QQQ260821C00715000 | delta=N/A | spread_pct=0.031 | OI=8004 | vol=104937
2026-08-21T11:18:11 | INFO     | session_runner | Paper scaled sizing | QQQ260821C00715000 | ask=0.3300 | budget=$250.00 | qty=7 | premium=$231.00 | cap=10
2026-08-21T11:18:11 | WARNING  | app.risk.risk_manager | RiskManager: REJECTED OrderSide.BUY_TO_OPEN QQQ260821C00715000 | REJECTED | Scaled experiment losing-trade limit reached: 2/2
2026-08-21T11:18:11 | INFO     | session_runner | Risk rejected QQQ: Scaled experiment losing-trade limit reached: 2/2
2026-08-21T11:18:11 | INFO     | app.trading.trade_journal | Journal rejection 1265: QQQ — Scaled experiment losing-trade limit reached: 2/2
2026-08-21T11:18:11 | INFO     | session_runner | Stale signal: QQQ/orb age=68 min > max 60 min — skipped
2026-08-21T11:18:11 | INFO     | session_runner | Stale signal: QQQ/vwap_reclaim age=128 min > max 60 min — skipped
2026-08-21T11:18:12 | INFO     | session_runner | [bridge:AAPL] rsi_trend ready: sufficient bars
2026-08-21T11:18:12 | INFO     | app.strategies.liquidity_filter | LiquidityFilter: selected AAPL260821C00312500 | delta=N/A | spread_pct=0.051 | OI=7192 | vol=49158
2026-08-21T11:18:12 | INFO     | session_runner | Paper scaled sizing | AAPL260821C00312500 | ask=0.2000 | budget=$250.00 | qty=10 | premium=$200.00 | cap=10
2026-08-21T11:18:12 | WARNING  | app.risk.risk_manager | RiskManager: REJECTED OrderSide.BUY_TO_OPEN AAPL260821C00312500 | REJECTED | Scaled experiment losing-trade limit reached: 2/2
2026-08-21T11:18:12 | INFO     | session_runner | Risk rejected AAPL: Scaled experiment losing-trade limit reached: 2/2
2026-08-21T11:18:12 | INFO     | app.trading.trade_journal | Journal rejection 1266: AAPL — Scaled experiment losing-trade limit reached: 2/2
2026-08-21T11:18:12 | INFO     | session_runner | [bridge:SPY] rsi_trend ready: sufficient bars
2026-08-21T11:18:13 | INFO     | app.strategies.liquidity_filter | LiquidityFilter: selected SPY260821C00766000 | delta=N/A | spread_pct=0.014 | OI=3665 | vol=208611
2026-08-21T11:18:13 | INFO     | session_runner | Paper scaled sizing | SPY260821C00766000 | ask=0.7400 | budget=$250.00 | qty=3 | premium=$222.00 | cap=10
2026-08-21T11:18:13 | WARNING  | app.risk.risk_manager | RiskManager: REJECTED OrderSide.BUY_TO_OPEN SPY260821C00766000 | REJECTED | Scaled experiment losing-trade limit reached: 2/2
2026-08-21T11:18:13 | INFO     | session_runner | Risk rejected SPY: Scaled experiment losing-trade limit reached: 2/2
2026-08-21T11:18:13 | INFO     | app.trading.trade_journal | Journal rejection 1267: SPY — Scaled experiment losing-trade limit reached: 2/2
2026-08-21T11:18:13 | INFO     | session_runner | Direction mismatch: scanner=LONG strategy=SHORT for SPY/vwap_reclaim — skipped
2026-08-21T11:18:13 | INFO     | session_runner | Stale signal: SPY/vwap_reclaim age=83 min > max 60 min — skipped
2026-08-21T11:18:43 | INFO     | session_runner | [cycle 204] 11:18:43 ET | positions=0 | entries=2
2026-08-21T11:18:43 | INFO     | session_runner | [bridge:QQQ] rsi_trend ready: sufficient bars
2026-08-21T11:18:44 | INFO     | app.strategies.liquidity_filter | LiquidityFilter: selected QQQ260821C00715000 | delta=N/A | spread_pct=0.031 | OI=8004 | vol=104937
2026-08-21T11:18:44 | INFO     | session_runner | Paper scaled sizing | QQQ260821C00715000 | ask=0.3300 | budget=$250.00 | qty=7 | premium=$231.00 | cap=10
2026-08-21T11:18:44 | WARNING  | app.risk.risk_manager | RiskManager: REJECTED OrderSide.BUY_TO_OPEN QQQ260821C00715000 | REJECTED | Scaled experiment losing-trade limit reached: 2/2
2026-08-21T11:18:44 | INFO     | session_runner | Risk rejected QQQ: Scaled experiment losing-trade limit reached: 2/2
2026-08-21T11:18:44 | INFO     | app.trading.trade_journal | Journal rejection 1268: QQQ — Scaled experiment losing-trade limit reached: 2/2
2026-08-21T11:18:44 | INFO     | session_runner | Stale signal: QQQ/orb age=69 min > max 60 min — skipped
2026-08-21T11:18:44 | INFO     | session_runner | Stale signal: QQQ/vwap_reclaim age=129 min > max 60 min — skipped
2026-08-21T11:18:44 | INFO     | session_runner | [bridge:AAPL] rsi_trend ready: sufficient bars
2026-08-21T11:18:44 | INFO     | app.strategies.liquidity_filter | LiquidityFilter: selected AAPL260821C00312500 | delta=N/A | spread_pct=0.065 | OI=7192 | vol=49158
2026-08-21T11:18:44 | INFO     | session_runner | Paper scaled sizing | AAPL260821C00312500 | ask=0.1600 | budget=$250.00 | qty=10 | premium=$160.00 | cap=10
2026-08-21T11:18:44 | WARNING  | app.risk.risk_manager | RiskManager: REJECTED OrderSide.BUY_TO_OPEN AAPL260821C00312500 | REJECTED | Scaled experiment losing-trade limit reached: 2/2
2026-08-21T11:18:44 | INFO     | session_runner | Risk rejected AAPL: Scaled experiment losing-trade limit reached: 2/2
2026-08-21T11:18:44 | INFO     | app.trading.trade_journal | Journal rejection 1269: AAPL — Scaled experiment losing-trade limit reached: 2/2
2026-08-21T11:18:45 | INFO     | session_runner | [bridge:SPY] rsi_trend ready: sufficient bars
2026-08-21T11:18:45 | INFO     | app.strategies.liquidity_filter | LiquidityFilter: selected SPY260821C00767000 | delta=N/A | spread_pct=0.025 | OI=4561 | vol=121590
2026-08-21T11:18:45 | INFO     | session_runner | Paper scaled sizing | SPY260821C00767000 | ask=0.4000 | budget=$250.00 | qty=6 | premium=$240.00 | cap=10
2026-08-21T11:18:45 | WARNING  | app.risk.risk_manager | RiskManager: REJECTED OrderSide.BUY_TO_OPEN SPY260821C00767000 | REJECTED | Scaled experiment losing-trade limit reached: 2/2
2026-08-21T11:18:45 | INFO     | session_runner | Risk rejected SPY: Scaled experiment losing-trade limit reached: 2/2
2026-08-21T11:18:45 | INFO     | app.trading.trade_journal | Journal rejection 1270: SPY — Scaled experiment losing-trade limit reached: 2/2
2026-08-21T11:18:45 | INFO     | session_runner | Direction mismatch: scanner=LONG strategy=SHORT for SPY/vwap_reclaim — skipped
2026-08-21T11:18:45 | INFO     | session_runner | Stale signal: SPY/vwap_reclaim age=84 min > max 60 min — skipped
2026-08-21T11:19:15 | INFO     | session_runner | [cycle 205] 11:19:15 ET | positions=0 | entries=2
2026-08-21T11:19:16 | INFO     | session_runner | [bridge:QQQ] rsi_trend ready: sufficient bars
2026-08-21T11:19:16 | INFO     | app.strategies.liquidity_filter | LiquidityFilter: selected QQQ260821C00714000 | delta=N/A | spread_pct=0.019 | OI=1413 | vol=97342
2026-08-21T11:19:16 | INFO     | session_runner | Paper scaled sizing | QQQ260821C00714000 | ask=0.5300 | budget=$250.00 | qty=4 | premium=$212.00 | cap=10
2026-08-21T11:19:16 | WARNING  | app.risk.risk_manager | RiskManager: REJECTED OrderSide.BUY_TO_OPEN QQQ260821C00714000 | REJECTED | Scaled experiment losing-trade limit reached: 2/2
2026-08-21T11:19:16 | INFO     | session_runner | Risk rejected QQQ: Scaled experiment losing-trade limit reached: 2/2
2026-08-21T11:19:16 | INFO     | app.trading.trade_journal | Journal rejection 1271: QQQ — Scaled experiment losing-trade limit reached: 2/2
2026-08-21T11:19:16 | INFO     | session_runner | Stale signal: QQQ/orb age=69 min > max 60 min — skipped
2026-08-21T11:19:16 | INFO     | session_runner | Stale signal: QQQ/vwap_reclaim age=129 min > max 60 min — skipped
2026-08-21T11:19:16 | INFO     | session_runner | [bridge:AAPL] rsi_trend ready: sufficient bars
2026-08-21T11:19:17 | INFO     | app.strategies.liquidity_filter | LiquidityFilter: selected AAPL260821C00312500 | delta=N/A | spread_pct=0.049 | OI=7192 | vol=49748
2026-08-21T11:19:17 | INFO     | session_runner | Paper scaled sizing | AAPL260821C00312500 | ask=0.2100 | budget=$250.00 | qty=10 | premium=$210.00 | cap=10
2026-08-21T11:19:17 | WARNING  | app.risk.risk_manager | RiskManager: REJECTED OrderSide.BUY_TO_OPEN AAPL260821C00312500 | REJECTED | Scaled experiment losing-trade limit reached: 2/2
2026-08-21T11:19:17 | INFO     | session_runner | Risk rejected AAPL: Scaled experiment losing-trade limit reached: 2/2
2026-08-21T11:19:17 | INFO     | app.trading.trade_journal | Journal rejection 1272: AAPL — Scaled experiment losing-trade limit reached: 2/2
2026-08-21T11:19:17 | INFO     | session_runner | [bridge:SPY] rsi_trend ready: sufficient bars
2026-08-21T11:19:17 | INFO     | app.strategies.liquidity_filter | LiquidityFilter: selected SPY260821C00766000 | delta=N/A | spread_pct=0.014 | OI=3665 | vol=213255
2026-08-21T11:19:17 | INFO     | session_runner | Paper scaled sizing | SPY260821C00766000 | ask=0.7400 | budget=$250.00 | qty=3 | premium=$222.00 | cap=10
2026-08-21T11:19:17 | WARNING  | app.risk.risk_manager | RiskManager: REJECTED OrderSide.BUY_TO_OPEN SPY260821C00766000 | REJECTED | Scaled experiment losing-trade limit reached: 2/2
2026-08-21T11:19:17 | INFO     | session_runner | Risk rejected SPY: Scaled experiment losing-trade limit reached: 2/2
2026-08-21T11:19:17 | INFO     | app.trading.trade_journal | Journal rejection 1273: SPY — Scaled experiment losing-trade limit reached: 2/2
2026-08-21T11:19:17 | INFO     | session_runner | Direction mismatch: scanner=LONG strategy=SHORT for SPY/vwap_reclaim — skipped
2026-08-21T11:19:17 | INFO     | session_runner | Stale signal: SPY/vwap_reclaim age=84 min > max 60 min — skipped
2026-08-21T11:19:47 | INFO     | session_runner | [cycle 206] 11:19:47 ET | positions=0 | entries=2
2026-08-21T11:19:48 | INFO     | session_runner | [bridge:QQQ] rsi_trend ready: sufficient bars
2026-08-21T11:19:48 | INFO     | app.strategies.liquidity_filter | LiquidityFilter: selected QQQ260821C00715000 | delta=N/A | spread_pct=0.036 | OI=8004 | vol=107100
2026-08-21T11:19:48 | INFO     | session_runner | Paper scaled sizing | QQQ260821C00715000 | ask=0.2800 | budget=$250.00 | qty=8 | premium=$224.00 | cap=10
2026-08-21T11:19:48 | WARNING  | app.risk.risk_manager | RiskManager: REJECTED OrderSide.BUY_TO_OPEN QQQ260821C00715000 | REJECTED | Scaled experiment losing-trade limit reached: 2/2
2026-08-21T11:19:48 | INFO     | session_runner | Risk rejected QQQ: Scaled experiment losing-trade limit reached: 2/2
2026-08-21T11:19:48 | INFO     | app.trading.trade_journal | Journal rejection 1274: QQQ — Scaled experiment losing-trade limit reached: 2/2
2026-08-21T11:19:48 | INFO     | session_runner | Stale signal: QQQ/orb age=70 min > max 60 min — skipped
2026-08-21T11:19:48 | INFO     | session_runner | Stale signal: QQQ/vwap_reclaim age=130 min > max 60 min — skipped
2026-08-21T11:19:48 | INFO     | session_runner | [bridge:AAPL] rsi_trend ready: sufficient bars
2026-08-21T11:19:49 | INFO     | app.strategies.liquidity_filter | LiquidityFilter: selected AAPL260821C00312500 | delta=N/A | spread_pct=0.057 | OI=7192 | vol=49748
2026-08-21T11:19:49 | INFO     | session_runner | Paper scaled sizing | AAPL260821C00312500 | ask=0.1800 | budget=$250.00 | qty=10 | premium=$180.00 | cap=10
2026-08-21T11:19:49 | WARNING  | app.risk.risk_manager | RiskManager: REJECTED OrderSide.BUY_TO_OPEN AAPL260821C00312500 | REJECTED | Scaled experiment losing-trade limit reached: 2/2
2026-08-21T11:19:49 | INFO     | session_runner | Risk rejected AAPL: Scaled experiment losing-trade limit reached: 2/2
2026-08-21T11:19:49 | INFO     | app.trading.trade_journal | Journal rejection 1275: AAPL — Scaled experiment losing-trade limit reached: 2/2
2026-08-21T11:19:49 | INFO     | session_runner | [bridge:SPY] rsi_trend ready: sufficient bars
2026-08-21T11:19:49 | INFO     | app.strategies.liquidity_filter | LiquidityFilter: selected SPY260821C00766000 | delta=N/A | spread_pct=0.014 | OI=3665 | vol=213255
2026-08-21T11:19:49 | INFO     | session_runner | Paper scaled sizing | SPY260821C00766000 | ask=0.7000 | budget=$250.00 | qty=3 | premium=$210.00 | cap=10
2026-08-21T11:19:49 | WARNING  | app.risk.risk_manager | RiskManager: REJECTED OrderSide.BUY_TO_OPEN SPY260821C00766000 | REJECTED | Scaled experiment losing-trade limit reached: 2/2
2026-08-21T11:19:49 | INFO     | session_runner | Risk rejected SPY: Scaled experiment losing-trade limit reached: 2/2
2026-08-21T11:19:49 | INFO     | app.trading.trade_journal | Journal rejection 1276: SPY — Scaled experiment losing-trade limit reached: 2/2
2026-08-21T11:19:49 | INFO     | session_runner | Direction mismatch: scanner=LONG strategy=SHORT for SPY/vwap_reclaim — skipped
2026-08-21T11:19:49 | INFO     | session_runner | Stale signal: SPY/vwap_reclaim age=85 min > max 60 min — skipped
2026-08-21T11:20:19 | INFO     | session_runner | [cycle 207] 11:20:19 ET | positions=0 | entries=2
2026-08-21T11:20:20 | INFO     | session_runner | Periodic universe re-scan …
2026-08-21T11:20:20 | INFO     | app.scanning.universe_loader | UniverseLoader: loaded 5 groups (13 flat symbols) from /root/trader/config/ticker_universe.yaml (blacklist=0)
2026-08-21T11:20:20 | INFO     | app.scanning.universe_loader | UniverseLoader: 10 symbols from 2 group(s) (blacklist=0)
2026-08-21T11:20:20 | INFO     | session_runner | Universe scan: 10 symbols from 2 group(s) | max_active=3
2026-08-21T11:20:26 | INFO     | session_runner | Scan: 5 passed, 5 rejected
2026-08-21T11:20:26 | INFO     | session_runner |   SMH     score=70.0  signal=SHORT    reasons: atr=3.10% (wide-range), orb_breakdown, trend_down
2026-08-21T11:20:26 | INFO     | session_runner |   XLE     score=60.0  signal=SHORT    reasons: rvol=1.80x (elevated), atr=1.76% (wide-range), orb_breakdown
2026-08-21T11:20:26 | INFO     | session_runner |   AAPL    score=42.0  signal=LONG     reasons: atr=2.27% (wide-range), trend_sideways, rsi=48 (healthy)
2026-08-21T11:20:26 | INFO     | session_runner |   SPY     score=41.0  signal=LONG     reasons: rvol=1.05x (normal), atr=0.77% (minimal range), near_orb_level
2026-08-21T11:20:26 | INFO     | session_runner |   XLF     score=40.0  signal=SHORT    reasons: rvol=1.07x (normal), atr=1.06% (good range), trend_sideways
2026-08-21T11:20:26 | INFO     | app.strategies.liquidity_filter | LiquidityFilter: no qualifying contracts for XLE SignalDirection.SHORT | total_candidates=48
2026-08-21T11:20:26 | INFO     | app.scanning.alpaca_confirmer | AlpacaConfirmer: no liquid contract for XLE (signal=SHORT)
2026-08-21T11:20:26 | INFO     | app.strategies.liquidity_filter | LiquidityFilter: selected AAPL260821C00310000 | delta=N/A | spread_pct=0.034 | OI=31290 | vol=77133
2026-08-21T11:20:26 | INFO     | app.scanning.alpaca_confirmer | AlpacaConfirmer: confirmed AAPL | AAPL260821C00310000 | exp=2026-08-21 | spread=3.35% | OI=31290 | vol=77133
2026-08-21T11:20:26 | INFO     | app.strategies.liquidity_filter | LiquidityFilter: no qualifying contracts for XLF SignalDirection.SHORT | total_candidates=51
2026-08-21T11:20:26 | INFO     | app.scanning.alpaca_confirmer | AlpacaConfirmer: no liquid contract for XLF (signal=SHORT)
2026-08-21T11:20:26 | INFO     | app.strategies.liquidity_filter | LiquidityFilter: no qualifying contracts for SMH SignalDirection.SHORT | total_candidates=204
2026-08-21T11:20:26 | INFO     | app.scanning.alpaca_confirmer | AlpacaConfirmer: liquidity_rejected_cost_cap | symbol=SMH | option_symbol=SMH260821P00610000 | ask=52.17 | ask_x_100=5217 | max_contract_cost=988
2026-08-21T11:20:26 | INFO     | app.scanning.alpaca_confirmer | AlpacaConfirmer: liquidity_rejected_cost_cap | symbol=SMH | option_symbol=SMH260821P00615000 | ask=57.84 | ask_x_100=5784 | max_contract_cost=988
2026-08-21T11:20:26 | INFO     | app.scanning.alpaca_confirmer | AlpacaConfirmer: liquidity_rejected_cost_cap | symbol=SMH | option_symbol=SMH260821P00655000 | ask=99.17 | ask_x_100=9917 | max_contract_cost=988
2026-08-21T11:20:26 | INFO     | app.scanning.alpaca_confirmer | AlpacaConfirmer: no liquid contract for SMH (signal=SHORT)
2026-08-21T11:20:26 | INFO     | app.strategies.liquidity_filter | LiquidityFilter: selected SPY260821C00765000 | delta=N/A | spread_pct=0.008 | OI=11100 | vol=205764
2026-08-21T11:20:26 | INFO     | app.scanning.alpaca_confirmer | AlpacaConfirmer: confirmed SPY | SPY260821C00765000 | exp=2026-08-21 | spread=0.80% | OI=11100 | vol=205764
2026-08-21T11:20:26 | INFO     | session_runner | AlpacaConfirmer: 2 confirmed symbols: ['AAPL', 'SPY']
2026-08-21T11:20:26 | INFO     | session_runner | Re-scan updated active symbols: ['AAPL', 'SPY']
2026-08-21T11:20:27 | INFO     | session_runner | Broad-market regime | SPY=long
2026-08-21T11:20:27 | INFO     | session_runner | [bridge:AAPL] rsi_trend ready: sufficient bars
2026-08-21T11:20:27 | INFO     | app.strategies.liquidity_filter | LiquidityFilter: selected AAPL260821C00312500 | delta=N/A | spread_pct=0.047 | OI=7192 | vol=50512
2026-08-21T11:20:27 | INFO     | session_runner | Paper scaled sizing | AAPL260821C00312500 | ask=0.2200 | budget=$250.00 | qty=10 | premium=$220.00 | cap=10
2026-08-21T11:20:27 | WARNING  | app.risk.risk_manager | RiskManager: REJECTED OrderSide.BUY_TO_OPEN AAPL260821C00312500 | REJECTED | Scaled experiment losing-trade limit reached: 2/2
2026-08-21T11:20:27 | INFO     | session_runner | Risk rejected AAPL: Scaled experiment losing-trade limit reached: 2/2
2026-08-21T11:20:27 | INFO     | app.trading.trade_journal | Journal rejection 1277: AAPL — Scaled experiment losing-trade limit reached: 2/2
2026-08-21T11:20:29 | INFO     | session_runner | [bridge:SPY] rsi_trend ready: sufficient bars
2026-08-21T11:20:29 | INFO     | app.strategies.liquidity_filter | LiquidityFilter: selected SPY260821C00766000 | delta=N/A | spread_pct=0.014 | OI=3665 | vol=217644
2026-08-21T11:20:29 | INFO     | session_runner | Paper scaled sizing | SPY260821C00766000 | ask=0.7200 | budget=$250.00 | qty=3 | premium=$216.00 | cap=10
2026-08-21T11:20:29 | WARNING  | app.risk.risk_manager | RiskManager: REJECTED OrderSide.BUY_TO_OPEN SPY260821C00766000 | REJECTED | Scaled experiment losing-trade limit reached: 2/2
2026-08-21T11:20:29 | INFO     | session_runner | Risk rejected SPY: Scaled experiment losing-trade limit reached: 2/2
2026-08-21T11:20:29 | INFO     | app.trading.trade_journal | Journal rejection 1278: SPY — Scaled experiment losing-trade limit reached: 2/2
2026-08-21T11:20:29 | INFO     | session_runner | Stale signal: SPY/vwap_reclaim age=60 min > max 60 min — skipped
2026-08-21T11:20:29 | INFO     | session_runner | Stale signal: SPY/vwap_reclaim age=85 min > max 60 min — skipped
2026-08-21T11:20:59 | INFO     | session_runner | [cycle 208] 11:20:59 ET | positions=0 | entries=2
2026-08-21T11:20:59 | INFO     | session_runner | [bridge:AAPL] rsi_trend ready: sufficient bars
2026-08-21T11:21:00 | INFO     | app.strategies.liquidity_filter | LiquidityFilter: selected AAPL260821C00312500 | delta=N/A | spread_pct=0.061 | OI=7192 | vol=50512
2026-08-21T11:21:00 | INFO     | session_runner | Paper scaled sizing | AAPL260821C00312500 | ask=0.1700 | budget=$250.00 | qty=10 | premium=$170.00 | cap=10
2026-08-21T11:21:00 | WARNING  | app.risk.risk_manager | RiskManager: REJECTED OrderSide.BUY_TO_OPEN AAPL260821C00312500 | REJECTED | Scaled experiment losing-trade limit reached: 2/2
2026-08-21T11:21:00 | INFO     | session_runner | Risk rejected AAPL: Scaled experiment losing-trade limit reached: 2/2
2026-08-21T11:21:00 | INFO     | app.trading.trade_journal | Journal rejection 1279: AAPL — Scaled experiment losing-trade limit reached: 2/2
2026-08-21T11:21:00 | INFO     | session_runner | [bridge:SPY] rsi_trend ready: sufficient bars
2026-08-21T11:21:01 | INFO     | app.strategies.liquidity_filter | LiquidityFilter: selected SPY260821C00766000 | delta=N/A | spread_pct=0.015 | OI=3665 | vol=221319
2026-08-21T11:21:01 | INFO     | session_runner | Paper scaled sizing | SPY260821C00766000 | ask=0.6800 | budget=$250.00 | qty=3 | premium=$204.00 | cap=10
2026-08-21T11:21:01 | WARNING  | app.risk.risk_manager | RiskManager: REJECTED OrderSide.BUY_TO_OPEN SPY260821C00766000 | REJECTED | Scaled experiment losing-trade limit reached: 2/2
2026-08-21T11:21:01 | INFO     | session_runner | Risk rejected SPY: Scaled experiment losing-trade limit reached: 2/2
2026-08-21T11:21:01 | INFO     | app.trading.trade_journal | Journal rejection 1280: SPY — Scaled experiment losing-trade limit reached: 2/2
2026-08-21T11:21:01 | INFO     | session_runner | Stale signal: SPY/vwap_reclaim age=61 min > max 60 min — skipped
2026-08-21T11:21:01 | INFO     | session_runner | Stale signal: SPY/vwap_reclaim age=86 min > max 60 min — skipped
2026-08-21T11:21:31 | INFO     | session_runner | [cycle 209] 11:21:31 ET | positions=0 | entries=2
2026-08-21T11:21:32 | INFO     | session_runner | [bridge:AAPL] rsi_trend ready: sufficient bars
2026-08-21T11:21:32 | INFO     | app.strategies.liquidity_filter | LiquidityFilter: selected AAPL260821C00312500 | delta=N/A | spread_pct=0.047 | OI=7192 | vol=51022
2026-08-21T11:21:32 | INFO     | session_runner | Paper scaled sizing | AAPL260821C00312500 | ask=0.2200 | budget=$250.00 | qty=10 | premium=$220.00 | cap=10
2026-08-21T11:21:32 | WARNING  | app.risk.risk_manager | RiskManager: REJECTED OrderSide.BUY_TO_OPEN AAPL260821C00312500 | REJECTED | Scaled experiment losing-trade limit reached: 2/2
2026-08-21T11:21:32 | INFO     | session_runner | Risk rejected AAPL: Scaled experiment losing-trade limit reached: 2/2
2026-08-21T11:21:32 | INFO     | app.trading.trade_journal | Journal rejection 1281: AAPL — Scaled experiment losing-trade limit reached: 2/2
2026-08-21T11:21:33 | INFO     | session_runner | [bridge:SPY] rsi_trend ready: sufficient bars
2026-08-21T11:21:33 | INFO     | app.strategies.liquidity_filter | LiquidityFilter: selected SPY260821C00766000 | delta=N/A | spread_pct=0.015 | OI=3665 | vol=221319
2026-08-21T11:21:33 | INFO     | session_runner | Paper scaled sizing | SPY260821C00766000 | ask=0.6900 | budget=$250.00 | qty=3 | premium=$207.00 | cap=10
2026-08-21T11:21:33 | WARNING  | app.risk.risk_manager | RiskManager: REJECTED OrderSide.BUY_TO_OPEN SPY260821C00766000 | REJECTED | Scaled experiment losing-trade limit reached: 2/2
2026-08-21T11:21:33 | INFO     | session_runner | Risk rejected SPY: Scaled experiment losing-trade limit reached: 2/2
2026-08-21T11:21:33 | INFO     | app.trading.trade_journal | Journal rejection 1282: SPY — Scaled experiment losing-trade limit reached: 2/2
2026-08-21T11:21:33 | INFO     | session_runner | Stale signal: SPY/vwap_reclaim age=62 min > max 60 min — skipped
2026-08-21T11:21:33 | INFO     | session_runner | Stale signal: SPY/vwap_reclaim age=87 min > max 60 min — skipped
2026-08-21T11:22:03 | INFO     | session_runner | [cycle 210] 11:22:03 ET | positions=0 | entries=2
2026-08-21T11:22:03 | INFO     | session_runner | [bridge:AAPL] rsi_trend ready: sufficient bars
2026-08-21T11:22:04 | INFO     | app.strategies.liquidity_filter | LiquidityFilter: selected AAPL260821C00310000 | delta=N/A | spread_pct=0.042 | OI=31290 | vol=78812
2026-08-21T11:22:04 | INFO     | session_runner | Paper scaled sizing | AAPL260821C00310000 | ask=0.9800 | budget=$250.00 | qty=2 | premium=$196.00 | cap=10
2026-08-21T11:22:04 | WARNING  | app.risk.risk_manager | RiskManager: REJECTED OrderSide.BUY_TO_OPEN AAPL260821C00310000 | REJECTED | Scaled experiment losing-trade limit reached: 2/2
2026-08-21T11:22:04 | INFO     | session_runner | Risk rejected AAPL: Scaled experiment losing-trade limit reached: 2/2
2026-08-21T11:22:04 | INFO     | app.trading.trade_journal | Journal rejection 1283: AAPL — Scaled experiment losing-trade limit reached: 2/2
2026-08-21T11:22:04 | INFO     | session_runner | [bridge:SPY] rsi_trend ready: sufficient bars
2026-08-21T11:22:05 | INFO     | app.strategies.liquidity_filter | LiquidityFilter: selected SPY260821C00767000 | delta=N/A | spread_pct=0.031 | OI=4561 | vol=141507
2026-08-21T11:22:05 | INFO     | session_runner | Paper scaled sizing | SPY260821C00767000 | ask=0.3300 | budget=$250.00 | qty=7 | premium=$231.00 | cap=10
2026-08-21T11:22:05 | WARNING  | app.risk.risk_manager | RiskManager: REJECTED OrderSide.BUY_TO_OPEN SPY260821C00767000 | REJECTED | Scaled experiment losing-trade limit reached: 2/2
2026-08-21T11:22:05 | INFO     | session_runner | Risk rejected SPY: Scaled experiment losing-trade limit reached: 2/2
2026-08-21T11:22:05 | INFO     | app.trading.trade_journal | Journal rejection 1284: SPY — Scaled experiment losing-trade limit reached: 2/2
2026-08-21T11:22:05 | INFO     | session_runner | Stale signal: SPY/vwap_reclaim age=62 min > max 60 min — skipped
2026-08-21T11:22:05 | INFO     | session_runner | Stale signal: SPY/vwap_reclaim age=87 min > max 60 min — skipped
2026-08-21T11:22:35 | INFO     | session_runner | [cycle 211] 11:22:35 ET | positions=0 | entries=2
2026-08-21T11:22:35 | INFO     | app.evaluation.shadow_book | ShadowBook: closed vwap_reclaim QQQ260821P00709000 @ 0.2800 → -11.00 (trailing_stop, fill-validated)
2026-08-21T11:22:36 | INFO     | session_runner | [bridge:AAPL] rsi_trend ready: sufficient bars
2026-08-21T11:22:36 | INFO     | app.strategies.liquidity_filter | LiquidityFilter: selected AAPL260821C00312500 | delta=N/A | spread_pct=0.047 | OI=7192 | vol=51649
2026-08-21T11:22:36 | INFO     | session_runner | Paper scaled sizing | AAPL260821C00312500 | ask=0.2200 | budget=$250.00 | qty=10 | premium=$220.00 | cap=10
2026-08-21T11:22:36 | WARNING  | app.risk.risk_manager | RiskManager: REJECTED OrderSide.BUY_TO_OPEN AAPL260821C00312500 | REJECTED | Scaled experiment losing-trade limit reached: 2/2
2026-08-21T11:22:36 | INFO     | session_runner | Risk rejected AAPL: Scaled experiment losing-trade limit reached: 2/2
2026-08-21T11:22:36 | INFO     | app.trading.trade_journal | Journal rejection 1285: AAPL — Scaled experiment losing-trade limit reached: 2/2
2026-08-21T11:22:36 | INFO     | session_runner | [bridge:SPY] rsi_trend ready: sufficient bars
2026-08-21T11:22:36 | INFO     | app.strategies.liquidity_filter | LiquidityFilter: selected SPY260821C00767000 | delta=N/A | spread_pct=0.025 | OI=4561 | vol=141507
2026-08-21T11:22:36 | INFO     | session_runner | Paper scaled sizing | SPY260821C00767000 | ask=0.4100 | budget=$250.00 | qty=6 | premium=$246.00 | cap=10
2026-08-21T11:22:36 | WARNING  | app.risk.risk_manager | RiskManager: REJECTED OrderSide.BUY_TO_OPEN SPY260821C00767000 | REJECTED | Scaled experiment losing-trade limit reached: 2/2
2026-08-21T11:22:36 | INFO     | session_runner | Risk rejected SPY: Scaled experiment losing-trade limit reached: 2/2
2026-08-21T11:22:36 | INFO     | app.trading.trade_journal | Journal rejection 1286: SPY — Scaled experiment losing-trade limit reached: 2/2
2026-08-21T11:22:36 | INFO     | session_runner | Stale signal: SPY/vwap_reclaim age=63 min > max 60 min — skipped
2026-08-21T11:22:36 | INFO     | session_runner | Stale signal: SPY/vwap_reclaim age=88 min > max 60 min — skipped
2026-08-21T11:23:07 | INFO     | session_runner | [cycle 212] 11:23:07 ET | positions=0 | entries=2
2026-08-21T11:23:07 | INFO     | app.trading.reconciler | Reconciliation done: broker_pos=0 local_pos=0 broker_orders=0 local_pending=0 repaired=0 flagged=0 orders_confirmed=True positions_confirmed=True
2026-08-21T11:23:07 | INFO     | app.evaluation.shadow_book | ShadowBook: closed vwap_reclaim SPY260821P00764000 @ 0.2900 → -5.00 (trailing_stop, fill-validated)
2026-08-21T11:23:07 | INFO     | session_runner | [bridge:AAPL] rsi_trend ready: sufficient bars
2026-08-21T11:23:07 | INFO     | app.strategies.liquidity_filter | LiquidityFilter: selected AAPL260821C00310000 | delta=N/A | spread_pct=0.024 | OI=31290 | vol=79750
2026-08-21T11:23:07 | INFO     | session_runner | Paper scaled sizing | AAPL260821C00310000 | ask=0.8500 | budget=$250.00 | qty=2 | premium=$170.00 | cap=10
2026-08-21T11:23:07 | WARNING  | app.risk.risk_manager | RiskManager: REJECTED OrderSide.BUY_TO_OPEN AAPL260821C00310000 | REJECTED | Scaled experiment losing-trade limit reached: 2/2
2026-08-21T11:23:07 | INFO     | session_runner | Risk rejected AAPL: Scaled experiment losing-trade limit reached: 2/2
2026-08-21T11:23:07 | INFO     | app.trading.trade_journal | Journal rejection 1287: AAPL — Scaled experiment losing-trade limit reached: 2/2
2026-08-21T11:23:08 | INFO     | session_runner | [bridge:SPY] rsi_trend ready: sufficient bars
2026-08-21T11:23:08 | INFO     | app.strategies.liquidity_filter | LiquidityFilter: selected SPY260821C00767000 | delta=N/A | spread_pct=0.028 | OI=4561 | vol=143499
2026-08-21T11:23:08 | INFO     | session_runner | Paper scaled sizing | SPY260821C00767000 | ask=0.3600 | budget=$250.00 | qty=6 | premium=$216.00 | cap=10
2026-08-21T11:23:08 | WARNING  | app.risk.risk_manager | RiskManager: REJECTED OrderSide.BUY_TO_OPEN SPY260821C00767000 | REJECTED | Scaled experiment losing-trade limit reached: 2/2
2026-08-21T11:23:08 | INFO     | session_runner | Risk rejected SPY: Scaled experiment losing-trade limit reached: 2/2
2026-08-21T11:23:08 | INFO     | app.trading.trade_journal | Journal rejection 1288: SPY — Scaled experiment losing-trade limit reached: 2/2
2026-08-21T11:23:08 | INFO     | session_runner | Stale signal: SPY/vwap_reclaim age=63 min > max 60 min — skipped
2026-08-21T11:23:08 | INFO     | session_runner | Stale signal: SPY/vwap_reclaim age=88 min > max 60 min — skipped
2026-08-21T11:23:38 | INFO     | session_runner | [cycle 213] 11:23:38 ET | positions=0 | entries=2
2026-08-21T11:23:39 | INFO     | session_runner | [bridge:AAPL] rsi_trend ready: sufficient bars
2026-08-21T11:23:39 | INFO     | app.strategies.liquidity_filter | LiquidityFilter: selected AAPL260821C00312500 | delta=N/A | spread_pct=0.074 | OI=7192 | vol=52140
2026-08-21T11:23:39 | INFO     | session_runner | Paper scaled sizing | AAPL260821C00312500 | ask=0.1400 | budget=$250.00 | qty=10 | premium=$140.00 | cap=10
2026-08-21T11:23:39 | WARNING  | app.risk.risk_manager | RiskManager: REJECTED OrderSide.BUY_TO_OPEN AAPL260821C00312500 | REJECTED | Scaled experiment losing-trade limit reached: 2/2
2026-08-21T11:23:39 | INFO     | session_runner | Risk rejected AAPL: Scaled experiment losing-trade limit reached: 2/2
2026-08-21T11:23:39 | INFO     | app.trading.trade_journal | Journal rejection 1289: AAPL — Scaled experiment losing-trade limit reached: 2/2
2026-08-21T11:23:39 | INFO     | session_runner | [bridge:SPY] rsi_trend ready: sufficient bars
2026-08-21T11:23:40 | INFO     | app.strategies.liquidity_filter | LiquidityFilter: selected SPY260821C00766000 | delta=N/A | spread_pct=0.013 | OI=3665 | vol=225127
2026-08-21T11:23:40 | INFO     | session_runner | Paper scaled sizing | SPY260821C00766000 | ask=0.7900 | budget=$250.00 | qty=3 | premium=$237.00 | cap=10
2026-08-21T11:23:40 | WARNING  | app.risk.risk_manager | RiskManager: REJECTED OrderSide.BUY_TO_OPEN SPY260821C00766000 | REJECTED | Scaled experiment losing-trade limit reached: 2/2
2026-08-21T11:23:40 | INFO     | session_runner | Risk rejected SPY: Scaled experiment losing-trade limit reached: 2/2
2026-08-21T11:23:40 | INFO     | app.trading.trade_journal | Journal rejection 1290: SPY — Scaled experiment losing-trade limit reached: 2/2
2026-08-21T11:23:40 | INFO     | session_runner | Stale signal: SPY/vwap_reclaim age=64 min > max 60 min — skipped
2026-08-21T11:23:40 | INFO     | session_runner | Stale signal: SPY/vwap_reclaim age=89 min > max 60 min — skipped
2026-08-21T11:24:10 | INFO     | session_runner | [cycle 214] 11:24:10 ET | positions=0 | entries=2
2026-08-21T11:24:10 | INFO     | session_runner | [bridge:AAPL] rsi_trend ready: sufficient bars
2026-08-21T11:24:10 | INFO     | app.strategies.liquidity_filter | LiquidityFilter: selected AAPL260821C00312500 | delta=N/A | spread_pct=0.054 | OI=7192 | vol=52501
2026-08-21T11:24:10 | INFO     | session_runner | Paper scaled sizing | AAPL260821C00312500 | ask=0.1900 | budget=$250.00 | qty=10 | premium=$190.00 | cap=10
2026-08-21T11:24:10 | WARNING  | app.risk.risk_manager | RiskManager: REJECTED OrderSide.BUY_TO_OPEN AAPL260821C00312500 | REJECTED | Scaled experiment losing-trade limit reached: 2/2
2026-08-21T11:24:10 | INFO     | session_runner | Risk rejected AAPL: Scaled experiment losing-trade limit reached: 2/2
2026-08-21T11:24:10 | INFO     | app.trading.trade_journal | Journal rejection 1291: AAPL — Scaled experiment losing-trade limit reached: 2/2
2026-08-21T11:24:11 | INFO     | session_runner | [bridge:SPY] rsi_trend ready: sufficient bars
2026-08-21T11:24:11 | INFO     | app.strategies.liquidity_filter | LiquidityFilter: selected SPY260821C00767000 | delta=N/A | spread_pct=0.025 | OI=4561 | vol=146503
2026-08-21T11:24:11 | INFO     | session_runner | Paper scaled sizing | SPY260821C00767000 | ask=0.4000 | budget=$250.00 | qty=6 | premium=$240.00 | cap=10
2026-08-21T11:24:11 | WARNING  | app.risk.risk_manager | RiskManager: REJECTED OrderSide.BUY_TO_OPEN SPY260821C00767000 | REJECTED | Scaled experiment losing-trade limit reached: 2/2
2026-08-21T11:24:11 | INFO     | session_runner | Risk rejected SPY: Scaled experiment losing-trade limit reached: 2/2
2026-08-21T11:24:11 | INFO     | app.trading.trade_journal | Journal rejection 1292: SPY — Scaled experiment losing-trade limit reached: 2/2
2026-08-21T11:24:11 | INFO     | session_runner | Stale signal: SPY/vwap_reclaim age=64 min > max 60 min — skipped
2026-08-21T11:24:11 | INFO     | session_runner | Stale signal: SPY/vwap_reclaim age=89 min > max 60 min — skipped
2026-08-21T11:24:41 | INFO     | session_runner | [cycle 215] 11:24:41 ET | positions=0 | entries=2
2026-08-21T11:24:41 | INFO     | session_runner | [bridge:AAPL] rsi_trend ready: sufficient bars
2026-08-21T11:24:42 | INFO     | app.strategies.liquidity_filter | LiquidityFilter: selected AAPL260821C00310000 | delta=N/A | spread_pct=0.024 | OI=31290 | vol=80030
2026-08-21T11:24:42 | INFO     | session_runner | Paper scaled sizing | AAPL260821C00310000 | ask=0.8600 | budget=$250.00 | qty=2 | premium=$172.00 | cap=10
2026-08-21T11:24:42 | WARNING  | app.risk.risk_manager | RiskManager: REJECTED OrderSide.BUY_TO_OPEN AAPL260821C00310000 | REJECTED | Scaled experiment losing-trade limit reached: 2/2
2026-08-21T11:24:42 | INFO     | session_runner | Risk rejected AAPL: Scaled experiment losing-trade limit reached: 2/2
2026-08-21T11:24:42 | INFO     | app.trading.trade_journal | Journal rejection 1293: AAPL — Scaled experiment losing-trade limit reached: 2/2
2026-08-21T11:24:42 | INFO     | session_runner | [bridge:SPY] rsi_trend ready: sufficient bars
2026-08-21T11:24:42 | INFO     | app.strategies.liquidity_filter | LiquidityFilter: selected SPY260821C00766000 | delta=N/A | spread_pct=0.015 | OI=3665 | vol=228711
2026-08-21T11:24:42 | INFO     | session_runner | Paper scaled sizing | SPY260821C00766000 | ask=0.6800 | budget=$250.00 | qty=3 | premium=$204.00 | cap=10
2026-08-21T11:24:42 | WARNING  | app.risk.risk_manager | RiskManager: REJECTED OrderSide.BUY_TO_OPEN SPY260821C00766000 | REJECTED | Scaled experiment losing-trade limit reached: 2/2
2026-08-21T11:24:42 | INFO     | session_runner | Risk rejected SPY: Scaled experiment losing-trade limit reached: 2/2
2026-08-21T11:24:42 | INFO     | app.trading.trade_journal | Journal rejection 1294: SPY — Scaled experiment losing-trade limit reached: 2/2
2026-08-21T11:24:42 | INFO     | session_runner | Stale signal: SPY/vwap_reclaim age=65 min > max 60 min — skipped
2026-08-21T11:24:42 | INFO     | session_runner | Stale signal: SPY/vwap_reclaim age=90 min > max 60 min — skipped
2026-08-21T11:25:12 | INFO     | session_runner | [cycle 216] 11:25:12 ET | positions=0 | entries=2
2026-08-21T11:25:13 | INFO     | session_runner | [bridge:AAPL] rsi_trend ready: sufficient bars
2026-08-21T11:25:13 | INFO     | app.strategies.liquidity_filter | LiquidityFilter: selected AAPL260821C00310000 | delta=N/A | spread_pct=0.063 | OI=31290 | vol=80720
2026-08-21T11:25:14 | INFO     | session_runner | Paper scaled sizing | AAPL260821C00310000 | ask=0.8200 | budget=$250.00 | qty=3 | premium=$246.00 | cap=10
2026-08-21T11:25:14 | WARNING  | app.risk.risk_manager | RiskManager: REJECTED OrderSide.BUY_TO_OPEN AAPL260821C00310000 | REJECTED | Scaled experiment losing-trade limit reached: 2/2
2026-08-21T11:25:14 | INFO     | session_runner | Risk rejected AAPL: Scaled experiment losing-trade limit reached: 2/2
2026-08-21T11:25:14 | INFO     | app.trading.trade_journal | Journal rejection 1295: AAPL — Scaled experiment losing-trade limit reached: 2/2
2026-08-21T11:25:14 | INFO     | session_runner | [bridge:SPY] rsi_trend ready: sufficient bars
2026-08-21T11:25:15 | INFO     | app.strategies.liquidity_filter | LiquidityFilter: selected SPY260821C00766000 | delta=N/A | spread_pct=0.016 | OI=3665 | vol=230631
2026-08-21T11:25:15 | INFO     | session_runner | Paper scaled sizing | SPY260821C00766000 | ask=0.6500 | budget=$250.00 | qty=3 | premium=$195.00 | cap=10
2026-08-21T11:25:15 | WARNING  | app.risk.risk_manager | RiskManager: REJECTED OrderSide.BUY_TO_OPEN SPY260821C00766000 | REJECTED | Scaled experiment losing-trade limit reached: 2/2
2026-08-21T11:25:15 | INFO     | session_runner | Risk rejected SPY: Scaled experiment losing-trade limit reached: 2/2
2026-08-21T11:25:15 | INFO     | app.trading.trade_journal | Journal rejection 1296: SPY — Scaled experiment losing-trade limit reached: 2/2
2026-08-21T11:25:15 | INFO     | session_runner | Stale signal: SPY/vwap_reclaim age=65 min > max 60 min — skipped
2026-08-21T11:25:15 | INFO     | session_runner | Stale signal: SPY/vwap_reclaim age=90 min > max 60 min — skipped
2026-08-21T11:25:45 | INFO     | session_runner | [cycle 217] 11:25:45 ET | positions=0 | entries=2
2026-08-21T11:25:45 | INFO     | session_runner | Periodic universe re-scan …
2026-08-21T11:25:45 | INFO     | app.scanning.universe_loader | UniverseLoader: loaded 5 groups (13 flat symbols) from /root/trader/config/ticker_universe.yaml (blacklist=0)
2026-08-21T11:25:45 | INFO     | app.scanning.universe_loader | UniverseLoader: 10 symbols from 2 group(s) (blacklist=0)
2026-08-21T11:25:45 | INFO     | session_runner | Universe scan: 10 symbols from 2 group(s) | max_active=3
2026-08-21T11:25:49 | INFO     | session_runner | Scan: 4 passed, 6 rejected
2026-08-21T11:25:49 | INFO     | session_runner |   SMH     score=70.0  signal=SHORT    reasons: atr=3.10% (wide-range), orb_breakdown, trend_down
2026-08-21T11:25:49 | INFO     | session_runner |   XLE     score=60.0  signal=SHORT    reasons: rvol=1.75x (elevated), atr=1.76% (wide-range), orb_breakdown
2026-08-21T11:25:49 | INFO     | session_runner |   AAPL    score=42.0  signal=LONG     reasons: atr=2.27% (wide-range), trend_sideways, rsi=47 (healthy)
2026-08-21T11:25:49 | INFO     | session_runner |   SPY     score=41.0  signal=LONG     reasons: rvol=1.03x (normal), atr=0.77% (minimal range), near_orb_level
2026-08-21T11:25:49 | INFO     | session_runner |   DIA     score=70.0  signal=LONG     REJECTED: insufficient_underlying_volume
2026-08-21T11:25:49 | INFO     | app.strategies.liquidity_filter | LiquidityFilter: selected XLE260821P00064000 | delta=N/A | spread_pct=0.095 | OI=429 | vol=96
2026-08-21T11:25:49 | INFO     | app.scanning.alpaca_confirmer | AlpacaConfirmer: confirmed XLE | XLE260821P00064000 | exp=2026-08-21 | spread=9.52% | OI=429 | vol=96
2026-08-21T11:25:49 | INFO     | app.strategies.liquidity_filter | LiquidityFilter: selected AAPL260821C00312500 | delta=N/A | spread_pct=0.061 | OI=7192 | vol=52870
2026-08-21T11:25:49 | INFO     | app.scanning.alpaca_confirmer | AlpacaConfirmer: confirmed AAPL | AAPL260821C00312500 | exp=2026-08-21 | spread=6.06% | OI=7192 | vol=52870
2026-08-21T11:25:49 | INFO     | app.strategies.liquidity_filter | LiquidityFilter: no qualifying contracts for SMH SignalDirection.SHORT | total_candidates=204
2026-08-21T11:25:49 | INFO     | app.scanning.alpaca_confirmer | AlpacaConfirmer: liquidity_rejected_cost_cap | symbol=SMH | option_symbol=SMH260821P00590000 | ask=33.01 | ask_x_100=3301 | max_contract_cost=988
2026-08-21T11:25:49 | INFO     | app.scanning.alpaca_confirmer | AlpacaConfirmer: liquidity_rejected_cost_cap | symbol=SMH | option_symbol=SMH260821P00610000 | ask=52.41 | ask_x_100=5241 | max_contract_cost=988
2026-08-21T11:25:49 | INFO     | app.scanning.alpaca_confirmer | AlpacaConfirmer: liquidity_rejected_cost_cap | symbol=SMH | option_symbol=SMH260821P00615000 | ask=58.02 | ask_x_100=5802 | max_contract_cost=988
2026-08-21T11:25:49 | INFO     | app.scanning.alpaca_confirmer | AlpacaConfirmer: liquidity_rejected_cost_cap | symbol=SMH | option_symbol=SMH260821P00655000 | ask=98.31 | ask_x_100=9831 | max_contract_cost=988
2026-08-21T11:25:49 | INFO     | app.scanning.alpaca_confirmer | AlpacaConfirmer: no liquid contract for SMH (signal=SHORT)
2026-08-21T11:25:49 | INFO     | app.strategies.liquidity_filter | LiquidityFilter: selected SPY260821C00766000 | delta=N/A | spread_pct=0.016 | OI=3665 | vol=230631
2026-08-21T11:25:49 | INFO     | app.scanning.alpaca_confirmer | AlpacaConfirmer: confirmed SPY | SPY260821C00766000 | exp=2026-08-21 | spread=1.57% | OI=3665 | vol=230631
2026-08-21T11:25:49 | INFO     | session_runner | AlpacaConfirmer: 3 confirmed symbols: ['XLE', 'AAPL', 'SPY']
2026-08-21T11:25:49 | INFO     | session_runner | Re-scan updated active symbols: ['XLE', 'AAPL', 'SPY']
2026-08-21T11:25:49 | INFO     | session_runner | Broad-market regime | SPY=long
2026-08-21T11:25:50 | INFO     | session_runner | [bridge:XLE] rsi_trend ready: sufficient bars
2026-08-21T11:25:50 | INFO     | session_runner | Stale signal: XLE/vwap_reclaim age=101 min > max 60 min — skipped
2026-08-21T11:25:50 | INFO     | session_runner | [bridge:AAPL] rsi_trend ready: sufficient bars
2026-08-21T11:25:50 | INFO     | app.strategies.liquidity_filter | LiquidityFilter: selected AAPL260821C00310000 | delta=N/A | spread_pct=0.049 | OI=31290 | vol=80720
2026-08-21T11:25:50 | INFO     | session_runner | Paper scaled sizing | AAPL260821C00310000 | ask=0.8300 | budget=$250.00 | qty=3 | premium=$249.00 | cap=10
2026-08-21T11:25:50 | WARNING  | app.risk.risk_manager | RiskManager: REJECTED OrderSide.BUY_TO_OPEN AAPL260821C00310000 | REJECTED | Scaled experiment losing-trade limit reached: 2/2
2026-08-21T11:25:50 | INFO     | session_runner | Risk rejected AAPL: Scaled experiment losing-trade limit reached: 2/2
2026-08-21T11:25:50 | INFO     | app.trading.trade_journal | Journal rejection 1297: AAPL — Scaled experiment losing-trade limit reached: 2/2
2026-08-21T11:25:51 | INFO     | session_runner | [bridge:SPY] rsi_trend ready: sufficient bars
2026-08-21T11:25:51 | INFO     | app.strategies.liquidity_filter | LiquidityFilter: selected SPY260821C00766000 | delta=N/A | spread_pct=0.017 | OI=3665 | vol=230631
2026-08-21T11:25:51 | INFO     | session_runner | Paper scaled sizing | SPY260821C00766000 | ask=0.5900 | budget=$250.00 | qty=4 | premium=$236.00 | cap=10
2026-08-21T11:25:51 | WARNING  | app.risk.risk_manager | RiskManager: REJECTED OrderSide.BUY_TO_OPEN SPY260821C00766000 | REJECTED | Scaled experiment losing-trade limit reached: 2/2
2026-08-21T11:25:51 | INFO     | session_runner | Risk rejected SPY: Scaled experiment losing-trade limit reached: 2/2
2026-08-21T11:25:51 | INFO     | app.trading.trade_journal | Journal rejection 1298: SPY — Scaled experiment losing-trade limit reached: 2/2
2026-08-21T11:25:51 | INFO     | session_runner | Stale signal: SPY/vwap_reclaim age=66 min > max 60 min — skipped
2026-08-21T11:25:51 | INFO     | session_runner | Stale signal: SPY/vwap_reclaim age=91 min > max 60 min — skipped
2026-08-21T11:26:21 | INFO     | session_runner | [cycle 218] 11:26:21 ET | positions=0 | entries=2
2026-08-21T11:26:22 | INFO     | session_runner | [bridge:XLE] rsi_trend ready: sufficient bars
2026-08-21T11:26:22 | INFO     | session_runner | Stale signal: XLE/vwap_reclaim age=101 min > max 60 min — skipped
2026-08-21T11:26:22 | INFO     | session_runner | [bridge:AAPL] rsi_trend ready: sufficient bars
2026-08-21T11:26:22 | INFO     | app.strategies.liquidity_filter | LiquidityFilter: selected AAPL260821C00312500 | delta=N/A | spread_pct=0.087 | OI=7192 | vol=53170
2026-08-21T11:26:22 | INFO     | session_runner | Paper scaled sizing | AAPL260821C00312500 | ask=0.1200 | budget=$250.00 | qty=10 | premium=$120.00 | cap=10
2026-08-21T11:26:22 | WARNING  | app.risk.risk_manager | RiskManager: REJECTED OrderSide.BUY_TO_OPEN AAPL260821C00312500 | REJECTED | Scaled experiment losing-trade limit reached: 2/2
2026-08-21T11:26:22 | INFO     | session_runner | Risk rejected AAPL: Scaled experiment losing-trade limit reached: 2/2
2026-08-21T11:26:22 | INFO     | app.trading.trade_journal | Journal rejection 1299: AAPL — Scaled experiment losing-trade limit reached: 2/2
2026-08-21T11:26:23 | INFO     | session_runner | [bridge:SPY] rsi_trend ready: sufficient bars
2026-08-21T11:26:23 | INFO     | app.strategies.liquidity_filter | LiquidityFilter: selected SPY260821C00766000 | delta=N/A | spread_pct=0.016 | OI=3665 | vol=233152
2026-08-21T11:26:23 | INFO     | session_runner | Paper scaled sizing | SPY260821C00766000 | ask=0.6400 | budget=$250.00 | qty=3 | premium=$192.00 | cap=10
2026-08-21T11:26:23 | WARNING  | app.risk.risk_manager | RiskManager: REJECTED OrderSide.BUY_TO_OPEN SPY260821C00766000 | REJECTED | Scaled experiment losing-trade limit reached: 2/2
2026-08-21T11:26:23 | INFO     | session_runner | Risk rejected SPY: Scaled experiment losing-trade limit reached: 2/2
2026-08-21T11:26:23 | INFO     | app.trading.trade_journal | Journal rejection 1300: SPY — Scaled experiment losing-trade limit reached: 2/2
2026-08-21T11:26:23 | INFO     | session_runner | Stale signal: SPY/vwap_reclaim age=66 min > max 60 min — skipped
2026-08-21T11:26:23 | INFO     | session_runner | Stale signal: SPY/vwap_reclaim age=91 min > max 60 min — skipped
2026-08-21T11:26:53 | INFO     | session_runner | [cycle 219] 11:26:53 ET | positions=0 | entries=2
2026-08-21T11:26:54 | INFO     | session_runner | [bridge:XLE] rsi_trend ready: sufficient bars
2026-08-21T11:26:54 | INFO     | session_runner | Stale signal: XLE/vwap_reclaim age=102 min > max 60 min — skipped
2026-08-21T11:26:54 | INFO     | session_runner | [bridge:AAPL] rsi_trend ready: sufficient bars
2026-08-21T11:26:54 | INFO     | app.strategies.liquidity_filter | LiquidityFilter: selected AAPL260821C00312500 | delta=N/A | spread_pct=0.065 | OI=7192 | vol=53170
2026-08-21T11:26:54 | INFO     | session_runner | Paper scaled sizing | AAPL260821C00312500 | ask=0.1600 | budget=$250.00 | qty=10 | premium=$160.00 | cap=10
2026-08-21T11:26:54 | WARNING  | app.risk.risk_manager | RiskManager: REJECTED OrderSide.BUY_TO_OPEN AAPL260821C00312500 | REJECTED | Scaled experiment losing-trade limit reached: 2/2
2026-08-21T11:26:54 | INFO     | session_runner | Risk rejected AAPL: Scaled experiment losing-trade limit reached: 2/2
2026-08-21T11:26:54 | INFO     | app.trading.trade_journal | Journal rejection 1301: AAPL — Scaled experiment losing-trade limit reached: 2/2
2026-08-21T11:26:55 | INFO     | session_runner | [bridge:SPY] rsi_trend ready: sufficient bars
2026-08-21T11:26:55 | INFO     | app.strategies.liquidity_filter | LiquidityFilter: selected SPY260821C00767000 | delta=N/A | spread_pct=0.033 | OI=4561 | vol=149073
2026-08-21T11:26:55 | INFO     | session_runner | Paper scaled sizing | SPY260821C00767000 | ask=0.3100 | budget=$250.00 | qty=8 | premium=$248.00 | cap=10
2026-08-21T11:26:55 | WARNING  | app.risk.risk_manager | RiskManager: REJECTED OrderSide.BUY_TO_OPEN SPY260821C00767000 | REJECTED | Scaled experiment losing-trade limit reached: 2/2
2026-08-21T11:26:55 | INFO     | session_runner | Risk rejected SPY: Scaled experiment losing-trade limit reached: 2/2
2026-08-21T11:26:55 | INFO     | app.trading.trade_journal | Journal rejection 1302: SPY — Scaled experiment losing-trade limit reached: 2/2
2026-08-21T11:26:55 | INFO     | session_runner | Stale signal: SPY/vwap_reclaim age=67 min > max 60 min — skipped
2026-08-21T11:26:55 | INFO     | session_runner | Stale signal: SPY/vwap_reclaim age=92 min > max 60 min — skipped
2026-08-21T11:27:25 | INFO     | session_runner | [cycle 220] 11:27:25 ET | positions=0 | entries=2
2026-08-21T11:27:26 | INFO     | session_runner | [bridge:XLE] rsi_trend ready: sufficient bars
2026-08-21T11:27:26 | INFO     | session_runner | Stale signal: XLE/vwap_reclaim age=102 min > max 60 min — skipped
2026-08-21T11:27:26 | INFO     | session_runner | [bridge:AAPL] rsi_trend ready: sufficient bars
2026-08-21T11:27:26 | INFO     | app.strategies.liquidity_filter | LiquidityFilter: selected AAPL260821C00312500 | delta=N/A | spread_pct=0.074 | OI=7192 | vol=53283
2026-08-21T11:27:26 | INFO     | session_runner | Paper scaled sizing | AAPL260821C00312500 | ask=0.1400 | budget=$250.00 | qty=10 | premium=$140.00 | cap=10
2026-08-21T11:27:26 | WARNING  | app.risk.risk_manager | RiskManager: REJECTED OrderSide.BUY_TO_OPEN AAPL260821C00312500 | REJECTED | Scaled experiment losing-trade limit reached: 2/2
2026-08-21T11:27:26 | INFO     | session_runner | Risk rejected AAPL: Scaled experiment losing-trade limit reached: 2/2
2026-08-21T11:27:26 | INFO     | app.trading.trade_journal | Journal rejection 1303: AAPL — Scaled experiment losing-trade limit reached: 2/2
2026-08-21T11:27:27 | INFO     | session_runner | [bridge:SPY] rsi_trend ready: sufficient bars
2026-08-21T11:27:27 | INFO     | app.strategies.liquidity_filter | LiquidityFilter: selected SPY260821C00766000 | delta=N/A | spread_pct=0.013 | OI=3665 | vol=234954
2026-08-21T11:27:27 | INFO     | session_runner | Paper scaled sizing | SPY260821C00766000 | ask=0.7900 | budget=$250.00 | qty=3 | premium=$237.00 | cap=10
2026-08-21T11:27:27 | WARNING  | app.risk.risk_manager | RiskManager: REJECTED OrderSide.BUY_TO_OPEN SPY260821C00766000 | REJECTED | Scaled experiment losing-trade limit reached: 2/2
2026-08-21T11:27:27 | INFO     | session_runner | Risk rejected SPY: Scaled experiment losing-trade limit reached: 2/2
2026-08-21T11:27:27 | INFO     | app.trading.trade_journal | Journal rejection 1304: SPY — Scaled experiment losing-trade limit reached: 2/2
2026-08-21T11:27:27 | INFO     | session_runner | Stale signal: SPY/vwap_reclaim age=67 min > max 60 min — skipped
2026-08-21T11:27:27 | INFO     | session_runner | Stale signal: SPY/vwap_reclaim age=92 min > max 60 min — skipped
2026-08-21T11:27:57 | INFO     | session_runner | [cycle 221] 11:27:57 ET | positions=0 | entries=2
2026-08-21T11:27:58 | INFO     | session_runner | [bridge:XLE] rsi_trend ready: sufficient bars
2026-08-21T11:27:58 | INFO     | session_runner | Stale signal: XLE/vwap_reclaim age=103 min > max 60 min — skipped
2026-08-21T11:27:58 | INFO     | session_runner | [bridge:AAPL] rsi_trend ready: sufficient bars
2026-08-21T11:27:58 | INFO     | app.strategies.liquidity_filter | LiquidityFilter: selected AAPL260821C00310000 | delta=N/A | spread_pct=0.010 | OI=31290 | vol=81560
2026-08-21T11:27:58 | INFO     | session_runner | Paper scaled sizing | AAPL260821C00310000 | ask=1.0000 | budget=$250.00 | qty=2 | premium=$200.00 | cap=10
2026-08-21T11:27:58 | WARNING  | app.risk.risk_manager | RiskManager: REJECTED OrderSide.BUY_TO_OPEN AAPL260821C00310000 | REJECTED | Scaled experiment losing-trade limit reached: 2/2
2026-08-21T11:27:58 | INFO     | session_runner | Risk rejected AAPL: Scaled experiment losing-trade limit reached: 2/2
2026-08-21T11:27:58 | INFO     | app.trading.trade_journal | Journal rejection 1305: AAPL — Scaled experiment losing-trade limit reached: 2/2
2026-08-21T11:27:59 | INFO     | session_runner | [bridge:SPY] rsi_trend ready: sufficient bars
2026-08-21T11:27:59 | INFO     | app.strategies.liquidity_filter | LiquidityFilter: selected SPY260821C00767000 | delta=N/A | spread_pct=0.027 | OI=4561 | vol=150578
2026-08-21T11:27:59 | INFO     | session_runner | Paper scaled sizing | SPY260821C00767000 | ask=0.3800 | budget=$250.00 | qty=6 | premium=$228.00 | cap=10
2026-08-21T11:27:59 | WARNING  | app.risk.risk_manager | RiskManager: REJECTED OrderSide.BUY_TO_OPEN SPY260821C00767000 | REJECTED | Scaled experiment losing-trade limit reached: 2/2
2026-08-21T11:27:59 | INFO     | session_runner | Risk rejected SPY: Scaled experiment losing-trade limit reached: 2/2
2026-08-21T11:27:59 | INFO     | app.trading.trade_journal | Journal rejection 1306: SPY — Scaled experiment losing-trade limit reached: 2/2
2026-08-21T11:27:59 | INFO     | session_runner | Stale signal: SPY/vwap_reclaim age=68 min > max 60 min — skipped
2026-08-21T11:27:59 | INFO     | session_runner | Stale signal: SPY/vwap_reclaim age=93 min > max 60 min — skipped
2026-08-21T11:28:29 | INFO     | session_runner | [cycle 222] 11:28:29 ET | positions=0 | entries=2
2026-08-21T11:28:30 | INFO     | session_runner | [bridge:XLE] rsi_trend ready: sufficient bars
2026-08-21T11:28:30 | INFO     | session_runner | Stale signal: XLE/vwap_reclaim age=103 min > max 60 min — skipped
2026-08-21T11:28:30 | INFO     | session_runner | [bridge:AAPL] rsi_trend ready: sufficient bars
2026-08-21T11:28:30 | INFO     | app.strategies.liquidity_filter | LiquidityFilter: selected AAPL260821C00312500 | delta=N/A | spread_pct=0.047 | OI=7192 | vol=53415
2026-08-21T11:28:30 | INFO     | session_runner | Paper scaled sizing | AAPL260821C00312500 | ask=0.2200 | budget=$250.00 | qty=10 | premium=$220.00 | cap=10
2026-08-21T11:28:30 | WARNING  | app.risk.risk_manager | RiskManager: REJECTED OrderSide.BUY_TO_OPEN AAPL260821C00312500 | REJECTED | Scaled experiment losing-trade limit reached: 2/2
2026-08-21T11:28:30 | INFO     | session_runner | Risk rejected AAPL: Scaled experiment losing-trade limit reached: 2/2
2026-08-21T11:28:30 | INFO     | app.trading.trade_journal | Journal rejection 1307: AAPL — Scaled experiment losing-trade limit reached: 2/2
2026-08-21T11:28:31 | INFO     | session_runner | [bridge:SPY] rsi_trend ready: sufficient bars
2026-08-21T11:28:31 | INFO     | app.strategies.liquidity_filter | LiquidityFilter: selected SPY260821C00766000 | delta=N/A | spread_pct=0.012 | OI=3665 | vol=236452
2026-08-21T11:28:31 | INFO     | session_runner | Paper scaled sizing | SPY260821C00766000 | ask=0.8400 | budget=$250.00 | qty=2 | premium=$168.00 | cap=10
2026-08-21T11:28:31 | WARNING  | app.risk.risk_manager | RiskManager: REJECTED OrderSide.BUY_TO_OPEN SPY260821C00766000 | REJECTED | Scaled experiment losing-trade limit reached: 2/2
2026-08-21T11:28:31 | INFO     | session_runner | Risk rejected SPY: Scaled experiment losing-trade limit reached: 2/2
2026-08-21T11:28:31 | INFO     | app.trading.trade_journal | Journal rejection 1308: SPY — Scaled experiment losing-trade limit reached: 2/2
2026-08-21T11:28:31 | INFO     | session_runner | Stale signal: SPY/vwap_reclaim age=68 min > max 60 min — skipped
2026-08-21T11:28:31 | INFO     | session_runner | Stale signal: SPY/vwap_reclaim age=93 min > max 60 min — skipped
2026-08-21T11:29:02 | INFO     | session_runner | [cycle 223] 11:29:02 ET | positions=0 | entries=2
2026-08-21T11:29:02 | INFO     | session_runner | [bridge:XLE] rsi_trend ready: sufficient bars
2026-08-21T11:29:02 | INFO     | session_runner | Stale signal: XLE/vwap_reclaim age=104 min > max 60 min — skipped
2026-08-21T11:29:03 | INFO     | session_runner | [bridge:AAPL] rsi_trend ready: sufficient bars
2026-08-21T11:29:03 | INFO     | app.strategies.liquidity_filter | LiquidityFilter: selected AAPL260821C00310000 | delta=N/A | spread_pct=0.025 | OI=31290 | vol=82278
2026-08-21T11:29:03 | INFO     | session_runner | Paper scaled sizing | AAPL260821C00310000 | ask=1.2100 | budget=$250.00 | qty=2 | premium=$242.00 | cap=10
2026-08-21T11:29:03 | WARNING  | app.risk.risk_manager | RiskManager: REJECTED OrderSide.BUY_TO_OPEN AAPL260821C00310000 | REJECTED | Scaled experiment losing-trade limit reached: 2/2
2026-08-21T11:29:03 | INFO     | session_runner | Risk rejected AAPL: Scaled experiment losing-trade limit reached: 2/2
2026-08-21T11:29:03 | INFO     | app.trading.trade_journal | Journal rejection 1309: AAPL — Scaled experiment losing-trade limit reached: 2/2
2026-08-21T11:29:04 | INFO     | session_runner | [bridge:SPY] rsi_trend ready: sufficient bars
2026-08-21T11:29:04 | INFO     | app.strategies.liquidity_filter | LiquidityFilter: selected SPY260821C00766000 | delta=N/A | spread_pct=0.012 | OI=3665 | vol=239115
2026-08-21T11:29:04 | INFO     | session_runner | Paper scaled sizing | SPY260821C00766000 | ask=0.8600 | budget=$250.00 | qty=2 | premium=$172.00 | cap=10
2026-08-21T11:29:04 | WARNING  | app.risk.risk_manager | RiskManager: REJECTED OrderSide.BUY_TO_OPEN SPY260821C00766000 | REJECTED | Scaled experiment losing-trade limit reached: 2/2
2026-08-21T11:29:04 | INFO     | session_runner | Risk rejected SPY: Scaled experiment losing-trade limit reached: 2/2
2026-08-21T11:29:04 | INFO     | app.trading.trade_journal | Journal rejection 1310: SPY — Scaled experiment losing-trade limit reached: 2/2
2026-08-21T11:29:04 | INFO     | session_runner | Stale signal: SPY/vwap_reclaim age=69 min > max 60 min — skipped
2026-08-21T11:29:04 | INFO     | session_runner | Stale signal: SPY/vwap_reclaim age=94 min > max 60 min — skipped
2026-08-21T11:29:34 | INFO     | session_runner | [cycle 224] 11:29:34 ET | positions=0 | entries=2
2026-08-21T11:29:35 | INFO     | session_runner | [bridge:XLE] rsi_trend ready: sufficient bars
2026-08-21T11:29:35 | INFO     | session_runner | Stale signal: XLE/vwap_reclaim age=105 min > max 60 min — skipped
2026-08-21T11:29:35 | INFO     | session_runner | [bridge:AAPL] rsi_trend ready: sufficient bars
2026-08-21T11:29:36 | INFO     | app.strategies.liquidity_filter | LiquidityFilter: selected AAPL260821C00310000 | delta=N/A | spread_pct=0.033 | OI=31290 | vol=82278
2026-08-21T11:29:36 | INFO     | session_runner | Paper scaled sizing | AAPL260821C00310000 | ask=1.2300 | budget=$250.00 | qty=2 | premium=$246.00 | cap=10
2026-08-21T11:29:36 | WARNING  | app.risk.risk_manager | RiskManager: REJECTED OrderSide.BUY_TO_OPEN AAPL260821C00310000 | REJECTED | Scaled experiment losing-trade limit reached: 2/2
2026-08-21T11:29:36 | INFO     | session_runner | Risk rejected AAPL: Scaled experiment losing-trade limit reached: 2/2
2026-08-21T11:29:36 | INFO     | app.trading.trade_journal | Journal rejection 1311: AAPL — Scaled experiment losing-trade limit reached: 2/2
2026-08-21T11:29:36 | INFO     | session_runner | [bridge:SPY] rsi_trend ready: sufficient bars
2026-08-21T11:29:37 | INFO     | app.strategies.liquidity_filter | LiquidityFilter: selected SPY260821C00766000 | delta=N/A | spread_pct=0.012 | OI=3665 | vol=239115
2026-08-21T11:29:37 | INFO     | session_runner | Paper scaled sizing | SPY260821C00766000 | ask=0.8100 | budget=$250.00 | qty=3 | premium=$243.00 | cap=10
2026-08-21T11:29:37 | WARNING  | app.risk.risk_manager | RiskManager: REJECTED OrderSide.BUY_TO_OPEN SPY260821C00766000 | REJECTED | Scaled experiment losing-trade limit reached: 2/2
2026-08-21T11:29:37 | INFO     | session_runner | Risk rejected SPY: Scaled experiment losing-trade limit reached: 2/2
2026-08-21T11:29:37 | INFO     | app.trading.trade_journal | Journal rejection 1312: SPY — Scaled experiment losing-trade limit reached: 2/2
2026-08-21T11:29:37 | INFO     | session_runner | Stale signal: SPY/vwap_reclaim age=70 min > max 60 min — skipped
2026-08-21T11:29:37 | INFO     | session_runner | Stale signal: SPY/vwap_reclaim age=95 min > max 60 min — skipped
2026-08-21T11:30:07 | INFO     | session_runner | [cycle 225] 11:30:07 ET | positions=0 | entries=2
2026-08-21T11:30:08 | INFO     | session_runner | [bridge:XLE] rsi_trend ready: sufficient bars
2026-08-21T11:30:08 | INFO     | session_runner | Stale signal: XLE/vwap_reclaim age=105 min > max 60 min — skipped
2026-08-21T11:30:08 | INFO     | session_runner | [bridge:AAPL] rsi_trend ready: sufficient bars
2026-08-21T11:30:09 | INFO     | app.strategies.liquidity_filter | LiquidityFilter: selected AAPL260821C00312500 | delta=N/A | spread_pct=0.039 | OI=7192 | vol=54081
2026-08-21T11:30:09 | INFO     | session_runner | Paper scaled sizing | AAPL260821C00312500 | ask=0.2600 | budget=$250.00 | qty=9 | premium=$234.00 | cap=10
2026-08-21T11:30:09 | WARNING  | app.risk.risk_manager | RiskManager: REJECTED OrderSide.BUY_TO_OPEN AAPL260821C00312500 | REJECTED | Scaled experiment losing-trade limit reached: 2/2
2026-08-21T11:30:09 | INFO     | session_runner | Risk rejected AAPL: Scaled experiment losing-trade limit reached: 2/2
2026-08-21T11:30:09 | INFO     | app.trading.trade_journal | Journal rejection 1313: AAPL — Scaled experiment losing-trade limit reached: 2/2
2026-08-21T11:30:10 | INFO     | session_runner | [bridge:SPY] rsi_trend ready: sufficient bars
2026-08-21T11:30:11 | INFO     | app.strategies.liquidity_filter | LiquidityFilter: selected SPY260821C00767000 | delta=N/A | spread_pct=0.024 | OI=4561 | vol=154932
2026-08-21T11:30:11 | INFO     | session_runner | Paper scaled sizing | SPY260821C00767000 | ask=0.4300 | budget=$250.00 | qty=5 | premium=$215.00 | cap=10
2026-08-21T11:30:11 | WARNING  | app.risk.risk_manager | RiskManager: REJECTED OrderSide.BUY_TO_OPEN SPY260821C00767000 | REJECTED | Scaled experiment losing-trade limit reached: 2/2
2026-08-21T11:30:11 | INFO     | session_runner | Risk rejected SPY: Scaled experiment losing-trade limit reached: 2/2
2026-08-21T11:30:11 | INFO     | app.trading.trade_journal | Journal rejection 1314: SPY — Scaled experiment losing-trade limit reached: 2/2
2026-08-21T11:30:11 | INFO     | session_runner | Stale signal: SPY/vwap_reclaim age=70 min > max 60 min — skipped
2026-08-21T11:30:11 | INFO     | session_runner | Stale signal: SPY/vwap_reclaim age=95 min > max 60 min — skipped
2026-08-21T11:30:41 | INFO     | session_runner | [cycle 226] 11:30:41 ET | positions=0 | entries=2
2026-08-21T11:30:42 | INFO     | session_runner | [bridge:XLE] rsi_trend ready: sufficient bars
2026-08-21T11:30:42 | INFO     | session_runner | Stale signal: XLE/vwap_reclaim age=106 min > max 60 min — skipped
2026-08-21T11:30:43 | INFO     | session_runner | [bridge:AAPL] rsi_trend ready: sufficient bars
2026-08-21T11:30:43 | INFO     | app.strategies.liquidity_filter | LiquidityFilter: selected AAPL260821C00312500 | delta=N/A | spread_pct=0.039 | OI=7192 | vol=54081
2026-08-21T11:30:43 | INFO     | session_runner | Paper scaled sizing | AAPL260821C00312500 | ask=0.2600 | budget=$250.00 | qty=9 | premium=$234.00 | cap=10
2026-08-21T11:30:43 | WARNING  | app.risk.risk_manager | RiskManager: REJECTED OrderSide.BUY_TO_OPEN AAPL260821C00312500 | REJECTED | Scaled experiment losing-trade limit reached: 2/2
2026-08-21T11:30:43 | INFO     | session_runner | Risk rejected AAPL: Scaled experiment losing-trade limit reached: 2/2
2026-08-21T11:30:43 | INFO     | app.trading.trade_journal | Journal rejection 1315: AAPL — Scaled experiment losing-trade limit reached: 2/2
2026-08-21T11:30:45 | INFO     | session_runner | [bridge:SPY] rsi_trend ready: sufficient bars
2026-08-21T11:30:45 | INFO     | app.strategies.liquidity_filter | LiquidityFilter: selected SPY260821C00767000 | delta=N/A | spread_pct=0.025 | OI=4561 | vol=154932
2026-08-21T11:30:45 | INFO     | session_runner | Paper scaled sizing | SPY260821C00767000 | ask=0.4100 | budget=$250.00 | qty=6 | premium=$246.00 | cap=10
2026-08-21T11:30:45 | WARNING  | app.risk.risk_manager | RiskManager: REJECTED OrderSide.BUY_TO_OPEN SPY260821C00767000 | REJECTED | Scaled experiment losing-trade limit reached: 2/2
2026-08-21T11:30:45 | INFO     | session_runner | Risk rejected SPY: Scaled experiment losing-trade limit reached: 2/2
2026-08-21T11:30:45 | INFO     | app.trading.trade_journal | Journal rejection 1316: SPY — Scaled experiment losing-trade limit reached: 2/2
2026-08-21T11:30:45 | INFO     | session_runner | Stale signal: SPY/vwap_reclaim age=71 min > max 60 min — skipped
2026-08-21T11:30:45 | INFO     | session_runner | Stale signal: SPY/vwap_reclaim age=96 min > max 60 min — skipped
2026-08-21T11:31:16 | INFO     | session_runner | [cycle 227] 11:31:16 ET | positions=0 | entries=2
2026-08-21T11:31:16 | INFO     | session_runner | Periodic universe re-scan …
2026-08-21T11:31:16 | INFO     | app.scanning.universe_loader | UniverseLoader: loaded 5 groups (13 flat symbols) from /root/trader/config/ticker_universe.yaml (blacklist=0)
2026-08-21T11:31:16 | INFO     | app.scanning.universe_loader | UniverseLoader: 10 symbols from 2 group(s) (blacklist=0)
2026-08-21T11:31:16 | INFO     | session_runner | Universe scan: 10 symbols from 2 group(s) | max_active=3
2026-08-21T11:31:22 | INFO     | session_runner | Scan: 5 passed, 5 rejected
2026-08-21T11:31:22 | INFO     | session_runner |   SMH     score=70.0  signal=SHORT    reasons: atr=3.09% (wide-range), orb_breakdown, trend_down
2026-08-21T11:31:22 | INFO     | session_runner |   XLE     score=60.0  signal=SHORT    reasons: rvol=1.63x (elevated), atr=1.76% (wide-range), orb_breakdown
2026-08-21T11:31:22 | INFO     | session_runner |   SPY     score=46.0  signal=LONG     reasons: atr=0.77% (minimal range), near_orb_level, trend_up
2026-08-21T11:31:22 | INFO     | session_runner |   IWM     score=46.0  signal=LONG     reasons: rvol=1.11x (normal), atr=1.09% (good range), near_orb_level
2026-08-21T11:31:22 | INFO     | session_runner |   AAPL    score=42.0  signal=LONG     reasons: atr=2.27% (wide-range), trend_sideways, rsi=49 (healthy)
2026-08-21T11:31:22 | INFO     | app.strategies.liquidity_filter | LiquidityFilter: no qualifying contracts for XLE SignalDirection.SHORT | total_candidates=48
2026-08-21T11:31:22 | INFO     | app.scanning.alpaca_confirmer | AlpacaConfirmer: no liquid contract for XLE (signal=SHORT)
2026-08-21T11:31:22 | INFO     | app.strategies.liquidity_filter | LiquidityFilter: selected AAPL260821C00312500 | delta=N/A | spread_pct=0.044 | OI=7192 | vol=54421
2026-08-21T11:31:22 | INFO     | app.scanning.alpaca_confirmer | AlpacaConfirmer: confirmed AAPL | AAPL260821C00312500 | exp=2026-08-21 | spread=4.44% | OI=7192 | vol=54421
2026-08-21T11:31:22 | INFO     | app.strategies.liquidity_filter | LiquidityFilter: selected IWM260821C00299000 | delta=N/A | spread_pct=0.017 | OI=3811 | vol=24791
2026-08-21T11:31:22 | INFO     | app.scanning.alpaca_confirmer | AlpacaConfirmer: confirmed IWM | IWM260821C00299000 | exp=2026-08-21 | spread=1.68% | OI=3811 | vol=24791
2026-08-21T11:31:22 | INFO     | app.strategies.liquidity_filter | LiquidityFilter: no qualifying contracts for SMH SignalDirection.SHORT | total_candidates=204
2026-08-21T11:31:22 | INFO     | app.scanning.alpaca_confirmer | AlpacaConfirmer: liquidity_rejected_cost_cap | symbol=SMH | option_symbol=SMH260821P00610000 | ask=53.07 | ask_x_100=5307 | max_contract_cost=988
2026-08-21T11:31:22 | INFO     | app.scanning.alpaca_confirmer | AlpacaConfirmer: liquidity_rejected_cost_cap | symbol=SMH | option_symbol=SMH260821P00615000 | ask=58.57 | ask_x_100=5857 | max_contract_cost=988
2026-08-21T11:31:22 | INFO     | app.scanning.alpaca_confirmer | AlpacaConfirmer: liquidity_rejected_cost_cap | symbol=SMH | option_symbol=SMH260821P00655000 | ask=97.07 | ask_x_100=9707 | max_contract_cost=988
2026-08-21T11:31:22 | INFO     | app.scanning.alpaca_confirmer | AlpacaConfirmer: no liquid contract for SMH (signal=SHORT)
2026-08-21T11:31:22 | INFO     | app.strategies.liquidity_filter | LiquidityFilter: selected SPY260821C00767000 | delta=N/A | spread_pct=0.025 | OI=4561 | vol=156594
2026-08-21T11:31:22 | INFO     | app.scanning.alpaca_confirmer | AlpacaConfirmer: confirmed SPY | SPY260821C00767000 | exp=2026-08-21 | spread=2.47% | OI=4561 | vol=156594
2026-08-21T11:31:22 | INFO     | session_runner | AlpacaConfirmer: 3 confirmed symbols: ['SPY', 'IWM', 'AAPL']
2026-08-21T11:31:23 | INFO     | session_runner | Re-scan updated active symbols: ['SPY', 'IWM', 'AAPL']
2026-08-21T11:31:23 | INFO     | session_runner | Broad-market regime | SPY=long
2026-08-21T11:31:24 | INFO     | session_runner | [bridge:SPY] rsi_trend ready: sufficient bars
2026-08-21T11:31:24 | INFO     | app.strategies.liquidity_filter | LiquidityFilter: selected SPY260821C00766000 | delta=N/A | spread_pct=0.012 | OI=3665 | vol=242395
2026-08-21T11:31:24 | INFO     | session_runner | Paper scaled sizing | SPY260821C00766000 | ask=0.8200 | budget=$250.00 | qty=3 | premium=$246.00 | cap=10
2026-08-21T11:31:24 | WARNING  | app.risk.risk_manager | RiskManager: REJECTED OrderSide.BUY_TO_OPEN SPY260821C00766000 | REJECTED | Scaled experiment losing-trade limit reached: 2/2
2026-08-21T11:31:24 | INFO     | session_runner | Risk rejected SPY: Scaled experiment losing-trade limit reached: 2/2
2026-08-21T11:31:24 | INFO     | app.trading.trade_journal | Journal rejection 1317: SPY — Scaled experiment losing-trade limit reached: 2/2
2026-08-21T11:31:25 | INFO     | session_runner | Stale signal: SPY/vwap_reclaim age=71 min > max 60 min — skipped
2026-08-21T11:31:25 | INFO     | session_runner | Stale signal: SPY/vwap_reclaim age=96 min > max 60 min — skipped
2026-08-21T11:31:25 | INFO     | session_runner | [bridge:AAPL] rsi_trend ready: sufficient bars
2026-08-21T11:31:26 | INFO     | app.strategies.liquidity_filter | LiquidityFilter: selected AAPL260821C00312500 | delta=N/A | spread_pct=0.041 | OI=7192 | vol=54421
2026-08-21T11:31:26 | INFO     | session_runner | Paper scaled sizing | AAPL260821C00312500 | ask=0.2500 | budget=$250.00 | qty=10 | premium=$250.00 | cap=10
2026-08-21T11:31:26 | WARNING  | app.risk.risk_manager | RiskManager: REJECTED OrderSide.BUY_TO_OPEN AAPL260821C00312500 | REJECTED | Scaled experiment losing-trade limit reached: 2/2
2026-08-21T11:31:26 | INFO     | session_runner | Risk rejected AAPL: Scaled experiment losing-trade limit reached: 2/2
2026-08-21T11:31:26 | INFO     | app.trading.trade_journal | Journal rejection 1318: AAPL — Scaled experiment losing-trade limit reached: 2/2
2026-08-21T11:31:56 | INFO     | session_runner | [cycle 228] 11:31:56 ET | positions=0 | entries=2
2026-08-21T11:31:57 | INFO     | session_runner | [bridge:SPY] rsi_trend ready: sufficient bars
2026-08-21T11:31:57 | INFO     | app.strategies.liquidity_filter | LiquidityFilter: selected SPY260821C00766000 | delta=N/A | spread_pct=0.012 | OI=3665 | vol=242395
2026-08-21T11:31:57 | INFO     | session_runner | Paper scaled sizing | SPY260821C00766000 | ask=0.8100 | budget=$250.00 | qty=3 | premium=$243.00 | cap=10
2026-08-21T11:31:57 | WARNING  | app.risk.risk_manager | RiskManager: REJECTED OrderSide.BUY_TO_OPEN SPY260821C00766000 | REJECTED | Scaled experiment losing-trade limit reached: 2/2
2026-08-21T11:31:57 | INFO     | session_runner | Risk rejected SPY: Scaled experiment losing-trade limit reached: 2/2
2026-08-21T11:31:57 | INFO     | app.trading.trade_journal | Journal rejection 1319: SPY — Scaled experiment losing-trade limit reached: 2/2
2026-08-21T11:31:57 | INFO     | session_runner | Stale signal: SPY/vwap_reclaim age=72 min > max 60 min — skipped
2026-08-21T11:31:57 | INFO     | session_runner | Stale signal: SPY/vwap_reclaim age=97 min > max 60 min — skipped
2026-08-21T11:31:58 | INFO     | session_runner | [bridge:AAPL] rsi_trend ready: sufficient bars
2026-08-21T11:31:58 | INFO     | app.strategies.liquidity_filter | LiquidityFilter: selected AAPL260821C00312500 | delta=N/A | spread_pct=0.051 | OI=7192 | vol=54421
2026-08-21T11:31:58 | INFO     | session_runner | Paper scaled sizing | AAPL260821C00312500 | ask=0.2000 | budget=$250.00 | qty=10 | premium=$200.00 | cap=10
2026-08-21T11:31:58 | WARNING  | app.risk.risk_manager | RiskManager: REJECTED OrderSide.BUY_TO_OPEN AAPL260821C00312500 | REJECTED | Scaled experiment losing-trade limit reached: 2/2
2026-08-21T11:31:58 | INFO     | session_runner | Risk rejected AAPL: Scaled experiment losing-trade limit reached: 2/2
2026-08-21T11:31:58 | INFO     | app.trading.trade_journal | Journal rejection 1320: AAPL — Scaled experiment losing-trade limit reached: 2/2
2026-08-21T11:32:28 | INFO     | session_runner | [cycle 229] 11:32:28 ET | positions=0 | entries=2
2026-08-21T11:32:29 | INFO     | session_runner | [bridge:SPY] rsi_trend ready: sufficient bars
2026-08-21T11:32:29 | INFO     | app.strategies.liquidity_filter | LiquidityFilter: selected SPY260821C00766000 | delta=N/A | spread_pct=0.013 | OI=3665 | vol=244256
2026-08-21T11:32:29 | INFO     | session_runner | Paper scaled sizing | SPY260821C00766000 | ask=0.8000 | budget=$250.00 | qty=3 | premium=$240.00 | cap=10
2026-08-21T11:32:29 | WARNING  | app.risk.risk_manager | RiskManager: REJECTED OrderSide.BUY_TO_OPEN SPY260821C00766000 | REJECTED | Scaled experiment losing-trade limit reached: 2/2
2026-08-21T11:32:29 | INFO     | session_runner | Risk rejected SPY: Scaled experiment losing-trade limit reached: 2/2
2026-08-21T11:32:29 | INFO     | app.trading.trade_journal | Journal rejection 1321: SPY — Scaled experiment losing-trade limit reached: 2/2
2026-08-21T11:32:29 | INFO     | session_runner | Stale signal: SPY/vwap_reclaim age=72 min > max 60 min — skipped
2026-08-21T11:32:29 | INFO     | session_runner | Stale signal: SPY/vwap_reclaim age=97 min > max 60 min — skipped
2026-08-21T11:32:30 | INFO     | session_runner | [bridge:AAPL] rsi_trend ready: sufficient bars
2026-08-21T11:32:30 | INFO     | app.strategies.liquidity_filter | LiquidityFilter: selected AAPL260821C00310000 | delta=N/A | spread_pct=0.023 | OI=31290 | vol=84395
2026-08-21T11:32:30 | INFO     | session_runner | Paper scaled sizing | AAPL260821C00310000 | ask=1.3000 | budget=$250.00 | qty=1 | premium=$130.00 | cap=10
2026-08-21T11:32:30 | WARNING  | app.risk.risk_manager | RiskManager: REJECTED OrderSide.BUY_TO_OPEN AAPL260821C00310000 | REJECTED | Scaled experiment losing-trade limit reached: 2/2
2026-08-21T11:32:30 | INFO     | session_runner | Risk rejected AAPL: Scaled experiment losing-trade limit reached: 2/2
2026-08-21T11:32:30 | INFO     | app.trading.trade_journal | Journal rejection 1322: AAPL — Scaled experiment losing-trade limit reached: 2/2
2026-08-21T11:33:00 | INFO     | session_runner | [cycle 230] 11:33:00 ET | positions=0 | entries=2
2026-08-21T11:33:00 | INFO     | session_runner | [bridge:SPY] rsi_trend ready: sufficient bars
2026-08-21T11:33:01 | INFO     | app.strategies.liquidity_filter | LiquidityFilter: selected SPY260821C00767000 | delta=N/A | spread_pct=0.022 | OI=4561 | vol=159037
2026-08-21T11:33:01 | INFO     | session_runner | Paper scaled sizing | SPY260821C00767000 | ask=0.4500 | budget=$250.00 | qty=5 | premium=$225.00 | cap=10
2026-08-21T11:33:01 | WARNING  | app.risk.risk_manager | RiskManager: REJECTED OrderSide.BUY_TO_OPEN SPY260821C00767000 | REJECTED | Scaled experiment losing-trade limit reached: 2/2
2026-08-21T11:33:01 | INFO     | session_runner | Risk rejected SPY: Scaled experiment losing-trade limit reached: 2/2
2026-08-21T11:33:01 | INFO     | app.trading.trade_journal | Journal rejection 1323: SPY — Scaled experiment losing-trade limit reached: 2/2
2026-08-21T11:33:01 | INFO     | session_runner | Stale signal: SPY/vwap_reclaim age=73 min > max 60 min — skipped
2026-08-21T11:33:01 | INFO     | session_runner | Stale signal: SPY/vwap_reclaim age=98 min > max 60 min — skipped
2026-08-21T11:33:02 | INFO     | session_runner | [bridge:AAPL] rsi_trend ready: sufficient bars
2026-08-21T11:33:02 | INFO     | app.strategies.liquidity_filter | LiquidityFilter: selected AAPL260821C00312500 | delta=N/A | spread_pct=0.029 | OI=7192 | vol=56026
2026-08-21T11:33:02 | INFO     | session_runner | Paper scaled sizing | AAPL260821C00312500 | ask=0.3500 | budget=$250.00 | qty=7 | premium=$245.00 | cap=10
2026-08-21T11:33:02 | WARNING  | app.risk.risk_manager | RiskManager: REJECTED OrderSide.BUY_TO_OPEN AAPL260821C00312500 | REJECTED | Scaled experiment losing-trade limit reached: 2/2
2026-08-21T11:33:02 | INFO     | session_runner | Risk rejected AAPL: Scaled experiment losing-trade limit reached: 2/2
2026-08-21T11:33:02 | INFO     | app.trading.trade_journal | Journal rejection 1324: AAPL — Scaled experiment losing-trade limit reached: 2/2
2026-08-21T11:33:32 | INFO     | session_runner | [cycle 231] 11:33:32 ET | positions=0 | entries=2
2026-08-21T11:33:32 | INFO     | app.trading.reconciler | Reconciliation done: broker_pos=0 local_pos=0 broker_orders=0 local_pending=0 repaired=0 flagged=0 orders_confirmed=True positions_confirmed=True
2026-08-21T11:33:32 | INFO     | session_runner | [bridge:SPY] rsi_trend ready: sufficient bars
2026-08-21T11:33:33 | INFO     | app.strategies.liquidity_filter | LiquidityFilter: selected SPY260821C00766000 | delta=N/A | spread_pct=0.010 | OI=3665 | vol=246116
2026-08-21T11:33:33 | INFO     | session_runner | Paper scaled sizing | SPY260821C00766000 | ask=0.9700 | budget=$250.00 | qty=2 | premium=$194.00 | cap=10
2026-08-21T11:33:33 | WARNING  | app.risk.risk_manager | RiskManager: REJECTED OrderSide.BUY_TO_OPEN SPY260821C00766000 | REJECTED | Scaled experiment losing-trade limit reached: 2/2
2026-08-21T11:33:33 | INFO     | session_runner | Risk rejected SPY: Scaled experiment losing-trade limit reached: 2/2
2026-08-21T11:33:33 | INFO     | app.trading.trade_journal | Journal rejection 1325: SPY — Scaled experiment losing-trade limit reached: 2/2
2026-08-21T11:33:33 | INFO     | session_runner | Stale signal: SPY/vwap_reclaim age=74 min > max 60 min — skipped
2026-08-21T11:33:33 | INFO     | session_runner | Stale signal: SPY/vwap_reclaim age=99 min > max 60 min — skipped
2026-08-21T11:33:33 | INFO     | session_runner | [bridge:AAPL] rsi_trend ready: sufficient bars
2026-08-21T11:33:34 | INFO     | app.strategies.liquidity_filter | LiquidityFilter: selected AAPL260821C00312500 | delta=N/A | spread_pct=0.024 | OI=7192 | vol=56026
2026-08-21T11:33:34 | INFO     | session_runner | Paper scaled sizing | AAPL260821C00312500 | ask=0.4200 | budget=$250.00 | qty=5 | premium=$210.00 | cap=10
2026-08-21T11:33:34 | WARNING  | app.risk.risk_manager | RiskManager: REJECTED OrderSide.BUY_TO_OPEN AAPL260821C00312500 | REJECTED | Scaled experiment losing-trade limit reached: 2/2
2026-08-21T11:33:34 | INFO     | session_runner | Risk rejected AAPL: Scaled experiment losing-trade limit reached: 2/2
2026-08-21T11:33:34 | INFO     | app.trading.trade_journal | Journal rejection 1326: AAPL — Scaled experiment losing-trade limit reached: 2/2
2026-08-21T11:34:04 | INFO     | session_runner | [cycle 232] 11:34:04 ET | positions=0 | entries=2
2026-08-21T11:34:04 | INFO     | session_runner | [bridge:SPY] rsi_trend ready: sufficient bars
2026-08-21T11:34:05 | INFO     | app.strategies.liquidity_filter | LiquidityFilter: selected SPY260821C00767000 | delta=N/A | spread_pct=0.022 | OI=4561 | vol=160226
2026-08-21T11:34:05 | INFO     | session_runner | Paper scaled sizing | SPY260821C00767000 | ask=0.4700 | budget=$250.00 | qty=5 | premium=$235.00 | cap=10
2026-08-21T11:34:05 | WARNING  | app.risk.risk_manager | RiskManager: REJECTED OrderSide.BUY_TO_OPEN SPY260821C00767000 | REJECTED | Scaled experiment losing-trade limit reached: 2/2
2026-08-21T11:34:05 | INFO     | session_runner | Risk rejected SPY: Scaled experiment losing-trade limit reached: 2/2
2026-08-21T11:34:05 | INFO     | app.trading.trade_journal | Journal rejection 1327: SPY — Scaled experiment losing-trade limit reached: 2/2
2026-08-21T11:34:05 | INFO     | session_runner | Stale signal: SPY/vwap_reclaim age=74 min > max 60 min — skipped
2026-08-21T11:34:05 | INFO     | session_runner | Stale signal: SPY/vwap_reclaim age=99 min > max 60 min — skipped
2026-08-21T11:34:05 | INFO     | session_runner | [bridge:AAPL] rsi_trend ready: sufficient bars
2026-08-21T11:34:06 | INFO     | app.strategies.liquidity_filter | LiquidityFilter: selected AAPL260821C00312500 | delta=N/A | spread_pct=0.024 | OI=7192 | vol=56562
2026-08-21T11:34:06 | INFO     | session_runner | Paper scaled sizing | AAPL260821C00312500 | ask=0.4300 | budget=$250.00 | qty=5 | premium=$215.00 | cap=10
2026-08-21T11:34:06 | WARNING  | app.risk.risk_manager | RiskManager: REJECTED OrderSide.BUY_TO_OPEN AAPL260821C00312500 | REJECTED | Scaled experiment losing-trade limit reached: 2/2
2026-08-21T11:34:06 | INFO     | session_runner | Risk rejected AAPL: Scaled experiment losing-trade limit reached: 2/2
2026-08-21T11:34:06 | INFO     | app.trading.trade_journal | Journal rejection 1328: AAPL — Scaled experiment losing-trade limit reached: 2/2
2026-08-21T11:34:36 | INFO     | session_runner | [cycle 233] 11:34:36 ET | positions=0 | entries=2
2026-08-21T11:34:36 | INFO     | session_runner | [bridge:SPY] rsi_trend ready: sufficient bars
2026-08-21T11:34:36 | INFO     | app.strategies.liquidity_filter | LiquidityFilter: selected SPY260821C00767000 | delta=N/A | spread_pct=0.018 | OI=4561 | vol=160226
2026-08-21T11:34:36 | INFO     | session_runner | Paper scaled sizing | SPY260821C00767000 | ask=0.5500 | budget=$250.00 | qty=4 | premium=$220.00 | cap=10
2026-08-21T11:34:36 | WARNING  | app.risk.risk_manager | RiskManager: REJECTED OrderSide.BUY_TO_OPEN SPY260821C00767000 | REJECTED | Scaled experiment losing-trade limit reached: 2/2
2026-08-21T11:34:36 | INFO     | session_runner | Risk rejected SPY: Scaled experiment losing-trade limit reached: 2/2
2026-08-21T11:34:36 | INFO     | app.trading.trade_journal | Journal rejection 1329: SPY — Scaled experiment losing-trade limit reached: 2/2
2026-08-21T11:34:36 | INFO     | session_runner | Stale signal: SPY/vwap_reclaim age=75 min > max 60 min — skipped
2026-08-21T11:34:36 | INFO     | session_runner | Stale signal: SPY/vwap_reclaim age=100 min > max 60 min — skipped
2026-08-21T11:34:37 | INFO     | session_runner | [bridge:AAPL] rsi_trend ready: sufficient bars
2026-08-21T11:34:37 | INFO     | app.strategies.liquidity_filter | LiquidityFilter: selected AAPL260821C00312500 | delta=N/A | spread_pct=0.029 | OI=7192 | vol=56562
2026-08-21T11:34:37 | INFO     | session_runner | Paper scaled sizing | AAPL260821C00312500 | ask=0.3500 | budget=$250.00 | qty=7 | premium=$245.00 | cap=10
2026-08-21T11:34:37 | WARNING  | app.risk.risk_manager | RiskManager: REJECTED OrderSide.BUY_TO_OPEN AAPL260821C00312500 | REJECTED | Scaled experiment losing-trade limit reached: 2/2
2026-08-21T11:34:37 | INFO     | session_runner | Risk rejected AAPL: Scaled experiment losing-trade limit reached: 2/2
2026-08-21T11:34:37 | INFO     | app.trading.trade_journal | Journal rejection 1330: AAPL — Scaled experiment losing-trade limit reached: 2/2
2026-08-21T11:35:07 | INFO     | session_runner | [cycle 234] 11:35:07 ET | positions=0 | entries=2
2026-08-21T11:35:08 | INFO     | session_runner | [bridge:SPY] rsi_trend ready: sufficient bars
2026-08-21T11:35:08 | INFO     | app.strategies.liquidity_filter | LiquidityFilter: selected SPY260821C00767000 | delta=N/A | spread_pct=0.017 | OI=4561 | vol=163034
2026-08-21T11:35:08 | INFO     | session_runner | Paper scaled sizing | SPY260821C00767000 | ask=0.6100 | budget=$250.00 | qty=4 | premium=$244.00 | cap=10
2026-08-21T11:35:08 | WARNING  | app.risk.risk_manager | RiskManager: REJECTED OrderSide.BUY_TO_OPEN SPY260821C00767000 | REJECTED | Scaled experiment losing-trade limit reached: 2/2
2026-08-21T11:35:08 | INFO     | session_runner | Risk rejected SPY: Scaled experiment losing-trade limit reached: 2/2
2026-08-21T11:35:08 | INFO     | app.trading.trade_journal | Journal rejection 1331: SPY — Scaled experiment losing-trade limit reached: 2/2
2026-08-21T11:35:08 | INFO     | session_runner | Stale signal: SPY/vwap_reclaim age=75 min > max 60 min — skipped
2026-08-21T11:35:08 | INFO     | session_runner | Stale signal: SPY/vwap_reclaim age=100 min > max 60 min — skipped
2026-08-21T11:35:09 | INFO     | session_runner | [bridge:AAPL] rsi_trend ready: sufficient bars
2026-08-21T11:35:09 | INFO     | app.strategies.liquidity_filter | LiquidityFilter: selected AAPL260821C00312500 | delta=N/A | spread_pct=0.027 | OI=7192 | vol=56979
2026-08-21T11:35:09 | INFO     | session_runner | Paper scaled sizing | AAPL260821C00312500 | ask=0.3800 | budget=$250.00 | qty=6 | premium=$228.00 | cap=10
2026-08-21T11:35:09 | WARNING  | app.risk.risk_manager | RiskManager: REJECTED OrderSide.BUY_TO_OPEN AAPL260821C00312500 | REJECTED | Scaled experiment losing-trade limit reached: 2/2
2026-08-21T11:35:09 | INFO     | session_runner | Risk rejected AAPL: Scaled experiment losing-trade limit reached: 2/2
2026-08-21T11:35:09 | INFO     | app.trading.trade_journal | Journal rejection 1332: AAPL — Scaled experiment losing-trade limit reached: 2/2
2026-08-21T11:35:39 | INFO     | session_runner | [cycle 235] 11:35:39 ET | positions=0 | entries=2
2026-08-21T11:35:40 | INFO     | session_runner | [bridge:SPY] rsi_trend ready: sufficient bars
2026-08-21T11:35:40 | INFO     | app.strategies.liquidity_filter | LiquidityFilter: selected SPY260821C00767000 | delta=N/A | spread_pct=0.018 | OI=4561 | vol=163034
2026-08-21T11:35:40 | INFO     | session_runner | Paper scaled sizing | SPY260821C00767000 | ask=0.5500 | budget=$250.00 | qty=4 | premium=$220.00 | cap=10
2026-08-21T11:35:40 | WARNING  | app.risk.risk_manager | RiskManager: REJECTED OrderSide.BUY_TO_OPEN SPY260821C00767000 | REJECTED | Scaled experiment losing-trade limit reached: 2/2
2026-08-21T11:35:40 | INFO     | session_runner | Risk rejected SPY: Scaled experiment losing-trade limit reached: 2/2
2026-08-21T11:35:40 | INFO     | app.trading.trade_journal | Journal rejection 1333: SPY — Scaled experiment losing-trade limit reached: 2/2
2026-08-21T11:35:40 | INFO     | session_runner | Stale signal: SPY/vwap_reclaim age=76 min > max 60 min — skipped
2026-08-21T11:35:40 | INFO     | session_runner | Stale signal: SPY/vwap_reclaim age=101 min > max 60 min — skipped
2026-08-21T11:35:41 | INFO     | session_runner | [bridge:AAPL] rsi_trend ready: sufficient bars
2026-08-21T11:35:41 | INFO     | app.strategies.liquidity_filter | LiquidityFilter: selected AAPL260821C00312500 | delta=N/A | spread_pct=0.027 | OI=7192 | vol=56979
2026-08-21T11:35:41 | INFO     | session_runner | Paper scaled sizing | AAPL260821C00312500 | ask=0.3800 | budget=$250.00 | qty=6 | premium=$228.00 | cap=10
2026-08-21T11:35:41 | WARNING  | app.risk.risk_manager | RiskManager: REJECTED OrderSide.BUY_TO_OPEN AAPL260821C00312500 | REJECTED | Scaled experiment losing-trade limit reached: 2/2
2026-08-21T11:35:41 | INFO     | session_runner | Risk rejected AAPL: Scaled experiment losing-trade limit reached: 2/2
2026-08-21T11:35:41 | INFO     | app.trading.trade_journal | Journal rejection 1334: AAPL — Scaled experiment losing-trade limit reached: 2/2
2026-08-21T11:36:11 | INFO     | session_runner | [cycle 236] 11:36:11 ET | positions=0 | entries=2
2026-08-21T11:36:12 | INFO     | session_runner | [bridge:SPY] rsi_trend ready: sufficient bars
2026-08-21T11:36:12 | INFO     | app.strategies.liquidity_filter | LiquidityFilter: selected SPY260821C00768000 | delta=N/A | spread_pct=0.038 | OI=5625 | vol=132057
2026-08-21T11:36:12 | INFO     | session_runner | Paper scaled sizing | SPY260821C00768000 | ask=0.2700 | budget=$250.00 | qty=9 | premium=$243.00 | cap=10
2026-08-21T11:36:12 | WARNING  | app.risk.risk_manager | RiskManager: REJECTED OrderSide.BUY_TO_OPEN SPY260821C00768000 | REJECTED | Scaled experiment losing-trade limit reached: 2/2
2026-08-21T11:36:12 | INFO     | session_runner | Risk rejected SPY: Scaled experiment losing-trade limit reached: 2/2
2026-08-21T11:36:12 | INFO     | app.trading.trade_journal | Journal rejection 1335: SPY — Scaled experiment losing-trade limit reached: 2/2
2026-08-21T11:36:12 | INFO     | session_runner | Stale signal: SPY/vwap_reclaim age=76 min > max 60 min — skipped
2026-08-21T11:36:12 | INFO     | session_runner | Stale signal: SPY/vwap_reclaim age=101 min > max 60 min — skipped
2026-08-21T11:36:12 | INFO     | session_runner | [bridge:AAPL] rsi_trend ready: sufficient bars
2026-08-21T11:36:12 | INFO     | app.strategies.liquidity_filter | LiquidityFilter: selected AAPL260821C00312500 | delta=N/A | spread_pct=0.026 | OI=7192 | vol=57372
2026-08-21T11:36:12 | INFO     | session_runner | Paper scaled sizing | AAPL260821C00312500 | ask=0.3900 | budget=$250.00 | qty=6 | premium=$234.00 | cap=10
2026-08-21T11:36:12 | WARNING  | app.risk.risk_manager | RiskManager: REJECTED OrderSide.BUY_TO_OPEN AAPL260821C00312500 | REJECTED | Scaled experiment losing-trade limit reached: 2/2
2026-08-21T11:36:12 | INFO     | session_runner | Risk rejected AAPL: Scaled experiment losing-trade limit reached: 2/2
2026-08-21T11:36:12 | INFO     | app.trading.trade_journal | Journal rejection 1336: AAPL — Scaled experiment losing-trade limit reached: 2/2
2026-08-21T11:36:42 | INFO     | session_runner | [cycle 237] 11:36:42 ET | positions=0 | entries=2
2026-08-21T11:36:43 | INFO     | session_runner | Periodic universe re-scan …
2026-08-21T11:36:43 | INFO     | app.scanning.universe_loader | UniverseLoader: loaded 5 groups (13 flat symbols) from /root/trader/config/ticker_universe.yaml (blacklist=0)
2026-08-21T11:36:43 | INFO     | app.scanning.universe_loader | UniverseLoader: 10 symbols from 2 group(s) (blacklist=0)
2026-08-21T11:36:43 | INFO     | session_runner | Universe scan: 10 symbols from 2 group(s) | max_active=3
2026-08-21T11:36:47 | INFO     | session_runner | Scan: 5 passed, 5 rejected
2026-08-21T11:36:47 | INFO     | session_runner |   XLE     score=60.0  signal=SHORT    reasons: rvol=1.59x (elevated), atr=1.76% (wide-range), orb_breakdown
2026-08-21T11:36:47 | INFO     | session_runner |   SMH     score=60.0  signal=SHORT    reasons: atr=3.09% (wide-range), orb_breakdown, trend_down
2026-08-21T11:36:47 | INFO     | session_runner |   SPY     score=58.0  signal=LONG     reasons: atr=0.77% (minimal range), orb_breakout, trend_up
2026-08-21T11:36:47 | INFO     | session_runner |   IWM     score=56.0  signal=LONG     reasons: rvol=1.18x (normal), atr=1.09% (good range), near_orb_level
2026-08-21T11:36:47 | INFO     | session_runner |   AAPL    score=42.0  signal=LONG     reasons: atr=2.26% (wide-range), trend_sideways, rsi=50 (healthy)
2026-08-21T11:36:47 | INFO     | app.strategies.liquidity_filter | LiquidityFilter: no qualifying contracts for XLE SignalDirection.SHORT | total_candidates=48
2026-08-21T11:36:47 | INFO     | app.scanning.alpaca_confirmer | AlpacaConfirmer: no liquid contract for XLE (signal=SHORT)
2026-08-21T11:36:47 | INFO     | app.strategies.liquidity_filter | LiquidityFilter: selected AAPL260821C00310000 | delta=N/A | spread_pct=0.017 | OI=31290 | vol=88240
2026-08-21T11:36:47 | INFO     | app.scanning.alpaca_confirmer | AlpacaConfirmer: confirmed AAPL | AAPL260821C00310000 | exp=2026-08-21 | spread=1.68% | OI=31290 | vol=88240
2026-08-21T11:36:47 | INFO     | app.strategies.liquidity_filter | LiquidityFilter: selected IWM260821C00299000 | delta=N/A | spread_pct=0.028 | OI=3811 | vol=25613
2026-08-21T11:36:47 | INFO     | app.scanning.alpaca_confirmer | AlpacaConfirmer: confirmed IWM | IWM260821C00299000 | exp=2026-08-21 | spread=2.78% | OI=3811 | vol=25613
2026-08-21T11:36:47 | INFO     | app.strategies.liquidity_filter | LiquidityFilter: no qualifying contracts for SMH SignalDirection.SHORT | total_candidates=204
2026-08-21T11:36:47 | INFO     | app.scanning.alpaca_confirmer | AlpacaConfirmer: liquidity_rejected_cost_cap | symbol=SMH | option_symbol=SMH260821P00590000 | ask=31.33 | ask_x_100=3133 | max_contract_cost=988
2026-08-21T11:36:47 | INFO     | app.scanning.alpaca_confirmer | AlpacaConfirmer: liquidity_rejected_cost_cap | symbol=SMH | option_symbol=SMH260821P00610000 | ask=51.99 | ask_x_100=5199 | max_contract_cost=988
2026-08-21T11:36:47 | INFO     | app.scanning.alpaca_confirmer | AlpacaConfirmer: liquidity_rejected_cost_cap | symbol=SMH | option_symbol=SMH260821P00615000 | ask=56.05 | ask_x_100=5605 | max_contract_cost=988
2026-08-21T11:36:47 | INFO     | app.scanning.alpaca_confirmer | AlpacaConfirmer: liquidity_rejected_cost_cap | symbol=SMH | option_symbol=SMH260821P00655000 | ask=96.88 | ask_x_100=9688 | max_contract_cost=988
2026-08-21T11:36:47 | INFO     | app.scanning.alpaca_confirmer | AlpacaConfirmer: no liquid contract for SMH (signal=SHORT)
2026-08-21T11:36:47 | INFO     | app.strategies.liquidity_filter | LiquidityFilter: selected SPY260821C00768000 | delta=N/A | spread_pct=0.029 | OI=5625 | vol=132057
2026-08-21T11:36:47 | INFO     | app.scanning.alpaca_confirmer | AlpacaConfirmer: confirmed SPY | SPY260821C00768000 | exp=2026-08-21 | spread=2.90% | OI=5625 | vol=132057
2026-08-21T11:36:47 | INFO     | session_runner | AlpacaConfirmer: 3 confirmed symbols: ['SPY', 'IWM', 'AAPL']
2026-08-21T11:36:47 | INFO     | session_runner | Re-scan updated active symbols: ['SPY', 'IWM', 'AAPL']
2026-08-21T11:36:47 | INFO     | session_runner | Broad-market regime | SPY=long
2026-08-21T11:36:48 | INFO     | session_runner | [bridge:SPY] rsi_trend ready: sufficient bars
2026-08-21T11:36:48 | INFO     | app.strategies.liquidity_filter | LiquidityFilter: selected SPY260821C00766000 | delta=N/A | spread_pct=0.008 | OI=3665 | vol=251998
2026-08-21T11:36:48 | INFO     | session_runner | Paper scaled sizing | SPY260821C00766000 | ask=1.3000 | budget=$250.00 | qty=1 | premium=$130.00 | cap=10
2026-08-21T11:36:48 | WARNING  | app.risk.risk_manager | RiskManager: REJECTED OrderSide.BUY_TO_OPEN SPY260821C00766000 | REJECTED | Scaled experiment losing-trade limit reached: 2/2
2026-08-21T11:36:48 | INFO     | session_runner | Risk rejected SPY: Scaled experiment losing-trade limit reached: 2/2
2026-08-21T11:36:48 | INFO     | app.trading.trade_journal | Journal rejection 1337: SPY — Scaled experiment losing-trade limit reached: 2/2
2026-08-21T11:36:48 | INFO     | session_runner | Stale signal: SPY/vwap_reclaim age=77 min > max 60 min — skipped
2026-08-21T11:36:48 | INFO     | session_runner | Stale signal: SPY/vwap_reclaim age=102 min > max 60 min — skipped
2026-08-21T11:36:48 | INFO     | session_runner | [bridge:AAPL] rsi_trend ready: sufficient bars
2026-08-21T11:36:48 | INFO     | app.strategies.liquidity_filter | LiquidityFilter: selected AAPL260821C00312500 | delta=N/A | spread_pct=0.021 | OI=7192 | vol=57372
2026-08-21T11:36:48 | INFO     | session_runner | Paper scaled sizing | AAPL260821C00312500 | ask=0.4800 | budget=$250.00 | qty=5 | premium=$240.00 | cap=10
2026-08-21T11:36:48 | WARNING  | app.risk.risk_manager | RiskManager: REJECTED OrderSide.BUY_TO_OPEN AAPL260821C00312500 | REJECTED | Scaled experiment losing-trade limit reached: 2/2
2026-08-21T11:36:48 | INFO     | session_runner | Risk rejected AAPL: Scaled experiment losing-trade limit reached: 2/2
2026-08-21T11:36:48 | INFO     | app.trading.trade_journal | Journal rejection 1338: AAPL — Scaled experiment losing-trade limit reached: 2/2
2026-08-21T11:37:19 | INFO     | session_runner | [cycle 238] 11:37:19 ET | positions=0 | entries=2
2026-08-21T11:37:19 | INFO     | session_runner | [bridge:SPY] rsi_trend ready: sufficient bars
2026-08-21T11:37:20 | INFO     | app.strategies.liquidity_filter | LiquidityFilter: selected SPY260821C00767000 | delta=N/A | spread_pct=0.013 | OI=4561 | vol=167612
2026-08-21T11:37:20 | INFO     | session_runner | Paper scaled sizing | SPY260821C00767000 | ask=0.7700 | budget=$250.00 | qty=3 | premium=$231.00 | cap=10
2026-08-21T11:37:20 | WARNING  | app.risk.risk_manager | RiskManager: REJECTED OrderSide.BUY_TO_OPEN SPY260821C00767000 | REJECTED | Scaled experiment losing-trade limit reached: 2/2
2026-08-21T11:37:20 | INFO     | session_runner | Risk rejected SPY: Scaled experiment losing-trade limit reached: 2/2
2026-08-21T11:37:20 | INFO     | app.trading.trade_journal | Journal rejection 1339: SPY — Scaled experiment losing-trade limit reached: 2/2
2026-08-21T11:37:20 | INFO     | session_runner | Stale signal: SPY/vwap_reclaim age=77 min > max 60 min — skipped
2026-08-21T11:37:20 | INFO     | session_runner | Stale signal: SPY/vwap_reclaim age=102 min > max 60 min — skipped
2026-08-21T11:37:20 | INFO     | session_runner | [bridge:AAPL] rsi_trend ready: sufficient bars
2026-08-21T11:37:20 | INFO     | app.strategies.liquidity_filter | LiquidityFilter: selected AAPL260821C00310000 | delta=N/A | spread_pct=0.029 | OI=31290 | vol=88764
2026-08-21T11:37:20 | INFO     | session_runner | Paper scaled sizing | AAPL260821C00310000 | ask=1.7500 | budget=$250.00 | qty=1 | premium=$175.00 | cap=10
2026-08-21T11:37:20 | WARNING  | app.risk.risk_manager | RiskManager: REJECTED OrderSide.BUY_TO_OPEN AAPL260821C00310000 | REJECTED | Scaled experiment losing-trade limit reached: 2/2
2026-08-21T11:37:20 | INFO     | session_runner | Risk rejected AAPL: Scaled experiment losing-trade limit reached: 2/2
2026-08-21T11:37:20 | INFO     | app.trading.trade_journal | Journal rejection 1340: AAPL — Scaled experiment losing-trade limit reached: 2/2
2026-08-21T11:37:50 | INFO     | session_runner | [cycle 239] 11:37:50 ET | positions=0 | entries=2
2026-08-21T11:37:51 | INFO     | session_runner | [bridge:SPY] rsi_trend ready: sufficient bars
2026-08-21T11:37:51 | INFO     | app.strategies.liquidity_filter | LiquidityFilter: selected SPY260821C00767000 | delta=N/A | spread_pct=0.015 | OI=4561 | vol=167612
2026-08-21T11:37:51 | INFO     | session_runner | Paper scaled sizing | SPY260821C00767000 | ask=0.6800 | budget=$250.00 | qty=3 | premium=$204.00 | cap=10
2026-08-21T11:37:51 | WARNING  | app.risk.risk_manager | RiskManager: REJECTED OrderSide.BUY_TO_OPEN SPY260821C00767000 | REJECTED | Scaled experiment losing-trade limit reached: 2/2
2026-08-21T11:37:51 | INFO     | session_runner | Risk rejected SPY: Scaled experiment losing-trade limit reached: 2/2
2026-08-21T11:37:51 | INFO     | app.trading.trade_journal | Journal rejection 1341: SPY — Scaled experiment losing-trade limit reached: 2/2
2026-08-21T11:37:51 | INFO     | session_runner | Stale signal: SPY/vwap_reclaim age=78 min > max 60 min — skipped
2026-08-21T11:37:51 | INFO     | session_runner | Stale signal: SPY/vwap_reclaim age=103 min > max 60 min — skipped
2026-08-21T11:37:51 | INFO     | session_runner | [bridge:AAPL] rsi_trend ready: sufficient bars
2026-08-21T11:37:51 | INFO     | app.strategies.liquidity_filter | LiquidityFilter: selected AAPL260821C00312500 | delta=N/A | spread_pct=0.024 | OI=7192 | vol=57871
2026-08-21T11:37:51 | INFO     | session_runner | Paper scaled sizing | AAPL260821C00312500 | ask=0.4200 | budget=$250.00 | qty=5 | premium=$210.00 | cap=10
2026-08-21T11:37:51 | WARNING  | app.risk.risk_manager | RiskManager: REJECTED OrderSide.BUY_TO_OPEN AAPL260821C00312500 | REJECTED | Scaled experiment losing-trade limit reached: 2/2
2026-08-21T11:37:51 | INFO     | session_runner | Risk rejected AAPL: Scaled experiment losing-trade limit reached: 2/2
2026-08-21T11:37:51 | INFO     | app.trading.trade_journal | Journal rejection 1342: AAPL — Scaled experiment losing-trade limit reached: 2/2
2026-08-21T11:38:22 | INFO     | session_runner | [cycle 240] 11:38:22 ET | positions=0 | entries=2
2026-08-21T11:38:22 | INFO     | session_runner | [bridge:SPY] rsi_trend ready: sufficient bars
2026-08-21T11:38:22 | INFO     | app.strategies.liquidity_filter | LiquidityFilter: selected SPY260821C00768000 | delta=N/A | spread_pct=0.032 | OI=5625 | vol=133835
2026-08-21T11:38:22 | INFO     | session_runner | Paper scaled sizing | SPY260821C00768000 | ask=0.3200 | budget=$250.00 | qty=7 | premium=$224.00 | cap=10
2026-08-21T11:38:22 | WARNING  | app.risk.risk_manager | RiskManager: REJECTED OrderSide.BUY_TO_OPEN SPY260821C00768000 | REJECTED | Scaled experiment losing-trade limit reached: 2/2
2026-08-21T11:38:22 | INFO     | session_runner | Risk rejected SPY: Scaled experiment losing-trade limit reached: 2/2
2026-08-21T11:38:22 | INFO     | app.trading.trade_journal | Journal rejection 1343: SPY — Scaled experiment losing-trade limit reached: 2/2
2026-08-21T11:38:22 | INFO     | session_runner | Stale signal: SPY/vwap_reclaim age=78 min > max 60 min — skipped
2026-08-21T11:38:22 | INFO     | session_runner | Stale signal: SPY/vwap_reclaim age=103 min > max 60 min — skipped
2026-08-21T11:38:23 | INFO     | session_runner | [bridge:AAPL] rsi_trend ready: sufficient bars
2026-08-21T11:38:23 | INFO     | app.strategies.liquidity_filter | LiquidityFilter: selected AAPL260821C00310000 | delta=N/A | spread_pct=0.023 | OI=31290 | vol=89119
2026-08-21T11:38:23 | INFO     | session_runner | Paper scaled sizing | AAPL260821C00310000 | ask=1.7600 | budget=$250.00 | qty=1 | premium=$176.00 | cap=10
2026-08-21T11:38:23 | WARNING  | app.risk.risk_manager | RiskManager: REJECTED OrderSide.BUY_TO_OPEN AAPL260821C00310000 | REJECTED | Scaled experiment losing-trade limit reached: 2/2
2026-08-21T11:38:23 | INFO     | session_runner | Risk rejected AAPL: Scaled experiment losing-trade limit reached: 2/2
2026-08-21T11:38:23 | INFO     | app.trading.trade_journal | Journal rejection 1344: AAPL — Scaled experiment losing-trade limit reached: 2/2
2026-08-21T11:38:53 | INFO     | session_runner | [cycle 241] 11:38:53 ET | positions=0 | entries=2
2026-08-21T11:38:53 | INFO     | session_runner | [bridge:SPY] rsi_trend ready: sufficient bars
2026-08-21T11:38:53 | INFO     | app.strategies.liquidity_filter | LiquidityFilter: selected SPY260821C00767000 | delta=N/A | spread_pct=0.015 | OI=4561 | vol=168464
2026-08-21T11:38:53 | INFO     | session_runner | Paper scaled sizing | SPY260821C00767000 | ask=0.6600 | budget=$250.00 | qty=3 | premium=$198.00 | cap=10
2026-08-21T11:38:53 | WARNING  | app.risk.risk_manager | RiskManager: REJECTED OrderSide.BUY_TO_OPEN SPY260821C00767000 | REJECTED | Scaled experiment losing-trade limit reached: 2/2
2026-08-21T11:38:53 | INFO     | session_runner | Risk rejected SPY: Scaled experiment losing-trade limit reached: 2/2
2026-08-21T11:38:53 | INFO     | app.trading.trade_journal | Journal rejection 1345: SPY — Scaled experiment losing-trade limit reached: 2/2
2026-08-21T11:38:53 | INFO     | session_runner | Stale signal: SPY/vwap_reclaim age=79 min > max 60 min — skipped
2026-08-21T11:38:53 | INFO     | session_runner | Stale signal: SPY/vwap_reclaim age=104 min > max 60 min — skipped
2026-08-21T11:38:54 | INFO     | session_runner | [bridge:AAPL] rsi_trend ready: sufficient bars
2026-08-21T11:38:54 | INFO     | app.strategies.liquidity_filter | LiquidityFilter: selected AAPL260821C00312500 | delta=N/A | spread_pct=0.025 | OI=7192 | vol=58169
2026-08-21T11:38:54 | INFO     | session_runner | Paper scaled sizing | AAPL260821C00312500 | ask=0.4000 | budget=$250.00 | qty=6 | premium=$240.00 | cap=10
2026-08-21T11:38:54 | WARNING  | app.risk.risk_manager | RiskManager: REJECTED OrderSide.BUY_TO_OPEN AAPL260821C00312500 | REJECTED | Scaled experiment losing-trade limit reached: 2/2
2026-08-21T11:38:54 | INFO     | session_runner | Risk rejected AAPL: Scaled experiment losing-trade limit reached: 2/2
2026-08-21T11:38:54 | INFO     | app.trading.trade_journal | Journal rejection 1346: AAPL — Scaled experiment losing-trade limit reached: 2/2
2026-08-21T11:39:24 | INFO     | session_runner | [cycle 242] 11:39:24 ET | positions=0 | entries=2
2026-08-21T11:39:24 | INFO     | session_runner | [bridge:SPY] rsi_trend ready: sufficient bars
2026-08-21T11:39:25 | INFO     | app.strategies.liquidity_filter | LiquidityFilter: selected SPY260821C00768000 | delta=N/A | spread_pct=0.027 | OI=5625 | vol=134429
2026-08-21T11:39:25 | INFO     | session_runner | Paper scaled sizing | SPY260821C00768000 | ask=0.3800 | budget=$250.00 | qty=6 | premium=$228.00 | cap=10
2026-08-21T11:39:25 | WARNING  | app.risk.risk_manager | RiskManager: REJECTED OrderSide.BUY_TO_OPEN SPY260821C00768000 | REJECTED | Scaled experiment losing-trade limit reached: 2/2
2026-08-21T11:39:25 | INFO     | session_runner | Risk rejected SPY: Scaled experiment losing-trade limit reached: 2/2
2026-08-21T11:39:25 | INFO     | app.trading.trade_journal | Journal rejection 1347: SPY — Scaled experiment losing-trade limit reached: 2/2
2026-08-21T11:39:25 | INFO     | session_runner | Stale signal: SPY/vwap_reclaim age=79 min > max 60 min — skipped
2026-08-21T11:39:25 | INFO     | session_runner | Stale signal: SPY/vwap_reclaim age=104 min > max 60 min — skipped
2026-08-21T11:39:25 | INFO     | session_runner | [bridge:AAPL] rsi_trend ready: sufficient bars
2026-08-21T11:39:25 | INFO     | app.strategies.liquidity_filter | LiquidityFilter: selected AAPL260821C00312500 | delta=N/A | spread_pct=0.019 | OI=7192 | vol=58485
2026-08-21T11:39:25 | INFO     | session_runner | Paper scaled sizing | AAPL260821C00312500 | ask=0.5300 | budget=$250.00 | qty=4 | premium=$212.00 | cap=10
2026-08-21T11:39:25 | WARNING  | app.risk.risk_manager | RiskManager: REJECTED OrderSide.BUY_TO_OPEN AAPL260821C00312500 | REJECTED | Scaled experiment losing-trade limit reached: 2/2
2026-08-21T11:39:25 | INFO     | session_runner | Risk rejected AAPL: Scaled experiment losing-trade limit reached: 2/2
2026-08-21T11:39:25 | INFO     | app.trading.trade_journal | Journal rejection 1348: AAPL — Scaled experiment losing-trade limit reached: 2/2
2026-08-21T11:39:55 | INFO     | session_runner | [cycle 243] 11:39:55 ET | positions=0 | entries=2
2026-08-21T11:39:56 | INFO     | session_runner | [bridge:SPY] rsi_trend ready: sufficient bars
2026-08-21T11:39:56 | INFO     | app.strategies.liquidity_filter | LiquidityFilter: selected SPY260821C00768000 | delta=N/A | spread_pct=0.022 | OI=5625 | vol=134429
2026-08-21T11:39:56 | INFO     | session_runner | Paper scaled sizing | SPY260821C00768000 | ask=0.4600 | budget=$250.00 | qty=5 | premium=$230.00 | cap=10
2026-08-21T11:39:56 | WARNING  | app.risk.risk_manager | RiskManager: REJECTED OrderSide.BUY_TO_OPEN SPY260821C00768000 | REJECTED | Scaled experiment losing-trade limit reached: 2/2
2026-08-21T11:39:56 | INFO     | session_runner | Risk rejected SPY: Scaled experiment losing-trade limit reached: 2/2
2026-08-21T11:39:56 | INFO     | app.trading.trade_journal | Journal rejection 1349: SPY — Scaled experiment losing-trade limit reached: 2/2
2026-08-21T11:39:56 | INFO     | session_runner | Stale signal: SPY/vwap_reclaim age=80 min > max 60 min — skipped
2026-08-21T11:39:56 | INFO     | session_runner | Stale signal: SPY/vwap_reclaim age=105 min > max 60 min — skipped
2026-08-21T11:39:56 | INFO     | session_runner | [bridge:AAPL] rsi_trend ready: sufficient bars
2026-08-21T11:39:56 | INFO     | app.strategies.liquidity_filter | LiquidityFilter: selected AAPL260821C00310000 | delta=N/A | spread_pct=0.032 | OI=31290 | vol=89458
2026-08-21T11:39:56 | INFO     | session_runner | Paper scaled sizing | AAPL260821C00310000 | ask=1.9000 | budget=$250.00 | qty=1 | premium=$190.00 | cap=10
2026-08-21T11:39:56 | WARNING  | app.risk.risk_manager | RiskManager: REJECTED OrderSide.BUY_TO_OPEN AAPL260821C00310000 | REJECTED | Scaled experiment losing-trade limit reached: 2/2
2026-08-21T11:39:56 | INFO     | session_runner | Risk rejected AAPL: Scaled experiment losing-trade limit reached: 2/2
2026-08-21T11:39:56 | INFO     | app.trading.trade_journal | Journal rejection 1350: AAPL — Scaled experiment losing-trade limit reached: 2/2
2026-08-21T11:40:27 | INFO     | session_runner | [cycle 244] 11:40:27 ET | positions=0 | entries=2
2026-08-21T11:40:27 | INFO     | session_runner | [bridge:SPY] rsi_trend ready: sufficient bars
2026-08-21T11:40:28 | INFO     | app.strategies.liquidity_filter | LiquidityFilter: selected SPY260821C00768000 | delta=N/A | spread_pct=0.024 | OI=5625 | vol=135328
2026-08-21T11:40:28 | INFO     | session_runner | Paper scaled sizing | SPY260821C00768000 | ask=0.4200 | budget=$250.00 | qty=5 | premium=$210.00 | cap=10
2026-08-21T11:40:28 | WARNING  | app.risk.risk_manager | RiskManager: REJECTED OrderSide.BUY_TO_OPEN SPY260821C00768000 | REJECTED | Scaled experiment losing-trade limit reached: 2/2
2026-08-21T11:40:28 | INFO     | session_runner | Risk rejected SPY: Scaled experiment losing-trade limit reached: 2/2
2026-08-21T11:40:28 | INFO     | app.trading.trade_journal | Journal rejection 1351: SPY — Scaled experiment losing-trade limit reached: 2/2
2026-08-21T11:40:28 | INFO     | session_runner | Stale signal: SPY/vwap_reclaim age=80 min > max 60 min — skipped
2026-08-21T11:40:28 | INFO     | session_runner | Stale signal: SPY/vwap_reclaim age=105 min > max 60 min — skipped
2026-08-21T11:40:29 | INFO     | session_runner | [bridge:AAPL] rsi_trend ready: sufficient bars
2026-08-21T11:40:29 | INFO     | app.strategies.liquidity_filter | LiquidityFilter: selected AAPL260821C00312500 | delta=N/A | spread_pct=0.044 | OI=7192 | vol=58750
2026-08-21T11:40:29 | INFO     | session_runner | Paper scaled sizing | AAPL260821C00312500 | ask=0.4600 | budget=$250.00 | qty=5 | premium=$230.00 | cap=10
2026-08-21T11:40:29 | WARNING  | app.risk.risk_manager | RiskManager: REJECTED OrderSide.BUY_TO_OPEN AAPL260821C00312500 | REJECTED | Scaled experiment losing-trade limit reached: 2/2
2026-08-21T11:40:29 | INFO     | session_runner | Risk rejected AAPL: Scaled experiment losing-trade limit reached: 2/2
2026-08-21T11:40:29 | INFO     | app.trading.trade_journal | Journal rejection 1352: AAPL — Scaled experiment losing-trade limit reached: 2/2
2026-08-21T11:40:59 | INFO     | session_runner | [cycle 245] 11:40:59 ET | positions=0 | entries=2
2026-08-21T11:40:59 | INFO     | session_runner | [bridge:SPY] rsi_trend ready: sufficient bars
2026-08-21T11:41:00 | INFO     | app.strategies.liquidity_filter | LiquidityFilter: selected SPY260821C00768000 | delta=N/A | spread_pct=0.021 | OI=5625 | vol=136503
2026-08-21T11:41:00 | INFO     | session_runner | Paper scaled sizing | SPY260821C00768000 | ask=0.4900 | budget=$250.00 | qty=5 | premium=$245.00 | cap=10
2026-08-21T11:41:00 | WARNING  | app.risk.risk_manager | RiskManager: REJECTED OrderSide.BUY_TO_OPEN SPY260821C00768000 | REJECTED | Scaled experiment losing-trade limit reached: 2/2
2026-08-21T11:41:00 | INFO     | session_runner | Risk rejected SPY: Scaled experiment losing-trade limit reached: 2/2
2026-08-21T11:41:00 | INFO     | app.trading.trade_journal | Journal rejection 1353: SPY — Scaled experiment losing-trade limit reached: 2/2
2026-08-21T11:41:00 | INFO     | session_runner | Stale signal: SPY/vwap_reclaim age=81 min > max 60 min — skipped
2026-08-21T11:41:00 | INFO     | session_runner | Stale signal: SPY/vwap_reclaim age=106 min > max 60 min — skipped
2026-08-21T11:41:01 | INFO     | session_runner | [bridge:AAPL] rsi_trend ready: sufficient bars
2026-08-21T11:41:01 | INFO     | app.strategies.liquidity_filter | LiquidityFilter: selected AAPL260821C00312500 | delta=N/A | spread_pct=0.025 | OI=7192 | vol=58863
2026-08-21T11:41:01 | INFO     | session_runner | Paper scaled sizing | AAPL260821C00312500 | ask=0.4100 | budget=$250.00 | qty=6 | premium=$246.00 | cap=10
2026-08-21T11:41:01 | WARNING  | app.risk.risk_manager | RiskManager: REJECTED OrderSide.BUY_TO_OPEN AAPL260821C00312500 | REJECTED | Scaled experiment losing-trade limit reached: 2/2
2026-08-21T11:41:01 | INFO     | session_runner | Risk rejected AAPL: Scaled experiment losing-trade limit reached: 2/2
2026-08-21T11:41:01 | INFO     | app.trading.trade_journal | Journal rejection 1354: AAPL — Scaled experiment losing-trade limit reached: 2/2
2026-08-21T11:41:31 | INFO     | session_runner | [cycle 246] 11:41:31 ET | positions=0 | entries=2
2026-08-21T11:41:32 | INFO     | session_runner | [bridge:SPY] rsi_trend ready: sufficient bars
2026-08-21T11:41:32 | INFO     | app.strategies.liquidity_filter | LiquidityFilter: selected SPY260821C00768000 | delta=N/A | spread_pct=0.017 | OI=5625 | vol=136503
2026-08-21T11:41:32 | INFO     | session_runner | Paper scaled sizing | SPY260821C00768000 | ask=0.5800 | budget=$250.00 | qty=4 | premium=$232.00 | cap=10
2026-08-21T11:41:32 | WARNING  | app.risk.risk_manager | RiskManager: REJECTED OrderSide.BUY_TO_OPEN SPY260821C00768000 | REJECTED | Scaled experiment losing-trade limit reached: 2/2
2026-08-21T11:41:32 | INFO     | session_runner | Risk rejected SPY: Scaled experiment losing-trade limit reached: 2/2
2026-08-21T11:41:33 | INFO     | app.trading.trade_journal | Journal rejection 1355: SPY — Scaled experiment losing-trade limit reached: 2/2
2026-08-21T11:41:33 | INFO     | session_runner | Stale signal: SPY/vwap_reclaim age=82 min > max 60 min — skipped
2026-08-21T11:41:33 | INFO     | session_runner | Stale signal: SPY/vwap_reclaim age=107 min > max 60 min — skipped
2026-08-21T11:41:33 | INFO     | session_runner | [bridge:AAPL] rsi_trend ready: sufficient bars
2026-08-21T11:41:33 | INFO     | app.strategies.liquidity_filter | LiquidityFilter: selected AAPL260821C00310000 | delta=N/A | spread_pct=0.029 | OI=31290 | vol=89816
2026-08-21T11:41:33 | INFO     | session_runner | Paper scaled sizing | AAPL260821C00310000 | ask=1.7400 | budget=$250.00 | qty=1 | premium=$174.00 | cap=10
2026-08-21T11:41:33 | WARNING  | app.risk.risk_manager | RiskManager: REJECTED OrderSide.BUY_TO_OPEN AAPL260821C00310000 | REJECTED | Scaled experiment losing-trade limit reached: 2/2
2026-08-21T11:41:33 | INFO     | session_runner | Risk rejected AAPL: Scaled experiment losing-trade limit reached: 2/2
2026-08-21T11:41:33 | INFO     | app.trading.trade_journal | Journal rejection 1356: AAPL — Scaled experiment losing-trade limit reached: 2/2
2026-08-21T11:42:04 | INFO     | session_runner | [cycle 247] 11:42:04 ET | positions=0 | entries=2
2026-08-21T11:42:04 | INFO     | session_runner | Periodic universe re-scan …
2026-08-21T11:42:04 | INFO     | app.scanning.universe_loader | UniverseLoader: loaded 5 groups (13 flat symbols) from /root/trader/config/ticker_universe.yaml (blacklist=0)
2026-08-21T11:42:04 | INFO     | app.scanning.universe_loader | UniverseLoader: 10 symbols from 2 group(s) (blacklist=0)
2026-08-21T11:42:04 | INFO     | session_runner | Universe scan: 10 symbols from 2 group(s) | max_active=3
2026-08-21T11:42:07 | INFO     | session_runner | Scan: 6 passed, 4 rejected
2026-08-21T11:42:07 | INFO     | session_runner |   XLE     score=60.0  signal=SHORT    reasons: rvol=1.56x (elevated), atr=1.76% (wide-range), orb_breakdown
2026-08-21T11:42:07 | INFO     | session_runner |   SMH     score=60.0  signal=SHORT    reasons: atr=3.08% (wide-range), orb_breakdown, trend_down
2026-08-21T11:42:07 | INFO     | session_runner |   SPY     score=58.0  signal=LONG     reasons: atr=0.78% (minimal range), orb_breakout, trend_up
2026-08-21T11:42:07 | INFO     | session_runner |   IWM     score=56.0  signal=LONG     reasons: rvol=1.18x (normal), atr=1.09% (good range), near_orb_level
2026-08-21T11:42:07 | INFO     | session_runner |   QQQ     score=43.0  signal=LONG     reasons: atr=1.33% (good range), near_orb_level, trend_sideways
2026-08-21T11:42:07 | INFO     | app.strategies.liquidity_filter | LiquidityFilter: no qualifying contracts for XLE SignalDirection.SHORT | total_candidates=48
2026-08-21T11:42:07 | INFO     | app.scanning.alpaca_confirmer | AlpacaConfirmer: no liquid contract for XLE (signal=SHORT)
2026-08-21T11:42:08 | INFO     | app.strategies.liquidity_filter | LiquidityFilter: selected IWM260821C00300000 | delta=N/A | spread_pct=0.034 | OI=35897 | vol=39781
2026-08-21T11:42:08 | INFO     | app.scanning.alpaca_confirmer | AlpacaConfirmer: confirmed IWM | IWM260821C00300000 | exp=2026-08-21 | spread=3.39% | OI=35897 | vol=39781
2026-08-21T11:42:08 | INFO     | app.strategies.liquidity_filter | LiquidityFilter: selected AAPL260821C00312500 | delta=N/A | spread_pct=0.024 | OI=7192 | vol=59189
2026-08-21T11:42:08 | INFO     | app.scanning.alpaca_confirmer | AlpacaConfirmer: confirmed AAPL | AAPL260821C00312500 | exp=2026-08-21 | spread=2.41% | OI=7192 | vol=59189
2026-08-21T11:42:08 | INFO     | app.strategies.liquidity_filter | LiquidityFilter: selected QQQ260821C00717500 | delta=N/A | spread_pct=0.027 | OI=1907 | vol=6867
2026-08-21T11:42:08 | INFO     | app.scanning.alpaca_confirmer | AlpacaConfirmer: confirmed QQQ | QQQ260821C00717500 | exp=2026-08-21 | spread=2.74% | OI=1907 | vol=6867
2026-08-21T11:42:08 | INFO     | app.strategies.liquidity_filter | LiquidityFilter: no qualifying contracts for SMH SignalDirection.SHORT | total_candidates=204
2026-08-21T11:42:08 | INFO     | app.scanning.alpaca_confirmer | AlpacaConfirmer: liquidity_rejected_cost_cap | symbol=SMH | option_symbol=SMH260821P00580000 | ask=19.49 | ask_x_100=1949 | max_contract_cost=988
2026-08-21T11:42:08 | INFO     | app.scanning.alpaca_confirmer | AlpacaConfirmer: liquidity_rejected_cost_cap | symbol=SMH | option_symbol=SMH260821P00590000 | ask=30.23 | ask_x_100=3023 | max_contract_cost=988
2026-08-21T11:42:08 | INFO     | app.scanning.alpaca_confirmer | AlpacaConfirmer: liquidity_rejected_cost_cap | symbol=SMH | option_symbol=SMH260821P00610000 | ask=50.80 | ask_x_100=5080 | max_contract_cost=988
2026-08-21T11:42:08 | INFO     | app.scanning.alpaca_confirmer | AlpacaConfirmer: liquidity_rejected_cost_cap | symbol=SMH | option_symbol=SMH260821P00615000 | ask=55.15 | ask_x_100=5515 | max_contract_cost=988
2026-08-21T11:42:08 | INFO     | app.scanning.alpaca_confirmer | AlpacaConfirmer: liquidity_rejected_cost_cap | symbol=SMH | option_symbol=SMH260821P00655000 | ask=95.92 | ask_x_100=9592 | max_contract_cost=988
2026-08-21T11:42:08 | INFO     | app.scanning.alpaca_confirmer | AlpacaConfirmer: no liquid contract for SMH (signal=SHORT)
2026-08-21T11:42:08 | INFO     | app.strategies.liquidity_filter | LiquidityFilter: selected SPY260821C00768000 | delta=N/A | spread_pct=0.019 | OI=5625 | vol=138667
2026-08-21T11:42:08 | INFO     | app.scanning.alpaca_confirmer | AlpacaConfirmer: confirmed SPY | SPY260821C00768000 | exp=2026-08-21 | spread=1.90% | OI=5625 | vol=138667
2026-08-21T11:42:08 | INFO     | session_runner | AlpacaConfirmer: 3 confirmed symbols: ['SPY', 'IWM', 'QQQ']
2026-08-21T11:42:08 | INFO     | session_runner | Re-scan updated active symbols: ['SPY', 'IWM', 'QQQ']
2026-08-21T11:42:08 | INFO     | session_runner | Broad-market regime | SPY=long
2026-08-21T11:42:09 | INFO     | session_runner | [bridge:SPY] rsi_trend ready: sufficient bars
2026-08-21T11:42:09 | INFO     | app.strategies.liquidity_filter | LiquidityFilter: selected SPY260821C00768000 | delta=N/A | spread_pct=0.018 | OI=5625 | vol=138667
2026-08-21T11:42:09 | INFO     | session_runner | Paper scaled sizing | SPY260821C00768000 | ask=0.5700 | budget=$250.00 | qty=4 | premium=$228.00 | cap=10
2026-08-21T11:42:09 | WARNING  | app.risk.risk_manager | RiskManager: REJECTED OrderSide.BUY_TO_OPEN SPY260821C00768000 | REJECTED | Scaled experiment losing-trade limit reached: 2/2
2026-08-21T11:42:09 | INFO     | session_runner | Risk rejected SPY: Scaled experiment losing-trade limit reached: 2/2
2026-08-21T11:42:09 | INFO     | app.trading.trade_journal | Journal rejection 1357: SPY — Scaled experiment losing-trade limit reached: 2/2
2026-08-21T11:42:09 | INFO     | session_runner | Stale signal: SPY/vwap_reclaim age=82 min > max 60 min — skipped
2026-08-21T11:42:09 | INFO     | session_runner | Stale signal: SPY/vwap_reclaim age=107 min > max 60 min — skipped
2026-08-21T11:42:10 | INFO     | session_runner | [bridge:QQQ] rsi_trend ready: sufficient bars
2026-08-21T11:42:10 | INFO     | app.strategies.liquidity_filter | LiquidityFilter: selected QQQ260821C00717000 | delta=N/A | spread_pct=0.024 | OI=6840 | vol=46637
2026-08-21T11:42:10 | INFO     | session_runner | Paper scaled sizing | QQQ260821C00717000 | ask=0.4300 | budget=$250.00 | qty=5 | premium=$215.00 | cap=10
2026-08-21T11:42:10 | WARNING  | app.risk.risk_manager | RiskManager: REJECTED OrderSide.BUY_TO_OPEN QQQ260821C00717000 | REJECTED | Scaled experiment losing-trade limit reached: 2/2
2026-08-21T11:42:10 | INFO     | session_runner | Risk rejected QQQ: Scaled experiment losing-trade limit reached: 2/2
2026-08-21T11:42:10 | INFO     | app.trading.trade_journal | Journal rejection 1358: QQQ — Scaled experiment losing-trade limit reached: 2/2
2026-08-21T11:42:10 | INFO     | session_runner | Stale signal: QQQ/orb age=92 min > max 60 min — skipped
2026-08-21T11:42:10 | INFO     | session_runner | Stale signal: QQQ/vwap_reclaim age=152 min > max 60 min — skipped
2026-08-21T11:42:40 | INFO     | session_runner | [cycle 248] 11:42:40 ET | positions=0 | entries=2
2026-08-21T11:42:41 | INFO     | session_runner | [bridge:SPY] rsi_trend ready: sufficient bars
2026-08-21T11:42:41 | INFO     | app.strategies.liquidity_filter | LiquidityFilter: selected SPY260821C00767000 | delta=N/A | spread_pct=0.010 | OI=4561 | vol=176079
2026-08-21T11:42:41 | INFO     | session_runner | Paper scaled sizing | SPY260821C00767000 | ask=1.0300 | budget=$250.00 | qty=2 | premium=$206.00 | cap=10
2026-08-21T11:42:41 | WARNING  | app.risk.risk_manager | RiskManager: REJECTED OrderSide.BUY_TO_OPEN SPY260821C00767000 | REJECTED | Scaled experiment losing-trade limit reached: 2/2
2026-08-21T11:42:41 | INFO     | session_runner | Risk rejected SPY: Scaled experiment losing-trade limit reached: 2/2
2026-08-21T11:42:41 | INFO     | app.trading.trade_journal | Journal rejection 1359: SPY — Scaled experiment losing-trade limit reached: 2/2
2026-08-21T11:42:41 | INFO     | session_runner | Stale signal: SPY/vwap_reclaim age=83 min > max 60 min — skipped
2026-08-21T11:42:41 | INFO     | session_runner | Stale signal: SPY/vwap_reclaim age=108 min > max 60 min — skipped
2026-08-21T11:42:42 | INFO     | session_runner | [bridge:QQQ] rsi_trend ready: sufficient bars
2026-08-21T11:42:42 | INFO     | app.strategies.liquidity_filter | LiquidityFilter: selected QQQ260821C00717500 | delta=N/A | spread_pct=0.029 | OI=1907 | vol=6867
2026-08-21T11:42:42 | INFO     | session_runner | Paper scaled sizing | QQQ260821C00717500 | ask=0.3500 | budget=$250.00 | qty=7 | premium=$245.00 | cap=10
2026-08-21T11:42:42 | WARNING  | app.risk.risk_manager | RiskManager: REJECTED OrderSide.BUY_TO_OPEN QQQ260821C00717500 | REJECTED | Scaled experiment losing-trade limit reached: 2/2
2026-08-21T11:42:42 | INFO     | session_runner | Risk rejected QQQ: Scaled experiment losing-trade limit reached: 2/2
2026-08-21T11:42:42 | INFO     | app.trading.trade_journal | Journal rejection 1360: QQQ — Scaled experiment losing-trade limit reached: 2/2
2026-08-21T11:42:42 | INFO     | session_runner | Stale signal: QQQ/orb age=93 min > max 60 min — skipped
2026-08-21T11:42:42 | INFO     | session_runner | Stale signal: QQQ/vwap_reclaim age=153 min > max 60 min — skipped
2026-08-21T11:43:12 | INFO     | session_runner | [cycle 249] 11:43:12 ET | positions=0 | entries=2
2026-08-21T11:43:13 | INFO     | session_runner | [bridge:SPY] rsi_trend ready: sufficient bars
2026-08-21T11:43:13 | INFO     | app.strategies.liquidity_filter | LiquidityFilter: selected SPY260821C00768000 | delta=N/A | spread_pct=0.020 | OI=5625 | vol=139275
2026-08-21T11:43:13 | INFO     | session_runner | Paper scaled sizing | SPY260821C00768000 | ask=0.5100 | budget=$250.00 | qty=4 | premium=$204.00 | cap=10
2026-08-21T11:43:13 | WARNING  | app.risk.risk_manager | RiskManager: REJECTED OrderSide.BUY_TO_OPEN SPY260821C00768000 | REJECTED | Scaled experiment losing-trade limit reached: 2/2
2026-08-21T11:43:13 | INFO     | session_runner | Risk rejected SPY: Scaled experiment losing-trade limit reached: 2/2
2026-08-21T11:43:13 | INFO     | app.trading.trade_journal | Journal rejection 1361: SPY — Scaled experiment losing-trade limit reached: 2/2
2026-08-21T11:43:13 | INFO     | session_runner | Stale signal: SPY/vwap_reclaim age=83 min > max 60 min — skipped
2026-08-21T11:43:13 | INFO     | session_runner | Stale signal: SPY/vwap_reclaim age=108 min > max 60 min — skipped
2026-08-21T11:43:14 | INFO     | session_runner | [bridge:QQQ] rsi_trend ready: sufficient bars
2026-08-21T11:43:14 | INFO     | app.strategies.liquidity_filter | LiquidityFilter: selected QQQ260821C00717000 | delta=N/A | spread_pct=0.026 | OI=6840 | vol=46662
2026-08-21T11:43:14 | INFO     | session_runner | Paper scaled sizing | QQQ260821C00717000 | ask=0.3900 | budget=$250.00 | qty=6 | premium=$234.00 | cap=10
2026-08-21T11:43:14 | WARNING  | app.risk.risk_manager | RiskManager: REJECTED OrderSide.BUY_TO_OPEN QQQ260821C00717000 | REJECTED | Scaled experiment losing-trade limit reached: 2/2
2026-08-21T11:43:14 | INFO     | session_runner | Risk rejected QQQ: Scaled experiment losing-trade limit reached: 2/2
2026-08-21T11:43:14 | INFO     | app.trading.trade_journal | Journal rejection 1362: QQQ — Scaled experiment losing-trade limit reached: 2/2
2026-08-21T11:43:14 | INFO     | session_runner | Stale signal: QQQ/orb age=93 min > max 60 min — skipped
2026-08-21T11:43:14 | INFO     | session_runner | Stale signal: QQQ/vwap_reclaim age=153 min > max 60 min — skipped
2026-08-21T11:43:44 | INFO     | session_runner | [cycle 250] 11:43:44 ET | positions=0 | entries=2
2026-08-21T11:43:44 | INFO     | app.trading.reconciler | Reconciliation done: broker_pos=0 local_pos=0 broker_orders=0 local_pending=0 repaired=0 flagged=0 orders_confirmed=True positions_confirmed=True
2026-08-21T11:43:45 | INFO     | session_runner | [bridge:SPY] rsi_trend ready: sufficient bars
2026-08-21T11:43:45 | INFO     | app.strategies.liquidity_filter | LiquidityFilter: selected SPY260821C00768000 | delta=N/A | spread_pct=0.023 | OI=5625 | vol=139275
2026-08-21T11:43:45 | INFO     | session_runner | Paper scaled sizing | SPY260821C00768000 | ask=0.4400 | budget=$250.00 | qty=5 | premium=$220.00 | cap=10
2026-08-21T11:43:45 | WARNING  | app.risk.risk_manager | RiskManager: REJECTED OrderSide.BUY_TO_OPEN SPY260821C00768000 | REJECTED | Scaled experiment losing-trade limit reached: 2/2
2026-08-21T11:43:45 | INFO     | session_runner | Risk rejected SPY: Scaled experiment losing-trade limit reached: 2/2
2026-08-21T11:43:45 | INFO     | app.trading.trade_journal | Journal rejection 1363: SPY — Scaled experiment losing-trade limit reached: 2/2
2026-08-21T11:43:45 | INFO     | session_runner | Stale signal: SPY/vwap_reclaim age=84 min > max 60 min — skipped
2026-08-21T11:43:45 | INFO     | session_runner | Stale signal: SPY/vwap_reclaim age=109 min > max 60 min — skipped
2026-08-21T11:43:46 | INFO     | session_runner | [bridge:QQQ] rsi_trend ready: sufficient bars
2026-08-21T11:43:46 | INFO     | app.strategies.liquidity_filter | LiquidityFilter: selected QQQ260821C00717000 | delta=N/A | spread_pct=0.029 | OI=6840 | vol=46662
2026-08-21T11:43:46 | INFO     | session_runner | Paper scaled sizing | QQQ260821C00717000 | ask=0.3500 | budget=$250.00 | qty=7 | premium=$245.00 | cap=10
2026-08-21T11:43:46 | WARNING  | app.risk.risk_manager | RiskManager: REJECTED OrderSide.BUY_TO_OPEN QQQ260821C00717000 | REJECTED | Scaled experiment losing-trade limit reached: 2/2
2026-08-21T11:43:46 | INFO     | session_runner | Risk rejected QQQ: Scaled experiment losing-trade limit reached: 2/2
2026-08-21T11:43:46 | INFO     | app.trading.trade_journal | Journal rejection 1364: QQQ — Scaled experiment losing-trade limit reached: 2/2
2026-08-21T11:43:46 | INFO     | session_runner | Stale signal: QQQ/orb age=94 min > max 60 min — skipped
2026-08-21T11:43:46 | INFO     | session_runner | Stale signal: QQQ/vwap_reclaim age=154 min > max 60 min — skipped
2026-08-21T11:44:16 | INFO     | session_runner | [cycle 251] 11:44:16 ET | positions=0 | entries=2
2026-08-21T11:44:17 | INFO     | session_runner | [bridge:SPY] rsi_trend ready: sufficient bars
2026-08-21T11:44:18 | INFO     | app.strategies.liquidity_filter | LiquidityFilter: selected SPY260821C00767000 | delta=N/A | spread_pct=0.010 | OI=4561 | vol=179245
2026-08-21T11:44:18 | INFO     | session_runner | Paper scaled sizing | SPY260821C00767000 | ask=0.9600 | budget=$250.00 | qty=2 | premium=$192.00 | cap=10
2026-08-21T11:44:18 | WARNING  | app.risk.risk_manager | RiskManager: REJECTED OrderSide.BUY_TO_OPEN SPY260821C00767000 | REJECTED | Scaled experiment losing-trade limit reached: 2/2
2026-08-21T11:44:18 | INFO     | session_runner | Risk rejected SPY: Scaled experiment losing-trade limit reached: 2/2
2026-08-21T11:44:18 | INFO     | app.trading.trade_journal | Journal rejection 1365: SPY — Scaled experiment losing-trade limit reached: 2/2
2026-08-21T11:44:18 | INFO     | session_runner | Stale signal: SPY/vwap_reclaim age=84 min > max 60 min — skipped
2026-08-21T11:44:18 | INFO     | session_runner | Stale signal: SPY/vwap_reclaim age=109 min > max 60 min — skipped
2026-08-21T11:44:18 | INFO     | session_runner | [bridge:QQQ] rsi_trend ready: sufficient bars
2026-08-21T11:44:19 | INFO     | app.strategies.liquidity_filter | LiquidityFilter: selected QQQ260821C00717000 | delta=N/A | spread_pct=0.029 | OI=6840 | vol=46758
2026-08-21T11:44:19 | INFO     | session_runner | Paper scaled sizing | QQQ260821C00717000 | ask=0.3500 | budget=$250.00 | qty=7 | premium=$245.00 | cap=10
2026-08-21T11:44:19 | WARNING  | app.risk.risk_manager | RiskManager: REJECTED OrderSide.BUY_TO_OPEN QQQ260821C00717000 | REJECTED | Scaled experiment losing-trade limit reached: 2/2
2026-08-21T11:44:19 | INFO     | session_runner | Risk rejected QQQ: Scaled experiment losing-trade limit reached: 2/2
2026-08-21T11:44:19 | INFO     | app.trading.trade_journal | Journal rejection 1366: QQQ — Scaled experiment losing-trade limit reached: 2/2
2026-08-21T11:44:19 | INFO     | session_runner | Stale signal: QQQ/orb age=94 min > max 60 min — skipped
2026-08-21T11:44:19 | INFO     | session_runner | Stale signal: QQQ/vwap_reclaim age=154 min > max 60 min — skipped
2026-08-21T11:44:49 | INFO     | session_runner | [cycle 252] 11:44:49 ET | positions=0 | entries=2
2026-08-21T11:44:49 | INFO     | session_runner | [bridge:SPY] rsi_trend ready: sufficient bars
2026-08-21T11:44:50 | INFO     | app.strategies.liquidity_filter | LiquidityFilter: selected SPY260821C00768000 | delta=N/A | spread_pct=0.021 | OI=5625 | vol=140229
2026-08-21T11:44:50 | INFO     | session_runner | Paper scaled sizing | SPY260821C00768000 | ask=0.4900 | budget=$250.00 | qty=5 | premium=$245.00 | cap=10
2026-08-21T11:44:50 | WARNING  | app.risk.risk_manager | RiskManager: REJECTED OrderSide.BUY_TO_OPEN SPY260821C00768000 | REJECTED | Scaled experiment losing-trade limit reached: 2/2
2026-08-21T11:44:50 | INFO     | session_runner | Risk rejected SPY: Scaled experiment losing-trade limit reached: 2/2
2026-08-21T11:44:50 | INFO     | app.trading.trade_journal | Journal rejection 1367: SPY — Scaled experiment losing-trade limit reached: 2/2
2026-08-21T11:44:50 | INFO     | session_runner | Stale signal: SPY/vwap_reclaim age=85 min > max 60 min — skipped
2026-08-21T11:44:50 | INFO     | session_runner | Stale signal: SPY/vwap_reclaim age=110 min > max 60 min — skipped
2026-08-21T11:44:50 | INFO     | session_runner | [bridge:QQQ] rsi_trend ready: sufficient bars
2026-08-21T11:44:50 | INFO     | app.strategies.liquidity_filter | LiquidityFilter: selected QQQ260821C00717000 | delta=N/A | spread_pct=0.029 | OI=6840 | vol=46758
2026-08-21T11:44:50 | INFO     | session_runner | Paper scaled sizing | QQQ260821C00717000 | ask=0.3500 | budget=$250.00 | qty=7 | premium=$245.00 | cap=10
2026-08-21T11:44:50 | WARNING  | app.risk.risk_manager | RiskManager: REJECTED OrderSide.BUY_TO_OPEN QQQ260821C00717000 | REJECTED | Scaled experiment losing-trade limit reached: 2/2
2026-08-21T11:44:50 | INFO     | session_runner | Risk rejected QQQ: Scaled experiment losing-trade limit reached: 2/2
2026-08-21T11:44:50 | INFO     | app.trading.trade_journal | Journal rejection 1368: QQQ — Scaled experiment losing-trade limit reached: 2/2
2026-08-21T11:44:50 | INFO     | session_runner | Stale signal: QQQ/orb age=95 min > max 60 min — skipped
2026-08-21T11:44:50 | INFO     | session_runner | Stale signal: QQQ/vwap_reclaim age=155 min > max 60 min — skipped
2026-08-21T11:45:21 | INFO     | session_runner | [cycle 253] 11:45:21 ET | positions=0 | entries=2
2026-08-21T11:45:22 | INFO     | session_runner | [bridge:SPY] rsi_trend ready: sufficient bars
2026-08-21T11:45:23 | INFO     | app.strategies.liquidity_filter | LiquidityFilter: selected SPY260821C00768000 | delta=N/A | spread_pct=0.018 | OI=5625 | vol=140624
2026-08-21T11:45:23 | INFO     | session_runner | Paper scaled sizing | SPY260821C00768000 | ask=0.5600 | budget=$250.00 | qty=4 | premium=$224.00 | cap=10
2026-08-21T11:45:23 | WARNING  | app.risk.risk_manager | RiskManager: REJECTED OrderSide.BUY_TO_OPEN SPY260821C00768000 | REJECTED | Scaled experiment losing-trade limit reached: 2/2
2026-08-21T11:45:23 | INFO     | session_runner | Risk rejected SPY: Scaled experiment losing-trade limit reached: 2/2
2026-08-21T11:45:23 | INFO     | app.trading.trade_journal | Journal rejection 1369: SPY — Scaled experiment losing-trade limit reached: 2/2
2026-08-21T11:45:23 | INFO     | session_runner | Stale signal: SPY/vwap_reclaim age=85 min > max 60 min — skipped
2026-08-21T11:45:23 | INFO     | session_runner | Stale signal: SPY/vwap_reclaim age=110 min > max 60 min — skipped
2026-08-21T11:45:24 | INFO     | session_runner | [bridge:QQQ] rsi_trend ready: sufficient bars
2026-08-21T11:45:25 | INFO     | app.strategies.liquidity_filter | LiquidityFilter: selected QQQ260821C00717000 | delta=N/A | spread_pct=0.028 | OI=6840 | vol=46824
2026-08-21T11:45:25 | INFO     | session_runner | Paper scaled sizing | QQQ260821C00717000 | ask=0.3600 | budget=$250.00 | qty=6 | premium=$216.00 | cap=10
2026-08-21T11:45:25 | WARNING  | app.risk.risk_manager | RiskManager: REJECTED OrderSide.BUY_TO_OPEN QQQ260821C00717000 | REJECTED | Scaled experiment losing-trade limit reached: 2/2
2026-08-21T11:45:25 | INFO     | session_runner | Risk rejected QQQ: Scaled experiment losing-trade limit reached: 2/2
2026-08-21T11:45:25 | INFO     | app.trading.trade_journal | Journal rejection 1370: QQQ — Scaled experiment losing-trade limit reached: 2/2
2026-08-21T11:45:25 | INFO     | session_runner | Stale signal: QQQ/orb age=95 min > max 60 min — skipped
2026-08-21T11:45:25 | INFO     | session_runner | Stale signal: QQQ/vwap_reclaim age=155 min > max 60 min — skipped
2026-08-21T11:45:55 | INFO     | session_runner | [cycle 254] 11:45:55 ET | positions=0 | entries=2
2026-08-21T11:45:56 | INFO     | session_runner | [bridge:SPY] rsi_trend ready: sufficient bars
2026-08-21T11:45:57 | INFO     | app.strategies.liquidity_filter | LiquidityFilter: selected SPY260821C00767000 | delta=N/A | spread_pct=0.010 | OI=4561 | vol=180800
2026-08-21T11:45:57 | INFO     | session_runner | Paper scaled sizing | SPY260821C00767000 | ask=1.0300 | budget=$250.00 | qty=2 | premium=$206.00 | cap=10
2026-08-21T11:45:57 | WARNING  | app.risk.risk_manager | RiskManager: REJECTED OrderSide.BUY_TO_OPEN SPY260821C00767000 | REJECTED | Scaled experiment losing-trade limit reached: 2/2
2026-08-21T11:45:57 | INFO     | session_runner | Risk rejected SPY: Scaled experiment losing-trade limit reached: 2/2
2026-08-21T11:45:57 | INFO     | app.trading.trade_journal | Journal rejection 1371: SPY — Scaled experiment losing-trade limit reached: 2/2
2026-08-21T11:45:57 | INFO     | session_runner | Stale signal: SPY/vwap_reclaim age=86 min > max 60 min — skipped
2026-08-21T11:45:57 | INFO     | session_runner | Stale signal: SPY/vwap_reclaim age=111 min > max 60 min — skipped
2026-08-21T11:45:58 | INFO     | session_runner | [bridge:QQQ] rsi_trend ready: sufficient bars
2026-08-21T11:45:59 | INFO     | app.strategies.liquidity_filter | LiquidityFilter: selected QQQ260821C00716000 | delta=N/A | spread_pct=0.018 | OI=5826 | vol=65027
2026-08-21T11:45:59 | INFO     | session_runner | Paper scaled sizing | QQQ260821C00716000 | ask=0.5700 | budget=$250.00 | qty=4 | premium=$228.00 | cap=10
2026-08-21T11:45:59 | WARNING  | app.risk.risk_manager | RiskManager: REJECTED OrderSide.BUY_TO_OPEN QQQ260821C00716000 | REJECTED | Scaled experiment losing-trade limit reached: 2/2
2026-08-21T11:45:59 | INFO     | session_runner | Risk rejected QQQ: Scaled experiment losing-trade limit reached: 2/2
2026-08-21T11:45:59 | INFO     | app.trading.trade_journal | Journal rejection 1372: QQQ — Scaled experiment losing-trade limit reached: 2/2
2026-08-21T11:45:59 | INFO     | session_runner | Stale signal: QQQ/orb age=96 min > max 60 min — skipped
2026-08-21T11:45:59 | INFO     | session_runner | Stale signal: QQQ/vwap_reclaim age=156 min > max 60 min — skipped
2026-08-21T11:46:29 | INFO     | session_runner | [cycle 255] 11:46:29 ET | positions=0 | entries=2
2026-08-21T11:46:30 | INFO     | session_runner | [bridge:SPY] rsi_trend ready: sufficient bars
2026-08-21T11:46:31 | INFO     | app.strategies.liquidity_filter | LiquidityFilter: selected SPY260821C00768000 | delta=N/A | spread_pct=0.021 | OI=5625 | vol=141168
2026-08-21T11:46:31 | INFO     | session_runner | Paper scaled sizing | SPY260821C00768000 | ask=0.4800 | budget=$250.00 | qty=5 | premium=$240.00 | cap=10
2026-08-21T11:46:31 | WARNING  | app.risk.risk_manager | RiskManager: REJECTED OrderSide.BUY_TO_OPEN SPY260821C00768000 | REJECTED | Scaled experiment losing-trade limit reached: 2/2
2026-08-21T11:46:31 | INFO     | session_runner | Risk rejected SPY: Scaled experiment losing-trade limit reached: 2/2
2026-08-21T11:46:31 | INFO     | app.trading.trade_journal | Journal rejection 1373: SPY — Scaled experiment losing-trade limit reached: 2/2
2026-08-21T11:46:31 | INFO     | session_runner | Stale signal: SPY/vwap_reclaim age=86 min > max 60 min — skipped
2026-08-21T11:46:31 | INFO     | session_runner | Stale signal: SPY/vwap_reclaim age=111 min > max 60 min — skipped
2026-08-21T11:46:33 | INFO     | session_runner | [bridge:QQQ] rsi_trend ready: sufficient bars
2026-08-21T11:46:33 | INFO     | app.strategies.liquidity_filter | LiquidityFilter: selected QQQ260821C00718000 | delta=N/A | spread_pct=0.049 | OI=6599 | vol=13430
2026-08-21T11:46:33 | INFO     | session_runner | Paper scaled sizing | QQQ260821C00718000 | ask=0.2100 | budget=$250.00 | qty=10 | premium=$210.00 | cap=10
2026-08-21T11:46:33 | WARNING  | app.risk.risk_manager | RiskManager: REJECTED OrderSide.BUY_TO_OPEN QQQ260821C00718000 | REJECTED | Scaled experiment losing-trade limit reached: 2/2
2026-08-21T11:46:33 | INFO     | session_runner | Risk rejected QQQ: Scaled experiment losing-trade limit reached: 2/2
2026-08-21T11:46:33 | INFO     | app.trading.trade_journal | Journal rejection 1374: QQQ — Scaled experiment losing-trade limit reached: 2/2
2026-08-21T11:46:33 | INFO     | session_runner | Stale signal: QQQ/orb age=96 min > max 60 min — skipped
2026-08-21T11:46:33 | INFO     | session_runner | Stale signal: QQQ/vwap_reclaim age=156 min > max 60 min — skipped
2026-08-21T11:47:03 | INFO     | session_runner | [cycle 256] 11:47:03 ET | positions=0 | entries=2
2026-08-21T11:47:03 | INFO     | app.evaluation.shadow_book | ShadowBook: closed vwap_reclaim XLF260821C00056000 @ 1.4100 → -21.00 (max_hold, fill-validated)
2026-08-21T11:47:04 | INFO     | session_runner | [bridge:SPY] rsi_trend ready: sufficient bars
2026-08-21T11:47:04 | INFO     | app.strategies.liquidity_filter | LiquidityFilter: selected SPY260821C00768000 | delta=N/A | spread_pct=0.021 | OI=5625 | vol=143022
2026-08-21T11:47:04 | INFO     | session_runner | Paper scaled sizing | SPY260821C00768000 | ask=0.4900 | budget=$250.00 | qty=5 | premium=$245.00 | cap=10
2026-08-21T11:47:04 | WARNING  | app.risk.risk_manager | RiskManager: REJECTED OrderSide.BUY_TO_OPEN SPY260821C00768000 | REJECTED | Scaled experiment losing-trade limit reached: 2/2
2026-08-21T11:47:04 | INFO     | session_runner | Risk rejected SPY: Scaled experiment losing-trade limit reached: 2/2
2026-08-21T11:47:04 | INFO     | app.trading.trade_journal | Journal rejection 1375: SPY — Scaled experiment losing-trade limit reached: 2/2
2026-08-21T11:47:04 | INFO     | session_runner | Stale signal: SPY/vwap_reclaim age=87 min > max 60 min — skipped
2026-08-21T11:47:04 | INFO     | session_runner | Stale signal: SPY/vwap_reclaim age=112 min > max 60 min — skipped
2026-08-21T11:47:05 | INFO     | session_runner | [bridge:QQQ] rsi_trend ready: sufficient bars
2026-08-21T11:47:05 | INFO     | app.strategies.liquidity_filter | LiquidityFilter: selected QQQ260821C00717000 | delta=N/A | spread_pct=0.032 | OI=6840 | vol=46973
2026-08-21T11:47:05 | INFO     | session_runner | Paper scaled sizing | QQQ260821C00717000 | ask=0.3200 | budget=$250.00 | qty=7 | premium=$224.00 | cap=10
2026-08-21T11:47:05 | WARNING  | app.risk.risk_manager | RiskManager: REJECTED OrderSide.BUY_TO_OPEN QQQ260821C00717000 | REJECTED | Scaled experiment losing-trade limit reached: 2/2
2026-08-21T11:47:05 | INFO     | session_runner | Risk rejected QQQ: Scaled experiment losing-trade limit reached: 2/2
2026-08-21T11:47:05 | INFO     | app.trading.trade_journal | Journal rejection 1376: QQQ — Scaled experiment losing-trade limit reached: 2/2
2026-08-21T11:47:05 | INFO     | session_runner | Stale signal: QQQ/orb age=97 min > max 60 min — skipped
2026-08-21T11:47:05 | INFO     | session_runner | Stale signal: QQQ/vwap_reclaim age=157 min > max 60 min — skipped
2026-08-21T11:47:35 | INFO     | session_runner | [cycle 257] 11:47:35 ET | positions=0 | entries=2
2026-08-21T11:47:35 | INFO     | session_runner | Periodic universe re-scan …
2026-08-21T11:47:35 | INFO     | app.scanning.universe_loader | UniverseLoader: loaded 5 groups (13 flat symbols) from /root/trader/config/ticker_universe.yaml (blacklist=0)
2026-08-21T11:47:35 | INFO     | app.scanning.universe_loader | UniverseLoader: 10 symbols from 2 group(s) (blacklist=0)
2026-08-21T11:47:35 | INFO     | session_runner | Universe scan: 10 symbols from 2 group(s) | max_active=3
2026-08-21T11:47:38 | INFO     | session_runner | Scan: 6 passed, 4 rejected
2026-08-21T11:47:38 | INFO     | session_runner |   XLE     score=60.0  signal=SHORT    reasons: rvol=1.51x (elevated), atr=1.76% (wide-range), orb_breakdown
2026-08-21T11:47:38 | INFO     | session_runner |   SMH     score=60.0  signal=SHORT    reasons: atr=3.09% (wide-range), orb_breakdown, trend_down
2026-08-21T11:47:38 | INFO     | session_runner |   SPY     score=58.0  signal=LONG     reasons: atr=0.78% (minimal range), orb_breakout, trend_up
2026-08-21T11:47:38 | INFO     | session_runner |   IWM     score=56.0  signal=LONG     reasons: rvol=1.16x (normal), atr=1.09% (good range), near_orb_level
2026-08-21T11:47:38 | INFO     | session_runner |   QQQ     score=43.0  signal=LONG     reasons: atr=1.33% (good range), near_orb_level, trend_sideways
2026-08-21T11:47:38 | INFO     | app.strategies.liquidity_filter | LiquidityFilter: no qualifying contracts for XLE SignalDirection.SHORT | total_candidates=48
2026-08-21T11:47:38 | INFO     | app.scanning.alpaca_confirmer | AlpacaConfirmer: no liquid contract for XLE (signal=SHORT)
2026-08-21T11:47:38 | INFO     | app.strategies.liquidity_filter | LiquidityFilter: selected AAPL260821C00310000 | delta=N/A | spread_pct=0.055 | OI=31290 | vol=93270
2026-08-21T11:47:38 | INFO     | app.scanning.alpaca_confirmer | AlpacaConfirmer: confirmed AAPL | AAPL260821C00310000 | exp=2026-08-21 | spread=5.54% | OI=31290 | vol=93270
2026-08-21T11:47:39 | INFO     | app.strategies.liquidity_filter | LiquidityFilter: selected IWM260821C00300000 | delta=N/A | spread_pct=0.034 | OI=35897 | vol=42076
2026-08-21T11:47:39 | INFO     | app.scanning.alpaca_confirmer | AlpacaConfirmer: confirmed IWM | IWM260821C00300000 | exp=2026-08-21 | spread=3.39% | OI=35897 | vol=42076
2026-08-21T11:47:39 | INFO     | app.strategies.liquidity_filter | LiquidityFilter: no qualifying contracts for SMH SignalDirection.SHORT | total_candidates=204
2026-08-21T11:47:39 | INFO     | app.scanning.alpaca_confirmer | AlpacaConfirmer: liquidity_rejected_cost_cap | symbol=SMH | option_symbol=SMH260821P00610000 | ask=50.15 | ask_x_100=5015 | max_contract_cost=988
2026-08-21T11:47:39 | INFO     | app.scanning.alpaca_confirmer | AlpacaConfirmer: liquidity_rejected_cost_cap | symbol=SMH | option_symbol=SMH260821P00615000 | ask=55.00 | ask_x_100=5500 | max_contract_cost=988
2026-08-21T11:47:39 | INFO     | app.scanning.alpaca_confirmer | AlpacaConfirmer: liquidity_rejected_cost_cap | symbol=SMH | option_symbol=SMH260821P00655000 | ask=95.89 | ask_x_100=9589 | max_contract_cost=988
2026-08-21T11:47:39 | INFO     | app.scanning.alpaca_confirmer | AlpacaConfirmer: no liquid contract for SMH (signal=SHORT)
2026-08-21T11:47:39 | INFO     | app.strategies.liquidity_filter | LiquidityFilter: selected QQQ260821C00717000 | delta=N/A | spread_pct=0.032 | OI=6840 | vol=46973
2026-08-21T11:47:39 | INFO     | app.scanning.alpaca_confirmer | AlpacaConfirmer: confirmed QQQ | QQQ260821C00717000 | exp=2026-08-21 | spread=3.17% | OI=6840 | vol=46973
2026-08-21T11:47:39 | INFO     | app.strategies.liquidity_filter | LiquidityFilter: selected SPY260821C00767000 | delta=N/A | spread_pct=0.010 | OI=4561 | vol=183703
2026-08-21T11:47:39 | INFO     | app.scanning.alpaca_confirmer | AlpacaConfirmer: confirmed SPY | SPY260821C00767000 | exp=2026-08-21 | spread=1.05% | OI=4561 | vol=183703
2026-08-21T11:47:39 | INFO     | session_runner | AlpacaConfirmer: 3 confirmed symbols: ['SPY', 'IWM', 'QQQ']
2026-08-21T11:47:39 | INFO     | session_runner | Re-scan updated active symbols: ['SPY', 'IWM', 'QQQ']
2026-08-21T11:47:39 | INFO     | session_runner | Broad-market regime | SPY=long
2026-08-21T11:47:39 | INFO     | session_runner | [bridge:SPY] rsi_trend ready: sufficient bars
2026-08-21T11:47:40 | INFO     | app.strategies.liquidity_filter | LiquidityFilter: selected SPY260821C00769000 | delta=N/A | spread_pct=0.043 | OI=5284 | vol=132312
2026-08-21T11:47:40 | INFO     | session_runner | Paper scaled sizing | SPY260821C00769000 | ask=0.2400 | budget=$250.00 | qty=10 | premium=$240.00 | cap=10
2026-08-21T11:47:40 | WARNING  | app.risk.risk_manager | RiskManager: REJECTED OrderSide.BUY_TO_OPEN SPY260821C00769000 | REJECTED | Scaled experiment losing-trade limit reached: 2/2
2026-08-21T11:47:40 | INFO     | session_runner | Risk rejected SPY: Scaled experiment losing-trade limit reached: 2/2
2026-08-21T11:47:40 | INFO     | app.trading.trade_journal | Journal rejection 1377: SPY — Scaled experiment losing-trade limit reached: 2/2
2026-08-21T11:47:40 | INFO     | session_runner | Stale signal: SPY/vwap_reclaim age=88 min > max 60 min — skipped
2026-08-21T11:47:40 | INFO     | session_runner | Stale signal: SPY/vwap_reclaim age=113 min > max 60 min — skipped
2026-08-21T11:47:40 | INFO     | session_runner | [bridge:QQQ] rsi_trend ready: sufficient bars
2026-08-21T11:47:41 | INFO     | app.strategies.liquidity_filter | LiquidityFilter: selected QQQ260821C00717000 | delta=N/A | spread_pct=0.032 | OI=6840 | vol=46973
2026-08-21T11:47:41 | INFO     | session_runner | Paper scaled sizing | QQQ260821C00717000 | ask=0.3200 | budget=$250.00 | qty=7 | premium=$224.00 | cap=10
2026-08-21T11:47:41 | WARNING  | app.risk.risk_manager | RiskManager: REJECTED OrderSide.BUY_TO_OPEN QQQ260821C00717000 | REJECTED | Scaled experiment losing-trade limit reached: 2/2
2026-08-21T11:47:41 | INFO     | session_runner | Risk rejected QQQ: Scaled experiment losing-trade limit reached: 2/2
2026-08-21T11:47:41 | INFO     | app.trading.trade_journal | Journal rejection 1378: QQQ — Scaled experiment losing-trade limit reached: 2/2
2026-08-21T11:47:41 | INFO     | session_runner | Stale signal: QQQ/orb age=98 min > max 60 min — skipped
2026-08-21T11:47:41 | INFO     | session_runner | Stale signal: QQQ/vwap_reclaim age=158 min > max 60 min — skipped
2026-08-21T11:48:11 | INFO     | session_runner | [cycle 258] 11:48:11 ET | positions=0 | entries=2
2026-08-21T11:48:11 | INFO     | session_runner | [bridge:SPY] rsi_trend ready: sufficient bars
2026-08-21T11:48:12 | INFO     | app.strategies.liquidity_filter | LiquidityFilter: selected SPY260821C00768000 | delta=N/A | spread_pct=0.022 | OI=5625 | vol=145331
2026-08-21T11:48:12 | INFO     | session_runner | Paper scaled sizing | SPY260821C00768000 | ask=0.4600 | budget=$250.00 | qty=5 | premium=$230.00 | cap=10
2026-08-21T11:48:12 | WARNING  | app.risk.risk_manager | RiskManager: REJECTED OrderSide.BUY_TO_OPEN SPY260821C00768000 | REJECTED | Scaled experiment losing-trade limit reached: 2/2
2026-08-21T11:48:12 | INFO     | session_runner | Risk rejected SPY: Scaled experiment losing-trade limit reached: 2/2
2026-08-21T11:48:12 | INFO     | app.trading.trade_journal | Journal rejection 1379: SPY — Scaled experiment losing-trade limit reached: 2/2
2026-08-21T11:48:12 | INFO     | session_runner | Stale signal: SPY/vwap_reclaim age=88 min > max 60 min — skipped
2026-08-21T11:48:12 | INFO     | session_runner | Stale signal: SPY/vwap_reclaim age=113 min > max 60 min — skipped
2026-08-21T11:48:12 | INFO     | session_runner | [bridge:QQQ] rsi_trend ready: sufficient bars
2026-08-21T11:48:12 | INFO     | app.strategies.liquidity_filter | LiquidityFilter: selected QQQ260821C00718000 | delta=N/A | spread_pct=0.061 | OI=6599 | vol=13504
2026-08-21T11:48:12 | INFO     | session_runner | Paper scaled sizing | QQQ260821C00718000 | ask=0.1700 | budget=$250.00 | qty=10 | premium=$170.00 | cap=10
2026-08-21T11:48:12 | WARNING  | app.risk.risk_manager | RiskManager: REJECTED OrderSide.BUY_TO_OPEN QQQ260821C00718000 | REJECTED | Scaled experiment losing-trade limit reached: 2/2
2026-08-21T11:48:12 | INFO     | session_runner | Risk rejected QQQ: Scaled experiment losing-trade limit reached: 2/2
2026-08-21T11:48:12 | INFO     | app.trading.trade_journal | Journal rejection 1380: QQQ — Scaled experiment losing-trade limit reached: 2/2
2026-08-21T11:48:12 | INFO     | session_runner | Stale signal: QQQ/orb age=98 min > max 60 min — skipped
2026-08-21T11:48:13 | INFO     | session_runner | Stale signal: QQQ/vwap_reclaim age=158 min > max 60 min — skipped
2026-08-21T11:48:43 | INFO     | session_runner | [cycle 259] 11:48:43 ET | positions=0 | entries=2
2026-08-21T11:48:43 | INFO     | session_runner | [bridge:SPY] rsi_trend ready: sufficient bars
2026-08-21T11:48:43 | INFO     | app.strategies.liquidity_filter | LiquidityFilter: selected SPY260821C00768000 | delta=N/A | spread_pct=0.024 | OI=5625 | vol=145331
2026-08-21T11:48:43 | INFO     | session_runner | Paper scaled sizing | SPY260821C00768000 | ask=0.4300 | budget=$250.00 | qty=5 | premium=$215.00 | cap=10
2026-08-21T11:48:43 | WARNING  | app.risk.risk_manager | RiskManager: REJECTED OrderSide.BUY_TO_OPEN SPY260821C00768000 | REJECTED | Scaled experiment losing-trade limit reached: 2/2
2026-08-21T11:48:43 | INFO     | session_runner | Risk rejected SPY: Scaled experiment losing-trade limit reached: 2/2
2026-08-21T11:48:43 | INFO     | app.trading.trade_journal | Journal rejection 1381: SPY — Scaled experiment losing-trade limit reached: 2/2
2026-08-21T11:48:43 | INFO     | session_runner | Stale signal: SPY/vwap_reclaim age=89 min > max 60 min — skipped
2026-08-21T11:48:43 | INFO     | session_runner | Stale signal: SPY/vwap_reclaim age=114 min > max 60 min — skipped
2026-08-21T11:48:44 | INFO     | session_runner | [bridge:QQQ] rsi_trend ready: sufficient bars
2026-08-21T11:48:44 | INFO     | app.strategies.liquidity_filter | LiquidityFilter: selected QQQ260821C00716000 | delta=N/A | spread_pct=0.023 | OI=5826 | vol=67892
2026-08-21T11:48:44 | INFO     | session_runner | Paper scaled sizing | QQQ260821C00716000 | ask=0.4400 | budget=$250.00 | qty=5 | premium=$220.00 | cap=10
2026-08-21T11:48:44 | WARNING  | app.risk.risk_manager | RiskManager: REJECTED OrderSide.BUY_TO_OPEN QQQ260821C00716000 | REJECTED | Scaled experiment losing-trade limit reached: 2/2
2026-08-21T11:48:44 | INFO     | session_runner | Risk rejected QQQ: Scaled experiment losing-trade limit reached: 2/2
2026-08-21T11:48:44 | INFO     | app.trading.trade_journal | Journal rejection 1382: QQQ — Scaled experiment losing-trade limit reached: 2/2
2026-08-21T11:48:44 | INFO     | session_runner | Stale signal: QQQ/orb age=99 min > max 60 min — skipped
2026-08-21T11:48:44 | INFO     | session_runner | Stale signal: QQQ/vwap_reclaim age=159 min > max 60 min — skipped
2026-08-21T11:49:14 | INFO     | session_runner | [cycle 260] 11:49:14 ET | positions=0 | entries=2
2026-08-21T11:49:14 | INFO     | session_runner | [bridge:SPY] rsi_trend ready: sufficient bars
2026-08-21T11:49:15 | INFO     | app.strategies.liquidity_filter | LiquidityFilter: selected SPY260821C00768000 | delta=N/A | spread_pct=0.025 | OI=5625 | vol=147870
2026-08-21T11:49:15 | INFO     | session_runner | Paper scaled sizing | SPY260821C00768000 | ask=0.4100 | budget=$250.00 | qty=6 | premium=$246.00 | cap=10
2026-08-21T11:49:15 | WARNING  | app.risk.risk_manager | RiskManager: REJECTED OrderSide.BUY_TO_OPEN SPY260821C00768000 | REJECTED | Scaled experiment losing-trade limit reached: 2/2
2026-08-21T11:49:15 | INFO     | session_runner | Risk rejected SPY: Scaled experiment losing-trade limit reached: 2/2
2026-08-21T11:49:15 | INFO     | app.trading.trade_journal | Journal rejection 1383: SPY — Scaled experiment losing-trade limit reached: 2/2
2026-08-21T11:49:15 | INFO     | session_runner | Stale signal: SPY/vwap_reclaim age=89 min > max 60 min — skipped
2026-08-21T11:49:15 | INFO     | session_runner | Stale signal: SPY/vwap_reclaim age=114 min > max 60 min — skipped
2026-08-21T11:49:15 | INFO     | session_runner | [bridge:QQQ] rsi_trend ready: sufficient bars
2026-08-21T11:49:15 | INFO     | app.strategies.liquidity_filter | LiquidityFilter: selected QQQ260821C00716000 | delta=N/A | spread_pct=0.022 | OI=5826 | vol=68357
2026-08-21T11:49:15 | INFO     | session_runner | Paper scaled sizing | QQQ260821C00716000 | ask=0.4600 | budget=$250.00 | qty=5 | premium=$230.00 | cap=10
2026-08-21T11:49:15 | WARNING  | app.risk.risk_manager | RiskManager: REJECTED OrderSide.BUY_TO_OPEN QQQ260821C00716000 | REJECTED | Scaled experiment losing-trade limit reached: 2/2
2026-08-21T11:49:15 | INFO     | session_runner | Risk rejected QQQ: Scaled experiment losing-trade limit reached: 2/2
2026-08-21T11:49:15 | INFO     | app.trading.trade_journal | Journal rejection 1384: QQQ — Scaled experiment losing-trade limit reached: 2/2
2026-08-21T11:49:15 | INFO     | session_runner | Stale signal: QQQ/orb age=99 min > max 60 min — skipped
2026-08-21T11:49:15 | INFO     | session_runner | Stale signal: QQQ/vwap_reclaim age=159 min > max 60 min — skipped
2026-08-21T11:49:45 | INFO     | session_runner | [cycle 261] 11:49:45 ET | positions=0 | entries=2
2026-08-21T11:49:46 | INFO     | session_runner | [bridge:SPY] rsi_trend ready: sufficient bars
2026-08-21T11:49:46 | INFO     | app.strategies.liquidity_filter | LiquidityFilter: selected SPY260821C00766000 | delta=N/A | spread_pct=0.014 | OI=3665 | vol=287659
2026-08-21T11:49:46 | INFO     | session_runner | Paper scaled sizing | SPY260821C00766000 | ask=1.4400 | budget=$250.00 | qty=1 | premium=$144.00 | cap=10
2026-08-21T11:49:46 | WARNING  | app.risk.risk_manager | RiskManager: REJECTED OrderSide.BUY_TO_OPEN SPY260821C00766000 | REJECTED | Scaled experiment losing-trade limit reached: 2/2
2026-08-21T11:49:46 | INFO     | session_runner | Risk rejected SPY: Scaled experiment losing-trade limit reached: 2/2
2026-08-21T11:49:46 | INFO     | app.trading.trade_journal | Journal rejection 1385: SPY — Scaled experiment losing-trade limit reached: 2/2
2026-08-21T11:49:46 | INFO     | session_runner | Stale signal: SPY/vwap_reclaim age=90 min > max 60 min — skipped
2026-08-21T11:49:46 | INFO     | session_runner | Stale signal: SPY/vwap_reclaim age=115 min > max 60 min — skipped
2026-08-21T11:49:47 | INFO     | session_runner | [bridge:QQQ] rsi_trend ready: sufficient bars
2026-08-21T11:49:47 | INFO     | app.strategies.liquidity_filter | LiquidityFilter: selected QQQ260821C00716000 | delta=N/A | spread_pct=0.023 | OI=5826 | vol=68357
2026-08-21T11:49:47 | INFO     | session_runner | Paper scaled sizing | QQQ260821C00716000 | ask=0.4400 | budget=$250.00 | qty=5 | premium=$220.00 | cap=10
2026-08-21T11:49:47 | WARNING  | app.risk.risk_manager | RiskManager: REJECTED OrderSide.BUY_TO_OPEN QQQ260821C00716000 | REJECTED | Scaled experiment losing-trade limit reached: 2/2
2026-08-21T11:49:47 | INFO     | session_runner | Risk rejected QQQ: Scaled experiment losing-trade limit reached: 2/2
2026-08-21T11:49:47 | INFO     | app.trading.trade_journal | Journal rejection 1386: QQQ — Scaled experiment losing-trade limit reached: 2/2
2026-08-21T11:49:47 | INFO     | session_runner | Stale signal: QQQ/orb age=100 min > max 60 min — skipped
2026-08-21T11:49:47 | INFO     | session_runner | Stale signal: QQQ/vwap_reclaim age=160 min > max 60 min — skipped
2026-08-21T11:50:17 | INFO     | session_runner | [cycle 262] 11:50:17 ET | positions=0 | entries=2
2026-08-21T11:50:17 | INFO     | session_runner | [bridge:SPY] rsi_trend ready: sufficient bars
2026-08-21T11:50:18 | INFO     | app.strategies.liquidity_filter | LiquidityFilter: selected SPY260821C00767000 | delta=N/A | spread_pct=0.011 | OI=4561 | vol=195894
2026-08-21T11:50:18 | INFO     | session_runner | Paper scaled sizing | SPY260821C00767000 | ask=0.9400 | budget=$250.00 | qty=2 | premium=$188.00 | cap=10
2026-08-21T11:50:18 | WARNING  | app.risk.risk_manager | RiskManager: REJECTED OrderSide.BUY_TO_OPEN SPY260821C00767000 | REJECTED | Scaled experiment losing-trade limit reached: 2/2
2026-08-21T11:50:18 | INFO     | session_runner | Risk rejected SPY: Scaled experiment losing-trade limit reached: 2/2
2026-08-21T11:50:18 | INFO     | app.trading.trade_journal | Journal rejection 1387: SPY — Scaled experiment losing-trade limit reached: 2/2
2026-08-21T11:50:18 | INFO     | session_runner | Stale signal: SPY/vwap_reclaim age=90 min > max 60 min — skipped
2026-08-21T11:50:18 | INFO     | session_runner | Stale signal: SPY/vwap_reclaim age=115 min > max 60 min — skipped
2026-08-21T11:50:18 | INFO     | session_runner | [bridge:QQQ] rsi_trend ready: sufficient bars
2026-08-21T11:50:19 | INFO     | app.strategies.liquidity_filter | LiquidityFilter: selected QQQ260821C00716000 | delta=N/A | spread_pct=0.018 | OI=5826 | vol=69379
2026-08-21T11:50:19 | INFO     | session_runner | Paper scaled sizing | QQQ260821C00716000 | ask=0.5700 | budget=$250.00 | qty=4 | premium=$228.00 | cap=10
2026-08-21T11:50:19 | WARNING  | app.risk.risk_manager | RiskManager: REJECTED OrderSide.BUY_TO_OPEN QQQ260821C00716000 | REJECTED | Scaled experiment losing-trade limit reached: 2/2
2026-08-21T11:50:19 | INFO     | session_runner | Risk rejected QQQ: Scaled experiment losing-trade limit reached: 2/2
2026-08-21T11:50:19 | INFO     | app.trading.trade_journal | Journal rejection 1388: QQQ — Scaled experiment losing-trade limit reached: 2/2
2026-08-21T11:50:19 | INFO     | session_runner | Stale signal: QQQ/orb age=100 min > max 60 min — skipped
2026-08-21T11:50:19 | INFO     | session_runner | Stale signal: QQQ/vwap_reclaim age=160 min > max 60 min — skipped
2026-08-21T11:50:49 | INFO     | session_runner | [cycle 263] 11:50:49 ET | positions=0 | entries=2
2026-08-21T11:50:49 | INFO     | session_runner | [bridge:SPY] rsi_trend ready: sufficient bars
2026-08-21T11:50:50 | INFO     | app.strategies.liquidity_filter | LiquidityFilter: selected SPY260821C00768000 | delta=N/A | spread_pct=0.021 | OI=5625 | vol=150229
2026-08-21T11:50:50 | INFO     | session_runner | Paper scaled sizing | SPY260821C00768000 | ask=0.4900 | budget=$250.00 | qty=5 | premium=$245.00 | cap=10
2026-08-21T11:50:50 | WARNING  | app.risk.risk_manager | RiskManager: REJECTED OrderSide.BUY_TO_OPEN SPY260821C00768000 | REJECTED | Scaled experiment losing-trade limit reached: 2/2
2026-08-21T11:50:50 | INFO     | session_runner | Risk rejected SPY: Scaled experiment losing-trade limit reached: 2/2
2026-08-21T11:50:50 | INFO     | app.trading.trade_journal | Journal rejection 1389: SPY — Scaled experiment losing-trade limit reached: 2/2
2026-08-21T11:50:50 | INFO     | session_runner | Stale signal: SPY/vwap_reclaim age=91 min > max 60 min — skipped
2026-08-21T11:50:50 | INFO     | session_runner | Stale signal: SPY/vwap_reclaim age=116 min > max 60 min — skipped
2026-08-21T11:50:50 | INFO     | session_runner | [bridge:QQQ] rsi_trend ready: sufficient bars
2026-08-21T11:50:50 | INFO     | app.strategies.liquidity_filter | LiquidityFilter: selected QQQ260821C00717000 | delta=N/A | spread_pct=0.027 | OI=6840 | vol=48390
2026-08-21T11:50:50 | INFO     | session_runner | Paper scaled sizing | QQQ260821C00717000 | ask=0.3700 | budget=$250.00 | qty=6 | premium=$222.00 | cap=10
2026-08-21T11:50:50 | WARNING  | app.risk.risk_manager | RiskManager: REJECTED OrderSide.BUY_TO_OPEN QQQ260821C00717000 | REJECTED | Scaled experiment losing-trade limit reached: 2/2
2026-08-21T11:50:50 | INFO     | session_runner | Risk rejected QQQ: Scaled experiment losing-trade limit reached: 2/2
2026-08-21T11:50:50 | INFO     | app.trading.trade_journal | Journal rejection 1390: QQQ — Scaled experiment losing-trade limit reached: 2/2
2026-08-21T11:50:50 | INFO     | session_runner | Stale signal: QQQ/orb age=101 min > max 60 min — skipped
2026-08-21T11:50:50 | INFO     | session_runner | Stale signal: QQQ/vwap_reclaim age=161 min > max 60 min — skipped
2026-08-21T11:51:21 | INFO     | session_runner | [cycle 264] 11:51:21 ET | positions=0 | entries=2
2026-08-21T11:51:21 | INFO     | session_runner | [bridge:SPY] rsi_trend ready: sufficient bars
2026-08-21T11:51:21 | INFO     | app.strategies.liquidity_filter | LiquidityFilter: selected SPY260821C00768000 | delta=N/A | spread_pct=0.018 | OI=5625 | vol=153971
2026-08-21T11:51:21 | INFO     | session_runner | Paper scaled sizing | SPY260821C00768000 | ask=0.5500 | budget=$250.00 | qty=4 | premium=$220.00 | cap=10
2026-08-21T11:51:21 | WARNING  | app.risk.risk_manager | RiskManager: REJECTED OrderSide.BUY_TO_OPEN SPY260821C00768000 | REJECTED | Scaled experiment losing-trade limit reached: 2/2
2026-08-21T11:51:21 | INFO     | session_runner | Risk rejected SPY: Scaled experiment losing-trade limit reached: 2/2
2026-08-21T11:51:21 | INFO     | app.trading.trade_journal | Journal rejection 1391: SPY — Scaled experiment losing-trade limit reached: 2/2
2026-08-21T11:51:21 | INFO     | session_runner | Stale signal: SPY/vwap_reclaim age=91 min > max 60 min — skipped
2026-08-21T11:51:21 | INFO     | session_runner | Stale signal: SPY/vwap_reclaim age=116 min > max 60 min — skipped
2026-08-21T11:51:22 | INFO     | session_runner | [bridge:QQQ] rsi_trend ready: sufficient bars
2026-08-21T11:51:22 | INFO     | app.strategies.liquidity_filter | LiquidityFilter: selected QQQ260821C00716000 | delta=N/A | spread_pct=0.015 | OI=5826 | vol=71154
2026-08-21T11:51:22 | INFO     | session_runner | Paper scaled sizing | QQQ260821C00716000 | ask=0.6900 | budget=$250.00 | qty=3 | premium=$207.00 | cap=10
2026-08-21T11:51:22 | WARNING  | app.risk.risk_manager | RiskManager: REJECTED OrderSide.BUY_TO_OPEN QQQ260821C00716000 | REJECTED | Scaled experiment losing-trade limit reached: 2/2
2026-08-21T11:51:22 | INFO     | session_runner | Risk rejected QQQ: Scaled experiment losing-trade limit reached: 2/2
2026-08-21T11:51:22 | INFO     | app.trading.trade_journal | Journal rejection 1392: QQQ — Scaled experiment losing-trade limit reached: 2/2
2026-08-21T11:51:22 | INFO     | session_runner | Stale signal: QQQ/orb age=101 min > max 60 min — skipped
2026-08-21T11:51:22 | INFO     | session_runner | Stale signal: QQQ/vwap_reclaim age=161 min > max 60 min — skipped
2026-08-21T11:51:52 | INFO     | session_runner | [cycle 265] 11:51:52 ET | positions=0 | entries=2
2026-08-21T11:51:53 | INFO     | session_runner | [bridge:SPY] rsi_trend ready: sufficient bars
2026-08-21T11:51:53 | INFO     | app.strategies.liquidity_filter | LiquidityFilter: selected SPY260821C00768000 | delta=N/A | spread_pct=0.016 | OI=5625 | vol=153971
2026-08-21T11:51:53 | INFO     | session_runner | Paper scaled sizing | SPY260821C00768000 | ask=0.6200 | budget=$250.00 | qty=4 | premium=$248.00 | cap=10
2026-08-21T11:51:53 | WARNING  | app.risk.risk_manager | RiskManager: REJECTED OrderSide.BUY_TO_OPEN SPY260821C00768000 | REJECTED | Scaled experiment losing-trade limit reached: 2/2
2026-08-21T11:51:53 | INFO     | session_runner | Risk rejected SPY: Scaled experiment losing-trade limit reached: 2/2
2026-08-21T11:51:53 | INFO     | app.trading.trade_journal | Journal rejection 1393: SPY — Scaled experiment losing-trade limit reached: 2/2
2026-08-21T11:51:53 | INFO     | session_runner | Stale signal: SPY/vwap_reclaim age=92 min > max 60 min — skipped
2026-08-21T11:51:53 | INFO     | session_runner | Stale signal: SPY/vwap_reclaim age=117 min > max 60 min — skipped
2026-08-21T11:51:53 | INFO     | session_runner | [bridge:QQQ] rsi_trend ready: sufficient bars
2026-08-21T11:51:54 | INFO     | app.strategies.liquidity_filter | LiquidityFilter: selected QQQ260821C00717500 | delta=N/A | spread_pct=0.028 | OI=1907 | vol=7337
2026-08-21T11:51:54 | INFO     | session_runner | Paper scaled sizing | QQQ260821C00717500 | ask=0.3600 | budget=$250.00 | qty=6 | premium=$216.00 | cap=10
2026-08-21T11:51:54 | WARNING  | app.risk.risk_manager | RiskManager: REJECTED OrderSide.BUY_TO_OPEN QQQ260821C00717500 | REJECTED | Scaled experiment losing-trade limit reached: 2/2
2026-08-21T11:51:54 | INFO     | session_runner | Risk rejected QQQ: Scaled experiment losing-trade limit reached: 2/2
2026-08-21T11:51:54 | INFO     | app.trading.trade_journal | Journal rejection 1394: QQQ — Scaled experiment losing-trade limit reached: 2/2
2026-08-21T11:51:54 | INFO     | session_runner | Stale signal: QQQ/orb age=102 min > max 60 min — skipped
2026-08-21T11:51:54 | INFO     | session_runner | Stale signal: QQQ/vwap_reclaim age=162 min > max 60 min — skipped
2026-08-21T11:52:24 | INFO     | session_runner | [cycle 266] 11:52:24 ET | positions=0 | entries=2
2026-08-21T11:52:24 | INFO     | session_runner | [bridge:SPY] rsi_trend ready: sufficient bars
2026-08-21T11:52:24 | INFO     | app.strategies.liquidity_filter | LiquidityFilter: selected SPY260821C00768000 | delta=N/A | spread_pct=0.015 | OI=5625 | vol=157368
2026-08-21T11:52:25 | INFO     | session_runner | Paper scaled sizing | SPY260821C00768000 | ask=0.6700 | budget=$250.00 | qty=3 | premium=$201.00 | cap=10
2026-08-21T11:52:25 | WARNING  | app.risk.risk_manager | RiskManager: REJECTED OrderSide.BUY_TO_OPEN SPY260821C00768000 | REJECTED | Scaled experiment losing-trade limit reached: 2/2
2026-08-21T11:52:25 | INFO     | session_runner | Risk rejected SPY: Scaled experiment losing-trade limit reached: 2/2
2026-08-21T11:52:25 | INFO     | app.trading.trade_journal | Journal rejection 1395: SPY — Scaled experiment losing-trade limit reached: 2/2
2026-08-21T11:52:25 | INFO     | session_runner | Stale signal: SPY/vwap_reclaim age=92 min > max 60 min — skipped
2026-08-21T11:52:25 | INFO     | session_runner | Stale signal: SPY/vwap_reclaim age=117 min > max 60 min — skipped
2026-08-21T11:52:25 | INFO     | session_runner | [bridge:QQQ] rsi_trend ready: sufficient bars
2026-08-21T11:52:25 | INFO     | app.strategies.liquidity_filter | LiquidityFilter: selected QQQ260821C00717500 | delta=N/A | spread_pct=0.026 | OI=1907 | vol=7755
2026-08-21T11:52:25 | INFO     | session_runner | Paper scaled sizing | QQQ260821C00717500 | ask=0.3900 | budget=$250.00 | qty=6 | premium=$234.00 | cap=10
2026-08-21T11:52:25 | WARNING  | app.risk.risk_manager | RiskManager: REJECTED OrderSide.BUY_TO_OPEN QQQ260821C00717500 | REJECTED | Scaled experiment losing-trade limit reached: 2/2
2026-08-21T11:52:25 | INFO     | session_runner | Risk rejected QQQ: Scaled experiment losing-trade limit reached: 2/2
2026-08-21T11:52:25 | INFO     | app.trading.trade_journal | Journal rejection 1396: QQQ — Scaled experiment losing-trade limit reached: 2/2
2026-08-21T11:52:25 | INFO     | session_runner | Stale signal: QQQ/orb age=102 min > max 60 min — skipped
2026-08-21T11:52:25 | INFO     | session_runner | Stale signal: QQQ/vwap_reclaim age=162 min > max 60 min — skipped
2026-08-21T11:52:55 | INFO     | session_runner | [cycle 267] 11:52:55 ET | positions=0 | entries=2
2026-08-21T11:52:55 | INFO     | session_runner | Periodic universe re-scan …
2026-08-21T11:52:55 | INFO     | app.scanning.universe_loader | UniverseLoader: loaded 5 groups (13 flat symbols) from /root/trader/config/ticker_universe.yaml (blacklist=0)
2026-08-21T11:52:55 | INFO     | app.scanning.universe_loader | UniverseLoader: 10 symbols from 2 group(s) (blacklist=0)
2026-08-21T11:52:55 | INFO     | session_runner | Universe scan: 10 symbols from 2 group(s) | max_active=3
2026-08-21T11:52:56 | INFO     | session_runner | Scan: 6 passed, 4 rejected
2026-08-21T11:52:56 | INFO     | session_runner |   SMH     score=60.0  signal=SHORT    reasons: atr=3.08% (wide-range), orb_breakdown, trend_down
2026-08-21T11:52:56 | INFO     | session_runner |   SPY     score=58.0  signal=LONG     reasons: atr=0.79% (minimal range), orb_breakout, trend_up
2026-08-21T11:52:56 | INFO     | session_runner |   IWM     score=56.0  signal=LONG     reasons: rvol=1.15x (normal), atr=1.09% (good range), near_orb_level
2026-08-21T11:52:56 | INFO     | session_runner |   XLE     score=50.0  signal=SHORT    reasons: rvol=1.48x (normal), atr=1.76% (wide-range), orb_breakdown
2026-08-21T11:52:56 | INFO     | session_runner |   QQQ     score=43.0  signal=LONG     reasons: atr=1.33% (good range), near_orb_level, trend_sideways
2026-08-21T11:52:57 | INFO     | app.strategies.liquidity_filter | LiquidityFilter: no qualifying contracts for XLE SignalDirection.SHORT | total_candidates=48
2026-08-21T11:52:57 | INFO     | app.scanning.alpaca_confirmer | AlpacaConfirmer: no liquid contract for XLE (signal=SHORT)
2026-08-21T11:52:57 | INFO     | app.strategies.liquidity_filter | LiquidityFilter: selected AAPL260821C00312500 | delta=N/A | spread_pct=0.021 | OI=7192 | vol=73294
2026-08-21T11:52:57 | INFO     | app.scanning.alpaca_confirmer | AlpacaConfirmer: confirmed AAPL | AAPL260821C00312500 | exp=2026-08-21 | spread=2.11% | OI=7192 | vol=73294
2026-08-21T11:52:57 | INFO     | app.strategies.liquidity_filter | LiquidityFilter: selected IWM260821C00299000 | delta=N/A | spread_pct=0.038 | OI=3811 | vol=30480
2026-08-21T11:52:57 | INFO     | app.scanning.alpaca_confirmer | AlpacaConfirmer: confirmed IWM | IWM260821C00299000 | exp=2026-08-21 | spread=3.77% | OI=3811 | vol=30480
2026-08-21T11:52:57 | INFO     | app.strategies.liquidity_filter | LiquidityFilter: no qualifying contracts for SMH SignalDirection.SHORT | total_candidates=204
2026-08-21T11:52:57 | INFO     | app.scanning.alpaca_confirmer | AlpacaConfirmer: liquidity_rejected_cost_cap | symbol=SMH | option_symbol=SMH260821P00610000 | ask=51.23 | ask_x_100=5123 | max_contract_cost=988
2026-08-21T11:52:57 | INFO     | app.scanning.alpaca_confirmer | AlpacaConfirmer: liquidity_rejected_cost_cap | symbol=SMH | option_symbol=SMH260821P00615000 | ask=55.69 | ask_x_100=5569 | max_contract_cost=988
2026-08-21T11:52:57 | INFO     | app.scanning.alpaca_confirmer | AlpacaConfirmer: liquidity_rejected_cost_cap | symbol=SMH | option_symbol=SMH260821P00655000 | ask=96.87 | ask_x_100=9687 | max_contract_cost=988
2026-08-21T11:52:57 | INFO     | app.scanning.alpaca_confirmer | AlpacaConfirmer: no liquid contract for SMH (signal=SHORT)
2026-08-21T11:52:57 | INFO     | app.strategies.liquidity_filter | LiquidityFilter: selected QQQ260821C00717500 | delta=N/A | spread_pct=0.025 | OI=1907 | vol=7755
2026-08-21T11:52:57 | INFO     | app.scanning.alpaca_confirmer | AlpacaConfirmer: confirmed QQQ | QQQ260821C00717500 | exp=2026-08-21 | spread=2.53% | OI=1907 | vol=7755
2026-08-21T11:52:57 | INFO     | app.strategies.liquidity_filter | LiquidityFilter: selected SPY260821C00768000 | delta=N/A | spread_pct=0.014 | OI=5625 | vol=157368
2026-08-21T11:52:57 | INFO     | app.scanning.alpaca_confirmer | AlpacaConfirmer: confirmed SPY | SPY260821C00768000 | exp=2026-08-21 | spread=1.42% | OI=5625 | vol=157368
2026-08-21T11:52:57 | INFO     | session_runner | AlpacaConfirmer: 3 confirmed symbols: ['SPY', 'IWM', 'QQQ']
2026-08-21T11:52:57 | INFO     | session_runner | Re-scan updated active symbols: ['SPY', 'IWM', 'QQQ']
2026-08-21T11:52:57 | INFO     | session_runner | Broad-market regime | SPY=long
2026-08-21T11:52:57 | INFO     | session_runner | [bridge:SPY] rsi_trend ready: sufficient bars
2026-08-21T11:52:58 | INFO     | app.strategies.liquidity_filter | LiquidityFilter: selected SPY260821C00769000 | delta=N/A | spread_pct=0.028 | OI=5284 | vol=149100
2026-08-21T11:52:58 | INFO     | session_runner | Paper scaled sizing | SPY260821C00769000 | ask=0.3600 | budget=$250.00 | qty=6 | premium=$216.00 | cap=10
2026-08-21T11:52:58 | WARNING  | app.risk.risk_manager | RiskManager: REJECTED OrderSide.BUY_TO_OPEN SPY260821C00769000 | REJECTED | Scaled experiment losing-trade limit reached: 2/2
2026-08-21T11:52:58 | INFO     | session_runner | Risk rejected SPY: Scaled experiment losing-trade limit reached: 2/2
2026-08-21T11:52:58 | INFO     | app.trading.trade_journal | Journal rejection 1397: SPY — Scaled experiment losing-trade limit reached: 2/2
2026-08-21T11:52:58 | INFO     | session_runner | Stale signal: SPY/vwap_reclaim age=93 min > max 60 min — skipped
2026-08-21T11:52:58 | INFO     | session_runner | Stale signal: SPY/vwap_reclaim age=118 min > max 60 min — skipped
2026-08-21T11:52:58 | INFO     | session_runner | [bridge:QQQ] rsi_trend ready: sufficient bars
2026-08-21T11:52:59 | INFO     | app.strategies.liquidity_filter | LiquidityFilter: selected QQQ260821C00718000 | delta=N/A | spread_pct=0.033 | OI=6599 | vol=14124
2026-08-21T11:52:59 | INFO     | session_runner | Paper scaled sizing | QQQ260821C00718000 | ask=0.3100 | budget=$250.00 | qty=8 | premium=$248.00 | cap=10
2026-08-21T11:52:59 | WARNING  | app.risk.risk_manager | RiskManager: REJECTED OrderSide.BUY_TO_OPEN QQQ260821C00718000 | REJECTED | Scaled experiment losing-trade limit reached: 2/2
2026-08-21T11:52:59 | INFO     | session_runner | Risk rejected QQQ: Scaled experiment losing-trade limit reached: 2/2
2026-08-21T11:52:59 | INFO     | app.trading.trade_journal | Journal rejection 1398: QQQ — Scaled experiment losing-trade limit reached: 2/2
2026-08-21T11:52:59 | INFO     | session_runner | Stale signal: QQQ/orb age=103 min > max 60 min — skipped
2026-08-21T11:52:59 | INFO     | session_runner | Stale signal: QQQ/vwap_reclaim age=163 min > max 60 min — skipped
2026-08-21T11:53:29 | INFO     | session_runner | [cycle 268] 11:53:29 ET | positions=0 | entries=2
2026-08-21T11:53:29 | INFO     | session_runner | [bridge:SPY] rsi_trend ready: sufficient bars
2026-08-21T11:53:29 | INFO     | app.strategies.liquidity_filter | LiquidityFilter: selected SPY260821C00769000 | delta=N/A | spread_pct=0.030 | OI=5284 | vol=151999
2026-08-21T11:53:29 | INFO     | session_runner | Paper scaled sizing | SPY260821C00769000 | ask=0.3400 | budget=$250.00 | qty=7 | premium=$238.00 | cap=10
2026-08-21T11:53:29 | WARNING  | app.risk.risk_manager | RiskManager: REJECTED OrderSide.BUY_TO_OPEN SPY260821C00769000 | REJECTED | Scaled experiment losing-trade limit reached: 2/2
2026-08-21T11:53:29 | INFO     | session_runner | Risk rejected SPY: Scaled experiment losing-trade limit reached: 2/2
2026-08-21T11:53:29 | INFO     | app.trading.trade_journal | Journal rejection 1399: SPY — Scaled experiment losing-trade limit reached: 2/2
2026-08-21T11:53:29 | INFO     | session_runner | Stale signal: SPY/vwap_reclaim age=93 min > max 60 min — skipped
2026-08-21T11:53:29 | INFO     | session_runner | Stale signal: SPY/vwap_reclaim age=118 min > max 60 min — skipped
2026-08-21T11:53:30 | INFO     | session_runner | [bridge:QQQ] rsi_trend ready: sufficient bars
2026-08-21T11:53:30 | INFO     | app.strategies.liquidity_filter | LiquidityFilter: selected QQQ260821C00718000 | delta=N/A | spread_pct=0.034 | OI=6599 | vol=14174
2026-08-21T11:53:30 | INFO     | session_runner | Paper scaled sizing | QQQ260821C00718000 | ask=0.3000 | budget=$250.00 | qty=8 | premium=$240.00 | cap=10
2026-08-21T11:53:30 | WARNING  | app.risk.risk_manager | RiskManager: REJECTED OrderSide.BUY_TO_OPEN QQQ260821C00718000 | REJECTED | Scaled experiment losing-trade limit reached: 2/2
2026-08-21T11:53:30 | INFO     | session_runner | Risk rejected QQQ: Scaled experiment losing-trade limit reached: 2/2
2026-08-21T11:53:30 | INFO     | app.trading.trade_journal | Journal rejection 1400: QQQ — Scaled experiment losing-trade limit reached: 2/2
2026-08-21T11:53:30 | INFO     | session_runner | Stale signal: QQQ/orb age=103 min > max 60 min — skipped
2026-08-21T11:53:30 | INFO     | session_runner | Stale signal: QQQ/vwap_reclaim age=163 min > max 60 min — skipped
2026-08-21T11:54:00 | INFO     | session_runner | [cycle 269] 11:54:00 ET | positions=0 | entries=2
2026-08-21T11:54:00 | INFO     | app.trading.reconciler | Reconciliation done: broker_pos=0 local_pos=0 broker_orders=0 local_pending=0 repaired=0 flagged=0 orders_confirmed=True positions_confirmed=True
2026-08-21T11:54:01 | INFO     | session_runner | [bridge:SPY] rsi_trend ready: sufficient bars
2026-08-21T11:54:02 | INFO     | app.strategies.liquidity_filter | LiquidityFilter: selected SPY260821C00768000 | delta=N/A | spread_pct=0.013 | OI=5625 | vol=163038
2026-08-21T11:54:02 | INFO     | session_runner | Paper scaled sizing | SPY260821C00768000 | ask=0.7500 | budget=$250.00 | qty=3 | premium=$225.00 | cap=10
2026-08-21T11:54:02 | WARNING  | app.risk.risk_manager | RiskManager: REJECTED OrderSide.BUY_TO_OPEN SPY260821C00768000 | REJECTED | Scaled experiment losing-trade limit reached: 2/2
2026-08-21T11:54:02 | INFO     | session_runner | Risk rejected SPY: Scaled experiment losing-trade limit reached: 2/2
2026-08-21T11:54:02 | INFO     | app.trading.trade_journal | Journal rejection 1401: SPY — Scaled experiment losing-trade limit reached: 2/2
2026-08-21T11:54:02 | INFO     | session_runner | Stale signal: SPY/vwap_reclaim age=94 min > max 60 min — skipped
2026-08-21T11:54:02 | INFO     | session_runner | Stale signal: SPY/vwap_reclaim age=119 min > max 60 min — skipped
2026-08-21T11:54:02 | INFO     | session_runner | [bridge:QQQ] rsi_trend ready: sufficient bars
2026-08-21T11:54:03 | INFO     | app.strategies.liquidity_filter | LiquidityFilter: selected QQQ260821C00718000 | delta=N/A | spread_pct=0.031 | OI=6599 | vol=14408
2026-08-21T11:54:03 | INFO     | session_runner | Paper scaled sizing | QQQ260821C00718000 | ask=0.3300 | budget=$250.00 | qty=7 | premium=$231.00 | cap=10
2026-08-21T11:54:03 | WARNING  | app.risk.risk_manager | RiskManager: REJECTED OrderSide.BUY_TO_OPEN QQQ260821C00718000 | REJECTED | Scaled experiment losing-trade limit reached: 2/2
2026-08-21T11:54:03 | INFO     | session_runner | Risk rejected QQQ: Scaled experiment losing-trade limit reached: 2/2
2026-08-21T11:54:03 | INFO     | app.trading.trade_journal | Journal rejection 1402: QQQ — Scaled experiment losing-trade limit reached: 2/2
2026-08-21T11:54:03 | INFO     | session_runner | Stale signal: QQQ/orb age=104 min > max 60 min — skipped
2026-08-21T11:54:03 | INFO     | session_runner | Stale signal: QQQ/vwap_reclaim age=164 min > max 60 min — skipped
2026-08-21T11:54:33 | INFO     | session_runner | [cycle 270] 11:54:33 ET | positions=0 | entries=2
2026-08-21T11:54:33 | INFO     | session_runner | [bridge:SPY] rsi_trend ready: sufficient bars
2026-08-21T11:54:33 | INFO     | app.strategies.liquidity_filter | LiquidityFilter: selected SPY260821C00768000 | delta=N/A | spread_pct=0.014 | OI=5625 | vol=163038
2026-08-21T11:54:33 | INFO     | session_runner | Paper scaled sizing | SPY260821C00768000 | ask=0.7400 | budget=$250.00 | qty=3 | premium=$222.00 | cap=10
2026-08-21T11:54:33 | WARNING  | app.risk.risk_manager | RiskManager: REJECTED OrderSide.BUY_TO_OPEN SPY260821C00768000 | REJECTED | Scaled experiment losing-trade limit reached: 2/2
2026-08-21T11:54:33 | INFO     | session_runner | Risk rejected SPY: Scaled experiment losing-trade limit reached: 2/2
2026-08-21T11:54:33 | INFO     | app.trading.trade_journal | Journal rejection 1403: SPY — Scaled experiment losing-trade limit reached: 2/2
2026-08-21T11:54:33 | INFO     | session_runner | Stale signal: SPY/vwap_reclaim age=95 min > max 60 min — skipped
2026-08-21T11:54:33 | INFO     | session_runner | Stale signal: SPY/vwap_reclaim age=120 min > max 60 min — skipped
2026-08-21T11:54:34 | INFO     | session_runner | [bridge:QQQ] rsi_trend ready: sufficient bars
2026-08-21T11:54:34 | INFO     | app.strategies.liquidity_filter | LiquidityFilter: selected QQQ260821C00717500 | delta=N/A | spread_pct=0.025 | OI=1907 | vol=8005
2026-08-21T11:54:34 | INFO     | session_runner | Paper scaled sizing | QQQ260821C00717500 | ask=0.4100 | budget=$250.00 | qty=6 | premium=$246.00 | cap=10
2026-08-21T11:54:34 | WARNING  | app.risk.risk_manager | RiskManager: REJECTED OrderSide.BUY_TO_OPEN QQQ260821C00717500 | REJECTED | Scaled experiment losing-trade limit reached: 2/2
2026-08-21T11:54:34 | INFO     | session_runner | Risk rejected QQQ: Scaled experiment losing-trade limit reached: 2/2
2026-08-21T11:54:34 | INFO     | app.trading.trade_journal | Journal rejection 1404: QQQ — Scaled experiment losing-trade limit reached: 2/2
2026-08-21T11:54:34 | INFO     | session_runner | Stale signal: QQQ/orb age=105 min > max 60 min — skipped
2026-08-21T11:54:34 | INFO     | session_runner | Stale signal: QQQ/vwap_reclaim age=165 min > max 60 min — skipped
2026-08-21T11:55:04 | INFO     | session_runner | [cycle 271] 11:55:04 ET | positions=0 | entries=2
2026-08-21T11:55:05 | INFO     | session_runner | [bridge:SPY] rsi_trend ready: sufficient bars
2026-08-21T11:55:05 | INFO     | session_runner | Stale signal: SPY/vwap_reclaim age=60 min > max 60 min — skipped
2026-08-21T11:55:05 | INFO     | session_runner | Stale signal: SPY/vwap_reclaim age=95 min > max 60 min — skipped
2026-08-21T11:55:05 | INFO     | session_runner | Stale signal: SPY/vwap_reclaim age=120 min > max 60 min — skipped
2026-08-21T11:55:05 | INFO     | session_runner | [bridge:QQQ] rsi_trend ready: sufficient bars
2026-08-21T11:55:06 | INFO     | app.strategies.liquidity_filter | LiquidityFilter: selected QQQ260821C00717000 | delta=N/A | spread_pct=0.022 | OI=6840 | vol=56896
2026-08-21T11:55:06 | INFO     | session_runner | Paper scaled sizing | QQQ260821C00717000 | ask=0.4700 | budget=$250.00 | qty=5 | premium=$235.00 | cap=10
2026-08-21T11:55:06 | WARNING  | app.risk.risk_manager | RiskManager: REJECTED OrderSide.BUY_TO_OPEN QQQ260821C00717000 | REJECTED | Scaled experiment losing-trade limit reached: 2/2
2026-08-21T11:55:06 | INFO     | session_runner | Risk rejected QQQ: Scaled experiment losing-trade limit reached: 2/2
2026-08-21T11:55:06 | INFO     | app.trading.trade_journal | Journal rejection 1405: QQQ — Scaled experiment losing-trade limit reached: 2/2
2026-08-21T11:55:06 | INFO     | session_runner | Stale signal: QQQ/orb age=105 min > max 60 min — skipped
2026-08-21T11:55:06 | INFO     | session_runner | Stale signal: QQQ/vwap_reclaim age=165 min > max 60 min — skipped
2026-08-21T11:55:36 | INFO     | session_runner | [cycle 272] 11:55:36 ET | positions=0 | entries=2
2026-08-21T11:55:37 | INFO     | session_runner | [bridge:SPY] rsi_trend ready: sufficient bars
2026-08-21T11:55:37 | INFO     | session_runner | Stale signal: SPY/vwap_reclaim age=61 min > max 60 min — skipped
2026-08-21T11:55:37 | INFO     | session_runner | Stale signal: SPY/vwap_reclaim age=96 min > max 60 min — skipped
2026-08-21T11:55:37 | INFO     | session_runner | Stale signal: SPY/vwap_reclaim age=121 min > max 60 min — skipped
2026-08-21T11:55:37 | INFO     | session_runner | [bridge:QQQ] rsi_trend ready: sufficient bars
2026-08-21T11:55:38 | INFO     | app.strategies.liquidity_filter | LiquidityFilter: selected QQQ260821C00717000 | delta=N/A | spread_pct=0.026 | OI=6840 | vol=56896
2026-08-21T11:55:38 | INFO     | session_runner | Paper scaled sizing | QQQ260821C00717000 | ask=0.3900 | budget=$250.00 | qty=6 | premium=$234.00 | cap=10
2026-08-21T11:55:38 | WARNING  | app.risk.risk_manager | RiskManager: REJECTED OrderSide.BUY_TO_OPEN QQQ260821C00717000 | REJECTED | Scaled experiment losing-trade limit reached: 2/2
2026-08-21T11:55:38 | INFO     | session_runner | Risk rejected QQQ: Scaled experiment losing-trade limit reached: 2/2
2026-08-21T11:55:38 | INFO     | app.trading.trade_journal | Journal rejection 1406: QQQ — Scaled experiment losing-trade limit reached: 2/2
2026-08-21T11:55:38 | INFO     | session_runner | Stale signal: QQQ/orb age=106 min > max 60 min — skipped
2026-08-21T11:55:38 | INFO     | session_runner | Stale signal: QQQ/vwap_reclaim age=166 min > max 60 min — skipped
2026-08-21T11:56:08 | INFO     | session_runner | [cycle 273] 11:56:08 ET | positions=0 | entries=2
2026-08-21T11:56:08 | INFO     | session_runner | [bridge:SPY] rsi_trend ready: sufficient bars
2026-08-21T11:56:08 | INFO     | session_runner | Stale signal: SPY/vwap_reclaim age=61 min > max 60 min — skipped
2026-08-21T11:56:08 | INFO     | session_runner | Stale signal: SPY/vwap_reclaim age=96 min > max 60 min — skipped
2026-08-21T11:56:08 | INFO     | session_runner | Stale signal: SPY/vwap_reclaim age=121 min > max 60 min — skipped
2026-08-21T11:56:09 | INFO     | session_runner | [bridge:QQQ] rsi_trend ready: sufficient bars
2026-08-21T11:56:09 | INFO     | app.strategies.liquidity_filter | LiquidityFilter: selected QQQ260821C00717000 | delta=N/A | spread_pct=0.026 | OI=6840 | vol=58210
2026-08-21T11:56:09 | INFO     | session_runner | Paper scaled sizing | QQQ260821C00717000 | ask=0.3900 | budget=$250.00 | qty=6 | premium=$234.00 | cap=10
2026-08-21T11:56:09 | WARNING  | app.risk.risk_manager | RiskManager: REJECTED OrderSide.BUY_TO_OPEN QQQ260821C00717000 | REJECTED | Scaled experiment losing-trade limit reached: 2/2
2026-08-21T11:56:09 | INFO     | session_runner | Risk rejected QQQ: Scaled experiment losing-trade limit reached: 2/2
2026-08-21T11:56:09 | INFO     | app.trading.trade_journal | Journal rejection 1407: QQQ — Scaled experiment losing-trade limit reached: 2/2
2026-08-21T11:56:09 | INFO     | session_runner | Stale signal: QQQ/orb age=106 min > max 60 min — skipped
2026-08-21T11:56:09 | INFO     | session_runner | Stale signal: QQQ/vwap_reclaim age=166 min > max 60 min — skipped
2026-08-21T11:56:39 | INFO     | session_runner | [cycle 274] 11:56:39 ET | positions=0 | entries=2
2026-08-21T11:56:40 | INFO     | session_runner | [bridge:SPY] rsi_trend ready: sufficient bars
2026-08-21T11:56:40 | INFO     | session_runner | Stale signal: SPY/vwap_reclaim age=62 min > max 60 min — skipped
2026-08-21T11:56:40 | INFO     | session_runner | Stale signal: SPY/vwap_reclaim age=97 min > max 60 min — skipped
2026-08-21T11:56:40 | INFO     | session_runner | Stale signal: SPY/vwap_reclaim age=122 min > max 60 min — skipped
2026-08-21T11:56:40 | INFO     | session_runner | [bridge:QQQ] rsi_trend ready: sufficient bars
2026-08-21T11:56:40 | INFO     | app.strategies.liquidity_filter | LiquidityFilter: selected QQQ260821C00717000 | delta=N/A | spread_pct=0.027 | OI=6840 | vol=58210
2026-08-21T11:56:40 | INFO     | session_runner | Paper scaled sizing | QQQ260821C00717000 | ask=0.3700 | budget=$250.00 | qty=6 | premium=$222.00 | cap=10
2026-08-21T11:56:40 | WARNING  | app.risk.risk_manager | RiskManager: REJECTED OrderSide.BUY_TO_OPEN QQQ260821C00717000 | REJECTED | Scaled experiment losing-trade limit reached: 2/2
2026-08-21T11:56:40 | INFO     | session_runner | Risk rejected QQQ: Scaled experiment losing-trade limit reached: 2/2
2026-08-21T11:56:40 | INFO     | app.trading.trade_journal | Journal rejection 1408: QQQ — Scaled experiment losing-trade limit reached: 2/2
2026-08-21T11:56:40 | INFO     | session_runner | Stale signal: QQQ/orb age=107 min > max 60 min — skipped
2026-08-21T11:56:40 | INFO     | session_runner | Stale signal: QQQ/vwap_reclaim age=167 min > max 60 min — skipped
2026-08-21T11:57:10 | INFO     | session_runner | [cycle 275] 11:57:10 ET | positions=0 | entries=2
2026-08-21T11:57:11 | INFO     | session_runner | [bridge:SPY] rsi_trend ready: sufficient bars
2026-08-21T11:57:11 | INFO     | session_runner | Stale signal: SPY/vwap_reclaim age=62 min > max 60 min — skipped
2026-08-21T11:57:11 | INFO     | session_runner | Stale signal: SPY/vwap_reclaim age=97 min > max 60 min — skipped
2026-08-21T11:57:11 | INFO     | session_runner | Stale signal: SPY/vwap_reclaim age=122 min > max 60 min — skipped
2026-08-21T11:57:11 | INFO     | session_runner | [bridge:QQQ] rsi_trend ready: sufficient bars
2026-08-21T11:57:12 | INFO     | app.strategies.liquidity_filter | LiquidityFilter: selected QQQ260821C00717500 | delta=N/A | spread_pct=0.044 | OI=1907 | vol=8883
2026-08-21T11:57:12 | INFO     | session_runner | Paper scaled sizing | QQQ260821C00717500 | ask=0.2300 | budget=$250.00 | qty=10 | premium=$230.00 | cap=10
2026-08-21T11:57:12 | WARNING  | app.risk.risk_manager | RiskManager: REJECTED OrderSide.BUY_TO_OPEN QQQ260821C00717500 | REJECTED | Scaled experiment losing-trade limit reached: 2/2
2026-08-21T11:57:12 | INFO     | session_runner | Risk rejected QQQ: Scaled experiment losing-trade limit reached: 2/2
2026-08-21T11:57:12 | INFO     | app.trading.trade_journal | Journal rejection 1409: QQQ — Scaled experiment losing-trade limit reached: 2/2
2026-08-21T11:57:12 | INFO     | session_runner | Stale signal: QQQ/orb age=107 min > max 60 min — skipped
2026-08-21T11:57:12 | INFO     | session_runner | Stale signal: QQQ/vwap_reclaim age=167 min > max 60 min — skipped
2026-08-21T11:57:42 | INFO     | session_runner | [cycle 276] 11:57:42 ET | positions=0 | entries=2
2026-08-21T11:57:42 | INFO     | session_runner | [bridge:SPY] rsi_trend ready: sufficient bars
2026-08-21T11:57:42 | INFO     | session_runner | Stale signal: SPY/vwap_reclaim age=63 min > max 60 min — skipped
2026-08-21T11:57:42 | INFO     | session_runner | Stale signal: SPY/vwap_reclaim age=98 min > max 60 min — skipped
2026-08-21T11:57:42 | INFO     | session_runner | Stale signal: SPY/vwap_reclaim age=123 min > max 60 min — skipped
2026-08-21T11:57:43 | INFO     | session_runner | [bridge:QQQ] rsi_trend ready: sufficient bars
2026-08-21T11:57:43 | INFO     | app.strategies.liquidity_filter | LiquidityFilter: selected QQQ260821C00717000 | delta=N/A | spread_pct=0.030 | OI=6840 | vol=59541
2026-08-21T11:57:43 | INFO     | session_runner | Paper scaled sizing | QQQ260821C00717000 | ask=0.3400 | budget=$250.00 | qty=7 | premium=$238.00 | cap=10
2026-08-21T11:57:43 | WARNING  | app.risk.risk_manager | RiskManager: REJECTED OrderSide.BUY_TO_OPEN QQQ260821C00717000 | REJECTED | Scaled experiment losing-trade limit reached: 2/2
2026-08-21T11:57:43 | INFO     | session_runner | Risk rejected QQQ: Scaled experiment losing-trade limit reached: 2/2
2026-08-21T11:57:43 | INFO     | app.trading.trade_journal | Journal rejection 1410: QQQ — Scaled experiment losing-trade limit reached: 2/2
2026-08-21T11:57:43 | INFO     | session_runner | Stale signal: QQQ/orb age=108 min > max 60 min — skipped
2026-08-21T11:57:43 | INFO     | session_runner | Stale signal: QQQ/vwap_reclaim age=168 min > max 60 min — skipped
2026-08-21T11:58:13 | INFO     | session_runner | [cycle 277] 11:58:13 ET | positions=0 | entries=2
2026-08-21T11:58:13 | INFO     | session_runner | Periodic universe re-scan …
2026-08-21T11:58:13 | INFO     | app.scanning.universe_loader | UniverseLoader: loaded 5 groups (13 flat symbols) from /root/trader/config/ticker_universe.yaml (blacklist=0)
2026-08-21T11:58:13 | INFO     | app.scanning.universe_loader | UniverseLoader: 10 symbols from 2 group(s) (blacklist=0)
2026-08-21T11:58:13 | INFO     | session_runner | Universe scan: 10 symbols from 2 group(s) | max_active=3
2026-08-21T11:58:14 | INFO     | session_runner | Scan: 5 passed, 5 rejected
2026-08-21T11:58:14 | INFO     | session_runner |   SMH     score=60.0  signal=SHORT    reasons: atr=3.09% (wide-range), orb_breakdown, trend_down
2026-08-21T11:58:14 | INFO     | session_runner |   SPY     score=58.0  signal=LONG     reasons: atr=0.79% (minimal range), orb_breakout, trend_up
2026-08-21T11:58:14 | INFO     | session_runner |   IWM     score=56.0  signal=LONG     reasons: rvol=1.13x (normal), atr=1.09% (good range), near_orb_level
2026-08-21T11:58:14 | INFO     | session_runner |   QQQ     score=43.0  signal=LONG     reasons: atr=1.34% (good range), near_orb_level, trend_sideways
2026-08-21T11:58:14 | INFO     | session_runner |   AAPL    score=42.0  signal=LONG     reasons: atr=2.26% (wide-range), trend_sideways, rsi=50 (healthy)
2026-08-21T11:58:14 | INFO     | app.strategies.liquidity_filter | LiquidityFilter: selected AAPL260821C00312500 | delta=N/A | spread_pct=0.024 | OI=7192 | vol=77246
2026-08-21T11:58:14 | INFO     | app.scanning.alpaca_confirmer | AlpacaConfirmer: confirmed AAPL | AAPL260821C00312500 | exp=2026-08-21 | spread=2.35% | OI=7192 | vol=77246
2026-08-21T11:58:15 | INFO     | app.strategies.liquidity_filter | LiquidityFilter: selected IWM260821C00299000 | delta=N/A | spread_pct=0.027 | OI=3811 | vol=31642
2026-08-21T11:58:15 | INFO     | app.scanning.alpaca_confirmer | AlpacaConfirmer: confirmed IWM | IWM260821C00299000 | exp=2026-08-21 | spread=2.74% | OI=3811 | vol=31642
2026-08-21T11:58:15 | INFO     | app.strategies.liquidity_filter | LiquidityFilter: selected SPY260821C00767000 | delta=N/A | spread_pct=0.011 | OI=4561 | vol=234681
2026-08-21T11:58:15 | INFO     | app.scanning.alpaca_confirmer | AlpacaConfirmer: confirmed SPY | SPY260821C00767000 | exp=2026-08-21 | spread=1.09% | OI=4561 | vol=234681
2026-08-21T11:58:15 | INFO     | app.strategies.liquidity_filter | LiquidityFilter: selected QQQ260821C00717500 | delta=N/A | spread_pct=0.043 | OI=1907 | vol=8979
2026-08-21T11:58:15 | INFO     | app.scanning.alpaca_confirmer | AlpacaConfirmer: confirmed QQQ | QQQ260821C00717500 | exp=2026-08-21 | spread=4.26% | OI=1907 | vol=8979
2026-08-21T11:58:15 | INFO     | app.strategies.liquidity_filter | LiquidityFilter: no qualifying contracts for SMH SignalDirection.SHORT | total_candidates=204
2026-08-21T11:58:15 | INFO     | app.scanning.alpaca_confirmer | AlpacaConfirmer: liquidity_rejected_cost_cap | symbol=SMH | option_symbol=SMH260821P00590000 | ask=30.51 | ask_x_100=3051 | max_contract_cost=988
2026-08-21T11:58:15 | INFO     | app.scanning.alpaca_confirmer | AlpacaConfirmer: liquidity_rejected_cost_cap | symbol=SMH | option_symbol=SMH260821P00610000 | ask=50.18 | ask_x_100=5018 | max_contract_cost=988
2026-08-21T11:58:15 | INFO     | app.scanning.alpaca_confirmer | AlpacaConfirmer: liquidity_rejected_cost_cap | symbol=SMH | option_symbol=SMH260821P00615000 | ask=55.34 | ask_x_100=5534 | max_contract_cost=988
2026-08-21T11:58:15 | INFO     | app.scanning.alpaca_confirmer | AlpacaConfirmer: liquidity_rejected_cost_cap | symbol=SMH | option_symbol=SMH260821P00655000 | ask=94.74 | ask_x_100=9474 | max_contract_cost=988
2026-08-21T11:58:15 | INFO     | app.scanning.alpaca_confirmer | AlpacaConfirmer: no liquid contract for SMH (signal=SHORT)
2026-08-21T11:58:15 | INFO     | session_runner | AlpacaConfirmer: 3 confirmed symbols: ['SPY', 'IWM', 'QQQ']
2026-08-21T11:58:15 | INFO     | session_runner | Re-scan updated active symbols: ['SPY', 'IWM', 'QQQ']
2026-08-21T11:58:15 | INFO     | session_runner | Broad-market regime | SPY=long
2026-08-21T11:58:15 | INFO     | session_runner | [bridge:SPY] rsi_trend ready: sufficient bars
2026-08-21T11:58:15 | INFO     | session_runner | Stale signal: SPY/vwap_reclaim age=63 min > max 60 min — skipped
2026-08-21T11:58:15 | INFO     | session_runner | Stale signal: SPY/vwap_reclaim age=98 min > max 60 min — skipped
2026-08-21T11:58:15 | INFO     | session_runner | Stale signal: SPY/vwap_reclaim age=123 min > max 60 min — skipped
2026-08-21T11:58:15 | INFO     | session_runner | [bridge:QQQ] rsi_trend ready: sufficient bars
2026-08-21T11:58:16 | INFO     | app.strategies.liquidity_filter | LiquidityFilter: selected QQQ260821C00717000 | delta=N/A | spread_pct=0.032 | OI=6840 | vol=61157
2026-08-21T11:58:16 | INFO     | session_runner | Paper scaled sizing | QQQ260821C00717000 | ask=0.3200 | budget=$250.00 | qty=7 | premium=$224.00 | cap=10
2026-08-21T11:58:16 | WARNING  | app.risk.risk_manager | RiskManager: REJECTED OrderSide.BUY_TO_OPEN QQQ260821C00717000 | REJECTED | Scaled experiment losing-trade limit reached: 2/2
2026-08-21T11:58:16 | INFO     | session_runner | Risk rejected QQQ: Scaled experiment losing-trade limit reached: 2/2
2026-08-21T11:58:16 | INFO     | app.trading.trade_journal | Journal rejection 1411: QQQ — Scaled experiment losing-trade limit reached: 2/2
2026-08-21T11:58:16 | INFO     | session_runner | Stale signal: QQQ/orb age=108 min > max 60 min — skipped
2026-08-21T11:58:16 | INFO     | session_runner | Stale signal: QQQ/vwap_reclaim age=168 min > max 60 min — skipped
2026-08-21T11:58:46 | INFO     | session_runner | [cycle 278] 11:58:46 ET | positions=0 | entries=2
2026-08-21T11:58:46 | INFO     | session_runner | [bridge:SPY] rsi_trend ready: sufficient bars
2026-08-21T11:58:46 | INFO     | session_runner | Stale signal: SPY/vwap_reclaim age=64 min > max 60 min — skipped
2026-08-21T11:58:46 | INFO     | session_runner | Stale signal: SPY/vwap_reclaim age=99 min > max 60 min — skipped
2026-08-21T11:58:46 | INFO     | session_runner | Stale signal: SPY/vwap_reclaim age=124 min > max 60 min — skipped
2026-08-21T11:58:47 | INFO     | session_runner | [bridge:QQQ] rsi_trend ready: sufficient bars
2026-08-21T11:58:47 | INFO     | app.strategies.liquidity_filter | LiquidityFilter: selected QQQ260821C00716000 | delta=N/A | spread_pct=0.017 | OI=5826 | vol=88007
2026-08-21T11:58:47 | INFO     | session_runner | Paper scaled sizing | QQQ260821C00716000 | ask=0.5800 | budget=$250.00 | qty=4 | premium=$232.00 | cap=10
2026-08-21T11:58:47 | WARNING  | app.risk.risk_manager | RiskManager: REJECTED OrderSide.BUY_TO_OPEN QQQ260821C00716000 | REJECTED | Scaled experiment losing-trade limit reached: 2/2
2026-08-21T11:58:47 | INFO     | session_runner | Risk rejected QQQ: Scaled experiment losing-trade limit reached: 2/2
2026-08-21T11:58:47 | INFO     | app.trading.trade_journal | Journal rejection 1412: QQQ — Scaled experiment losing-trade limit reached: 2/2
2026-08-21T11:58:47 | INFO     | session_runner | Stale signal: QQQ/orb age=109 min > max 60 min — skipped
2026-08-21T11:58:47 | INFO     | session_runner | Stale signal: QQQ/vwap_reclaim age=169 min > max 60 min — skipped
2026-08-21T11:59:17 | INFO     | session_runner | [cycle 279] 11:59:17 ET | positions=0 | entries=2
2026-08-21T11:59:17 | INFO     | session_runner | [bridge:SPY] rsi_trend ready: sufficient bars
2026-08-21T11:59:17 | INFO     | session_runner | Stale signal: SPY/vwap_reclaim age=64 min > max 60 min — skipped
2026-08-21T11:59:17 | INFO     | session_runner | Stale signal: SPY/vwap_reclaim age=99 min > max 60 min — skipped
2026-08-21T11:59:17 | INFO     | session_runner | Stale signal: SPY/vwap_reclaim age=124 min > max 60 min — skipped
2026-08-21T11:59:18 | INFO     | session_runner | [bridge:QQQ] rsi_trend ready: sufficient bars
2026-08-21T11:59:18 | INFO     | app.strategies.liquidity_filter | LiquidityFilter: selected QQQ260821C00716000 | delta=N/A | spread_pct=0.019 | OI=5826 | vol=89344
2026-08-21T11:59:18 | INFO     | session_runner | Paper scaled sizing | QQQ260821C00716000 | ask=0.5300 | budget=$250.00 | qty=4 | premium=$212.00 | cap=10
2026-08-21T11:59:18 | WARNING  | app.risk.risk_manager | RiskManager: REJECTED OrderSide.BUY_TO_OPEN QQQ260821C00716000 | REJECTED | Scaled experiment losing-trade limit reached: 2/2
2026-08-21T11:59:18 | INFO     | session_runner | Risk rejected QQQ: Scaled experiment losing-trade limit reached: 2/2
2026-08-21T11:59:18 | INFO     | app.trading.trade_journal | Journal rejection 1413: QQQ — Scaled experiment losing-trade limit reached: 2/2
2026-08-21T11:59:18 | INFO     | session_runner | Stale signal: QQQ/orb age=109 min > max 60 min — skipped
2026-08-21T11:59:18 | INFO     | session_runner | Stale signal: QQQ/vwap_reclaim age=169 min > max 60 min — skipped
2026-08-21T11:59:48 | INFO     | session_runner | [cycle 280] 11:59:48 ET | positions=0 | entries=2
2026-08-21T11:59:49 | INFO     | session_runner | [bridge:SPY] rsi_trend ready: sufficient bars
2026-08-21T11:59:49 | INFO     | session_runner | Stale signal: SPY/vwap_reclaim age=65 min > max 60 min — skipped
2026-08-21T11:59:49 | INFO     | session_runner | Stale signal: SPY/vwap_reclaim age=100 min > max 60 min — skipped
2026-08-21T11:59:49 | INFO     | session_runner | Stale signal: SPY/vwap_reclaim age=125 min > max 60 min — skipped
2026-08-21T11:59:49 | INFO     | session_runner | [bridge:QQQ] rsi_trend ready: sufficient bars
2026-08-21T11:59:49 | INFO     | app.strategies.liquidity_filter | LiquidityFilter: selected QQQ260821C00716000 | delta=N/A | spread_pct=0.019 | OI=5826 | vol=89344
2026-08-21T11:59:49 | INFO     | session_runner | Paper scaled sizing | QQQ260821C00716000 | ask=0.5200 | budget=$250.00 | qty=4 | premium=$208.00 | cap=10
2026-08-21T11:59:49 | WARNING  | app.risk.risk_manager | RiskManager: REJECTED OrderSide.BUY_TO_OPEN QQQ260821C00716000 | REJECTED | Scaled experiment losing-trade limit reached: 2/2
2026-08-21T11:59:49 | INFO     | session_runner | Risk rejected QQQ: Scaled experiment losing-trade limit reached: 2/2
2026-08-21T11:59:49 | INFO     | app.trading.trade_journal | Journal rejection 1414: QQQ — Scaled experiment losing-trade limit reached: 2/2
2026-08-21T11:59:49 | INFO     | session_runner | Stale signal: QQQ/orb age=110 min > max 60 min — skipped
2026-08-21T11:59:49 | INFO     | session_runner | Stale signal: QQQ/vwap_reclaim age=170 min > max 60 min — skipped
2026-08-21T12:00:19 | INFO     | session_runner | [cycle 281] 12:00:19 ET | positions=0 | entries=2
2026-08-21T12:00:20 | INFO     | session_runner | [bridge:SPY] rsi_trend ready: sufficient bars
2026-08-21T12:00:20 | INFO     | session_runner | Stale signal: SPY/vwap_reclaim age=65 min > max 60 min — skipped
2026-08-21T12:00:20 | INFO     | session_runner | Stale signal: SPY/vwap_reclaim age=100 min > max 60 min — skipped
2026-08-21T12:00:20 | INFO     | session_runner | Stale signal: SPY/vwap_reclaim age=125 min > max 60 min — skipped
2026-08-21T12:00:21 | INFO     | session_runner | [bridge:QQQ] rsi_trend ready: sufficient bars
2026-08-21T12:00:22 | INFO     | app.strategies.liquidity_filter | LiquidityFilter: selected QQQ260821C00717000 | delta=N/A | spread_pct=0.033 | OI=6840 | vol=62747
2026-08-21T12:00:22 | INFO     | session_runner | Paper scaled sizing | QQQ260821C00717000 | ask=0.3100 | budget=$250.00 | qty=8 | premium=$248.00 | cap=10
2026-08-21T12:00:22 | WARNING  | app.risk.risk_manager | RiskManager: REJECTED OrderSide.BUY_TO_OPEN QQQ260821C00717000 | REJECTED | Only 30 min before EOD exit (12:30 ET) — minimum 30 min required for new entries | Scaled experiment losing-trade limit reached: 2/2
2026-08-21T12:00:22 | INFO     | session_runner | Risk rejected QQQ: Only 30 min before EOD exit (12:30 ET) — minimum 30 min required for new entries; Scaled experiment losing-trade limit reached: 2/2
2026-08-21T12:00:22 | INFO     | app.trading.trade_journal | Journal rejection 1415: QQQ — Only 30 min before EOD exit (12:30 ET) — minimum 30 min required for new entries
2026-08-21T12:00:22 | INFO     | session_runner | Stale signal: QQQ/orb age=110 min > max 60 min — skipped
2026-08-21T12:00:22 | INFO     | session_runner | Stale signal: QQQ/vwap_reclaim age=170 min > max 60 min — skipped
2026-08-21T12:00:52 | INFO     | session_runner | [cycle 282] 12:00:52 ET | positions=0 | entries=2
2026-08-21T12:00:52 | INFO     | session_runner | [bridge:SPY] rsi_trend ready: sufficient bars
2026-08-21T12:00:52 | INFO     | session_runner | Stale signal: SPY/vwap_reclaim age=66 min > max 60 min — skipped
2026-08-21T12:00:52 | INFO     | session_runner | Stale signal: SPY/vwap_reclaim age=101 min > max 60 min — skipped
2026-08-21T12:00:52 | INFO     | session_runner | Stale signal: SPY/vwap_reclaim age=126 min > max 60 min — skipped
2026-08-21T12:00:53 | INFO     | session_runner | [bridge:QQQ] rsi_trend ready: sufficient bars
2026-08-21T12:00:54 | INFO     | app.strategies.liquidity_filter | LiquidityFilter: selected QQQ260821C00716000 | delta=N/A | spread_pct=0.024 | OI=5826 | vol=90443
2026-08-21T12:00:54 | INFO     | session_runner | Paper scaled sizing | QQQ260821C00716000 | ask=0.4300 | budget=$250.00 | qty=5 | premium=$215.00 | cap=10
2026-08-21T12:00:54 | WARNING  | app.risk.risk_manager | RiskManager: REJECTED OrderSide.BUY_TO_OPEN QQQ260821C00716000 | REJECTED | Only 29 min before EOD exit (12:30 ET) — minimum 30 min required for new entries | Scaled experiment losing-trade limit reached: 2/2
2026-08-21T12:00:54 | INFO     | session_runner | Risk rejected QQQ: Only 29 min before EOD exit (12:30 ET) — minimum 30 min required for new entries; Scaled experiment losing-trade limit reached: 2/2
2026-08-21T12:00:54 | INFO     | app.trading.trade_journal | Journal rejection 1416: QQQ — Only 29 min before EOD exit (12:30 ET) — minimum 30 min required for new entries
2026-08-21T12:00:54 | INFO     | session_runner | Stale signal: QQQ/orb age=111 min > max 60 min — skipped
2026-08-21T12:00:54 | INFO     | session_runner | Stale signal: QQQ/vwap_reclaim age=171 min > max 60 min — skipped
2026-08-21T12:01:24 | INFO     | session_runner | [cycle 283] 12:01:24 ET | positions=0 | entries=2
2026-08-21T12:01:24 | INFO     | session_runner | [bridge:SPY] rsi_trend ready: sufficient bars
2026-08-21T12:01:24 | INFO     | session_runner | Stale signal: SPY/vwap_reclaim age=66 min > max 60 min — skipped
2026-08-21T12:01:24 | INFO     | session_runner | Stale signal: SPY/vwap_reclaim age=101 min > max 60 min — skipped
2026-08-21T12:01:24 | INFO     | session_runner | Stale signal: SPY/vwap_reclaim age=126 min > max 60 min — skipped
2026-08-21T12:01:25 | INFO     | session_runner | [bridge:QQQ] rsi_trend ready: sufficient bars
2026-08-21T12:01:25 | INFO     | app.strategies.liquidity_filter | LiquidityFilter: selected QQQ260821C00717500 | delta=N/A | spread_pct=0.044 | OI=1907 | vol=9423
2026-08-21T12:01:25 | INFO     | session_runner | Paper scaled sizing | QQQ260821C00717500 | ask=0.2300 | budget=$250.00 | qty=10 | premium=$230.00 | cap=10
2026-08-21T12:01:25 | WARNING  | app.risk.risk_manager | RiskManager: REJECTED OrderSide.BUY_TO_OPEN QQQ260821C00717500 | REJECTED | Only 29 min before EOD exit (12:30 ET) — minimum 30 min required for new entries | Scaled experiment losing-trade limit reached: 2/2
2026-08-21T12:01:25 | INFO     | session_runner | Risk rejected QQQ: Only 29 min before EOD exit (12:30 ET) — minimum 30 min required for new entries; Scaled experiment losing-trade limit reached: 2/2
2026-08-21T12:01:25 | INFO     | app.trading.trade_journal | Journal rejection 1417: QQQ — Only 29 min before EOD exit (12:30 ET) — minimum 30 min required for new entries
2026-08-21T12:01:25 | INFO     | session_runner | Stale signal: QQQ/orb age=111 min > max 60 min — skipped
2026-08-21T12:01:25 | INFO     | session_runner | Stale signal: QQQ/vwap_reclaim age=171 min > max 60 min — skipped
2026-08-21T12:01:56 | INFO     | session_runner | [cycle 284] 12:01:56 ET | positions=0 | entries=2
2026-08-21T12:01:56 | INFO     | session_runner | [bridge:SPY] rsi_trend ready: sufficient bars
2026-08-21T12:01:56 | INFO     | session_runner | Stale signal: SPY/vwap_reclaim age=67 min > max 60 min — skipped
2026-08-21T12:01:56 | INFO     | session_runner | Stale signal: SPY/vwap_reclaim age=102 min > max 60 min — skipped
2026-08-21T12:01:56 | INFO     | session_runner | Stale signal: SPY/vwap_reclaim age=127 min > max 60 min — skipped
2026-08-21T12:01:56 | INFO     | session_runner | [bridge:QQQ] rsi_trend ready: sufficient bars
2026-08-21T12:01:57 | INFO     | app.strategies.liquidity_filter | LiquidityFilter: selected QQQ260821C00717000 | delta=N/A | spread_pct=0.034 | OI=6840 | vol=63884
2026-08-21T12:01:57 | INFO     | session_runner | Paper scaled sizing | QQQ260821C00717000 | ask=0.3000 | budget=$250.00 | qty=8 | premium=$240.00 | cap=10
2026-08-21T12:01:57 | WARNING  | app.risk.risk_manager | RiskManager: REJECTED OrderSide.BUY_TO_OPEN QQQ260821C00717000 | REJECTED | Only 28 min before EOD exit (12:30 ET) — minimum 30 min required for new entries | Scaled experiment losing-trade limit reached: 2/2
2026-08-21T12:01:57 | INFO     | session_runner | Risk rejected QQQ: Only 28 min before EOD exit (12:30 ET) — minimum 30 min required for new entries; Scaled experiment losing-trade limit reached: 2/2
2026-08-21T12:01:57 | INFO     | app.trading.trade_journal | Journal rejection 1418: QQQ — Only 28 min before EOD exit (12:30 ET) — minimum 30 min required for new entries
2026-08-21T12:01:57 | INFO     | session_runner | Stale signal: QQQ/orb age=112 min > max 60 min — skipped
2026-08-21T12:01:57 | INFO     | session_runner | Stale signal: QQQ/vwap_reclaim age=172 min > max 60 min — skipped
2026-08-21T12:02:27 | INFO     | session_runner | [cycle 285] 12:02:27 ET | positions=0 | entries=2
2026-08-21T12:02:27 | INFO     | session_runner | [bridge:SPY] rsi_trend ready: sufficient bars
2026-08-21T12:02:27 | INFO     | session_runner | Stale signal: SPY/vwap_reclaim age=67 min > max 60 min — skipped
2026-08-21T12:02:27 | INFO     | session_runner | Stale signal: SPY/vwap_reclaim age=102 min > max 60 min — skipped
2026-08-21T12:02:27 | INFO     | session_runner | Stale signal: SPY/vwap_reclaim age=127 min > max 60 min — skipped
2026-08-21T12:02:28 | INFO     | session_runner | [bridge:QQQ] rsi_trend ready: sufficient bars
2026-08-21T12:02:28 | INFO     | app.strategies.liquidity_filter | LiquidityFilter: selected QQQ260821C00717000 | delta=N/A | spread_pct=0.038 | OI=6840 | vol=64922
2026-08-21T12:02:28 | INFO     | session_runner | Paper scaled sizing | QQQ260821C00717000 | ask=0.2700 | budget=$250.00 | qty=9 | premium=$243.00 | cap=10
2026-08-21T12:02:28 | WARNING  | app.risk.risk_manager | RiskManager: REJECTED OrderSide.BUY_TO_OPEN QQQ260821C00717000 | REJECTED | Only 28 min before EOD exit (12:30 ET) — minimum 30 min required for new entries | Scaled experiment losing-trade limit reached: 2/2
2026-08-21T12:02:28 | INFO     | session_runner | Risk rejected QQQ: Only 28 min before EOD exit (12:30 ET) — minimum 30 min required for new entries; Scaled experiment losing-trade limit reached: 2/2
2026-08-21T12:02:28 | INFO     | app.trading.trade_journal | Journal rejection 1419: QQQ — Only 28 min before EOD exit (12:30 ET) — minimum 30 min required for new entries
2026-08-21T12:02:28 | INFO     | session_runner | Stale signal: QQQ/orb age=112 min > max 60 min — skipped
2026-08-21T12:02:28 | INFO     | session_runner | Stale signal: QQQ/vwap_reclaim age=172 min > max 60 min — skipped
2026-08-21T12:02:58 | INFO     | session_runner | [cycle 286] 12:02:58 ET | positions=0 | entries=2
2026-08-21T12:02:58 | INFO     | session_runner | [bridge:SPY] rsi_trend ready: sufficient bars
2026-08-21T12:02:58 | INFO     | session_runner | Stale signal: SPY/vwap_reclaim age=68 min > max 60 min — skipped
2026-08-21T12:02:58 | INFO     | session_runner | Stale signal: SPY/vwap_reclaim age=103 min > max 60 min — skipped
2026-08-21T12:02:58 | INFO     | session_runner | Stale signal: SPY/vwap_reclaim age=128 min > max 60 min — skipped
2026-08-21T12:02:59 | INFO     | session_runner | [bridge:QQQ] rsi_trend ready: sufficient bars
2026-08-21T12:02:59 | INFO     | app.strategies.liquidity_filter | LiquidityFilter: selected QQQ260821C00716000 | delta=N/A | spread_pct=0.021 | OI=5826 | vol=91441
2026-08-21T12:02:59 | INFO     | session_runner | Paper scaled sizing | QQQ260821C00716000 | ask=0.4800 | budget=$250.00 | qty=5 | premium=$240.00 | cap=10
2026-08-21T12:02:59 | WARNING  | app.risk.risk_manager | RiskManager: REJECTED OrderSide.BUY_TO_OPEN QQQ260821C00716000 | REJECTED | Only 27 min before EOD exit (12:30 ET) — minimum 30 min required for new entries | Scaled experiment losing-trade limit reached: 2/2
2026-08-21T12:02:59 | INFO     | session_runner | Risk rejected QQQ: Only 27 min before EOD exit (12:30 ET) — minimum 30 min required for new entries; Scaled experiment losing-trade limit reached: 2/2
2026-08-21T12:02:59 | INFO     | app.trading.trade_journal | Journal rejection 1420: QQQ — Only 27 min before EOD exit (12:30 ET) — minimum 30 min required for new entries
2026-08-21T12:02:59 | INFO     | session_runner | Stale signal: QQQ/orb age=113 min > max 60 min — skipped
2026-08-21T12:02:59 | INFO     | session_runner | Stale signal: QQQ/vwap_reclaim age=173 min > max 60 min — skipped
2026-08-21T12:03:30 | INFO     | session_runner | [cycle 287] 12:03:30 ET | positions=0 | entries=2
2026-08-21T12:03:30 | INFO     | session_runner | Periodic universe re-scan …
2026-08-21T12:03:30 | INFO     | app.scanning.universe_loader | UniverseLoader: loaded 5 groups (13 flat symbols) from /root/trader/config/ticker_universe.yaml (blacklist=0)
2026-08-21T12:03:30 | INFO     | app.scanning.universe_loader | UniverseLoader: 10 symbols from 2 group(s) (blacklist=0)
2026-08-21T12:03:30 | INFO     | session_runner | Universe scan: 10 symbols from 2 group(s) | max_active=3
2026-08-21T12:03:32 | INFO     | session_runner | Scan: 6 passed, 4 rejected
2026-08-21T12:03:32 | INFO     | session_runner |   SMH     score=70.0  signal=SHORT    reasons: atr=3.09% (wide-range), orb_breakdown, trend_down
2026-08-21T12:03:32 | INFO     | session_runner |   SPY     score=58.0  signal=LONG     reasons: atr=0.79% (minimal range), orb_breakout, trend_up
2026-08-21T12:03:32 | INFO     | session_runner |   IWM     score=56.0  signal=LONG     reasons: rvol=1.12x (normal), atr=1.09% (good range), near_orb_level
2026-08-21T12:03:32 | INFO     | session_runner |   XLE     score=50.0  signal=SHORT    reasons: rvol=1.42x (normal), atr=1.76% (wide-range), orb_breakdown
2026-08-21T12:03:32 | INFO     | session_runner |   QQQ     score=43.0  signal=LONG     reasons: atr=1.34% (good range), near_orb_level, trend_sideways
2026-08-21T12:03:32 | INFO     | app.strategies.liquidity_filter | LiquidityFilter: no qualifying contracts for XLE SignalDirection.SHORT | total_candidates=48
2026-08-21T12:03:32 | INFO     | app.scanning.alpaca_confirmer | AlpacaConfirmer: no liquid contract for XLE (signal=SHORT)
2026-08-21T12:03:32 | INFO     | app.strategies.liquidity_filter | LiquidityFilter: selected IWM260821C00299000 | delta=N/A | spread_pct=0.053 | OI=3811 | vol=31943
2026-08-21T12:03:32 | INFO     | app.scanning.alpaca_confirmer | AlpacaConfirmer: confirmed IWM | IWM260821C00299000 | exp=2026-08-21 | spread=5.26% | OI=3811 | vol=31943
2026-08-21T12:03:32 | INFO     | app.strategies.liquidity_filter | LiquidityFilter: selected AAPL260821C00312500 | delta=N/A | spread_pct=0.045 | OI=7192 | vol=80501
2026-08-21T12:03:32 | INFO     | app.scanning.alpaca_confirmer | AlpacaConfirmer: confirmed AAPL | AAPL260821C00312500 | exp=2026-08-21 | spread=4.55% | OI=7192 | vol=80501
2026-08-21T12:03:32 | INFO     | app.strategies.liquidity_filter | LiquidityFilter: no qualifying contracts for SMH SignalDirection.SHORT | total_candidates=204
2026-08-21T12:03:32 | INFO     | app.scanning.alpaca_confirmer | AlpacaConfirmer: liquidity_rejected_cost_cap | symbol=SMH | option_symbol=SMH260821P00580000 | ask=20.87 | ask_x_100=2087 | max_contract_cost=988
2026-08-21T12:03:32 | INFO     | app.scanning.alpaca_confirmer | AlpacaConfirmer: liquidity_rejected_cost_cap | symbol=SMH | option_symbol=SMH260821P00610000 | ask=51.83 | ask_x_100=5183 | max_contract_cost=988
2026-08-21T12:03:32 | INFO     | app.scanning.alpaca_confirmer | AlpacaConfirmer: liquidity_rejected_cost_cap | symbol=SMH | option_symbol=SMH260821P00615000 | ask=57.86 | ask_x_100=5786 | max_contract_cost=988
2026-08-21T12:03:32 | INFO     | app.scanning.alpaca_confirmer | AlpacaConfirmer: liquidity_rejected_cost_cap | symbol=SMH | option_symbol=SMH260821P00655000 | ask=96.78 | ask_x_100=9678 | max_contract_cost=988
2026-08-21T12:03:32 | INFO     | app.scanning.alpaca_confirmer | AlpacaConfirmer: no liquid contract for SMH (signal=SHORT)
2026-08-21T12:03:33 | INFO     | app.strategies.liquidity_filter | LiquidityFilter: selected QQQ260821C00717000 | delta=N/A | spread_pct=0.038 | OI=6840 | vol=65607
2026-08-21T12:03:33 | INFO     | app.scanning.alpaca_confirmer | AlpacaConfirmer: confirmed QQQ | QQQ260821C00717000 | exp=2026-08-21 | spread=3.77% | OI=6840 | vol=65607
2026-08-21T12:03:33 | INFO     | app.strategies.liquidity_filter | LiquidityFilter: selected SPY260821C00768000 | delta=N/A | spread_pct=0.025 | OI=5625 | vol=195058
2026-08-21T12:03:33 | INFO     | app.scanning.alpaca_confirmer | AlpacaConfirmer: confirmed SPY | SPY260821C00768000 | exp=2026-08-21 | spread=2.47% | OI=5625 | vol=195058
2026-08-21T12:03:33 | INFO     | session_runner | AlpacaConfirmer: 3 confirmed symbols: ['SPY', 'IWM', 'QQQ']
2026-08-21T12:03:33 | INFO     | session_runner | Re-scan updated active symbols: ['SPY', 'IWM', 'QQQ']
2026-08-21T12:03:33 | INFO     | session_runner | Broad-market regime | SPY=long
2026-08-21T12:03:33 | INFO     | session_runner | [bridge:SPY] rsi_trend ready: sufficient bars
2026-08-21T12:03:33 | INFO     | session_runner | Stale signal: SPY/vwap_reclaim age=69 min > max 60 min — skipped
2026-08-21T12:03:33 | INFO     | session_runner | Stale signal: SPY/vwap_reclaim age=104 min > max 60 min — skipped
2026-08-21T12:03:33 | INFO     | session_runner | Stale signal: SPY/vwap_reclaim age=129 min > max 60 min — skipped
2026-08-21T12:03:34 | INFO     | session_runner | [bridge:QQQ] rsi_trend ready: sufficient bars
2026-08-21T12:03:34 | INFO     | app.strategies.liquidity_filter | LiquidityFilter: selected QQQ260821C00716000 | delta=N/A | spread_pct=0.022 | OI=5826 | vol=92887
2026-08-21T12:03:34 | INFO     | session_runner | Paper scaled sizing | QQQ260821C00716000 | ask=0.4700 | budget=$250.00 | qty=5 | premium=$235.00 | cap=10
2026-08-21T12:03:34 | WARNING  | app.risk.risk_manager | RiskManager: REJECTED OrderSide.BUY_TO_OPEN QQQ260821C00716000 | REJECTED | Only 26 min before EOD exit (12:30 ET) — minimum 30 min required for new entries | Scaled experiment losing-trade limit reached: 2/2
2026-08-21T12:03:34 | INFO     | session_runner | Risk rejected QQQ: Only 26 min before EOD exit (12:30 ET) — minimum 30 min required for new entries; Scaled experiment losing-trade limit reached: 2/2
2026-08-21T12:03:34 | INFO     | app.trading.trade_journal | Journal rejection 1421: QQQ — Only 26 min before EOD exit (12:30 ET) — minimum 30 min required for new entries
2026-08-21T12:03:34 | INFO     | session_runner | Stale signal: QQQ/orb age=114 min > max 60 min — skipped
2026-08-21T12:03:34 | INFO     | session_runner | Stale signal: QQQ/vwap_reclaim age=174 min > max 60 min — skipped
2026-08-21T12:04:04 | INFO     | session_runner | [cycle 288] 12:04:04 ET | positions=0 | entries=2
2026-08-21T12:04:04 | INFO     | app.trading.reconciler | Reconciliation done: broker_pos=0 local_pos=0 broker_orders=0 local_pending=0 repaired=0 flagged=0 orders_confirmed=True positions_confirmed=True
2026-08-21T12:04:05 | INFO     | session_runner | [bridge:SPY] rsi_trend ready: sufficient bars
2026-08-21T12:04:05 | INFO     | session_runner | Stale signal: SPY/vwap_reclaim age=69 min > max 60 min — skipped
2026-08-21T12:04:05 | INFO     | session_runner | Stale signal: SPY/vwap_reclaim age=104 min > max 60 min — skipped
2026-08-21T12:04:05 | INFO     | session_runner | Stale signal: SPY/vwap_reclaim age=129 min > max 60 min — skipped
2026-08-21T12:04:05 | INFO     | session_runner | [bridge:QQQ] rsi_trend ready: sufficient bars
2026-08-21T12:04:06 | INFO     | app.strategies.liquidity_filter | LiquidityFilter: selected QQQ260821C00716000 | delta=N/A | spread_pct=0.024 | OI=5826 | vol=93355
2026-08-21T12:04:06 | INFO     | session_runner | Paper scaled sizing | QQQ260821C00716000 | ask=0.4200 | budget=$250.00 | qty=5 | premium=$210.00 | cap=10
2026-08-21T12:04:06 | WARNING  | app.risk.risk_manager | RiskManager: REJECTED OrderSide.BUY_TO_OPEN QQQ260821C00716000 | REJECTED | Only 26 min before EOD exit (12:30 ET) — minimum 30 min required for new entries | Scaled experiment losing-trade limit reached: 2/2
2026-08-21T12:04:06 | INFO     | session_runner | Risk rejected QQQ: Only 26 min before EOD exit (12:30 ET) — minimum 30 min required for new entries; Scaled experiment losing-trade limit reached: 2/2
2026-08-21T12:04:06 | INFO     | app.trading.trade_journal | Journal rejection 1422: QQQ — Only 26 min before EOD exit (12:30 ET) — minimum 30 min required for new entries
2026-08-21T12:04:06 | INFO     | session_runner | Stale signal: QQQ/orb age=114 min > max 60 min — skipped
2026-08-21T12:04:06 | INFO     | session_runner | Stale signal: QQQ/vwap_reclaim age=174 min > max 60 min — skipped
2026-08-21T12:04:36 | INFO     | session_runner | [cycle 289] 12:04:36 ET | positions=0 | entries=2
2026-08-21T12:04:36 | INFO     | session_runner | [bridge:SPY] rsi_trend ready: sufficient bars
2026-08-21T12:04:36 | INFO     | session_runner | Stale signal: SPY/vwap_reclaim age=70 min > max 60 min — skipped
2026-08-21T12:04:36 | INFO     | session_runner | Stale signal: SPY/vwap_reclaim age=105 min > max 60 min — skipped
2026-08-21T12:04:36 | INFO     | session_runner | Stale signal: SPY/vwap_reclaim age=130 min > max 60 min — skipped
2026-08-21T12:04:37 | INFO     | session_runner | [bridge:QQQ] rsi_trend ready: sufficient bars
2026-08-21T12:04:37 | INFO     | app.strategies.liquidity_filter | LiquidityFilter: selected QQQ260821C00716000 | delta=N/A | spread_pct=0.023 | OI=5826 | vol=93355
2026-08-21T12:04:37 | INFO     | session_runner | Paper scaled sizing | QQQ260821C00716000 | ask=0.4400 | budget=$250.00 | qty=5 | premium=$220.00 | cap=10
2026-08-21T12:04:37 | WARNING  | app.risk.risk_manager | RiskManager: REJECTED OrderSide.BUY_TO_OPEN QQQ260821C00716000 | REJECTED | Only 25 min before EOD exit (12:30 ET) — minimum 30 min required for new entries | Scaled experiment losing-trade limit reached: 2/2
2026-08-21T12:04:37 | INFO     | session_runner | Risk rejected QQQ: Only 25 min before EOD exit (12:30 ET) — minimum 30 min required for new entries; Scaled experiment losing-trade limit reached: 2/2
2026-08-21T12:04:37 | INFO     | app.trading.trade_journal | Journal rejection 1423: QQQ — Only 25 min before EOD exit (12:30 ET) — minimum 30 min required for new entries
2026-08-21T12:04:37 | INFO     | session_runner | Stale signal: QQQ/orb age=115 min > max 60 min — skipped
2026-08-21T12:04:37 | INFO     | session_runner | Stale signal: QQQ/vwap_reclaim age=175 min > max 60 min — skipped
2026-08-21T12:05:07 | INFO     | session_runner | [cycle 290] 12:05:07 ET | positions=0 | entries=2
2026-08-21T12:05:08 | INFO     | session_runner | [bridge:SPY] rsi_trend ready: sufficient bars
2026-08-21T12:05:08 | INFO     | session_runner | Stale signal: SPY/vwap_reclaim age=70 min > max 60 min — skipped
2026-08-21T12:05:08 | INFO     | session_runner | Stale signal: SPY/vwap_reclaim age=105 min > max 60 min — skipped
2026-08-21T12:05:08 | INFO     | session_runner | Stale signal: SPY/vwap_reclaim age=130 min > max 60 min — skipped
2026-08-21T12:05:08 | INFO     | session_runner | [bridge:QQQ] rsi_trend ready: sufficient bars
2026-08-21T12:05:08 | INFO     | session_runner | Stale signal: QQQ/vwap_reclaim age=60 min > max 60 min — skipped
2026-08-21T12:05:08 | INFO     | session_runner | Stale signal: QQQ/orb age=115 min > max 60 min — skipped
2026-08-21T12:05:08 | INFO     | session_runner | Stale signal: QQQ/vwap_reclaim age=175 min > max 60 min — skipped
2026-08-21T12:05:38 | INFO     | session_runner | [cycle 291] 12:05:38 ET | positions=0 | entries=2
2026-08-21T12:05:39 | INFO     | session_runner | [bridge:SPY] rsi_trend ready: sufficient bars
2026-08-21T12:05:39 | INFO     | session_runner | Stale signal: SPY/vwap_reclaim age=71 min > max 60 min — skipped
2026-08-21T12:05:39 | INFO     | session_runner | Stale signal: SPY/vwap_reclaim age=106 min > max 60 min — skipped
2026-08-21T12:05:39 | INFO     | session_runner | Stale signal: SPY/vwap_reclaim age=131 min > max 60 min — skipped
2026-08-21T12:05:40 | INFO     | session_runner | [bridge:QQQ] rsi_trend ready: sufficient bars
2026-08-21T12:05:40 | INFO     | session_runner | Stale signal: QQQ/vwap_reclaim age=61 min > max 60 min — skipped
2026-08-21T12:05:40 | INFO     | session_runner | Stale signal: QQQ/orb age=116 min > max 60 min — skipped
2026-08-21T12:05:40 | INFO     | session_runner | Stale signal: QQQ/vwap_reclaim age=176 min > max 60 min — skipped
2026-08-21T12:06:10 | INFO     | session_runner | [cycle 292] 12:06:10 ET | positions=0 | entries=2
2026-08-21T12:06:11 | INFO     | session_runner | [bridge:SPY] rsi_trend ready: sufficient bars
2026-08-21T12:06:11 | INFO     | session_runner | Stale signal: SPY/vwap_reclaim age=71 min > max 60 min — skipped
2026-08-21T12:06:11 | INFO     | session_runner | Stale signal: SPY/vwap_reclaim age=106 min > max 60 min — skipped
2026-08-21T12:06:11 | INFO     | session_runner | Stale signal: SPY/vwap_reclaim age=131 min > max 60 min — skipped
2026-08-21T12:06:11 | INFO     | session_runner | [bridge:QQQ] rsi_trend ready: sufficient bars
2026-08-21T12:06:11 | INFO     | session_runner | Stale signal: QQQ/vwap_reclaim age=61 min > max 60 min — skipped
2026-08-21T12:06:11 | INFO     | session_runner | Stale signal: QQQ/orb age=116 min > max 60 min — skipped
2026-08-21T12:06:11 | INFO     | session_runner | Stale signal: QQQ/vwap_reclaim age=176 min > max 60 min — skipped
2026-08-21T12:06:42 | INFO     | session_runner | [cycle 293] 12:06:42 ET | positions=0 | entries=2
2026-08-21T12:06:42 | INFO     | session_runner | [bridge:SPY] rsi_trend ready: sufficient bars
2026-08-21T12:06:42 | INFO     | session_runner | Stale signal: SPY/vwap_reclaim age=72 min > max 60 min — skipped
2026-08-21T12:06:42 | INFO     | session_runner | Stale signal: SPY/vwap_reclaim age=107 min > max 60 min — skipped
2026-08-21T12:06:42 | INFO     | session_runner | Stale signal: SPY/vwap_reclaim age=132 min > max 60 min — skipped
2026-08-21T12:06:43 | INFO     | session_runner | [bridge:QQQ] rsi_trend ready: sufficient bars
2026-08-21T12:06:43 | INFO     | session_runner | Stale signal: QQQ/vwap_reclaim age=62 min > max 60 min — skipped
2026-08-21T12:06:43 | INFO     | session_runner | Stale signal: QQQ/orb age=117 min > max 60 min — skipped
2026-08-21T12:06:43 | INFO     | session_runner | Stale signal: QQQ/vwap_reclaim age=177 min > max 60 min — skipped
2026-08-21T12:07:13 | INFO     | session_runner | [cycle 294] 12:07:13 ET | positions=0 | entries=2
2026-08-21T12:07:13 | INFO     | session_runner | [bridge:SPY] rsi_trend ready: sufficient bars
2026-08-21T12:07:13 | INFO     | session_runner | Stale signal: SPY/vwap_reclaim age=72 min > max 60 min — skipped
2026-08-21T12:07:13 | INFO     | session_runner | Stale signal: SPY/vwap_reclaim age=107 min > max 60 min — skipped
2026-08-21T12:07:13 | INFO     | session_runner | Stale signal: SPY/vwap_reclaim age=132 min > max 60 min — skipped
2026-08-21T12:07:14 | INFO     | session_runner | [bridge:QQQ] rsi_trend ready: sufficient bars
2026-08-21T12:07:14 | INFO     | session_runner | Stale signal: QQQ/vwap_reclaim age=62 min > max 60 min — skipped
2026-08-21T12:07:14 | INFO     | session_runner | Stale signal: QQQ/orb age=117 min > max 60 min — skipped
2026-08-21T12:07:14 | INFO     | session_runner | Stale signal: QQQ/vwap_reclaim age=177 min > max 60 min — skipped
2026-08-21T12:07:44 | INFO     | session_runner | [cycle 295] 12:07:44 ET | positions=0 | entries=2
2026-08-21T12:07:44 | INFO     | session_runner | [bridge:SPY] rsi_trend ready: sufficient bars
2026-08-21T12:07:44 | INFO     | session_runner | Stale signal: SPY/vwap_reclaim age=73 min > max 60 min — skipped
2026-08-21T12:07:44 | INFO     | session_runner | Stale signal: SPY/vwap_reclaim age=108 min > max 60 min — skipped
2026-08-21T12:07:44 | INFO     | session_runner | Stale signal: SPY/vwap_reclaim age=133 min > max 60 min — skipped
2026-08-21T12:07:45 | INFO     | session_runner | [bridge:QQQ] rsi_trend ready: sufficient bars
2026-08-21T12:07:45 | INFO     | session_runner | Stale signal: QQQ/vwap_reclaim age=63 min > max 60 min — skipped
2026-08-21T12:07:45 | INFO     | session_runner | Stale signal: QQQ/orb age=118 min > max 60 min — skipped
2026-08-21T12:07:45 | INFO     | session_runner | Stale signal: QQQ/vwap_reclaim age=178 min > max 60 min — skipped
2026-08-21T12:08:15 | INFO     | session_runner | [cycle 296] 12:08:15 ET | positions=0 | entries=2
2026-08-21T12:08:15 | INFO     | session_runner | [bridge:SPY] rsi_trend ready: sufficient bars
2026-08-21T12:08:15 | INFO     | session_runner | Stale signal: SPY/vwap_reclaim age=73 min > max 60 min — skipped
2026-08-21T12:08:15 | INFO     | session_runner | Stale signal: SPY/vwap_reclaim age=108 min > max 60 min — skipped
2026-08-21T12:08:15 | INFO     | session_runner | Stale signal: SPY/vwap_reclaim age=133 min > max 60 min — skipped
2026-08-21T12:08:16 | INFO     | session_runner | [bridge:QQQ] rsi_trend ready: sufficient bars
2026-08-21T12:08:16 | INFO     | session_runner | Stale signal: QQQ/vwap_reclaim age=63 min > max 60 min — skipped
2026-08-21T12:08:16 | INFO     | session_runner | Stale signal: QQQ/orb age=118 min > max 60 min — skipped
2026-08-21T12:08:16 | INFO     | session_runner | Stale signal: QQQ/vwap_reclaim age=178 min > max 60 min — skipped
2026-08-21T12:08:46 | INFO     | session_runner | [cycle 297] 12:08:46 ET | positions=0 | entries=2
2026-08-21T12:08:46 | INFO     | session_runner | Periodic universe re-scan …
2026-08-21T12:08:46 | INFO     | app.scanning.universe_loader | UniverseLoader: loaded 5 groups (13 flat symbols) from /root/trader/config/ticker_universe.yaml (blacklist=0)
2026-08-21T12:08:46 | INFO     | app.scanning.universe_loader | UniverseLoader: 10 symbols from 2 group(s) (blacklist=0)
2026-08-21T12:08:46 | INFO     | session_runner | Universe scan: 10 symbols from 2 group(s) | max_active=3
2026-08-21T12:08:49 | INFO     | session_runner | Scan: 6 passed, 4 rejected
2026-08-21T12:08:49 | INFO     | session_runner |   SMH     score=70.0  signal=SHORT    reasons: atr=3.09% (wide-range), orb_breakdown, trend_down
2026-08-21T12:08:49 | INFO     | session_runner |   SPY     score=58.0  signal=LONG     reasons: atr=0.79% (minimal range), orb_breakout, trend_up
2026-08-21T12:08:49 | INFO     | session_runner |   XLE     score=50.0  signal=SHORT    reasons: rvol=1.39x (normal), atr=1.76% (wide-range), orb_breakdown
2026-08-21T12:08:49 | INFO     | session_runner |   IWM     score=46.0  signal=LONG     reasons: rvol=1.10x (normal), atr=1.09% (good range), near_orb_level
2026-08-21T12:08:49 | INFO     | session_runner |   QQQ     score=43.0  signal=LONG     reasons: atr=1.34% (good range), near_orb_level, trend_sideways
2026-08-21T12:08:49 | INFO     | app.strategies.liquidity_filter | LiquidityFilter: no qualifying contracts for XLE SignalDirection.SHORT | total_candidates=48
2026-08-21T12:08:49 | INFO     | app.scanning.alpaca_confirmer | AlpacaConfirmer: no liquid contract for XLE (signal=SHORT)
2026-08-21T12:08:50 | INFO     | app.strategies.liquidity_filter | LiquidityFilter: selected AAPL260821C00312500 | delta=N/A | spread_pct=0.025 | OI=7192 | vol=84656
2026-08-21T12:08:50 | INFO     | app.scanning.alpaca_confirmer | AlpacaConfirmer: confirmed AAPL | AAPL260821C00312500 | exp=2026-08-21 | spread=2.47% | OI=7192 | vol=84656
2026-08-21T12:08:50 | INFO     | app.strategies.liquidity_filter | LiquidityFilter: selected IWM260821C00300000 | delta=N/A | spread_pct=0.051 | OI=35897 | vol=52415
2026-08-21T12:08:50 | INFO     | app.scanning.alpaca_confirmer | AlpacaConfirmer: confirmed IWM | IWM260821C00300000 | exp=2026-08-21 | spread=5.13% | OI=35897 | vol=52415
2026-08-21T12:08:50 | INFO     | app.strategies.liquidity_filter | LiquidityFilter: selected QQQ260821C00716000 | delta=N/A | spread_pct=0.027 | OI=5826 | vol=106199
2026-08-21T12:08:50 | INFO     | app.scanning.alpaca_confirmer | AlpacaConfirmer: confirmed QQQ | QQQ260821C00716000 | exp=2026-08-21 | spread=2.67% | OI=5826 | vol=106199
2026-08-21T12:08:50 | INFO     | app.strategies.liquidity_filter | LiquidityFilter: selected SPY260821C00767000 | delta=N/A | spread_pct=0.015 | OI=4561 | vol=259832
2026-08-21T12:08:50 | INFO     | app.scanning.alpaca_confirmer | AlpacaConfirmer: confirmed SPY | SPY260821C00767000 | exp=2026-08-21 | spread=1.46% | OI=4561 | vol=259832
2026-08-21T12:08:50 | INFO     | app.strategies.liquidity_filter | LiquidityFilter: no qualifying contracts for SMH SignalDirection.SHORT | total_candidates=204
2026-08-21T12:08:50 | INFO     | app.scanning.alpaca_confirmer | AlpacaConfirmer: liquidity_rejected_cost_cap | symbol=SMH | option_symbol=SMH260821P00590000 | ask=31.25 | ask_x_100=3125 | max_contract_cost=988
2026-08-21T12:08:50 | INFO     | app.scanning.alpaca_confirmer | AlpacaConfirmer: liquidity_rejected_cost_cap | symbol=SMH | option_symbol=SMH260821P00610000 | ask=51.00 | ask_x_100=5100 | max_contract_cost=988
2026-08-21T12:08:50 | INFO     | app.scanning.alpaca_confirmer | AlpacaConfirmer: liquidity_rejected_cost_cap | symbol=SMH | option_symbol=SMH260821P00615000 | ask=56.04 | ask_x_100=5604 | max_contract_cost=988
2026-08-21T12:08:50 | INFO     | app.scanning.alpaca_confirmer | AlpacaConfirmer: liquidity_rejected_cost_cap | symbol=SMH | option_symbol=SMH260821P00655000 | ask=95.75 | ask_x_100=9575 | max_contract_cost=988
2026-08-21T12:08:50 | INFO     | app.scanning.alpaca_confirmer | AlpacaConfirmer: no liquid contract for SMH (signal=SHORT)
2026-08-21T12:08:50 | INFO     | session_runner | AlpacaConfirmer: 3 confirmed symbols: ['SPY', 'IWM', 'QQQ']
2026-08-21T12:08:50 | INFO     | session_runner | Re-scan updated active symbols: ['SPY', 'IWM', 'QQQ']
2026-08-21T12:08:50 | INFO     | session_runner | Broad-market regime | SPY=long
2026-08-21T12:08:50 | INFO     | session_runner | [bridge:SPY] rsi_trend ready: sufficient bars
2026-08-21T12:08:50 | INFO     | session_runner | Stale signal: SPY/vwap_reclaim age=74 min > max 60 min — skipped
2026-08-21T12:08:50 | INFO     | session_runner | Stale signal: SPY/vwap_reclaim age=109 min > max 60 min — skipped
2026-08-21T12:08:50 | INFO     | session_runner | Stale signal: SPY/vwap_reclaim age=134 min > max 60 min — skipped
2026-08-21T12:08:51 | INFO     | session_runner | [bridge:QQQ] rsi_trend ready: sufficient bars
2026-08-21T12:08:51 | INFO     | session_runner | Stale signal: QQQ/vwap_reclaim age=64 min > max 60 min — skipped
2026-08-21T12:08:51 | INFO     | session_runner | Stale signal: QQQ/orb age=119 min > max 60 min — skipped
2026-08-21T12:08:51 | INFO     | session_runner | Stale signal: QQQ/vwap_reclaim age=179 min > max 60 min — skipped
2026-08-21T12:09:21 | INFO     | session_runner | [cycle 298] 12:09:21 ET | positions=0 | entries=2
2026-08-21T12:09:22 | INFO     | session_runner | [bridge:SPY] rsi_trend ready: sufficient bars
2026-08-21T12:09:22 | INFO     | session_runner | Stale signal: SPY/vwap_reclaim age=74 min > max 60 min — skipped
2026-08-21T12:09:22 | INFO     | session_runner | Stale signal: SPY/vwap_reclaim age=109 min > max 60 min — skipped
2026-08-21T12:09:22 | INFO     | session_runner | Stale signal: SPY/vwap_reclaim age=134 min > max 60 min — skipped
2026-08-21T12:09:22 | INFO     | session_runner | [bridge:QQQ] rsi_trend ready: sufficient bars
2026-08-21T12:09:22 | INFO     | session_runner | Stale signal: QQQ/vwap_reclaim age=64 min > max 60 min — skipped
2026-08-21T12:09:22 | INFO     | session_runner | Stale signal: QQQ/orb age=119 min > max 60 min — skipped
2026-08-21T12:09:22 | INFO     | session_runner | Stale signal: QQQ/vwap_reclaim age=179 min > max 60 min — skipped
2026-08-21T12:09:52 | INFO     | session_runner | [cycle 299] 12:09:52 ET | positions=0 | entries=2
2026-08-21T12:09:53 | INFO     | session_runner | [bridge:SPY] rsi_trend ready: sufficient bars
2026-08-21T12:09:53 | INFO     | session_runner | Stale signal: SPY/vwap_reclaim age=75 min > max 60 min — skipped
2026-08-21T12:09:53 | INFO     | session_runner | Stale signal: SPY/vwap_reclaim age=110 min > max 60 min — skipped
2026-08-21T12:09:53 | INFO     | session_runner | Stale signal: SPY/vwap_reclaim age=135 min > max 60 min — skipped
2026-08-21T12:09:53 | INFO     | session_runner | [bridge:QQQ] rsi_trend ready: sufficient bars
2026-08-21T12:09:53 | INFO     | session_runner | Stale signal: QQQ/vwap_reclaim age=65 min > max 60 min — skipped
2026-08-21T12:09:53 | INFO     | session_runner | Stale signal: QQQ/orb age=120 min > max 60 min — skipped
2026-08-21T12:09:53 | INFO     | session_runner | Stale signal: QQQ/vwap_reclaim age=180 min > max 60 min — skipped
2026-08-21T12:10:23 | INFO     | session_runner | [cycle 300] 12:10:23 ET | positions=0 | entries=2
2026-08-21T12:10:24 | INFO     | session_runner | [bridge:SPY] rsi_trend ready: sufficient bars
2026-08-21T12:10:24 | INFO     | session_runner | Stale signal: SPY/vwap_reclaim age=75 min > max 60 min — skipped
2026-08-21T12:10:24 | INFO     | session_runner | Stale signal: SPY/vwap_reclaim age=110 min > max 60 min — skipped
2026-08-21T12:10:24 | INFO     | session_runner | Stale signal: SPY/vwap_reclaim age=135 min > max 60 min — skipped
2026-08-21T12:10:25 | INFO     | session_runner | [bridge:QQQ] rsi_trend ready: sufficient bars
2026-08-21T12:10:25 | INFO     | session_runner | Stale signal: QQQ/vwap_reclaim age=65 min > max 60 min — skipped
2026-08-21T12:10:25 | INFO     | session_runner | Stale signal: QQQ/orb age=120 min > max 60 min — skipped
2026-08-21T12:10:25 | INFO     | session_runner | Stale signal: QQQ/vwap_reclaim age=180 min > max 60 min — skipped
2026-08-21T12:10:55 | INFO     | session_runner | [cycle 301] 12:10:55 ET | positions=0 | entries=2
2026-08-21T12:10:55 | INFO     | session_runner | [bridge:SPY] rsi_trend ready: sufficient bars
2026-08-21T12:10:55 | INFO     | session_runner | Stale signal: SPY/vwap_reclaim age=76 min > max 60 min — skipped
2026-08-21T12:10:55 | INFO     | session_runner | Stale signal: SPY/vwap_reclaim age=111 min > max 60 min — skipped
2026-08-21T12:10:55 | INFO     | session_runner | Stale signal: SPY/vwap_reclaim age=136 min > max 60 min — skipped
2026-08-21T12:10:56 | INFO     | session_runner | [bridge:QQQ] rsi_trend ready: sufficient bars
2026-08-21T12:10:56 | INFO     | session_runner | Stale signal: QQQ/vwap_reclaim age=66 min > max 60 min — skipped
2026-08-21T12:10:56 | INFO     | session_runner | Stale signal: QQQ/orb age=121 min > max 60 min — skipped
2026-08-21T12:10:56 | INFO     | session_runner | Stale signal: QQQ/vwap_reclaim age=181 min > max 60 min — skipped
2026-08-21T12:11:26 | INFO     | session_runner | [cycle 302] 12:11:26 ET | positions=0 | entries=2
2026-08-21T12:11:26 | INFO     | session_runner | [bridge:SPY] rsi_trend ready: sufficient bars
2026-08-21T12:11:26 | INFO     | session_runner | Stale signal: SPY/vwap_reclaim age=76 min > max 60 min — skipped
2026-08-21T12:11:26 | INFO     | session_runner | Stale signal: SPY/vwap_reclaim age=111 min > max 60 min — skipped
2026-08-21T12:11:26 | INFO     | session_runner | Stale signal: SPY/vwap_reclaim age=136 min > max 60 min — skipped
2026-08-21T12:11:27 | INFO     | session_runner | [bridge:QQQ] rsi_trend ready: sufficient bars
2026-08-21T12:11:27 | INFO     | session_runner | Stale signal: QQQ/vwap_reclaim age=66 min > max 60 min — skipped
2026-08-21T12:11:27 | INFO     | session_runner | Stale signal: QQQ/orb age=121 min > max 60 min — skipped
2026-08-21T12:11:27 | INFO     | session_runner | Stale signal: QQQ/vwap_reclaim age=181 min > max 60 min — skipped
2026-08-21T12:11:57 | INFO     | session_runner | [cycle 303] 12:11:57 ET | positions=0 | entries=2
2026-08-21T12:11:58 | INFO     | session_runner | [bridge:SPY] rsi_trend ready: sufficient bars
2026-08-21T12:11:58 | INFO     | session_runner | Stale signal: SPY/vwap_reclaim age=77 min > max 60 min — skipped
2026-08-21T12:11:58 | INFO     | session_runner | Stale signal: SPY/vwap_reclaim age=112 min > max 60 min — skipped
2026-08-21T12:11:58 | INFO     | session_runner | Stale signal: SPY/vwap_reclaim age=137 min > max 60 min — skipped
2026-08-21T12:11:59 | INFO     | session_runner | [bridge:QQQ] rsi_trend ready: sufficient bars
2026-08-21T12:11:59 | INFO     | session_runner | Stale signal: QQQ/vwap_reclaim age=67 min > max 60 min — skipped
2026-08-21T12:11:59 | INFO     | session_runner | Stale signal: QQQ/orb age=122 min > max 60 min — skipped
2026-08-21T12:11:59 | INFO     | session_runner | Stale signal: QQQ/vwap_reclaim age=182 min > max 60 min — skipped
2026-08-21T12:12:29 | INFO     | session_runner | [cycle 304] 12:12:29 ET | positions=0 | entries=2
2026-08-21T12:12:29 | INFO     | session_runner | [bridge:SPY] rsi_trend ready: sufficient bars
2026-08-21T12:12:29 | INFO     | session_runner | Stale signal: SPY/vwap_reclaim age=77 min > max 60 min — skipped
2026-08-21T12:12:29 | INFO     | session_runner | Stale signal: SPY/vwap_reclaim age=112 min > max 60 min — skipped
2026-08-21T12:12:29 | INFO     | session_runner | Stale signal: SPY/vwap_reclaim age=137 min > max 60 min — skipped
2026-08-21T12:12:30 | INFO     | session_runner | [bridge:QQQ] rsi_trend ready: sufficient bars
2026-08-21T12:12:30 | INFO     | session_runner | Stale signal: QQQ/vwap_reclaim age=67 min > max 60 min — skipped
2026-08-21T12:12:30 | INFO     | session_runner | Stale signal: QQQ/orb age=122 min > max 60 min — skipped
2026-08-21T12:12:30 | INFO     | session_runner | Stale signal: QQQ/vwap_reclaim age=182 min > max 60 min — skipped
2026-08-21T12:13:00 | INFO     | session_runner | [cycle 305] 12:13:00 ET | positions=0 | entries=2
2026-08-21T12:13:01 | INFO     | session_runner | [bridge:SPY] rsi_trend ready: sufficient bars
2026-08-21T12:13:01 | INFO     | session_runner | Stale signal: SPY/vwap_reclaim age=78 min > max 60 min — skipped
2026-08-21T12:13:01 | INFO     | session_runner | Stale signal: SPY/vwap_reclaim age=113 min > max 60 min — skipped
2026-08-21T12:13:01 | INFO     | session_runner | Stale signal: SPY/vwap_reclaim age=138 min > max 60 min — skipped
2026-08-21T12:13:02 | INFO     | session_runner | [bridge:QQQ] rsi_trend ready: sufficient bars
2026-08-21T12:13:02 | INFO     | session_runner | Stale signal: QQQ/vwap_reclaim age=68 min > max 60 min — skipped
2026-08-21T12:13:02 | INFO     | session_runner | Stale signal: QQQ/orb age=123 min > max 60 min — skipped
2026-08-21T12:13:02 | INFO     | session_runner | Stale signal: QQQ/vwap_reclaim age=183 min > max 60 min — skipped
2026-08-21T12:13:32 | INFO     | session_runner | [cycle 306] 12:13:32 ET | positions=0 | entries=2
2026-08-21T12:13:32 | INFO     | session_runner | [bridge:SPY] rsi_trend ready: sufficient bars
2026-08-21T12:13:32 | INFO     | session_runner | Stale signal: SPY/vwap_reclaim age=79 min > max 60 min — skipped
2026-08-21T12:13:32 | INFO     | session_runner | Stale signal: SPY/vwap_reclaim age=114 min > max 60 min — skipped
2026-08-21T12:13:32 | INFO     | session_runner | Stale signal: SPY/vwap_reclaim age=139 min > max 60 min — skipped
2026-08-21T12:13:33 | INFO     | session_runner | [bridge:QQQ] rsi_trend ready: sufficient bars
2026-08-21T12:13:33 | INFO     | session_runner | Stale signal: QQQ/vwap_reclaim age=69 min > max 60 min — skipped
2026-08-21T12:13:33 | INFO     | session_runner | Stale signal: QQQ/orb age=124 min > max 60 min — skipped
2026-08-21T12:13:33 | INFO     | session_runner | Stale signal: QQQ/vwap_reclaim age=184 min > max 60 min — skipped
2026-08-21T12:14:03 | INFO     | session_runner | [cycle 307] 12:14:03 ET | positions=0 | entries=2
2026-08-21T12:14:03 | INFO     | session_runner | Periodic universe re-scan …
2026-08-21T12:14:03 | INFO     | app.scanning.universe_loader | UniverseLoader: loaded 5 groups (13 flat symbols) from /root/trader/config/ticker_universe.yaml (blacklist=0)
2026-08-21T12:14:03 | INFO     | app.scanning.universe_loader | UniverseLoader: 10 symbols from 2 group(s) (blacklist=0)
2026-08-21T12:14:03 | INFO     | session_runner | Universe scan: 10 symbols from 2 group(s) | max_active=3
2026-08-21T12:14:07 | INFO     | session_runner | Scan: 4 passed, 6 rejected
2026-08-21T12:14:07 | INFO     | session_runner |   SMH     score=70.0  signal=SHORT    reasons: atr=3.10% (wide-range), orb_breakdown, trend_down
2026-08-21T12:14:07 | INFO     | session_runner |   SPY     score=58.0  signal=LONG     reasons: atr=0.79% (minimal range), orb_breakout, trend_up
2026-08-21T12:14:07 | INFO     | session_runner |   IWM     score=56.0  signal=LONG     reasons: rvol=1.08x (normal), atr=1.09% (good range), near_orb_level
2026-08-21T12:14:07 | INFO     | session_runner |   AAPL    score=42.0  signal=LONG     reasons: atr=2.26% (wide-range), trend_sideways, rsi=50 (healthy)
2026-08-21T12:14:07 | INFO     | session_runner |   XLY     score=63.0  signal=LONG     REJECTED: insufficient_underlying_volume
2026-08-21T12:14:07 | INFO     | app.strategies.liquidity_filter | LiquidityFilter: selected AAPL260821C00312500 | delta=N/A | spread_pct=0.061 | OI=7192 | vol=89762
2026-08-21T12:14:07 | INFO     | app.scanning.alpaca_confirmer | AlpacaConfirmer: confirmed AAPL | AAPL260821C00312500 | exp=2026-08-21 | spread=6.06% | OI=7192 | vol=89762
2026-08-21T12:14:07 | INFO     | app.strategies.liquidity_filter | LiquidityFilter: selected IWM260821C00299000 | delta=N/A | spread_pct=0.025 | OI=3811 | vol=32399
2026-08-21T12:14:07 | INFO     | app.scanning.alpaca_confirmer | AlpacaConfirmer: confirmed IWM | IWM260821C00299000 | exp=2026-08-21 | spread=2.53% | OI=3811 | vol=32399
2026-08-21T12:14:08 | INFO     | app.strategies.liquidity_filter | LiquidityFilter: selected SPY260821C00767000 | delta=N/A | spread_pct=0.018 | OI=4561 | vol=271030
2026-08-21T12:14:08 | INFO     | app.scanning.alpaca_confirmer | AlpacaConfirmer: confirmed SPY | SPY260821C00767000 | exp=2026-08-21 | spread=1.80% | OI=4561 | vol=271030
2026-08-21T12:14:08 | INFO     | app.strategies.liquidity_filter | LiquidityFilter: no qualifying contracts for SMH SignalDirection.SHORT | total_candidates=204
2026-08-21T12:14:08 | INFO     | app.scanning.alpaca_confirmer | AlpacaConfirmer: liquidity_rejected_cost_cap | symbol=SMH | option_symbol=SMH260821P00590000 | ask=32.45 | ask_x_100=3245 | max_contract_cost=988
2026-08-21T12:14:08 | INFO     | app.scanning.alpaca_confirmer | AlpacaConfirmer: liquidity_rejected_cost_cap | symbol=SMH | option_symbol=SMH260821P00610000 | ask=52.88 | ask_x_100=5288 | max_contract_cost=988
2026-08-21T12:14:08 | INFO     | app.scanning.alpaca_confirmer | AlpacaConfirmer: liquidity_rejected_cost_cap | symbol=SMH | option_symbol=SMH260821P00615000 | ask=56.93 | ask_x_100=5693 | max_contract_cost=988
2026-08-21T12:14:08 | INFO     | app.scanning.alpaca_confirmer | AlpacaConfirmer: liquidity_rejected_cost_cap | symbol=SMH | option_symbol=SMH260821P00655000 | ask=95.52 | ask_x_100=9552 | max_contract_cost=988
2026-08-21T12:14:08 | INFO     | app.scanning.alpaca_confirmer | AlpacaConfirmer: no liquid contract for SMH (signal=SHORT)
2026-08-21T12:14:08 | INFO     | session_runner | AlpacaConfirmer: 3 confirmed symbols: ['SPY', 'IWM', 'AAPL']
2026-08-21T12:14:08 | INFO     | session_runner | Re-scan updated active symbols: ['SPY', 'IWM', 'AAPL']
2026-08-21T12:14:08 | INFO     | session_runner | Broad-market regime | SPY=long
2026-08-21T12:14:09 | INFO     | session_runner | [bridge:SPY] rsi_trend ready: sufficient bars
2026-08-21T12:14:09 | INFO     | session_runner | Stale signal: SPY/vwap_reclaim age=79 min > max 60 min — skipped
2026-08-21T12:14:09 | INFO     | session_runner | Stale signal: SPY/vwap_reclaim age=114 min > max 60 min — skipped
2026-08-21T12:14:09 | INFO     | session_runner | Stale signal: SPY/vwap_reclaim age=139 min > max 60 min — skipped
2026-08-21T12:14:09 | INFO     | session_runner | [bridge:AAPL] rsi_trend ready: sufficient bars
2026-08-21T12:14:09 | INFO     | session_runner | Stale signal: AAPL/vwap_reclaim age=89 min > max 60 min — skipped
2026-08-21T12:14:39 | INFO     | session_runner | [cycle 308] 12:14:39 ET | positions=0 | entries=2
2026-08-21T12:14:39 | INFO     | app.trading.reconciler | Reconciliation done: broker_pos=0 local_pos=0 broker_orders=0 local_pending=0 repaired=0 flagged=0 orders_confirmed=True positions_confirmed=True
2026-08-21T12:14:40 | INFO     | session_runner | [bridge:SPY] rsi_trend ready: sufficient bars
2026-08-21T12:14:40 | INFO     | session_runner | Stale signal: SPY/vwap_reclaim age=80 min > max 60 min — skipped
2026-08-21T12:14:40 | INFO     | session_runner | Stale signal: SPY/vwap_reclaim age=115 min > max 60 min — skipped
2026-08-21T12:14:40 | INFO     | session_runner | Stale signal: SPY/vwap_reclaim age=140 min > max 60 min — skipped
2026-08-21T12:14:40 | INFO     | session_runner | [bridge:AAPL] rsi_trend ready: sufficient bars
2026-08-21T12:14:40 | INFO     | session_runner | Stale signal: AAPL/vwap_reclaim age=90 min > max 60 min — skipped
2026-08-21T12:15:10 | INFO     | session_runner | [cycle 309] 12:15:10 ET | positions=0 | entries=2
2026-08-21T12:15:12 | INFO     | session_runner | [bridge:SPY] rsi_trend ready: sufficient bars
2026-08-21T12:15:12 | INFO     | session_runner | Stale signal: SPY/vwap_reclaim age=80 min > max 60 min — skipped
2026-08-21T12:15:12 | INFO     | session_runner | Stale signal: SPY/vwap_reclaim age=115 min > max 60 min — skipped
2026-08-21T12:15:12 | INFO     | session_runner | Stale signal: SPY/vwap_reclaim age=140 min > max 60 min — skipped
2026-08-21T12:15:12 | INFO     | session_runner | [bridge:AAPL] rsi_trend ready: sufficient bars
2026-08-21T12:15:12 | INFO     | session_runner | Stale signal: AAPL/vwap_reclaim age=90 min > max 60 min — skipped
2026-08-21T12:15:42 | INFO     | session_runner | [cycle 310] 12:15:42 ET | positions=0 | entries=2
2026-08-21T12:15:43 | INFO     | session_runner | [bridge:SPY] rsi_trend ready: sufficient bars
2026-08-21T12:15:43 | INFO     | session_runner | Stale signal: SPY/vwap_reclaim age=81 min > max 60 min — skipped
2026-08-21T12:15:43 | INFO     | session_runner | Stale signal: SPY/vwap_reclaim age=116 min > max 60 min — skipped
2026-08-21T12:15:43 | INFO     | session_runner | Stale signal: SPY/vwap_reclaim age=141 min > max 60 min — skipped
2026-08-21T12:15:43 | INFO     | session_runner | [bridge:AAPL] rsi_trend ready: sufficient bars
2026-08-21T12:15:43 | INFO     | session_runner | Stale signal: AAPL/vwap_reclaim age=91 min > max 60 min — skipped
2026-08-21T12:16:13 | INFO     | session_runner | [cycle 311] 12:16:13 ET | positions=0 | entries=2
2026-08-21T12:16:15 | INFO     | session_runner | [bridge:SPY] rsi_trend ready: sufficient bars
2026-08-21T12:16:15 | INFO     | session_runner | Stale signal: SPY/vwap_reclaim age=81 min > max 60 min — skipped
2026-08-21T12:16:15 | INFO     | session_runner | Stale signal: SPY/vwap_reclaim age=116 min > max 60 min — skipped
2026-08-21T12:16:15 | INFO     | session_runner | Stale signal: SPY/vwap_reclaim age=141 min > max 60 min — skipped
2026-08-21T12:16:15 | INFO     | session_runner | [bridge:AAPL] rsi_trend ready: sufficient bars
2026-08-21T12:16:15 | INFO     | session_runner | Stale signal: AAPL/vwap_reclaim age=91 min > max 60 min — skipped
2026-08-21T12:16:45 | INFO     | session_runner | [cycle 312] 12:16:45 ET | positions=0 | entries=2
2026-08-21T12:16:46 | INFO     | session_runner | [bridge:SPY] rsi_trend ready: sufficient bars
2026-08-21T12:16:46 | INFO     | session_runner | Stale signal: SPY/vwap_reclaim age=82 min > max 60 min — skipped
2026-08-21T12:16:46 | INFO     | session_runner | Stale signal: SPY/vwap_reclaim age=117 min > max 60 min — skipped
2026-08-21T12:16:46 | INFO     | session_runner | Stale signal: SPY/vwap_reclaim age=142 min > max 60 min — skipped
2026-08-21T12:16:46 | INFO     | session_runner | [bridge:AAPL] rsi_trend ready: sufficient bars
2026-08-21T12:16:46 | INFO     | session_runner | Stale signal: AAPL/vwap_reclaim age=92 min > max 60 min — skipped
2026-08-21T12:17:16 | INFO     | session_runner | [cycle 313] 12:17:16 ET | positions=0 | entries=2
2026-08-21T12:17:17 | INFO     | session_runner | [bridge:SPY] rsi_trend ready: sufficient bars
2026-08-21T12:17:17 | INFO     | session_runner | Stale signal: SPY/vwap_reclaim age=82 min > max 60 min — skipped
2026-08-21T12:17:17 | INFO     | session_runner | Stale signal: SPY/vwap_reclaim age=117 min > max 60 min — skipped
2026-08-21T12:17:17 | INFO     | session_runner | Stale signal: SPY/vwap_reclaim age=142 min > max 60 min — skipped
2026-08-21T12:17:17 | INFO     | session_runner | [bridge:AAPL] rsi_trend ready: sufficient bars
2026-08-21T12:17:17 | INFO     | session_runner | Stale signal: AAPL/vwap_reclaim age=92 min > max 60 min — skipped
2026-08-21T12:17:47 | INFO     | session_runner | [cycle 314] 12:17:47 ET | positions=0 | entries=2
2026-08-21T12:17:47 | INFO     | session_runner | [bridge:SPY] rsi_trend ready: sufficient bars
2026-08-21T12:17:47 | INFO     | session_runner | Stale signal: SPY/vwap_reclaim age=83 min > max 60 min — skipped
2026-08-21T12:17:47 | INFO     | session_runner | Stale signal: SPY/vwap_reclaim age=118 min > max 60 min — skipped
2026-08-21T12:17:47 | INFO     | session_runner | Stale signal: SPY/vwap_reclaim age=143 min > max 60 min — skipped
2026-08-21T12:17:48 | INFO     | session_runner | [bridge:AAPL] rsi_trend ready: sufficient bars
2026-08-21T12:17:48 | INFO     | session_runner | Stale signal: AAPL/vwap_reclaim age=93 min > max 60 min — skipped
2026-08-21T12:18:18 | INFO     | session_runner | [cycle 315] 12:18:18 ET | positions=0 | entries=2
2026-08-21T12:18:19 | INFO     | session_runner | [bridge:SPY] rsi_trend ready: sufficient bars
2026-08-21T12:18:19 | INFO     | session_runner | Stale signal: SPY/vwap_reclaim age=83 min > max 60 min — skipped
2026-08-21T12:18:19 | INFO     | session_runner | Stale signal: SPY/vwap_reclaim age=118 min > max 60 min — skipped
2026-08-21T12:18:19 | INFO     | session_runner | Stale signal: SPY/vwap_reclaim age=143 min > max 60 min — skipped
2026-08-21T12:18:19 | INFO     | session_runner | [bridge:AAPL] rsi_trend ready: sufficient bars
2026-08-21T12:18:19 | INFO     | session_runner | Stale signal: AAPL/vwap_reclaim age=93 min > max 60 min — skipped
2026-08-21T12:18:49 | INFO     | session_runner | [cycle 316] 12:18:49 ET | positions=0 | entries=2
2026-08-21T12:18:49 | INFO     | session_runner | [bridge:SPY] rsi_trend ready: sufficient bars
2026-08-21T12:18:49 | INFO     | session_runner | Stale signal: SPY/vwap_reclaim age=84 min > max 60 min — skipped
2026-08-21T12:18:49 | INFO     | session_runner | Stale signal: SPY/vwap_reclaim age=119 min > max 60 min — skipped
2026-08-21T12:18:49 | INFO     | session_runner | Stale signal: SPY/vwap_reclaim age=144 min > max 60 min — skipped
2026-08-21T12:18:50 | INFO     | session_runner | [bridge:AAPL] rsi_trend ready: sufficient bars
2026-08-21T12:18:50 | INFO     | session_runner | Stale signal: AAPL/vwap_reclaim age=94 min > max 60 min — skipped
2026-08-21T12:19:20 | INFO     | session_runner | [cycle 317] 12:19:20 ET | positions=0 | entries=2
2026-08-21T12:19:20 | INFO     | session_runner | Periodic universe re-scan …
2026-08-21T12:19:20 | INFO     | app.scanning.universe_loader | UniverseLoader: loaded 5 groups (13 flat symbols) from /root/trader/config/ticker_universe.yaml (blacklist=0)
2026-08-21T12:19:20 | INFO     | app.scanning.universe_loader | UniverseLoader: 10 symbols from 2 group(s) (blacklist=0)
2026-08-21T12:19:20 | INFO     | session_runner | Universe scan: 10 symbols from 2 group(s) | max_active=3
2026-08-21T12:19:22 | INFO     | session_runner | Scan: 4 passed, 6 rejected
2026-08-21T12:19:22 | INFO     | session_runner |   SMH     score=70.0  signal=SHORT    reasons: atr=3.10% (wide-range), orb_breakdown, trend_down
2026-08-21T12:19:22 | INFO     | session_runner |   IWM     score=56.0  signal=LONG     reasons: rvol=1.06x (normal), atr=1.09% (good range), near_orb_level
2026-08-21T12:19:22 | INFO     | session_runner |   SPY     score=48.0  signal=LONG     reasons: atr=0.79% (minimal range), orb_breakout, trend_up
2026-08-21T12:19:22 | INFO     | session_runner |   AAPL    score=42.0  signal=LONG     reasons: atr=2.26% (wide-range), trend_sideways, rsi=49 (healthy)
2026-08-21T12:19:22 | INFO     | session_runner |   XLY     score=63.0  signal=LONG     REJECTED: insufficient_underlying_volume
2026-08-21T12:19:22 | INFO     | app.strategies.liquidity_filter | LiquidityFilter: selected AAPL260821C00312500 | delta=N/A | spread_pct=0.047 | OI=7192 | vol=93586
2026-08-21T12:19:22 | INFO     | app.scanning.alpaca_confirmer | AlpacaConfirmer: confirmed AAPL | AAPL260821C00312500 | exp=2026-08-21 | spread=4.65% | OI=7192 | vol=93586
2026-08-21T12:19:22 | INFO     | app.strategies.liquidity_filter | LiquidityFilter: selected IWM260821C00299000 | delta=N/A | spread_pct=0.013 | OI=3811 | vol=32518
2026-08-21T12:19:22 | INFO     | app.scanning.alpaca_confirmer | AlpacaConfirmer: confirmed IWM | IWM260821C00299000 | exp=2026-08-21 | spread=1.32% | OI=3811 | vol=32518
2026-08-21T12:19:22 | INFO     | app.strategies.liquidity_filter | LiquidityFilter: no qualifying contracts for SMH SignalDirection.SHORT | total_candidates=204
2026-08-21T12:19:22 | INFO     | app.scanning.alpaca_confirmer | AlpacaConfirmer: liquidity_rejected_cost_cap | symbol=SMH | option_symbol=SMH260821P00615000 | ask=58.63 | ask_x_100=5863 | max_contract_cost=988
2026-08-21T12:19:22 | INFO     | app.scanning.alpaca_confirmer | AlpacaConfirmer: liquidity_rejected_cost_cap | symbol=SMH | option_symbol=SMH260821P00655000 | ask=95.63 | ask_x_100=9563 | max_contract_cost=988
2026-08-21T12:19:22 | INFO     | app.scanning.alpaca_confirmer | AlpacaConfirmer: no liquid contract for SMH (signal=SHORT)
2026-08-21T12:19:22 | INFO     | app.strategies.liquidity_filter | LiquidityFilter: selected SPY260821C00766000 | delta=N/A | spread_pct=0.012 | OI=3665 | vol=326606
2026-08-21T12:19:22 | INFO     | app.scanning.alpaca_confirmer | AlpacaConfirmer: confirmed SPY | SPY260821C00766000 | exp=2026-08-21 | spread=1.16% | OI=3665 | vol=326606
2026-08-21T12:19:22 | INFO     | session_runner | AlpacaConfirmer: 3 confirmed symbols: ['IWM', 'SPY', 'AAPL']
2026-08-21T12:19:22 | INFO     | session_runner | Re-scan updated active symbols: ['IWM', 'SPY', 'AAPL']
2026-08-21T12:19:23 | INFO     | session_runner | Broad-market regime | SPY=neutral
2026-08-21T12:19:23 | INFO     | session_runner | [bridge:SPY] rsi_trend ready: sufficient bars
2026-08-21T12:19:23 | INFO     | session_runner | Stale signal: SPY/vwap_reclaim age=84 min > max 60 min — skipped
2026-08-21T12:19:23 | INFO     | session_runner | Stale signal: SPY/vwap_reclaim age=119 min > max 60 min — skipped
2026-08-21T12:19:23 | INFO     | session_runner | Stale signal: SPY/vwap_reclaim age=144 min > max 60 min — skipped
2026-08-21T12:19:23 | INFO     | session_runner | [bridge:AAPL] rsi_trend ready: sufficient bars
2026-08-21T12:19:23 | INFO     | session_runner | Stale signal: AAPL/vwap_reclaim age=94 min > max 60 min — skipped
2026-08-21T12:19:53 | INFO     | session_runner | [cycle 318] 12:19:53 ET | positions=0 | entries=2
2026-08-21T12:19:54 | INFO     | session_runner | [bridge:SPY] rsi_trend ready: sufficient bars
2026-08-21T12:19:54 | INFO     | session_runner | Stale signal: SPY/vwap_reclaim age=85 min > max 60 min — skipped
2026-08-21T12:19:54 | INFO     | session_runner | Stale signal: SPY/vwap_reclaim age=120 min > max 60 min — skipped
2026-08-21T12:19:54 | INFO     | session_runner | Stale signal: SPY/vwap_reclaim age=145 min > max 60 min — skipped
2026-08-21T12:19:54 | INFO     | session_runner | [bridge:AAPL] rsi_trend ready: sufficient bars
2026-08-21T12:19:54 | INFO     | session_runner | Stale signal: AAPL/vwap_reclaim age=95 min > max 60 min — skipped
2026-08-21T12:20:24 | INFO     | session_runner | [cycle 319] 12:20:24 ET | positions=0 | entries=2
2026-08-21T12:20:24 | INFO     | session_runner | [bridge:SPY] rsi_trend ready: sufficient bars
2026-08-21T12:20:24 | INFO     | session_runner | Stale signal: SPY/vwap_reclaim age=85 min > max 60 min — skipped
2026-08-21T12:20:24 | INFO     | session_runner | Stale signal: SPY/vwap_reclaim age=120 min > max 60 min — skipped
2026-08-21T12:20:24 | INFO     | session_runner | Stale signal: SPY/vwap_reclaim age=145 min > max 60 min — skipped
2026-08-21T12:20:25 | INFO     | session_runner | [bridge:AAPL] rsi_trend ready: sufficient bars
2026-08-21T12:20:25 | INFO     | session_runner | Stale signal: AAPL/vwap_reclaim age=95 min > max 60 min — skipped
2026-08-21T12:20:55 | INFO     | session_runner | [cycle 320] 12:20:55 ET | positions=0 | entries=2
2026-08-21T12:20:55 | INFO     | session_runner | [bridge:SPY] rsi_trend ready: sufficient bars
2026-08-21T12:20:55 | INFO     | session_runner | Stale signal: SPY/vwap_reclaim age=86 min > max 60 min — skipped
2026-08-21T12:20:55 | INFO     | session_runner | Stale signal: SPY/vwap_reclaim age=121 min > max 60 min — skipped
2026-08-21T12:20:55 | INFO     | session_runner | Stale signal: SPY/vwap_reclaim age=146 min > max 60 min — skipped
2026-08-21T12:20:55 | INFO     | session_runner | [bridge:AAPL] rsi_trend ready: sufficient bars
2026-08-21T12:20:55 | INFO     | session_runner | Stale signal: AAPL/vwap_reclaim age=96 min > max 60 min — skipped
2026-08-21T12:21:25 | INFO     | session_runner | [cycle 321] 12:21:25 ET | positions=0 | entries=2
2026-08-21T12:21:26 | INFO     | session_runner | [bridge:SPY] rsi_trend ready: sufficient bars
2026-08-21T12:21:26 | INFO     | session_runner | Stale signal: SPY/vwap_reclaim age=86 min > max 60 min — skipped
2026-08-21T12:21:26 | INFO     | session_runner | Stale signal: SPY/vwap_reclaim age=121 min > max 60 min — skipped
2026-08-21T12:21:26 | INFO     | session_runner | Stale signal: SPY/vwap_reclaim age=146 min > max 60 min — skipped
2026-08-21T12:21:26 | INFO     | session_runner | [bridge:AAPL] rsi_trend ready: sufficient bars
2026-08-21T12:21:26 | INFO     | session_runner | Stale signal: AAPL/vwap_reclaim age=96 min > max 60 min — skipped
2026-08-21T12:21:56 | INFO     | session_runner | [cycle 322] 12:21:56 ET | positions=0 | entries=2
2026-08-21T12:21:56 | INFO     | session_runner | [bridge:SPY] rsi_trend ready: sufficient bars
2026-08-21T12:21:56 | INFO     | session_runner | Stale signal: SPY/vwap_reclaim age=87 min > max 60 min — skipped
2026-08-21T12:21:56 | INFO     | session_runner | Stale signal: SPY/vwap_reclaim age=122 min > max 60 min — skipped
2026-08-21T12:21:56 | INFO     | session_runner | Stale signal: SPY/vwap_reclaim age=147 min > max 60 min — skipped
2026-08-21T12:21:57 | INFO     | session_runner | [bridge:AAPL] rsi_trend ready: sufficient bars
2026-08-21T12:21:57 | INFO     | session_runner | Stale signal: AAPL/vwap_reclaim age=97 min > max 60 min — skipped
2026-08-21T12:22:27 | INFO     | session_runner | [cycle 323] 12:22:27 ET | positions=0 | entries=2
2026-08-21T12:22:27 | INFO     | session_runner | [bridge:SPY] rsi_trend ready: sufficient bars
2026-08-21T12:22:27 | INFO     | session_runner | Stale signal: SPY/vwap_reclaim age=87 min > max 60 min — skipped
2026-08-21T12:22:27 | INFO     | session_runner | Stale signal: SPY/vwap_reclaim age=122 min > max 60 min — skipped
2026-08-21T12:22:27 | INFO     | session_runner | Stale signal: SPY/vwap_reclaim age=147 min > max 60 min — skipped
2026-08-21T12:22:27 | INFO     | session_runner | [bridge:AAPL] rsi_trend ready: sufficient bars
2026-08-21T12:22:27 | INFO     | session_runner | Stale signal: AAPL/vwap_reclaim age=97 min > max 60 min — skipped
2026-08-21T12:22:57 | INFO     | session_runner | [cycle 324] 12:22:57 ET | positions=0 | entries=2
2026-08-21T12:22:58 | INFO     | session_runner | [bridge:SPY] rsi_trend ready: sufficient bars
2026-08-21T12:22:58 | INFO     | session_runner | Stale signal: SPY/vwap_reclaim age=88 min > max 60 min — skipped
2026-08-21T12:22:58 | INFO     | session_runner | Stale signal: SPY/vwap_reclaim age=123 min > max 60 min — skipped
2026-08-21T12:22:58 | INFO     | session_runner | Stale signal: SPY/vwap_reclaim age=148 min > max 60 min — skipped
2026-08-21T12:22:58 | INFO     | session_runner | [bridge:AAPL] rsi_trend ready: sufficient bars
2026-08-21T12:22:58 | INFO     | session_runner | Stale signal: AAPL/vwap_reclaim age=98 min > max 60 min — skipped
2026-08-21T12:23:28 | INFO     | session_runner | [cycle 325] 12:23:28 ET | positions=0 | entries=2
2026-08-21T12:23:28 | INFO     | session_runner | [bridge:SPY] rsi_trend ready: sufficient bars
2026-08-21T12:23:28 | INFO     | session_runner | Stale signal: SPY/vwap_reclaim age=88 min > max 60 min — skipped
2026-08-21T12:23:28 | INFO     | session_runner | Stale signal: SPY/vwap_reclaim age=123 min > max 60 min — skipped
2026-08-21T12:23:28 | INFO     | session_runner | Stale signal: SPY/vwap_reclaim age=148 min > max 60 min — skipped
2026-08-21T12:23:28 | INFO     | session_runner | [bridge:AAPL] rsi_trend ready: sufficient bars
2026-08-21T12:23:28 | INFO     | session_runner | Stale signal: AAPL/vwap_reclaim age=98 min > max 60 min — skipped
2026-08-21T12:23:58 | INFO     | session_runner | [cycle 326] 12:23:58 ET | positions=0 | entries=2
2026-08-21T12:23:59 | INFO     | session_runner | [bridge:SPY] rsi_trend ready: sufficient bars
2026-08-21T12:23:59 | INFO     | session_runner | Stale signal: SPY/vwap_reclaim age=89 min > max 60 min — skipped
2026-08-21T12:23:59 | INFO     | session_runner | Stale signal: SPY/vwap_reclaim age=124 min > max 60 min — skipped
2026-08-21T12:23:59 | INFO     | session_runner | Stale signal: SPY/vwap_reclaim age=149 min > max 60 min — skipped
2026-08-21T12:23:59 | INFO     | session_runner | [bridge:AAPL] rsi_trend ready: sufficient bars
2026-08-21T12:23:59 | INFO     | session_runner | Stale signal: AAPL/vwap_reclaim age=99 min > max 60 min — skipped
2026-08-21T12:24:29 | INFO     | session_runner | [cycle 327] 12:24:29 ET | positions=0 | entries=2
2026-08-21T12:24:29 | INFO     | session_runner | Periodic universe re-scan …
2026-08-21T12:24:29 | INFO     | app.scanning.universe_loader | UniverseLoader: loaded 5 groups (13 flat symbols) from /root/trader/config/ticker_universe.yaml (blacklist=0)
2026-08-21T12:24:29 | INFO     | app.scanning.universe_loader | UniverseLoader: 10 symbols from 2 group(s) (blacklist=0)
2026-08-21T12:24:29 | INFO     | session_runner | Universe scan: 10 symbols from 2 group(s) | max_active=3
2026-08-21T12:24:31 | INFO     | session_runner | Scan: 4 passed, 6 rejected
2026-08-21T12:24:31 | INFO     | session_runner |   SMH     score=70.0  signal=SHORT    reasons: atr=3.10% (wide-range), orb_breakdown, trend_down
2026-08-21T12:24:31 | INFO     | session_runner |   IWM     score=56.0  signal=LONG     reasons: rvol=1.09x (normal), atr=1.09% (good range), near_orb_level
2026-08-21T12:24:31 | INFO     | session_runner |   SPY     score=48.0  signal=LONG     reasons: atr=0.79% (minimal range), orb_breakout, trend_up
2026-08-21T12:24:31 | INFO     | session_runner |   AAPL    score=42.0  signal=LONG     reasons: atr=2.26% (wide-range), trend_sideways, rsi=50 (healthy)
2026-08-21T12:24:31 | INFO     | session_runner |   XLY     score=63.0  signal=LONG     REJECTED: insufficient_underlying_volume
2026-08-21T12:24:31 | INFO     | app.strategies.liquidity_filter | LiquidityFilter: selected AAPL260821C00312500 | delta=N/A | spread_pct=0.039 | OI=7192 | vol=96359
2026-08-21T12:24:31 | INFO     | app.scanning.alpaca_confirmer | AlpacaConfirmer: confirmed AAPL | AAPL260821C00312500 | exp=2026-08-21 | spread=3.92% | OI=7192 | vol=96359
2026-08-21T12:24:31 | INFO     | app.strategies.liquidity_filter | LiquidityFilter: selected IWM260821C00300000 | delta=N/A | spread_pct=0.043 | OI=35897 | vol=57457
2026-08-21T12:24:31 | INFO     | app.scanning.alpaca_confirmer | AlpacaConfirmer: confirmed IWM | IWM260821C00300000 | exp=2026-08-21 | spread=4.26% | OI=35897 | vol=57457
2026-08-21T12:24:31 | INFO     | app.strategies.liquidity_filter | LiquidityFilter: no qualifying contracts for SMH SignalDirection.SHORT | total_candidates=204
2026-08-21T12:24:31 | INFO     | app.scanning.alpaca_confirmer | AlpacaConfirmer: liquidity_rejected_cost_cap | symbol=SMH | option_symbol=SMH260821P00590000 | ask=31.48 | ask_x_100=3148 | max_contract_cost=988
2026-08-21T12:24:31 | INFO     | app.scanning.alpaca_confirmer | AlpacaConfirmer: liquidity_rejected_cost_cap | symbol=SMH | option_symbol=SMH260821P00610000 | ask=51.96 | ask_x_100=5196 | max_contract_cost=988
2026-08-21T12:24:31 | INFO     | app.scanning.alpaca_confirmer | AlpacaConfirmer: liquidity_rejected_cost_cap | symbol=SMH | option_symbol=SMH260821P00615000 | ask=56.68 | ask_x_100=5668 | max_contract_cost=988
2026-08-21T12:24:31 | INFO     | app.scanning.alpaca_confirmer | AlpacaConfirmer: liquidity_rejected_cost_cap | symbol=SMH | option_symbol=SMH260821P00655000 | ask=98.85 | ask_x_100=9885 | max_contract_cost=988
2026-08-21T12:24:31 | INFO     | app.scanning.alpaca_confirmer | AlpacaConfirmer: no liquid contract for SMH (signal=SHORT)
2026-08-21T12:24:31 | INFO     | app.strategies.liquidity_filter | LiquidityFilter: selected SPY260821C00767000 | delta=N/A | spread_pct=0.021 | OI=4561 | vol=295061
2026-08-21T12:24:31 | INFO     | app.scanning.alpaca_confirmer | AlpacaConfirmer: confirmed SPY | SPY260821C00767000 | exp=2026-08-21 | spread=2.11% | OI=4561 | vol=295061
2026-08-21T12:24:31 | INFO     | session_runner | AlpacaConfirmer: 3 confirmed symbols: ['IWM', 'SPY', 'AAPL']
2026-08-21T12:24:31 | INFO     | session_runner | Re-scan updated active symbols: ['IWM', 'SPY', 'AAPL']
2026-08-21T12:24:32 | INFO     | session_runner | Broad-market regime | SPY=long
2026-08-21T12:24:32 | INFO     | session_runner | [bridge:SPY] rsi_trend ready: sufficient bars
2026-08-21T12:24:32 | INFO     | session_runner | Stale signal: SPY/vwap_reclaim age=89 min > max 60 min — skipped
2026-08-21T12:24:32 | INFO     | session_runner | Stale signal: SPY/vwap_reclaim age=124 min > max 60 min — skipped
2026-08-21T12:24:32 | INFO     | session_runner | Stale signal: SPY/vwap_reclaim age=149 min > max 60 min — skipped
2026-08-21T12:24:32 | INFO     | session_runner | [bridge:AAPL] rsi_trend ready: sufficient bars
2026-08-21T12:24:32 | INFO     | session_runner | Stale signal: AAPL/vwap_reclaim age=99 min > max 60 min — skipped
2026-08-21T12:25:02 | INFO     | session_runner | [cycle 328] 12:25:02 ET | positions=0 | entries=2
2026-08-21T12:25:02 | INFO     | app.trading.reconciler | Reconciliation done: broker_pos=0 local_pos=0 broker_orders=0 local_pending=0 repaired=0 flagged=0 orders_confirmed=True positions_confirmed=True
2026-08-21T12:25:03 | INFO     | session_runner | [bridge:SPY] rsi_trend ready: sufficient bars
2026-08-21T12:25:03 | INFO     | session_runner | Stale signal: SPY/vwap_reclaim age=90 min > max 60 min — skipped
2026-08-21T12:25:03 | INFO     | session_runner | Stale signal: SPY/vwap_reclaim age=125 min > max 60 min — skipped
2026-08-21T12:25:03 | INFO     | session_runner | Stale signal: SPY/vwap_reclaim age=150 min > max 60 min — skipped
2026-08-21T12:25:03 | INFO     | session_runner | [bridge:AAPL] rsi_trend ready: sufficient bars
2026-08-21T12:25:03 | INFO     | session_runner | Stale signal: AAPL/vwap_reclaim age=100 min > max 60 min — skipped
2026-08-21T12:25:33 | INFO     | session_runner | [cycle 329] 12:25:33 ET | positions=0 | entries=2
2026-08-21T12:25:34 | INFO     | session_runner | [bridge:SPY] rsi_trend ready: sufficient bars
2026-08-21T12:25:34 | INFO     | session_runner | Stale signal: SPY/vwap_reclaim age=91 min > max 60 min — skipped
2026-08-21T12:25:34 | INFO     | session_runner | Stale signal: SPY/vwap_reclaim age=126 min > max 60 min — skipped
2026-08-21T12:25:34 | INFO     | session_runner | Stale signal: SPY/vwap_reclaim age=151 min > max 60 min — skipped
2026-08-21T12:25:34 | INFO     | session_runner | [bridge:AAPL] rsi_trend ready: sufficient bars
2026-08-21T12:25:34 | INFO     | session_runner | Stale signal: AAPL/vwap_reclaim age=101 min > max 60 min — skipped
2026-08-21T12:26:04 | INFO     | session_runner | [cycle 330] 12:26:04 ET | positions=0 | entries=2
2026-08-21T12:26:05 | INFO     | session_runner | [bridge:SPY] rsi_trend ready: sufficient bars
2026-08-21T12:26:05 | INFO     | session_runner | Stale signal: SPY/vwap_reclaim age=91 min > max 60 min — skipped
2026-08-21T12:26:05 | INFO     | session_runner | Stale signal: SPY/vwap_reclaim age=126 min > max 60 min — skipped
2026-08-21T12:26:05 | INFO     | session_runner | Stale signal: SPY/vwap_reclaim age=151 min > max 60 min — skipped
2026-08-21T12:26:05 | INFO     | session_runner | [bridge:AAPL] rsi_trend ready: sufficient bars
2026-08-21T12:26:05 | INFO     | session_runner | Stale signal: AAPL/vwap_reclaim age=101 min > max 60 min — skipped
2026-08-21T12:26:35 | INFO     | session_runner | [cycle 331] 12:26:35 ET | positions=0 | entries=2
2026-08-21T12:26:35 | INFO     | session_runner | [bridge:SPY] rsi_trend ready: sufficient bars
2026-08-21T12:26:35 | INFO     | session_runner | Stale signal: SPY/vwap_reclaim age=92 min > max 60 min — skipped
2026-08-21T12:26:35 | INFO     | session_runner | Stale signal: SPY/vwap_reclaim age=127 min > max 60 min — skipped
2026-08-21T12:26:35 | INFO     | session_runner | Stale signal: SPY/vwap_reclaim age=152 min > max 60 min — skipped
2026-08-21T12:26:35 | INFO     | session_runner | [bridge:AAPL] rsi_trend ready: sufficient bars
2026-08-21T12:26:35 | INFO     | session_runner | Stale signal: AAPL/vwap_reclaim age=102 min > max 60 min — skipped
2026-08-21T12:27:05 | INFO     | session_runner | [cycle 332] 12:27:05 ET | positions=0 | entries=2
2026-08-21T12:27:06 | INFO     | session_runner | [bridge:SPY] rsi_trend ready: sufficient bars
2026-08-21T12:27:06 | INFO     | session_runner | Stale signal: SPY/vwap_reclaim age=92 min > max 60 min — skipped
2026-08-21T12:27:06 | INFO     | session_runner | Stale signal: SPY/vwap_reclaim age=127 min > max 60 min — skipped
2026-08-21T12:27:06 | INFO     | session_runner | Stale signal: SPY/vwap_reclaim age=152 min > max 60 min — skipped
2026-08-21T12:27:06 | INFO     | session_runner | [bridge:AAPL] rsi_trend ready: sufficient bars
2026-08-21T12:27:06 | INFO     | session_runner | Stale signal: AAPL/vwap_reclaim age=102 min > max 60 min — skipped
2026-08-21T12:27:36 | INFO     | session_runner | [cycle 333] 12:27:36 ET | positions=0 | entries=2
2026-08-21T12:27:37 | INFO     | session_runner | [bridge:SPY] rsi_trend ready: sufficient bars
2026-08-21T12:27:37 | INFO     | session_runner | Stale signal: SPY/vwap_reclaim age=93 min > max 60 min — skipped
2026-08-21T12:27:37 | INFO     | session_runner | Stale signal: SPY/vwap_reclaim age=128 min > max 60 min — skipped
2026-08-21T12:27:37 | INFO     | session_runner | Stale signal: SPY/vwap_reclaim age=153 min > max 60 min — skipped
2026-08-21T12:27:37 | INFO     | session_runner | [bridge:AAPL] rsi_trend ready: sufficient bars
2026-08-21T12:27:37 | INFO     | session_runner | Stale signal: AAPL/vwap_reclaim age=103 min > max 60 min — skipped
2026-08-21T12:28:07 | INFO     | session_runner | [cycle 334] 12:28:07 ET | positions=0 | entries=2
2026-08-21T12:28:07 | INFO     | session_runner | [bridge:SPY] rsi_trend ready: sufficient bars
2026-08-21T12:28:07 | INFO     | session_runner | Stale signal: SPY/vwap_reclaim age=93 min > max 60 min — skipped
2026-08-21T12:28:07 | INFO     | session_runner | Stale signal: SPY/vwap_reclaim age=128 min > max 60 min — skipped
2026-08-21T12:28:07 | INFO     | session_runner | Stale signal: SPY/vwap_reclaim age=153 min > max 60 min — skipped
2026-08-21T12:28:07 | INFO     | session_runner | [bridge:AAPL] rsi_trend ready: sufficient bars
2026-08-21T12:28:07 | INFO     | session_runner | Stale signal: AAPL/vwap_reclaim age=103 min > max 60 min — skipped
2026-08-21T12:28:37 | INFO     | session_runner | [cycle 335] 12:28:37 ET | positions=0 | entries=2
2026-08-21T12:28:38 | INFO     | session_runner | [bridge:SPY] rsi_trend ready: sufficient bars
2026-08-21T12:28:38 | INFO     | session_runner | Stale signal: SPY/vwap_reclaim age=94 min > max 60 min — skipped
2026-08-21T12:28:38 | INFO     | session_runner | Stale signal: SPY/vwap_reclaim age=129 min > max 60 min — skipped
2026-08-21T12:28:38 | INFO     | session_runner | Stale signal: SPY/vwap_reclaim age=154 min > max 60 min — skipped
2026-08-21T12:28:38 | INFO     | session_runner | [bridge:AAPL] rsi_trend ready: sufficient bars
2026-08-21T12:28:38 | INFO     | session_runner | Stale signal: AAPL/vwap_reclaim age=104 min > max 60 min — skipped
2026-08-21T12:29:08 | INFO     | session_runner | [cycle 336] 12:29:08 ET | positions=0 | entries=2
2026-08-21T12:29:08 | INFO     | session_runner | [bridge:SPY] rsi_trend ready: sufficient bars
2026-08-21T12:29:08 | INFO     | session_runner | Stale signal: SPY/vwap_reclaim age=94 min > max 60 min — skipped
2026-08-21T12:29:08 | INFO     | session_runner | Stale signal: SPY/vwap_reclaim age=129 min > max 60 min — skipped
2026-08-21T12:29:08 | INFO     | session_runner | Stale signal: SPY/vwap_reclaim age=154 min > max 60 min — skipped
2026-08-21T12:29:09 | INFO     | session_runner | [bridge:AAPL] rsi_trend ready: sufficient bars
2026-08-21T12:29:09 | INFO     | session_runner | Stale signal: AAPL/vwap_reclaim age=104 min > max 60 min — skipped
2026-08-21T12:29:39 | INFO     | session_runner | [cycle 337] 12:29:39 ET | positions=0 | entries=2
2026-08-21T12:29:39 | INFO     | session_runner | Periodic universe re-scan …
2026-08-21T12:29:39 | INFO     | app.scanning.universe_loader | UniverseLoader: loaded 5 groups (13 flat symbols) from /root/trader/config/ticker_universe.yaml (blacklist=0)
2026-08-21T12:29:39 | INFO     | app.scanning.universe_loader | UniverseLoader: 10 symbols from 2 group(s) (blacklist=0)
2026-08-21T12:29:39 | INFO     | session_runner | Universe scan: 10 symbols from 2 group(s) | max_active=3
2026-08-21T12:29:41 | INFO     | session_runner | Scan: 4 passed, 6 rejected
2026-08-21T12:29:41 | INFO     | session_runner |   SMH     score=70.0  signal=SHORT    reasons: atr=3.10% (wide-range), orb_breakdown, trend_down
2026-08-21T12:29:41 | INFO     | session_runner |   SPY     score=58.0  signal=LONG     reasons: atr=0.79% (minimal range), orb_breakout, trend_up
2026-08-21T12:29:41 | INFO     | session_runner |   IWM     score=56.0  signal=LONG     reasons: rvol=1.08x (normal), atr=1.09% (good range), near_orb_level
2026-08-21T12:29:41 | INFO     | session_runner |   AAPL    score=42.0  signal=LONG     reasons: atr=2.26% (wide-range), trend_sideways, rsi=50 (healthy)
2026-08-21T12:29:41 | INFO     | session_runner |   XLY     score=63.0  signal=LONG     REJECTED: insufficient_underlying_volume
2026-08-21T12:29:42 | INFO     | app.strategies.liquidity_filter | LiquidityFilter: selected AAPL260821C00312500 | delta=N/A | spread_pct=0.038 | OI=7192 | vol=98717
2026-08-21T12:29:42 | INFO     | app.scanning.alpaca_confirmer | AlpacaConfirmer: confirmed AAPL | AAPL260821C00312500 | exp=2026-08-21 | spread=3.77% | OI=7192 | vol=98717
2026-08-21T12:29:42 | INFO     | app.strategies.liquidity_filter | LiquidityFilter: selected IWM260821C00300000 | delta=N/A | spread_pct=0.034 | OI=35897 | vol=59688
2026-08-21T12:29:42 | INFO     | app.scanning.alpaca_confirmer | AlpacaConfirmer: confirmed IWM | IWM260821C00300000 | exp=2026-08-21 | spread=3.39% | OI=35897 | vol=59688
2026-08-21T12:29:42 | INFO     | app.strategies.liquidity_filter | LiquidityFilter: no qualifying contracts for SMH SignalDirection.SHORT | total_candidates=204
2026-08-21T12:29:42 | INFO     | app.scanning.alpaca_confirmer | AlpacaConfirmer: liquidity_rejected_cost_cap | symbol=SMH | option_symbol=SMH260821P00580000 | ask=21.63 | ask_x_100=2163 | max_contract_cost=988
2026-08-21T12:29:42 | INFO     | app.scanning.alpaca_confirmer | AlpacaConfirmer: liquidity_rejected_cost_cap | symbol=SMH | option_symbol=SMH260821P00615000 | ask=57.35 | ask_x_100=5735 | max_contract_cost=988
2026-08-21T12:29:42 | INFO     | app.scanning.alpaca_confirmer | AlpacaConfirmer: liquidity_rejected_cost_cap | symbol=SMH | option_symbol=SMH260821P00655000 | ask=98.36 | ask_x_100=9836 | max_contract_cost=988
2026-08-21T12:29:42 | INFO     | app.scanning.alpaca_confirmer | AlpacaConfirmer: no liquid contract for SMH (signal=SHORT)
2026-08-21T12:29:42 | INFO     | app.strategies.liquidity_filter | LiquidityFilter: selected SPY260821C00768000 | delta=N/A | spread_pct=0.044 | OI=5625 | vol=271391
2026-08-21T12:29:42 | INFO     | app.scanning.alpaca_confirmer | AlpacaConfirmer: confirmed SPY | SPY260821C00768000 | exp=2026-08-21 | spread=4.44% | OI=5625 | vol=271391
2026-08-21T12:29:42 | INFO     | session_runner | AlpacaConfirmer: 3 confirmed symbols: ['SPY', 'IWM', 'AAPL']
2026-08-21T12:29:42 | INFO     | session_runner | Re-scan updated active symbols: ['SPY', 'IWM', 'AAPL']
2026-08-21T12:29:42 | INFO     | session_runner | Broad-market regime | SPY=long
2026-08-21T12:29:42 | INFO     | session_runner | [bridge:SPY] rsi_trend ready: sufficient bars
2026-08-21T12:29:42 | INFO     | session_runner | Stale signal: SPY/vwap_reclaim age=95 min > max 60 min — skipped
2026-08-21T12:29:42 | INFO     | session_runner | Stale signal: SPY/vwap_reclaim age=130 min > max 60 min — skipped
2026-08-21T12:29:42 | INFO     | session_runner | Stale signal: SPY/vwap_reclaim age=155 min > max 60 min — skipped
2026-08-21T12:29:42 | INFO     | session_runner | [bridge:AAPL] rsi_trend ready: sufficient bars
2026-08-21T12:29:42 | INFO     | session_runner | Stale signal: AAPL/vwap_reclaim age=105 min > max 60 min — skipped
2026-08-21T12:30:12 | INFO     | session_runner | [cycle 338] 12:30:12 ET | positions=0 | entries=2
2026-08-21T12:30:13 | WARNING  | session_runner | EOD time reached — cancelling pending orders and liquidating all positions
2026-08-21T12:30:13 | INFO     | session_runner | EOD complete — exiting session loop
2026-08-21T12:30:13 | INFO     | session_runner | Shutdown: 0 position(s) open, 0 order(s) pending
2026-08-21T12:30:13 | INFO     | session_runner | Health report: {"session_date": "2026-08-21", "generated_at": "2026-08-21T12:30:13.011890-04:00", "api_errors": 0, "reconciliation_warnings": [], "trades": {"total_closed": 2, "wins": 0, "losses": 2, "win_rate": 0.0, "still_open": 0, "rejected": 272, "cancelled": 0}, "realized_pnl": -178.0, "unrealized_pnl": 0, "avg_win": 0.0, "avg_loss": -89.0, "max_drawdown": 178.0, "orders": {"submitted": 2, "filled": 2, "partial_fills": 0, "cancelled": 0, "stale_cancels": 0, "rejected": 272, "status_breakdown": {"filled": 2}}, "by_strategy": {"vwap_reclaim": {"trades": 1, "wins": 0, "losses": 1, "pnl": -108.0, "win_rate": 0.0}, "orb": {"trades": 1, "wins": 0, "losses": 1, "pnl": -70.0, "win_rate": 0.0}}}
2026-08-21T12:30:13 | INFO     | session_runner | Health report written to logs/session_2026-08-21.json
2026-08-21T12:30:13 | WARNING  | app.evaluation.orb_forward_performance | ORB forward perf: yfinance fetch for IWM failed — Too Many Requests. Rate limited. Try after a while.
2026-08-21T12:30:13 | WARNING  | app.evaluation.orb_forward_performance | ORB forward perf: yfinance fetch for QQQ failed — Too Many Requests. Rate limited. Try after a while.
2026-08-21T12:30:13 | INFO     | app.evaluation.orb_forward_performance | ORB forward performance: updated 0/61 rows for 2026-08-21
2026-08-21T12:30:13 | INFO     | app.evaluation.post_session | Post-session: ORB forward performance: 0 rows updated
2026-08-21T12:30:13 | INFO     | app.evaluation.post_session | Post-session: evaluation report saved → evaluation/reports/2026-08-21.json
2026-08-21T12:30:13 | INFO     | app.evaluation.post_session | Post-session: using separate scaled-sizing ledger evaluation/ledger.paper_scaled_250_cap_10.guardrails_v2.json
2026-08-21T12:30:13 | INFO     | app.evaluation.ledger | Evaluation ledger saved to evaluation/ledger.paper_scaled_250_cap_10.guardrails_v2.json (9 session(s))
2026-08-21T12:30:13 | INFO     | app.evaluation.post_session | Post-session complete | date=2026-08-21 | cancelled=0 | report=evaluation/reports/2026-08-21.json | ledger=True
2026-08-21T12:30:13 | INFO     | session_runner | Post-session evaluation | report=evaluation/reports/2026-08-21.json | ledger_updated=True | errors=none
2026-08-21T12:30:13 | INFO     | session_runner | Session complete | cycles=338 | entry_orders_placed=2 | pnl=-178.00

  Session complete — 338 cycles | 2 entry order(s) | P&L $-178.00

