2026-10-02T09:30:08 | INFO     | root | Logging configured | level=INFO | dir=logs | handlers=6 | session_redirected=True
2026-10-02T09:30:13 | INFO     | app.brokers.factory | Creating broker adapter | broker=alpaca | live=False
2026-10-02T09:30:13 | INFO     | app.brokers.alpaca_broker | AlpacaBroker initialised | paper=True | trade_url=https://paper-api.alpaca.markets | data_url=https://data.alpaca.markets
2026-10-02T09:30:13 | INFO     | app.utils.alerting | AlertService: No channels configured — alerts suppressed
2026-10-02T09:30:13 | INFO     | session_runner | RSITrendStrategy config | rsi_period=14 | rsi_oversold=35.0 | rsi_overbought=65.0 | trend_ema_period=50 | min_bars_required=55 | bar_interval=5m | mode=standard
2026-10-02T09:30:13 | INFO     | session_runner | Session runner starting | mode=PAPER | symbols=['SPY'] | universe=grouped | poll=30s
2026-10-02T09:30:13 | WARNING  | session_runner | Scaled cohort guardrails_v3_shadow_validation | broker entries blocked symbols=QQQ strategies=vwap_reclaim,orb | DTE=2-8 | delta_required=True | signal_age=10min | exit_variants=True

════════════════════════════════════════════════════════════
  Session Runner — 2026-10-02  [PAPER]
  Market: 09:30 – 16:00 ET
  EOD exit: 12:30 ET  |  Poll: every 30s
════════════════════════════════════════════════════════════

2026-10-02T09:30:13 | INFO     | app.evaluation.pre_session | pre_session [PASS] paper_mode_confirmed: Live trading disabled — paper mode confirmed
2026-10-02T09:30:13 | INFO     | app.evaluation.pre_session | pre_session [PASS] kill_switch_inactive: Kill switch inactive
2026-10-02T09:30:13 | INFO     | app.evaluation.pre_session | pre_session [PASS] market_day: Today is Friday 2026-10-02 — trading day
2026-10-02T09:30:13 | INFO     | app.evaluation.pre_session | pre_session [PASS] broker_reachable: Broker reachable — paper=True
2026-10-02T09:30:13 | INFO     | app.evaluation.pre_session | pre_session [PASS] db_writable: Database accessible and writable
2026-10-02T09:30:13 | INFO     | app.evaluation.pre_session | pre_session [PASS] logs_writable: Log directory writable: logs
2026-10-02T09:30:13 | INFO     | app.evaluation.pre_session | pre_session [PASS] daily_loss_reset: Daily PnL at zero — fresh session
2026-10-02T09:30:13 | INFO     | app.evaluation.pre_session | pre_session [PASS] no_stale_pending_orders: No stale pending orders from prior sessions
2026-10-02T09:30:13 | INFO     | app.evaluation.pre_session | pre_session [WARMING_UP] data_feed_fresh: First completed regular-session 5Min bar is expected at 09:35 ET; SPY equity quote age=0.0s; quote_valid_and_fresh=True; bar readiness unverified
Pre-session checklist:
  ✓  [required]  paper_mode_confirmed            Live trading disabled — paper mode confirmed
  ✓  [required]  kill_switch_inactive            Kill switch inactive
  ✓  [advisory]  market_day                      Today is Friday 2026-10-02 — trading day
  ✓  [required]  broker_reachable                Broker reachable — paper=True
  ✓  [required]  db_writable                     Database accessible and writable
  ✓  [required]  logs_writable                   Log directory writable: logs
  ✓  [required]  daily_loss_reset                Daily PnL at zero — fresh session
  ✓  [required]  no_stale_pending_orders         No stale pending orders from prior sessions
  ⚠  [advisory]  data_feed_fresh                 WARMING_UP: First completed regular-session 5Min bar is expected at 09:35 ET; SPY equity quote age=0.0s; quote_valid_and_fresh=True; bar readiness unverified

  Result: PASS
2026-10-02T09:30:13 | INFO     | session_runner | Pre-session checklist results:
Pre-session checklist:
  ✓  [required]  paper_mode_confirmed            Live trading disabled — paper mode confirmed
  ✓  [required]  kill_switch_inactive            Kill switch inactive
  ✓  [advisory]  market_day                      Today is Friday 2026-10-02 — trading day
  ✓  [required]  broker_reachable                Broker reachable — paper=True
  ✓  [required]  db_writable                     Database accessible and writable
  ✓  [required]  logs_writable                   Log directory writable: logs
  ✓  [required]  daily_loss_reset                Daily PnL at zero — fresh session
  ✓  [required]  no_stale_pending_orders         No stale pending orders from prior sessions
  ⚠  [advisory]  data_feed_fresh                 WARMING_UP: First completed regular-session 5Min bar is expected at 09:35 ET; SPY equity quote age=0.0s; quote_valid_and_fresh=True; bar readiness unverified

  Result: PASS
2026-10-02T09:30:13 | INFO     | session_runner | Pre-session checks PASSED — proceeding
2026-10-02T09:30:13 | INFO     | app.risk.risk_manager | RiskManager: new session 2026-10-02 | starting_equity=98461.40
2026-10-02T09:30:13 | INFO     | session_runner | Account: equity=98461.40 paper=True
2026-10-02T09:30:13 | INFO     | session_runner | Paper endpoint verified | hostname=paper-api.alpaca.markets key_prefix=PK
2026-10-02T09:30:13 | INFO     | app.trading.session_recovery | Recovery: _pending_entries set to 0 (broker-confirmed open orders; DB had 0 rows)
2026-10-02T09:30:13 | INFO     | app.risk.risk_manager | RiskManager: counters restored from DB | entries 0→0 | pending 0→0 | losses=0 | pnl 0.00
2026-10-02T09:30:13 | INFO     | app.trading.session_recovery | Recovery complete: 0 pending orders, 0 broker positions, 0 warnings, 0 errors
2026-10-02T09:30:13 | INFO     | session_runner | Session context: {"broker_entry_strategies": [], "diagnostic_only_strategies": ["rsi_trend"], "evaluation_cohort": "guardrails_v3_tradier_options_2026_09_08", "observation_review_targets": {"eligible_opportunities": 10, "scheduled_sessions": 5}, "options_data_adapter_hash": "567d1f77", "options_data_provider": "tradier", "replay_policy": {"close_buffer_minutes": 15, "contract_cap": 10, "cooldown_minutes": 15.0, "correlated_groups": "broad_index:SPY,QQQ,IWM,DIA", "daily_loss_dollars": 250.0, "entry_filters": {"blocked_symbols": "QQQ", "confirm_market_regime": true, "delta_max": 0.45, "delta_min": 0.35, "entry_marketable_offset_pct": 0.01, "entry_price_mode": "marketable_limit", "global_ranking": true, "max_dte": 8, "max_signal_age_minutes": 10, "max_spread_pct": 0.1, "min_dte": 2, "min_open_interest": 100, "min_quality": 3.0, "min_volume": 50, "preferred_dte": [0, 1, 2], "require_delta": true}, "entry_timeout_seconds": 120.0, "eod_exit_time": "12:30", "exit_variants_enabled": true, "guardrails": true, "market_close": "16:00", "market_open": "09:30", "max_active_positions": 1, "max_daily_loss_fraction": 0.02, "max_entries": 3, "max_hold_minutes": 120, "max_losing_trades": 2, "max_risk_per_trade": 0.01, "max_symbols": 3, "min_entry_minutes_before_eod": 30, "one_entry_per_symbol_per_day": true, "open_buffer_minutes": 15, "orb_reservation": true, "orb_reserve_until": "11:30", "partial_fraction": 0.5, "premium_budget": 250.0, "scaled_sizing": true, "schema_version": 1, "stop_loss_pct": 0.5, "take_profit_pct": 1.0, "trailing_activation_pct": 0.25, "trailing_stop_pct": 0.25, "variant_trigger_pct": 0.25}, "replay_policy_hash": "7ffc555cb32513d5", "runner_started_at": "2026-10-02T09:30:13.728549-04:00", "scheduled_start_at": "2026-10-02T09:30:00-04:00", "schema_version": 1, "session_labels": [], "shadow_model_version": "4", "shadow_only_strategies": ["orb", "vwap_reclaim"], "start_delay_seconds": 13.729, "starting_equity": 98461.4}
2026-10-02T09:30:13 | INFO     | session_runner | Running pre-session universe scan (mode=grouped) …
2026-10-02T09:30:13 | INFO     | app.scanning.universe_loader | UniverseLoader: loaded 5 groups (13 flat symbols) from config/ticker_universe.yaml (blacklist=0)
2026-10-02T09:30:13 | INFO     | app.scanning.universe_loader | UniverseLoader: 38 symbols from 4 group(s) (blacklist=0)
2026-10-02T09:30:13 | INFO     | session_runner | Universe scan: 38 symbols from 4 group(s) | max_active=6
2026-10-02T09:30:22 | WARNING  | app.scanning.yfinance_scanner | YFinanceScanner: SPY intraday data stale (age=3314s, threshold=1200s)
2026-10-02T09:30:22 | WARNING  | app.scanning.yfinance_scanner | YFinanceScanner: no intraday bars for DIA today — falling back to previous_close=508.50
2026-10-02T09:30:22 | WARNING  | app.scanning.yfinance_scanner | YFinanceScanner: DIA intraday data stale (age=no bars, threshold=1200s)
2026-10-02T09:30:22 | WARNING  | app.scanning.yfinance_scanner | YFinanceScanner: IWM intraday data stale (age=4214s, threshold=1200s)
2026-10-02T09:30:22 | WARNING  | app.scanning.yfinance_scanner | YFinanceScanner: no intraday bars for XLK today — falling back to previous_close=197.88
2026-10-02T09:30:22 | WARNING  | app.scanning.yfinance_scanner | YFinanceScanner: XLK intraday data stale (age=no bars, threshold=1200s)
2026-10-02T09:30:22 | WARNING  | app.scanning.yfinance_scanner | YFinanceScanner: XLF intraday data stale (age=2114s, threshold=1200s)
2026-10-02T09:30:22 | WARNING  | app.scanning.yfinance_scanner | YFinanceScanner: no intraday bars for XLE today — falling back to previous_close=62.69
2026-10-02T09:30:22 | WARNING  | app.scanning.yfinance_scanner | YFinanceScanner: XLE intraday data stale (age=no bars, threshold=1200s)
2026-10-02T09:30:23 | WARNING  | app.scanning.yfinance_scanner | YFinanceScanner: SMH intraday data stale (age=2714s, threshold=1200s)
2026-10-02T09:30:23 | WARNING  | app.scanning.yfinance_scanner | YFinanceScanner: no intraday bars for XLY today — falling back to previous_close=108.83
2026-10-02T09:30:23 | WARNING  | app.scanning.yfinance_scanner | YFinanceScanner: XLY intraday data stale (age=no bars, threshold=1200s)
2026-10-02T09:30:23 | WARNING  | app.scanning.yfinance_scanner | YFinanceScanner: MSFT intraday data stale (age=1514s, threshold=1200s)
2026-10-02T09:30:23 | WARNING  | app.scanning.yfinance_scanner | YFinanceScanner: NVDA intraday data stale (age=2714s, threshold=1200s)
2026-10-02T09:30:23 | WARNING  | app.scanning.yfinance_scanner | YFinanceScanner: no intraday bars for GOOGL today — falling back to previous_close=338.38
2026-10-02T09:30:23 | WARNING  | app.scanning.yfinance_scanner | YFinanceScanner: GOOGL intraday data stale (age=no bars, threshold=1200s)
2026-10-02T09:30:23 | WARNING  | app.scanning.yfinance_scanner | YFinanceScanner: AMZN intraday data stale (age=1514s, threshold=1200s)
2026-10-02T09:30:23 | WARNING  | app.scanning.yfinance_scanner | YFinanceScanner: no intraday bars for AMD today — falling back to previous_close=615.78
2026-10-02T09:30:23 | WARNING  | app.scanning.yfinance_scanner | YFinanceScanner: AMD intraday data stale (age=no bars, threshold=1200s)
2026-10-02T09:30:23 | WARNING  | app.scanning.yfinance_scanner | YFinanceScanner: ARM intraday data stale (age=1814s, threshold=1200s)
2026-10-02T09:30:23 | WARNING  | app.scanning.yfinance_scanner | YFinanceScanner: no intraday bars for COIN today — falling back to previous_close=189.26
2026-10-02T09:30:23 | WARNING  | app.scanning.yfinance_scanner | YFinanceScanner: COIN intraday data stale (age=no bars, threshold=1200s)
2026-10-02T09:30:23 | WARNING  | app.scanning.yfinance_scanner | YFinanceScanner: no intraday bars for PLTR today — falling back to previous_close=190.07
2026-10-02T09:30:23 | WARNING  | app.scanning.yfinance_scanner | YFinanceScanner: PLTR intraday data stale (age=no bars, threshold=1200s)
2026-10-02T09:30:23 | WARNING  | app.scanning.yfinance_scanner | YFinanceScanner: no intraday bars for SHOP today — falling back to previous_close=148.97
2026-10-02T09:30:23 | WARNING  | app.scanning.yfinance_scanner | YFinanceScanner: SHOP intraday data stale (age=no bars, threshold=1200s)
2026-10-02T09:30:23 | WARNING  | app.scanning.yfinance_scanner | YFinanceScanner: no intraday bars for SNOW today — falling back to previous_close=341.85
2026-10-02T09:30:23 | WARNING  | app.scanning.yfinance_scanner | YFinanceScanner: SNOW intraday data stale (age=no bars, threshold=1200s)
2026-10-02T09:30:23 | WARNING  | app.scanning.yfinance_scanner | YFinanceScanner: no intraday bars for DDOG today — falling back to previous_close=276.40
2026-10-02T09:30:23 | WARNING  | app.scanning.yfinance_scanner | YFinanceScanner: DDOG intraday data stale (age=no bars, threshold=1200s)
2026-10-02T09:30:24 | WARNING  | app.scanning.yfinance_scanner | YFinanceScanner: CRWD intraday data stale (age=2414s, threshold=1200s)
2026-10-02T09:30:24 | WARNING  | app.scanning.yfinance_scanner | YFinanceScanner: no intraday bars for RIVN today — falling back to previous_close=14.77
2026-10-02T09:30:24 | WARNING  | app.scanning.yfinance_scanner | YFinanceScanner: RIVN intraday data stale (age=no bars, threshold=1200s)
2026-10-02T09:30:24 | WARNING  | app.scanning.yfinance_scanner | YFinanceScanner: no intraday bars for NET today — falling back to previous_close=351.00
2026-10-02T09:30:24 | WARNING  | app.scanning.yfinance_scanner | YFinanceScanner: NET intraday data stale (age=no bars, threshold=1200s)
2026-10-02T09:30:24 | WARNING  | app.scanning.yfinance_scanner | YFinanceScanner: MARA intraday data stale (age=2714s, threshold=1200s)
2026-10-02T09:30:24 | WARNING  | app.scanning.yfinance_scanner | YFinanceScanner: no intraday bars for HOOD today — falling back to previous_close=111.18
2026-10-02T09:30:24 | WARNING  | app.scanning.yfinance_scanner | YFinanceScanner: HOOD intraday data stale (age=no bars, threshold=1200s)
2026-10-02T09:30:24 | WARNING  | app.scanning.yfinance_scanner | YFinanceScanner: RIOT intraday data stale (age=1814s, threshold=1200s)
2026-10-02T09:30:24 | WARNING  | app.scanning.yfinance_scanner | YFinanceScanner: no intraday bars for ROKU today — falling back to previous_close=151.19
2026-10-02T09:30:24 | WARNING  | app.scanning.yfinance_scanner | YFinanceScanner: ROKU intraday data stale (age=no bars, threshold=1200s)
2026-10-02T09:30:24 | WARNING  | app.scanning.yfinance_scanner | YFinanceScanner: no intraday bars for DKNG today — falling back to previous_close=19.36
2026-10-02T09:30:24 | WARNING  | app.scanning.yfinance_scanner | YFinanceScanner: DKNG intraday data stale (age=no bars, threshold=1200s)
2026-10-02T09:30:24 | WARNING  | app.scanning.yfinance_scanner | YFinanceScanner: no intraday bars for UBER today — falling back to previous_close=67.89
2026-10-02T09:30:24 | WARNING  | app.scanning.yfinance_scanner | YFinanceScanner: UBER intraday data stale (age=no bars, threshold=1200s)
2026-10-02T09:30:24 | WARNING  | app.scanning.yfinance_scanner | YFinanceScanner: no intraday bars for LYFT today — falling back to previous_close=15.21
2026-10-02T09:30:24 | WARNING  | app.scanning.yfinance_scanner | YFinanceScanner: LYFT intraday data stale (age=no bars, threshold=1200s)
2026-10-02T09:30:24 | WARNING  | app.scanning.yfinance_scanner | YFinanceScanner: no intraday bars for XYZ today — falling back to previous_close=74.03
2026-10-02T09:30:24 | WARNING  | app.scanning.yfinance_scanner | YFinanceScanner: XYZ intraday data stale (age=no bars, threshold=1200s)
2026-10-02T09:30:24 | WARNING  | app.scanning.yfinance_scanner | YFinanceScanner: no intraday bars for AFRM today — falling back to previous_close=70.42
2026-10-02T09:30:24 | WARNING  | app.scanning.yfinance_scanner | YFinanceScanner: AFRM intraday data stale (age=no bars, threshold=1200s)
2026-10-02T09:30:24 | INFO     | session_runner | Scan: 1 passed, 37 rejected
2026-10-02T09:30:24 | INFO     | session_runner |   SOFI    score=48.0  signal=SHORT    reasons: atr=3.54% (wide-range), near_orb_level, trend_down
2026-10-02T09:30:24 | INFO     | session_runner |   MSFT    score=58.0  signal=LONG     REJECTED: scanner_data_stale, low_volume_chop
2026-10-02T09:30:24 | INFO     | session_runner |   META    score=58.0  signal=LONG     REJECTED: low_volume_chop
2026-10-02T09:30:24 | INFO     | session_runner |   MSTR    score=58.0  signal=LONG     REJECTED: low_volume_chop, insufficient_underlying_volume
2026-10-02T09:30:24 | INFO     | session_runner |   SPY     score=56.0  signal=LONG     REJECTED: scanner_data_stale, low_volume_chop
2026-10-02T09:30:25 | WARNING  | app.scanning.alpaca_confirmer | AlpacaConfirmer: cannot fetch chain for SOFI 2026-10-09: Client error '401 Unauthorized' for url 'https://api.tradier.com/v1/markets/quotes?symbols=SOFI261009C00005000%2CSOFI261009C00009000%2CSOFI261009C00010000%2CSOFI261009C00011000%2CSOFI261009C00011500%2CSOFI261009C00012000%2CSOFI261009C00012500%2CSOFI261009C00013000%2CSOFI261009C00013500%2CSOFI261009C00014000%2CSOFI261009C00014500%2CSOFI261009C00015000%2CSOFI261009C00015500%2CSOFI261009C00016000%2CSOFI261009C00016500%2CSOFI261009C00017000%2CSOFI261009C00017500%2CSOFI261009C00018000%2CSOFI261009C00018500%2CSOFI261009C00019000%2CSOFI261009C00019500%2CSOFI261009C00020000%2CSOFI261009C00020500%2CSOFI261009C00021000%2CSOFI261009C00021500%2CSOFI261009C00022000%2CSOFI261009C00022500%2CSOFI261009C00023000%2CSOFI261009C00023500%2CSOFI261009C00024000%2CSOFI261009C00025000%2CSOFI261009C00030000%2CSOFI261009P00005000%2CSOFI261009P00009000%2CSOFI261009P00010000%2CSOFI261009P00011000%2CSOFI261009P00011500%2CSOFI261009P00012000%2CSOFI261009P00012500%2CSOFI261009P00013000%2CSOFI261009P00013500%2CSOFI261009P00014000%2CSOFI261009P00014500%2CSOFI261009P00015000%2CSOFI261009P00015500%2CSOFI261009P00016000%2CSOFI261009P00016500%2CSOFI261009P00017000%2CSOFI261009P00017500%2CSOFI261009P00018000&greeks=true'
For more information check: https://developer.mozilla.org/en-US/docs/Web/HTTP/Status/401
2026-10-02T09:30:25 | INFO     | session_runner | AlpacaConfirmer: 0 confirmed symbols: []
2026-10-02T09:30:25 | WARNING  | session_runner | Scan returned no confirmed symbols — falling back to ['SPY']
2026-10-02T09:30:25 | INFO     | session_runner | [cycle 1] 09:30:25 ET | positions=0 | entries=0
2026-10-02T09:30:25 | INFO     | app.trading.reconciler | Reconciliation done: broker_pos=0 local_pos=0 broker_orders=0 local_pending=0 repaired=0 flagged=0 orders_confirmed=True positions_confirmed=True
2026-10-02T09:30:25 | INFO     | session_runner | Broad-market regime | SPY=long
2026-10-02T09:30:25 | INFO     | session_runner | [bridge:SPY] rsi_trend ready: sufficient bars
2026-10-02T09:30:25 | INFO     | session_runner | Stale signal: SPY/vwap_reclaim age=55 min > max 10 min — skipped
2026-10-02T09:30:55 | INFO     | session_runner | [cycle 2] 09:30:55 ET | positions=0 | entries=0
2026-10-02T09:30:56 | INFO     | session_runner | [bridge:SPY] rsi_trend ready: sufficient bars
2026-10-02T09:30:56 | INFO     | session_runner | Stale signal: SPY/vwap_reclaim age=56 min > max 10 min — skipped
2026-10-02T09:31:26 | INFO     | session_runner | [cycle 3] 09:31:26 ET | positions=0 | entries=0
2026-10-02T09:31:26 | INFO     | session_runner | [bridge:SPY] rsi_trend ready: sufficient bars
2026-10-02T09:31:26 | INFO     | session_runner | Stale signal: SPY/vwap_reclaim age=56 min > max 10 min — skipped
2026-10-02T09:31:56 | INFO     | session_runner | [cycle 4] 09:31:56 ET | positions=0 | entries=0
2026-10-02T09:31:56 | INFO     | session_runner | [bridge:SPY] rsi_trend ready: sufficient bars
2026-10-02T09:31:56 | INFO     | session_runner | Stale signal: SPY/vwap_reclaim age=57 min > max 10 min — skipped
2026-10-02T09:32:26 | INFO     | session_runner | [cycle 5] 09:32:26 ET | positions=0 | entries=0
2026-10-02T09:32:27 | INFO     | session_runner | [bridge:SPY] rsi_trend ready: sufficient bars
2026-10-02T09:32:27 | INFO     | session_runner | Stale signal: SPY/vwap_reclaim age=57 min > max 10 min — skipped
2026-10-02T09:32:57 | INFO     | session_runner | [cycle 6] 09:32:57 ET | positions=0 | entries=0
2026-10-02T09:32:57 | INFO     | session_runner | [bridge:SPY] rsi_trend ready: sufficient bars
2026-10-02T09:32:57 | INFO     | session_runner | Stale signal: SPY/vwap_reclaim age=58 min > max 10 min — skipped
2026-10-02T09:33:27 | INFO     | session_runner | [cycle 7] 09:33:27 ET | positions=0 | entries=0
2026-10-02T09:33:28 | INFO     | session_runner | [bridge:SPY] rsi_trend ready: sufficient bars
2026-10-02T09:33:28 | INFO     | session_runner | Stale signal: SPY/vwap_reclaim age=58 min > max 10 min — skipped
2026-10-02T09:33:58 | INFO     | session_runner | [cycle 8] 09:33:58 ET | positions=0 | entries=0
2026-10-02T09:33:58 | INFO     | session_runner | [bridge:SPY] rsi_trend ready: sufficient bars
2026-10-02T09:33:58 | INFO     | session_runner | Stale signal: SPY/vwap_reclaim age=59 min > max 10 min — skipped
2026-10-02T09:34:28 | INFO     | session_runner | [cycle 9] 09:34:28 ET | positions=0 | entries=0
2026-10-02T09:34:28 | INFO     | session_runner | [bridge:SPY] rsi_trend ready: sufficient bars
2026-10-02T09:34:28 | INFO     | session_runner | Stale signal: SPY/vwap_reclaim age=59 min > max 10 min — skipped
2026-10-02T09:34:58 | INFO     | session_runner | [cycle 10] 09:34:58 ET | positions=0 | entries=0
2026-10-02T09:34:59 | INFO     | session_runner | [bridge:SPY] rsi_trend ready: sufficient bars
2026-10-02T09:34:59 | INFO     | session_runner | Stale signal: SPY/vwap_reclaim age=60 min > max 10 min — skipped
2026-10-02T09:35:29 | INFO     | session_runner | [cycle 11] 09:35:29 ET | positions=0 | entries=0
2026-10-02T09:35:29 | INFO     | session_runner | Periodic universe re-scan …
2026-10-02T09:35:29 | INFO     | app.scanning.universe_loader | UniverseLoader: loaded 5 groups (13 flat symbols) from config/ticker_universe.yaml (blacklist=0)
2026-10-02T09:35:29 | INFO     | app.scanning.universe_loader | UniverseLoader: 38 symbols from 4 group(s) (blacklist=0)
2026-10-02T09:35:29 | INFO     | session_runner | Universe scan: 38 symbols from 4 group(s) | max_active=6
2026-10-02T09:35:36 | INFO     | session_runner | Scan: 22 passed, 16 rejected
2026-10-02T09:35:36 | INFO     | session_runner |   TSLA    score=83.0  signal=LONG     reasons: rvol=5.64x (high), atr=3.03% (wide-range), near_orb_level
2026-10-02T09:35:36 | INFO     | session_runner |   SOFI    score=83.0  signal=SHORT    reasons: rvol=3.69x (high), atr=3.42% (wide-range), near_orb_level
2026-10-02T09:35:36 | INFO     | session_runner |   HOOD    score=83.0  signal=LONG     reasons: rvol=7.07x (high), atr=5.01% (wide-range), near_orb_level
2026-10-02T09:35:36 | INFO     | session_runner |   AMZN    score=75.0  signal=LONG     reasons: rvol=4.41x (high), atr=2.09% (wide-range), near_orb_level
2026-10-02T09:35:36 | INFO     | session_runner |   AVGO    score=75.0  signal=SHORT    reasons: rvol=3.82x (high), atr=2.68% (wide-range), trend_down
2026-10-02T09:35:37 | WARNING  | app.scanning.alpaca_confirmer | AlpacaConfirmer: cannot fetch chain for SOFI 2026-10-09: Client error '401 Unauthorized' for url 'https://api.tradier.com/v1/markets/quotes?symbols=SOFI261009C00005000%2CSOFI261009C00009000%2CSOFI261009C00010000%2CSOFI261009C00011000%2CSOFI261009C00011500%2CSOFI261009C00012000%2CSOFI261009C00012500%2CSOFI261009C00013000%2CSOFI261009C00013500%2CSOFI261009C00014000%2CSOFI261009C00014500%2CSOFI261009C00015000%2CSOFI261009C00015500%2CSOFI261009C00016000%2CSOFI261009C00016500%2CSOFI261009C00017000%2CSOFI261009C00017500%2CSOFI261009C00018000%2CSOFI261009C00018500%2CSOFI261009C00019000%2CSOFI261009C00019500%2CSOFI261009C00020000%2CSOFI261009C00020500%2CSOFI261009C00021000%2CSOFI261009C00021500%2CSOFI261009C00022000%2CSOFI261009C00022500%2CSOFI261009C00023000%2CSOFI261009C00023500%2CSOFI261009C00024000%2CSOFI261009C00025000%2CSOFI261009C00030000%2CSOFI261009P00005000%2CSOFI261009P00009000%2CSOFI261009P00010000%2CSOFI261009P00011000%2CSOFI261009P00011500%2CSOFI261009P00012000%2CSOFI261009P00012500%2CSOFI261009P00013000%2CSOFI261009P00013500%2CSOFI261009P00014000%2CSOFI261009P00014500%2CSOFI261009P00015000%2CSOFI261009P00015500%2CSOFI261009P00016000%2CSOFI261009P00016500%2CSOFI261009P00017000%2CSOFI261009P00017500%2CSOFI261009P00018000&greeks=true'
For more information check: https://developer.mozilla.org/en-US/docs/Web/HTTP/Status/401
2026-10-02T09:35:37 | WARNING  | app.scanning.alpaca_confirmer | AlpacaConfirmer: cannot fetch chain for RIVN 2026-10-09: Client error '401 Unauthorized' for url 'https://api.tradier.com/v1/markets/quotes?symbols=RIVN261009C00005000%2CRIVN261009C00009000%2CRIVN261009C00010000%2CRIVN261009C00010500%2CRIVN261009C00011000%2CRIVN261009C00011500%2CRIVN261009C00012000%2CRIVN261009C00012500%2CRIVN261009C00013000%2CRIVN261009C00013500%2CRIVN261009C00014000%2CRIVN261009C00014500%2CRIVN261009C00015000%2CRIVN261009C00015500%2CRIVN261009C00016000%2CRIVN261009C00016500%2CRIVN261009C00017000%2CRIVN261009C00017500%2CRIVN261009C00018000%2CRIVN261009C00018500%2CRIVN261009C00019000%2CRIVN261009C00019500%2CRIVN261009C00020000%2CRIVN261009C00020500%2CRIVN261009C00021000%2CRIVN261009C00021500%2CRIVN261009C00022000%2CRIVN261009C00023000%2CRIVN261009C00024000%2CRIVN261009C00025000%2CRIVN261009C00030000%2CRIVN261009P00005000%2CRIVN261009P00009000%2CRIVN261009P00010000%2CRIVN261009P00010500%2CRIVN261009P00011000%2CRIVN261009P00011500%2CRIVN261009P00012000%2CRIVN261009P00012500%2CRIVN261009P00013000%2CRIVN261009P00013500%2CRIVN261009P00014000%2CRIVN261009P00014500%2CRIVN261009P00015000%2CRIVN261009P00015500%2CRIVN261009P00016000%2CRIVN261009P00016500%2CRIVN261009P00017000%2CRIVN261009P00017500%2CRIVN261009P00018000&greeks=true'
For more information check: https://developer.mozilla.org/en-US/docs/Web/HTTP/Status/401
2026-10-02T09:35:37 | WARNING  | app.scanning.alpaca_confirmer | AlpacaConfirmer: cannot fetch chain for HOOD 2026-10-09: Client error '401 Unauthorized' for url 'https://api.tradier.com/v1/markets/quotes?symbols=HOOD261009C00025000%2CHOOD261009C00030000%2CHOOD261009C00035000%2CHOOD261009C00040000%2CHOOD261009C00045000%2CHOOD261009C00050000%2CHOOD261009C00055000%2CHOOD261009C00060000%2CHOOD261009C00065000%2CHOOD261009C00070000%2CHOOD261009C00075000%2CHOOD261009C00080000%2CHOOD261009C00085000%2CHOOD261009C00090000%2CHOOD261009C00091000%2CHOOD261009C00092000%2CHOOD261009C00093000%2CHOOD261009C00094000%2CHOOD261009C00095000%2CHOOD261009C00096000%2CHOOD261009C00097000%2CHOOD261009C00098000%2CHOOD261009C00099000%2CHOOD261009C00100000%2CHOOD261009C00101000%2CHOOD261009C00102000%2CHOOD261009C00103000%2CHOOD261009C00104000%2CHOOD261009C00105000%2CHOOD261009C00106000%2CHOOD261009C00107000%2CHOOD261009C00108000%2CHOOD261009C00109000%2CHOOD261009C00110000%2CHOOD261009C00111000%2CHOOD261009C00112000%2CHOOD261009C00113000%2CHOOD261009C00114000%2CHOOD261009C00115000%2CHOOD261009C00116000%2CHOOD261009C00117000%2CHOOD261009C00118000%2CHOOD261009C00119000%2CHOOD261009C00120000%2CHOOD261009C00121000%2CHOOD261009C00122000%2CHOOD261009C00123000%2CHOOD261009C00124000%2CHOOD261009C00125000%2CHOOD261009C00126000&greeks=true'
For more information check: https://developer.mozilla.org/en-US/docs/Web/HTTP/Status/401
2026-10-02T09:35:37 | WARNING  | app.scanning.alpaca_confirmer | AlpacaConfirmer: cannot fetch chain for PLTR 2026-10-09: Client error '401 Unauthorized' for url 'https://api.tradier.com/v1/markets/quotes?symbols=PLTR261009C00050000%2CPLTR261009C00055000%2CPLTR261009C00060000%2CPLTR261009C00065000%2CPLTR261009C00070000%2CPLTR261009C00075000%2CPLTR261009C00080000%2CPLTR261009C00085000%2CPLTR261009C00090000%2CPLTR261009C00095000%2CPLTR261009C00100000%2CPLTR261009C00105000%2CPLTR261009C00110000%2CPLTR261009C00115000%2CPLTR261009C00120000%2CPLTR261009C00125000%2CPLTR261009C00130000%2CPLTR261009C00135000%2CPLTR261009C00140000%2CPLTR261009C00144000%2CPLTR261009C00145000%2CPLTR261009C00146000%2CPLTR261009C00147000%2CPLTR261009C00148000%2CPLTR261009C00149000%2CPLTR261009C00150000%2CPLTR261009C00152500%2CPLTR261009C00155000%2CPLTR261009C00157500%2CPLTR261009C00160000%2CPLTR261009C00162500%2CPLTR261009C00165000%2CPLTR261009C00167500%2CPLTR261009C00170000%2CPLTR261009C00172500%2CPLTR261009C00175000%2CPLTR261009C00177500%2CPLTR261009C00180000%2CPLTR261009C00182500%2CPLTR261009C00185000%2CPLTR261009C00187500%2CPLTR261009C00190000%2CPLTR261009C00192500%2CPLTR261009C00195000%2CPLTR261009C00197500%2CPLTR261009C00200000%2CPLTR261009C00202500%2CPLTR261009C00205000%2CPLTR261009C00207500%2CPLTR261009C00210000&greeks=true'
For more information check: https://developer.mozilla.org/en-US/docs/Web/HTTP/Status/401
2026-10-02T09:35:37 | WARNING  | app.scanning.alpaca_confirmer | AlpacaConfirmer: cannot fetch chain for AMZN 2026-10-05: Client error '401 Unauthorized' for url 'https://api.tradier.com/v1/markets/quotes?symbols=AMZN261005C00180000%2CAMZN261005C00185000%2CAMZN261005C00190000%2CAMZN261005C00195000%2CAMZN261005C00200000%2CAMZN261005C00205000%2CAMZN261005C00210000%2CAMZN261005C00215000%2CAMZN261005C00220000%2CAMZN261005C00222500%2CAMZN261005C00225000%2CAMZN261005C00227500%2CAMZN261005C00230000%2CAMZN261005C00232500%2CAMZN261005C00235000%2CAMZN261005C00237500%2CAMZN261005C00240000%2CAMZN261005C00242500%2CAMZN261005C00245000%2CAMZN261005C00247500%2CAMZN261005C00250000%2CAMZN261005C00252500%2CAMZN261005C00255000%2CAMZN261005C00257500%2CAMZN261005C00260000%2CAMZN261005C00262500%2CAMZN261005C00265000%2CAMZN261005C00267500%2CAMZN261005C00270000%2CAMZN261005C00272500%2CAMZN261005C00275000%2CAMZN261005C00277500%2CAMZN261005C00280000%2CAMZN261005C00282500%2CAMZN261005C00285000%2CAMZN261005C00290000%2CAMZN261005C00295000%2CAMZN261005C00300000%2CAMZN261005C00305000%2CAMZN261005C00310000%2CAMZN261005C00315000%2CAMZN261005C00320000%2CAMZN261005C00325000%2CAMZN261005C00330000%2CAMZN261005C00335000%2CAMZN261005P00180000%2CAMZN261005P00185000%2CAMZN261005P00190000%2CAMZN261005P00195000%2CAMZN261005P00200000&greeks=true'
For more information check: https://developer.mozilla.org/en-US/docs/Web/HTTP/Status/401
2026-10-02T09:35:37 | WARNING  | app.scanning.alpaca_confirmer | AlpacaConfirmer: cannot fetch chain for TSLA 2026-10-05: Client error '401 Unauthorized' for url 'https://api.tradier.com/v1/markets/quotes?symbols=TSLA261005C00250000%2CTSLA261005C00255000%2CTSLA261005C00260000%2CTSLA261005C00265000%2CTSLA261005C00270000%2CTSLA261005C00275000%2CTSLA261005C00280000%2CTSLA261005C00285000%2CTSLA261005C00290000%2CTSLA261005C00295000%2CTSLA261005C00300000%2CTSLA261005C00305000%2CTSLA261005C00310000%2CTSLA261005C00315000%2CTSLA261005C00317500%2CTSLA261005C00320000%2CTSLA261005C00322500%2CTSLA261005C00325000%2CTSLA261005C00327500%2CTSLA261005C00330000%2CTSLA261005C00332500%2CTSLA261005C00335000%2CTSLA261005C00337500%2CTSLA261005C00340000%2CTSLA261005C00342500%2CTSLA261005C00345000%2CTSLA261005C00347500%2CTSLA261005C00350000%2CTSLA261005C00352500%2CTSLA261005C00355000%2CTSLA261005C00357500%2CTSLA261005C00360000%2CTSLA261005C00362500%2CTSLA261005C00365000%2CTSLA261005C00367500%2CTSLA261005C00370000%2CTSLA261005C00372500%2CTSLA261005C00375000%2CTSLA261005C00377500%2CTSLA261005C00380000%2CTSLA261005C00382500%2CTSLA261005C00385000%2CTSLA261005C00387500%2CTSLA261005C00390000%2CTSLA261005C00392500%2CTSLA261005C00395000%2CTSLA261005C00397500%2CTSLA261005C00400000%2CTSLA261005C00402500%2CTSLA261005C00405000&greeks=true'
For more information check: https://developer.mozilla.org/en-US/docs/Web/HTTP/Status/401
2026-10-02T09:35:37 | WARNING  | app.scanning.alpaca_confirmer | AlpacaConfirmer: cannot fetch chain for AMD 2026-10-05: Client error '401 Unauthorized' for url 'https://api.tradier.com/v1/markets/quotes?symbols=AMD261005C00310000%2CAMD261005C00315000%2CAMD261005C00320000%2CAMD261005C00325000%2CAMD261005C00330000%2CAMD261005C00335000%2CAMD261005C00340000%2CAMD261005C00345000%2CAMD261005C00350000%2CAMD261005C00355000%2CAMD261005C00360000%2CAMD261005C00365000%2CAMD261005C00370000%2CAMD261005C00375000%2CAMD261005C00380000%2CAMD261005C00385000%2CAMD261005C00390000%2CAMD261005C00395000%2CAMD261005C00400000%2CAMD261005C00405000%2CAMD261005C00410000%2CAMD261005C00415000%2CAMD261005C00420000%2CAMD261005C00425000%2CAMD261005C00430000%2CAMD261005C00435000%2CAMD261005C00440000%2CAMD261005C00445000%2CAMD261005C00450000%2CAMD261005C00455000%2CAMD261005C00460000%2CAMD261005C00465000%2CAMD261005C00470000%2CAMD261005C00475000%2CAMD261005C00480000%2CAMD261005C00485000%2CAMD261005C00490000%2CAMD261005C00495000%2CAMD261005C00500000%2CAMD261005C00505000%2CAMD261005C00507500%2CAMD261005C00510000%2CAMD261005C00512500%2CAMD261005C00515000%2CAMD261005C00517500%2CAMD261005C00520000%2CAMD261005C00522500%2CAMD261005C00525000%2CAMD261005C00527500%2CAMD261005C00530000&greeks=true'
For more information check: https://developer.mozilla.org/en-US/docs/Web/HTTP/Status/401
2026-10-02T09:35:37 | WARNING  | app.scanning.alpaca_confirmer | AlpacaConfirmer: cannot fetch chain for MSFT 2026-10-05: Client error '401 Unauthorized' for url 'https://api.tradier.com/v1/markets/quotes?symbols=MSFT261005C00420000%2CMSFT261005C00425000%2CMSFT261005C00430000%2CMSFT261005C00435000%2CMSFT261005C00440000%2CMSFT261005C00445000%2CMSFT261005C00450000%2CMSFT261005C00452500%2CMSFT261005C00455000%2CMSFT261005C00457500%2CMSFT261005C00460000%2CMSFT261005C00462500%2CMSFT261005C00465000%2CMSFT261005C00467500%2CMSFT261005C00470000%2CMSFT261005C00472500%2CMSFT261005C00475000%2CMSFT261005C00477500%2CMSFT261005C00480000%2CMSFT261005C00482500%2CMSFT261005C00485000%2CMSFT261005C00487500%2CMSFT261005C00490000%2CMSFT261005C00492500%2CMSFT261005C00495000%2CMSFT261005C00497500%2CMSFT261005C00500000%2CMSFT261005C00502500%2CMSFT261005C00505000%2CMSFT261005C00507500%2CMSFT261005C00510000%2CMSFT261005C00512500%2CMSFT261005C00515000%2CMSFT261005C00517500%2CMSFT261005C00520000%2CMSFT261005C00522500%2CMSFT261005C00525000%2CMSFT261005C00527500%2CMSFT261005C00530000%2CMSFT261005C00532500%2CMSFT261005C00535000%2CMSFT261005C00537500%2CMSFT261005C00540000%2CMSFT261005C00542500%2CMSFT261005C00545000%2CMSFT261005C00547500%2CMSFT261005C00550000%2CMSFT261005C00552500%2CMSFT261005C00555000%2CMSFT261005C00557500&greeks=true'
For more information check: https://developer.mozilla.org/en-US/docs/Web/HTTP/Status/401
2026-10-02T09:35:37 | WARNING  | app.scanning.alpaca_confirmer | AlpacaConfirmer: cannot fetch chain for GOOGL 2026-10-05: Client error '401 Unauthorized' for url 'https://api.tradier.com/v1/markets/quotes?symbols=GOOGL261005C00265000%2CGOOGL261005C00270000%2CGOOGL261005C00275000%2CGOOGL261005C00280000%2CGOOGL261005C00285000%2CGOOGL261005C00290000%2CGOOGL261005C00295000%2CGOOGL261005C00300000%2CGOOGL261005C00305000%2CGOOGL261005C00307500%2CGOOGL261005C00310000%2CGOOGL261005C00312500%2CGOOGL261005C00315000%2CGOOGL261005C00317500%2CGOOGL261005C00320000%2CGOOGL261005C00322500%2CGOOGL261005C00325000%2CGOOGL261005C00327500%2CGOOGL261005C00330000%2CGOOGL261005C00332500%2CGOOGL261005C00335000%2CGOOGL261005C00337500%2CGOOGL261005C00340000%2CGOOGL261005C00342500%2CGOOGL261005C00345000%2CGOOGL261005C00347500%2CGOOGL261005C00350000%2CGOOGL261005C00352500%2CGOOGL261005C00355000%2CGOOGL261005C00357500%2CGOOGL261005C00360000%2CGOOGL261005C00362500%2CGOOGL261005C00365000%2CGOOGL261005C00367500%2CGOOGL261005C00370000%2CGOOGL261005C00372500%2CGOOGL261005C00375000%2CGOOGL261005C00377500%2CGOOGL261005C00380000%2CGOOGL261005C00382500%2CGOOGL261005C00385000%2CGOOGL261005C00387500%2CGOOGL261005C00390000%2CGOOGL261005C00392500%2CGOOGL261005C00395000%2CGOOGL261005C00397500%2CGOOGL261005C00400000%2CGOOGL261005C00402500%2CGOOGL261005C00405000%2CGOOGL261005C00407500&greeks=true'
For more information check: https://developer.mozilla.org/en-US/docs/Web/HTTP/Status/401
2026-10-02T09:35:37 | WARNING  | app.scanning.alpaca_confirmer | AlpacaConfirmer: cannot fetch chain for SPY 2026-10-05: Client error '401 Unauthorized' for url 'https://api.tradier.com/v1/markets/quotes?symbols=SPY261005C00550000%2CSPY261005C00555000%2CSPY261005C00560000%2CSPY261005C00565000%2CSPY261005C00570000%2CSPY261005C00575000%2CSPY261005C00580000%2CSPY261005C00585000%2CSPY261005C00590000%2CSPY261005C00595000%2CSPY261005C00600000%2CSPY261005C00605000%2CSPY261005C00610000%2CSPY261005C00615000%2CSPY261005C00620000%2CSPY261005C00625000%2CSPY261005C00630000%2CSPY261005C00635000%2CSPY261005C00640000%2CSPY261005C00645000%2CSPY261005C00650000%2CSPY261005C00655000%2CSPY261005C00660000%2CSPY261005C00665000%2CSPY261005C00670000%2CSPY261005C00675000%2CSPY261005C00680000%2CSPY261005C00685000%2CSPY261005C00690000%2CSPY261005C00695000%2CSPY261005C00700000%2CSPY261005C00705000%2CSPY261005C00710000%2CSPY261005C00715000%2CSPY261005C00720000%2CSPY261005C00723000%2CSPY261005C00724000%2CSPY261005C00725000%2CSPY261005C00726000%2CSPY261005C00727000%2CSPY261005C00728000%2CSPY261005C00729000%2CSPY261005C00730000%2CSPY261005C00731000%2CSPY261005C00732000%2CSPY261005C00733000%2CSPY261005C00734000%2CSPY261005C00735000%2CSPY261005C00736000%2CSPY261005C00737000&greeks=true'
For more information check: https://developer.mozilla.org/en-US/docs/Web/HTTP/Status/401
2026-10-02T09:35:37 | WARNING  | app.scanning.alpaca_confirmer | AlpacaConfirmer: cannot fetch chain for AVGO 2026-10-05: Client error '401 Unauthorized' for url 'https://api.tradier.com/v1/markets/quotes?symbols=AVGO261005C00285000%2CAVGO261005C00290000%2CAVGO261005C00295000%2CAVGO261005C00300000%2CAVGO261005C00305000%2CAVGO261005C00310000%2CAVGO261005C00315000%2CAVGO261005C00317500%2CAVGO261005C00320000%2CAVGO261005C00322500%2CAVGO261005C00325000%2CAVGO261005C00327500%2CAVGO261005C00330000%2CAVGO261005C00332500%2CAVGO261005C00335000%2CAVGO261005C00337500%2CAVGO261005C00340000%2CAVGO261005C00342500%2CAVGO261005C00345000%2CAVGO261005C00347500%2CAVGO261005C00350000%2CAVGO261005C00352500%2CAVGO261005C00355000%2CAVGO261005C00357500%2CAVGO261005C00360000%2CAVGO261005C00362500%2CAVGO261005C00365000%2CAVGO261005C00367500%2CAVGO261005C00370000%2CAVGO261005C00372500%2CAVGO261005C00375000%2CAVGO261005C00377500%2CAVGO261005C00380000%2CAVGO261005C00382500%2CAVGO261005C00385000%2CAVGO261005C00387500%2CAVGO261005C00390000%2CAVGO261005C00392500%2CAVGO261005C00395000%2CAVGO261005C00397500%2CAVGO261005C00400000%2CAVGO261005C00402500%2CAVGO261005C00405000%2CAVGO261005C00407500%2CAVGO261005C00410000%2CAVGO261005C00412500%2CAVGO261005C00415000%2CAVGO261005C00417500%2CAVGO261005C00420000%2CAVGO261005C00422500&greeks=true'
For more information check: https://developer.mozilla.org/en-US/docs/Web/HTTP/Status/401
2026-10-02T09:35:37 | WARNING  | app.scanning.alpaca_confirmer | AlpacaConfirmer: cannot fetch chain for NVDA 2026-10-05: Client error '401 Unauthorized' for url 'https://api.tradier.com/v1/markets/quotes?symbols=NVDA261005C00115000%2CNVDA261005C00120000%2CNVDA261005C00125000%2CNVDA261005C00130000%2CNVDA261005C00135000%2CNVDA261005C00140000%2CNVDA261005C00145000%2CNVDA261005C00150000%2CNVDA261005C00155000%2CNVDA261005C00160000%2CNVDA261005C00165000%2CNVDA261005C00170000%2CNVDA261005C00175000%2CNVDA261005C00180000%2CNVDA261005C00185000%2CNVDA261005C00190000%2CNVDA261005C00195000%2CNVDA261005C00197500%2CNVDA261005C00200000%2CNVDA261005C00202500%2CNVDA261005C00205000%2CNVDA261005C00207500%2CNVDA261005C00210000%2CNVDA261005C00212500%2CNVDA261005C00215000%2CNVDA261005C00217500%2CNVDA261005C00220000%2CNVDA261005C00222500%2CNVDA261005C00225000%2CNVDA261005C00227500%2CNVDA261005C00230000%2CNVDA261005C00232500%2CNVDA261005C00235000%2CNVDA261005C00237500%2CNVDA261005C00240000%2CNVDA261005C00242500%2CNVDA261005C00245000%2CNVDA261005C00247500%2CNVDA261005C00250000%2CNVDA261005C00252500%2CNVDA261005C00255000%2CNVDA261005C00260000%2CNVDA261005C00265000%2CNVDA261005C00270000%2CNVDA261005C00275000%2CNVDA261005C00280000%2CNVDA261005C00285000%2CNVDA261005C00290000%2CNVDA261005C00295000%2CNVDA261005P00115000&greeks=true'
For more information check: https://developer.mozilla.org/en-US/docs/Web/HTTP/Status/401
2026-10-02T09:35:37 | INFO     | session_runner | AlpacaConfirmer: 0 confirmed symbols: []
2026-10-02T09:35:37 | WARNING  | session_runner | Re-scan returned no confirmed symbols — falling back to ['SPY']
2026-10-02T09:35:37 | INFO     | session_runner | Broad-market regime | SPY=long
2026-10-02T09:35:37 | INFO     | session_runner | [bridge:SPY] rsi_trend ready: sufficient bars
2026-10-02T09:35:37 | INFO     | session_runner | Stale signal: SPY/vwap_reclaim age=60 min > max 10 min — skipped
2026-10-02T09:36:08 | INFO     | session_runner | [cycle 12] 09:36:08 ET | positions=0 | entries=0
2026-10-02T09:36:08 | INFO     | session_runner | [bridge:SPY] rsi_trend ready: sufficient bars
2026-10-02T09:36:08 | INFO     | session_runner | Stale signal: SPY/vwap_reclaim age=61 min > max 10 min — skipped
2026-10-02T09:36:38 | INFO     | session_runner | [cycle 13] 09:36:38 ET | positions=0 | entries=0
2026-10-02T09:36:38 | INFO     | session_runner | [bridge:SPY] rsi_trend ready: sufficient bars
2026-10-02T09:36:38 | INFO     | session_runner | Stale signal: SPY/vwap_reclaim age=62 min > max 10 min — skipped
2026-10-02T09:37:08 | INFO     | session_runner | [cycle 14] 09:37:08 ET | positions=0 | entries=0
2026-10-02T09:37:09 | INFO     | session_runner | [bridge:SPY] rsi_trend ready: sufficient bars
2026-10-02T09:37:09 | INFO     | session_runner | Stale signal: SPY/vwap_reclaim age=62 min > max 10 min — skipped
2026-10-02T09:37:39 | INFO     | session_runner | [cycle 15] 09:37:39 ET | positions=0 | entries=0
2026-10-02T09:37:39 | INFO     | session_runner | [bridge:SPY] rsi_trend ready: sufficient bars
2026-10-02T09:37:39 | INFO     | session_runner | Stale signal: SPY/vwap_reclaim age=63 min > max 10 min — skipped
2026-10-02T09:38:09 | INFO     | session_runner | [cycle 16] 09:38:09 ET | positions=0 | entries=0
2026-10-02T09:38:09 | INFO     | session_runner | [bridge:SPY] rsi_trend ready: sufficient bars
2026-10-02T09:38:09 | INFO     | session_runner | Stale signal: SPY/vwap_reclaim age=63 min > max 10 min — skipped
2026-10-02T09:38:39 | INFO     | session_runner | [cycle 17] 09:38:39 ET | positions=0 | entries=0
2026-10-02T09:38:40 | INFO     | session_runner | [bridge:SPY] rsi_trend ready: sufficient bars
2026-10-02T09:38:40 | INFO     | session_runner | Stale signal: SPY/vwap_reclaim age=64 min > max 10 min — skipped
2026-10-02T09:39:10 | INFO     | session_runner | [cycle 18] 09:39:10 ET | positions=0 | entries=0
2026-10-02T09:39:10 | INFO     | session_runner | [bridge:SPY] rsi_trend ready: sufficient bars
2026-10-02T09:39:10 | INFO     | session_runner | Stale signal: SPY/vwap_reclaim age=64 min > max 10 min — skipped
2026-10-02T09:39:40 | INFO     | session_runner | [cycle 19] 09:39:40 ET | positions=0 | entries=0
2026-10-02T09:39:40 | INFO     | session_runner | [bridge:SPY] rsi_trend ready: sufficient bars
2026-10-02T09:39:40 | INFO     | session_runner | Stale signal: SPY/vwap_reclaim age=65 min > max 10 min — skipped
2026-10-02T09:40:10 | INFO     | session_runner | [cycle 20] 09:40:10 ET | positions=0 | entries=0
2026-10-02T09:40:11 | INFO     | session_runner | [bridge:SPY] rsi_trend ready: sufficient bars
2026-10-02T09:40:11 | INFO     | session_runner | Stale signal: SPY/vwap_reclaim age=65 min > max 10 min — skipped
2026-10-02T09:40:41 | INFO     | session_runner | [cycle 21] 09:40:41 ET | positions=0 | entries=0
2026-10-02T09:40:41 | INFO     | app.trading.reconciler | Reconciliation done: broker_pos=0 local_pos=0 broker_orders=0 local_pending=0 repaired=0 flagged=0 orders_confirmed=True positions_confirmed=True
2026-10-02T09:40:41 | INFO     | session_runner | Periodic universe re-scan …
2026-10-02T09:40:41 | INFO     | app.scanning.universe_loader | UniverseLoader: loaded 5 groups (13 flat symbols) from config/ticker_universe.yaml (blacklist=0)
2026-10-02T09:40:41 | INFO     | app.scanning.universe_loader | UniverseLoader: 38 symbols from 4 group(s) (blacklist=0)
2026-10-02T09:40:41 | INFO     | session_runner | Universe scan: 38 symbols from 4 group(s) | max_active=6
2026-10-02T09:40:46 | INFO     | session_runner | Scan: 22 passed, 16 rejected
2026-10-02T09:40:46 | INFO     | session_runner |   TSLA    score=83.0  signal=LONG     reasons: rvol=6.07x (high), atr=3.06% (wide-range), near_orb_level
2026-10-02T09:40:46 | INFO     | session_runner |   RIVN    score=83.0  signal=SHORT    reasons: rvol=4.67x (high), atr=3.91% (wide-range), near_orb_level
2026-10-02T09:40:46 | INFO     | session_runner |   SOFI    score=83.0  signal=SHORT    reasons: rvol=3.17x (high), atr=3.43% (wide-range), near_orb_level
2026-10-02T09:40:46 | INFO     | session_runner |   HOOD    score=75.0  signal=LONG     reasons: rvol=6.10x (high), atr=5.12% (wide-range), trend_up
2026-10-02T09:40:46 | INFO     | session_runner |   MARA    score=75.0  signal=LONG     reasons: rvol=2.97x (high), atr=6.50% (wide-range), trend_up
2026-10-02T09:40:46 | WARNING  | app.scanning.alpaca_confirmer | AlpacaConfirmer: cannot fetch chain for TSLA 2026-10-05: Client error '401 Unauthorized' for url 'https://api.tradier.com/v1/markets/quotes?symbols=TSLA261005C00250000%2CTSLA261005C00255000%2CTSLA261005C00260000%2CTSLA261005C00265000%2CTSLA261005C00270000%2CTSLA261005C00275000%2CTSLA261005C00280000%2CTSLA261005C00285000%2CTSLA261005C00290000%2CTSLA261005C00295000%2CTSLA261005C00300000%2CTSLA261005C00305000%2CTSLA261005C00310000%2CTSLA261005C00315000%2CTSLA261005C00317500%2CTSLA261005C00320000%2CTSLA261005C00322500%2CTSLA261005C00325000%2CTSLA261005C00327500%2CTSLA261005C00330000%2CTSLA261005C00332500%2CTSLA261005C00335000%2CTSLA261005C00337500%2CTSLA261005C00340000%2CTSLA261005C00342500%2CTSLA261005C00345000%2CTSLA261005C00347500%2CTSLA261005C00350000%2CTSLA261005C00352500%2CTSLA261005C00355000%2CTSLA261005C00357500%2CTSLA261005C00360000%2CTSLA261005C00362500%2CTSLA261005C00365000%2CTSLA261005C00367500%2CTSLA261005C00370000%2CTSLA261005C00372500%2CTSLA261005C00375000%2CTSLA261005C00377500%2CTSLA261005C00380000%2CTSLA261005C00382500%2CTSLA261005C00385000%2CTSLA261005C00387500%2CTSLA261005C00390000%2CTSLA261005C00392500%2CTSLA261005C00395000%2CTSLA261005C00397500%2CTSLA261005C00400000%2CTSLA261005C00402500%2CTSLA261005C00405000&greeks=true'
For more information check: https://developer.mozilla.org/en-US/docs/Web/HTTP/Status/401
2026-10-02T09:40:46 | WARNING  | app.scanning.alpaca_confirmer | AlpacaConfirmer: cannot fetch chain for RIOT 2026-10-09: Client error '401 Unauthorized' for url 'https://api.tradier.com/v1/markets/quotes?symbols=RIOT261009C00008000%2CRIOT261009C00009000%2CRIOT261009C00010000%2CRIOT261009C00011000%2CRIOT261009C00012000%2CRIOT261009C00013000%2CRIOT261009C00014000%2CRIOT261009C00015000%2CRIOT261009C00016000%2CRIOT261009C00017000%2CRIOT261009C00017500%2CRIOT261009C00018000%2CRIOT261009C00018500%2CRIOT261009C00019000%2CRIOT261009C00019500%2CRIOT261009C00020000%2CRIOT261009C00020500%2CRIOT261009C00021000%2CRIOT261009C00021500%2CRIOT261009C00022000%2CRIOT261009C00022500%2CRIOT261009C00023000%2CRIOT261009C00023500%2CRIOT261009C00024000%2CRIOT261009C00024500%2CRIOT261009C00025000%2CRIOT261009C00025500%2CRIOT261009C00026000%2CRIOT261009C00026500%2CRIOT261009C00027000%2CRIOT261009C00027500%2CRIOT261009C00028000%2CRIOT261009C00028500%2CRIOT261009C00029000%2CRIOT261009C00029500%2CRIOT261009C00030000%2CRIOT261009C00031000%2CRIOT261009C00032000%2CRIOT261009C00033000%2CRIOT261009C00034000%2CRIOT261009C00035000%2CRIOT261009P00008000%2CRIOT261009P00009000%2CRIOT261009P00010000%2CRIOT261009P00011000%2CRIOT261009P00012000%2CRIOT261009P00013000%2CRIOT261009P00014000%2CRIOT261009P00015000%2CRIOT261009P00016000&greeks=true'
For more information check: https://developer.mozilla.org/en-US/docs/Web/HTTP/Status/401
2026-10-02T09:40:46 | WARNING  | app.scanning.alpaca_confirmer | AlpacaConfirmer: cannot fetch chain for NVDA 2026-10-05: Client error '401 Unauthorized' for url 'https://api.tradier.com/v1/markets/quotes?symbols=NVDA261005C00115000%2CNVDA261005C00120000%2CNVDA261005C00125000%2CNVDA261005C00130000%2CNVDA261005C00135000%2CNVDA261005C00140000%2CNVDA261005C00145000%2CNVDA261005C00150000%2CNVDA261005C00155000%2CNVDA261005C00160000%2CNVDA261005C00165000%2CNVDA261005C00170000%2CNVDA261005C00175000%2CNVDA261005C00180000%2CNVDA261005C00185000%2CNVDA261005C00190000%2CNVDA261005C00195000%2CNVDA261005C00197500%2CNVDA261005C00200000%2CNVDA261005C00202500%2CNVDA261005C00205000%2CNVDA261005C00207500%2CNVDA261005C00210000%2CNVDA261005C00212500%2CNVDA261005C00215000%2CNVDA261005C00217500%2CNVDA261005C00220000%2CNVDA261005C00222500%2CNVDA261005C00225000%2CNVDA261005C00227500%2CNVDA261005C00230000%2CNVDA261005C00232500%2CNVDA261005C00235000%2CNVDA261005C00237500%2CNVDA261005C00240000%2CNVDA261005C00242500%2CNVDA261005C00245000%2CNVDA261005C00247500%2CNVDA261005C00250000%2CNVDA261005C00252500%2CNVDA261005C00255000%2CNVDA261005C00260000%2CNVDA261005C00265000%2CNVDA261005C00270000%2CNVDA261005C00275000%2CNVDA261005C00280000%2CNVDA261005C00285000%2CNVDA261005C00290000%2CNVDA261005C00295000%2CNVDA261005P00115000&greeks=true'
For more information check: https://developer.mozilla.org/en-US/docs/Web/HTTP/Status/401
2026-10-02T09:40:46 | WARNING  | app.scanning.alpaca_confirmer | AlpacaConfirmer: cannot fetch chain for HOOD 2026-10-09: Client error '401 Unauthorized' for url 'https://api.tradier.com/v1/markets/quotes?symbols=HOOD261009C00025000%2CHOOD261009C00030000%2CHOOD261009C00035000%2CHOOD261009C00040000%2CHOOD261009C00045000%2CHOOD261009C00050000%2CHOOD261009C00055000%2CHOOD261009C00060000%2CHOOD261009C00065000%2CHOOD261009C00070000%2CHOOD261009C00075000%2CHOOD261009C00080000%2CHOOD261009C00085000%2CHOOD261009C00090000%2CHOOD261009C00091000%2CHOOD261009C00092000%2CHOOD261009C00093000%2CHOOD261009C00094000%2CHOOD261009C00095000%2CHOOD261009C00096000%2CHOOD261009C00097000%2CHOOD261009C00098000%2CHOOD261009C00099000%2CHOOD261009C00100000%2CHOOD261009C00101000%2CHOOD261009C00102000%2CHOOD261009C00103000%2CHOOD261009C00104000%2CHOOD261009C00105000%2CHOOD261009C00106000%2CHOOD261009C00107000%2CHOOD261009C00108000%2CHOOD261009C00109000%2CHOOD261009C00110000%2CHOOD261009C00111000%2CHOOD261009C00112000%2CHOOD261009C00113000%2CHOOD261009C00114000%2CHOOD261009C00115000%2CHOOD261009C00116000%2CHOOD261009C00117000%2CHOOD261009C00118000%2CHOOD261009C00119000%2CHOOD261009C00120000%2CHOOD261009C00121000%2CHOOD261009C00122000%2CHOOD261009C00123000%2CHOOD261009C00124000%2CHOOD261009C00125000%2CHOOD261009C00126000&greeks=true'
For more information check: https://developer.mozilla.org/en-US/docs/Web/HTTP/Status/401
2026-10-02T09:40:46 | WARNING  | app.scanning.alpaca_confirmer | AlpacaConfirmer: cannot fetch chain for SOFI 2026-10-09: Client error '401 Unauthorized' for url 'https://api.tradier.com/v1/markets/quotes?symbols=SOFI261009C00005000%2CSOFI261009C00009000%2CSOFI261009C00010000%2CSOFI261009C00011000%2CSOFI261009C00011500%2CSOFI261009C00012000%2CSOFI261009C00012500%2CSOFI261009C00013000%2CSOFI261009C00013500%2CSOFI261009C00014000%2CSOFI261009C00014500%2CSOFI261009C00015000%2CSOFI261009C00015500%2CSOFI261009C00016000%2CSOFI261009C00016500%2CSOFI261009C00017000%2CSOFI261009C00017500%2CSOFI261009C00018000%2CSOFI261009C00018500%2CSOFI261009C00019000%2CSOFI261009C00019500%2CSOFI261009C00020000%2CSOFI261009C00020500%2CSOFI261009C00021000%2CSOFI261009C00021500%2CSOFI261009C00022000%2CSOFI261009C00022500%2CSOFI261009C00023000%2CSOFI261009C00023500%2CSOFI261009C00024000%2CSOFI261009C00025000%2CSOFI261009C00030000%2CSOFI261009P00005000%2CSOFI261009P00009000%2CSOFI261009P00010000%2CSOFI261009P00011000%2CSOFI261009P00011500%2CSOFI261009P00012000%2CSOFI261009P00012500%2CSOFI261009P00013000%2CSOFI261009P00013500%2CSOFI261009P00014000%2CSOFI261009P00014500%2CSOFI261009P00015000%2CSOFI261009P00015500%2CSOFI261009P00016000%2CSOFI261009P00016500%2CSOFI261009P00017000%2CSOFI261009P00017500%2CSOFI261009P00018000&greeks=true'
For more information check: https://developer.mozilla.org/en-US/docs/Web/HTTP/Status/401
2026-10-02T09:40:46 | WARNING  | app.scanning.alpaca_confirmer | AlpacaConfirmer: cannot fetch chain for SPY 2026-10-05: Client error '401 Unauthorized' for url 'https://api.tradier.com/v1/markets/quotes?symbols=SPY261005C00550000%2CSPY261005C00555000%2CSPY261005C00560000%2CSPY261005C00565000%2CSPY261005C00570000%2CSPY261005C00575000%2CSPY261005C00580000%2CSPY261005C00585000%2CSPY261005C00590000%2CSPY261005C00595000%2CSPY261005C00600000%2CSPY261005C00605000%2CSPY261005C00610000%2CSPY261005C00615000%2CSPY261005C00620000%2CSPY261005C00625000%2CSPY261005C00630000%2CSPY261005C00635000%2CSPY261005C00640000%2CSPY261005C00645000%2CSPY261005C00650000%2CSPY261005C00655000%2CSPY261005C00660000%2CSPY261005C00665000%2CSPY261005C00670000%2CSPY261005C00675000%2CSPY261005C00680000%2CSPY261005C00685000%2CSPY261005C00690000%2CSPY261005C00695000%2CSPY261005C00700000%2CSPY261005C00705000%2CSPY261005C00710000%2CSPY261005C00715000%2CSPY261005C00720000%2CSPY261005C00723000%2CSPY261005C00724000%2CSPY261005C00725000%2CSPY261005C00726000%2CSPY261005C00727000%2CSPY261005C00728000%2CSPY261005C00729000%2CSPY261005C00730000%2CSPY261005C00731000%2CSPY261005C00732000%2CSPY261005C00733000%2CSPY261005C00734000%2CSPY261005C00735000%2CSPY261005C00736000%2CSPY261005C00737000&greeks=true'
For more information check: https://developer.mozilla.org/en-US/docs/Web/HTTP/Status/401
2026-10-02T09:40:46 | WARNING  | app.scanning.alpaca_confirmer | AlpacaConfirmer: cannot fetch chain for DKNG 2026-10-09: Client error '401 Unauthorized' for url 'https://api.tradier.com/v1/markets/quotes?symbols=DKNG261009C00010000%2CDKNG261009C00011000%2CDKNG261009C00012000%2CDKNG261009C00013000%2CDKNG261009C00014000%2CDKNG261009C00015000%2CDKNG261009C00016000%2CDKNG261009C00017000%2CDKNG261009C00018000%2CDKNG261009C00019000%2CDKNG261009C00020000%2CDKNG261009C00020500%2CDKNG261009C00021000%2CDKNG261009C00021500%2CDKNG261009C00022000%2CDKNG261009C00022500%2CDKNG261009C00023000%2CDKNG261009C00023500%2CDKNG261009C00024000%2CDKNG261009C00024500%2CDKNG261009C00025000%2CDKNG261009C00025500%2CDKNG261009C00026000%2CDKNG261009C00026500%2CDKNG261009C00027000%2CDKNG261009C00027500%2CDKNG261009C00028000%2CDKNG261009C00028500%2CDKNG261009C00029000%2CDKNG261009C00030000%2CDKNG261009C00031000%2CDKNG261009C00032000%2CDKNG261009C00033000%2CDKNG261009C00034000%2CDKNG261009C00035000%2CDKNG261009P00010000%2CDKNG261009P00011000%2CDKNG261009P00012000%2CDKNG261009P00013000%2CDKNG261009P00014000%2CDKNG261009P00015000%2CDKNG261009P00016000%2CDKNG261009P00017000%2CDKNG261009P00018000%2CDKNG261009P00019000%2CDKNG261009P00020000%2CDKNG261009P00020500%2CDKNG261009P00021000%2CDKNG261009P00021500%2CDKNG261009P00022000&greeks=true'
For more information check: https://developer.mozilla.org/en-US/docs/Web/HTTP/Status/401
2026-10-02T09:40:46 | WARNING  | app.scanning.alpaca_confirmer | AlpacaConfirmer: cannot fetch chain for MARA 2026-10-09: Client error '401 Unauthorized' for url 'https://api.tradier.com/v1/markets/quotes?symbols=MARA261009C00004000%2CMARA261009C00005000%2CMARA261009C00006000%2CMARA261009C00006500%2CMARA261009C00007000%2CMARA261009C00007500%2CMARA261009C00008000%2CMARA261009C00008500%2CMARA261009C00009000%2CMARA261009C00009500%2CMARA261009C00010000%2CMARA261009C00010500%2CMARA261009C00011000%2CMARA261009C00011500%2CMARA261009C00012000%2CMARA261009C00012500%2CMARA261009C00013000%2CMARA261009C00013500%2CMARA261009C00014000%2CMARA261009C00014500%2CMARA261009C00015000%2CMARA261009C00015500%2CMARA261009C00016000%2CMARA261009C00016500%2CMARA261009C00017000%2CMARA261009C00017500%2CMARA261009C00018000%2CMARA261009C00019000%2CMARA261009C00020000%2CMARA261009C00021000%2CMARA261009C00022000%2CMARA261009C00023000%2CMARA261009P00004000%2CMARA261009P00005000%2CMARA261009P00006000%2CMARA261009P00006500%2CMARA261009P00007000%2CMARA261009P00007500%2CMARA261009P00008000%2CMARA261009P00008500%2CMARA261009P00009000%2CMARA261009P00009500%2CMARA261009P00010000%2CMARA261009P00010500%2CMARA261009P00011000%2CMARA261009P00011500%2CMARA261009P00012000%2CMARA261009P00012500%2CMARA261009P00013000%2CMARA261009P00013500&greeks=true'
For more information check: https://developer.mozilla.org/en-US/docs/Web/HTTP/Status/401
2026-10-02T09:40:46 | WARNING  | app.scanning.alpaca_confirmer | AlpacaConfirmer: cannot fetch chain for IWM 2026-10-05: Client error '401 Unauthorized' for url 'https://api.tradier.com/v1/markets/quotes?symbols=IWM261005C00180000%2CIWM261005C00190000%2CIWM261005C00200000%2CIWM261005C00205000%2CIWM261005C00210000%2CIWM261005C00215000%2CIWM261005C00220000%2CIWM261005C00225000%2CIWM261005C00230000%2CIWM261005C00235000%2CIWM261005C00240000%2CIWM261005C00245000%2CIWM261005C00250000%2CIWM261005C00255000%2CIWM261005C00260000%2CIWM261005C00261000%2CIWM261005C00262000%2CIWM261005C00263000%2CIWM261005C00264000%2CIWM261005C00265000%2CIWM261005C00266000%2CIWM261005C00267000%2CIWM261005C00268000%2CIWM261005C00269000%2CIWM261005C00270000%2CIWM261005C00271000%2CIWM261005C00272000%2CIWM261005C00273000%2CIWM261005C00274000%2CIWM261005C00275000%2CIWM261005C00276000%2CIWM261005C00277000%2CIWM261005C00278000%2CIWM261005C00279000%2CIWM261005C00280000%2CIWM261005C00281000%2CIWM261005C00282000%2CIWM261005C00283000%2CIWM261005C00284000%2CIWM261005C00285000%2CIWM261005C00286000%2CIWM261005C00287000%2CIWM261005C00288000%2CIWM261005C00289000%2CIWM261005C00290000%2CIWM261005C00291000%2CIWM261005C00292000%2CIWM261005C00293000%2CIWM261005C00294000%2CIWM261005C00295000&greeks=true'
For more information check: https://developer.mozilla.org/en-US/docs/Web/HTTP/Status/401
2026-10-02T09:40:46 | WARNING  | app.scanning.alpaca_confirmer | AlpacaConfirmer: cannot fetch chain for UBER 2026-10-09: Client error '401 Unauthorized' for url 'https://api.tradier.com/v1/markets/quotes?symbols=UBER261009C00050000%2CUBER261009C00055000%2CUBER261009C00057000%2CUBER261009C00058000%2CUBER261009C00059000%2CUBER261009C00060000%2CUBER261009C00061000%2CUBER261009C00062000%2CUBER261009C00063000%2CUBER261009C00064000%2CUBER261009C00065000%2CUBER261009C00066000%2CUBER261009C00067000%2CUBER261009C00068000%2CUBER261009C00069000%2CUBER261009C00070000%2CUBER261009C00071000%2CUBER261009C00072000%2CUBER261009C00073000%2CUBER261009C00074000%2CUBER261009C00075000%2CUBER261009C00076000%2CUBER261009C00077000%2CUBER261009C00078000%2CUBER261009C00079000%2CUBER261009C00080000%2CUBER261009C00081000%2CUBER261009C00082000%2CUBER261009C00083000%2CUBER261009C00084000%2CUBER261009C00085000%2CUBER261009C00086000%2CUBER261009C00087000%2CUBER261009C00088000%2CUBER261009C00089000%2CUBER261009C00090000%2CUBER261009C00091000%2CUBER261009C00095000%2CUBER261009C00100000%2CUBER261009C00105000%2CUBER261009P00050000%2CUBER261009P00055000%2CUBER261009P00057000%2CUBER261009P00058000%2CUBER261009P00059000%2CUBER261009P00060000%2CUBER261009P00061000%2CUBER261009P00062000%2CUBER261009P00063000%2CUBER261009P00064000&greeks=true'
For more information check: https://developer.mozilla.org/en-US/docs/Web/HTTP/Status/401
2026-10-02T09:40:46 | WARNING  | app.scanning.alpaca_confirmer | AlpacaConfirmer: cannot fetch chain for RIVN 2026-10-09: Client error '401 Unauthorized' for url 'https://api.tradier.com/v1/markets/quotes?symbols=RIVN261009C00005000%2CRIVN261009C00009000%2CRIVN261009C00010000%2CRIVN261009C00010500%2CRIVN261009C00011000%2CRIVN261009C00011500%2CRIVN261009C00012000%2CRIVN261009C00012500%2CRIVN261009C00013000%2CRIVN261009C00013500%2CRIVN261009C00014000%2CRIVN261009C00014500%2CRIVN261009C00015000%2CRIVN261009C00015500%2CRIVN261009C00016000%2CRIVN261009C00016500%2CRIVN261009C00017000%2CRIVN261009C00017500%2CRIVN261009C00018000%2CRIVN261009C00018500%2CRIVN261009C00019000%2CRIVN261009C00019500%2CRIVN261009C00020000%2CRIVN261009C00020500%2CRIVN261009C00021000%2CRIVN261009C00021500%2CRIVN261009C00022000%2CRIVN261009C00023000%2CRIVN261009C00024000%2CRIVN261009C00025000%2CRIVN261009C00030000%2CRIVN261009P00005000%2CRIVN261009P00009000%2CRIVN261009P00010000%2CRIVN261009P00010500%2CRIVN261009P00011000%2CRIVN261009P00011500%2CRIVN261009P00012000%2CRIVN261009P00012500%2CRIVN261009P00013000%2CRIVN261009P00013500%2CRIVN261009P00014000%2CRIVN261009P00014500%2CRIVN261009P00015000%2CRIVN261009P00015500%2CRIVN261009P00016000%2CRIVN261009P00016500%2CRIVN261009P00017000%2CRIVN261009P00017500%2CRIVN261009P00018000&greeks=true'
For more information check: https://developer.mozilla.org/en-US/docs/Web/HTTP/Status/401
2026-10-02T09:40:46 | WARNING  | app.scanning.alpaca_confirmer | AlpacaConfirmer: cannot fetch chain for XLE 2026-10-05: Client error '401 Unauthorized' for url 'https://api.tradier.com/v1/markets/quotes?symbols=XLE261005C00048000%2CXLE261005C00049000%2CXLE261005C00050000%2CXLE261005C00051000%2CXLE261005C00052000%2CXLE261005C00053000%2CXLE261005C00054000%2CXLE261005C00055000%2CXLE261005C00056000%2CXLE261005C00057000%2CXLE261005C00058000%2CXLE261005C00059000%2CXLE261005C00060000%2CXLE261005C00061000%2CXLE261005C00062000%2CXLE261005C00063000%2CXLE261005C00064000%2CXLE261005C00065000%2CXLE261005C00066000%2CXLE261005C00067000%2CXLE261005C00068000%2CXLE261005C00069000%2CXLE261005C00070000%2CXLE261005C00071000%2CXLE261005C00072000%2CXLE261005C00073000%2CXLE261005C00074000%2CXLE261005C00075000%2CXLE261005C00076000%2CXLE261005C00077000%2CXLE261005C00078000%2CXLE261005C00079000%2CXLE261005P00048000%2CXLE261005P00049000%2CXLE261005P00050000%2CXLE261005P00051000%2CXLE261005P00052000%2CXLE261005P00053000%2CXLE261005P00054000%2CXLE261005P00055000%2CXLE261005P00056000%2CXLE261005P00057000%2CXLE261005P00058000%2CXLE261005P00059000%2CXLE261005P00060000%2CXLE261005P00061000%2CXLE261005P00062000%2CXLE261005P00063000%2CXLE261005P00064000%2CXLE261005P00065000&greeks=true'
For more information check: https://developer.mozilla.org/en-US/docs/Web/HTTP/Status/401
2026-10-02T09:40:46 | INFO     | session_runner | AlpacaConfirmer: 0 confirmed symbols: []
2026-10-02T09:40:46 | WARNING  | session_runner | Re-scan returned no confirmed symbols — falling back to ['SPY']
2026-10-02T09:40:46 | INFO     | session_runner | Broad-market regime | SPY=long
2026-10-02T09:40:47 | INFO     | session_runner | [bridge:SPY] rsi_trend ready: sufficient bars
2026-10-02T09:40:47 | INFO     | session_runner | Stale signal: SPY/vwap_reclaim age=66 min > max 10 min — skipped
2026-10-02T09:41:17 | INFO     | session_runner | [cycle 22] 09:41:17 ET | positions=0 | entries=0
2026-10-02T09:41:17 | INFO     | session_runner | [bridge:SPY] rsi_trend ready: sufficient bars
2026-10-02T09:41:17 | INFO     | session_runner | Stale signal: SPY/vwap_reclaim age=66 min > max 10 min — skipped
2026-10-02T09:41:47 | INFO     | session_runner | [cycle 23] 09:41:47 ET | positions=0 | entries=0
2026-10-02T09:41:47 | INFO     | session_runner | [bridge:SPY] rsi_trend ready: sufficient bars
2026-10-02T09:41:47 | INFO     | session_runner | Stale signal: SPY/vwap_reclaim age=67 min > max 10 min — skipped
2026-10-02T09:42:17 | INFO     | session_runner | [cycle 24] 09:42:17 ET | positions=0 | entries=0
2026-10-02T09:42:18 | INFO     | session_runner | [bridge:SPY] rsi_trend ready: sufficient bars
2026-10-02T09:42:18 | INFO     | session_runner | Stale signal: SPY/vwap_reclaim age=67 min > max 10 min — skipped
2026-10-02T09:42:48 | INFO     | session_runner | [cycle 25] 09:42:48 ET | positions=0 | entries=0
2026-10-02T09:42:48 | INFO     | session_runner | [bridge:SPY] rsi_trend ready: sufficient bars
2026-10-02T09:42:48 | INFO     | session_runner | Stale signal: SPY/vwap_reclaim age=68 min > max 10 min — skipped
2026-10-02T09:43:18 | INFO     | session_runner | [cycle 26] 09:43:18 ET | positions=0 | entries=0
2026-10-02T09:43:19 | INFO     | session_runner | [bridge:SPY] rsi_trend ready: sufficient bars
2026-10-02T09:43:19 | INFO     | session_runner | Stale signal: SPY/vwap_reclaim age=68 min > max 10 min — skipped
2026-10-02T09:43:49 | INFO     | session_runner | [cycle 27] 09:43:49 ET | positions=0 | entries=0
2026-10-02T09:43:49 | INFO     | session_runner | [bridge:SPY] rsi_trend ready: sufficient bars
2026-10-02T09:43:49 | INFO     | session_runner | Stale signal: SPY/vwap_reclaim age=69 min > max 10 min — skipped
2026-10-02T09:44:19 | INFO     | session_runner | [cycle 28] 09:44:19 ET | positions=0 | entries=0
2026-10-02T09:44:19 | INFO     | session_runner | [bridge:SPY] rsi_trend ready: sufficient bars
2026-10-02T09:44:19 | INFO     | session_runner | Stale signal: SPY/vwap_reclaim age=69 min > max 10 min — skipped
2026-10-02T09:44:49 | INFO     | session_runner | [cycle 29] 09:44:49 ET | positions=0 | entries=0
2026-10-02T09:44:50 | INFO     | session_runner | [bridge:SPY] rsi_trend ready: sufficient bars
2026-10-02T09:44:50 | INFO     | session_runner | Stale signal: SPY/vwap_reclaim age=70 min > max 10 min — skipped
2026-10-02T09:45:20 | INFO     | session_runner | [cycle 30] 09:45:20 ET | positions=0 | entries=0
2026-10-02T09:45:20 | INFO     | session_runner | [bridge:SPY] rsi_trend ready: sufficient bars
2026-10-02T09:45:20 | INFO     | session_runner | Stale signal: SPY/vwap_reclaim age=70 min > max 10 min — skipped
2026-10-02T09:45:50 | INFO     | session_runner | [cycle 31] 09:45:50 ET | positions=0 | entries=0
2026-10-02T09:45:50 | INFO     | session_runner | Periodic universe re-scan …
2026-10-02T09:45:50 | INFO     | app.scanning.universe_loader | UniverseLoader: loaded 5 groups (13 flat symbols) from config/ticker_universe.yaml (blacklist=0)
2026-10-02T09:45:50 | INFO     | app.scanning.universe_loader | UniverseLoader: 38 symbols from 4 group(s) (blacklist=0)
2026-10-02T09:45:50 | INFO     | session_runner | Universe scan: 38 symbols from 4 group(s) | max_active=6
2026-10-02T09:45:56 | INFO     | session_runner | Scan: 23 passed, 15 rejected
2026-10-02T09:45:56 | INFO     | session_runner |   TSLA    score=75.0  signal=LONG     reasons: rvol=6.40x (high), atr=3.12% (wide-range), trend_up
2026-10-02T09:45:56 | INFO     | session_runner |   MARA    score=75.0  signal=LONG     reasons: rvol=2.91x (high), atr=6.52% (wide-range), trend_up
2026-10-02T09:45:56 | INFO     | session_runner |   NVDA    score=73.0  signal=LONG     reasons: rvol=4.94x (high), atr=2.32% (wide-range), near_orb_level
2026-10-02T09:45:56 | INFO     | session_runner |   AMD     score=73.0  signal=LONG     reasons: rvol=2.58x (high), atr=3.56% (wide-range), near_orb_level
2026-10-02T09:45:56 | INFO     | session_runner |   SPY     score=71.0  signal=LONG     reasons: rvol=1.89x (elevated), atr=0.87% (good range), near_orb_level
2026-10-02T09:45:57 | WARNING  | app.scanning.alpaca_confirmer | AlpacaConfirmer: cannot fetch chain for NVDA 2026-10-05: Client error '401 Unauthorized' for url 'https://api.tradier.com/v1/markets/quotes?symbols=NVDA261005C00115000%2CNVDA261005C00120000%2CNVDA261005C00125000%2CNVDA261005C00130000%2CNVDA261005C00135000%2CNVDA261005C00140000%2CNVDA261005C00145000%2CNVDA261005C00150000%2CNVDA261005C00155000%2CNVDA261005C00160000%2CNVDA261005C00165000%2CNVDA261005C00170000%2CNVDA261005C00175000%2CNVDA261005C00180000%2CNVDA261005C00185000%2CNVDA261005C00190000%2CNVDA261005C00195000%2CNVDA261005C00197500%2CNVDA261005C00200000%2CNVDA261005C00202500%2CNVDA261005C00205000%2CNVDA261005C00207500%2CNVDA261005C00210000%2CNVDA261005C00212500%2CNVDA261005C00215000%2CNVDA261005C00217500%2CNVDA261005C00220000%2CNVDA261005C00222500%2CNVDA261005C00225000%2CNVDA261005C00227500%2CNVDA261005C00230000%2CNVDA261005C00232500%2CNVDA261005C00235000%2CNVDA261005C00237500%2CNVDA261005C00240000%2CNVDA261005C00242500%2CNVDA261005C00245000%2CNVDA261005C00247500%2CNVDA261005C00250000%2CNVDA261005C00252500%2CNVDA261005C00255000%2CNVDA261005C00260000%2CNVDA261005C00265000%2CNVDA261005C00270000%2CNVDA261005C00275000%2CNVDA261005C00280000%2CNVDA261005C00285000%2CNVDA261005C00290000%2CNVDA261005C00295000%2CNVDA261005P00115000&greeks=true'
For more information check: https://developer.mozilla.org/en-US/docs/Web/HTTP/Status/401
2026-10-02T09:45:57 | WARNING  | app.scanning.alpaca_confirmer | AlpacaConfirmer: cannot fetch chain for GOOGL 2026-10-05: Client error '401 Unauthorized' for url 'https://api.tradier.com/v1/markets/quotes?symbols=GOOGL261005C00265000%2CGOOGL261005C00270000%2CGOOGL261005C00275000%2CGOOGL261005C00280000%2CGOOGL261005C00285000%2CGOOGL261005C00290000%2CGOOGL261005C00295000%2CGOOGL261005C00300000%2CGOOGL261005C00305000%2CGOOGL261005C00307500%2CGOOGL261005C00310000%2CGOOGL261005C00312500%2CGOOGL261005C00315000%2CGOOGL261005C00317500%2CGOOGL261005C00320000%2CGOOGL261005C00322500%2CGOOGL261005C00325000%2CGOOGL261005C00327500%2CGOOGL261005C00330000%2CGOOGL261005C00332500%2CGOOGL261005C00335000%2CGOOGL261005C00337500%2CGOOGL261005C00340000%2CGOOGL261005C00342500%2CGOOGL261005C00345000%2CGOOGL261005C00347500%2CGOOGL261005C00350000%2CGOOGL261005C00352500%2CGOOGL261005C00355000%2CGOOGL261005C00357500%2CGOOGL261005C00360000%2CGOOGL261005C00362500%2CGOOGL261005C00365000%2CGOOGL261005C00367500%2CGOOGL261005C00370000%2CGOOGL261005C00372500%2CGOOGL261005C00375000%2CGOOGL261005C00377500%2CGOOGL261005C00380000%2CGOOGL261005C00382500%2CGOOGL261005C00385000%2CGOOGL261005C00387500%2CGOOGL261005C00390000%2CGOOGL261005C00392500%2CGOOGL261005C00395000%2CGOOGL261005C00397500%2CGOOGL261005C00400000%2CGOOGL261005C00402500%2CGOOGL261005C00405000%2CGOOGL261005C00407500&greeks=true'
For more information check: https://developer.mozilla.org/en-US/docs/Web/HTTP/Status/401
2026-10-02T09:45:57 | WARNING  | app.scanning.alpaca_confirmer | AlpacaConfirmer: cannot fetch chain for HOOD 2026-10-09: Client error '401 Unauthorized' for url 'https://api.tradier.com/v1/markets/quotes?symbols=HOOD261009C00025000%2CHOOD261009C00030000%2CHOOD261009C00035000%2CHOOD261009C00040000%2CHOOD261009C00045000%2CHOOD261009C00050000%2CHOOD261009C00055000%2CHOOD261009C00060000%2CHOOD261009C00065000%2CHOOD261009C00070000%2CHOOD261009C00075000%2CHOOD261009C00080000%2CHOOD261009C00085000%2CHOOD261009C00090000%2CHOOD261009C00091000%2CHOOD261009C00092000%2CHOOD261009C00093000%2CHOOD261009C00094000%2CHOOD261009C00095000%2CHOOD261009C00096000%2CHOOD261009C00097000%2CHOOD261009C00098000%2CHOOD261009C00099000%2CHOOD261009C00100000%2CHOOD261009C00101000%2CHOOD261009C00102000%2CHOOD261009C00103000%2CHOOD261009C00104000%2CHOOD261009C00105000%2CHOOD261009C00106000%2CHOOD261009C00107000%2CHOOD261009C00108000%2CHOOD261009C00109000%2CHOOD261009C00110000%2CHOOD261009C00111000%2CHOOD261009C00112000%2CHOOD261009C00113000%2CHOOD261009C00114000%2CHOOD261009C00115000%2CHOOD261009C00116000%2CHOOD261009C00117000%2CHOOD261009C00118000%2CHOOD261009C00119000%2CHOOD261009C00120000%2CHOOD261009C00121000%2CHOOD261009C00122000%2CHOOD261009C00123000%2CHOOD261009C00124000%2CHOOD261009C00125000%2CHOOD261009C00126000&greeks=true'
For more information check: https://developer.mozilla.org/en-US/docs/Web/HTTP/Status/401
2026-10-02T09:45:57 | WARNING  | app.scanning.alpaca_confirmer | AlpacaConfirmer: cannot fetch chain for RIOT 2026-10-09: Client error '401 Unauthorized' for url 'https://api.tradier.com/v1/markets/quotes?symbols=RIOT261009C00008000%2CRIOT261009C00009000%2CRIOT261009C00010000%2CRIOT261009C00011000%2CRIOT261009C00012000%2CRIOT261009C00013000%2CRIOT261009C00014000%2CRIOT261009C00015000%2CRIOT261009C00016000%2CRIOT261009C00017000%2CRIOT261009C00017500%2CRIOT261009C00018000%2CRIOT261009C00018500%2CRIOT261009C00019000%2CRIOT261009C00019500%2CRIOT261009C00020000%2CRIOT261009C00020500%2CRIOT261009C00021000%2CRIOT261009C00021500%2CRIOT261009C00022000%2CRIOT261009C00022500%2CRIOT261009C00023000%2CRIOT261009C00023500%2CRIOT261009C00024000%2CRIOT261009C00024500%2CRIOT261009C00025000%2CRIOT261009C00025500%2CRIOT261009C00026000%2CRIOT261009C00026500%2CRIOT261009C00027000%2CRIOT261009C00027500%2CRIOT261009C00028000%2CRIOT261009C00028500%2CRIOT261009C00029000%2CRIOT261009C00029500%2CRIOT261009C00030000%2CRIOT261009C00031000%2CRIOT261009C00032000%2CRIOT261009C00033000%2CRIOT261009C00034000%2CRIOT261009C00035000%2CRIOT261009P00008000%2CRIOT261009P00009000%2CRIOT261009P00010000%2CRIOT261009P00011000%2CRIOT261009P00012000%2CRIOT261009P00013000%2CRIOT261009P00014000%2CRIOT261009P00015000%2CRIOT261009P00016000&greeks=true'
For more information check: https://developer.mozilla.org/en-US/docs/Web/HTTP/Status/401
2026-10-02T09:45:57 | WARNING  | app.scanning.alpaca_confirmer | AlpacaConfirmer: cannot fetch chain for RIVN 2026-10-09: Client error '401 Unauthorized' for url 'https://api.tradier.com/v1/markets/quotes?symbols=RIVN261009C00005000%2CRIVN261009C00009000%2CRIVN261009C00010000%2CRIVN261009C00010500%2CRIVN261009C00011000%2CRIVN261009C00011500%2CRIVN261009C00012000%2CRIVN261009C00012500%2CRIVN261009C00013000%2CRIVN261009C00013500%2CRIVN261009C00014000%2CRIVN261009C00014500%2CRIVN261009C00015000%2CRIVN261009C00015500%2CRIVN261009C00016000%2CRIVN261009C00016500%2CRIVN261009C00017000%2CRIVN261009C00017500%2CRIVN261009C00018000%2CRIVN261009C00018500%2CRIVN261009C00019000%2CRIVN261009C00019500%2CRIVN261009C00020000%2CRIVN261009C00020500%2CRIVN261009C00021000%2CRIVN261009C00021500%2CRIVN261009C00022000%2CRIVN261009C00023000%2CRIVN261009C00024000%2CRIVN261009C00025000%2CRIVN261009C00030000%2CRIVN261009P00005000%2CRIVN261009P00009000%2CRIVN261009P00010000%2CRIVN261009P00010500%2CRIVN261009P00011000%2CRIVN261009P00011500%2CRIVN261009P00012000%2CRIVN261009P00012500%2CRIVN261009P00013000%2CRIVN261009P00013500%2CRIVN261009P00014000%2CRIVN261009P00014500%2CRIVN261009P00015000%2CRIVN261009P00015500%2CRIVN261009P00016000%2CRIVN261009P00016500%2CRIVN261009P00017000%2CRIVN261009P00017500%2CRIVN261009P00018000&greeks=true'
For more information check: https://developer.mozilla.org/en-US/docs/Web/HTTP/Status/401
2026-10-02T09:45:57 | WARNING  | app.scanning.alpaca_confirmer | AlpacaConfirmer: cannot fetch chain for TSLA 2026-10-05: Client error '401 Unauthorized' for url 'https://api.tradier.com/v1/markets/quotes?symbols=TSLA261005C00250000%2CTSLA261005C00255000%2CTSLA261005C00260000%2CTSLA261005C00265000%2CTSLA261005C00270000%2CTSLA261005C00275000%2CTSLA261005C00280000%2CTSLA261005C00285000%2CTSLA261005C00290000%2CTSLA261005C00295000%2CTSLA261005C00300000%2CTSLA261005C00305000%2CTSLA261005C00310000%2CTSLA261005C00315000%2CTSLA261005C00317500%2CTSLA261005C00320000%2CTSLA261005C00322500%2CTSLA261005C00325000%2CTSLA261005C00327500%2CTSLA261005C00330000%2CTSLA261005C00332500%2CTSLA261005C00335000%2CTSLA261005C00337500%2CTSLA261005C00340000%2CTSLA261005C00342500%2CTSLA261005C00345000%2CTSLA261005C00347500%2CTSLA261005C00350000%2CTSLA261005C00352500%2CTSLA261005C00355000%2CTSLA261005C00357500%2CTSLA261005C00360000%2CTSLA261005C00362500%2CTSLA261005C00365000%2CTSLA261005C00367500%2CTSLA261005C00370000%2CTSLA261005C00372500%2CTSLA261005C00375000%2CTSLA261005C00377500%2CTSLA261005C00380000%2CTSLA261005C00382500%2CTSLA261005C00385000%2CTSLA261005C00387500%2CTSLA261005C00390000%2CTSLA261005C00392500%2CTSLA261005C00395000%2CTSLA261005C00397500%2CTSLA261005C00400000%2CTSLA261005C00402500%2CTSLA261005C00405000&greeks=true'
For more information check: https://developer.mozilla.org/en-US/docs/Web/HTTP/Status/401
2026-10-02T09:45:57 | WARNING  | app.scanning.alpaca_confirmer | AlpacaConfirmer: cannot fetch chain for AMD 2026-10-05: Client error '401 Unauthorized' for url 'https://api.tradier.com/v1/markets/quotes?symbols=AMD261005C00310000%2CAMD261005C00315000%2CAMD261005C00320000%2CAMD261005C00325000%2CAMD261005C00330000%2CAMD261005C00335000%2CAMD261005C00340000%2CAMD261005C00345000%2CAMD261005C00350000%2CAMD261005C00355000%2CAMD261005C00360000%2CAMD261005C00365000%2CAMD261005C00370000%2CAMD261005C00375000%2CAMD261005C00380000%2CAMD261005C00385000%2CAMD261005C00390000%2CAMD261005C00395000%2CAMD261005C00400000%2CAMD261005C00405000%2CAMD261005C00410000%2CAMD261005C00415000%2CAMD261005C00420000%2CAMD261005C00425000%2CAMD261005C00430000%2CAMD261005C00435000%2CAMD261005C00440000%2CAMD261005C00445000%2CAMD261005C00450000%2CAMD261005C00455000%2CAMD261005C00460000%2CAMD261005C00465000%2CAMD261005C00470000%2CAMD261005C00475000%2CAMD261005C00480000%2CAMD261005C00485000%2CAMD261005C00490000%2CAMD261005C00495000%2CAMD261005C00500000%2CAMD261005C00505000%2CAMD261005C00507500%2CAMD261005C00510000%2CAMD261005C00512500%2CAMD261005C00515000%2CAMD261005C00517500%2CAMD261005C00520000%2CAMD261005C00522500%2CAMD261005C00525000%2CAMD261005C00527500%2CAMD261005C00530000&greeks=true'
For more information check: https://developer.mozilla.org/en-US/docs/Web/HTTP/Status/401
2026-10-02T09:45:57 | WARNING  | app.scanning.alpaca_confirmer | AlpacaConfirmer: cannot fetch chain for XLE 2026-10-05: Client error '401 Unauthorized' for url 'https://api.tradier.com/v1/markets/quotes?symbols=XLE261005C00048000%2CXLE261005C00049000%2CXLE261005C00050000%2CXLE261005C00051000%2CXLE261005C00052000%2CXLE261005C00053000%2CXLE261005C00054000%2CXLE261005C00055000%2CXLE261005C00056000%2CXLE261005C00057000%2CXLE261005C00058000%2CXLE261005C00059000%2CXLE261005C00060000%2CXLE261005C00061000%2CXLE261005C00062000%2CXLE261005C00063000%2CXLE261005C00064000%2CXLE261005C00065000%2CXLE261005C00066000%2CXLE261005C00067000%2CXLE261005C00068000%2CXLE261005C00069000%2CXLE261005C00070000%2CXLE261005C00071000%2CXLE261005C00072000%2CXLE261005C00073000%2CXLE261005C00074000%2CXLE261005C00075000%2CXLE261005C00076000%2CXLE261005C00077000%2CXLE261005C00078000%2CXLE261005C00079000%2CXLE261005P00048000%2CXLE261005P00049000%2CXLE261005P00050000%2CXLE261005P00051000%2CXLE261005P00052000%2CXLE261005P00053000%2CXLE261005P00054000%2CXLE261005P00055000%2CXLE261005P00056000%2CXLE261005P00057000%2CXLE261005P00058000%2CXLE261005P00059000%2CXLE261005P00060000%2CXLE261005P00061000%2CXLE261005P00062000%2CXLE261005P00063000%2CXLE261005P00064000%2CXLE261005P00065000&greeks=true'
For more information check: https://developer.mozilla.org/en-US/docs/Web/HTTP/Status/401
2026-10-02T09:45:57 | WARNING  | app.scanning.alpaca_confirmer | AlpacaConfirmer: cannot fetch chain for IWM 2026-10-05: Client error '401 Unauthorized' for url 'https://api.tradier.com/v1/markets/quotes?symbols=IWM261005C00180000%2CIWM261005C00190000%2CIWM261005C00200000%2CIWM261005C00205000%2CIWM261005C00210000%2CIWM261005C00215000%2CIWM261005C00220000%2CIWM261005C00225000%2CIWM261005C00230000%2CIWM261005C00235000%2CIWM261005C00240000%2CIWM261005C00245000%2CIWM261005C00250000%2CIWM261005C00255000%2CIWM261005C00260000%2CIWM261005C00261000%2CIWM261005C00262000%2CIWM261005C00263000%2CIWM261005C00264000%2CIWM261005C00265000%2CIWM261005C00266000%2CIWM261005C00267000%2CIWM261005C00268000%2CIWM261005C00269000%2CIWM261005C00270000%2CIWM261005C00271000%2CIWM261005C00272000%2CIWM261005C00273000%2CIWM261005C00274000%2CIWM261005C00275000%2CIWM261005C00276000%2CIWM261005C00277000%2CIWM261005C00278000%2CIWM261005C00279000%2CIWM261005C00280000%2CIWM261005C00281000%2CIWM261005C00282000%2CIWM261005C00283000%2CIWM261005C00284000%2CIWM261005C00285000%2CIWM261005C00286000%2CIWM261005C00287000%2CIWM261005C00288000%2CIWM261005C00289000%2CIWM261005C00290000%2CIWM261005C00291000%2CIWM261005C00292000%2CIWM261005C00293000%2CIWM261005C00294000%2CIWM261005C00295000&greeks=true'
For more information check: https://developer.mozilla.org/en-US/docs/Web/HTTP/Status/401
2026-10-02T09:45:57 | WARNING  | app.scanning.alpaca_confirmer | AlpacaConfirmer: cannot fetch chain for SPY 2026-10-05: Client error '401 Unauthorized' for url 'https://api.tradier.com/v1/markets/quotes?symbols=SPY261005C00550000%2CSPY261005C00555000%2CSPY261005C00560000%2CSPY261005C00565000%2CSPY261005C00570000%2CSPY261005C00575000%2CSPY261005C00580000%2CSPY261005C00585000%2CSPY261005C00590000%2CSPY261005C00595000%2CSPY261005C00600000%2CSPY261005C00605000%2CSPY261005C00610000%2CSPY261005C00615000%2CSPY261005C00620000%2CSPY261005C00625000%2CSPY261005C00630000%2CSPY261005C00635000%2CSPY261005C00640000%2CSPY261005C00645000%2CSPY261005C00650000%2CSPY261005C00655000%2CSPY261005C00660000%2CSPY261005C00665000%2CSPY261005C00670000%2CSPY261005C00675000%2CSPY261005C00680000%2CSPY261005C00685000%2CSPY261005C00690000%2CSPY261005C00695000%2CSPY261005C00700000%2CSPY261005C00705000%2CSPY261005C00710000%2CSPY261005C00715000%2CSPY261005C00720000%2CSPY261005C00723000%2CSPY261005C00724000%2CSPY261005C00725000%2CSPY261005C00726000%2CSPY261005C00727000%2CSPY261005C00728000%2CSPY261005C00729000%2CSPY261005C00730000%2CSPY261005C00731000%2CSPY261005C00732000%2CSPY261005C00733000%2CSPY261005C00734000%2CSPY261005C00735000%2CSPY261005C00736000%2CSPY261005C00737000&greeks=true'
For more information check: https://developer.mozilla.org/en-US/docs/Web/HTTP/Status/401
2026-10-02T09:45:57 | WARNING  | app.scanning.alpaca_confirmer | AlpacaConfirmer: cannot fetch chain for SOFI 2026-10-09: Client error '401 Unauthorized' for url 'https://api.tradier.com/v1/markets/quotes?symbols=SOFI261009C00005000%2CSOFI261009C00009000%2CSOFI261009C00010000%2CSOFI261009C00011000%2CSOFI261009C00011500%2CSOFI261009C00012000%2CSOFI261009C00012500%2CSOFI261009C00013000%2CSOFI261009C00013500%2CSOFI261009C00014000%2CSOFI261009C00014500%2CSOFI261009C00015000%2CSOFI261009C00015500%2CSOFI261009C00016000%2CSOFI261009C00016500%2CSOFI261009C00017000%2CSOFI261009C00017500%2CSOFI261009C00018000%2CSOFI261009C00018500%2CSOFI261009C00019000%2CSOFI261009C00019500%2CSOFI261009C00020000%2CSOFI261009C00020500%2CSOFI261009C00021000%2CSOFI261009C00021500%2CSOFI261009C00022000%2CSOFI261009C00022500%2CSOFI261009C00023000%2CSOFI261009C00023500%2CSOFI261009C00024000%2CSOFI261009C00025000%2CSOFI261009C00030000%2CSOFI261009P00005000%2CSOFI261009P00009000%2CSOFI261009P00010000%2CSOFI261009P00011000%2CSOFI261009P00011500%2CSOFI261009P00012000%2CSOFI261009P00012500%2CSOFI261009P00013000%2CSOFI261009P00013500%2CSOFI261009P00014000%2CSOFI261009P00014500%2CSOFI261009P00015000%2CSOFI261009P00015500%2CSOFI261009P00016000%2CSOFI261009P00016500%2CSOFI261009P00017000%2CSOFI261009P00017500%2CSOFI261009P00018000&greeks=true'
For more information check: https://developer.mozilla.org/en-US/docs/Web/HTTP/Status/401
2026-10-02T09:45:57 | WARNING  | app.scanning.alpaca_confirmer | AlpacaConfirmer: cannot fetch chain for MARA 2026-10-09: Client error '401 Unauthorized' for url 'https://api.tradier.com/v1/markets/quotes?symbols=MARA261009C00004000%2CMARA261009C00005000%2CMARA261009C00006000%2CMARA261009C00006500%2CMARA261009C00007000%2CMARA261009C00007500%2CMARA261009C00008000%2CMARA261009C00008500%2CMARA261009C00009000%2CMARA261009C00009500%2CMARA261009C00010000%2CMARA261009C00010500%2CMARA261009C00011000%2CMARA261009C00011500%2CMARA261009C00012000%2CMARA261009C00012500%2CMARA261009C00013000%2CMARA261009C00013500%2CMARA261009C00014000%2CMARA261009C00014500%2CMARA261009C00015000%2CMARA261009C00015500%2CMARA261009C00016000%2CMARA261009C00016500%2CMARA261009C00017000%2CMARA261009C00017500%2CMARA261009C00018000%2CMARA261009C00019000%2CMARA261009C00020000%2CMARA261009C00021000%2CMARA261009C00022000%2CMARA261009C00023000%2CMARA261009P00004000%2CMARA261009P00005000%2CMARA261009P00006000%2CMARA261009P00006500%2CMARA261009P00007000%2CMARA261009P00007500%2CMARA261009P00008000%2CMARA261009P00008500%2CMARA261009P00009000%2CMARA261009P00009500%2CMARA261009P00010000%2CMARA261009P00010500%2CMARA261009P00011000%2CMARA261009P00011500%2CMARA261009P00012000%2CMARA261009P00012500%2CMARA261009P00013000%2CMARA261009P00013500&greeks=true'
For more information check: https://developer.mozilla.org/en-US/docs/Web/HTTP/Status/401
2026-10-02T09:45:57 | INFO     | session_runner | AlpacaConfirmer: 0 confirmed symbols: []
2026-10-02T09:45:57 | WARNING  | session_runner | Re-scan returned no confirmed symbols — falling back to ['SPY']
2026-10-02T09:45:57 | INFO     | session_runner | Broad-market regime | SPY=long
2026-10-02T09:45:57 | INFO     | session_runner | [bridge:SPY] rsi_trend ready: sufficient bars
2026-10-02T09:45:57 | INFO     | session_runner | Stale signal: SPY/vwap_reclaim age=71 min > max 10 min — skipped
2026-10-02T09:46:27 | INFO     | session_runner | [cycle 32] 09:46:27 ET | positions=0 | entries=0
2026-10-02T09:46:27 | INFO     | session_runner | [bridge:SPY] rsi_trend ready: sufficient bars
2026-10-02T09:46:27 | INFO     | session_runner | Stale signal: SPY/vwap_reclaim age=71 min > max 10 min — skipped
2026-10-02T09:46:57 | INFO     | session_runner | [cycle 33] 09:46:57 ET | positions=0 | entries=0
2026-10-02T09:46:58 | INFO     | session_runner | [bridge:SPY] rsi_trend ready: sufficient bars
2026-10-02T09:46:58 | INFO     | session_runner | Stale signal: SPY/vwap_reclaim age=72 min > max 10 min — skipped
2026-10-02T09:47:28 | INFO     | session_runner | [cycle 34] 09:47:28 ET | positions=0 | entries=0
2026-10-02T09:47:28 | INFO     | session_runner | [bridge:SPY] rsi_trend ready: sufficient bars
2026-10-02T09:47:28 | INFO     | session_runner | Stale signal: SPY/vwap_reclaim age=72 min > max 10 min — skipped
2026-10-02T09:47:58 | INFO     | session_runner | [cycle 35] 09:47:58 ET | positions=0 | entries=0
2026-10-02T09:47:58 | INFO     | session_runner | [bridge:SPY] rsi_trend ready: sufficient bars
2026-10-02T09:47:58 | INFO     | session_runner | Stale signal: SPY/vwap_reclaim age=73 min > max 10 min — skipped
2026-10-02T09:48:28 | INFO     | session_runner | [cycle 36] 09:48:28 ET | positions=0 | entries=0
2026-10-02T09:48:29 | INFO     | session_runner | [bridge:SPY] rsi_trend ready: sufficient bars
2026-10-02T09:48:29 | INFO     | session_runner | Stale signal: SPY/vwap_reclaim age=73 min > max 10 min — skipped
2026-10-02T09:48:59 | INFO     | session_runner | [cycle 37] 09:48:59 ET | positions=0 | entries=0
2026-10-02T09:48:59 | INFO     | session_runner | [bridge:SPY] rsi_trend ready: sufficient bars
2026-10-02T09:48:59 | INFO     | session_runner | Stale signal: SPY/vwap_reclaim age=74 min > max 10 min — skipped
2026-10-02T09:49:29 | INFO     | session_runner | [cycle 38] 09:49:29 ET | positions=0 | entries=0
2026-10-02T09:49:30 | INFO     | session_runner | [bridge:SPY] rsi_trend ready: sufficient bars
2026-10-02T09:49:30 | INFO     | session_runner | Stale signal: SPY/vwap_reclaim age=74 min > max 10 min — skipped
2026-10-02T09:50:00 | INFO     | session_runner | [cycle 39] 09:50:00 ET | positions=0 | entries=0
2026-10-02T09:50:01 | INFO     | session_runner | [bridge:SPY] rsi_trend ready: sufficient bars
2026-10-02T09:50:01 | INFO     | session_runner | Stale signal: SPY/vwap_reclaim age=75 min > max 10 min — skipped
2026-10-02T09:50:31 | INFO     | session_runner | [cycle 40] 09:50:31 ET | positions=0 | entries=0
2026-10-02T09:50:31 | INFO     | session_runner | [bridge:SPY] rsi_trend ready: sufficient bars
2026-10-02T09:50:31 | INFO     | session_runner | Stale signal: SPY/vwap_reclaim age=76 min > max 10 min — skipped
2026-10-02T09:51:01 | INFO     | session_runner | [cycle 41] 09:51:01 ET | positions=0 | entries=0
2026-10-02T09:51:01 | INFO     | app.trading.reconciler | Reconciliation done: broker_pos=0 local_pos=0 broker_orders=0 local_pending=0 repaired=0 flagged=0 orders_confirmed=True positions_confirmed=True
2026-10-02T09:51:01 | INFO     | session_runner | Periodic universe re-scan …
2026-10-02T09:51:01 | INFO     | app.scanning.universe_loader | UniverseLoader: loaded 5 groups (13 flat symbols) from config/ticker_universe.yaml (blacklist=0)
2026-10-02T09:51:01 | INFO     | app.scanning.universe_loader | UniverseLoader: 38 symbols from 4 group(s) (blacklist=0)
2026-10-02T09:51:01 | INFO     | session_runner | Universe scan: 38 symbols from 4 group(s) | max_active=6
2026-10-02T09:51:08 | INFO     | session_runner | Scan: 20 passed, 18 rejected
2026-10-02T09:51:08 | INFO     | session_runner |   AVGO    score=87.0  signal=LONG     reasons: rvol=2.94x (high), atr=2.77% (wide-range), orb_breakout
2026-10-02T09:51:08 | INFO     | session_runner |   RIVN    score=85.0  signal=SHORT    reasons: rvol=6.22x (high), atr=4.57% (wide-range), orb_breakdown
2026-10-02T09:51:08 | INFO     | session_runner |   TSLA    score=83.0  signal=LONG     reasons: rvol=5.42x (high), atr=3.10% (wide-range), near_orb_level
2026-10-02T09:51:08 | INFO     | session_runner |   PLTR    score=75.0  signal=SHORT    reasons: rvol=2.19x (high), atr=2.81% (wide-range), orb_breakdown
2026-10-02T09:51:08 | INFO     | session_runner |   NVDA    score=73.0  signal=LONG     reasons: rvol=3.91x (high), atr=2.32% (wide-range), near_orb_level
2026-10-02T09:51:08 | WARNING  | app.scanning.alpaca_confirmer | AlpacaConfirmer: cannot fetch chain for TSLA 2026-10-05: Client error '401 Unauthorized' for url 'https://api.tradier.com/v1/markets/quotes?symbols=TSLA261005C00250000%2CTSLA261005C00255000%2CTSLA261005C00260000%2CTSLA261005C00265000%2CTSLA261005C00270000%2CTSLA261005C00275000%2CTSLA261005C00280000%2CTSLA261005C00285000%2CTSLA261005C00290000%2CTSLA261005C00295000%2CTSLA261005C00300000%2CTSLA261005C00305000%2CTSLA261005C00310000%2CTSLA261005C00315000%2CTSLA261005C00317500%2CTSLA261005C00320000%2CTSLA261005C00322500%2CTSLA261005C00325000%2CTSLA261005C00327500%2CTSLA261005C00330000%2CTSLA261005C00332500%2CTSLA261005C00335000%2CTSLA261005C00337500%2CTSLA261005C00340000%2CTSLA261005C00342500%2CTSLA261005C00345000%2CTSLA261005C00347500%2CTSLA261005C00350000%2CTSLA261005C00352500%2CTSLA261005C00355000%2CTSLA261005C00357500%2CTSLA261005C00360000%2CTSLA261005C00362500%2CTSLA261005C00365000%2CTSLA261005C00367500%2CTSLA261005C00370000%2CTSLA261005C00372500%2CTSLA261005C00375000%2CTSLA261005C00377500%2CTSLA261005C00380000%2CTSLA261005C00382500%2CTSLA261005C00385000%2CTSLA261005C00387500%2CTSLA261005C00390000%2CTSLA261005C00392500%2CTSLA261005C00395000%2CTSLA261005C00397500%2CTSLA261005C00400000%2CTSLA261005C00402500%2CTSLA261005C00405000&greeks=true'
For more information check: https://developer.mozilla.org/en-US/docs/Web/HTTP/Status/401
2026-10-02T09:51:08 | WARNING  | app.scanning.alpaca_confirmer | AlpacaConfirmer: cannot fetch chain for XLE 2026-10-05: Client error '401 Unauthorized' for url 'https://api.tradier.com/v1/markets/quotes?symbols=XLE261005C00048000%2CXLE261005C00049000%2CXLE261005C00050000%2CXLE261005C00051000%2CXLE261005C00052000%2CXLE261005C00053000%2CXLE261005C00054000%2CXLE261005C00055000%2CXLE261005C00056000%2CXLE261005C00057000%2CXLE261005C00058000%2CXLE261005C00059000%2CXLE261005C00060000%2CXLE261005C00061000%2CXLE261005C00062000%2CXLE261005C00063000%2CXLE261005C00064000%2CXLE261005C00065000%2CXLE261005C00066000%2CXLE261005C00067000%2CXLE261005C00068000%2CXLE261005C00069000%2CXLE261005C00070000%2CXLE261005C00071000%2CXLE261005C00072000%2CXLE261005C00073000%2CXLE261005C00074000%2CXLE261005C00075000%2CXLE261005C00076000%2CXLE261005C00077000%2CXLE261005C00078000%2CXLE261005C00079000%2CXLE261005P00048000%2CXLE261005P00049000%2CXLE261005P00050000%2CXLE261005P00051000%2CXLE261005P00052000%2CXLE261005P00053000%2CXLE261005P00054000%2CXLE261005P00055000%2CXLE261005P00056000%2CXLE261005P00057000%2CXLE261005P00058000%2CXLE261005P00059000%2CXLE261005P00060000%2CXLE261005P00061000%2CXLE261005P00062000%2CXLE261005P00063000%2CXLE261005P00064000%2CXLE261005P00065000&greeks=true'
For more information check: https://developer.mozilla.org/en-US/docs/Web/HTTP/Status/401
2026-10-02T09:51:08 | WARNING  | app.scanning.alpaca_confirmer | AlpacaConfirmer: cannot fetch chain for NVDA 2026-10-05: Client error '401 Unauthorized' for url 'https://api.tradier.com/v1/markets/quotes?symbols=NVDA261005C00115000%2CNVDA261005C00120000%2CNVDA261005C00125000%2CNVDA261005C00130000%2CNVDA261005C00135000%2CNVDA261005C00140000%2CNVDA261005C00145000%2CNVDA261005C00150000%2CNVDA261005C00155000%2CNVDA261005C00160000%2CNVDA261005C00165000%2CNVDA261005C00170000%2CNVDA261005C00175000%2CNVDA261005C00180000%2CNVDA261005C00185000%2CNVDA261005C00190000%2CNVDA261005C00195000%2CNVDA261005C00197500%2CNVDA261005C00200000%2CNVDA261005C00202500%2CNVDA261005C00205000%2CNVDA261005C00207500%2CNVDA261005C00210000%2CNVDA261005C00212500%2CNVDA261005C00215000%2CNVDA261005C00217500%2CNVDA261005C00220000%2CNVDA261005C00222500%2CNVDA261005C00225000%2CNVDA261005C00227500%2CNVDA261005C00230000%2CNVDA261005C00232500%2CNVDA261005C00235000%2CNVDA261005C00237500%2CNVDA261005C00240000%2CNVDA261005C00242500%2CNVDA261005C00245000%2CNVDA261005C00247500%2CNVDA261005C00250000%2CNVDA261005C00252500%2CNVDA261005C00255000%2CNVDA261005C00260000%2CNVDA261005C00265000%2CNVDA261005C00270000%2CNVDA261005C00275000%2CNVDA261005C00280000%2CNVDA261005C00285000%2CNVDA261005C00290000%2CNVDA261005C00295000%2CNVDA261005P00115000&greeks=true'
For more information check: https://developer.mozilla.org/en-US/docs/Web/HTTP/Status/401
2026-10-02T09:51:08 | WARNING  | app.scanning.alpaca_confirmer | AlpacaConfirmer: cannot fetch chain for RIOT 2026-10-09: Client error '401 Unauthorized' for url 'https://api.tradier.com/v1/markets/quotes?symbols=RIOT261009C00008000%2CRIOT261009C00009000%2CRIOT261009C00010000%2CRIOT261009C00011000%2CRIOT261009C00012000%2CRIOT261009C00013000%2CRIOT261009C00014000%2CRIOT261009C00015000%2CRIOT261009C00016000%2CRIOT261009C00017000%2CRIOT261009C00017500%2CRIOT261009C00018000%2CRIOT261009C00018500%2CRIOT261009C00019000%2CRIOT261009C00019500%2CRIOT261009C00020000%2CRIOT261009C00020500%2CRIOT261009C00021000%2CRIOT261009C00021500%2CRIOT261009C00022000%2CRIOT261009C00022500%2CRIOT261009C00023000%2CRIOT261009C00023500%2CRIOT261009C00024000%2CRIOT261009C00024500%2CRIOT261009C00025000%2CRIOT261009C00025500%2CRIOT261009C00026000%2CRIOT261009C00026500%2CRIOT261009C00027000%2CRIOT261009C00027500%2CRIOT261009C00028000%2CRIOT261009C00028500%2CRIOT261009C00029000%2CRIOT261009C00029500%2CRIOT261009C00030000%2CRIOT261009C00031000%2CRIOT261009C00032000%2CRIOT261009C00033000%2CRIOT261009C00034000%2CRIOT261009C00035000%2CRIOT261009P00008000%2CRIOT261009P00009000%2CRIOT261009P00010000%2CRIOT261009P00011000%2CRIOT261009P00012000%2CRIOT261009P00013000%2CRIOT261009P00014000%2CRIOT261009P00015000%2CRIOT261009P00016000&greeks=true'
For more information check: https://developer.mozilla.org/en-US/docs/Web/HTTP/Status/401
2026-10-02T09:51:08 | WARNING  | app.scanning.alpaca_confirmer | AlpacaConfirmer: cannot fetch chain for HOOD 2026-10-09: Client error '401 Unauthorized' for url 'https://api.tradier.com/v1/markets/quotes?symbols=HOOD261009C00025000%2CHOOD261009C00030000%2CHOOD261009C00035000%2CHOOD261009C00040000%2CHOOD261009C00045000%2CHOOD261009C00050000%2CHOOD261009C00055000%2CHOOD261009C00060000%2CHOOD261009C00065000%2CHOOD261009C00070000%2CHOOD261009C00075000%2CHOOD261009C00080000%2CHOOD261009C00085000%2CHOOD261009C00090000%2CHOOD261009C00091000%2CHOOD261009C00092000%2CHOOD261009C00093000%2CHOOD261009C00094000%2CHOOD261009C00095000%2CHOOD261009C00096000%2CHOOD261009C00097000%2CHOOD261009C00098000%2CHOOD261009C00099000%2CHOOD261009C00100000%2CHOOD261009C00101000%2CHOOD261009C00102000%2CHOOD261009C00103000%2CHOOD261009C00104000%2CHOOD261009C00105000%2CHOOD261009C00106000%2CHOOD261009C00107000%2CHOOD261009C00108000%2CHOOD261009C00109000%2CHOOD261009C00110000%2CHOOD261009C00111000%2CHOOD261009C00112000%2CHOOD261009C00113000%2CHOOD261009C00114000%2CHOOD261009C00115000%2CHOOD261009C00116000%2CHOOD261009C00117000%2CHOOD261009C00118000%2CHOOD261009C00119000%2CHOOD261009C00120000%2CHOOD261009C00121000%2CHOOD261009C00122000%2CHOOD261009C00123000%2CHOOD261009C00124000%2CHOOD261009C00125000%2CHOOD261009C00126000&greeks=true'
For more information check: https://developer.mozilla.org/en-US/docs/Web/HTTP/Status/401
2026-10-02T09:51:08 | WARNING  | app.scanning.alpaca_confirmer | AlpacaConfirmer: cannot fetch chain for IWM 2026-10-05: Client error '401 Unauthorized' for url 'https://api.tradier.com/v1/markets/quotes?symbols=IWM261005C00180000%2CIWM261005C00190000%2CIWM261005C00200000%2CIWM261005C00205000%2CIWM261005C00210000%2CIWM261005C00215000%2CIWM261005C00220000%2CIWM261005C00225000%2CIWM261005C00230000%2CIWM261005C00235000%2CIWM261005C00240000%2CIWM261005C00245000%2CIWM261005C00250000%2CIWM261005C00255000%2CIWM261005C00260000%2CIWM261005C00261000%2CIWM261005C00262000%2CIWM261005C00263000%2CIWM261005C00264000%2CIWM261005C00265000%2CIWM261005C00266000%2CIWM261005C00267000%2CIWM261005C00268000%2CIWM261005C00269000%2CIWM261005C00270000%2CIWM261005C00271000%2CIWM261005C00272000%2CIWM261005C00273000%2CIWM261005C00274000%2CIWM261005C00275000%2CIWM261005C00276000%2CIWM261005C00277000%2CIWM261005C00278000%2CIWM261005C00279000%2CIWM261005C00280000%2CIWM261005C00281000%2CIWM261005C00282000%2CIWM261005C00283000%2CIWM261005C00284000%2CIWM261005C00285000%2CIWM261005C00286000%2CIWM261005C00287000%2CIWM261005C00288000%2CIWM261005C00289000%2CIWM261005C00290000%2CIWM261005C00291000%2CIWM261005C00292000%2CIWM261005C00293000%2CIWM261005C00294000%2CIWM261005C00295000&greeks=true'
For more information check: https://developer.mozilla.org/en-US/docs/Web/HTTP/Status/401
2026-10-02T09:51:08 | WARNING  | app.scanning.alpaca_confirmer | AlpacaConfirmer: cannot fetch chain for AVGO 2026-10-05: Client error '401 Unauthorized' for url 'https://api.tradier.com/v1/markets/quotes?symbols=AVGO261005C00285000%2CAVGO261005C00290000%2CAVGO261005C00295000%2CAVGO261005C00300000%2CAVGO261005C00305000%2CAVGO261005C00310000%2CAVGO261005C00315000%2CAVGO261005C00317500%2CAVGO261005C00320000%2CAVGO261005C00322500%2CAVGO261005C00325000%2CAVGO261005C00327500%2CAVGO261005C00330000%2CAVGO261005C00332500%2CAVGO261005C00335000%2CAVGO261005C00337500%2CAVGO261005C00340000%2CAVGO261005C00342500%2CAVGO261005C00345000%2CAVGO261005C00347500%2CAVGO261005C00350000%2CAVGO261005C00352500%2CAVGO261005C00355000%2CAVGO261005C00357500%2CAVGO261005C00360000%2CAVGO261005C00362500%2CAVGO261005C00365000%2CAVGO261005C00367500%2CAVGO261005C00370000%2CAVGO261005C00372500%2CAVGO261005C00375000%2CAVGO261005C00377500%2CAVGO261005C00380000%2CAVGO261005C00382500%2CAVGO261005C00385000%2CAVGO261005C00387500%2CAVGO261005C00390000%2CAVGO261005C00392500%2CAVGO261005C00395000%2CAVGO261005C00397500%2CAVGO261005C00400000%2CAVGO261005C00402500%2CAVGO261005C00405000%2CAVGO261005C00407500%2CAVGO261005C00410000%2CAVGO261005C00412500%2CAVGO261005C00415000%2CAVGO261005C00417500%2CAVGO261005C00420000%2CAVGO261005C00422500&greeks=true'
For more information check: https://developer.mozilla.org/en-US/docs/Web/HTTP/Status/401
2026-10-02T09:51:08 | WARNING  | app.scanning.alpaca_confirmer | AlpacaConfirmer: cannot fetch chain for AMD 2026-10-05: Client error '401 Unauthorized' for url 'https://api.tradier.com/v1/markets/quotes?symbols=AMD261005C00310000%2CAMD261005C00315000%2CAMD261005C00320000%2CAMD261005C00325000%2CAMD261005C00330000%2CAMD261005C00335000%2CAMD261005C00340000%2CAMD261005C00345000%2CAMD261005C00350000%2CAMD261005C00355000%2CAMD261005C00360000%2CAMD261005C00365000%2CAMD261005C00370000%2CAMD261005C00375000%2CAMD261005C00380000%2CAMD261005C00385000%2CAMD261005C00390000%2CAMD261005C00395000%2CAMD261005C00400000%2CAMD261005C00405000%2CAMD261005C00410000%2CAMD261005C00415000%2CAMD261005C00420000%2CAMD261005C00425000%2CAMD261005C00430000%2CAMD261005C00435000%2CAMD261005C00440000%2CAMD261005C00445000%2CAMD261005C00450000%2CAMD261005C00455000%2CAMD261005C00460000%2CAMD261005C00465000%2CAMD261005C00470000%2CAMD261005C00475000%2CAMD261005C00480000%2CAMD261005C00485000%2CAMD261005C00490000%2CAMD261005C00495000%2CAMD261005C00500000%2CAMD261005C00505000%2CAMD261005C00507500%2CAMD261005C00510000%2CAMD261005C00512500%2CAMD261005C00515000%2CAMD261005C00517500%2CAMD261005C00520000%2CAMD261005C00522500%2CAMD261005C00525000%2CAMD261005C00527500%2CAMD261005C00530000&greeks=true'
For more information check: https://developer.mozilla.org/en-US/docs/Web/HTTP/Status/401
2026-10-02T09:51:08 | WARNING  | app.scanning.alpaca_confirmer | AlpacaConfirmer: cannot fetch chain for PLTR 2026-10-09: Client error '401 Unauthorized' for url 'https://api.tradier.com/v1/markets/quotes?symbols=PLTR261009C00050000%2CPLTR261009C00055000%2CPLTR261009C00060000%2CPLTR261009C00065000%2CPLTR261009C00070000%2CPLTR261009C00075000%2CPLTR261009C00080000%2CPLTR261009C00085000%2CPLTR261009C00090000%2CPLTR261009C00095000%2CPLTR261009C00100000%2CPLTR261009C00105000%2CPLTR261009C00110000%2CPLTR261009C00115000%2CPLTR261009C00120000%2CPLTR261009C00125000%2CPLTR261009C00130000%2CPLTR261009C00135000%2CPLTR261009C00140000%2CPLTR261009C00144000%2CPLTR261009C00145000%2CPLTR261009C00146000%2CPLTR261009C00147000%2CPLTR261009C00148000%2CPLTR261009C00149000%2CPLTR261009C00150000%2CPLTR261009C00152500%2CPLTR261009C00155000%2CPLTR261009C00157500%2CPLTR261009C00160000%2CPLTR261009C00162500%2CPLTR261009C00165000%2CPLTR261009C00167500%2CPLTR261009C00170000%2CPLTR261009C00172500%2CPLTR261009C00175000%2CPLTR261009C00177500%2CPLTR261009C00180000%2CPLTR261009C00182500%2CPLTR261009C00185000%2CPLTR261009C00187500%2CPLTR261009C00190000%2CPLTR261009C00192500%2CPLTR261009C00195000%2CPLTR261009C00197500%2CPLTR261009C00200000%2CPLTR261009C00202500%2CPLTR261009C00205000%2CPLTR261009C00207500%2CPLTR261009C00210000&greeks=true'
For more information check: https://developer.mozilla.org/en-US/docs/Web/HTTP/Status/401
2026-10-02T09:51:08 | WARNING  | app.scanning.alpaca_confirmer | AlpacaConfirmer: cannot fetch chain for MARA 2026-10-09: Client error '401 Unauthorized' for url 'https://api.tradier.com/v1/markets/quotes?symbols=MARA261009C00004000%2CMARA261009C00005000%2CMARA261009C00006000%2CMARA261009C00006500%2CMARA261009C00007000%2CMARA261009C00007500%2CMARA261009C00008000%2CMARA261009C00008500%2CMARA261009C00009000%2CMARA261009C00009500%2CMARA261009C00010000%2CMARA261009C00010500%2CMARA261009C00011000%2CMARA261009C00011500%2CMARA261009C00012000%2CMARA261009C00012500%2CMARA261009C00013000%2CMARA261009C00013500%2CMARA261009C00014000%2CMARA261009C00014500%2CMARA261009C00015000%2CMARA261009C00015500%2CMARA261009C00016000%2CMARA261009C00016500%2CMARA261009C00017000%2CMARA261009C00017500%2CMARA261009C00018000%2CMARA261009C00019000%2CMARA261009C00020000%2CMARA261009C00021000%2CMARA261009C00022000%2CMARA261009C00023000%2CMARA261009P00004000%2CMARA261009P00005000%2CMARA261009P00006000%2CMARA261009P00006500%2CMARA261009P00007000%2CMARA261009P00007500%2CMARA261009P00008000%2CMARA261009P00008500%2CMARA261009P00009000%2CMARA261009P00009500%2CMARA261009P00010000%2CMARA261009P00010500%2CMARA261009P00011000%2CMARA261009P00011500%2CMARA261009P00012000%2CMARA261009P00012500%2CMARA261009P00013000%2CMARA261009P00013500&greeks=true'
For more information check: https://developer.mozilla.org/en-US/docs/Web/HTTP/Status/401
2026-10-02T09:51:08 | WARNING  | app.scanning.alpaca_confirmer | AlpacaConfirmer: cannot fetch chain for RIVN 2026-10-09: Client error '401 Unauthorized' for url 'https://api.tradier.com/v1/markets/quotes?symbols=RIVN261009C00005000%2CRIVN261009C00009000%2CRIVN261009C00010000%2CRIVN261009C00010500%2CRIVN261009C00011000%2CRIVN261009C00011500%2CRIVN261009C00012000%2CRIVN261009C00012500%2CRIVN261009C00013000%2CRIVN261009C00013500%2CRIVN261009C00014000%2CRIVN261009C00014500%2CRIVN261009C00015000%2CRIVN261009C00015500%2CRIVN261009C00016000%2CRIVN261009C00016500%2CRIVN261009C00017000%2CRIVN261009C00017500%2CRIVN261009C00018000%2CRIVN261009C00018500%2CRIVN261009C00019000%2CRIVN261009C00019500%2CRIVN261009C00020000%2CRIVN261009C00020500%2CRIVN261009C00021000%2CRIVN261009C00021500%2CRIVN261009C00022000%2CRIVN261009C00023000%2CRIVN261009C00024000%2CRIVN261009C00025000%2CRIVN261009C00030000%2CRIVN261009P00005000%2CRIVN261009P00009000%2CRIVN261009P00010000%2CRIVN261009P00010500%2CRIVN261009P00011000%2CRIVN261009P00011500%2CRIVN261009P00012000%2CRIVN261009P00012500%2CRIVN261009P00013000%2CRIVN261009P00013500%2CRIVN261009P00014000%2CRIVN261009P00014500%2CRIVN261009P00015000%2CRIVN261009P00015500%2CRIVN261009P00016000%2CRIVN261009P00016500%2CRIVN261009P00017000%2CRIVN261009P00017500%2CRIVN261009P00018000&greeks=true'
For more information check: https://developer.mozilla.org/en-US/docs/Web/HTTP/Status/401
2026-10-02T09:51:08 | WARNING  | app.scanning.alpaca_confirmer | AlpacaConfirmer: cannot fetch chain for GOOGL 2026-10-05: Client error '401 Unauthorized' for url 'https://api.tradier.com/v1/markets/quotes?symbols=GOOGL261005C00265000%2CGOOGL261005C00270000%2CGOOGL261005C00275000%2CGOOGL261005C00280000%2CGOOGL261005C00285000%2CGOOGL261005C00290000%2CGOOGL261005C00295000%2CGOOGL261005C00300000%2CGOOGL261005C00305000%2CGOOGL261005C00307500%2CGOOGL261005C00310000%2CGOOGL261005C00312500%2CGOOGL261005C00315000%2CGOOGL261005C00317500%2CGOOGL261005C00320000%2CGOOGL261005C00322500%2CGOOGL261005C00325000%2CGOOGL261005C00327500%2CGOOGL261005C00330000%2CGOOGL261005C00332500%2CGOOGL261005C00335000%2CGOOGL261005C00337500%2CGOOGL261005C00340000%2CGOOGL261005C00342500%2CGOOGL261005C00345000%2CGOOGL261005C00347500%2CGOOGL261005C00350000%2CGOOGL261005C00352500%2CGOOGL261005C00355000%2CGOOGL261005C00357500%2CGOOGL261005C00360000%2CGOOGL261005C00362500%2CGOOGL261005C00365000%2CGOOGL261005C00367500%2CGOOGL261005C00370000%2CGOOGL261005C00372500%2CGOOGL261005C00375000%2CGOOGL261005C00377500%2CGOOGL261005C00380000%2CGOOGL261005C00382500%2CGOOGL261005C00385000%2CGOOGL261005C00387500%2CGOOGL261005C00390000%2CGOOGL261005C00392500%2CGOOGL261005C00395000%2CGOOGL261005C00397500%2CGOOGL261005C00400000%2CGOOGL261005C00402500%2CGOOGL261005C00405000%2CGOOGL261005C00407500&greeks=true'
For more information check: https://developer.mozilla.org/en-US/docs/Web/HTTP/Status/401
2026-10-02T09:51:08 | INFO     | session_runner | AlpacaConfirmer: 0 confirmed symbols: []
2026-10-02T09:51:08 | WARNING  | session_runner | Re-scan returned no confirmed symbols — falling back to ['SPY']
2026-10-02T09:51:08 | INFO     | session_runner | Broad-market regime | SPY=long
2026-10-02T09:51:09 | INFO     | session_runner | [bridge:SPY] rsi_trend ready: sufficient bars
2026-10-02T09:51:09 | INFO     | session_runner | Stale signal: SPY/vwap_reclaim age=76 min > max 10 min — skipped
2026-10-02T09:51:39 | INFO     | session_runner | [cycle 42] 09:51:39 ET | positions=0 | entries=0
2026-10-02T09:51:39 | INFO     | session_runner | [bridge:SPY] rsi_trend ready: sufficient bars
2026-10-02T09:51:39 | INFO     | session_runner | Stale signal: SPY/vwap_reclaim age=77 min > max 10 min — skipped
2026-10-02T09:52:09 | INFO     | session_runner | [cycle 43] 09:52:09 ET | positions=0 | entries=0
2026-10-02T09:52:10 | INFO     | session_runner | [bridge:SPY] rsi_trend ready: sufficient bars
2026-10-02T09:52:10 | INFO     | session_runner | Stale signal: SPY/vwap_reclaim age=77 min > max 10 min — skipped
2026-10-02T09:52:40 | INFO     | session_runner | [cycle 44] 09:52:40 ET | positions=0 | entries=0
2026-10-02T09:52:40 | INFO     | session_runner | [bridge:SPY] rsi_trend ready: sufficient bars
2026-10-02T09:52:40 | INFO     | session_runner | Stale signal: SPY/vwap_reclaim age=78 min > max 10 min — skipped
2026-10-02T09:53:10 | INFO     | session_runner | [cycle 45] 09:53:10 ET | positions=0 | entries=0
2026-10-02T09:53:11 | INFO     | session_runner | [bridge:SPY] rsi_trend ready: sufficient bars
2026-10-02T09:53:11 | INFO     | session_runner | Stale signal: SPY/vwap_reclaim age=78 min > max 10 min — skipped
2026-10-02T09:53:41 | INFO     | session_runner | [cycle 46] 09:53:41 ET | positions=0 | entries=0
2026-10-02T09:53:41 | INFO     | session_runner | [bridge:SPY] rsi_trend ready: sufficient bars
2026-10-02T09:53:41 | INFO     | session_runner | Stale signal: SPY/vwap_reclaim age=79 min > max 10 min — skipped
2026-10-02T09:54:11 | INFO     | session_runner | [cycle 47] 09:54:11 ET | positions=0 | entries=0
2026-10-02T09:54:11 | INFO     | session_runner | [bridge:SPY] rsi_trend ready: sufficient bars
2026-10-02T09:54:11 | INFO     | session_runner | Stale signal: SPY/vwap_reclaim age=79 min > max 10 min — skipped
2026-10-02T09:54:41 | INFO     | session_runner | [cycle 48] 09:54:41 ET | positions=0 | entries=0
2026-10-02T09:54:42 | INFO     | session_runner | [bridge:SPY] rsi_trend ready: sufficient bars
2026-10-02T09:54:42 | INFO     | session_runner | Stale signal: SPY/vwap_reclaim age=80 min > max 10 min — skipped
2026-10-02T09:55:12 | INFO     | session_runner | [cycle 49] 09:55:12 ET | positions=0 | entries=0
2026-10-02T09:55:12 | INFO     | session_runner | [bridge:SPY] rsi_trend ready: sufficient bars
2026-10-02T09:55:12 | INFO     | session_runner | Stale signal: SPY/vwap_reclaim age=80 min > max 10 min — skipped
2026-10-02T09:55:42 | INFO     | session_runner | [cycle 50] 09:55:42 ET | positions=0 | entries=0
2026-10-02T09:55:42 | INFO     | session_runner | [bridge:SPY] rsi_trend ready: sufficient bars
2026-10-02T09:55:42 | INFO     | session_runner | Stale signal: SPY/vwap_reclaim age=81 min > max 10 min — skipped
2026-10-02T09:56:12 | INFO     | session_runner | [cycle 51] 09:56:12 ET | positions=0 | entries=0
2026-10-02T09:56:12 | INFO     | session_runner | Periodic universe re-scan …
2026-10-02T09:56:12 | INFO     | app.scanning.universe_loader | UniverseLoader: loaded 5 groups (13 flat symbols) from config/ticker_universe.yaml (blacklist=0)
2026-10-02T09:56:12 | INFO     | app.scanning.universe_loader | UniverseLoader: 38 symbols from 4 group(s) (blacklist=0)
2026-10-02T09:56:12 | INFO     | session_runner | Universe scan: 38 symbols from 4 group(s) | max_active=6
2026-10-02T09:56:18 | INFO     | session_runner | Scan: 21 passed, 17 rejected
2026-10-02T09:56:18 | INFO     | session_runner |   RIOT    score=87.0  signal=LONG     reasons: rvol=2.18x (high), atr=6.52% (wide-range), orb_breakout
2026-10-02T09:56:18 | INFO     | session_runner |   AMZN    score=85.0  signal=SHORT    reasons: rvol=1.72x (elevated), atr=2.11% (wide-range), orb_breakdown
2026-10-02T09:56:18 | INFO     | session_runner |   RIVN    score=85.0  signal=SHORT    reasons: rvol=6.50x (high), atr=4.73% (wide-range), orb_breakdown
2026-10-02T09:56:18 | INFO     | session_runner |   TSLA    score=75.0  signal=LONG     reasons: rvol=4.97x (high), atr=3.11% (wide-range), trend_up
2026-10-02T09:56:18 | INFO     | session_runner |   NVDA    score=73.0  signal=LONG     reasons: rvol=3.75x (high), atr=2.32% (wide-range), near_orb_level
2026-10-02T09:56:18 | WARNING  | app.scanning.alpaca_confirmer | AlpacaConfirmer: cannot fetch chain for AMZN 2026-10-05: Client error '401 Unauthorized' for url 'https://api.tradier.com/v1/markets/quotes?symbols=AMZN261005C00180000%2CAMZN261005C00185000%2CAMZN261005C00190000%2CAMZN261005C00195000%2CAMZN261005C00200000%2CAMZN261005C00205000%2CAMZN261005C00210000%2CAMZN261005C00215000%2CAMZN261005C00220000%2CAMZN261005C00222500%2CAMZN261005C00225000%2CAMZN261005C00227500%2CAMZN261005C00230000%2CAMZN261005C00232500%2CAMZN261005C00235000%2CAMZN261005C00237500%2CAMZN261005C00240000%2CAMZN261005C00242500%2CAMZN261005C00245000%2CAMZN261005C00247500%2CAMZN261005C00250000%2CAMZN261005C00252500%2CAMZN261005C00255000%2CAMZN261005C00257500%2CAMZN261005C00260000%2CAMZN261005C00262500%2CAMZN261005C00265000%2CAMZN261005C00267500%2CAMZN261005C00270000%2CAMZN261005C00272500%2CAMZN261005C00275000%2CAMZN261005C00277500%2CAMZN261005C00280000%2CAMZN261005C00282500%2CAMZN261005C00285000%2CAMZN261005C00290000%2CAMZN261005C00295000%2CAMZN261005C00300000%2CAMZN261005C00305000%2CAMZN261005C00310000%2CAMZN261005C00315000%2CAMZN261005C00320000%2CAMZN261005C00325000%2CAMZN261005C00330000%2CAMZN261005C00335000%2CAMZN261005P00180000%2CAMZN261005P00185000%2CAMZN261005P00190000%2CAMZN261005P00195000%2CAMZN261005P00200000&greeks=true'
For more information check: https://developer.mozilla.org/en-US/docs/Web/HTTP/Status/401
2026-10-02T09:56:18 | WARNING  | app.scanning.alpaca_confirmer | AlpacaConfirmer: cannot fetch chain for GOOGL 2026-10-05: Client error '401 Unauthorized' for url 'https://api.tradier.com/v1/markets/quotes?symbols=GOOGL261005C00265000%2CGOOGL261005C00270000%2CGOOGL261005C00275000%2CGOOGL261005C00280000%2CGOOGL261005C00285000%2CGOOGL261005C00290000%2CGOOGL261005C00295000%2CGOOGL261005C00300000%2CGOOGL261005C00305000%2CGOOGL261005C00307500%2CGOOGL261005C00310000%2CGOOGL261005C00312500%2CGOOGL261005C00315000%2CGOOGL261005C00317500%2CGOOGL261005C00320000%2CGOOGL261005C00322500%2CGOOGL261005C00325000%2CGOOGL261005C00327500%2CGOOGL261005C00330000%2CGOOGL261005C00332500%2CGOOGL261005C00335000%2CGOOGL261005C00337500%2CGOOGL261005C00340000%2CGOOGL261005C00342500%2CGOOGL261005C00345000%2CGOOGL261005C00347500%2CGOOGL261005C00350000%2CGOOGL261005C00352500%2CGOOGL261005C00355000%2CGOOGL261005C00357500%2CGOOGL261005C00360000%2CGOOGL261005C00362500%2CGOOGL261005C00365000%2CGOOGL261005C00367500%2CGOOGL261005C00370000%2CGOOGL261005C00372500%2CGOOGL261005C00375000%2CGOOGL261005C00377500%2CGOOGL261005C00380000%2CGOOGL261005C00382500%2CGOOGL261005C00385000%2CGOOGL261005C00387500%2CGOOGL261005C00390000%2CGOOGL261005C00392500%2CGOOGL261005C00395000%2CGOOGL261005C00397500%2CGOOGL261005C00400000%2CGOOGL261005C00402500%2CGOOGL261005C00405000%2CGOOGL261005C00407500&greeks=true'
For more information check: https://developer.mozilla.org/en-US/docs/Web/HTTP/Status/401
2026-10-02T09:56:18 | WARNING  | app.scanning.alpaca_confirmer | AlpacaConfirmer: cannot fetch chain for TSLA 2026-10-05: Client error '401 Unauthorized' for url 'https://api.tradier.com/v1/markets/quotes?symbols=TSLA261005C00250000%2CTSLA261005C00255000%2CTSLA261005C00260000%2CTSLA261005C00265000%2CTSLA261005C00270000%2CTSLA261005C00275000%2CTSLA261005C00280000%2CTSLA261005C00285000%2CTSLA261005C00290000%2CTSLA261005C00295000%2CTSLA261005C00300000%2CTSLA261005C00305000%2CTSLA261005C00310000%2CTSLA261005C00315000%2CTSLA261005C00317500%2CTSLA261005C00320000%2CTSLA261005C00322500%2CTSLA261005C00325000%2CTSLA261005C00327500%2CTSLA261005C00330000%2CTSLA261005C00332500%2CTSLA261005C00335000%2CTSLA261005C00337500%2CTSLA261005C00340000%2CTSLA261005C00342500%2CTSLA261005C00345000%2CTSLA261005C00347500%2CTSLA261005C00350000%2CTSLA261005C00352500%2CTSLA261005C00355000%2CTSLA261005C00357500%2CTSLA261005C00360000%2CTSLA261005C00362500%2CTSLA261005C00365000%2CTSLA261005C00367500%2CTSLA261005C00370000%2CTSLA261005C00372500%2CTSLA261005C00375000%2CTSLA261005C00377500%2CTSLA261005C00380000%2CTSLA261005C00382500%2CTSLA261005C00385000%2CTSLA261005C00387500%2CTSLA261005C00390000%2CTSLA261005C00392500%2CTSLA261005C00395000%2CTSLA261005C00397500%2CTSLA261005C00400000%2CTSLA261005C00402500%2CTSLA261005C00405000&greeks=true'
For more information check: https://developer.mozilla.org/en-US/docs/Web/HTTP/Status/401
2026-10-02T09:56:18 | WARNING  | app.scanning.alpaca_confirmer | AlpacaConfirmer: cannot fetch chain for HOOD 2026-10-09: Client error '401 Unauthorized' for url 'https://api.tradier.com/v1/markets/quotes?symbols=HOOD261009C00025000%2CHOOD261009C00030000%2CHOOD261009C00035000%2CHOOD261009C00040000%2CHOOD261009C00045000%2CHOOD261009C00050000%2CHOOD261009C00055000%2CHOOD261009C00060000%2CHOOD261009C00065000%2CHOOD261009C00070000%2CHOOD261009C00075000%2CHOOD261009C00080000%2CHOOD261009C00085000%2CHOOD261009C00090000%2CHOOD261009C00091000%2CHOOD261009C00092000%2CHOOD261009C00093000%2CHOOD261009C00094000%2CHOOD261009C00095000%2CHOOD261009C00096000%2CHOOD261009C00097000%2CHOOD261009C00098000%2CHOOD261009C00099000%2CHOOD261009C00100000%2CHOOD261009C00101000%2CHOOD261009C00102000%2CHOOD261009C00103000%2CHOOD261009C00104000%2CHOOD261009C00105000%2CHOOD261009C00106000%2CHOOD261009C00107000%2CHOOD261009C00108000%2CHOOD261009C00109000%2CHOOD261009C00110000%2CHOOD261009C00111000%2CHOOD261009C00112000%2CHOOD261009C00113000%2CHOOD261009C00114000%2CHOOD261009C00115000%2CHOOD261009C00116000%2CHOOD261009C00117000%2CHOOD261009C00118000%2CHOOD261009C00119000%2CHOOD261009C00120000%2CHOOD261009C00121000%2CHOOD261009C00122000%2CHOOD261009C00123000%2CHOOD261009C00124000%2CHOOD261009C00125000%2CHOOD261009C00126000&greeks=true'
For more information check: https://developer.mozilla.org/en-US/docs/Web/HTTP/Status/401
2026-10-02T09:56:18 | WARNING  | app.scanning.alpaca_confirmer | AlpacaConfirmer: cannot fetch chain for RIOT 2026-10-09: Client error '401 Unauthorized' for url 'https://api.tradier.com/v1/markets/quotes?symbols=RIOT261009C00008000%2CRIOT261009C00009000%2CRIOT261009C00010000%2CRIOT261009C00011000%2CRIOT261009C00012000%2CRIOT261009C00013000%2CRIOT261009C00014000%2CRIOT261009C00015000%2CRIOT261009C00016000%2CRIOT261009C00017000%2CRIOT261009C00017500%2CRIOT261009C00018000%2CRIOT261009C00018500%2CRIOT261009C00019000%2CRIOT261009C00019500%2CRIOT261009C00020000%2CRIOT261009C00020500%2CRIOT261009C00021000%2CRIOT261009C00021500%2CRIOT261009C00022000%2CRIOT261009C00022500%2CRIOT261009C00023000%2CRIOT261009C00023500%2CRIOT261009C00024000%2CRIOT261009C00024500%2CRIOT261009C00025000%2CRIOT261009C00025500%2CRIOT261009C00026000%2CRIOT261009C00026500%2CRIOT261009C00027000%2CRIOT261009C00027500%2CRIOT261009C00028000%2CRIOT261009C00028500%2CRIOT261009C00029000%2CRIOT261009C00029500%2CRIOT261009C00030000%2CRIOT261009C00031000%2CRIOT261009C00032000%2CRIOT261009C00033000%2CRIOT261009C00034000%2CRIOT261009C00035000%2CRIOT261009P00008000%2CRIOT261009P00009000%2CRIOT261009P00010000%2CRIOT261009P00011000%2CRIOT261009P00012000%2CRIOT261009P00013000%2CRIOT261009P00014000%2CRIOT261009P00015000%2CRIOT261009P00016000&greeks=true'
For more information check: https://developer.mozilla.org/en-US/docs/Web/HTTP/Status/401
2026-10-02T09:56:18 | WARNING  | app.scanning.alpaca_confirmer | AlpacaConfirmer: cannot fetch chain for SOFI 2026-10-09: Client error '401 Unauthorized' for url 'https://api.tradier.com/v1/markets/quotes?symbols=SOFI261009C00005000%2CSOFI261009C00009000%2CSOFI261009C00010000%2CSOFI261009C00011000%2CSOFI261009C00011500%2CSOFI261009C00012000%2CSOFI261009C00012500%2CSOFI261009C00013000%2CSOFI261009C00013500%2CSOFI261009C00014000%2CSOFI261009C00014500%2CSOFI261009C00015000%2CSOFI261009C00015500%2CSOFI261009C00016000%2CSOFI261009C00016500%2CSOFI261009C00017000%2CSOFI261009C00017500%2CSOFI261009C00018000%2CSOFI261009C00018500%2CSOFI261009C00019000%2CSOFI261009C00019500%2CSOFI261009C00020000%2CSOFI261009C00020500%2CSOFI261009C00021000%2CSOFI261009C00021500%2CSOFI261009C00022000%2CSOFI261009C00022500%2CSOFI261009C00023000%2CSOFI261009C00023500%2CSOFI261009C00024000%2CSOFI261009C00025000%2CSOFI261009C00030000%2CSOFI261009P00005000%2CSOFI261009P00009000%2CSOFI261009P00010000%2CSOFI261009P00011000%2CSOFI261009P00011500%2CSOFI261009P00012000%2CSOFI261009P00012500%2CSOFI261009P00013000%2CSOFI261009P00013500%2CSOFI261009P00014000%2CSOFI261009P00014500%2CSOFI261009P00015000%2CSOFI261009P00015500%2CSOFI261009P00016000%2CSOFI261009P00016500%2CSOFI261009P00017000%2CSOFI261009P00017500%2CSOFI261009P00018000&greeks=true'
For more information check: https://developer.mozilla.org/en-US/docs/Web/HTTP/Status/401
2026-10-02T09:56:18 | WARNING  | app.scanning.alpaca_confirmer | AlpacaConfirmer: cannot fetch chain for IWM 2026-10-05: Client error '401 Unauthorized' for url 'https://api.tradier.com/v1/markets/quotes?symbols=IWM261005C00180000%2CIWM261005C00190000%2CIWM261005C00200000%2CIWM261005C00205000%2CIWM261005C00210000%2CIWM261005C00215000%2CIWM261005C00220000%2CIWM261005C00225000%2CIWM261005C00230000%2CIWM261005C00235000%2CIWM261005C00240000%2CIWM261005C00245000%2CIWM261005C00250000%2CIWM261005C00255000%2CIWM261005C00260000%2CIWM261005C00261000%2CIWM261005C00262000%2CIWM261005C00263000%2CIWM261005C00264000%2CIWM261005C00265000%2CIWM261005C00266000%2CIWM261005C00267000%2CIWM261005C00268000%2CIWM261005C00269000%2CIWM261005C00270000%2CIWM261005C00271000%2CIWM261005C00272000%2CIWM261005C00273000%2CIWM261005C00274000%2CIWM261005C00275000%2CIWM261005C00276000%2CIWM261005C00277000%2CIWM261005C00278000%2CIWM261005C00279000%2CIWM261005C00280000%2CIWM261005C00281000%2CIWM261005C00282000%2CIWM261005C00283000%2CIWM261005C00284000%2CIWM261005C00285000%2CIWM261005C00286000%2CIWM261005C00287000%2CIWM261005C00288000%2CIWM261005C00289000%2CIWM261005C00290000%2CIWM261005C00291000%2CIWM261005C00292000%2CIWM261005C00293000%2CIWM261005C00294000%2CIWM261005C00295000&greeks=true'
For more information check: https://developer.mozilla.org/en-US/docs/Web/HTTP/Status/401
2026-10-02T09:56:18 | WARNING  | app.scanning.alpaca_confirmer | AlpacaConfirmer: cannot fetch chain for AMD 2026-10-05: Client error '401 Unauthorized' for url 'https://api.tradier.com/v1/markets/quotes?symbols=AMD261005C00310000%2CAMD261005C00315000%2CAMD261005C00320000%2CAMD261005C00325000%2CAMD261005C00330000%2CAMD261005C00335000%2CAMD261005C00340000%2CAMD261005C00345000%2CAMD261005C00350000%2CAMD261005C00355000%2CAMD261005C00360000%2CAMD261005C00365000%2CAMD261005C00370000%2CAMD261005C00375000%2CAMD261005C00380000%2CAMD261005C00385000%2CAMD261005C00390000%2CAMD261005C00395000%2CAMD261005C00400000%2CAMD261005C00405000%2CAMD261005C00410000%2CAMD261005C00415000%2CAMD261005C00420000%2CAMD261005C00425000%2CAMD261005C00430000%2CAMD261005C00435000%2CAMD261005C00440000%2CAMD261005C00445000%2CAMD261005C00450000%2CAMD261005C00455000%2CAMD261005C00460000%2CAMD261005C00465000%2CAMD261005C00470000%2CAMD261005C00475000%2CAMD261005C00480000%2CAMD261005C00485000%2CAMD261005C00490000%2CAMD261005C00495000%2CAMD261005C00500000%2CAMD261005C00505000%2CAMD261005C00507500%2CAMD261005C00510000%2CAMD261005C00512500%2CAMD261005C00515000%2CAMD261005C00517500%2CAMD261005C00520000%2CAMD261005C00522500%2CAMD261005C00525000%2CAMD261005C00527500%2CAMD261005C00530000&greeks=true'
For more information check: https://developer.mozilla.org/en-US/docs/Web/HTTP/Status/401
2026-10-02T09:56:18 | WARNING  | app.scanning.alpaca_confirmer | AlpacaConfirmer: cannot fetch chain for RIVN 2026-10-09: Client error '401 Unauthorized' for url 'https://api.tradier.com/v1/markets/quotes?symbols=RIVN261009C00005000%2CRIVN261009C00009000%2CRIVN261009C00010000%2CRIVN261009C00010500%2CRIVN261009C00011000%2CRIVN261009C00011500%2CRIVN261009C00012000%2CRIVN261009C00012500%2CRIVN261009C00013000%2CRIVN261009C00013500%2CRIVN261009C00014000%2CRIVN261009C00014500%2CRIVN261009C00015000%2CRIVN261009C00015500%2CRIVN261009C00016000%2CRIVN261009C00016500%2CRIVN261009C00017000%2CRIVN261009C00017500%2CRIVN261009C00018000%2CRIVN261009C00018500%2CRIVN261009C00019000%2CRIVN261009C00019500%2CRIVN261009C00020000%2CRIVN261009C00020500%2CRIVN261009C00021000%2CRIVN261009C00021500%2CRIVN261009C00022000%2CRIVN261009C00023000%2CRIVN261009C00024000%2CRIVN261009C00025000%2CRIVN261009C00030000%2CRIVN261009P00005000%2CRIVN261009P00009000%2CRIVN261009P00010000%2CRIVN261009P00010500%2CRIVN261009P00011000%2CRIVN261009P00011500%2CRIVN261009P00012000%2CRIVN261009P00012500%2CRIVN261009P00013000%2CRIVN261009P00013500%2CRIVN261009P00014000%2CRIVN261009P00014500%2CRIVN261009P00015000%2CRIVN261009P00015500%2CRIVN261009P00016000%2CRIVN261009P00016500%2CRIVN261009P00017000%2CRIVN261009P00017500%2CRIVN261009P00018000&greeks=true'
For more information check: https://developer.mozilla.org/en-US/docs/Web/HTTP/Status/401
2026-10-02T09:56:18 | WARNING  | app.scanning.alpaca_confirmer | AlpacaConfirmer: cannot fetch chain for MARA 2026-10-09: Client error '401 Unauthorized' for url 'https://api.tradier.com/v1/markets/quotes?symbols=MARA261009C00004000%2CMARA261009C00005000%2CMARA261009C00006000%2CMARA261009C00006500%2CMARA261009C00007000%2CMARA261009C00007500%2CMARA261009C00008000%2CMARA261009C00008500%2CMARA261009C00009000%2CMARA261009C00009500%2CMARA261009C00010000%2CMARA261009C00010500%2CMARA261009C00011000%2CMARA261009C00011500%2CMARA261009C00012000%2CMARA261009C00012500%2CMARA261009C00013000%2CMARA261009C00013500%2CMARA261009C00014000%2CMARA261009C00014500%2CMARA261009C00015000%2CMARA261009C00015500%2CMARA261009C00016000%2CMARA261009C00016500%2CMARA261009C00017000%2CMARA261009C00017500%2CMARA261009C00018000%2CMARA261009C00019000%2CMARA261009C00020000%2CMARA261009C00021000%2CMARA261009C00022000%2CMARA261009C00023000%2CMARA261009P00004000%2CMARA261009P00005000%2CMARA261009P00006000%2CMARA261009P00006500%2CMARA261009P00007000%2CMARA261009P00007500%2CMARA261009P00008000%2CMARA261009P00008500%2CMARA261009P00009000%2CMARA261009P00009500%2CMARA261009P00010000%2CMARA261009P00010500%2CMARA261009P00011000%2CMARA261009P00011500%2CMARA261009P00012000%2CMARA261009P00012500%2CMARA261009P00013000%2CMARA261009P00013500&greeks=true'
For more information check: https://developer.mozilla.org/en-US/docs/Web/HTTP/Status/401
2026-10-02T09:56:18 | WARNING  | app.scanning.alpaca_confirmer | AlpacaConfirmer: cannot fetch chain for XLF 2026-10-05: Client error '401 Unauthorized' for url 'https://api.tradier.com/v1/markets/quotes?symbols=XLF261005C00041000%2CXLF261005C00042000%2CXLF261005C00043000%2CXLF261005C00044000%2CXLF261005C00045000%2CXLF261005C00046000%2CXLF261005C00047000%2CXLF261005C00048000%2CXLF261005C00049000%2CXLF261005C00050000%2CXLF261005C00050500%2CXLF261005C00051000%2CXLF261005C00051500%2CXLF261005C00052000%2CXLF261005C00052500%2CXLF261005C00053000%2CXLF261005C00053500%2CXLF261005C00054000%2CXLF261005C00054500%2CXLF261005C00055000%2CXLF261005C00055500%2CXLF261005C00056000%2CXLF261005C00056500%2CXLF261005C00057000%2CXLF261005C00057500%2CXLF261005C00058000%2CXLF261005C00058500%2CXLF261005C00059000%2CXLF261005C00059500%2CXLF261005C00060000%2CXLF261005C00060500%2CXLF261005C00061000%2CXLF261005C00061500%2CXLF261005C00062000%2CXLF261005C00062500%2CXLF261005C00063000%2CXLF261005C00063500%2CXLF261005C00064000%2CXLF261005C00064500%2CXLF261005C00065000%2CXLF261005C00066000%2CXLF261005C00067000%2CXLF261005C00068000%2CXLF261005C00069000%2CXLF261005C00070000%2CXLF261005C00071000%2CXLF261005C00072000%2CXLF261005C00073000%2CXLF261005C00074000%2CXLF261005P00041000&greeks=true'
For more information check: https://developer.mozilla.org/en-US/docs/Web/HTTP/Status/401
2026-10-02T09:56:18 | WARNING  | app.scanning.alpaca_confirmer | AlpacaConfirmer: cannot fetch chain for NVDA 2026-10-05: Client error '401 Unauthorized' for url 'https://api.tradier.com/v1/markets/quotes?symbols=NVDA261005C00115000%2CNVDA261005C00120000%2CNVDA261005C00125000%2CNVDA261005C00130000%2CNVDA261005C00135000%2CNVDA261005C00140000%2CNVDA261005C00145000%2CNVDA261005C00150000%2CNVDA261005C00155000%2CNVDA261005C00160000%2CNVDA261005C00165000%2CNVDA261005C00170000%2CNVDA261005C00175000%2CNVDA261005C00180000%2CNVDA261005C00185000%2CNVDA261005C00190000%2CNVDA261005C00195000%2CNVDA261005C00197500%2CNVDA261005C00200000%2CNVDA261005C00202500%2CNVDA261005C00205000%2CNVDA261005C00207500%2CNVDA261005C00210000%2CNVDA261005C00212500%2CNVDA261005C00215000%2CNVDA261005C00217500%2CNVDA261005C00220000%2CNVDA261005C00222500%2CNVDA261005C00225000%2CNVDA261005C00227500%2CNVDA261005C00230000%2CNVDA261005C00232500%2CNVDA261005C00235000%2CNVDA261005C00237500%2CNVDA261005C00240000%2CNVDA261005C00242500%2CNVDA261005C00245000%2CNVDA261005C00247500%2CNVDA261005C00250000%2CNVDA261005C00252500%2CNVDA261005C00255000%2CNVDA261005C00260000%2CNVDA261005C00265000%2CNVDA261005C00270000%2CNVDA261005C00275000%2CNVDA261005C00280000%2CNVDA261005C00285000%2CNVDA261005C00290000%2CNVDA261005C00295000%2CNVDA261005P00115000&greeks=true'
For more information check: https://developer.mozilla.org/en-US/docs/Web/HTTP/Status/401
2026-10-02T09:56:18 | INFO     | session_runner | AlpacaConfirmer: 0 confirmed symbols: []
2026-10-02T09:56:18 | WARNING  | session_runner | Re-scan returned no confirmed symbols — falling back to ['SPY']
2026-10-02T09:56:18 | INFO     | session_runner | Broad-market regime | SPY=neutral
2026-10-02T09:56:19 | INFO     | session_runner | [bridge:SPY] rsi_trend ready: sufficient bars
2026-10-02T09:56:19 | INFO     | session_runner | Stale signal: SPY/vwap_reclaim age=81 min > max 10 min — skipped
2026-10-02T09:56:49 | INFO     | session_runner | [cycle 52] 09:56:49 ET | positions=0 | entries=0
2026-10-02T09:56:49 | INFO     | session_runner | [bridge:SPY] rsi_trend ready: sufficient bars
2026-10-02T09:56:49 | INFO     | session_runner | Stale signal: SPY/vwap_reclaim age=82 min > max 10 min — skipped
2026-10-02T09:57:19 | INFO     | session_runner | [cycle 53] 09:57:19 ET | positions=0 | entries=0
2026-10-02T09:57:19 | INFO     | session_runner | [bridge:SPY] rsi_trend ready: sufficient bars
2026-10-02T09:57:19 | INFO     | session_runner | Stale signal: SPY/vwap_reclaim age=82 min > max 10 min — skipped
2026-10-02T09:57:49 | INFO     | session_runner | [cycle 54] 09:57:49 ET | positions=0 | entries=0
2026-10-02T09:57:50 | INFO     | session_runner | [bridge:SPY] rsi_trend ready: sufficient bars
2026-10-02T09:57:50 | INFO     | session_runner | Stale signal: SPY/vwap_reclaim age=83 min > max 10 min — skipped
2026-10-02T09:58:20 | INFO     | session_runner | [cycle 55] 09:58:20 ET | positions=0 | entries=0
2026-10-02T09:58:20 | INFO     | session_runner | [bridge:SPY] rsi_trend ready: sufficient bars
2026-10-02T09:58:20 | INFO     | session_runner | Stale signal: SPY/vwap_reclaim age=83 min > max 10 min — skipped
2026-10-02T09:58:50 | INFO     | session_runner | [cycle 56] 09:58:50 ET | positions=0 | entries=0
2026-10-02T09:58:50 | INFO     | session_runner | [bridge:SPY] rsi_trend ready: sufficient bars
2026-10-02T09:58:50 | INFO     | session_runner | Stale signal: SPY/vwap_reclaim age=84 min > max 10 min — skipped
2026-10-02T09:59:20 | INFO     | session_runner | [cycle 57] 09:59:20 ET | positions=0 | entries=0
2026-10-02T09:59:21 | INFO     | session_runner | [bridge:SPY] rsi_trend ready: sufficient bars
2026-10-02T09:59:21 | INFO     | session_runner | Stale signal: SPY/vwap_reclaim age=84 min > max 10 min — skipped
2026-10-02T09:59:51 | INFO     | session_runner | [cycle 58] 09:59:51 ET | positions=0 | entries=0
2026-10-02T09:59:51 | INFO     | session_runner | [bridge:SPY] rsi_trend ready: sufficient bars
2026-10-02T09:59:51 | INFO     | session_runner | Stale signal: SPY/vwap_reclaim age=85 min > max 10 min — skipped
2026-10-02T10:00:21 | INFO     | session_runner | [cycle 59] 10:00:21 ET | positions=0 | entries=0
2026-10-02T10:00:22 | INFO     | session_runner | [bridge:SPY] rsi_trend ready: sufficient bars
2026-10-02T10:00:22 | INFO     | session_runner | Stale signal: SPY/vwap_reclaim age=85 min > max 10 min — skipped
2026-10-02T10:00:52 | INFO     | session_runner | [cycle 60] 10:00:52 ET | positions=0 | entries=0
2026-10-02T10:00:52 | INFO     | session_runner | [bridge:SPY] rsi_trend ready: sufficient bars
2026-10-02T10:00:52 | INFO     | session_runner | Stale signal: SPY/vwap_reclaim age=86 min > max 10 min — skipped
2026-10-02T10:01:22 | INFO     | session_runner | [cycle 61] 10:01:22 ET | positions=0 | entries=0
2026-10-02T10:01:22 | INFO     | app.trading.reconciler | Reconciliation done: broker_pos=0 local_pos=0 broker_orders=0 local_pending=0 repaired=0 flagged=0 orders_confirmed=True positions_confirmed=True
2026-10-02T10:01:22 | INFO     | session_runner | Periodic universe re-scan …
2026-10-02T10:01:22 | INFO     | app.scanning.universe_loader | UniverseLoader: loaded 5 groups (13 flat symbols) from config/ticker_universe.yaml (blacklist=0)
2026-10-02T10:01:22 | INFO     | app.scanning.universe_loader | UniverseLoader: 38 symbols from 4 group(s) (blacklist=0)
2026-10-02T10:01:22 | INFO     | session_runner | Universe scan: 38 symbols from 4 group(s) | max_active=6
2026-10-02T10:01:30 | INFO     | session_runner | Scan: 20 passed, 18 rejected
2026-10-02T10:01:30 | INFO     | session_runner |   RIVN    score=85.0  signal=SHORT    reasons: rvol=6.99x (high), atr=4.88% (wide-range), orb_breakdown
2026-10-02T10:01:30 | INFO     | session_runner |   SOFI    score=80.0  signal=SHORT    reasons: rvol=1.95x (elevated), atr=3.48% (wide-range), orb_breakdown
2026-10-02T10:01:30 | INFO     | session_runner |   XLF     score=78.0  signal=SHORT    reasons: rvol=2.15x (high), atr=1.26% (good range), orb_breakdown
2026-10-02T10:01:30 | INFO     | session_runner |   TSLA    score=75.0  signal=LONG     reasons: rvol=4.59x (high), atr=3.11% (wide-range), trend_up
2026-10-02T10:01:30 | INFO     | session_runner |   NVDA    score=73.0  signal=LONG     reasons: rvol=3.89x (high), atr=2.32% (wide-range), near_orb_level
2026-10-02T10:01:30 | WARNING  | app.scanning.alpaca_confirmer | AlpacaConfirmer: cannot fetch chain for GOOGL 2026-10-05: Client error '401 Unauthorized' for url 'https://api.tradier.com/v1/markets/quotes?symbols=GOOGL261005C00265000%2CGOOGL261005C00270000%2CGOOGL261005C00275000%2CGOOGL261005C00280000%2CGOOGL261005C00285000%2CGOOGL261005C00290000%2CGOOGL261005C00295000%2CGOOGL261005C00300000%2CGOOGL261005C00305000%2CGOOGL261005C00307500%2CGOOGL261005C00310000%2CGOOGL261005C00312500%2CGOOGL261005C00315000%2CGOOGL261005C00317500%2CGOOGL261005C00320000%2CGOOGL261005C00322500%2CGOOGL261005C00325000%2CGOOGL261005C00327500%2CGOOGL261005C00330000%2CGOOGL261005C00332500%2CGOOGL261005C00335000%2CGOOGL261005C00337500%2CGOOGL261005C00340000%2CGOOGL261005C00342500%2CGOOGL261005C00345000%2CGOOGL261005C00347500%2CGOOGL261005C00350000%2CGOOGL261005C00352500%2CGOOGL261005C00355000%2CGOOGL261005C00357500%2CGOOGL261005C00360000%2CGOOGL261005C00362500%2CGOOGL261005C00365000%2CGOOGL261005C00367500%2CGOOGL261005C00370000%2CGOOGL261005C00372500%2CGOOGL261005C00375000%2CGOOGL261005C00377500%2CGOOGL261005C00380000%2CGOOGL261005C00382500%2CGOOGL261005C00385000%2CGOOGL261005C00387500%2CGOOGL261005C00390000%2CGOOGL261005C00392500%2CGOOGL261005C00395000%2CGOOGL261005C00397500%2CGOOGL261005C00400000%2CGOOGL261005C00402500%2CGOOGL261005C00405000%2CGOOGL261005C00407500&greeks=true'
For more information check: https://developer.mozilla.org/en-US/docs/Web/HTTP/Status/401
2026-10-02T10:01:30 | WARNING  | app.scanning.alpaca_confirmer | AlpacaConfirmer: cannot fetch chain for AMD 2026-10-05: Client error '401 Unauthorized' for url 'https://api.tradier.com/v1/markets/quotes?symbols=AMD261005C00310000%2CAMD261005C00315000%2CAMD261005C00320000%2CAMD261005C00325000%2CAMD261005C00330000%2CAMD261005C00335000%2CAMD261005C00340000%2CAMD261005C00345000%2CAMD261005C00350000%2CAMD261005C00355000%2CAMD261005C00360000%2CAMD261005C00365000%2CAMD261005C00370000%2CAMD261005C00375000%2CAMD261005C00380000%2CAMD261005C00385000%2CAMD261005C00390000%2CAMD261005C00395000%2CAMD261005C00400000%2CAMD261005C00405000%2CAMD261005C00410000%2CAMD261005C00415000%2CAMD261005C00420000%2CAMD261005C00425000%2CAMD261005C00430000%2CAMD261005C00435000%2CAMD261005C00440000%2CAMD261005C00445000%2CAMD261005C00450000%2CAMD261005C00455000%2CAMD261005C00460000%2CAMD261005C00465000%2CAMD261005C00470000%2CAMD261005C00475000%2CAMD261005C00480000%2CAMD261005C00485000%2CAMD261005C00490000%2CAMD261005C00495000%2CAMD261005C00500000%2CAMD261005C00505000%2CAMD261005C00507500%2CAMD261005C00510000%2CAMD261005C00512500%2CAMD261005C00515000%2CAMD261005C00517500%2CAMD261005C00520000%2CAMD261005C00522500%2CAMD261005C00525000%2CAMD261005C00527500%2CAMD261005C00530000&greeks=true'
For more information check: https://developer.mozilla.org/en-US/docs/Web/HTTP/Status/401
2026-10-02T10:01:30 | WARNING  | app.scanning.alpaca_confirmer | AlpacaConfirmer: cannot fetch chain for HOOD 2026-10-09: Client error '401 Unauthorized' for url 'https://api.tradier.com/v1/markets/quotes?symbols=HOOD261009C00025000%2CHOOD261009C00030000%2CHOOD261009C00035000%2CHOOD261009C00040000%2CHOOD261009C00045000%2CHOOD261009C00050000%2CHOOD261009C00055000%2CHOOD261009C00060000%2CHOOD261009C00065000%2CHOOD261009C00070000%2CHOOD261009C00075000%2CHOOD261009C00080000%2CHOOD261009C00085000%2CHOOD261009C00090000%2CHOOD261009C00091000%2CHOOD261009C00092000%2CHOOD261009C00093000%2CHOOD261009C00094000%2CHOOD261009C00095000%2CHOOD261009C00096000%2CHOOD261009C00097000%2CHOOD261009C00098000%2CHOOD261009C00099000%2CHOOD261009C00100000%2CHOOD261009C00101000%2CHOOD261009C00102000%2CHOOD261009C00103000%2CHOOD261009C00104000%2CHOOD261009C00105000%2CHOOD261009C00106000%2CHOOD261009C00107000%2CHOOD261009C00108000%2CHOOD261009C00109000%2CHOOD261009C00110000%2CHOOD261009C00111000%2CHOOD261009C00112000%2CHOOD261009C00113000%2CHOOD261009C00114000%2CHOOD261009C00115000%2CHOOD261009C00116000%2CHOOD261009C00117000%2CHOOD261009C00118000%2CHOOD261009C00119000%2CHOOD261009C00120000%2CHOOD261009C00121000%2CHOOD261009C00122000%2CHOOD261009C00123000%2CHOOD261009C00124000%2CHOOD261009C00125000%2CHOOD261009C00126000&greeks=true'
For more information check: https://developer.mozilla.org/en-US/docs/Web/HTTP/Status/401
2026-10-02T10:01:30 | WARNING  | app.scanning.alpaca_confirmer | AlpacaConfirmer: cannot fetch chain for XLF 2026-10-05: Client error '401 Unauthorized' for url 'https://api.tradier.com/v1/markets/quotes?symbols=XLF261005C00041000%2CXLF261005C00042000%2CXLF261005C00043000%2CXLF261005C00044000%2CXLF261005C00045000%2CXLF261005C00046000%2CXLF261005C00047000%2CXLF261005C00048000%2CXLF261005C00049000%2CXLF261005C00050000%2CXLF261005C00050500%2CXLF261005C00051000%2CXLF261005C00051500%2CXLF261005C00052000%2CXLF261005C00052500%2CXLF261005C00053000%2CXLF261005C00053500%2CXLF261005C00054000%2CXLF261005C00054500%2CXLF261005C00055000%2CXLF261005C00055500%2CXLF261005C00056000%2CXLF261005C00056500%2CXLF261005C00057000%2CXLF261005C00057500%2CXLF261005C00058000%2CXLF261005C00058500%2CXLF261005C00059000%2CXLF261005C00059500%2CXLF261005C00060000%2CXLF261005C00060500%2CXLF261005C00061000%2CXLF261005C00061500%2CXLF261005C00062000%2CXLF261005C00062500%2CXLF261005C00063000%2CXLF261005C00063500%2CXLF261005C00064000%2CXLF261005C00064500%2CXLF261005C00065000%2CXLF261005C00066000%2CXLF261005C00067000%2CXLF261005C00068000%2CXLF261005C00069000%2CXLF261005C00070000%2CXLF261005C00071000%2CXLF261005C00072000%2CXLF261005C00073000%2CXLF261005C00074000%2CXLF261005P00041000&greeks=true'
For more information check: https://developer.mozilla.org/en-US/docs/Web/HTTP/Status/401
2026-10-02T10:01:30 | WARNING  | app.scanning.alpaca_confirmer | AlpacaConfirmer: cannot fetch chain for TSLA 2026-10-05: Client error '401 Unauthorized' for url 'https://api.tradier.com/v1/markets/quotes?symbols=TSLA261005C00250000%2CTSLA261005C00255000%2CTSLA261005C00260000%2CTSLA261005C00265000%2CTSLA261005C00270000%2CTSLA261005C00275000%2CTSLA261005C00280000%2CTSLA261005C00285000%2CTSLA261005C00290000%2CTSLA261005C00295000%2CTSLA261005C00300000%2CTSLA261005C00305000%2CTSLA261005C00310000%2CTSLA261005C00315000%2CTSLA261005C00317500%2CTSLA261005C00320000%2CTSLA261005C00322500%2CTSLA261005C00325000%2CTSLA261005C00327500%2CTSLA261005C00330000%2CTSLA261005C00332500%2CTSLA261005C00335000%2CTSLA261005C00337500%2CTSLA261005C00340000%2CTSLA261005C00342500%2CTSLA261005C00345000%2CTSLA261005C00347500%2CTSLA261005C00350000%2CTSLA261005C00352500%2CTSLA261005C00355000%2CTSLA261005C00357500%2CTSLA261005C00360000%2CTSLA261005C00362500%2CTSLA261005C00365000%2CTSLA261005C00367500%2CTSLA261005C00370000%2CTSLA261005C00372500%2CTSLA261005C00375000%2CTSLA261005C00377500%2CTSLA261005C00380000%2CTSLA261005C00382500%2CTSLA261005C00385000%2CTSLA261005C00387500%2CTSLA261005C00390000%2CTSLA261005C00392500%2CTSLA261005C00395000%2CTSLA261005C00397500%2CTSLA261005C00400000%2CTSLA261005C00402500%2CTSLA261005C00405000&greeks=true'
For more information check: https://developer.mozilla.org/en-US/docs/Web/HTTP/Status/401
2026-10-02T10:01:30 | WARNING  | app.scanning.alpaca_confirmer | AlpacaConfirmer: cannot fetch chain for RIOT 2026-10-09: Client error '401 Unauthorized' for url 'https://api.tradier.com/v1/markets/quotes?symbols=RIOT261009C00008000%2CRIOT261009C00009000%2CRIOT261009C00010000%2CRIOT261009C00011000%2CRIOT261009C00012000%2CRIOT261009C00013000%2CRIOT261009C00014000%2CRIOT261009C00015000%2CRIOT261009C00016000%2CRIOT261009C00017000%2CRIOT261009C00017500%2CRIOT261009C00018000%2CRIOT261009C00018500%2CRIOT261009C00019000%2CRIOT261009C00019500%2CRIOT261009C00020000%2CRIOT261009C00020500%2CRIOT261009C00021000%2CRIOT261009C00021500%2CRIOT261009C00022000%2CRIOT261009C00022500%2CRIOT261009C00023000%2CRIOT261009C00023500%2CRIOT261009C00024000%2CRIOT261009C00024500%2CRIOT261009C00025000%2CRIOT261009C00025500%2CRIOT261009C00026000%2CRIOT261009C00026500%2CRIOT261009C00027000%2CRIOT261009C00027500%2CRIOT261009C00028000%2CRIOT261009C00028500%2CRIOT261009C00029000%2CRIOT261009C00029500%2CRIOT261009C00030000%2CRIOT261009C00031000%2CRIOT261009C00032000%2CRIOT261009C00033000%2CRIOT261009C00034000%2CRIOT261009C00035000%2CRIOT261009P00008000%2CRIOT261009P00009000%2CRIOT261009P00010000%2CRIOT261009P00011000%2CRIOT261009P00012000%2CRIOT261009P00013000%2CRIOT261009P00014000%2CRIOT261009P00015000%2CRIOT261009P00016000&greeks=true'
For more information check: https://developer.mozilla.org/en-US/docs/Web/HTTP/Status/401
2026-10-02T10:01:30 | WARNING  | app.scanning.alpaca_confirmer | AlpacaConfirmer: cannot fetch chain for NVDA 2026-10-05: Client error '401 Unauthorized' for url 'https://api.tradier.com/v1/markets/quotes?symbols=NVDA261005C00115000%2CNVDA261005C00120000%2CNVDA261005C00125000%2CNVDA261005C00130000%2CNVDA261005C00135000%2CNVDA261005C00140000%2CNVDA261005C00145000%2CNVDA261005C00150000%2CNVDA261005C00155000%2CNVDA261005C00160000%2CNVDA261005C00165000%2CNVDA261005C00170000%2CNVDA261005C00175000%2CNVDA261005C00180000%2CNVDA261005C00185000%2CNVDA261005C00190000%2CNVDA261005C00195000%2CNVDA261005C00197500%2CNVDA261005C00200000%2CNVDA261005C00202500%2CNVDA261005C00205000%2CNVDA261005C00207500%2CNVDA261005C00210000%2CNVDA261005C00212500%2CNVDA261005C00215000%2CNVDA261005C00217500%2CNVDA261005C00220000%2CNVDA261005C00222500%2CNVDA261005C00225000%2CNVDA261005C00227500%2CNVDA261005C00230000%2CNVDA261005C00232500%2CNVDA261005C00235000%2CNVDA261005C00237500%2CNVDA261005C00240000%2CNVDA261005C00242500%2CNVDA261005C00245000%2CNVDA261005C00247500%2CNVDA261005C00250000%2CNVDA261005C00252500%2CNVDA261005C00255000%2CNVDA261005C00260000%2CNVDA261005C00265000%2CNVDA261005C00270000%2CNVDA261005C00275000%2CNVDA261005C00280000%2CNVDA261005C00285000%2CNVDA261005C00290000%2CNVDA261005C00295000%2CNVDA261005P00115000&greeks=true'
For more information check: https://developer.mozilla.org/en-US/docs/Web/HTTP/Status/401
2026-10-02T10:01:30 | WARNING  | app.scanning.alpaca_confirmer | AlpacaConfirmer: cannot fetch chain for MARA 2026-10-09: Client error '401 Unauthorized' for url 'https://api.tradier.com/v1/markets/quotes?symbols=MARA261009C00004000%2CMARA261009C00005000%2CMARA261009C00006000%2CMARA261009C00006500%2CMARA261009C00007000%2CMARA261009C00007500%2CMARA261009C00008000%2CMARA261009C00008500%2CMARA261009C00009000%2CMARA261009C00009500%2CMARA261009C00010000%2CMARA261009C00010500%2CMARA261009C00011000%2CMARA261009C00011500%2CMARA261009C00012000%2CMARA261009C00012500%2CMARA261009C00013000%2CMARA261009C00013500%2CMARA261009C00014000%2CMARA261009C00014500%2CMARA261009C00015000%2CMARA261009C00015500%2CMARA261009C00016000%2CMARA261009C00016500%2CMARA261009C00017000%2CMARA261009C00017500%2CMARA261009C00018000%2CMARA261009C00019000%2CMARA261009C00020000%2CMARA261009C00021000%2CMARA261009C00022000%2CMARA261009C00023000%2CMARA261009P00004000%2CMARA261009P00005000%2CMARA261009P00006000%2CMARA261009P00006500%2CMARA261009P00007000%2CMARA261009P00007500%2CMARA261009P00008000%2CMARA261009P00008500%2CMARA261009P00009000%2CMARA261009P00009500%2CMARA261009P00010000%2CMARA261009P00010500%2CMARA261009P00011000%2CMARA261009P00011500%2CMARA261009P00012000%2CMARA261009P00012500%2CMARA261009P00013000%2CMARA261009P00013500&greeks=true'
For more information check: https://developer.mozilla.org/en-US/docs/Web/HTTP/Status/401
2026-10-02T10:01:31 | WARNING  | app.scanning.alpaca_confirmer | AlpacaConfirmer: cannot fetch chain for SOFI 2026-10-09: Client error '401 Unauthorized' for url 'https://api.tradier.com/v1/markets/quotes?symbols=SOFI261009C00005000%2CSOFI261009C00009000%2CSOFI261009C00010000%2CSOFI261009C00011000%2CSOFI261009C00011500%2CSOFI261009C00012000%2CSOFI261009C00012500%2CSOFI261009C00013000%2CSOFI261009C00013500%2CSOFI261009C00014000%2CSOFI261009C00014500%2CSOFI261009C00015000%2CSOFI261009C00015500%2CSOFI261009C00016000%2CSOFI261009C00016500%2CSOFI261009C00017000%2CSOFI261009C00017500%2CSOFI261009C00018000%2CSOFI261009C00018500%2CSOFI261009C00019000%2CSOFI261009C00019500%2CSOFI261009C00020000%2CSOFI261009C00020500%2CSOFI261009C00021000%2CSOFI261009C00021500%2CSOFI261009C00022000%2CSOFI261009C00022500%2CSOFI261009C00023000%2CSOFI261009C00023500%2CSOFI261009C00024000%2CSOFI261009C00025000%2CSOFI261009C00030000%2CSOFI261009P00005000%2CSOFI261009P00009000%2CSOFI261009P00010000%2CSOFI261009P00011000%2CSOFI261009P00011500%2CSOFI261009P00012000%2CSOFI261009P00012500%2CSOFI261009P00013000%2CSOFI261009P00013500%2CSOFI261009P00014000%2CSOFI261009P00014500%2CSOFI261009P00015000%2CSOFI261009P00015500%2CSOFI261009P00016000%2CSOFI261009P00016500%2CSOFI261009P00017000%2CSOFI261009P00017500%2CSOFI261009P00018000&greeks=true'
For more information check: https://developer.mozilla.org/en-US/docs/Web/HTTP/Status/401
2026-10-02T10:01:31 | WARNING  | app.scanning.alpaca_confirmer | AlpacaConfirmer: cannot fetch chain for XLE 2026-10-05: Client error '401 Unauthorized' for url 'https://api.tradier.com/v1/markets/quotes?symbols=XLE261005C00048000%2CXLE261005C00049000%2CXLE261005C00050000%2CXLE261005C00051000%2CXLE261005C00052000%2CXLE261005C00053000%2CXLE261005C00054000%2CXLE261005C00055000%2CXLE261005C00056000%2CXLE261005C00057000%2CXLE261005C00058000%2CXLE261005C00059000%2CXLE261005C00060000%2CXLE261005C00061000%2CXLE261005C00062000%2CXLE261005C00063000%2CXLE261005C00064000%2CXLE261005C00065000%2CXLE261005C00066000%2CXLE261005C00067000%2CXLE261005C00068000%2CXLE261005C00069000%2CXLE261005C00070000%2CXLE261005C00071000%2CXLE261005C00072000%2CXLE261005C00073000%2CXLE261005C00074000%2CXLE261005C00075000%2CXLE261005C00076000%2CXLE261005C00077000%2CXLE261005C00078000%2CXLE261005C00079000%2CXLE261005P00048000%2CXLE261005P00049000%2CXLE261005P00050000%2CXLE261005P00051000%2CXLE261005P00052000%2CXLE261005P00053000%2CXLE261005P00054000%2CXLE261005P00055000%2CXLE261005P00056000%2CXLE261005P00057000%2CXLE261005P00058000%2CXLE261005P00059000%2CXLE261005P00060000%2CXLE261005P00061000%2CXLE261005P00062000%2CXLE261005P00063000%2CXLE261005P00064000%2CXLE261005P00065000&greeks=true'
For more information check: https://developer.mozilla.org/en-US/docs/Web/HTTP/Status/401
2026-10-02T10:01:31 | WARNING  | app.scanning.alpaca_confirmer | AlpacaConfirmer: cannot fetch chain for RIVN 2026-10-09: Client error '401 Unauthorized' for url 'https://api.tradier.com/v1/markets/quotes?symbols=RIVN261009C00005000%2CRIVN261009C00009000%2CRIVN261009C00010000%2CRIVN261009C00010500%2CRIVN261009C00011000%2CRIVN261009C00011500%2CRIVN261009C00012000%2CRIVN261009C00012500%2CRIVN261009C00013000%2CRIVN261009C00013500%2CRIVN261009C00014000%2CRIVN261009C00014500%2CRIVN261009C00015000%2CRIVN261009C00015500%2CRIVN261009C00016000%2CRIVN261009C00016500%2CRIVN261009C00017000%2CRIVN261009C00017500%2CRIVN261009C00018000%2CRIVN261009C00018500%2CRIVN261009C00019000%2CRIVN261009C00019500%2CRIVN261009C00020000%2CRIVN261009C00020500%2CRIVN261009C00021000%2CRIVN261009C00021500%2CRIVN261009C00022000%2CRIVN261009C00023000%2CRIVN261009C00024000%2CRIVN261009C00025000%2CRIVN261009C00030000%2CRIVN261009P00005000%2CRIVN261009P00009000%2CRIVN261009P00010000%2CRIVN261009P00010500%2CRIVN261009P00011000%2CRIVN261009P00011500%2CRIVN261009P00012000%2CRIVN261009P00012500%2CRIVN261009P00013000%2CRIVN261009P00013500%2CRIVN261009P00014000%2CRIVN261009P00014500%2CRIVN261009P00015000%2CRIVN261009P00015500%2CRIVN261009P00016000%2CRIVN261009P00016500%2CRIVN261009P00017000%2CRIVN261009P00017500%2CRIVN261009P00018000&greeks=true'
For more information check: https://developer.mozilla.org/en-US/docs/Web/HTTP/Status/401
2026-10-02T10:01:31 | WARNING  | app.scanning.alpaca_confirmer | AlpacaConfirmer: cannot fetch chain for IWM 2026-10-05: Client error '401 Unauthorized' for url 'https://api.tradier.com/v1/markets/quotes?symbols=IWM261005C00180000%2CIWM261005C00190000%2CIWM261005C00200000%2CIWM261005C00205000%2CIWM261005C00210000%2CIWM261005C00215000%2CIWM261005C00220000%2CIWM261005C00225000%2CIWM261005C00230000%2CIWM261005C00235000%2CIWM261005C00240000%2CIWM261005C00245000%2CIWM261005C00250000%2CIWM261005C00255000%2CIWM261005C00260000%2CIWM261005C00261000%2CIWM261005C00262000%2CIWM261005C00263000%2CIWM261005C00264000%2CIWM261005C00265000%2CIWM261005C00266000%2CIWM261005C00267000%2CIWM261005C00268000%2CIWM261005C00269000%2CIWM261005C00270000%2CIWM261005C00271000%2CIWM261005C00272000%2CIWM261005C00273000%2CIWM261005C00274000%2CIWM261005C00275000%2CIWM261005C00276000%2CIWM261005C00277000%2CIWM261005C00278000%2CIWM261005C00279000%2CIWM261005C00280000%2CIWM261005C00281000%2CIWM261005C00282000%2CIWM261005C00283000%2CIWM261005C00284000%2CIWM261005C00285000%2CIWM261005C00286000%2CIWM261005C00287000%2CIWM261005C00288000%2CIWM261005C00289000%2CIWM261005C00290000%2CIWM261005C00291000%2CIWM261005C00292000%2CIWM261005C00293000%2CIWM261005C00294000%2CIWM261005C00295000&greeks=true'
For more information check: https://developer.mozilla.org/en-US/docs/Web/HTTP/Status/401
2026-10-02T10:01:31 | INFO     | session_runner | AlpacaConfirmer: 0 confirmed symbols: []
2026-10-02T10:01:31 | WARNING  | session_runner | Re-scan returned no confirmed symbols — falling back to ['SPY']
2026-10-02T10:01:31 | INFO     | session_runner | Broad-market regime | SPY=neutral
2026-10-02T10:01:31 | INFO     | session_runner | [bridge:SPY] rsi_trend ready: sufficient bars
2026-10-02T10:01:31 | INFO     | session_runner | Stale signal: SPY/vwap_reclaim age=86 min > max 10 min — skipped
2026-10-02T10:02:01 | INFO     | session_runner | [cycle 62] 10:02:01 ET | positions=0 | entries=0
2026-10-02T10:02:02 | INFO     | session_runner | [bridge:SPY] rsi_trend ready: sufficient bars
2026-10-02T10:02:02 | INFO     | session_runner | Stale signal: SPY/vwap_reclaim age=87 min > max 10 min — skipped
2026-10-02T10:02:32 | INFO     | session_runner | [cycle 63] 10:02:32 ET | positions=0 | entries=0
2026-10-02T10:02:32 | INFO     | session_runner | [bridge:SPY] rsi_trend ready: sufficient bars
2026-10-02T10:02:32 | INFO     | session_runner | Stale signal: SPY/vwap_reclaim age=88 min > max 10 min — skipped
2026-10-02T10:03:02 | INFO     | session_runner | [cycle 64] 10:03:02 ET | positions=0 | entries=0
2026-10-02T10:03:02 | INFO     | session_runner | [bridge:SPY] rsi_trend ready: sufficient bars
2026-10-02T10:03:02 | INFO     | session_runner | Stale signal: SPY/vwap_reclaim age=88 min > max 10 min — skipped
2026-10-02T10:03:32 | INFO     | session_runner | [cycle 65] 10:03:32 ET | positions=0 | entries=0
2026-10-02T10:03:33 | INFO     | session_runner | [bridge:SPY] rsi_trend ready: sufficient bars
2026-10-02T10:03:33 | INFO     | session_runner | Stale signal: SPY/vwap_reclaim age=89 min > max 10 min — skipped
2026-10-02T10:04:03 | INFO     | session_runner | [cycle 66] 10:04:03 ET | positions=0 | entries=0
2026-10-02T10:04:03 | INFO     | session_runner | [bridge:SPY] rsi_trend ready: sufficient bars
2026-10-02T10:04:03 | INFO     | session_runner | Stale signal: SPY/vwap_reclaim age=89 min > max 10 min — skipped
2026-10-02T10:04:33 | INFO     | session_runner | [cycle 67] 10:04:33 ET | positions=0 | entries=0
2026-10-02T10:04:34 | INFO     | session_runner | [bridge:SPY] rsi_trend ready: sufficient bars
2026-10-02T10:04:34 | INFO     | session_runner | Stale signal: SPY/vwap_reclaim age=90 min > max 10 min — skipped
2026-10-02T10:05:04 | INFO     | session_runner | [cycle 68] 10:05:04 ET | positions=0 | entries=0
2026-10-02T10:05:04 | INFO     | session_runner | [bridge:SPY] rsi_trend ready: sufficient bars
2026-10-02T10:05:04 | INFO     | session_runner | Stale signal: SPY/vwap_reclaim age=90 min > max 10 min — skipped
2026-10-02T10:05:34 | INFO     | session_runner | [cycle 69] 10:05:34 ET | positions=0 | entries=0
2026-10-02T10:05:34 | INFO     | session_runner | [bridge:SPY] rsi_trend ready: sufficient bars
2026-10-02T10:05:34 | INFO     | session_runner | Stale signal: SPY/vwap_reclaim age=91 min > max 10 min — skipped
2026-10-02T10:06:04 | INFO     | session_runner | [cycle 70] 10:06:04 ET | positions=0 | entries=0
2026-10-02T10:06:05 | INFO     | session_runner | [bridge:SPY] rsi_trend ready: sufficient bars
2026-10-02T10:06:05 | INFO     | session_runner | Stale signal: SPY/vwap_reclaim age=91 min > max 10 min — skipped
2026-10-02T10:06:35 | INFO     | session_runner | [cycle 71] 10:06:35 ET | positions=0 | entries=0
2026-10-02T10:06:35 | INFO     | session_runner | Periodic universe re-scan …
2026-10-02T10:06:35 | INFO     | app.scanning.universe_loader | UniverseLoader: loaded 5 groups (13 flat symbols) from config/ticker_universe.yaml (blacklist=0)
2026-10-02T10:06:35 | INFO     | app.scanning.universe_loader | UniverseLoader: 38 symbols from 4 group(s) (blacklist=0)
2026-10-02T10:06:35 | INFO     | session_runner | Universe scan: 38 symbols from 4 group(s) | max_active=6
2026-10-02T10:06:40 | INFO     | session_runner | Scan: 23 passed, 15 rejected
2026-10-02T10:06:40 | INFO     | session_runner |   AVGO    score=87.0  signal=LONG     reasons: rvol=2.60x (high), atr=2.78% (wide-range), orb_breakout
2026-10-02T10:06:40 | INFO     | session_runner |   AMD     score=85.0  signal=LONG     reasons: rvol=2.05x (high), atr=3.61% (wide-range), orb_breakout
2026-10-02T10:06:40 | INFO     | session_runner |   RIVN    score=85.0  signal=SHORT    reasons: rvol=7.16x (high), atr=4.90% (wide-range), orb_breakdown
2026-10-02T10:06:40 | INFO     | session_runner |   TSLA    score=83.0  signal=LONG     reasons: rvol=4.42x (high), atr=3.12% (wide-range), near_orb_level
2026-10-02T10:06:40 | INFO     | session_runner |   GOOGL   score=82.0  signal=LONG     reasons: rvol=1.79x (elevated), atr=2.64% (wide-range), orb_breakout
2026-10-02T10:06:41 | WARNING  | app.scanning.alpaca_confirmer | AlpacaConfirmer: cannot fetch chain for TSLA 2026-10-05: Client error '401 Unauthorized' for url 'https://api.tradier.com/v1/markets/quotes?symbols=TSLA261005C00250000%2CTSLA261005C00255000%2CTSLA261005C00260000%2CTSLA261005C00265000%2CTSLA261005C00270000%2CTSLA261005C00275000%2CTSLA261005C00280000%2CTSLA261005C00285000%2CTSLA261005C00290000%2CTSLA261005C00295000%2CTSLA261005C00300000%2CTSLA261005C00305000%2CTSLA261005C00310000%2CTSLA261005C00315000%2CTSLA261005C00317500%2CTSLA261005C00320000%2CTSLA261005C00322500%2CTSLA261005C00325000%2CTSLA261005C00327500%2CTSLA261005C00330000%2CTSLA261005C00332500%2CTSLA261005C00335000%2CTSLA261005C00337500%2CTSLA261005C00340000%2CTSLA261005C00342500%2CTSLA261005C00345000%2CTSLA261005C00347500%2CTSLA261005C00350000%2CTSLA261005C00352500%2CTSLA261005C00355000%2CTSLA261005C00357500%2CTSLA261005C00360000%2CTSLA261005C00362500%2CTSLA261005C00365000%2CTSLA261005C00367500%2CTSLA261005C00370000%2CTSLA261005C00372500%2CTSLA261005C00375000%2CTSLA261005C00377500%2CTSLA261005C00380000%2CTSLA261005C00382500%2CTSLA261005C00385000%2CTSLA261005C00387500%2CTSLA261005C00390000%2CTSLA261005C00392500%2CTSLA261005C00395000%2CTSLA261005C00397500%2CTSLA261005C00400000%2CTSLA261005C00402500%2CTSLA261005C00405000&greeks=true'
For more information check: https://developer.mozilla.org/en-US/docs/Web/HTTP/Status/401
2026-10-02T10:06:41 | WARNING  | app.scanning.alpaca_confirmer | AlpacaConfirmer: cannot fetch chain for MARA 2026-10-09: Client error '401 Unauthorized' for url 'https://api.tradier.com/v1/markets/quotes?symbols=MARA261009C00004000%2CMARA261009C00005000%2CMARA261009C00006000%2CMARA261009C00006500%2CMARA261009C00007000%2CMARA261009C00007500%2CMARA261009C00008000%2CMARA261009C00008500%2CMARA261009C00009000%2CMARA261009C00009500%2CMARA261009C00010000%2CMARA261009C00010500%2CMARA261009C00011000%2CMARA261009C00011500%2CMARA261009C00012000%2CMARA261009C00012500%2CMARA261009C00013000%2CMARA261009C00013500%2CMARA261009C00014000%2CMARA261009C00014500%2CMARA261009C00015000%2CMARA261009C00015500%2CMARA261009C00016000%2CMARA261009C00016500%2CMARA261009C00017000%2CMARA261009C00017500%2CMARA261009C00018000%2CMARA261009C00019000%2CMARA261009C00020000%2CMARA261009C00021000%2CMARA261009C00022000%2CMARA261009C00023000%2CMARA261009P00004000%2CMARA261009P00005000%2CMARA261009P00006000%2CMARA261009P00006500%2CMARA261009P00007000%2CMARA261009P00007500%2CMARA261009P00008000%2CMARA261009P00008500%2CMARA261009P00009000%2CMARA261009P00009500%2CMARA261009P00010000%2CMARA261009P00010500%2CMARA261009P00011000%2CMARA261009P00011500%2CMARA261009P00012000%2CMARA261009P00012500%2CMARA261009P00013000%2CMARA261009P00013500&greeks=true'
For more information check: https://developer.mozilla.org/en-US/docs/Web/HTTP/Status/401
2026-10-02T10:06:41 | WARNING  | app.scanning.alpaca_confirmer | AlpacaConfirmer: cannot fetch chain for RIOT 2026-10-09: Client error '401 Unauthorized' for url 'https://api.tradier.com/v1/markets/quotes?symbols=RIOT261009C00008000%2CRIOT261009C00009000%2CRIOT261009C00010000%2CRIOT261009C00011000%2CRIOT261009C00012000%2CRIOT261009C00013000%2CRIOT261009C00014000%2CRIOT261009C00015000%2CRIOT261009C00016000%2CRIOT261009C00017000%2CRIOT261009C00017500%2CRIOT261009C00018000%2CRIOT261009C00018500%2CRIOT261009C00019000%2CRIOT261009C00019500%2CRIOT261009C00020000%2CRIOT261009C00020500%2CRIOT261009C00021000%2CRIOT261009C00021500%2CRIOT261009C00022000%2CRIOT261009C00022500%2CRIOT261009C00023000%2CRIOT261009C00023500%2CRIOT261009C00024000%2CRIOT261009C00024500%2CRIOT261009C00025000%2CRIOT261009C00025500%2CRIOT261009C00026000%2CRIOT261009C00026500%2CRIOT261009C00027000%2CRIOT261009C00027500%2CRIOT261009C00028000%2CRIOT261009C00028500%2CRIOT261009C00029000%2CRIOT261009C00029500%2CRIOT261009C00030000%2CRIOT261009C00031000%2CRIOT261009C00032000%2CRIOT261009C00033000%2CRIOT261009C00034000%2CRIOT261009C00035000%2CRIOT261009P00008000%2CRIOT261009P00009000%2CRIOT261009P00010000%2CRIOT261009P00011000%2CRIOT261009P00012000%2CRIOT261009P00013000%2CRIOT261009P00014000%2CRIOT261009P00015000%2CRIOT261009P00016000&greeks=true'
For more information check: https://developer.mozilla.org/en-US/docs/Web/HTTP/Status/401
2026-10-02T10:06:41 | WARNING  | app.scanning.alpaca_confirmer | AlpacaConfirmer: cannot fetch chain for AMD 2026-10-05: Client error '401 Unauthorized' for url 'https://api.tradier.com/v1/markets/quotes?symbols=AMD261005C00310000%2CAMD261005C00315000%2CAMD261005C00320000%2CAMD261005C00325000%2CAMD261005C00330000%2CAMD261005C00335000%2CAMD261005C00340000%2CAMD261005C00345000%2CAMD261005C00350000%2CAMD261005C00355000%2CAMD261005C00360000%2CAMD261005C00365000%2CAMD261005C00370000%2CAMD261005C00375000%2CAMD261005C00380000%2CAMD261005C00385000%2CAMD261005C00390000%2CAMD261005C00395000%2CAMD261005C00400000%2CAMD261005C00405000%2CAMD261005C00410000%2CAMD261005C00415000%2CAMD261005C00420000%2CAMD261005C00425000%2CAMD261005C00430000%2CAMD261005C00435000%2CAMD261005C00440000%2CAMD261005C00445000%2CAMD261005C00450000%2CAMD261005C00455000%2CAMD261005C00460000%2CAMD261005C00465000%2CAMD261005C00470000%2CAMD261005C00475000%2CAMD261005C00480000%2CAMD261005C00485000%2CAMD261005C00490000%2CAMD261005C00495000%2CAMD261005C00500000%2CAMD261005C00505000%2CAMD261005C00507500%2CAMD261005C00510000%2CAMD261005C00512500%2CAMD261005C00515000%2CAMD261005C00517500%2CAMD261005C00520000%2CAMD261005C00522500%2CAMD261005C00525000%2CAMD261005C00527500%2CAMD261005C00530000&greeks=true'
For more information check: https://developer.mozilla.org/en-US/docs/Web/HTTP/Status/401
2026-10-02T10:06:41 | WARNING  | app.scanning.alpaca_confirmer | AlpacaConfirmer: cannot fetch chain for SPY 2026-10-05: Client error '401 Unauthorized' for url 'https://api.tradier.com/v1/markets/quotes?symbols=SPY261005C00550000%2CSPY261005C00555000%2CSPY261005C00560000%2CSPY261005C00565000%2CSPY261005C00570000%2CSPY261005C00575000%2CSPY261005C00580000%2CSPY261005C00585000%2CSPY261005C00590000%2CSPY261005C00595000%2CSPY261005C00600000%2CSPY261005C00605000%2CSPY261005C00610000%2CSPY261005C00615000%2CSPY261005C00620000%2CSPY261005C00625000%2CSPY261005C00630000%2CSPY261005C00635000%2CSPY261005C00640000%2CSPY261005C00645000%2CSPY261005C00650000%2CSPY261005C00655000%2CSPY261005C00660000%2CSPY261005C00665000%2CSPY261005C00670000%2CSPY261005C00675000%2CSPY261005C00680000%2CSPY261005C00685000%2CSPY261005C00690000%2CSPY261005C00695000%2CSPY261005C00700000%2CSPY261005C00705000%2CSPY261005C00710000%2CSPY261005C00715000%2CSPY261005C00720000%2CSPY261005C00723000%2CSPY261005C00724000%2CSPY261005C00725000%2CSPY261005C00726000%2CSPY261005C00727000%2CSPY261005C00728000%2CSPY261005C00729000%2CSPY261005C00730000%2CSPY261005C00731000%2CSPY261005C00732000%2CSPY261005C00733000%2CSPY261005C00734000%2CSPY261005C00735000%2CSPY261005C00736000%2CSPY261005C00737000&greeks=true'
For more information check: https://developer.mozilla.org/en-US/docs/Web/HTTP/Status/401
2026-10-02T10:06:41 | WARNING  | app.scanning.alpaca_confirmer | AlpacaConfirmer: cannot fetch chain for NVDA 2026-10-05: Client error '401 Unauthorized' for url 'https://api.tradier.com/v1/markets/quotes?symbols=NVDA261005C00115000%2CNVDA261005C00120000%2CNVDA261005C00125000%2CNVDA261005C00130000%2CNVDA261005C00135000%2CNVDA261005C00140000%2CNVDA261005C00145000%2CNVDA261005C00150000%2CNVDA261005C00155000%2CNVDA261005C00160000%2CNVDA261005C00165000%2CNVDA261005C00170000%2CNVDA261005C00175000%2CNVDA261005C00180000%2CNVDA261005C00185000%2CNVDA261005C00190000%2CNVDA261005C00195000%2CNVDA261005C00197500%2CNVDA261005C00200000%2CNVDA261005C00202500%2CNVDA261005C00205000%2CNVDA261005C00207500%2CNVDA261005C00210000%2CNVDA261005C00212500%2CNVDA261005C00215000%2CNVDA261005C00217500%2CNVDA261005C00220000%2CNVDA261005C00222500%2CNVDA261005C00225000%2CNVDA261005C00227500%2CNVDA261005C00230000%2CNVDA261005C00232500%2CNVDA261005C00235000%2CNVDA261005C00237500%2CNVDA261005C00240000%2CNVDA261005C00242500%2CNVDA261005C00245000%2CNVDA261005C00247500%2CNVDA261005C00250000%2CNVDA261005C00252500%2CNVDA261005C00255000%2CNVDA261005C00260000%2CNVDA261005C00265000%2CNVDA261005C00270000%2CNVDA261005C00275000%2CNVDA261005C00280000%2CNVDA261005C00285000%2CNVDA261005C00290000%2CNVDA261005C00295000%2CNVDA261005P00115000&greeks=true'
For more information check: https://developer.mozilla.org/en-US/docs/Web/HTTP/Status/401
2026-10-02T10:06:41 | WARNING  | app.scanning.alpaca_confirmer | AlpacaConfirmer: cannot fetch chain for RIVN 2026-10-09: Client error '401 Unauthorized' for url 'https://api.tradier.com/v1/markets/quotes?symbols=RIVN261009C00005000%2CRIVN261009C00009000%2CRIVN261009C00010000%2CRIVN261009C00010500%2CRIVN261009C00011000%2CRIVN261009C00011500%2CRIVN261009C00012000%2CRIVN261009C00012500%2CRIVN261009C00013000%2CRIVN261009C00013500%2CRIVN261009C00014000%2CRIVN261009C00014500%2CRIVN261009C00015000%2CRIVN261009C00015500%2CRIVN261009C00016000%2CRIVN261009C00016500%2CRIVN261009C00017000%2CRIVN261009C00017500%2CRIVN261009C00018000%2CRIVN261009C00018500%2CRIVN261009C00019000%2CRIVN261009C00019500%2CRIVN261009C00020000%2CRIVN261009C00020500%2CRIVN261009C00021000%2CRIVN261009C00021500%2CRIVN261009C00022000%2CRIVN261009C00023000%2CRIVN261009C00024000%2CRIVN261009C00025000%2CRIVN261009C00030000%2CRIVN261009P00005000%2CRIVN261009P00009000%2CRIVN261009P00010000%2CRIVN261009P00010500%2CRIVN261009P00011000%2CRIVN261009P00011500%2CRIVN261009P00012000%2CRIVN261009P00012500%2CRIVN261009P00013000%2CRIVN261009P00013500%2CRIVN261009P00014000%2CRIVN261009P00014500%2CRIVN261009P00015000%2CRIVN261009P00015500%2CRIVN261009P00016000%2CRIVN261009P00016500%2CRIVN261009P00017000%2CRIVN261009P00017500%2CRIVN261009P00018000&greeks=true'
For more information check: https://developer.mozilla.org/en-US/docs/Web/HTTP/Status/401
2026-10-02T10:06:41 | WARNING  | app.scanning.alpaca_confirmer | AlpacaConfirmer: cannot fetch chain for HOOD 2026-10-09: Client error '401 Unauthorized' for url 'https://api.tradier.com/v1/markets/quotes?symbols=HOOD261009C00025000%2CHOOD261009C00030000%2CHOOD261009C00035000%2CHOOD261009C00040000%2CHOOD261009C00045000%2CHOOD261009C00050000%2CHOOD261009C00055000%2CHOOD261009C00060000%2CHOOD261009C00065000%2CHOOD261009C00070000%2CHOOD261009C00075000%2CHOOD261009C00080000%2CHOOD261009C00085000%2CHOOD261009C00090000%2CHOOD261009C00091000%2CHOOD261009C00092000%2CHOOD261009C00093000%2CHOOD261009C00094000%2CHOOD261009C00095000%2CHOOD261009C00096000%2CHOOD261009C00097000%2CHOOD261009C00098000%2CHOOD261009C00099000%2CHOOD261009C00100000%2CHOOD261009C00101000%2CHOOD261009C00102000%2CHOOD261009C00103000%2CHOOD261009C00104000%2CHOOD261009C00105000%2CHOOD261009C00106000%2CHOOD261009C00107000%2CHOOD261009C00108000%2CHOOD261009C00109000%2CHOOD261009C00110000%2CHOOD261009C00111000%2CHOOD261009C00112000%2CHOOD261009C00113000%2CHOOD261009C00114000%2CHOOD261009C00115000%2CHOOD261009C00116000%2CHOOD261009C00117000%2CHOOD261009C00118000%2CHOOD261009C00119000%2CHOOD261009C00120000%2CHOOD261009C00121000%2CHOOD261009C00122000%2CHOOD261009C00123000%2CHOOD261009C00124000%2CHOOD261009C00125000%2CHOOD261009C00126000&greeks=true'
For more information check: https://developer.mozilla.org/en-US/docs/Web/HTTP/Status/401
2026-10-02T10:06:41 | WARNING  | app.scanning.alpaca_confirmer | AlpacaConfirmer: cannot fetch chain for GOOGL 2026-10-05: Client error '401 Unauthorized' for url 'https://api.tradier.com/v1/markets/quotes?symbols=GOOGL261005C00265000%2CGOOGL261005C00270000%2CGOOGL261005C00275000%2CGOOGL261005C00280000%2CGOOGL261005C00285000%2CGOOGL261005C00290000%2CGOOGL261005C00295000%2CGOOGL261005C00300000%2CGOOGL261005C00305000%2CGOOGL261005C00307500%2CGOOGL261005C00310000%2CGOOGL261005C00312500%2CGOOGL261005C00315000%2CGOOGL261005C00317500%2CGOOGL261005C00320000%2CGOOGL261005C00322500%2CGOOGL261005C00325000%2CGOOGL261005C00327500%2CGOOGL261005C00330000%2CGOOGL261005C00332500%2CGOOGL261005C00335000%2CGOOGL261005C00337500%2CGOOGL261005C00340000%2CGOOGL261005C00342500%2CGOOGL261005C00345000%2CGOOGL261005C00347500%2CGOOGL261005C00350000%2CGOOGL261005C00352500%2CGOOGL261005C00355000%2CGOOGL261005C00357500%2CGOOGL261005C00360000%2CGOOGL261005C00362500%2CGOOGL261005C00365000%2CGOOGL261005C00367500%2CGOOGL261005C00370000%2CGOOGL261005C00372500%2CGOOGL261005C00375000%2CGOOGL261005C00377500%2CGOOGL261005C00380000%2CGOOGL261005C00382500%2CGOOGL261005C00385000%2CGOOGL261005C00387500%2CGOOGL261005C00390000%2CGOOGL261005C00392500%2CGOOGL261005C00395000%2CGOOGL261005C00397500%2CGOOGL261005C00400000%2CGOOGL261005C00402500%2CGOOGL261005C00405000%2CGOOGL261005C00407500&greeks=true'
For more information check: https://developer.mozilla.org/en-US/docs/Web/HTTP/Status/401
2026-10-02T10:06:41 | WARNING  | app.scanning.alpaca_confirmer | AlpacaConfirmer: cannot fetch chain for AVGO 2026-10-05: Client error '401 Unauthorized' for url 'https://api.tradier.com/v1/markets/quotes?symbols=AVGO261005C00285000%2CAVGO261005C00290000%2CAVGO261005C00295000%2CAVGO261005C00300000%2CAVGO261005C00305000%2CAVGO261005C00310000%2CAVGO261005C00315000%2CAVGO261005C00317500%2CAVGO261005C00320000%2CAVGO261005C00322500%2CAVGO261005C00325000%2CAVGO261005C00327500%2CAVGO261005C00330000%2CAVGO261005C00332500%2CAVGO261005C00335000%2CAVGO261005C00337500%2CAVGO261005C00340000%2CAVGO261005C00342500%2CAVGO261005C00345000%2CAVGO261005C00347500%2CAVGO261005C00350000%2CAVGO261005C00352500%2CAVGO261005C00355000%2CAVGO261005C00357500%2CAVGO261005C00360000%2CAVGO261005C00362500%2CAVGO261005C00365000%2CAVGO261005C00367500%2CAVGO261005C00370000%2CAVGO261005C00372500%2CAVGO261005C00375000%2CAVGO261005C00377500%2CAVGO261005C00380000%2CAVGO261005C00382500%2CAVGO261005C00385000%2CAVGO261005C00387500%2CAVGO261005C00390000%2CAVGO261005C00392500%2CAVGO261005C00395000%2CAVGO261005C00397500%2CAVGO261005C00400000%2CAVGO261005C00402500%2CAVGO261005C00405000%2CAVGO261005C00407500%2CAVGO261005C00410000%2CAVGO261005C00412500%2CAVGO261005C00415000%2CAVGO261005C00417500%2CAVGO261005C00420000%2CAVGO261005C00422500&greeks=true'
For more information check: https://developer.mozilla.org/en-US/docs/Web/HTTP/Status/401
2026-10-02T10:06:41 | WARNING  | app.scanning.alpaca_confirmer | AlpacaConfirmer: cannot fetch chain for SOFI 2026-10-09: Client error '401 Unauthorized' for url 'https://api.tradier.com/v1/markets/quotes?symbols=SOFI261009C00005000%2CSOFI261009C00009000%2CSOFI261009C00010000%2CSOFI261009C00011000%2CSOFI261009C00011500%2CSOFI261009C00012000%2CSOFI261009C00012500%2CSOFI261009C00013000%2CSOFI261009C00013500%2CSOFI261009C00014000%2CSOFI261009C00014500%2CSOFI261009C00015000%2CSOFI261009C00015500%2CSOFI261009C00016000%2CSOFI261009C00016500%2CSOFI261009C00017000%2CSOFI261009C00017500%2CSOFI261009C00018000%2CSOFI261009C00018500%2CSOFI261009C00019000%2CSOFI261009C00019500%2CSOFI261009C00020000%2CSOFI261009C00020500%2CSOFI261009C00021000%2CSOFI261009C00021500%2CSOFI261009C00022000%2CSOFI261009C00022500%2CSOFI261009C00023000%2CSOFI261009C00023500%2CSOFI261009C00024000%2CSOFI261009C00025000%2CSOFI261009C00030000%2CSOFI261009P00005000%2CSOFI261009P00009000%2CSOFI261009P00010000%2CSOFI261009P00011000%2CSOFI261009P00011500%2CSOFI261009P00012000%2CSOFI261009P00012500%2CSOFI261009P00013000%2CSOFI261009P00013500%2CSOFI261009P00014000%2CSOFI261009P00014500%2CSOFI261009P00015000%2CSOFI261009P00015500%2CSOFI261009P00016000%2CSOFI261009P00016500%2CSOFI261009P00017000%2CSOFI261009P00017500%2CSOFI261009P00018000&greeks=true'
For more information check: https://developer.mozilla.org/en-US/docs/Web/HTTP/Status/401
2026-10-02T10:06:41 | WARNING  | app.scanning.alpaca_confirmer | AlpacaConfirmer: cannot fetch chain for LYFT 2026-10-09: Client error '401 Unauthorized' for url 'https://api.tradier.com/v1/markets/quotes?symbols=LYFT261009C00005000%2CLYFT261009C00008000%2CLYFT261009C00009000%2CLYFT261009C00010000%2CLYFT261009C00010500%2CLYFT261009C00011000%2CLYFT261009C00011500%2CLYFT261009C00012000%2CLYFT261009C00012500%2CLYFT261009C00013000%2CLYFT261009C00013500%2CLYFT261009C00014000%2CLYFT261009C00014500%2CLYFT261009C00015000%2CLYFT261009C00015500%2CLYFT261009C00016000%2CLYFT261009C00016500%2CLYFT261009C00017000%2CLYFT261009C00017500%2CLYFT261009C00018000%2CLYFT261009C00018500%2CLYFT261009C00019000%2CLYFT261009C00019500%2CLYFT261009C00020000%2CLYFT261009C00020500%2CLYFT261009C00021000%2CLYFT261009C00021500%2CLYFT261009C00022000%2CLYFT261009C00022500%2CLYFT261009C00023000%2CLYFT261009C00024000%2CLYFT261009C00025000%2CLYFT261009P00005000%2CLYFT261009P00008000%2CLYFT261009P00009000%2CLYFT261009P00010000%2CLYFT261009P00010500%2CLYFT261009P00011000%2CLYFT261009P00011500%2CLYFT261009P00012000%2CLYFT261009P00012500%2CLYFT261009P00013000%2CLYFT261009P00013500%2CLYFT261009P00014000%2CLYFT261009P00014500%2CLYFT261009P00015000%2CLYFT261009P00015500%2CLYFT261009P00016000%2CLYFT261009P00016500%2CLYFT261009P00017000&greeks=true'
For more information check: https://developer.mozilla.org/en-US/docs/Web/HTTP/Status/401
2026-10-02T10:06:41 | INFO     | session_runner | AlpacaConfirmer: 0 confirmed symbols: []
2026-10-02T10:06:41 | WARNING  | session_runner | Re-scan returned no confirmed symbols — falling back to ['SPY']
2026-10-02T10:06:41 | INFO     | session_runner | Broad-market regime | SPY=long
2026-10-02T10:06:41 | INFO     | session_runner | [bridge:SPY] rsi_trend ready: sufficient bars
2026-10-02T10:06:41 | INFO     | session_runner | Stale signal: SPY/vwap_reclaim age=92 min > max 10 min — skipped
2026-10-02T10:07:11 | INFO     | session_runner | [cycle 72] 10:07:11 ET | positions=0 | entries=0
2026-10-02T10:07:11 | INFO     | session_runner | [bridge:SPY] rsi_trend ready: sufficient bars
2026-10-02T10:07:11 | INFO     | session_runner | Stale signal: SPY/vwap_reclaim age=92 min > max 10 min — skipped
2026-10-02T10:07:42 | INFO     | session_runner | [cycle 73] 10:07:42 ET | positions=0 | entries=0
2026-10-02T10:07:42 | INFO     | session_runner | [bridge:SPY] rsi_trend ready: sufficient bars
2026-10-02T10:07:42 | INFO     | session_runner | Stale signal: SPY/vwap_reclaim age=93 min > max 10 min — skipped
2026-10-02T10:08:12 | INFO     | session_runner | [cycle 74] 10:08:12 ET | positions=0 | entries=0
2026-10-02T10:08:12 | INFO     | session_runner | [bridge:SPY] rsi_trend ready: sufficient bars
2026-10-02T10:08:12 | INFO     | session_runner | Stale signal: SPY/vwap_reclaim age=93 min > max 10 min — skipped
2026-10-02T10:08:42 | INFO     | session_runner | [cycle 75] 10:08:42 ET | positions=0 | entries=0
2026-10-02T10:08:42 | INFO     | session_runner | [bridge:SPY] rsi_trend ready: sufficient bars
2026-10-02T10:08:42 | INFO     | session_runner | Stale signal: SPY/vwap_reclaim age=94 min > max 10 min — skipped
2026-10-02T10:09:12 | INFO     | session_runner | [cycle 76] 10:09:12 ET | positions=0 | entries=0
2026-10-02T10:09:13 | INFO     | session_runner | [bridge:SPY] rsi_trend ready: sufficient bars
2026-10-02T10:09:13 | INFO     | session_runner | Stale signal: SPY/vwap_reclaim age=94 min > max 10 min — skipped
2026-10-02T10:09:43 | INFO     | session_runner | [cycle 77] 10:09:43 ET | positions=0 | entries=0
2026-10-02T10:09:43 | INFO     | session_runner | [bridge:SPY] rsi_trend ready: sufficient bars
2026-10-02T10:09:43 | INFO     | session_runner | Stale signal: SPY/vwap_reclaim age=95 min > max 10 min — skipped
2026-10-02T10:10:13 | INFO     | session_runner | [cycle 78] 10:10:13 ET | positions=0 | entries=0
2026-10-02T10:10:13 | INFO     | session_runner | [bridge:SPY] rsi_trend ready: sufficient bars
2026-10-02T10:10:13 | INFO     | session_runner | Stale signal: SPY/vwap_reclaim age=95 min > max 10 min — skipped
2026-10-02T10:10:43 | INFO     | session_runner | [cycle 79] 10:10:43 ET | positions=0 | entries=0
2026-10-02T10:10:44 | INFO     | session_runner | [bridge:SPY] rsi_trend ready: sufficient bars
2026-10-02T10:10:44 | INFO     | session_runner | Stale signal: SPY/vwap_reclaim age=96 min > max 10 min — skipped
2026-10-02T10:11:14 | INFO     | session_runner | [cycle 80] 10:11:14 ET | positions=0 | entries=0
2026-10-02T10:11:14 | INFO     | session_runner | [bridge:SPY] rsi_trend ready: sufficient bars
2026-10-02T10:11:14 | INFO     | session_runner | Stale signal: SPY/vwap_reclaim age=96 min > max 10 min — skipped
2026-10-02T10:11:44 | INFO     | session_runner | [cycle 81] 10:11:44 ET | positions=0 | entries=0
2026-10-02T10:11:44 | INFO     | app.trading.reconciler | Reconciliation done: broker_pos=0 local_pos=0 broker_orders=0 local_pending=0 repaired=0 flagged=0 orders_confirmed=True positions_confirmed=True
2026-10-02T10:11:44 | INFO     | session_runner | Periodic universe re-scan …
2026-10-02T10:11:44 | INFO     | app.scanning.universe_loader | UniverseLoader: loaded 5 groups (13 flat symbols) from config/ticker_universe.yaml (blacklist=0)
2026-10-02T10:11:44 | INFO     | app.scanning.universe_loader | UniverseLoader: 38 symbols from 4 group(s) (blacklist=0)
2026-10-02T10:11:44 | INFO     | session_runner | Universe scan: 38 symbols from 4 group(s) | max_active=6
2026-10-02T10:11:48 | INFO     | session_runner | Scan: 21 passed, 17 rejected
2026-10-02T10:11:48 | INFO     | session_runner |   TSLA    score=95.0  signal=LONG     reasons: rvol=4.14x (high), atr=3.15% (wide-range), orb_breakout
2026-10-02T10:11:48 | INFO     | session_runner |   AVGO    score=87.0  signal=LONG     reasons: rvol=2.49x (high), atr=2.78% (wide-range), orb_breakout
2026-10-02T10:11:48 | INFO     | session_runner |   RIVN    score=85.0  signal=SHORT    reasons: rvol=7.10x (high), atr=4.82% (wide-range), orb_breakdown
2026-10-02T10:11:48 | INFO     | session_runner |   GOOGL   score=82.0  signal=LONG     reasons: rvol=1.88x (elevated), atr=2.64% (wide-range), orb_breakout
2026-10-02T10:11:48 | INFO     | session_runner |   RIOT    score=77.0  signal=LONG     reasons: rvol=1.92x (elevated), atr=6.64% (wide-range), orb_breakout
2026-10-02T10:11:49 | WARNING  | app.scanning.alpaca_confirmer | AlpacaConfirmer: cannot fetch chain for TSLA 2026-10-05: Client error '401 Unauthorized' for url 'https://api.tradier.com/v1/markets/quotes?symbols=TSLA261005C00250000%2CTSLA261005C00255000%2CTSLA261005C00260000%2CTSLA261005C00265000%2CTSLA261005C00270000%2CTSLA261005C00275000%2CTSLA261005C00280000%2CTSLA261005C00285000%2CTSLA261005C00290000%2CTSLA261005C00295000%2CTSLA261005C00300000%2CTSLA261005C00305000%2CTSLA261005C00310000%2CTSLA261005C00315000%2CTSLA261005C00317500%2CTSLA261005C00320000%2CTSLA261005C00322500%2CTSLA261005C00325000%2CTSLA261005C00327500%2CTSLA261005C00330000%2CTSLA261005C00332500%2CTSLA261005C00335000%2CTSLA261005C00337500%2CTSLA261005C00340000%2CTSLA261005C00342500%2CTSLA261005C00345000%2CTSLA261005C00347500%2CTSLA261005C00350000%2CTSLA261005C00352500%2CTSLA261005C00355000%2CTSLA261005C00357500%2CTSLA261005C00360000%2CTSLA261005C00362500%2CTSLA261005C00365000%2CTSLA261005C00367500%2CTSLA261005C00370000%2CTSLA261005C00372500%2CTSLA261005C00375000%2CTSLA261005C00377500%2CTSLA261005C00380000%2CTSLA261005C00382500%2CTSLA261005C00385000%2CTSLA261005C00387500%2CTSLA261005C00390000%2CTSLA261005C00392500%2CTSLA261005C00395000%2CTSLA261005C00397500%2CTSLA261005C00400000%2CTSLA261005C00402500%2CTSLA261005C00405000&greeks=true'
For more information check: https://developer.mozilla.org/en-US/docs/Web/HTTP/Status/401
2026-10-02T10:11:49 | WARNING  | app.scanning.alpaca_confirmer | AlpacaConfirmer: cannot fetch chain for RIOT 2026-10-09: Client error '401 Unauthorized' for url 'https://api.tradier.com/v1/markets/quotes?symbols=RIOT261009C00008000%2CRIOT261009C00009000%2CRIOT261009C00010000%2CRIOT261009C00011000%2CRIOT261009C00012000%2CRIOT261009C00013000%2CRIOT261009C00014000%2CRIOT261009C00015000%2CRIOT261009C00016000%2CRIOT261009C00017000%2CRIOT261009C00017500%2CRIOT261009C00018000%2CRIOT261009C00018500%2CRIOT261009C00019000%2CRIOT261009C00019500%2CRIOT261009C00020000%2CRIOT261009C00020500%2CRIOT261009C00021000%2CRIOT261009C00021500%2CRIOT261009C00022000%2CRIOT261009C00022500%2CRIOT261009C00023000%2CRIOT261009C00023500%2CRIOT261009C00024000%2CRIOT261009C00024500%2CRIOT261009C00025000%2CRIOT261009C00025500%2CRIOT261009C00026000%2CRIOT261009C00026500%2CRIOT261009C00027000%2CRIOT261009C00027500%2CRIOT261009C00028000%2CRIOT261009C00028500%2CRIOT261009C00029000%2CRIOT261009C00029500%2CRIOT261009C00030000%2CRIOT261009C00031000%2CRIOT261009C00032000%2CRIOT261009C00033000%2CRIOT261009C00034000%2CRIOT261009C00035000%2CRIOT261009P00008000%2CRIOT261009P00009000%2CRIOT261009P00010000%2CRIOT261009P00011000%2CRIOT261009P00012000%2CRIOT261009P00013000%2CRIOT261009P00014000%2CRIOT261009P00015000%2CRIOT261009P00016000&greeks=true'
For more information check: https://developer.mozilla.org/en-US/docs/Web/HTTP/Status/401
2026-10-02T10:11:49 | WARNING  | app.scanning.alpaca_confirmer | AlpacaConfirmer: cannot fetch chain for AVGO 2026-10-05: Client error '401 Unauthorized' for url 'https://api.tradier.com/v1/markets/quotes?symbols=AVGO261005C00285000%2CAVGO261005C00290000%2CAVGO261005C00295000%2CAVGO261005C00300000%2CAVGO261005C00305000%2CAVGO261005C00310000%2CAVGO261005C00315000%2CAVGO261005C00317500%2CAVGO261005C00320000%2CAVGO261005C00322500%2CAVGO261005C00325000%2CAVGO261005C00327500%2CAVGO261005C00330000%2CAVGO261005C00332500%2CAVGO261005C00335000%2CAVGO261005C00337500%2CAVGO261005C00340000%2CAVGO261005C00342500%2CAVGO261005C00345000%2CAVGO261005C00347500%2CAVGO261005C00350000%2CAVGO261005C00352500%2CAVGO261005C00355000%2CAVGO261005C00357500%2CAVGO261005C00360000%2CAVGO261005C00362500%2CAVGO261005C00365000%2CAVGO261005C00367500%2CAVGO261005C00370000%2CAVGO261005C00372500%2CAVGO261005C00375000%2CAVGO261005C00377500%2CAVGO261005C00380000%2CAVGO261005C00382500%2CAVGO261005C00385000%2CAVGO261005C00387500%2CAVGO261005C00390000%2CAVGO261005C00392500%2CAVGO261005C00395000%2CAVGO261005C00397500%2CAVGO261005C00400000%2CAVGO261005C00402500%2CAVGO261005C00405000%2CAVGO261005C00407500%2CAVGO261005C00410000%2CAVGO261005C00412500%2CAVGO261005C00415000%2CAVGO261005C00417500%2CAVGO261005C00420000%2CAVGO261005C00422500&greeks=true'
For more information check: https://developer.mozilla.org/en-US/docs/Web/HTTP/Status/401
2026-10-02T10:11:49 | WARNING  | app.scanning.alpaca_confirmer | AlpacaConfirmer: cannot fetch chain for HOOD 2026-10-09: Client error '401 Unauthorized' for url 'https://api.tradier.com/v1/markets/quotes?symbols=HOOD261009C00025000%2CHOOD261009C00030000%2CHOOD261009C00035000%2CHOOD261009C00040000%2CHOOD261009C00045000%2CHOOD261009C00050000%2CHOOD261009C00055000%2CHOOD261009C00060000%2CHOOD261009C00065000%2CHOOD261009C00070000%2CHOOD261009C00075000%2CHOOD261009C00080000%2CHOOD261009C00085000%2CHOOD261009C00090000%2CHOOD261009C00091000%2CHOOD261009C00092000%2CHOOD261009C00093000%2CHOOD261009C00094000%2CHOOD261009C00095000%2CHOOD261009C00096000%2CHOOD261009C00097000%2CHOOD261009C00098000%2CHOOD261009C00099000%2CHOOD261009C00100000%2CHOOD261009C00101000%2CHOOD261009C00102000%2CHOOD261009C00103000%2CHOOD261009C00104000%2CHOOD261009C00105000%2CHOOD261009C00106000%2CHOOD261009C00107000%2CHOOD261009C00108000%2CHOOD261009C00109000%2CHOOD261009C00110000%2CHOOD261009C00111000%2CHOOD261009C00112000%2CHOOD261009C00113000%2CHOOD261009C00114000%2CHOOD261009C00115000%2CHOOD261009C00116000%2CHOOD261009C00117000%2CHOOD261009C00118000%2CHOOD261009C00119000%2CHOOD261009C00120000%2CHOOD261009C00121000%2CHOOD261009C00122000%2CHOOD261009C00123000%2CHOOD261009C00124000%2CHOOD261009C00125000%2CHOOD261009C00126000&greeks=true'
For more information check: https://developer.mozilla.org/en-US/docs/Web/HTTP/Status/401
2026-10-02T10:11:49 | WARNING  | app.scanning.alpaca_confirmer | AlpacaConfirmer: cannot fetch chain for SPY 2026-10-05: Client error '401 Unauthorized' for url 'https://api.tradier.com/v1/markets/quotes?symbols=SPY261005C00550000%2CSPY261005C00555000%2CSPY261005C00560000%2CSPY261005C00565000%2CSPY261005C00570000%2CSPY261005C00575000%2CSPY261005C00580000%2CSPY261005C00585000%2CSPY261005C00590000%2CSPY261005C00595000%2CSPY261005C00600000%2CSPY261005C00605000%2CSPY261005C00610000%2CSPY261005C00615000%2CSPY261005C00620000%2CSPY261005C00625000%2CSPY261005C00630000%2CSPY261005C00635000%2CSPY261005C00640000%2CSPY261005C00645000%2CSPY261005C00650000%2CSPY261005C00655000%2CSPY261005C00660000%2CSPY261005C00665000%2CSPY261005C00670000%2CSPY261005C00675000%2CSPY261005C00680000%2CSPY261005C00685000%2CSPY261005C00690000%2CSPY261005C00695000%2CSPY261005C00700000%2CSPY261005C00705000%2CSPY261005C00710000%2CSPY261005C00715000%2CSPY261005C00720000%2CSPY261005C00723000%2CSPY261005C00724000%2CSPY261005C00725000%2CSPY261005C00726000%2CSPY261005C00727000%2CSPY261005C00728000%2CSPY261005C00729000%2CSPY261005C00730000%2CSPY261005C00731000%2CSPY261005C00732000%2CSPY261005C00733000%2CSPY261005C00734000%2CSPY261005C00735000%2CSPY261005C00736000%2CSPY261005C00737000&greeks=true'
For more information check: https://developer.mozilla.org/en-US/docs/Web/HTTP/Status/401
2026-10-02T10:11:49 | WARNING  | app.scanning.alpaca_confirmer | AlpacaConfirmer: cannot fetch chain for RIVN 2026-10-09: Client error '401 Unauthorized' for url 'https://api.tradier.com/v1/markets/quotes?symbols=RIVN261009C00005000%2CRIVN261009C00009000%2CRIVN261009C00010000%2CRIVN261009C00010500%2CRIVN261009C00011000%2CRIVN261009C00011500%2CRIVN261009C00012000%2CRIVN261009C00012500%2CRIVN261009C00013000%2CRIVN261009C00013500%2CRIVN261009C00014000%2CRIVN261009C00014500%2CRIVN261009C00015000%2CRIVN261009C00015500%2CRIVN261009C00016000%2CRIVN261009C00016500%2CRIVN261009C00017000%2CRIVN261009C00017500%2CRIVN261009C00018000%2CRIVN261009C00018500%2CRIVN261009C00019000%2CRIVN261009C00019500%2CRIVN261009C00020000%2CRIVN261009C00020500%2CRIVN261009C00021000%2CRIVN261009C00021500%2CRIVN261009C00022000%2CRIVN261009C00023000%2CRIVN261009C00024000%2CRIVN261009C00025000%2CRIVN261009C00030000%2CRIVN261009P00005000%2CRIVN261009P00009000%2CRIVN261009P00010000%2CRIVN261009P00010500%2CRIVN261009P00011000%2CRIVN261009P00011500%2CRIVN261009P00012000%2CRIVN261009P00012500%2CRIVN261009P00013000%2CRIVN261009P00013500%2CRIVN261009P00014000%2CRIVN261009P00014500%2CRIVN261009P00015000%2CRIVN261009P00015500%2CRIVN261009P00016000%2CRIVN261009P00016500%2CRIVN261009P00017000%2CRIVN261009P00017500%2CRIVN261009P00018000&greeks=true'
For more information check: https://developer.mozilla.org/en-US/docs/Web/HTTP/Status/401
2026-10-02T10:11:49 | WARNING  | app.scanning.alpaca_confirmer | AlpacaConfirmer: cannot fetch chain for XLE 2026-10-05: Client error '401 Unauthorized' for url 'https://api.tradier.com/v1/markets/quotes?symbols=XLE261005C00048000%2CXLE261005C00049000%2CXLE261005C00050000%2CXLE261005C00051000%2CXLE261005C00052000%2CXLE261005C00053000%2CXLE261005C00054000%2CXLE261005C00055000%2CXLE261005C00056000%2CXLE261005C00057000%2CXLE261005C00058000%2CXLE261005C00059000%2CXLE261005C00060000%2CXLE261005C00061000%2CXLE261005C00062000%2CXLE261005C00063000%2CXLE261005C00064000%2CXLE261005C00065000%2CXLE261005C00066000%2CXLE261005C00067000%2CXLE261005C00068000%2CXLE261005C00069000%2CXLE261005C00070000%2CXLE261005C00071000%2CXLE261005C00072000%2CXLE261005C00073000%2CXLE261005C00074000%2CXLE261005C00075000%2CXLE261005C00076000%2CXLE261005C00077000%2CXLE261005C00078000%2CXLE261005C00079000%2CXLE261005P00048000%2CXLE261005P00049000%2CXLE261005P00050000%2CXLE261005P00051000%2CXLE261005P00052000%2CXLE261005P00053000%2CXLE261005P00054000%2CXLE261005P00055000%2CXLE261005P00056000%2CXLE261005P00057000%2CXLE261005P00058000%2CXLE261005P00059000%2CXLE261005P00060000%2CXLE261005P00061000%2CXLE261005P00062000%2CXLE261005P00063000%2CXLE261005P00064000%2CXLE261005P00065000&greeks=true'
For more information check: https://developer.mozilla.org/en-US/docs/Web/HTTP/Status/401
2026-10-02T10:11:49 | WARNING  | app.scanning.alpaca_confirmer | AlpacaConfirmer: cannot fetch chain for SOFI 2026-10-09: Client error '401 Unauthorized' for url 'https://api.tradier.com/v1/markets/quotes?symbols=SOFI261009C00005000%2CSOFI261009C00009000%2CSOFI261009C00010000%2CSOFI261009C00011000%2CSOFI261009C00011500%2CSOFI261009C00012000%2CSOFI261009C00012500%2CSOFI261009C00013000%2CSOFI261009C00013500%2CSOFI261009C00014000%2CSOFI261009C00014500%2CSOFI261009C00015000%2CSOFI261009C00015500%2CSOFI261009C00016000%2CSOFI261009C00016500%2CSOFI261009C00017000%2CSOFI261009C00017500%2CSOFI261009C00018000%2CSOFI261009C00018500%2CSOFI261009C00019000%2CSOFI261009C00019500%2CSOFI261009C00020000%2CSOFI261009C00020500%2CSOFI261009C00021000%2CSOFI261009C00021500%2CSOFI261009C00022000%2CSOFI261009C00022500%2CSOFI261009C00023000%2CSOFI261009C00023500%2CSOFI261009C00024000%2CSOFI261009C00025000%2CSOFI261009C00030000%2CSOFI261009P00005000%2CSOFI261009P00009000%2CSOFI261009P00010000%2CSOFI261009P00011000%2CSOFI261009P00011500%2CSOFI261009P00012000%2CSOFI261009P00012500%2CSOFI261009P00013000%2CSOFI261009P00013500%2CSOFI261009P00014000%2CSOFI261009P00014500%2CSOFI261009P00015000%2CSOFI261009P00015500%2CSOFI261009P00016000%2CSOFI261009P00016500%2CSOFI261009P00017000%2CSOFI261009P00017500%2CSOFI261009P00018000&greeks=true'
For more information check: https://developer.mozilla.org/en-US/docs/Web/HTTP/Status/401
2026-10-02T10:11:49 | WARNING  | app.scanning.alpaca_confirmer | AlpacaConfirmer: cannot fetch chain for GOOGL 2026-10-05: Client error '401 Unauthorized' for url 'https://api.tradier.com/v1/markets/quotes?symbols=GOOGL261005C00265000%2CGOOGL261005C00270000%2CGOOGL261005C00275000%2CGOOGL261005C00280000%2CGOOGL261005C00285000%2CGOOGL261005C00290000%2CGOOGL261005C00295000%2CGOOGL261005C00300000%2CGOOGL261005C00305000%2CGOOGL261005C00307500%2CGOOGL261005C00310000%2CGOOGL261005C00312500%2CGOOGL261005C00315000%2CGOOGL261005C00317500%2CGOOGL261005C00320000%2CGOOGL261005C00322500%2CGOOGL261005C00325000%2CGOOGL261005C00327500%2CGOOGL261005C00330000%2CGOOGL261005C00332500%2CGOOGL261005C00335000%2CGOOGL261005C00337500%2CGOOGL261005C00340000%2CGOOGL261005C00342500%2CGOOGL261005C00345000%2CGOOGL261005C00347500%2CGOOGL261005C00350000%2CGOOGL261005C00352500%2CGOOGL261005C00355000%2CGOOGL261005C00357500%2CGOOGL261005C00360000%2CGOOGL261005C00362500%2CGOOGL261005C00365000%2CGOOGL261005C00367500%2CGOOGL261005C00370000%2CGOOGL261005C00372500%2CGOOGL261005C00375000%2CGOOGL261005C00377500%2CGOOGL261005C00380000%2CGOOGL261005C00382500%2CGOOGL261005C00385000%2CGOOGL261005C00387500%2CGOOGL261005C00390000%2CGOOGL261005C00392500%2CGOOGL261005C00395000%2CGOOGL261005C00397500%2CGOOGL261005C00400000%2CGOOGL261005C00402500%2CGOOGL261005C00405000%2CGOOGL261005C00407500&greeks=true'
For more information check: https://developer.mozilla.org/en-US/docs/Web/HTTP/Status/401
2026-10-02T10:11:49 | WARNING  | app.scanning.alpaca_confirmer | AlpacaConfirmer: cannot fetch chain for MARA 2026-10-09: Client error '401 Unauthorized' for url 'https://api.tradier.com/v1/markets/quotes?symbols=MARA261009C00004000%2CMARA261009C00005000%2CMARA261009C00006000%2CMARA261009C00006500%2CMARA261009C00007000%2CMARA261009C00007500%2CMARA261009C00008000%2CMARA261009C00008500%2CMARA261009C00009000%2CMARA261009C00009500%2CMARA261009C00010000%2CMARA261009C00010500%2CMARA261009C00011000%2CMARA261009C00011500%2CMARA261009C00012000%2CMARA261009C00012500%2CMARA261009C00013000%2CMARA261009C00013500%2CMARA261009C00014000%2CMARA261009C00014500%2CMARA261009C00015000%2CMARA261009C00015500%2CMARA261009C00016000%2CMARA261009C00016500%2CMARA261009C00017000%2CMARA261009C00017500%2CMARA261009C00018000%2CMARA261009C00019000%2CMARA261009C00020000%2CMARA261009C00021000%2CMARA261009C00022000%2CMARA261009C00023000%2CMARA261009P00004000%2CMARA261009P00005000%2CMARA261009P00006000%2CMARA261009P00006500%2CMARA261009P00007000%2CMARA261009P00007500%2CMARA261009P00008000%2CMARA261009P00008500%2CMARA261009P00009000%2CMARA261009P00009500%2CMARA261009P00010000%2CMARA261009P00010500%2CMARA261009P00011000%2CMARA261009P00011500%2CMARA261009P00012000%2CMARA261009P00012500%2CMARA261009P00013000%2CMARA261009P00013500&greeks=true'
For more information check: https://developer.mozilla.org/en-US/docs/Web/HTTP/Status/401
2026-10-02T10:11:49 | WARNING  | app.scanning.alpaca_confirmer | AlpacaConfirmer: cannot fetch chain for AAPL 2026-10-05: Client error '401 Unauthorized' for url 'https://api.tradier.com/v1/markets/quotes?symbols=AAPL261005C00245000%2CAAPL261005C00250000%2CAAPL261005C00255000%2CAAPL261005C00260000%2CAAPL261005C00265000%2CAAPL261005C00270000%2CAAPL261005C00275000%2CAAPL261005C00280000%2CAAPL261005C00285000%2CAAPL261005C00290000%2CAAPL261005C00295000%2CAAPL261005C00300000%2CAAPL261005C00302500%2CAAPL261005C00305000%2CAAPL261005C00307500%2CAAPL261005C00310000%2CAAPL261005C00312500%2CAAPL261005C00315000%2CAAPL261005C00317500%2CAAPL261005C00320000%2CAAPL261005C00322500%2CAAPL261005C00325000%2CAAPL261005C00327500%2CAAPL261005C00330000%2CAAPL261005C00332500%2CAAPL261005C00335000%2CAAPL261005C00337500%2CAAPL261005C00340000%2CAAPL261005C00342500%2CAAPL261005C00345000%2CAAPL261005C00347500%2CAAPL261005C00350000%2CAAPL261005C00352500%2CAAPL261005C00355000%2CAAPL261005C00357500%2CAAPL261005C00360000%2CAAPL261005C00362500%2CAAPL261005C00365000%2CAAPL261005C00367500%2CAAPL261005C00370000%2CAAPL261005C00372500%2CAAPL261005C00375000%2CAAPL261005C00380000%2CAAPL261005C00385000%2CAAPL261005C00390000%2CAAPL261005C00395000%2CAAPL261005C00400000%2CAAPL261005C00405000%2CAAPL261005P00245000%2CAAPL261005P00250000&greeks=true'
For more information check: https://developer.mozilla.org/en-US/docs/Web/HTTP/Status/401
2026-10-02T10:11:49 | WARNING  | app.scanning.alpaca_confirmer | AlpacaConfirmer: cannot fetch chain for QQQ 2026-10-05: Client error '401 Unauthorized' for url 'https://api.tradier.com/v1/markets/quotes?symbols=QQQ261005C00450000%2CQQQ261005C00455000%2CQQQ261005C00460000%2CQQQ261005C00465000%2CQQQ261005C00470000%2CQQQ261005C00475000%2CQQQ261005C00480000%2CQQQ261005C00485000%2CQQQ261005C00490000%2CQQQ261005C00495000%2CQQQ261005C00500000%2CQQQ261005C00505000%2CQQQ261005C00510000%2CQQQ261005C00515000%2CQQQ261005C00520000%2CQQQ261005C00525000%2CQQQ261005C00530000%2CQQQ261005C00535000%2CQQQ261005C00540000%2CQQQ261005C00545000%2CQQQ261005C00550000%2CQQQ261005C00555000%2CQQQ261005C00560000%2CQQQ261005C00565000%2CQQQ261005C00570000%2CQQQ261005C00575000%2CQQQ261005C00580000%2CQQQ261005C00585000%2CQQQ261005C00590000%2CQQQ261005C00595000%2CQQQ261005C00600000%2CQQQ261005C00605000%2CQQQ261005C00610000%2CQQQ261005C00615000%2CQQQ261005C00620000%2CQQQ261005C00625000%2CQQQ261005C00630000%2CQQQ261005C00635000%2CQQQ261005C00640000%2CQQQ261005C00645000%2CQQQ261005C00650000%2CQQQ261005C00655000%2CQQQ261005C00660000%2CQQQ261005C00665000%2CQQQ261005C00670000%2CQQQ261005C00675000%2CQQQ261005C00680000%2CQQQ261005C00685000%2CQQQ261005C00689000%2CQQQ261005C00690000&greeks=true'
For more information check: https://developer.mozilla.org/en-US/docs/Web/HTTP/Status/401
2026-10-02T10:11:49 | INFO     | session_runner | AlpacaConfirmer: 0 confirmed symbols: []
2026-10-02T10:11:49 | WARNING  | session_runner | Re-scan returned no confirmed symbols — falling back to ['SPY']
2026-10-02T10:11:49 | INFO     | session_runner | Broad-market regime | SPY=long
2026-10-02T10:11:49 | INFO     | session_runner | [bridge:SPY] rsi_trend ready: sufficient bars
2026-10-02T10:11:49 | INFO     | session_runner | Stale signal: SPY/vwap_reclaim age=97 min > max 10 min — skipped
2026-10-02T10:12:19 | INFO     | session_runner | [cycle 82] 10:12:19 ET | positions=0 | entries=0
2026-10-02T10:12:19 | INFO     | session_runner | [bridge:SPY] rsi_trend ready: sufficient bars
2026-10-02T10:12:19 | INFO     | session_runner | Stale signal: SPY/vwap_reclaim age=97 min > max 10 min — skipped
2026-10-02T10:12:50 | INFO     | session_runner | [cycle 83] 10:12:50 ET | positions=0 | entries=0
2026-10-02T10:12:50 | INFO     | session_runner | [bridge:SPY] rsi_trend ready: sufficient bars
2026-10-02T10:12:50 | INFO     | session_runner | Stale signal: SPY/vwap_reclaim age=98 min > max 10 min — skipped
2026-10-02T10:13:20 | INFO     | session_runner | [cycle 84] 10:13:20 ET | positions=0 | entries=0
2026-10-02T10:13:20 | INFO     | session_runner | [bridge:SPY] rsi_trend ready: sufficient bars
2026-10-02T10:13:20 | INFO     | session_runner | Stale signal: SPY/vwap_reclaim age=98 min > max 10 min — skipped
2026-10-02T10:13:50 | INFO     | session_runner | [cycle 85] 10:13:50 ET | positions=0 | entries=0
2026-10-02T10:13:51 | INFO     | session_runner | [bridge:SPY] rsi_trend ready: sufficient bars
2026-10-02T10:13:51 | INFO     | session_runner | Stale signal: SPY/vwap_reclaim age=99 min > max 10 min — skipped
2026-10-02T10:14:21 | INFO     | session_runner | [cycle 86] 10:14:21 ET | positions=0 | entries=0
2026-10-02T10:14:21 | INFO     | session_runner | [bridge:SPY] rsi_trend ready: sufficient bars
2026-10-02T10:14:21 | INFO     | session_runner | Stale signal: SPY/vwap_reclaim age=99 min > max 10 min — skipped
2026-10-02T10:14:51 | INFO     | session_runner | [cycle 87] 10:14:51 ET | positions=0 | entries=0
2026-10-02T10:14:51 | INFO     | session_runner | [bridge:SPY] rsi_trend ready: sufficient bars
2026-10-02T10:14:51 | INFO     | session_runner | Stale signal: SPY/vwap_reclaim age=100 min > max 10 min — skipped
2026-10-02T10:15:21 | INFO     | session_runner | [cycle 88] 10:15:21 ET | positions=0 | entries=0
2026-10-02T10:15:22 | INFO     | session_runner | [bridge:SPY] rsi_trend ready: sufficient bars
2026-10-02T10:15:22 | INFO     | session_runner | Stale signal: SPY/vwap_reclaim age=100 min > max 10 min — skipped
2026-10-02T10:15:22 | INFO     | session_runner | Signal quality blocked | SPY/vwap_reclaim score=0.0 < 3.0
2026-10-02T10:15:22 | INFO     | app.evaluation.shadow_book | ShadowBook: v4-20261002-5929-SPY-vwap_reclaim blocked (signal_quality_below_min) but not priceable — signal logged, no simulation
2026-10-02T10:15:22 | INFO     | app.evaluation.shadow_book | ShadowBook: v4-20261002-5930-SPY-vwap_reclaim-inverted blocked (inverted_direction_counterfactual) but not priceable — signal logged, no simulation
2026-10-02T10:15:52 | INFO     | session_runner | [cycle 89] 10:15:52 ET | positions=0 | entries=0
2026-10-02T10:15:52 | INFO     | session_runner | [bridge:SPY] rsi_trend ready: sufficient bars
2026-10-02T10:15:52 | INFO     | session_runner | Stale signal: SPY/vwap_reclaim age=101 min > max 10 min — skipped
2026-10-02T10:15:52 | INFO     | session_runner | Signal quality blocked | SPY/vwap_reclaim score=0.0 < 3.0
2026-10-02T10:15:52 | INFO     | app.evaluation.shadow_book | ShadowBook: v4-20261002-5931-SPY-vwap_reclaim blocked (signal_quality_below_min) but not priceable — signal logged, no simulation
2026-10-02T10:16:23 | INFO     | session_runner | [cycle 90] 10:16:23 ET | positions=0 | entries=0
2026-10-02T10:16:23 | INFO     | session_runner | [bridge:SPY] rsi_trend ready: sufficient bars
2026-10-02T10:16:23 | INFO     | session_runner | Stale signal: SPY/vwap_reclaim age=101 min > max 10 min — skipped
2026-10-02T10:16:23 | INFO     | session_runner | Signal quality blocked | SPY/vwap_reclaim score=0.0 < 3.0
2026-10-02T10:16:23 | INFO     | app.evaluation.shadow_book | ShadowBook: v4-20261002-5932-SPY-vwap_reclaim blocked (signal_quality_below_min) but not priceable — signal logged, no simulation
2026-10-02T10:16:53 | INFO     | session_runner | [cycle 91] 10:16:53 ET | positions=0 | entries=0
2026-10-02T10:16:53 | INFO     | session_runner | Periodic universe re-scan …
2026-10-02T10:16:53 | INFO     | app.scanning.universe_loader | UniverseLoader: loaded 5 groups (13 flat symbols) from config/ticker_universe.yaml (blacklist=0)
2026-10-02T10:16:53 | INFO     | app.scanning.universe_loader | UniverseLoader: 38 symbols from 4 group(s) (blacklist=0)
2026-10-02T10:16:53 | INFO     | session_runner | Universe scan: 38 symbols from 4 group(s) | max_active=6
2026-10-02T10:16:58 | INFO     | session_runner | Scan: 21 passed, 17 rejected
2026-10-02T10:16:58 | INFO     | session_runner |   TSLA    score=95.0  signal=LONG     reasons: rvol=4.13x (high), atr=3.17% (wide-range), orb_breakout
2026-10-02T10:16:58 | INFO     | session_runner |   AVGO    score=87.0  signal=LONG     reasons: rvol=2.44x (high), atr=2.80% (wide-range), orb_breakout
2026-10-02T10:16:58 | INFO     | session_runner |   GOOGL   score=82.0  signal=LONG     reasons: rvol=1.81x (elevated), atr=2.65% (wide-range), orb_breakout
2026-10-02T10:16:58 | INFO     | session_runner |   AAPL    score=75.0  signal=LONG     reasons: rvol=1.18x (normal), atr=2.03% (wide-range), orb_breakout
2026-10-02T10:16:58 | INFO     | session_runner |   SOFI    score=68.0  signal=SHORT    reasons: rvol=1.78x (elevated), atr=3.46% (wide-range), near_orb_level
2026-10-02T10:16:58 | WARNING  | app.scanning.alpaca_confirmer | AlpacaConfirmer: cannot fetch chain for SOFI 2026-10-09: Client error '401 Unauthorized' for url 'https://api.tradier.com/v1/markets/quotes?symbols=SOFI261009C00005000%2CSOFI261009C00009000%2CSOFI261009C00010000%2CSOFI261009C00011000%2CSOFI261009C00011500%2CSOFI261009C00012000%2CSOFI261009C00012500%2CSOFI261009C00013000%2CSOFI261009C00013500%2CSOFI261009C00014000%2CSOFI261009C00014500%2CSOFI261009C00015000%2CSOFI261009C00015500%2CSOFI261009C00016000%2CSOFI261009C00016500%2CSOFI261009C00017000%2CSOFI261009C00017500%2CSOFI261009C00018000%2CSOFI261009C00018500%2CSOFI261009C00019000%2CSOFI261009C00019500%2CSOFI261009C00020000%2CSOFI261009C00020500%2CSOFI261009C00021000%2CSOFI261009C00021500%2CSOFI261009C00022000%2CSOFI261009C00022500%2CSOFI261009C00023000%2CSOFI261009C00023500%2CSOFI261009C00024000%2CSOFI261009C00025000%2CSOFI261009C00030000%2CSOFI261009P00005000%2CSOFI261009P00009000%2CSOFI261009P00010000%2CSOFI261009P00011000%2CSOFI261009P00011500%2CSOFI261009P00012000%2CSOFI261009P00012500%2CSOFI261009P00013000%2CSOFI261009P00013500%2CSOFI261009P00014000%2CSOFI261009P00014500%2CSOFI261009P00015000%2CSOFI261009P00015500%2CSOFI261009P00016000%2CSOFI261009P00016500%2CSOFI261009P00017000%2CSOFI261009P00017500%2CSOFI261009P00018000&greeks=true'
For more information check: https://developer.mozilla.org/en-US/docs/Web/HTTP/Status/401
2026-10-02T10:16:58 | WARNING  | app.scanning.alpaca_confirmer | AlpacaConfirmer: cannot fetch chain for PLTR 2026-10-09: Client error '401 Unauthorized' for url 'https://api.tradier.com/v1/markets/quotes?symbols=PLTR261009C00050000%2CPLTR261009C00055000%2CPLTR261009C00060000%2CPLTR261009C00065000%2CPLTR261009C00070000%2CPLTR261009C00075000%2CPLTR261009C00080000%2CPLTR261009C00085000%2CPLTR261009C00090000%2CPLTR261009C00095000%2CPLTR261009C00100000%2CPLTR261009C00105000%2CPLTR261009C00110000%2CPLTR261009C00115000%2CPLTR261009C00120000%2CPLTR261009C00125000%2CPLTR261009C00130000%2CPLTR261009C00135000%2CPLTR261009C00140000%2CPLTR261009C00144000%2CPLTR261009C00145000%2CPLTR261009C00146000%2CPLTR261009C00147000%2CPLTR261009C00148000%2CPLTR261009C00149000%2CPLTR261009C00150000%2CPLTR261009C00152500%2CPLTR261009C00155000%2CPLTR261009C00157500%2CPLTR261009C00160000%2CPLTR261009C00162500%2CPLTR261009C00165000%2CPLTR261009C00167500%2CPLTR261009C00170000%2CPLTR261009C00172500%2CPLTR261009C00175000%2CPLTR261009C00177500%2CPLTR261009C00180000%2CPLTR261009C00182500%2CPLTR261009C00185000%2CPLTR261009C00187500%2CPLTR261009C00190000%2CPLTR261009C00192500%2CPLTR261009C00195000%2CPLTR261009C00197500%2CPLTR261009C00200000%2CPLTR261009C00202500%2CPLTR261009C00205000%2CPLTR261009C00207500%2CPLTR261009C00210000&greeks=true'
For more information check: https://developer.mozilla.org/en-US/docs/Web/HTTP/Status/401
2026-10-02T10:16:58 | WARNING  | app.scanning.alpaca_confirmer | AlpacaConfirmer: cannot fetch chain for GOOGL 2026-10-05: Client error '401 Unauthorized' for url 'https://api.tradier.com/v1/markets/quotes?symbols=GOOGL261005C00265000%2CGOOGL261005C00270000%2CGOOGL261005C00275000%2CGOOGL261005C00280000%2CGOOGL261005C00285000%2CGOOGL261005C00290000%2CGOOGL261005C00295000%2CGOOGL261005C00300000%2CGOOGL261005C00305000%2CGOOGL261005C00307500%2CGOOGL261005C00310000%2CGOOGL261005C00312500%2CGOOGL261005C00315000%2CGOOGL261005C00317500%2CGOOGL261005C00320000%2CGOOGL261005C00322500%2CGOOGL261005C00325000%2CGOOGL261005C00327500%2CGOOGL261005C00330000%2CGOOGL261005C00332500%2CGOOGL261005C00335000%2CGOOGL261005C00337500%2CGOOGL261005C00340000%2CGOOGL261005C00342500%2CGOOGL261005C00345000%2CGOOGL261005C00347500%2CGOOGL261005C00350000%2CGOOGL261005C00352500%2CGOOGL261005C00355000%2CGOOGL261005C00357500%2CGOOGL261005C00360000%2CGOOGL261005C00362500%2CGOOGL261005C00365000%2CGOOGL261005C00367500%2CGOOGL261005C00370000%2CGOOGL261005C00372500%2CGOOGL261005C00375000%2CGOOGL261005C00377500%2CGOOGL261005C00380000%2CGOOGL261005C00382500%2CGOOGL261005C00385000%2CGOOGL261005C00387500%2CGOOGL261005C00390000%2CGOOGL261005C00392500%2CGOOGL261005C00395000%2CGOOGL261005C00397500%2CGOOGL261005C00400000%2CGOOGL261005C00402500%2CGOOGL261005C00405000%2CGOOGL261005C00407500&greeks=true'
For more information check: https://developer.mozilla.org/en-US/docs/Web/HTTP/Status/401
2026-10-02T10:16:58 | WARNING  | app.scanning.alpaca_confirmer | AlpacaConfirmer: cannot fetch chain for HOOD 2026-10-09: Client error '401 Unauthorized' for url 'https://api.tradier.com/v1/markets/quotes?symbols=HOOD261009C00025000%2CHOOD261009C00030000%2CHOOD261009C00035000%2CHOOD261009C00040000%2CHOOD261009C00045000%2CHOOD261009C00050000%2CHOOD261009C00055000%2CHOOD261009C00060000%2CHOOD261009C00065000%2CHOOD261009C00070000%2CHOOD261009C00075000%2CHOOD261009C00080000%2CHOOD261009C00085000%2CHOOD261009C00090000%2CHOOD261009C00091000%2CHOOD261009C00092000%2CHOOD261009C00093000%2CHOOD261009C00094000%2CHOOD261009C00095000%2CHOOD261009C00096000%2CHOOD261009C00097000%2CHOOD261009C00098000%2CHOOD261009C00099000%2CHOOD261009C00100000%2CHOOD261009C00101000%2CHOOD261009C00102000%2CHOOD261009C00103000%2CHOOD261009C00104000%2CHOOD261009C00105000%2CHOOD261009C00106000%2CHOOD261009C00107000%2CHOOD261009C00108000%2CHOOD261009C00109000%2CHOOD261009C00110000%2CHOOD261009C00111000%2CHOOD261009C00112000%2CHOOD261009C00113000%2CHOOD261009C00114000%2CHOOD261009C00115000%2CHOOD261009C00116000%2CHOOD261009C00117000%2CHOOD261009C00118000%2CHOOD261009C00119000%2CHOOD261009C00120000%2CHOOD261009C00121000%2CHOOD261009C00122000%2CHOOD261009C00123000%2CHOOD261009C00124000%2CHOOD261009C00125000%2CHOOD261009C00126000&greeks=true'
For more information check: https://developer.mozilla.org/en-US/docs/Web/HTTP/Status/401
2026-10-02T10:16:58 | WARNING  | app.scanning.alpaca_confirmer | AlpacaConfirmer: cannot fetch chain for MARA 2026-10-09: Client error '401 Unauthorized' for url 'https://api.tradier.com/v1/markets/quotes?symbols=MARA261009C00004000%2CMARA261009C00005000%2CMARA261009C00006000%2CMARA261009C00006500%2CMARA261009C00007000%2CMARA261009C00007500%2CMARA261009C00008000%2CMARA261009C00008500%2CMARA261009C00009000%2CMARA261009C00009500%2CMARA261009C00010000%2CMARA261009C00010500%2CMARA261009C00011000%2CMARA261009C00011500%2CMARA261009C00012000%2CMARA261009C00012500%2CMARA261009C00013000%2CMARA261009C00013500%2CMARA261009C00014000%2CMARA261009C00014500%2CMARA261009C00015000%2CMARA261009C00015500%2CMARA261009C00016000%2CMARA261009C00016500%2CMARA261009C00017000%2CMARA261009C00017500%2CMARA261009C00018000%2CMARA261009C00019000%2CMARA261009C00020000%2CMARA261009C00021000%2CMARA261009C00022000%2CMARA261009C00023000%2CMARA261009P00004000%2CMARA261009P00005000%2CMARA261009P00006000%2CMARA261009P00006500%2CMARA261009P00007000%2CMARA261009P00007500%2CMARA261009P00008000%2CMARA261009P00008500%2CMARA261009P00009000%2CMARA261009P00009500%2CMARA261009P00010000%2CMARA261009P00010500%2CMARA261009P00011000%2CMARA261009P00011500%2CMARA261009P00012000%2CMARA261009P00012500%2CMARA261009P00013000%2CMARA261009P00013500&greeks=true'
For more information check: https://developer.mozilla.org/en-US/docs/Web/HTTP/Status/401
2026-10-02T10:16:58 | WARNING  | app.scanning.alpaca_confirmer | AlpacaConfirmer: cannot fetch chain for AVGO 2026-10-05: Client error '401 Unauthorized' for url 'https://api.tradier.com/v1/markets/quotes?symbols=AVGO261005C00285000%2CAVGO261005C00290000%2CAVGO261005C00295000%2CAVGO261005C00300000%2CAVGO261005C00305000%2CAVGO261005C00310000%2CAVGO261005C00315000%2CAVGO261005C00317500%2CAVGO261005C00320000%2CAVGO261005C00322500%2CAVGO261005C00325000%2CAVGO261005C00327500%2CAVGO261005C00330000%2CAVGO261005C00332500%2CAVGO261005C00335000%2CAVGO261005C00337500%2CAVGO261005C00340000%2CAVGO261005C00342500%2CAVGO261005C00345000%2CAVGO261005C00347500%2CAVGO261005C00350000%2CAVGO261005C00352500%2CAVGO261005C00355000%2CAVGO261005C00357500%2CAVGO261005C00360000%2CAVGO261005C00362500%2CAVGO261005C00365000%2CAVGO261005C00367500%2CAVGO261005C00370000%2CAVGO261005C00372500%2CAVGO261005C00375000%2CAVGO261005C00377500%2CAVGO261005C00380000%2CAVGO261005C00382500%2CAVGO261005C00385000%2CAVGO261005C00387500%2CAVGO261005C00390000%2CAVGO261005C00392500%2CAVGO261005C00395000%2CAVGO261005C00397500%2CAVGO261005C00400000%2CAVGO261005C00402500%2CAVGO261005C00405000%2CAVGO261005C00407500%2CAVGO261005C00410000%2CAVGO261005C00412500%2CAVGO261005C00415000%2CAVGO261005C00417500%2CAVGO261005C00420000%2CAVGO261005C00422500&greeks=true'
For more information check: https://developer.mozilla.org/en-US/docs/Web/HTTP/Status/401
2026-10-02T10:16:58 | WARNING  | app.scanning.alpaca_confirmer | AlpacaConfirmer: cannot fetch chain for QQQ 2026-10-05: Client error '401 Unauthorized' for url 'https://api.tradier.com/v1/markets/quotes?symbols=QQQ261005C00450000%2CQQQ261005C00455000%2CQQQ261005C00460000%2CQQQ261005C00465000%2CQQQ261005C00470000%2CQQQ261005C00475000%2CQQQ261005C00480000%2CQQQ261005C00485000%2CQQQ261005C00490000%2CQQQ261005C00495000%2CQQQ261005C00500000%2CQQQ261005C00505000%2CQQQ261005C00510000%2CQQQ261005C00515000%2CQQQ261005C00520000%2CQQQ261005C00525000%2CQQQ261005C00530000%2CQQQ261005C00535000%2CQQQ261005C00540000%2CQQQ261005C00545000%2CQQQ261005C00550000%2CQQQ261005C00555000%2CQQQ261005C00560000%2CQQQ261005C00565000%2CQQQ261005C00570000%2CQQQ261005C00575000%2CQQQ261005C00580000%2CQQQ261005C00585000%2CQQQ261005C00590000%2CQQQ261005C00595000%2CQQQ261005C00600000%2CQQQ261005C00605000%2CQQQ261005C00610000%2CQQQ261005C00615000%2CQQQ261005C00620000%2CQQQ261005C00625000%2CQQQ261005C00630000%2CQQQ261005C00635000%2CQQQ261005C00640000%2CQQQ261005C00645000%2CQQQ261005C00650000%2CQQQ261005C00655000%2CQQQ261005C00660000%2CQQQ261005C00665000%2CQQQ261005C00670000%2CQQQ261005C00675000%2CQQQ261005C00680000%2CQQQ261005C00685000%2CQQQ261005C00689000%2CQQQ261005C00690000&greeks=true'
For more information check: https://developer.mozilla.org/en-US/docs/Web/HTTP/Status/401
2026-10-02T10:16:58 | WARNING  | app.scanning.alpaca_confirmer | AlpacaConfirmer: cannot fetch chain for XLE 2026-10-05: Client error '401 Unauthorized' for url 'https://api.tradier.com/v1/markets/quotes?symbols=XLE261005C00048000%2CXLE261005C00049000%2CXLE261005C00050000%2CXLE261005C00051000%2CXLE261005C00052000%2CXLE261005C00053000%2CXLE261005C00054000%2CXLE261005C00055000%2CXLE261005C00056000%2CXLE261005C00057000%2CXLE261005C00058000%2CXLE261005C00059000%2CXLE261005C00060000%2CXLE261005C00061000%2CXLE261005C00062000%2CXLE261005C00063000%2CXLE261005C00064000%2CXLE261005C00065000%2CXLE261005C00066000%2CXLE261005C00067000%2CXLE261005C00068000%2CXLE261005C00069000%2CXLE261005C00070000%2CXLE261005C00071000%2CXLE261005C00072000%2CXLE261005C00073000%2CXLE261005C00074000%2CXLE261005C00075000%2CXLE261005C00076000%2CXLE261005C00077000%2CXLE261005C00078000%2CXLE261005C00079000%2CXLE261005P00048000%2CXLE261005P00049000%2CXLE261005P00050000%2CXLE261005P00051000%2CXLE261005P00052000%2CXLE261005P00053000%2CXLE261005P00054000%2CXLE261005P00055000%2CXLE261005P00056000%2CXLE261005P00057000%2CXLE261005P00058000%2CXLE261005P00059000%2CXLE261005P00060000%2CXLE261005P00061000%2CXLE261005P00062000%2CXLE261005P00063000%2CXLE261005P00064000%2CXLE261005P00065000&greeks=true'
For more information check: https://developer.mozilla.org/en-US/docs/Web/HTTP/Status/401
2026-10-02T10:16:58 | WARNING  | app.scanning.alpaca_confirmer | AlpacaConfirmer: cannot fetch chain for TSLA 2026-10-05: Client error '401 Unauthorized' for url 'https://api.tradier.com/v1/markets/quotes?symbols=TSLA261005C00250000%2CTSLA261005C00255000%2CTSLA261005C00260000%2CTSLA261005C00265000%2CTSLA261005C00270000%2CTSLA261005C00275000%2CTSLA261005C00280000%2CTSLA261005C00285000%2CTSLA261005C00290000%2CTSLA261005C00295000%2CTSLA261005C00300000%2CTSLA261005C00305000%2CTSLA261005C00310000%2CTSLA261005C00315000%2CTSLA261005C00317500%2CTSLA261005C00320000%2CTSLA261005C00322500%2CTSLA261005C00325000%2CTSLA261005C00327500%2CTSLA261005C00330000%2CTSLA261005C00332500%2CTSLA261005C00335000%2CTSLA261005C00337500%2CTSLA261005C00340000%2CTSLA261005C00342500%2CTSLA261005C00345000%2CTSLA261005C00347500%2CTSLA261005C00350000%2CTSLA261005C00352500%2CTSLA261005C00355000%2CTSLA261005C00357500%2CTSLA261005C00360000%2CTSLA261005C00362500%2CTSLA261005C00365000%2CTSLA261005C00367500%2CTSLA261005C00370000%2CTSLA261005C00372500%2CTSLA261005C00375000%2CTSLA261005C00377500%2CTSLA261005C00380000%2CTSLA261005C00382500%2CTSLA261005C00385000%2CTSLA261005C00387500%2CTSLA261005C00390000%2CTSLA261005C00392500%2CTSLA261005C00395000%2CTSLA261005C00397500%2CTSLA261005C00400000%2CTSLA261005C00402500%2CTSLA261005C00405000&greeks=true'
For more information check: https://developer.mozilla.org/en-US/docs/Web/HTTP/Status/401
2026-10-02T10:16:58 | WARNING  | app.scanning.alpaca_confirmer | AlpacaConfirmer: cannot fetch chain for RIOT 2026-10-09: Client error '401 Unauthorized' for url 'https://api.tradier.com/v1/markets/quotes?symbols=RIOT261009C00008000%2CRIOT261009C00009000%2CRIOT261009C00010000%2CRIOT261009C00011000%2CRIOT261009C00012000%2CRIOT261009C00013000%2CRIOT261009C00014000%2CRIOT261009C00015000%2CRIOT261009C00016000%2CRIOT261009C00017000%2CRIOT261009C00017500%2CRIOT261009C00018000%2CRIOT261009C00018500%2CRIOT261009C00019000%2CRIOT261009C00019500%2CRIOT261009C00020000%2CRIOT261009C00020500%2CRIOT261009C00021000%2CRIOT261009C00021500%2CRIOT261009C00022000%2CRIOT261009C00022500%2CRIOT261009C00023000%2CRIOT261009C00023500%2CRIOT261009C00024000%2CRIOT261009C00024500%2CRIOT261009C00025000%2CRIOT261009C00025500%2CRIOT261009C00026000%2CRIOT261009C00026500%2CRIOT261009C00027000%2CRIOT261009C00027500%2CRIOT261009C00028000%2CRIOT261009C00028500%2CRIOT261009C00029000%2CRIOT261009C00029500%2CRIOT261009C00030000%2CRIOT261009C00031000%2CRIOT261009C00032000%2CRIOT261009C00033000%2CRIOT261009C00034000%2CRIOT261009C00035000%2CRIOT261009P00008000%2CRIOT261009P00009000%2CRIOT261009P00010000%2CRIOT261009P00011000%2CRIOT261009P00012000%2CRIOT261009P00013000%2CRIOT261009P00014000%2CRIOT261009P00015000%2CRIOT261009P00016000&greeks=true'
For more information check: https://developer.mozilla.org/en-US/docs/Web/HTTP/Status/401
2026-10-02T10:16:58 | WARNING  | app.scanning.alpaca_confirmer | AlpacaConfirmer: cannot fetch chain for SPY 2026-10-05: Client error '401 Unauthorized' for url 'https://api.tradier.com/v1/markets/quotes?symbols=SPY261005C00550000%2CSPY261005C00555000%2CSPY261005C00560000%2CSPY261005C00565000%2CSPY261005C00570000%2CSPY261005C00575000%2CSPY261005C00580000%2CSPY261005C00585000%2CSPY261005C00590000%2CSPY261005C00595000%2CSPY261005C00600000%2CSPY261005C00605000%2CSPY261005C00610000%2CSPY261005C00615000%2CSPY261005C00620000%2CSPY261005C00625000%2CSPY261005C00630000%2CSPY261005C00635000%2CSPY261005C00640000%2CSPY261005C00645000%2CSPY261005C00650000%2CSPY261005C00655000%2CSPY261005C00660000%2CSPY261005C00665000%2CSPY261005C00670000%2CSPY261005C00675000%2CSPY261005C00680000%2CSPY261005C00685000%2CSPY261005C00690000%2CSPY261005C00695000%2CSPY261005C00700000%2CSPY261005C00705000%2CSPY261005C00710000%2CSPY261005C00715000%2CSPY261005C00720000%2CSPY261005C00723000%2CSPY261005C00724000%2CSPY261005C00725000%2CSPY261005C00726000%2CSPY261005C00727000%2CSPY261005C00728000%2CSPY261005C00729000%2CSPY261005C00730000%2CSPY261005C00731000%2CSPY261005C00732000%2CSPY261005C00733000%2CSPY261005C00734000%2CSPY261005C00735000%2CSPY261005C00736000%2CSPY261005C00737000&greeks=true'
For more information check: https://developer.mozilla.org/en-US/docs/Web/HTTP/Status/401
2026-10-02T10:16:58 | WARNING  | app.scanning.alpaca_confirmer | AlpacaConfirmer: cannot fetch chain for AAPL 2026-10-05: Client error '401 Unauthorized' for url 'https://api.tradier.com/v1/markets/quotes?symbols=AAPL261005C00245000%2CAAPL261005C00250000%2CAAPL261005C00255000%2CAAPL261005C00260000%2CAAPL261005C00265000%2CAAPL261005C00270000%2CAAPL261005C00275000%2CAAPL261005C00280000%2CAAPL261005C00285000%2CAAPL261005C00290000%2CAAPL261005C00295000%2CAAPL261005C00300000%2CAAPL261005C00302500%2CAAPL261005C00305000%2CAAPL261005C00307500%2CAAPL261005C00310000%2CAAPL261005C00312500%2CAAPL261005C00315000%2CAAPL261005C00317500%2CAAPL261005C00320000%2CAAPL261005C00322500%2CAAPL261005C00325000%2CAAPL261005C00327500%2CAAPL261005C00330000%2CAAPL261005C00332500%2CAAPL261005C00335000%2CAAPL261005C00337500%2CAAPL261005C00340000%2CAAPL261005C00342500%2CAAPL261005C00345000%2CAAPL261005C00347500%2CAAPL261005C00350000%2CAAPL261005C00352500%2CAAPL261005C00355000%2CAAPL261005C00357500%2CAAPL261005C00360000%2CAAPL261005C00362500%2CAAPL261005C00365000%2CAAPL261005C00367500%2CAAPL261005C00370000%2CAAPL261005C00372500%2CAAPL261005C00375000%2CAAPL261005C00380000%2CAAPL261005C00385000%2CAAPL261005C00390000%2CAAPL261005C00395000%2CAAPL261005C00400000%2CAAPL261005C00405000%2CAAPL261005P00245000%2CAAPL261005P00250000&greeks=true'
For more information check: https://developer.mozilla.org/en-US/docs/Web/HTTP/Status/401
2026-10-02T10:16:58 | INFO     | session_runner | AlpacaConfirmer: 0 confirmed symbols: []
2026-10-02T10:16:58 | WARNING  | session_runner | Re-scan returned no confirmed symbols — falling back to ['SPY']
2026-10-02T10:16:58 | INFO     | session_runner | Broad-market regime | SPY=long
2026-10-02T10:16:59 | INFO     | session_runner | [bridge:SPY] rsi_trend ready: sufficient bars
2026-10-02T10:16:59 | INFO     | session_runner | Stale signal: SPY/vwap_reclaim age=102 min > max 10 min — skipped
2026-10-02T10:16:59 | INFO     | session_runner | Signal quality blocked | SPY/vwap_reclaim score=0.0 < 3.0
2026-10-02T10:16:59 | INFO     | app.evaluation.shadow_book | ShadowBook: v4-20261002-5933-SPY-vwap_reclaim blocked (signal_quality_below_min) but not priceable — signal logged, no simulation
2026-10-02T10:17:29 | INFO     | session_runner | [cycle 92] 10:17:29 ET | positions=0 | entries=0
2026-10-02T10:17:29 | INFO     | session_runner | [bridge:SPY] rsi_trend ready: sufficient bars
2026-10-02T10:17:29 | INFO     | session_runner | Stale signal: SPY/vwap_reclaim age=102 min > max 10 min — skipped
2026-10-02T10:17:29 | INFO     | session_runner | Signal quality blocked | SPY/vwap_reclaim score=0.0 < 3.0
2026-10-02T10:17:29 | INFO     | app.evaluation.shadow_book | ShadowBook: v4-20261002-5934-SPY-vwap_reclaim blocked (signal_quality_below_min) but not priceable — signal logged, no simulation
2026-10-02T10:17:59 | INFO     | session_runner | [cycle 93] 10:17:59 ET | positions=0 | entries=0
2026-10-02T10:18:00 | INFO     | session_runner | [bridge:SPY] rsi_trend ready: sufficient bars
2026-10-02T10:18:00 | INFO     | session_runner | Stale signal: SPY/vwap_reclaim age=103 min > max 10 min — skipped
2026-10-02T10:18:00 | INFO     | session_runner | Signal quality blocked | SPY/vwap_reclaim score=0.0 < 3.0
2026-10-02T10:18:00 | INFO     | app.evaluation.shadow_book | ShadowBook: v4-20261002-5935-SPY-vwap_reclaim blocked (signal_quality_below_min) but not priceable — signal logged, no simulation
2026-10-02T10:18:30 | INFO     | session_runner | [cycle 94] 10:18:30 ET | positions=0 | entries=0
2026-10-02T10:18:30 | INFO     | session_runner | [bridge:SPY] rsi_trend ready: sufficient bars
2026-10-02T10:18:30 | INFO     | session_runner | Stale signal: SPY/vwap_reclaim age=104 min > max 10 min — skipped
2026-10-02T10:18:30 | INFO     | session_runner | Signal quality blocked | SPY/vwap_reclaim score=0.0 < 3.0
2026-10-02T10:18:30 | INFO     | app.evaluation.shadow_book | ShadowBook: v4-20261002-5936-SPY-vwap_reclaim blocked (signal_quality_below_min) but not priceable — signal logged, no simulation
2026-10-02T10:19:00 | INFO     | session_runner | [cycle 95] 10:19:00 ET | positions=0 | entries=0
2026-10-02T10:19:01 | INFO     | session_runner | [bridge:SPY] rsi_trend ready: sufficient bars
2026-10-02T10:19:01 | INFO     | session_runner | Stale signal: SPY/vwap_reclaim age=104 min > max 10 min — skipped
2026-10-02T10:19:01 | INFO     | session_runner | Signal quality blocked | SPY/vwap_reclaim score=0.0 < 3.0
2026-10-02T10:19:01 | INFO     | app.evaluation.shadow_book | ShadowBook: v4-20261002-5937-SPY-vwap_reclaim blocked (signal_quality_below_min) but not priceable — signal logged, no simulation
2026-10-02T10:19:31 | INFO     | session_runner | [cycle 96] 10:19:31 ET | positions=0 | entries=0
2026-10-02T10:19:31 | INFO     | session_runner | [bridge:SPY] rsi_trend ready: sufficient bars
2026-10-02T10:19:31 | INFO     | session_runner | Stale signal: SPY/vwap_reclaim age=105 min > max 10 min — skipped
2026-10-02T10:19:31 | INFO     | session_runner | Signal quality blocked | SPY/vwap_reclaim score=0.0 < 3.0
2026-10-02T10:19:31 | INFO     | app.evaluation.shadow_book | ShadowBook: v4-20261002-5938-SPY-vwap_reclaim blocked (signal_quality_below_min) but not priceable — signal logged, no simulation
2026-10-02T10:20:01 | INFO     | session_runner | [cycle 97] 10:20:01 ET | positions=0 | entries=0
2026-10-02T10:20:02 | INFO     | session_runner | [bridge:SPY] rsi_trend ready: sufficient bars
2026-10-02T10:20:02 | INFO     | session_runner | Stale signal: SPY/vwap_reclaim age=105 min > max 10 min — skipped
2026-10-02T10:20:02 | INFO     | session_runner | Stale signal: SPY/vwap_reclaim age=10 min > max 10 min — skipped
2026-10-02T10:20:32 | INFO     | session_runner | [cycle 98] 10:20:32 ET | positions=0 | entries=0
2026-10-02T10:20:33 | INFO     | session_runner | [bridge:SPY] rsi_trend ready: sufficient bars
2026-10-02T10:20:33 | INFO     | session_runner | Stale signal: SPY/vwap_reclaim age=106 min > max 10 min — skipped
2026-10-02T10:20:33 | INFO     | session_runner | Stale signal: SPY/vwap_reclaim age=11 min > max 10 min — skipped
2026-10-02T10:21:03 | INFO     | session_runner | [cycle 99] 10:21:03 ET | positions=0 | entries=0
2026-10-02T10:21:03 | INFO     | session_runner | [bridge:SPY] rsi_trend ready: sufficient bars
2026-10-02T10:21:03 | INFO     | session_runner | Stale signal: SPY/vwap_reclaim age=106 min > max 10 min — skipped
2026-10-02T10:21:03 | INFO     | session_runner | Stale signal: SPY/vwap_reclaim age=11 min > max 10 min — skipped
2026-10-02T10:21:33 | INFO     | session_runner | [cycle 100] 10:21:33 ET | positions=0 | entries=0
2026-10-02T10:21:33 | INFO     | session_runner | [bridge:SPY] rsi_trend ready: sufficient bars
2026-10-02T10:21:33 | INFO     | session_runner | Stale signal: SPY/vwap_reclaim age=107 min > max 10 min — skipped
2026-10-02T10:21:33 | INFO     | session_runner | Stale signal: SPY/vwap_reclaim age=12 min > max 10 min — skipped
2026-10-02T10:22:03 | INFO     | session_runner | [cycle 101] 10:22:03 ET | positions=0 | entries=0
2026-10-02T10:22:03 | INFO     | app.trading.reconciler | Reconciliation done: broker_pos=0 local_pos=0 broker_orders=0 local_pending=0 repaired=0 flagged=0 orders_confirmed=True positions_confirmed=True
2026-10-02T10:22:03 | INFO     | session_runner | Periodic universe re-scan …
2026-10-02T10:22:03 | INFO     | app.scanning.universe_loader | UniverseLoader: loaded 5 groups (13 flat symbols) from config/ticker_universe.yaml (blacklist=0)
2026-10-02T10:22:03 | INFO     | app.scanning.universe_loader | UniverseLoader: 38 symbols from 4 group(s) (blacklist=0)
2026-10-02T10:22:03 | INFO     | session_runner | Universe scan: 38 symbols from 4 group(s) | max_active=6
2026-10-02T10:22:08 | INFO     | session_runner | Scan: 21 passed, 17 rejected
2026-10-02T10:22:08 | INFO     | session_runner |   TSLA    score=95.0  signal=LONG     reasons: rvol=3.99x (high), atr=3.17% (wide-range), orb_breakout
2026-10-02T10:22:08 | INFO     | session_runner |   AVGO    score=87.0  signal=LONG     reasons: rvol=2.39x (high), atr=2.81% (wide-range), orb_breakout
2026-10-02T10:22:08 | INFO     | session_runner |   SPY     score=83.0  signal=LONG     reasons: rvol=1.60x (elevated), atr=0.88% (good range), orb_breakout
2026-10-02T10:22:08 | INFO     | session_runner |   GOOGL   score=82.0  signal=LONG     reasons: rvol=1.71x (elevated), atr=2.65% (wide-range), orb_breakout
2026-10-02T10:22:08 | INFO     | session_runner |   AAPL    score=75.0  signal=LONG     reasons: rvol=1.14x (normal), atr=2.04% (wide-range), orb_breakout
2026-10-02T10:22:08 | WARNING  | app.scanning.alpaca_confirmer | AlpacaConfirmer: cannot fetch chain for TSLA 2026-10-05: Client error '401 Unauthorized' for url 'https://api.tradier.com/v1/markets/quotes?symbols=TSLA261005C00250000%2CTSLA261005C00255000%2CTSLA261005C00260000%2CTSLA261005C00265000%2CTSLA261005C00270000%2CTSLA261005C00275000%2CTSLA261005C00280000%2CTSLA261005C00285000%2CTSLA261005C00290000%2CTSLA261005C00295000%2CTSLA261005C00300000%2CTSLA261005C00305000%2CTSLA261005C00310000%2CTSLA261005C00315000%2CTSLA261005C00317500%2CTSLA261005C00320000%2CTSLA261005C00322500%2CTSLA261005C00325000%2CTSLA261005C00327500%2CTSLA261005C00330000%2CTSLA261005C00332500%2CTSLA261005C00335000%2CTSLA261005C00337500%2CTSLA261005C00340000%2CTSLA261005C00342500%2CTSLA261005C00345000%2CTSLA261005C00347500%2CTSLA261005C00350000%2CTSLA261005C00352500%2CTSLA261005C00355000%2CTSLA261005C00357500%2CTSLA261005C00360000%2CTSLA261005C00362500%2CTSLA261005C00365000%2CTSLA261005C00367500%2CTSLA261005C00370000%2CTSLA261005C00372500%2CTSLA261005C00375000%2CTSLA261005C00377500%2CTSLA261005C00380000%2CTSLA261005C00382500%2CTSLA261005C00385000%2CTSLA261005C00387500%2CTSLA261005C00390000%2CTSLA261005C00392500%2CTSLA261005C00395000%2CTSLA261005C00397500%2CTSLA261005C00400000%2CTSLA261005C00402500%2CTSLA261005C00405000&greeks=true'
For more information check: https://developer.mozilla.org/en-US/docs/Web/HTTP/Status/401
2026-10-02T10:22:08 | WARNING  | app.scanning.alpaca_confirmer | AlpacaConfirmer: cannot fetch chain for AAPL 2026-10-05: Client error '401 Unauthorized' for url 'https://api.tradier.com/v1/markets/quotes?symbols=AAPL261005C00245000%2CAAPL261005C00250000%2CAAPL261005C00255000%2CAAPL261005C00260000%2CAAPL261005C00265000%2CAAPL261005C00270000%2CAAPL261005C00275000%2CAAPL261005C00280000%2CAAPL261005C00285000%2CAAPL261005C00290000%2CAAPL261005C00295000%2CAAPL261005C00300000%2CAAPL261005C00302500%2CAAPL261005C00305000%2CAAPL261005C00307500%2CAAPL261005C00310000%2CAAPL261005C00312500%2CAAPL261005C00315000%2CAAPL261005C00317500%2CAAPL261005C00320000%2CAAPL261005C00322500%2CAAPL261005C00325000%2CAAPL261005C00327500%2CAAPL261005C00330000%2CAAPL261005C00332500%2CAAPL261005C00335000%2CAAPL261005C00337500%2CAAPL261005C00340000%2CAAPL261005C00342500%2CAAPL261005C00345000%2CAAPL261005C00347500%2CAAPL261005C00350000%2CAAPL261005C00352500%2CAAPL261005C00355000%2CAAPL261005C00357500%2CAAPL261005C00360000%2CAAPL261005C00362500%2CAAPL261005C00365000%2CAAPL261005C00367500%2CAAPL261005C00370000%2CAAPL261005C00372500%2CAAPL261005C00375000%2CAAPL261005C00380000%2CAAPL261005C00385000%2CAAPL261005C00390000%2CAAPL261005C00395000%2CAAPL261005C00400000%2CAAPL261005C00405000%2CAAPL261005P00245000%2CAAPL261005P00250000&greeks=true'
For more information check: https://developer.mozilla.org/en-US/docs/Web/HTTP/Status/401
2026-10-02T10:22:08 | WARNING  | app.scanning.alpaca_confirmer | AlpacaConfirmer: cannot fetch chain for NVDA 2026-10-05: Client error '401 Unauthorized' for url 'https://api.tradier.com/v1/markets/quotes?symbols=NVDA261005C00115000%2CNVDA261005C00120000%2CNVDA261005C00125000%2CNVDA261005C00130000%2CNVDA261005C00135000%2CNVDA261005C00140000%2CNVDA261005C00145000%2CNVDA261005C00150000%2CNVDA261005C00155000%2CNVDA261005C00160000%2CNVDA261005C00165000%2CNVDA261005C00170000%2CNVDA261005C00175000%2CNVDA261005C00180000%2CNVDA261005C00185000%2CNVDA261005C00190000%2CNVDA261005C00195000%2CNVDA261005C00197500%2CNVDA261005C00200000%2CNVDA261005C00202500%2CNVDA261005C00205000%2CNVDA261005C00207500%2CNVDA261005C00210000%2CNVDA261005C00212500%2CNVDA261005C00215000%2CNVDA261005C00217500%2CNVDA261005C00220000%2CNVDA261005C00222500%2CNVDA261005C00225000%2CNVDA261005C00227500%2CNVDA261005C00230000%2CNVDA261005C00232500%2CNVDA261005C00235000%2CNVDA261005C00237500%2CNVDA261005C00240000%2CNVDA261005C00242500%2CNVDA261005C00245000%2CNVDA261005C00247500%2CNVDA261005C00250000%2CNVDA261005C00252500%2CNVDA261005C00255000%2CNVDA261005C00260000%2CNVDA261005C00265000%2CNVDA261005C00270000%2CNVDA261005C00275000%2CNVDA261005C00280000%2CNVDA261005C00285000%2CNVDA261005C00290000%2CNVDA261005C00295000%2CNVDA261005P00115000&greeks=true'
For more information check: https://developer.mozilla.org/en-US/docs/Web/HTTP/Status/401
2026-10-02T10:22:08 | WARNING  | app.scanning.alpaca_confirmer | AlpacaConfirmer: cannot fetch chain for MARA 2026-10-09: Client error '401 Unauthorized' for url 'https://api.tradier.com/v1/markets/quotes?symbols=MARA261009C00004000%2CMARA261009C00005000%2CMARA261009C00006000%2CMARA261009C00006500%2CMARA261009C00007000%2CMARA261009C00007500%2CMARA261009C00008000%2CMARA261009C00008500%2CMARA261009C00009000%2CMARA261009C00009500%2CMARA261009C00010000%2CMARA261009C00010500%2CMARA261009C00011000%2CMARA261009C00011500%2CMARA261009C00012000%2CMARA261009C00012500%2CMARA261009C00013000%2CMARA261009C00013500%2CMARA261009C00014000%2CMARA261009C00014500%2CMARA261009C00015000%2CMARA261009C00015500%2CMARA261009C00016000%2CMARA261009C00016500%2CMARA261009C00017000%2CMARA261009C00017500%2CMARA261009C00018000%2CMARA261009C00019000%2CMARA261009C00020000%2CMARA261009C00021000%2CMARA261009C00022000%2CMARA261009C00023000%2CMARA261009P00004000%2CMARA261009P00005000%2CMARA261009P00006000%2CMARA261009P00006500%2CMARA261009P00007000%2CMARA261009P00007500%2CMARA261009P00008000%2CMARA261009P00008500%2CMARA261009P00009000%2CMARA261009P00009500%2CMARA261009P00010000%2CMARA261009P00010500%2CMARA261009P00011000%2CMARA261009P00011500%2CMARA261009P00012000%2CMARA261009P00012500%2CMARA261009P00013000%2CMARA261009P00013500&greeks=true'
For more information check: https://developer.mozilla.org/en-US/docs/Web/HTTP/Status/401
2026-10-02T10:22:08 | WARNING  | app.scanning.alpaca_confirmer | AlpacaConfirmer: cannot fetch chain for AVGO 2026-10-05: Client error '401 Unauthorized' for url 'https://api.tradier.com/v1/markets/quotes?symbols=AVGO261005C00285000%2CAVGO261005C00290000%2CAVGO261005C00295000%2CAVGO261005C00300000%2CAVGO261005C00305000%2CAVGO261005C00310000%2CAVGO261005C00315000%2CAVGO261005C00317500%2CAVGO261005C00320000%2CAVGO261005C00322500%2CAVGO261005C00325000%2CAVGO261005C00327500%2CAVGO261005C00330000%2CAVGO261005C00332500%2CAVGO261005C00335000%2CAVGO261005C00337500%2CAVGO261005C00340000%2CAVGO261005C00342500%2CAVGO261005C00345000%2CAVGO261005C00347500%2CAVGO261005C00350000%2CAVGO261005C00352500%2CAVGO261005C00355000%2CAVGO261005C00357500%2CAVGO261005C00360000%2CAVGO261005C00362500%2CAVGO261005C00365000%2CAVGO261005C00367500%2CAVGO261005C00370000%2CAVGO261005C00372500%2CAVGO261005C00375000%2CAVGO261005C00377500%2CAVGO261005C00380000%2CAVGO261005C00382500%2CAVGO261005C00385000%2CAVGO261005C00387500%2CAVGO261005C00390000%2CAVGO261005C00392500%2CAVGO261005C00395000%2CAVGO261005C00397500%2CAVGO261005C00400000%2CAVGO261005C00402500%2CAVGO261005C00405000%2CAVGO261005C00407500%2CAVGO261005C00410000%2CAVGO261005C00412500%2CAVGO261005C00415000%2CAVGO261005C00417500%2CAVGO261005C00420000%2CAVGO261005C00422500&greeks=true'
For more information check: https://developer.mozilla.org/en-US/docs/Web/HTTP/Status/401
2026-10-02T10:22:08 | WARNING  | app.scanning.alpaca_confirmer | AlpacaConfirmer: cannot fetch chain for RIVN 2026-10-09: Client error '401 Unauthorized' for url 'https://api.tradier.com/v1/markets/quotes?symbols=RIVN261009C00005000%2CRIVN261009C00009000%2CRIVN261009C00010000%2CRIVN261009C00010500%2CRIVN261009C00011000%2CRIVN261009C00011500%2CRIVN261009C00012000%2CRIVN261009C00012500%2CRIVN261009C00013000%2CRIVN261009C00013500%2CRIVN261009C00014000%2CRIVN261009C00014500%2CRIVN261009C00015000%2CRIVN261009C00015500%2CRIVN261009C00016000%2CRIVN261009C00016500%2CRIVN261009C00017000%2CRIVN261009C00017500%2CRIVN261009C00018000%2CRIVN261009C00018500%2CRIVN261009C00019000%2CRIVN261009C00019500%2CRIVN261009C00020000%2CRIVN261009C00020500%2CRIVN261009C00021000%2CRIVN261009C00021500%2CRIVN261009C00022000%2CRIVN261009C00023000%2CRIVN261009C00024000%2CRIVN261009C00025000%2CRIVN261009C00030000%2CRIVN261009P00005000%2CRIVN261009P00009000%2CRIVN261009P00010000%2CRIVN261009P00010500%2CRIVN261009P00011000%2CRIVN261009P00011500%2CRIVN261009P00012000%2CRIVN261009P00012500%2CRIVN261009P00013000%2CRIVN261009P00013500%2CRIVN261009P00014000%2CRIVN261009P00014500%2CRIVN261009P00015000%2CRIVN261009P00015500%2CRIVN261009P00016000%2CRIVN261009P00016500%2CRIVN261009P00017000%2CRIVN261009P00017500%2CRIVN261009P00018000&greeks=true'
For more information check: https://developer.mozilla.org/en-US/docs/Web/HTTP/Status/401
2026-10-02T10:22:08 | WARNING  | app.scanning.alpaca_confirmer | AlpacaConfirmer: cannot fetch chain for QQQ 2026-10-05: Client error '401 Unauthorized' for url 'https://api.tradier.com/v1/markets/quotes?symbols=QQQ261005C00450000%2CQQQ261005C00455000%2CQQQ261005C00460000%2CQQQ261005C00465000%2CQQQ261005C00470000%2CQQQ261005C00475000%2CQQQ261005C00480000%2CQQQ261005C00485000%2CQQQ261005C00490000%2CQQQ261005C00495000%2CQQQ261005C00500000%2CQQQ261005C00505000%2CQQQ261005C00510000%2CQQQ261005C00515000%2CQQQ261005C00520000%2CQQQ261005C00525000%2CQQQ261005C00530000%2CQQQ261005C00535000%2CQQQ261005C00540000%2CQQQ261005C00545000%2CQQQ261005C00550000%2CQQQ261005C00555000%2CQQQ261005C00560000%2CQQQ261005C00565000%2CQQQ261005C00570000%2CQQQ261005C00575000%2CQQQ261005C00580000%2CQQQ261005C00585000%2CQQQ261005C00590000%2CQQQ261005C00595000%2CQQQ261005C00600000%2CQQQ261005C00605000%2CQQQ261005C00610000%2CQQQ261005C00615000%2CQQQ261005C00620000%2CQQQ261005C00625000%2CQQQ261005C00630000%2CQQQ261005C00635000%2CQQQ261005C00640000%2CQQQ261005C00645000%2CQQQ261005C00650000%2CQQQ261005C00655000%2CQQQ261005C00660000%2CQQQ261005C00665000%2CQQQ261005C00670000%2CQQQ261005C00675000%2CQQQ261005C00680000%2CQQQ261005C00685000%2CQQQ261005C00689000%2CQQQ261005C00690000&greeks=true'
For more information check: https://developer.mozilla.org/en-US/docs/Web/HTTP/Status/401
2026-10-02T10:22:09 | WARNING  | app.scanning.alpaca_confirmer | AlpacaConfirmer: cannot fetch chain for XLE 2026-10-05: Client error '401 Unauthorized' for url 'https://api.tradier.com/v1/markets/quotes?symbols=XLE261005C00048000%2CXLE261005C00049000%2CXLE261005C00050000%2CXLE261005C00051000%2CXLE261005C00052000%2CXLE261005C00053000%2CXLE261005C00054000%2CXLE261005C00055000%2CXLE261005C00056000%2CXLE261005C00057000%2CXLE261005C00058000%2CXLE261005C00059000%2CXLE261005C00060000%2CXLE261005C00061000%2CXLE261005C00062000%2CXLE261005C00063000%2CXLE261005C00064000%2CXLE261005C00065000%2CXLE261005C00066000%2CXLE261005C00067000%2CXLE261005C00068000%2CXLE261005C00069000%2CXLE261005C00070000%2CXLE261005C00071000%2CXLE261005C00072000%2CXLE261005C00073000%2CXLE261005C00074000%2CXLE261005C00075000%2CXLE261005C00076000%2CXLE261005C00077000%2CXLE261005C00078000%2CXLE261005C00079000%2CXLE261005P00048000%2CXLE261005P00049000%2CXLE261005P00050000%2CXLE261005P00051000%2CXLE261005P00052000%2CXLE261005P00053000%2CXLE261005P00054000%2CXLE261005P00055000%2CXLE261005P00056000%2CXLE261005P00057000%2CXLE261005P00058000%2CXLE261005P00059000%2CXLE261005P00060000%2CXLE261005P00061000%2CXLE261005P00062000%2CXLE261005P00063000%2CXLE261005P00064000%2CXLE261005P00065000&greeks=true'
For more information check: https://developer.mozilla.org/en-US/docs/Web/HTTP/Status/401
2026-10-02T10:22:09 | WARNING  | app.scanning.alpaca_confirmer | AlpacaConfirmer: cannot fetch chain for HOOD 2026-10-09: Client error '401 Unauthorized' for url 'https://api.tradier.com/v1/markets/quotes?symbols=HOOD261009C00025000%2CHOOD261009C00030000%2CHOOD261009C00035000%2CHOOD261009C00040000%2CHOOD261009C00045000%2CHOOD261009C00050000%2CHOOD261009C00055000%2CHOOD261009C00060000%2CHOOD261009C00065000%2CHOOD261009C00070000%2CHOOD261009C00075000%2CHOOD261009C00080000%2CHOOD261009C00085000%2CHOOD261009C00090000%2CHOOD261009C00091000%2CHOOD261009C00092000%2CHOOD261009C00093000%2CHOOD261009C00094000%2CHOOD261009C00095000%2CHOOD261009C00096000%2CHOOD261009C00097000%2CHOOD261009C00098000%2CHOOD261009C00099000%2CHOOD261009C00100000%2CHOOD261009C00101000%2CHOOD261009C00102000%2CHOOD261009C00103000%2CHOOD261009C00104000%2CHOOD261009C00105000%2CHOOD261009C00106000%2CHOOD261009C00107000%2CHOOD261009C00108000%2CHOOD261009C00109000%2CHOOD261009C00110000%2CHOOD261009C00111000%2CHOOD261009C00112000%2CHOOD261009C00113000%2CHOOD261009C00114000%2CHOOD261009C00115000%2CHOOD261009C00116000%2CHOOD261009C00117000%2CHOOD261009C00118000%2CHOOD261009C00119000%2CHOOD261009C00120000%2CHOOD261009C00121000%2CHOOD261009C00122000%2CHOOD261009C00123000%2CHOOD261009C00124000%2CHOOD261009C00125000%2CHOOD261009C00126000&greeks=true'
For more information check: https://developer.mozilla.org/en-US/docs/Web/HTTP/Status/401
2026-10-02T10:22:09 | WARNING  | app.scanning.alpaca_confirmer | AlpacaConfirmer: cannot fetch chain for SPY 2026-10-05: Client error '401 Unauthorized' for url 'https://api.tradier.com/v1/markets/quotes?symbols=SPY261005C00550000%2CSPY261005C00555000%2CSPY261005C00560000%2CSPY261005C00565000%2CSPY261005C00570000%2CSPY261005C00575000%2CSPY261005C00580000%2CSPY261005C00585000%2CSPY261005C00590000%2CSPY261005C00595000%2CSPY261005C00600000%2CSPY261005C00605000%2CSPY261005C00610000%2CSPY261005C00615000%2CSPY261005C00620000%2CSPY261005C00625000%2CSPY261005C00630000%2CSPY261005C00635000%2CSPY261005C00640000%2CSPY261005C00645000%2CSPY261005C00650000%2CSPY261005C00655000%2CSPY261005C00660000%2CSPY261005C00665000%2CSPY261005C00670000%2CSPY261005C00675000%2CSPY261005C00680000%2CSPY261005C00685000%2CSPY261005C00690000%2CSPY261005C00695000%2CSPY261005C00700000%2CSPY261005C00705000%2CSPY261005C00710000%2CSPY261005C00715000%2CSPY261005C00720000%2CSPY261005C00723000%2CSPY261005C00724000%2CSPY261005C00725000%2CSPY261005C00726000%2CSPY261005C00727000%2CSPY261005C00728000%2CSPY261005C00729000%2CSPY261005C00730000%2CSPY261005C00731000%2CSPY261005C00732000%2CSPY261005C00733000%2CSPY261005C00734000%2CSPY261005C00735000%2CSPY261005C00736000%2CSPY261005C00737000&greeks=true'
For more information check: https://developer.mozilla.org/en-US/docs/Web/HTTP/Status/401
2026-10-02T10:22:09 | WARNING  | app.scanning.alpaca_confirmer | AlpacaConfirmer: cannot fetch chain for AMD 2026-10-05: Client error '401 Unauthorized' for url 'https://api.tradier.com/v1/markets/quotes?symbols=AMD261005C00310000%2CAMD261005C00315000%2CAMD261005C00320000%2CAMD261005C00325000%2CAMD261005C00330000%2CAMD261005C00335000%2CAMD261005C00340000%2CAMD261005C00345000%2CAMD261005C00350000%2CAMD261005C00355000%2CAMD261005C00360000%2CAMD261005C00365000%2CAMD261005C00370000%2CAMD261005C00375000%2CAMD261005C00380000%2CAMD261005C00385000%2CAMD261005C00390000%2CAMD261005C00395000%2CAMD261005C00400000%2CAMD261005C00405000%2CAMD261005C00410000%2CAMD261005C00415000%2CAMD261005C00420000%2CAMD261005C00425000%2CAMD261005C00430000%2CAMD261005C00435000%2CAMD261005C00440000%2CAMD261005C00445000%2CAMD261005C00450000%2CAMD261005C00455000%2CAMD261005C00460000%2CAMD261005C00465000%2CAMD261005C00470000%2CAMD261005C00475000%2CAMD261005C00480000%2CAMD261005C00485000%2CAMD261005C00490000%2CAMD261005C00495000%2CAMD261005C00500000%2CAMD261005C00505000%2CAMD261005C00507500%2CAMD261005C00510000%2CAMD261005C00512500%2CAMD261005C00515000%2CAMD261005C00517500%2CAMD261005C00520000%2CAMD261005C00522500%2CAMD261005C00525000%2CAMD261005C00527500%2CAMD261005C00530000&greeks=true'
For more information check: https://developer.mozilla.org/en-US/docs/Web/HTTP/Status/401
2026-10-02T10:22:09 | WARNING  | app.scanning.alpaca_confirmer | AlpacaConfirmer: cannot fetch chain for GOOGL 2026-10-05: Client error '401 Unauthorized' for url 'https://api.tradier.com/v1/markets/quotes?symbols=GOOGL261005C00265000%2CGOOGL261005C00270000%2CGOOGL261005C00275000%2CGOOGL261005C00280000%2CGOOGL261005C00285000%2CGOOGL261005C00290000%2CGOOGL261005C00295000%2CGOOGL261005C00300000%2CGOOGL261005C00305000%2CGOOGL261005C00307500%2CGOOGL261005C00310000%2CGOOGL261005C00312500%2CGOOGL261005C00315000%2CGOOGL261005C00317500%2CGOOGL261005C00320000%2CGOOGL261005C00322500%2CGOOGL261005C00325000%2CGOOGL261005C00327500%2CGOOGL261005C00330000%2CGOOGL261005C00332500%2CGOOGL261005C00335000%2CGOOGL261005C00337500%2CGOOGL261005C00340000%2CGOOGL261005C00342500%2CGOOGL261005C00345000%2CGOOGL261005C00347500%2CGOOGL261005C00350000%2CGOOGL261005C00352500%2CGOOGL261005C00355000%2CGOOGL261005C00357500%2CGOOGL261005C00360000%2CGOOGL261005C00362500%2CGOOGL261005C00365000%2CGOOGL261005C00367500%2CGOOGL261005C00370000%2CGOOGL261005C00372500%2CGOOGL261005C00375000%2CGOOGL261005C00377500%2CGOOGL261005C00380000%2CGOOGL261005C00382500%2CGOOGL261005C00385000%2CGOOGL261005C00387500%2CGOOGL261005C00390000%2CGOOGL261005C00392500%2CGOOGL261005C00395000%2CGOOGL261005C00397500%2CGOOGL261005C00400000%2CGOOGL261005C00402500%2CGOOGL261005C00405000%2CGOOGL261005C00407500&greeks=true'
For more information check: https://developer.mozilla.org/en-US/docs/Web/HTTP/Status/401
2026-10-02T10:22:09 | INFO     | session_runner | AlpacaConfirmer: 0 confirmed symbols: []
2026-10-02T10:22:09 | WARNING  | session_runner | Re-scan returned no confirmed symbols — falling back to ['SPY']
2026-10-02T10:22:09 | INFO     | session_runner | Broad-market regime | SPY=long
2026-10-02T10:22:09 | INFO     | session_runner | [bridge:SPY] rsi_trend ready: sufficient bars
2026-10-02T10:22:09 | INFO     | session_runner | Stale signal: SPY/vwap_reclaim age=107 min > max 10 min — skipped
2026-10-02T10:22:09 | INFO     | session_runner | Stale signal: SPY/vwap_reclaim age=12 min > max 10 min — skipped
2026-10-02T10:22:39 | INFO     | session_runner | [cycle 102] 10:22:39 ET | positions=0 | entries=0
2026-10-02T10:22:40 | INFO     | session_runner | [bridge:SPY] rsi_trend ready: sufficient bars
2026-10-02T10:22:40 | INFO     | session_runner | Stale signal: SPY/vwap_reclaim age=108 min > max 10 min — skipped
2026-10-02T10:22:40 | INFO     | session_runner | Stale signal: SPY/vwap_reclaim age=13 min > max 10 min — skipped
2026-10-02T10:23:10 | INFO     | session_runner | [cycle 103] 10:23:10 ET | positions=0 | entries=0
2026-10-02T10:23:10 | INFO     | session_runner | [bridge:SPY] rsi_trend ready: sufficient bars
2026-10-02T10:23:10 | INFO     | session_runner | Stale signal: SPY/vwap_reclaim age=108 min > max 10 min — skipped
2026-10-02T10:23:10 | INFO     | session_runner | Stale signal: SPY/vwap_reclaim age=13 min > max 10 min — skipped
2026-10-02T10:23:40 | INFO     | session_runner | [cycle 104] 10:23:40 ET | positions=0 | entries=0
2026-10-02T10:23:40 | INFO     | session_runner | [bridge:SPY] rsi_trend ready: sufficient bars
2026-10-02T10:23:40 | INFO     | session_runner | Stale signal: SPY/vwap_reclaim age=109 min > max 10 min — skipped
2026-10-02T10:23:40 | INFO     | session_runner | Stale signal: SPY/vwap_reclaim age=14 min > max 10 min — skipped
2026-10-02T10:24:10 | INFO     | session_runner | [cycle 105] 10:24:10 ET | positions=0 | entries=0
2026-10-02T10:24:11 | INFO     | session_runner | [bridge:SPY] rsi_trend ready: sufficient bars
2026-10-02T10:24:11 | INFO     | session_runner | Stale signal: SPY/vwap_reclaim age=109 min > max 10 min — skipped
2026-10-02T10:24:11 | INFO     | session_runner | Stale signal: SPY/vwap_reclaim age=14 min > max 10 min — skipped
2026-10-02T10:24:41 | INFO     | session_runner | [cycle 106] 10:24:41 ET | positions=0 | entries=0
2026-10-02T10:24:41 | INFO     | session_runner | [bridge:SPY] rsi_trend ready: sufficient bars
2026-10-02T10:24:41 | INFO     | session_runner | Stale signal: SPY/vwap_reclaim age=110 min > max 10 min — skipped
2026-10-02T10:24:41 | INFO     | session_runner | Stale signal: SPY/vwap_reclaim age=15 min > max 10 min — skipped
2026-10-02T10:25:11 | INFO     | session_runner | [cycle 107] 10:25:11 ET | positions=0 | entries=0
2026-10-02T10:25:12 | INFO     | session_runner | [bridge:SPY] rsi_trend ready: sufficient bars
2026-10-02T10:25:12 | INFO     | session_runner | Stale signal: SPY/vwap_reclaim age=110 min > max 10 min — skipped
2026-10-02T10:25:12 | INFO     | session_runner | Stale signal: SPY/vwap_reclaim age=15 min > max 10 min — skipped
2026-10-02T10:25:42 | INFO     | session_runner | [cycle 108] 10:25:42 ET | positions=0 | entries=0
2026-10-02T10:25:42 | INFO     | session_runner | [bridge:SPY] rsi_trend ready: sufficient bars
2026-10-02T10:25:42 | INFO     | session_runner | Stale signal: SPY/vwap_reclaim age=111 min > max 10 min — skipped
2026-10-02T10:25:42 | INFO     | session_runner | Stale signal: SPY/vwap_reclaim age=16 min > max 10 min — skipped
2026-10-02T10:26:12 | INFO     | session_runner | [cycle 109] 10:26:12 ET | positions=0 | entries=0
2026-10-02T10:26:12 | INFO     | session_runner | [bridge:SPY] rsi_trend ready: sufficient bars
2026-10-02T10:26:12 | INFO     | session_runner | Stale signal: SPY/vwap_reclaim age=111 min > max 10 min — skipped
2026-10-02T10:26:12 | INFO     | session_runner | Stale signal: SPY/vwap_reclaim age=16 min > max 10 min — skipped
2026-10-02T10:26:42 | INFO     | session_runner | [cycle 110] 10:26:42 ET | positions=0 | entries=0
2026-10-02T10:26:43 | INFO     | session_runner | [bridge:SPY] rsi_trend ready: sufficient bars
2026-10-02T10:26:43 | INFO     | session_runner | Stale signal: SPY/vwap_reclaim age=112 min > max 10 min — skipped
2026-10-02T10:26:43 | INFO     | session_runner | Stale signal: SPY/vwap_reclaim age=17 min > max 10 min — skipped
2026-10-02T10:27:13 | INFO     | session_runner | [cycle 111] 10:27:13 ET | positions=0 | entries=0
2026-10-02T10:27:13 | INFO     | session_runner | Periodic universe re-scan …
2026-10-02T10:27:13 | INFO     | app.scanning.universe_loader | UniverseLoader: loaded 5 groups (13 flat symbols) from config/ticker_universe.yaml (blacklist=0)
2026-10-02T10:27:13 | INFO     | app.scanning.universe_loader | UniverseLoader: 38 symbols from 4 group(s) (blacklist=0)
2026-10-02T10:27:13 | INFO     | session_runner | Universe scan: 38 symbols from 4 group(s) | max_active=6
2026-10-02T10:27:17 | INFO     | session_runner | Scan: 21 passed, 17 rejected
2026-10-02T10:27:17 | INFO     | session_runner |   TSLA    score=95.0  signal=LONG     reasons: rvol=3.83x (high), atr=3.18% (wide-range), orb_breakout
2026-10-02T10:27:17 | INFO     | session_runner |   AVGO    score=87.0  signal=LONG     reasons: rvol=2.37x (high), atr=2.81% (wide-range), orb_breakout
2026-10-02T10:27:17 | INFO     | session_runner |   NVDA    score=85.0  signal=LONG     reasons: rvol=3.09x (high), atr=2.34% (wide-range), orb_breakout
2026-10-02T10:27:17 | INFO     | session_runner |   SPY     score=83.0  signal=LONG     reasons: rvol=1.55x (elevated), atr=0.88% (good range), orb_breakout
2026-10-02T10:27:17 | INFO     | session_runner |   AAPL    score=75.0  signal=LONG     reasons: rvol=1.08x (normal), atr=2.03% (wide-range), orb_breakout
2026-10-02T10:27:17 | WARNING  | app.scanning.alpaca_confirmer | AlpacaConfirmer: cannot fetch chain for HOOD 2026-10-09: Client error '401 Unauthorized' for url 'https://api.tradier.com/v1/markets/quotes?symbols=HOOD261009C00025000%2CHOOD261009C00030000%2CHOOD261009C00035000%2CHOOD261009C00040000%2CHOOD261009C00045000%2CHOOD261009C00050000%2CHOOD261009C00055000%2CHOOD261009C00060000%2CHOOD261009C00065000%2CHOOD261009C00070000%2CHOOD261009C00075000%2CHOOD261009C00080000%2CHOOD261009C00085000%2CHOOD261009C00090000%2CHOOD261009C00091000%2CHOOD261009C00092000%2CHOOD261009C00093000%2CHOOD261009C00094000%2CHOOD261009C00095000%2CHOOD261009C00096000%2CHOOD261009C00097000%2CHOOD261009C00098000%2CHOOD261009C00099000%2CHOOD261009C00100000%2CHOOD261009C00101000%2CHOOD261009C00102000%2CHOOD261009C00103000%2CHOOD261009C00104000%2CHOOD261009C00105000%2CHOOD261009C00106000%2CHOOD261009C00107000%2CHOOD261009C00108000%2CHOOD261009C00109000%2CHOOD261009C00110000%2CHOOD261009C00111000%2CHOOD261009C00112000%2CHOOD261009C00113000%2CHOOD261009C00114000%2CHOOD261009C00115000%2CHOOD261009C00116000%2CHOOD261009C00117000%2CHOOD261009C00118000%2CHOOD261009C00119000%2CHOOD261009C00120000%2CHOOD261009C00121000%2CHOOD261009C00122000%2CHOOD261009C00123000%2CHOOD261009C00124000%2CHOOD261009C00125000%2CHOOD261009C00126000&greeks=true'
For more information check: https://developer.mozilla.org/en-US/docs/Web/HTTP/Status/401
2026-10-02T10:27:17 | WARNING  | app.scanning.alpaca_confirmer | AlpacaConfirmer: cannot fetch chain for NVDA 2026-10-05: Client error '401 Unauthorized' for url 'https://api.tradier.com/v1/markets/quotes?symbols=NVDA261005C00115000%2CNVDA261005C00120000%2CNVDA261005C00125000%2CNVDA261005C00130000%2CNVDA261005C00135000%2CNVDA261005C00140000%2CNVDA261005C00145000%2CNVDA261005C00150000%2CNVDA261005C00155000%2CNVDA261005C00160000%2CNVDA261005C00165000%2CNVDA261005C00170000%2CNVDA261005C00175000%2CNVDA261005C00180000%2CNVDA261005C00185000%2CNVDA261005C00190000%2CNVDA261005C00195000%2CNVDA261005C00197500%2CNVDA261005C00200000%2CNVDA261005C00202500%2CNVDA261005C00205000%2CNVDA261005C00207500%2CNVDA261005C00210000%2CNVDA261005C00212500%2CNVDA261005C00215000%2CNVDA261005C00217500%2CNVDA261005C00220000%2CNVDA261005C00222500%2CNVDA261005C00225000%2CNVDA261005C00227500%2CNVDA261005C00230000%2CNVDA261005C00232500%2CNVDA261005C00235000%2CNVDA261005C00237500%2CNVDA261005C00240000%2CNVDA261005C00242500%2CNVDA261005C00245000%2CNVDA261005C00247500%2CNVDA261005C00250000%2CNVDA261005C00252500%2CNVDA261005C00255000%2CNVDA261005C00260000%2CNVDA261005C00265000%2CNVDA261005C00270000%2CNVDA261005C00275000%2CNVDA261005C00280000%2CNVDA261005C00285000%2CNVDA261005C00290000%2CNVDA261005C00295000%2CNVDA261005P00115000&greeks=true'
For more information check: https://developer.mozilla.org/en-US/docs/Web/HTTP/Status/401
2026-10-02T10:27:17 | WARNING  | app.scanning.alpaca_confirmer | AlpacaConfirmer: cannot fetch chain for AAPL 2026-10-05: Client error '401 Unauthorized' for url 'https://api.tradier.com/v1/markets/quotes?symbols=AAPL261005C00245000%2CAAPL261005C00250000%2CAAPL261005C00255000%2CAAPL261005C00260000%2CAAPL261005C00265000%2CAAPL261005C00270000%2CAAPL261005C00275000%2CAAPL261005C00280000%2CAAPL261005C00285000%2CAAPL261005C00290000%2CAAPL261005C00295000%2CAAPL261005C00300000%2CAAPL261005C00302500%2CAAPL261005C00305000%2CAAPL261005C00307500%2CAAPL261005C00310000%2CAAPL261005C00312500%2CAAPL261005C00315000%2CAAPL261005C00317500%2CAAPL261005C00320000%2CAAPL261005C00322500%2CAAPL261005C00325000%2CAAPL261005C00327500%2CAAPL261005C00330000%2CAAPL261005C00332500%2CAAPL261005C00335000%2CAAPL261005C00337500%2CAAPL261005C00340000%2CAAPL261005C00342500%2CAAPL261005C00345000%2CAAPL261005C00347500%2CAAPL261005C00350000%2CAAPL261005C00352500%2CAAPL261005C00355000%2CAAPL261005C00357500%2CAAPL261005C00360000%2CAAPL261005C00362500%2CAAPL261005C00365000%2CAAPL261005C00367500%2CAAPL261005C00370000%2CAAPL261005C00372500%2CAAPL261005C00375000%2CAAPL261005C00380000%2CAAPL261005C00385000%2CAAPL261005C00390000%2CAAPL261005C00395000%2CAAPL261005C00400000%2CAAPL261005C00405000%2CAAPL261005P00245000%2CAAPL261005P00250000&greeks=true'
For more information check: https://developer.mozilla.org/en-US/docs/Web/HTTP/Status/401
2026-10-02T10:27:17 | WARNING  | app.scanning.alpaca_confirmer | AlpacaConfirmer: cannot fetch chain for SPY 2026-10-05: Client error '401 Unauthorized' for url 'https://api.tradier.com/v1/markets/quotes?symbols=SPY261005C00550000%2CSPY261005C00555000%2CSPY261005C00560000%2CSPY261005C00565000%2CSPY261005C00570000%2CSPY261005C00575000%2CSPY261005C00580000%2CSPY261005C00585000%2CSPY261005C00590000%2CSPY261005C00595000%2CSPY261005C00600000%2CSPY261005C00605000%2CSPY261005C00610000%2CSPY261005C00615000%2CSPY261005C00620000%2CSPY261005C00625000%2CSPY261005C00630000%2CSPY261005C00635000%2CSPY261005C00640000%2CSPY261005C00645000%2CSPY261005C00650000%2CSPY261005C00655000%2CSPY261005C00660000%2CSPY261005C00665000%2CSPY261005C00670000%2CSPY261005C00675000%2CSPY261005C00680000%2CSPY261005C00685000%2CSPY261005C00690000%2CSPY261005C00695000%2CSPY261005C00700000%2CSPY261005C00705000%2CSPY261005C00710000%2CSPY261005C00715000%2CSPY261005C00720000%2CSPY261005C00723000%2CSPY261005C00724000%2CSPY261005C00725000%2CSPY261005C00726000%2CSPY261005C00727000%2CSPY261005C00728000%2CSPY261005C00729000%2CSPY261005C00730000%2CSPY261005C00731000%2CSPY261005C00732000%2CSPY261005C00733000%2CSPY261005C00734000%2CSPY261005C00735000%2CSPY261005C00736000%2CSPY261005C00737000&greeks=true'
For more information check: https://developer.mozilla.org/en-US/docs/Web/HTTP/Status/401
2026-10-02T10:27:17 | WARNING  | app.scanning.alpaca_confirmer | AlpacaConfirmer: cannot fetch chain for AMD 2026-10-05: Client error '401 Unauthorized' for url 'https://api.tradier.com/v1/markets/quotes?symbols=AMD261005C00310000%2CAMD261005C00315000%2CAMD261005C00320000%2CAMD261005C00325000%2CAMD261005C00330000%2CAMD261005C00335000%2CAMD261005C00340000%2CAMD261005C00345000%2CAMD261005C00350000%2CAMD261005C00355000%2CAMD261005C00360000%2CAMD261005C00365000%2CAMD261005C00370000%2CAMD261005C00375000%2CAMD261005C00380000%2CAMD261005C00385000%2CAMD261005C00390000%2CAMD261005C00395000%2CAMD261005C00400000%2CAMD261005C00405000%2CAMD261005C00410000%2CAMD261005C00415000%2CAMD261005C00420000%2CAMD261005C00425000%2CAMD261005C00430000%2CAMD261005C00435000%2CAMD261005C00440000%2CAMD261005C00445000%2CAMD261005C00450000%2CAMD261005C00455000%2CAMD261005C00460000%2CAMD261005C00465000%2CAMD261005C00470000%2CAMD261005C00475000%2CAMD261005C00480000%2CAMD261005C00485000%2CAMD261005C00490000%2CAMD261005C00495000%2CAMD261005C00500000%2CAMD261005C00505000%2CAMD261005C00507500%2CAMD261005C00510000%2CAMD261005C00512500%2CAMD261005C00515000%2CAMD261005C00517500%2CAMD261005C00520000%2CAMD261005C00522500%2CAMD261005C00525000%2CAMD261005C00527500%2CAMD261005C00530000&greeks=true'
For more information check: https://developer.mozilla.org/en-US/docs/Web/HTTP/Status/401
2026-10-02T10:27:17 | WARNING  | app.scanning.alpaca_confirmer | AlpacaConfirmer: cannot fetch chain for RIOT 2026-10-09: Client error '401 Unauthorized' for url 'https://api.tradier.com/v1/markets/quotes?symbols=RIOT261009C00008000%2CRIOT261009C00009000%2CRIOT261009C00010000%2CRIOT261009C00011000%2CRIOT261009C00012000%2CRIOT261009C00013000%2CRIOT261009C00014000%2CRIOT261009C00015000%2CRIOT261009C00016000%2CRIOT261009C00017000%2CRIOT261009C00017500%2CRIOT261009C00018000%2CRIOT261009C00018500%2CRIOT261009C00019000%2CRIOT261009C00019500%2CRIOT261009C00020000%2CRIOT261009C00020500%2CRIOT261009C00021000%2CRIOT261009C00021500%2CRIOT261009C00022000%2CRIOT261009C00022500%2CRIOT261009C00023000%2CRIOT261009C00023500%2CRIOT261009C00024000%2CRIOT261009C00024500%2CRIOT261009C00025000%2CRIOT261009C00025500%2CRIOT261009C00026000%2CRIOT261009C00026500%2CRIOT261009C00027000%2CRIOT261009C00027500%2CRIOT261009C00028000%2CRIOT261009C00028500%2CRIOT261009C00029000%2CRIOT261009C00029500%2CRIOT261009C00030000%2CRIOT261009C00031000%2CRIOT261009C00032000%2CRIOT261009C00033000%2CRIOT261009C00034000%2CRIOT261009C00035000%2CRIOT261009P00008000%2CRIOT261009P00009000%2CRIOT261009P00010000%2CRIOT261009P00011000%2CRIOT261009P00012000%2CRIOT261009P00013000%2CRIOT261009P00014000%2CRIOT261009P00015000%2CRIOT261009P00016000&greeks=true'
For more information check: https://developer.mozilla.org/en-US/docs/Web/HTTP/Status/401
2026-10-02T10:27:17 | WARNING  | app.scanning.alpaca_confirmer | AlpacaConfirmer: cannot fetch chain for QQQ 2026-10-05: Client error '401 Unauthorized' for url 'https://api.tradier.com/v1/markets/quotes?symbols=QQQ261005C00450000%2CQQQ261005C00455000%2CQQQ261005C00460000%2CQQQ261005C00465000%2CQQQ261005C00470000%2CQQQ261005C00475000%2CQQQ261005C00480000%2CQQQ261005C00485000%2CQQQ261005C00490000%2CQQQ261005C00495000%2CQQQ261005C00500000%2CQQQ261005C00505000%2CQQQ261005C00510000%2CQQQ261005C00515000%2CQQQ261005C00520000%2CQQQ261005C00525000%2CQQQ261005C00530000%2CQQQ261005C00535000%2CQQQ261005C00540000%2CQQQ261005C00545000%2CQQQ261005C00550000%2CQQQ261005C00555000%2CQQQ261005C00560000%2CQQQ261005C00565000%2CQQQ261005C00570000%2CQQQ261005C00575000%2CQQQ261005C00580000%2CQQQ261005C00585000%2CQQQ261005C00590000%2CQQQ261005C00595000%2CQQQ261005C00600000%2CQQQ261005C00605000%2CQQQ261005C00610000%2CQQQ261005C00615000%2CQQQ261005C00620000%2CQQQ261005C00625000%2CQQQ261005C00630000%2CQQQ261005C00635000%2CQQQ261005C00640000%2CQQQ261005C00645000%2CQQQ261005C00650000%2CQQQ261005C00655000%2CQQQ261005C00660000%2CQQQ261005C00665000%2CQQQ261005C00670000%2CQQQ261005C00675000%2CQQQ261005C00680000%2CQQQ261005C00685000%2CQQQ261005C00689000%2CQQQ261005C00690000&greeks=true'
For more information check: https://developer.mozilla.org/en-US/docs/Web/HTTP/Status/401
2026-10-02T10:27:17 | WARNING  | app.scanning.alpaca_confirmer | AlpacaConfirmer: cannot fetch chain for MARA 2026-10-09: Client error '401 Unauthorized' for url 'https://api.tradier.com/v1/markets/quotes?symbols=MARA261009C00004000%2CMARA261009C00005000%2CMARA261009C00006000%2CMARA261009C00006500%2CMARA261009C00007000%2CMARA261009C00007500%2CMARA261009C00008000%2CMARA261009C00008500%2CMARA261009C00009000%2CMARA261009C00009500%2CMARA261009C00010000%2CMARA261009C00010500%2CMARA261009C00011000%2CMARA261009C00011500%2CMARA261009C00012000%2CMARA261009C00012500%2CMARA261009C00013000%2CMARA261009C00013500%2CMARA261009C00014000%2CMARA261009C00014500%2CMARA261009C00015000%2CMARA261009C00015500%2CMARA261009C00016000%2CMARA261009C00016500%2CMARA261009C00017000%2CMARA261009C00017500%2CMARA261009C00018000%2CMARA261009C00019000%2CMARA261009C00020000%2CMARA261009C00021000%2CMARA261009C00022000%2CMARA261009C00023000%2CMARA261009P00004000%2CMARA261009P00005000%2CMARA261009P00006000%2CMARA261009P00006500%2CMARA261009P00007000%2CMARA261009P00007500%2CMARA261009P00008000%2CMARA261009P00008500%2CMARA261009P00009000%2CMARA261009P00009500%2CMARA261009P00010000%2CMARA261009P00010500%2CMARA261009P00011000%2CMARA261009P00011500%2CMARA261009P00012000%2CMARA261009P00012500%2CMARA261009P00013000%2CMARA261009P00013500&greeks=true'
For more information check: https://developer.mozilla.org/en-US/docs/Web/HTTP/Status/401
2026-10-02T10:27:17 | WARNING  | app.scanning.alpaca_confirmer | AlpacaConfirmer: cannot fetch chain for TSLA 2026-10-05: Client error '401 Unauthorized' for url 'https://api.tradier.com/v1/markets/quotes?symbols=TSLA261005C00250000%2CTSLA261005C00255000%2CTSLA261005C00260000%2CTSLA261005C00265000%2CTSLA261005C00270000%2CTSLA261005C00275000%2CTSLA261005C00280000%2CTSLA261005C00285000%2CTSLA261005C00290000%2CTSLA261005C00295000%2CTSLA261005C00300000%2CTSLA261005C00305000%2CTSLA261005C00310000%2CTSLA261005C00315000%2CTSLA261005C00317500%2CTSLA261005C00320000%2CTSLA261005C00322500%2CTSLA261005C00325000%2CTSLA261005C00327500%2CTSLA261005C00330000%2CTSLA261005C00332500%2CTSLA261005C00335000%2CTSLA261005C00337500%2CTSLA261005C00340000%2CTSLA261005C00342500%2CTSLA261005C00345000%2CTSLA261005C00347500%2CTSLA261005C00350000%2CTSLA261005C00352500%2CTSLA261005C00355000%2CTSLA261005C00357500%2CTSLA261005C00360000%2CTSLA261005C00362500%2CTSLA261005C00365000%2CTSLA261005C00367500%2CTSLA261005C00370000%2CTSLA261005C00372500%2CTSLA261005C00375000%2CTSLA261005C00377500%2CTSLA261005C00380000%2CTSLA261005C00382500%2CTSLA261005C00385000%2CTSLA261005C00387500%2CTSLA261005C00390000%2CTSLA261005C00392500%2CTSLA261005C00395000%2CTSLA261005C00397500%2CTSLA261005C00400000%2CTSLA261005C00402500%2CTSLA261005C00405000&greeks=true'
For more information check: https://developer.mozilla.org/en-US/docs/Web/HTTP/Status/401
2026-10-02T10:27:17 | WARNING  | app.scanning.alpaca_confirmer | AlpacaConfirmer: cannot fetch chain for XLE 2026-10-05: Client error '401 Unauthorized' for url 'https://api.tradier.com/v1/markets/quotes?symbols=XLE261005C00048000%2CXLE261005C00049000%2CXLE261005C00050000%2CXLE261005C00051000%2CXLE261005C00052000%2CXLE261005C00053000%2CXLE261005C00054000%2CXLE261005C00055000%2CXLE261005C00056000%2CXLE261005C00057000%2CXLE261005C00058000%2CXLE261005C00059000%2CXLE261005C00060000%2CXLE261005C00061000%2CXLE261005C00062000%2CXLE261005C00063000%2CXLE261005C00064000%2CXLE261005C00065000%2CXLE261005C00066000%2CXLE261005C00067000%2CXLE261005C00068000%2CXLE261005C00069000%2CXLE261005C00070000%2CXLE261005C00071000%2CXLE261005C00072000%2CXLE261005C00073000%2CXLE261005C00074000%2CXLE261005C00075000%2CXLE261005C00076000%2CXLE261005C00077000%2CXLE261005C00078000%2CXLE261005C00079000%2CXLE261005P00048000%2CXLE261005P00049000%2CXLE261005P00050000%2CXLE261005P00051000%2CXLE261005P00052000%2CXLE261005P00053000%2CXLE261005P00054000%2CXLE261005P00055000%2CXLE261005P00056000%2CXLE261005P00057000%2CXLE261005P00058000%2CXLE261005P00059000%2CXLE261005P00060000%2CXLE261005P00061000%2CXLE261005P00062000%2CXLE261005P00063000%2CXLE261005P00064000%2CXLE261005P00065000&greeks=true'
For more information check: https://developer.mozilla.org/en-US/docs/Web/HTTP/Status/401
2026-10-02T10:27:17 | WARNING  | app.scanning.alpaca_confirmer | AlpacaConfirmer: cannot fetch chain for AVGO 2026-10-05: Client error '401 Unauthorized' for url 'https://api.tradier.com/v1/markets/quotes?symbols=AVGO261005C00285000%2CAVGO261005C00290000%2CAVGO261005C00295000%2CAVGO261005C00300000%2CAVGO261005C00305000%2CAVGO261005C00310000%2CAVGO261005C00315000%2CAVGO261005C00317500%2CAVGO261005C00320000%2CAVGO261005C00322500%2CAVGO261005C00325000%2CAVGO261005C00327500%2CAVGO261005C00330000%2CAVGO261005C00332500%2CAVGO261005C00335000%2CAVGO261005C00337500%2CAVGO261005C00340000%2CAVGO261005C00342500%2CAVGO261005C00345000%2CAVGO261005C00347500%2CAVGO261005C00350000%2CAVGO261005C00352500%2CAVGO261005C00355000%2CAVGO261005C00357500%2CAVGO261005C00360000%2CAVGO261005C00362500%2CAVGO261005C00365000%2CAVGO261005C00367500%2CAVGO261005C00370000%2CAVGO261005C00372500%2CAVGO261005C00375000%2CAVGO261005C00377500%2CAVGO261005C00380000%2CAVGO261005C00382500%2CAVGO261005C00385000%2CAVGO261005C00387500%2CAVGO261005C00390000%2CAVGO261005C00392500%2CAVGO261005C00395000%2CAVGO261005C00397500%2CAVGO261005C00400000%2CAVGO261005C00402500%2CAVGO261005C00405000%2CAVGO261005C00407500%2CAVGO261005C00410000%2CAVGO261005C00412500%2CAVGO261005C00415000%2CAVGO261005C00417500%2CAVGO261005C00420000%2CAVGO261005C00422500&greeks=true'
For more information check: https://developer.mozilla.org/en-US/docs/Web/HTTP/Status/401
2026-10-02T10:27:17 | INFO     | session_runner | AlpacaConfirmer: 0 confirmed symbols: []
2026-10-02T10:27:17 | WARNING  | session_runner | Re-scan returned no confirmed symbols — falling back to ['SPY']
2026-10-02T10:27:17 | INFO     | session_runner | Broad-market regime | SPY=long
2026-10-02T10:27:17 | INFO     | session_runner | [bridge:SPY] rsi_trend ready: sufficient bars
2026-10-02T10:27:17 | INFO     | session_runner | Stale signal: SPY/vwap_reclaim age=112 min > max 10 min — skipped
2026-10-02T10:27:17 | INFO     | session_runner | Stale signal: SPY/vwap_reclaim age=17 min > max 10 min — skipped
2026-10-02T10:27:47 | INFO     | session_runner | [cycle 112] 10:27:47 ET | positions=0 | entries=0
2026-10-02T10:27:48 | INFO     | session_runner | [bridge:SPY] rsi_trend ready: sufficient bars
2026-10-02T10:27:48 | INFO     | session_runner | Stale signal: SPY/vwap_reclaim age=113 min > max 10 min — skipped
2026-10-02T10:27:48 | INFO     | session_runner | Stale signal: SPY/vwap_reclaim age=18 min > max 10 min — skipped
2026-10-02T10:28:18 | INFO     | session_runner | [cycle 113] 10:28:18 ET | positions=0 | entries=0
2026-10-02T10:28:18 | INFO     | session_runner | [bridge:SPY] rsi_trend ready: sufficient bars
2026-10-02T10:28:18 | INFO     | session_runner | Stale signal: SPY/vwap_reclaim age=113 min > max 10 min — skipped
2026-10-02T10:28:18 | INFO     | session_runner | Stale signal: SPY/vwap_reclaim age=18 min > max 10 min — skipped
2026-10-02T10:28:48 | INFO     | session_runner | [cycle 114] 10:28:48 ET | positions=0 | entries=0
2026-10-02T10:28:48 | INFO     | session_runner | [bridge:SPY] rsi_trend ready: sufficient bars
2026-10-02T10:28:48 | INFO     | session_runner | Stale signal: SPY/vwap_reclaim age=114 min > max 10 min — skipped
2026-10-02T10:28:48 | INFO     | session_runner | Stale signal: SPY/vwap_reclaim age=19 min > max 10 min — skipped
2026-10-02T10:29:18 | INFO     | session_runner | [cycle 115] 10:29:18 ET | positions=0 | entries=0
2026-10-02T10:29:19 | INFO     | session_runner | [bridge:SPY] rsi_trend ready: sufficient bars
2026-10-02T10:29:19 | INFO     | session_runner | Stale signal: SPY/vwap_reclaim age=114 min > max 10 min — skipped
2026-10-02T10:29:19 | INFO     | session_runner | Stale signal: SPY/vwap_reclaim age=19 min > max 10 min — skipped
2026-10-02T10:29:49 | INFO     | session_runner | [cycle 116] 10:29:49 ET | positions=0 | entries=0
2026-10-02T10:29:49 | INFO     | session_runner | [bridge:SPY] rsi_trend ready: sufficient bars
2026-10-02T10:29:49 | INFO     | session_runner | Stale signal: SPY/vwap_reclaim age=115 min > max 10 min — skipped
2026-10-02T10:29:49 | INFO     | session_runner | Stale signal: SPY/vwap_reclaim age=20 min > max 10 min — skipped
2026-10-02T10:30:19 | INFO     | session_runner | [cycle 117] 10:30:19 ET | positions=0 | entries=0
2026-10-02T10:30:19 | INFO     | session_runner | [bridge:SPY] rsi_trend ready: sufficient bars
2026-10-02T10:30:19 | INFO     | session_runner | Stale signal: SPY/vwap_reclaim age=115 min > max 10 min — skipped
2026-10-02T10:30:19 | INFO     | session_runner | Stale signal: SPY/vwap_reclaim age=20 min > max 10 min — skipped
2026-10-02T10:30:49 | INFO     | session_runner | [cycle 118] 10:30:49 ET | positions=0 | entries=0
2026-10-02T10:30:50 | INFO     | session_runner | [bridge:SPY] rsi_trend ready: sufficient bars
2026-10-02T10:30:50 | INFO     | session_runner | Stale signal: SPY/vwap_reclaim age=116 min > max 10 min — skipped
2026-10-02T10:30:50 | INFO     | session_runner | Stale signal: SPY/vwap_reclaim age=21 min > max 10 min — skipped
2026-10-02T10:31:20 | INFO     | session_runner | [cycle 119] 10:31:20 ET | positions=0 | entries=0
2026-10-02T10:31:20 | INFO     | session_runner | [bridge:SPY] rsi_trend ready: sufficient bars
2026-10-02T10:31:20 | INFO     | session_runner | Stale signal: SPY/vwap_reclaim age=116 min > max 10 min — skipped
2026-10-02T10:31:20 | INFO     | session_runner | Stale signal: SPY/vwap_reclaim age=21 min > max 10 min — skipped
2026-10-02T10:31:50 | INFO     | session_runner | [cycle 120] 10:31:50 ET | positions=0 | entries=0
2026-10-02T10:31:51 | INFO     | session_runner | [bridge:SPY] rsi_trend ready: sufficient bars
2026-10-02T10:31:51 | INFO     | session_runner | Stale signal: SPY/vwap_reclaim age=117 min > max 10 min — skipped
2026-10-02T10:31:51 | INFO     | session_runner | Stale signal: SPY/vwap_reclaim age=22 min > max 10 min — skipped
2026-10-02T10:32:21 | INFO     | session_runner | [cycle 121] 10:32:21 ET | positions=0 | entries=0
2026-10-02T10:32:21 | INFO     | app.trading.reconciler | Reconciliation done: broker_pos=0 local_pos=0 broker_orders=0 local_pending=0 repaired=0 flagged=0 orders_confirmed=True positions_confirmed=True
2026-10-02T10:32:21 | INFO     | session_runner | Periodic universe re-scan …
2026-10-02T10:32:21 | INFO     | app.scanning.universe_loader | UniverseLoader: loaded 5 groups (13 flat symbols) from config/ticker_universe.yaml (blacklist=0)
2026-10-02T10:32:21 | INFO     | app.scanning.universe_loader | UniverseLoader: 38 symbols from 4 group(s) (blacklist=0)
2026-10-02T10:32:21 | INFO     | session_runner | Universe scan: 38 symbols from 4 group(s) | max_active=6
2026-10-02T10:32:28 | INFO     | session_runner | Scan: 20 passed, 18 rejected
2026-10-02T10:32:28 | INFO     | session_runner |   TSLA    score=95.0  signal=LONG     reasons: rvol=3.79x (high), atr=3.21% (wide-range), orb_breakout
2026-10-02T10:32:28 | INFO     | session_runner |   AVGO    score=87.0  signal=LONG     reasons: rvol=2.30x (high), atr=2.84% (wide-range), orb_breakout
2026-10-02T10:32:28 | INFO     | session_runner |   GOOGL   score=82.0  signal=LONG     reasons: rvol=1.54x (elevated), atr=2.65% (wide-range), orb_breakout
2026-10-02T10:32:28 | INFO     | session_runner |   RIOT    score=77.0  signal=LONG     reasons: rvol=1.61x (elevated), atr=6.66% (wide-range), orb_breakout
2026-10-02T10:32:28 | INFO     | session_runner |   AAPL    score=75.0  signal=LONG     reasons: rvol=1.06x (normal), atr=2.04% (wide-range), orb_breakout
2026-10-02T10:32:28 | WARNING  | app.scanning.alpaca_confirmer | AlpacaConfirmer: cannot fetch chain for AVGO 2026-10-05: Client error '401 Unauthorized' for url 'https://api.tradier.com/v1/markets/quotes?symbols=AVGO261005C00285000%2CAVGO261005C00290000%2CAVGO261005C00295000%2CAVGO261005C00300000%2CAVGO261005C00305000%2CAVGO261005C00310000%2CAVGO261005C00315000%2CAVGO261005C00317500%2CAVGO261005C00320000%2CAVGO261005C00322500%2CAVGO261005C00325000%2CAVGO261005C00327500%2CAVGO261005C00330000%2CAVGO261005C00332500%2CAVGO261005C00335000%2CAVGO261005C00337500%2CAVGO261005C00340000%2CAVGO261005C00342500%2CAVGO261005C00345000%2CAVGO261005C00347500%2CAVGO261005C00350000%2CAVGO261005C00352500%2CAVGO261005C00355000%2CAVGO261005C00357500%2CAVGO261005C00360000%2CAVGO261005C00362500%2CAVGO261005C00365000%2CAVGO261005C00367500%2CAVGO261005C00370000%2CAVGO261005C00372500%2CAVGO261005C00375000%2CAVGO261005C00377500%2CAVGO261005C00380000%2CAVGO261005C00382500%2CAVGO261005C00385000%2CAVGO261005C00387500%2CAVGO261005C00390000%2CAVGO261005C00392500%2CAVGO261005C00395000%2CAVGO261005C00397500%2CAVGO261005C00400000%2CAVGO261005C00402500%2CAVGO261005C00405000%2CAVGO261005C00407500%2CAVGO261005C00410000%2CAVGO261005C00412500%2CAVGO261005C00415000%2CAVGO261005C00417500%2CAVGO261005C00420000%2CAVGO261005C00422500&greeks=true'
For more information check: https://developer.mozilla.org/en-US/docs/Web/HTTP/Status/401
2026-10-02T10:32:28 | WARNING  | app.scanning.alpaca_confirmer | AlpacaConfirmer: cannot fetch chain for AMD 2026-10-05: Client error '401 Unauthorized' for url 'https://api.tradier.com/v1/markets/quotes?symbols=AMD261005C00310000%2CAMD261005C00315000%2CAMD261005C00320000%2CAMD261005C00325000%2CAMD261005C00330000%2CAMD261005C00335000%2CAMD261005C00340000%2CAMD261005C00345000%2CAMD261005C00350000%2CAMD261005C00355000%2CAMD261005C00360000%2CAMD261005C00365000%2CAMD261005C00370000%2CAMD261005C00375000%2CAMD261005C00380000%2CAMD261005C00385000%2CAMD261005C00390000%2CAMD261005C00395000%2CAMD261005C00400000%2CAMD261005C00405000%2CAMD261005C00410000%2CAMD261005C00415000%2CAMD261005C00420000%2CAMD261005C00425000%2CAMD261005C00430000%2CAMD261005C00435000%2CAMD261005C00440000%2CAMD261005C00445000%2CAMD261005C00450000%2CAMD261005C00455000%2CAMD261005C00460000%2CAMD261005C00465000%2CAMD261005C00470000%2CAMD261005C00475000%2CAMD261005C00480000%2CAMD261005C00485000%2CAMD261005C00490000%2CAMD261005C00495000%2CAMD261005C00500000%2CAMD261005C00505000%2CAMD261005C00507500%2CAMD261005C00510000%2CAMD261005C00512500%2CAMD261005C00515000%2CAMD261005C00517500%2CAMD261005C00520000%2CAMD261005C00522500%2CAMD261005C00525000%2CAMD261005C00527500%2CAMD261005C00530000&greeks=true'
For more information check: https://developer.mozilla.org/en-US/docs/Web/HTTP/Status/401
2026-10-02T10:32:28 | WARNING  | app.scanning.alpaca_confirmer | AlpacaConfirmer: cannot fetch chain for AAPL 2026-10-05: Client error '401 Unauthorized' for url 'https://api.tradier.com/v1/markets/quotes?symbols=AAPL261005C00245000%2CAAPL261005C00250000%2CAAPL261005C00255000%2CAAPL261005C00260000%2CAAPL261005C00265000%2CAAPL261005C00270000%2CAAPL261005C00275000%2CAAPL261005C00280000%2CAAPL261005C00285000%2CAAPL261005C00290000%2CAAPL261005C00295000%2CAAPL261005C00300000%2CAAPL261005C00302500%2CAAPL261005C00305000%2CAAPL261005C00307500%2CAAPL261005C00310000%2CAAPL261005C00312500%2CAAPL261005C00315000%2CAAPL261005C00317500%2CAAPL261005C00320000%2CAAPL261005C00322500%2CAAPL261005C00325000%2CAAPL261005C00327500%2CAAPL261005C00330000%2CAAPL261005C00332500%2CAAPL261005C00335000%2CAAPL261005C00337500%2CAAPL261005C00340000%2CAAPL261005C00342500%2CAAPL261005C00345000%2CAAPL261005C00347500%2CAAPL261005C00350000%2CAAPL261005C00352500%2CAAPL261005C00355000%2CAAPL261005C00357500%2CAAPL261005C00360000%2CAAPL261005C00362500%2CAAPL261005C00365000%2CAAPL261005C00367500%2CAAPL261005C00370000%2CAAPL261005C00372500%2CAAPL261005C00375000%2CAAPL261005C00380000%2CAAPL261005C00385000%2CAAPL261005C00390000%2CAAPL261005C00395000%2CAAPL261005C00400000%2CAAPL261005C00405000%2CAAPL261005P00245000%2CAAPL261005P00250000&greeks=true'
For more information check: https://developer.mozilla.org/en-US/docs/Web/HTTP/Status/401
2026-10-02T10:32:28 | WARNING  | app.scanning.alpaca_confirmer | AlpacaConfirmer: cannot fetch chain for XLE 2026-10-05: Client error '401 Unauthorized' for url 'https://api.tradier.com/v1/markets/quotes?symbols=XLE261005C00048000%2CXLE261005C00049000%2CXLE261005C00050000%2CXLE261005C00051000%2CXLE261005C00052000%2CXLE261005C00053000%2CXLE261005C00054000%2CXLE261005C00055000%2CXLE261005C00056000%2CXLE261005C00057000%2CXLE261005C00058000%2CXLE261005C00059000%2CXLE261005C00060000%2CXLE261005C00061000%2CXLE261005C00062000%2CXLE261005C00063000%2CXLE261005C00064000%2CXLE261005C00065000%2CXLE261005C00066000%2CXLE261005C00067000%2CXLE261005C00068000%2CXLE261005C00069000%2CXLE261005C00070000%2CXLE261005C00071000%2CXLE261005C00072000%2CXLE261005C00073000%2CXLE261005C00074000%2CXLE261005C00075000%2CXLE261005C00076000%2CXLE261005C00077000%2CXLE261005C00078000%2CXLE261005C00079000%2CXLE261005P00048000%2CXLE261005P00049000%2CXLE261005P00050000%2CXLE261005P00051000%2CXLE261005P00052000%2CXLE261005P00053000%2CXLE261005P00054000%2CXLE261005P00055000%2CXLE261005P00056000%2CXLE261005P00057000%2CXLE261005P00058000%2CXLE261005P00059000%2CXLE261005P00060000%2CXLE261005P00061000%2CXLE261005P00062000%2CXLE261005P00063000%2CXLE261005P00064000%2CXLE261005P00065000&greeks=true'
For more information check: https://developer.mozilla.org/en-US/docs/Web/HTTP/Status/401
2026-10-02T10:32:28 | WARNING  | app.scanning.alpaca_confirmer | AlpacaConfirmer: cannot fetch chain for SPY 2026-10-05: Client error '401 Unauthorized' for url 'https://api.tradier.com/v1/markets/quotes?symbols=SPY261005C00550000%2CSPY261005C00555000%2CSPY261005C00560000%2CSPY261005C00565000%2CSPY261005C00570000%2CSPY261005C00575000%2CSPY261005C00580000%2CSPY261005C00585000%2CSPY261005C00590000%2CSPY261005C00595000%2CSPY261005C00600000%2CSPY261005C00605000%2CSPY261005C00610000%2CSPY261005C00615000%2CSPY261005C00620000%2CSPY261005C00625000%2CSPY261005C00630000%2CSPY261005C00635000%2CSPY261005C00640000%2CSPY261005C00645000%2CSPY261005C00650000%2CSPY261005C00655000%2CSPY261005C00660000%2CSPY261005C00665000%2CSPY261005C00670000%2CSPY261005C00675000%2CSPY261005C00680000%2CSPY261005C00685000%2CSPY261005C00690000%2CSPY261005C00695000%2CSPY261005C00700000%2CSPY261005C00705000%2CSPY261005C00710000%2CSPY261005C00715000%2CSPY261005C00720000%2CSPY261005C00723000%2CSPY261005C00724000%2CSPY261005C00725000%2CSPY261005C00726000%2CSPY261005C00727000%2CSPY261005C00728000%2CSPY261005C00729000%2CSPY261005C00730000%2CSPY261005C00731000%2CSPY261005C00732000%2CSPY261005C00733000%2CSPY261005C00734000%2CSPY261005C00735000%2CSPY261005C00736000%2CSPY261005C00737000&greeks=true'
For more information check: https://developer.mozilla.org/en-US/docs/Web/HTTP/Status/401
2026-10-02T10:32:28 | WARNING  | app.scanning.alpaca_confirmer | AlpacaConfirmer: cannot fetch chain for IWM 2026-10-05: Client error '401 Unauthorized' for url 'https://api.tradier.com/v1/markets/quotes?symbols=IWM261005C00180000%2CIWM261005C00190000%2CIWM261005C00200000%2CIWM261005C00205000%2CIWM261005C00210000%2CIWM261005C00215000%2CIWM261005C00220000%2CIWM261005C00225000%2CIWM261005C00230000%2CIWM261005C00235000%2CIWM261005C00240000%2CIWM261005C00245000%2CIWM261005C00250000%2CIWM261005C00255000%2CIWM261005C00260000%2CIWM261005C00261000%2CIWM261005C00262000%2CIWM261005C00263000%2CIWM261005C00264000%2CIWM261005C00265000%2CIWM261005C00266000%2CIWM261005C00267000%2CIWM261005C00268000%2CIWM261005C00269000%2CIWM261005C00270000%2CIWM261005C00271000%2CIWM261005C00272000%2CIWM261005C00273000%2CIWM261005C00274000%2CIWM261005C00275000%2CIWM261005C00276000%2CIWM261005C00277000%2CIWM261005C00278000%2CIWM261005C00279000%2CIWM261005C00280000%2CIWM261005C00281000%2CIWM261005C00282000%2CIWM261005C00283000%2CIWM261005C00284000%2CIWM261005C00285000%2CIWM261005C00286000%2CIWM261005C00287000%2CIWM261005C00288000%2CIWM261005C00289000%2CIWM261005C00290000%2CIWM261005C00291000%2CIWM261005C00292000%2CIWM261005C00293000%2CIWM261005C00294000%2CIWM261005C00295000&greeks=true'
For more information check: https://developer.mozilla.org/en-US/docs/Web/HTTP/Status/401
2026-10-02T10:32:28 | WARNING  | app.scanning.alpaca_confirmer | AlpacaConfirmer: cannot fetch chain for PLTR 2026-10-09: Client error '401 Unauthorized' for url 'https://api.tradier.com/v1/markets/quotes?symbols=PLTR261009C00050000%2CPLTR261009C00055000%2CPLTR261009C00060000%2CPLTR261009C00065000%2CPLTR261009C00070000%2CPLTR261009C00075000%2CPLTR261009C00080000%2CPLTR261009C00085000%2CPLTR261009C00090000%2CPLTR261009C00095000%2CPLTR261009C00100000%2CPLTR261009C00105000%2CPLTR261009C00110000%2CPLTR261009C00115000%2CPLTR261009C00120000%2CPLTR261009C00125000%2CPLTR261009C00130000%2CPLTR261009C00135000%2CPLTR261009C00140000%2CPLTR261009C00144000%2CPLTR261009C00145000%2CPLTR261009C00146000%2CPLTR261009C00147000%2CPLTR261009C00148000%2CPLTR261009C00149000%2CPLTR261009C00150000%2CPLTR261009C00152500%2CPLTR261009C00155000%2CPLTR261009C00157500%2CPLTR261009C00160000%2CPLTR261009C00162500%2CPLTR261009C00165000%2CPLTR261009C00167500%2CPLTR261009C00170000%2CPLTR261009C00172500%2CPLTR261009C00175000%2CPLTR261009C00177500%2CPLTR261009C00180000%2CPLTR261009C00182500%2CPLTR261009C00185000%2CPLTR261009C00187500%2CPLTR261009C00190000%2CPLTR261009C00192500%2CPLTR261009C00195000%2CPLTR261009C00197500%2CPLTR261009C00200000%2CPLTR261009C00202500%2CPLTR261009C00205000%2CPLTR261009C00207500%2CPLTR261009C00210000&greeks=true'
For more information check: https://developer.mozilla.org/en-US/docs/Web/HTTP/Status/401
2026-10-02T10:32:28 | WARNING  | app.scanning.alpaca_confirmer | AlpacaConfirmer: cannot fetch chain for NVDA 2026-10-05: Client error '401 Unauthorized' for url 'https://api.tradier.com/v1/markets/quotes?symbols=NVDA261005C00115000%2CNVDA261005C00120000%2CNVDA261005C00125000%2CNVDA261005C00130000%2CNVDA261005C00135000%2CNVDA261005C00140000%2CNVDA261005C00145000%2CNVDA261005C00150000%2CNVDA261005C00155000%2CNVDA261005C00160000%2CNVDA261005C00165000%2CNVDA261005C00170000%2CNVDA261005C00175000%2CNVDA261005C00180000%2CNVDA261005C00185000%2CNVDA261005C00190000%2CNVDA261005C00195000%2CNVDA261005C00197500%2CNVDA261005C00200000%2CNVDA261005C00202500%2CNVDA261005C00205000%2CNVDA261005C00207500%2CNVDA261005C00210000%2CNVDA261005C00212500%2CNVDA261005C00215000%2CNVDA261005C00217500%2CNVDA261005C00220000%2CNVDA261005C00222500%2CNVDA261005C00225000%2CNVDA261005C00227500%2CNVDA261005C00230000%2CNVDA261005C00232500%2CNVDA261005C00235000%2CNVDA261005C00237500%2CNVDA261005C00240000%2CNVDA261005C00242500%2CNVDA261005C00245000%2CNVDA261005C00247500%2CNVDA261005C00250000%2CNVDA261005C00252500%2CNVDA261005C00255000%2CNVDA261005C00260000%2CNVDA261005C00265000%2CNVDA261005C00270000%2CNVDA261005C00275000%2CNVDA261005C00280000%2CNVDA261005C00285000%2CNVDA261005C00290000%2CNVDA261005C00295000%2CNVDA261005P00115000&greeks=true'
For more information check: https://developer.mozilla.org/en-US/docs/Web/HTTP/Status/401
2026-10-02T10:32:28 | WARNING  | app.scanning.alpaca_confirmer | AlpacaConfirmer: cannot fetch chain for RIOT 2026-10-09: Client error '401 Unauthorized' for url 'https://api.tradier.com/v1/markets/quotes?symbols=RIOT261009C00008000%2CRIOT261009C00009000%2CRIOT261009C00010000%2CRIOT261009C00011000%2CRIOT261009C00012000%2CRIOT261009C00013000%2CRIOT261009C00014000%2CRIOT261009C00015000%2CRIOT261009C00016000%2CRIOT261009C00017000%2CRIOT261009C00017500%2CRIOT261009C00018000%2CRIOT261009C00018500%2CRIOT261009C00019000%2CRIOT261009C00019500%2CRIOT261009C00020000%2CRIOT261009C00020500%2CRIOT261009C00021000%2CRIOT261009C00021500%2CRIOT261009C00022000%2CRIOT261009C00022500%2CRIOT261009C00023000%2CRIOT261009C00023500%2CRIOT261009C00024000%2CRIOT261009C00024500%2CRIOT261009C00025000%2CRIOT261009C00025500%2CRIOT261009C00026000%2CRIOT261009C00026500%2CRIOT261009C00027000%2CRIOT261009C00027500%2CRIOT261009C00028000%2CRIOT261009C00028500%2CRIOT261009C00029000%2CRIOT261009C00029500%2CRIOT261009C00030000%2CRIOT261009C00031000%2CRIOT261009C00032000%2CRIOT261009C00033000%2CRIOT261009C00034000%2CRIOT261009C00035000%2CRIOT261009P00008000%2CRIOT261009P00009000%2CRIOT261009P00010000%2CRIOT261009P00011000%2CRIOT261009P00012000%2CRIOT261009P00013000%2CRIOT261009P00014000%2CRIOT261009P00015000%2CRIOT261009P00016000&greeks=true'
For more information check: https://developer.mozilla.org/en-US/docs/Web/HTTP/Status/401
2026-10-02T10:32:28 | WARNING  | app.scanning.alpaca_confirmer | AlpacaConfirmer: cannot fetch chain for MARA 2026-10-09: Client error '401 Unauthorized' for url 'https://api.tradier.com/v1/markets/quotes?symbols=MARA261009C00004000%2CMARA261009C00005000%2CMARA261009C00006000%2CMARA261009C00006500%2CMARA261009C00007000%2CMARA261009C00007500%2CMARA261009C00008000%2CMARA261009C00008500%2CMARA261009C00009000%2CMARA261009C00009500%2CMARA261009C00010000%2CMARA261009C00010500%2CMARA261009C00011000%2CMARA261009C00011500%2CMARA261009C00012000%2CMARA261009C00012500%2CMARA261009C00013000%2CMARA261009C00013500%2CMARA261009C00014000%2CMARA261009C00014500%2CMARA261009C00015000%2CMARA261009C00015500%2CMARA261009C00016000%2CMARA261009C00016500%2CMARA261009C00017000%2CMARA261009C00017500%2CMARA261009C00018000%2CMARA261009C00019000%2CMARA261009C00020000%2CMARA261009C00021000%2CMARA261009C00022000%2CMARA261009C00023000%2CMARA261009P00004000%2CMARA261009P00005000%2CMARA261009P00006000%2CMARA261009P00006500%2CMARA261009P00007000%2CMARA261009P00007500%2CMARA261009P00008000%2CMARA261009P00008500%2CMARA261009P00009000%2CMARA261009P00009500%2CMARA261009P00010000%2CMARA261009P00010500%2CMARA261009P00011000%2CMARA261009P00011500%2CMARA261009P00012000%2CMARA261009P00012500%2CMARA261009P00013000%2CMARA261009P00013500&greeks=true'
For more information check: https://developer.mozilla.org/en-US/docs/Web/HTTP/Status/401
2026-10-02T10:32:28 | WARNING  | app.scanning.alpaca_confirmer | AlpacaConfirmer: cannot fetch chain for GOOGL 2026-10-05: Client error '401 Unauthorized' for url 'https://api.tradier.com/v1/markets/quotes?symbols=GOOGL261005C00265000%2CGOOGL261005C00270000%2CGOOGL261005C00275000%2CGOOGL261005C00280000%2CGOOGL261005C00285000%2CGOOGL261005C00290000%2CGOOGL261005C00295000%2CGOOGL261005C00300000%2CGOOGL261005C00305000%2CGOOGL261005C00307500%2CGOOGL261005C00310000%2CGOOGL261005C00312500%2CGOOGL261005C00315000%2CGOOGL261005C00317500%2CGOOGL261005C00320000%2CGOOGL261005C00322500%2CGOOGL261005C00325000%2CGOOGL261005C00327500%2CGOOGL261005C00330000%2CGOOGL261005C00332500%2CGOOGL261005C00335000%2CGOOGL261005C00337500%2CGOOGL261005C00340000%2CGOOGL261005C00342500%2CGOOGL261005C00345000%2CGOOGL261005C00347500%2CGOOGL261005C00350000%2CGOOGL261005C00352500%2CGOOGL261005C00355000%2CGOOGL261005C00357500%2CGOOGL261005C00360000%2CGOOGL261005C00362500%2CGOOGL261005C00365000%2CGOOGL261005C00367500%2CGOOGL261005C00370000%2CGOOGL261005C00372500%2CGOOGL261005C00375000%2CGOOGL261005C00377500%2CGOOGL261005C00380000%2CGOOGL261005C00382500%2CGOOGL261005C00385000%2CGOOGL261005C00387500%2CGOOGL261005C00390000%2CGOOGL261005C00392500%2CGOOGL261005C00395000%2CGOOGL261005C00397500%2CGOOGL261005C00400000%2CGOOGL261005C00402500%2CGOOGL261005C00405000%2CGOOGL261005C00407500&greeks=true'
For more information check: https://developer.mozilla.org/en-US/docs/Web/HTTP/Status/401
2026-10-02T10:32:28 | WARNING  | app.scanning.alpaca_confirmer | AlpacaConfirmer: cannot fetch chain for TSLA 2026-10-05: Client error '401 Unauthorized' for url 'https://api.tradier.com/v1/markets/quotes?symbols=TSLA261005C00250000%2CTSLA261005C00255000%2CTSLA261005C00260000%2CTSLA261005C00265000%2CTSLA261005C00270000%2CTSLA261005C00275000%2CTSLA261005C00280000%2CTSLA261005C00285000%2CTSLA261005C00290000%2CTSLA261005C00295000%2CTSLA261005C00300000%2CTSLA261005C00305000%2CTSLA261005C00310000%2CTSLA261005C00315000%2CTSLA261005C00317500%2CTSLA261005C00320000%2CTSLA261005C00322500%2CTSLA261005C00325000%2CTSLA261005C00327500%2CTSLA261005C00330000%2CTSLA261005C00332500%2CTSLA261005C00335000%2CTSLA261005C00337500%2CTSLA261005C00340000%2CTSLA261005C00342500%2CTSLA261005C00345000%2CTSLA261005C00347500%2CTSLA261005C00350000%2CTSLA261005C00352500%2CTSLA261005C00355000%2CTSLA261005C00357500%2CTSLA261005C00360000%2CTSLA261005C00362500%2CTSLA261005C00365000%2CTSLA261005C00367500%2CTSLA261005C00370000%2CTSLA261005C00372500%2CTSLA261005C00375000%2CTSLA261005C00377500%2CTSLA261005C00380000%2CTSLA261005C00382500%2CTSLA261005C00385000%2CTSLA261005C00387500%2CTSLA261005C00390000%2CTSLA261005C00392500%2CTSLA261005C00395000%2CTSLA261005C00397500%2CTSLA261005C00400000%2CTSLA261005C00402500%2CTSLA261005C00405000&greeks=true'
For more information check: https://developer.mozilla.org/en-US/docs/Web/HTTP/Status/401
2026-10-02T10:32:28 | INFO     | session_runner | AlpacaConfirmer: 0 confirmed symbols: []
2026-10-02T10:32:28 | WARNING  | session_runner | Re-scan returned no confirmed symbols — falling back to ['SPY']
2026-10-02T10:32:28 | INFO     | session_runner | Broad-market regime | SPY=long
2026-10-02T10:32:29 | INFO     | session_runner | [bridge:SPY] rsi_trend ready: sufficient bars
2026-10-02T10:32:29 | INFO     | session_runner | Stale signal: SPY/vwap_reclaim age=117 min > max 10 min — skipped
2026-10-02T10:32:29 | INFO     | session_runner | Stale signal: SPY/vwap_reclaim age=22 min > max 10 min — skipped
2026-10-02T10:32:59 | INFO     | session_runner | [cycle 122] 10:32:59 ET | positions=0 | entries=0
2026-10-02T10:32:59 | INFO     | session_runner | [bridge:SPY] rsi_trend ready: sufficient bars
2026-10-02T10:32:59 | INFO     | session_runner | Stale signal: SPY/vwap_reclaim age=118 min > max 10 min — skipped
2026-10-02T10:32:59 | INFO     | session_runner | Stale signal: SPY/vwap_reclaim age=23 min > max 10 min — skipped
2026-10-02T10:33:29 | INFO     | session_runner | [cycle 123] 10:33:29 ET | positions=0 | entries=0
2026-10-02T10:33:29 | INFO     | session_runner | [bridge:SPY] rsi_trend ready: sufficient bars
2026-10-02T10:33:29 | INFO     | session_runner | Stale signal: SPY/vwap_reclaim age=118 min > max 10 min — skipped
2026-10-02T10:33:29 | INFO     | session_runner | Stale signal: SPY/vwap_reclaim age=23 min > max 10 min — skipped
2026-10-02T10:33:59 | INFO     | session_runner | [cycle 124] 10:33:59 ET | positions=0 | entries=0
2026-10-02T10:34:00 | INFO     | session_runner | [bridge:SPY] rsi_trend ready: sufficient bars
2026-10-02T10:34:00 | INFO     | session_runner | Stale signal: SPY/vwap_reclaim age=119 min > max 10 min — skipped
2026-10-02T10:34:00 | INFO     | session_runner | Stale signal: SPY/vwap_reclaim age=24 min > max 10 min — skipped
2026-10-02T10:34:30 | INFO     | session_runner | [cycle 125] 10:34:30 ET | positions=0 | entries=0
2026-10-02T10:34:30 | INFO     | session_runner | [bridge:SPY] rsi_trend ready: sufficient bars
2026-10-02T10:34:30 | INFO     | session_runner | Stale signal: SPY/vwap_reclaim age=120 min > max 10 min — skipped
2026-10-02T10:34:30 | INFO     | session_runner | Stale signal: SPY/vwap_reclaim age=25 min > max 10 min — skipped
2026-10-02T10:35:00 | INFO     | session_runner | [cycle 126] 10:35:00 ET | positions=0 | entries=0
2026-10-02T10:35:01 | INFO     | session_runner | [bridge:SPY] rsi_trend ready: sufficient bars
2026-10-02T10:35:01 | INFO     | session_runner | Stale signal: SPY/vwap_reclaim age=120 min > max 10 min — skipped
2026-10-02T10:35:01 | INFO     | session_runner | Stale signal: SPY/vwap_reclaim age=25 min > max 10 min — skipped
2026-10-02T10:35:31 | INFO     | session_runner | [cycle 127] 10:35:31 ET | positions=0 | entries=0
2026-10-02T10:35:31 | INFO     | session_runner | [bridge:SPY] rsi_trend ready: sufficient bars
2026-10-02T10:35:31 | INFO     | session_runner | Stale signal: SPY/vwap_reclaim age=121 min > max 10 min — skipped
2026-10-02T10:35:31 | INFO     | session_runner | Stale signal: SPY/vwap_reclaim age=26 min > max 10 min — skipped
2026-10-02T10:36:01 | INFO     | session_runner | [cycle 128] 10:36:01 ET | positions=0 | entries=0
2026-10-02T10:36:02 | INFO     | session_runner | [bridge:SPY] rsi_trend ready: sufficient bars
2026-10-02T10:36:02 | INFO     | session_runner | Stale signal: SPY/vwap_reclaim age=121 min > max 10 min — skipped
2026-10-02T10:36:02 | INFO     | session_runner | Stale signal: SPY/vwap_reclaim age=26 min > max 10 min — skipped
2026-10-02T10:36:32 | INFO     | session_runner | [cycle 129] 10:36:32 ET | positions=0 | entries=0
2026-10-02T10:36:32 | INFO     | session_runner | [bridge:SPY] rsi_trend ready: sufficient bars
2026-10-02T10:36:32 | INFO     | session_runner | Stale signal: SPY/vwap_reclaim age=122 min > max 10 min — skipped
2026-10-02T10:36:32 | INFO     | session_runner | Stale signal: SPY/vwap_reclaim age=27 min > max 10 min — skipped
2026-10-02T10:37:02 | INFO     | session_runner | [cycle 130] 10:37:02 ET | positions=0 | entries=0
2026-10-02T10:37:02 | INFO     | session_runner | [bridge:SPY] rsi_trend ready: sufficient bars
2026-10-02T10:37:02 | INFO     | session_runner | Stale signal: SPY/vwap_reclaim age=122 min > max 10 min — skipped
2026-10-02T10:37:02 | INFO     | session_runner | Stale signal: SPY/vwap_reclaim age=27 min > max 10 min — skipped
2026-10-02T10:37:32 | INFO     | session_runner | [cycle 131] 10:37:32 ET | positions=0 | entries=0
2026-10-02T10:37:32 | INFO     | session_runner | Periodic universe re-scan …
2026-10-02T10:37:32 | INFO     | app.scanning.universe_loader | UniverseLoader: loaded 5 groups (13 flat symbols) from config/ticker_universe.yaml (blacklist=0)
2026-10-02T10:37:32 | INFO     | app.scanning.universe_loader | UniverseLoader: 38 symbols from 4 group(s) (blacklist=0)
2026-10-02T10:37:32 | INFO     | session_runner | Universe scan: 38 symbols from 4 group(s) | max_active=6
2026-10-02T10:37:38 | INFO     | session_runner | Scan: 20 passed, 18 rejected
2026-10-02T10:37:38 | INFO     | session_runner |   TSLA    score=95.0  signal=LONG     reasons: rvol=3.83x (high), atr=3.20% (wide-range), orb_breakout
2026-10-02T10:37:38 | INFO     | session_runner |   AVGO    score=87.0  signal=LONG     reasons: rvol=2.25x (high), atr=2.85% (wide-range), orb_breakout
2026-10-02T10:37:38 | INFO     | session_runner |   SPY     score=83.0  signal=LONG     reasons: rvol=1.52x (elevated), atr=0.88% (good range), orb_breakout
2026-10-02T10:37:38 | INFO     | session_runner |   AAPL    score=75.0  signal=LONG     reasons: rvol=1.04x (normal), atr=2.04% (wide-range), orb_breakout
2026-10-02T10:37:38 | INFO     | session_runner |   GOOGL   score=72.0  signal=LONG     reasons: rvol=1.50x (normal), atr=2.65% (wide-range), orb_breakout
2026-10-02T10:37:38 | WARNING  | app.scanning.alpaca_confirmer | AlpacaConfirmer: cannot fetch chain for MARA 2026-10-09: Client error '401 Unauthorized' for url 'https://api.tradier.com/v1/markets/quotes?symbols=MARA261009C00004000%2CMARA261009C00005000%2CMARA261009C00006000%2CMARA261009C00006500%2CMARA261009C00007000%2CMARA261009C00007500%2CMARA261009C00008000%2CMARA261009C00008500%2CMARA261009C00009000%2CMARA261009C00009500%2CMARA261009C00010000%2CMARA261009C00010500%2CMARA261009C00011000%2CMARA261009C00011500%2CMARA261009C00012000%2CMARA261009C00012500%2CMARA261009C00013000%2CMARA261009C00013500%2CMARA261009C00014000%2CMARA261009C00014500%2CMARA261009C00015000%2CMARA261009C00015500%2CMARA261009C00016000%2CMARA261009C00016500%2CMARA261009C00017000%2CMARA261009C00017500%2CMARA261009C00018000%2CMARA261009C00019000%2CMARA261009C00020000%2CMARA261009C00021000%2CMARA261009C00022000%2CMARA261009C00023000%2CMARA261009P00004000%2CMARA261009P00005000%2CMARA261009P00006000%2CMARA261009P00006500%2CMARA261009P00007000%2CMARA261009P00007500%2CMARA261009P00008000%2CMARA261009P00008500%2CMARA261009P00009000%2CMARA261009P00009500%2CMARA261009P00010000%2CMARA261009P00010500%2CMARA261009P00011000%2CMARA261009P00011500%2CMARA261009P00012000%2CMARA261009P00012500%2CMARA261009P00013000%2CMARA261009P00013500&greeks=true'
For more information check: https://developer.mozilla.org/en-US/docs/Web/HTTP/Status/401
2026-10-02T10:37:38 | WARNING  | app.scanning.alpaca_confirmer | AlpacaConfirmer: cannot fetch chain for SPY 2026-10-05: Client error '401 Unauthorized' for url 'https://api.tradier.com/v1/markets/quotes?symbols=SPY261005C00550000%2CSPY261005C00555000%2CSPY261005C00560000%2CSPY261005C00565000%2CSPY261005C00570000%2CSPY261005C00575000%2CSPY261005C00580000%2CSPY261005C00585000%2CSPY261005C00590000%2CSPY261005C00595000%2CSPY261005C00600000%2CSPY261005C00605000%2CSPY261005C00610000%2CSPY261005C00615000%2CSPY261005C00620000%2CSPY261005C00625000%2CSPY261005C00630000%2CSPY261005C00635000%2CSPY261005C00640000%2CSPY261005C00645000%2CSPY261005C00650000%2CSPY261005C00655000%2CSPY261005C00660000%2CSPY261005C00665000%2CSPY261005C00670000%2CSPY261005C00675000%2CSPY261005C00680000%2CSPY261005C00685000%2CSPY261005C00690000%2CSPY261005C00695000%2CSPY261005C00700000%2CSPY261005C00705000%2CSPY261005C00710000%2CSPY261005C00715000%2CSPY261005C00720000%2CSPY261005C00723000%2CSPY261005C00724000%2CSPY261005C00725000%2CSPY261005C00726000%2CSPY261005C00727000%2CSPY261005C00728000%2CSPY261005C00729000%2CSPY261005C00730000%2CSPY261005C00731000%2CSPY261005C00732000%2CSPY261005C00733000%2CSPY261005C00734000%2CSPY261005C00735000%2CSPY261005C00736000%2CSPY261005C00737000&greeks=true'
For more information check: https://developer.mozilla.org/en-US/docs/Web/HTTP/Status/401
2026-10-02T10:37:38 | WARNING  | app.scanning.alpaca_confirmer | AlpacaConfirmer: cannot fetch chain for TSLA 2026-10-05: Client error '401 Unauthorized' for url 'https://api.tradier.com/v1/markets/quotes?symbols=TSLA261005C00250000%2CTSLA261005C00255000%2CTSLA261005C00260000%2CTSLA261005C00265000%2CTSLA261005C00270000%2CTSLA261005C00275000%2CTSLA261005C00280000%2CTSLA261005C00285000%2CTSLA261005C00290000%2CTSLA261005C00295000%2CTSLA261005C00300000%2CTSLA261005C00305000%2CTSLA261005C00310000%2CTSLA261005C00315000%2CTSLA261005C00317500%2CTSLA261005C00320000%2CTSLA261005C00322500%2CTSLA261005C00325000%2CTSLA261005C00327500%2CTSLA261005C00330000%2CTSLA261005C00332500%2CTSLA261005C00335000%2CTSLA261005C00337500%2CTSLA261005C00340000%2CTSLA261005C00342500%2CTSLA261005C00345000%2CTSLA261005C00347500%2CTSLA261005C00350000%2CTSLA261005C00352500%2CTSLA261005C00355000%2CTSLA261005C00357500%2CTSLA261005C00360000%2CTSLA261005C00362500%2CTSLA261005C00365000%2CTSLA261005C00367500%2CTSLA261005C00370000%2CTSLA261005C00372500%2CTSLA261005C00375000%2CTSLA261005C00377500%2CTSLA261005C00380000%2CTSLA261005C00382500%2CTSLA261005C00385000%2CTSLA261005C00387500%2CTSLA261005C00390000%2CTSLA261005C00392500%2CTSLA261005C00395000%2CTSLA261005C00397500%2CTSLA261005C00400000%2CTSLA261005C00402500%2CTSLA261005C00405000&greeks=true'
For more information check: https://developer.mozilla.org/en-US/docs/Web/HTTP/Status/401
2026-10-02T10:37:38 | WARNING  | app.scanning.alpaca_confirmer | AlpacaConfirmer: cannot fetch chain for GOOGL 2026-10-05: Client error '401 Unauthorized' for url 'https://api.tradier.com/v1/markets/quotes?symbols=GOOGL261005C00265000%2CGOOGL261005C00270000%2CGOOGL261005C00275000%2CGOOGL261005C00280000%2CGOOGL261005C00285000%2CGOOGL261005C00290000%2CGOOGL261005C00295000%2CGOOGL261005C00300000%2CGOOGL261005C00305000%2CGOOGL261005C00307500%2CGOOGL261005C00310000%2CGOOGL261005C00312500%2CGOOGL261005C00315000%2CGOOGL261005C00317500%2CGOOGL261005C00320000%2CGOOGL261005C00322500%2CGOOGL261005C00325000%2CGOOGL261005C00327500%2CGOOGL261005C00330000%2CGOOGL261005C00332500%2CGOOGL261005C00335000%2CGOOGL261005C00337500%2CGOOGL261005C00340000%2CGOOGL261005C00342500%2CGOOGL261005C00345000%2CGOOGL261005C00347500%2CGOOGL261005C00350000%2CGOOGL261005C00352500%2CGOOGL261005C00355000%2CGOOGL261005C00357500%2CGOOGL261005C00360000%2CGOOGL261005C00362500%2CGOOGL261005C00365000%2CGOOGL261005C00367500%2CGOOGL261005C00370000%2CGOOGL261005C00372500%2CGOOGL261005C00375000%2CGOOGL261005C00377500%2CGOOGL261005C00380000%2CGOOGL261005C00382500%2CGOOGL261005C00385000%2CGOOGL261005C00387500%2CGOOGL261005C00390000%2CGOOGL261005C00392500%2CGOOGL261005C00395000%2CGOOGL261005C00397500%2CGOOGL261005C00400000%2CGOOGL261005C00402500%2CGOOGL261005C00405000%2CGOOGL261005C00407500&greeks=true'
For more information check: https://developer.mozilla.org/en-US/docs/Web/HTTP/Status/401
2026-10-02T10:37:38 | WARNING  | app.scanning.alpaca_confirmer | AlpacaConfirmer: cannot fetch chain for AVGO 2026-10-05: Client error '401 Unauthorized' for url 'https://api.tradier.com/v1/markets/quotes?symbols=AVGO261005C00285000%2CAVGO261005C00290000%2CAVGO261005C00295000%2CAVGO261005C00300000%2CAVGO261005C00305000%2CAVGO261005C00310000%2CAVGO261005C00315000%2CAVGO261005C00317500%2CAVGO261005C00320000%2CAVGO261005C00322500%2CAVGO261005C00325000%2CAVGO261005C00327500%2CAVGO261005C00330000%2CAVGO261005C00332500%2CAVGO261005C00335000%2CAVGO261005C00337500%2CAVGO261005C00340000%2CAVGO261005C00342500%2CAVGO261005C00345000%2CAVGO261005C00347500%2CAVGO261005C00350000%2CAVGO261005C00352500%2CAVGO261005C00355000%2CAVGO261005C00357500%2CAVGO261005C00360000%2CAVGO261005C00362500%2CAVGO261005C00365000%2CAVGO261005C00367500%2CAVGO261005C00370000%2CAVGO261005C00372500%2CAVGO261005C00375000%2CAVGO261005C00377500%2CAVGO261005C00380000%2CAVGO261005C00382500%2CAVGO261005C00385000%2CAVGO261005C00387500%2CAVGO261005C00390000%2CAVGO261005C00392500%2CAVGO261005C00395000%2CAVGO261005C00397500%2CAVGO261005C00400000%2CAVGO261005C00402500%2CAVGO261005C00405000%2CAVGO261005C00407500%2CAVGO261005C00410000%2CAVGO261005C00412500%2CAVGO261005C00415000%2CAVGO261005C00417500%2CAVGO261005C00420000%2CAVGO261005C00422500&greeks=true'
For more information check: https://developer.mozilla.org/en-US/docs/Web/HTTP/Status/401
2026-10-02T10:37:38 | WARNING  | app.scanning.alpaca_confirmer | AlpacaConfirmer: cannot fetch chain for QQQ 2026-10-05: Client error '401 Unauthorized' for url 'https://api.tradier.com/v1/markets/quotes?symbols=QQQ261005C00450000%2CQQQ261005C00455000%2CQQQ261005C00460000%2CQQQ261005C00465000%2CQQQ261005C00470000%2CQQQ261005C00475000%2CQQQ261005C00480000%2CQQQ261005C00485000%2CQQQ261005C00490000%2CQQQ261005C00495000%2CQQQ261005C00500000%2CQQQ261005C00505000%2CQQQ261005C00510000%2CQQQ261005C00515000%2CQQQ261005C00520000%2CQQQ261005C00525000%2CQQQ261005C00530000%2CQQQ261005C00535000%2CQQQ261005C00540000%2CQQQ261005C00545000%2CQQQ261005C00550000%2CQQQ261005C00555000%2CQQQ261005C00560000%2CQQQ261005C00565000%2CQQQ261005C00570000%2CQQQ261005C00575000%2CQQQ261005C00580000%2CQQQ261005C00585000%2CQQQ261005C00590000%2CQQQ261005C00595000%2CQQQ261005C00600000%2CQQQ261005C00605000%2CQQQ261005C00610000%2CQQQ261005C00615000%2CQQQ261005C00620000%2CQQQ261005C00625000%2CQQQ261005C00630000%2CQQQ261005C00635000%2CQQQ261005C00640000%2CQQQ261005C00645000%2CQQQ261005C00650000%2CQQQ261005C00655000%2CQQQ261005C00660000%2CQQQ261005C00665000%2CQQQ261005C00670000%2CQQQ261005C00675000%2CQQQ261005C00680000%2CQQQ261005C00685000%2CQQQ261005C00689000%2CQQQ261005C00690000&greeks=true'
For more information check: https://developer.mozilla.org/en-US/docs/Web/HTTP/Status/401
2026-10-02T10:37:38 | WARNING  | app.scanning.alpaca_confirmer | AlpacaConfirmer: cannot fetch chain for RIOT 2026-10-09: Client error '401 Unauthorized' for url 'https://api.tradier.com/v1/markets/quotes?symbols=RIOT261009C00008000%2CRIOT261009C00009000%2CRIOT261009C00010000%2CRIOT261009C00011000%2CRIOT261009C00012000%2CRIOT261009C00013000%2CRIOT261009C00014000%2CRIOT261009C00015000%2CRIOT261009C00016000%2CRIOT261009C00017000%2CRIOT261009C00017500%2CRIOT261009C00018000%2CRIOT261009C00018500%2CRIOT261009C00019000%2CRIOT261009C00019500%2CRIOT261009C00020000%2CRIOT261009C00020500%2CRIOT261009C00021000%2CRIOT261009C00021500%2CRIOT261009C00022000%2CRIOT261009C00022500%2CRIOT261009C00023000%2CRIOT261009C00023500%2CRIOT261009C00024000%2CRIOT261009C00024500%2CRIOT261009C00025000%2CRIOT261009C00025500%2CRIOT261009C00026000%2CRIOT261009C00026500%2CRIOT261009C00027000%2CRIOT261009C00027500%2CRIOT261009C00028000%2CRIOT261009C00028500%2CRIOT261009C00029000%2CRIOT261009C00029500%2CRIOT261009C00030000%2CRIOT261009C00031000%2CRIOT261009C00032000%2CRIOT261009C00033000%2CRIOT261009C00034000%2CRIOT261009C00035000%2CRIOT261009P00008000%2CRIOT261009P00009000%2CRIOT261009P00010000%2CRIOT261009P00011000%2CRIOT261009P00012000%2CRIOT261009P00013000%2CRIOT261009P00014000%2CRIOT261009P00015000%2CRIOT261009P00016000&greeks=true'
For more information check: https://developer.mozilla.org/en-US/docs/Web/HTTP/Status/401
2026-10-02T10:37:38 | WARNING  | app.scanning.alpaca_confirmer | AlpacaConfirmer: cannot fetch chain for XLE 2026-10-05: Client error '401 Unauthorized' for url 'https://api.tradier.com/v1/markets/quotes?symbols=XLE261005C00048000%2CXLE261005C00049000%2CXLE261005C00050000%2CXLE261005C00051000%2CXLE261005C00052000%2CXLE261005C00053000%2CXLE261005C00054000%2CXLE261005C00055000%2CXLE261005C00056000%2CXLE261005C00057000%2CXLE261005C00058000%2CXLE261005C00059000%2CXLE261005C00060000%2CXLE261005C00061000%2CXLE261005C00062000%2CXLE261005C00063000%2CXLE261005C00064000%2CXLE261005C00065000%2CXLE261005C00066000%2CXLE261005C00067000%2CXLE261005C00068000%2CXLE261005C00069000%2CXLE261005C00070000%2CXLE261005C00071000%2CXLE261005C00072000%2CXLE261005C00073000%2CXLE261005C00074000%2CXLE261005C00075000%2CXLE261005C00076000%2CXLE261005C00077000%2CXLE261005C00078000%2CXLE261005C00079000%2CXLE261005P00048000%2CXLE261005P00049000%2CXLE261005P00050000%2CXLE261005P00051000%2CXLE261005P00052000%2CXLE261005P00053000%2CXLE261005P00054000%2CXLE261005P00055000%2CXLE261005P00056000%2CXLE261005P00057000%2CXLE261005P00058000%2CXLE261005P00059000%2CXLE261005P00060000%2CXLE261005P00061000%2CXLE261005P00062000%2CXLE261005P00063000%2CXLE261005P00064000%2CXLE261005P00065000&greeks=true'
For more information check: https://developer.mozilla.org/en-US/docs/Web/HTTP/Status/401
2026-10-02T10:37:38 | WARNING  | app.scanning.alpaca_confirmer | AlpacaConfirmer: cannot fetch chain for AMD 2026-10-05: Client error '401 Unauthorized' for url 'https://api.tradier.com/v1/markets/quotes?symbols=AMD261005C00310000%2CAMD261005C00315000%2CAMD261005C00320000%2CAMD261005C00325000%2CAMD261005C00330000%2CAMD261005C00335000%2CAMD261005C00340000%2CAMD261005C00345000%2CAMD261005C00350000%2CAMD261005C00355000%2CAMD261005C00360000%2CAMD261005C00365000%2CAMD261005C00370000%2CAMD261005C00375000%2CAMD261005C00380000%2CAMD261005C00385000%2CAMD261005C00390000%2CAMD261005C00395000%2CAMD261005C00400000%2CAMD261005C00405000%2CAMD261005C00410000%2CAMD261005C00415000%2CAMD261005C00420000%2CAMD261005C00425000%2CAMD261005C00430000%2CAMD261005C00435000%2CAMD261005C00440000%2CAMD261005C00445000%2CAMD261005C00450000%2CAMD261005C00455000%2CAMD261005C00460000%2CAMD261005C00465000%2CAMD261005C00470000%2CAMD261005C00475000%2CAMD261005C00480000%2CAMD261005C00485000%2CAMD261005C00490000%2CAMD261005C00495000%2CAMD261005C00500000%2CAMD261005C00505000%2CAMD261005C00507500%2CAMD261005C00510000%2CAMD261005C00512500%2CAMD261005C00515000%2CAMD261005C00517500%2CAMD261005C00520000%2CAMD261005C00522500%2CAMD261005C00525000%2CAMD261005C00527500%2CAMD261005C00530000&greeks=true'
For more information check: https://developer.mozilla.org/en-US/docs/Web/HTTP/Status/401
2026-10-02T10:37:38 | WARNING  | app.scanning.alpaca_confirmer | AlpacaConfirmer: cannot fetch chain for HOOD 2026-10-09: Client error '401 Unauthorized' for url 'https://api.tradier.com/v1/markets/quotes?symbols=HOOD261009C00025000%2CHOOD261009C00030000%2CHOOD261009C00035000%2CHOOD261009C00040000%2CHOOD261009C00045000%2CHOOD261009C00050000%2CHOOD261009C00055000%2CHOOD261009C00060000%2CHOOD261009C00065000%2CHOOD261009C00070000%2CHOOD261009C00075000%2CHOOD261009C00080000%2CHOOD261009C00085000%2CHOOD261009C00090000%2CHOOD261009C00091000%2CHOOD261009C00092000%2CHOOD261009C00093000%2CHOOD261009C00094000%2CHOOD261009C00095000%2CHOOD261009C00096000%2CHOOD261009C00097000%2CHOOD261009C00098000%2CHOOD261009C00099000%2CHOOD261009C00100000%2CHOOD261009C00101000%2CHOOD261009C00102000%2CHOOD261009C00103000%2CHOOD261009C00104000%2CHOOD261009C00105000%2CHOOD261009C00106000%2CHOOD261009C00107000%2CHOOD261009C00108000%2CHOOD261009C00109000%2CHOOD261009C00110000%2CHOOD261009C00111000%2CHOOD261009C00112000%2CHOOD261009C00113000%2CHOOD261009C00114000%2CHOOD261009C00115000%2CHOOD261009C00116000%2CHOOD261009C00117000%2CHOOD261009C00118000%2CHOOD261009C00119000%2CHOOD261009C00120000%2CHOOD261009C00121000%2CHOOD261009C00122000%2CHOOD261009C00123000%2CHOOD261009C00124000%2CHOOD261009C00125000%2CHOOD261009C00126000&greeks=true'
For more information check: https://developer.mozilla.org/en-US/docs/Web/HTTP/Status/401
2026-10-02T10:37:38 | WARNING  | app.scanning.alpaca_confirmer | AlpacaConfirmer: cannot fetch chain for NVDA 2026-10-05: Client error '401 Unauthorized' for url 'https://api.tradier.com/v1/markets/quotes?symbols=NVDA261005C00115000%2CNVDA261005C00120000%2CNVDA261005C00125000%2CNVDA261005C00130000%2CNVDA261005C00135000%2CNVDA261005C00140000%2CNVDA261005C00145000%2CNVDA261005C00150000%2CNVDA261005C00155000%2CNVDA261005C00160000%2CNVDA261005C00165000%2CNVDA261005C00170000%2CNVDA261005C00175000%2CNVDA261005C00180000%2CNVDA261005C00185000%2CNVDA261005C00190000%2CNVDA261005C00195000%2CNVDA261005C00197500%2CNVDA261005C00200000%2CNVDA261005C00202500%2CNVDA261005C00205000%2CNVDA261005C00207500%2CNVDA261005C00210000%2CNVDA261005C00212500%2CNVDA261005C00215000%2CNVDA261005C00217500%2CNVDA261005C00220000%2CNVDA261005C00222500%2CNVDA261005C00225000%2CNVDA261005C00227500%2CNVDA261005C00230000%2CNVDA261005C00232500%2CNVDA261005C00235000%2CNVDA261005C00237500%2CNVDA261005C00240000%2CNVDA261005C00242500%2CNVDA261005C00245000%2CNVDA261005C00247500%2CNVDA261005C00250000%2CNVDA261005C00252500%2CNVDA261005C00255000%2CNVDA261005C00260000%2CNVDA261005C00265000%2CNVDA261005C00270000%2CNVDA261005C00275000%2CNVDA261005C00280000%2CNVDA261005C00285000%2CNVDA261005C00290000%2CNVDA261005C00295000%2CNVDA261005P00115000&greeks=true'
For more information check: https://developer.mozilla.org/en-US/docs/Web/HTTP/Status/401
2026-10-02T10:37:38 | WARNING  | app.scanning.alpaca_confirmer | AlpacaConfirmer: cannot fetch chain for AAPL 2026-10-05: Client error '401 Unauthorized' for url 'https://api.tradier.com/v1/markets/quotes?symbols=AAPL261005C00245000%2CAAPL261005C00250000%2CAAPL261005C00255000%2CAAPL261005C00260000%2CAAPL261005C00265000%2CAAPL261005C00270000%2CAAPL261005C00275000%2CAAPL261005C00280000%2CAAPL261005C00285000%2CAAPL261005C00290000%2CAAPL261005C00295000%2CAAPL261005C00300000%2CAAPL261005C00302500%2CAAPL261005C00305000%2CAAPL261005C00307500%2CAAPL261005C00310000%2CAAPL261005C00312500%2CAAPL261005C00315000%2CAAPL261005C00317500%2CAAPL261005C00320000%2CAAPL261005C00322500%2CAAPL261005C00325000%2CAAPL261005C00327500%2CAAPL261005C00330000%2CAAPL261005C00332500%2CAAPL261005C00335000%2CAAPL261005C00337500%2CAAPL261005C00340000%2CAAPL261005C00342500%2CAAPL261005C00345000%2CAAPL261005C00347500%2CAAPL261005C00350000%2CAAPL261005C00352500%2CAAPL261005C00355000%2CAAPL261005C00357500%2CAAPL261005C00360000%2CAAPL261005C00362500%2CAAPL261005C00365000%2CAAPL261005C00367500%2CAAPL261005C00370000%2CAAPL261005C00372500%2CAAPL261005C00375000%2CAAPL261005C00380000%2CAAPL261005C00385000%2CAAPL261005C00390000%2CAAPL261005C00395000%2CAAPL261005C00400000%2CAAPL261005C00405000%2CAAPL261005P00245000%2CAAPL261005P00250000&greeks=true'
For more information check: https://developer.mozilla.org/en-US/docs/Web/HTTP/Status/401
2026-10-02T10:37:38 | INFO     | session_runner | AlpacaConfirmer: 0 confirmed symbols: []
2026-10-02T10:37:38 | WARNING  | session_runner | Re-scan returned no confirmed symbols — falling back to ['SPY']
2026-10-02T10:37:38 | INFO     | session_runner | Broad-market regime | SPY=long
2026-10-02T10:37:38 | INFO     | session_runner | [bridge:SPY] rsi_trend ready: sufficient bars
2026-10-02T10:37:38 | INFO     | session_runner | Stale signal: SPY/vwap_reclaim age=123 min > max 10 min — skipped
2026-10-02T10:37:38 | INFO     | session_runner | Stale signal: SPY/vwap_reclaim age=28 min > max 10 min — skipped
2026-10-02T10:38:08 | INFO     | session_runner | [cycle 132] 10:38:08 ET | positions=0 | entries=0
2026-10-02T10:38:09 | INFO     | session_runner | [bridge:SPY] rsi_trend ready: sufficient bars
2026-10-02T10:38:09 | INFO     | session_runner | Stale signal: SPY/vwap_reclaim age=123 min > max 10 min — skipped
2026-10-02T10:38:09 | INFO     | session_runner | Stale signal: SPY/vwap_reclaim age=28 min > max 10 min — skipped
2026-10-02T10:38:39 | INFO     | session_runner | [cycle 133] 10:38:39 ET | positions=0 | entries=0
2026-10-02T10:38:39 | INFO     | session_runner | [bridge:SPY] rsi_trend ready: sufficient bars
2026-10-02T10:38:39 | INFO     | session_runner | Stale signal: SPY/vwap_reclaim age=124 min > max 10 min — skipped
2026-10-02T10:38:39 | INFO     | session_runner | Stale signal: SPY/vwap_reclaim age=29 min > max 10 min — skipped
2026-10-02T10:39:09 | INFO     | session_runner | [cycle 134] 10:39:09 ET | positions=0 | entries=0
2026-10-02T10:39:09 | INFO     | session_runner | [bridge:SPY] rsi_trend ready: sufficient bars
2026-10-02T10:39:09 | INFO     | session_runner | Stale signal: SPY/vwap_reclaim age=124 min > max 10 min — skipped
2026-10-02T10:39:09 | INFO     | session_runner | Stale signal: SPY/vwap_reclaim age=29 min > max 10 min — skipped
2026-10-02T10:39:40 | INFO     | session_runner | [cycle 135] 10:39:40 ET | positions=0 | entries=0
2026-10-02T10:39:40 | INFO     | session_runner | [bridge:SPY] rsi_trend ready: sufficient bars
2026-10-02T10:39:40 | INFO     | session_runner | Stale signal: SPY/vwap_reclaim age=125 min > max 10 min — skipped
2026-10-02T10:39:40 | INFO     | session_runner | Stale signal: SPY/vwap_reclaim age=30 min > max 10 min — skipped
2026-10-02T10:40:10 | INFO     | session_runner | [cycle 136] 10:40:10 ET | positions=0 | entries=0
2026-10-02T10:40:10 | INFO     | session_runner | [bridge:SPY] rsi_trend ready: sufficient bars
2026-10-02T10:40:10 | INFO     | session_runner | Stale signal: SPY/vwap_reclaim age=125 min > max 10 min — skipped
2026-10-02T10:40:10 | INFO     | session_runner | Stale signal: SPY/vwap_reclaim age=30 min > max 10 min — skipped
2026-10-02T10:40:40 | INFO     | session_runner | [cycle 137] 10:40:40 ET | positions=0 | entries=0
2026-10-02T10:40:41 | INFO     | session_runner | [bridge:SPY] rsi_trend ready: sufficient bars
2026-10-02T10:40:41 | INFO     | session_runner | Stale signal: SPY/vwap_reclaim age=126 min > max 10 min — skipped
2026-10-02T10:40:41 | INFO     | session_runner | Stale signal: SPY/vwap_reclaim age=31 min > max 10 min — skipped
2026-10-02T10:41:11 | INFO     | session_runner | [cycle 138] 10:41:11 ET | positions=0 | entries=0
2026-10-02T10:41:11 | INFO     | session_runner | [bridge:SPY] rsi_trend ready: sufficient bars
2026-10-02T10:41:11 | INFO     | session_runner | Stale signal: SPY/vwap_reclaim age=126 min > max 10 min — skipped
2026-10-02T10:41:11 | INFO     | session_runner | Stale signal: SPY/vwap_reclaim age=31 min > max 10 min — skipped
2026-10-02T10:41:41 | INFO     | session_runner | [cycle 139] 10:41:41 ET | positions=0 | entries=0
2026-10-02T10:41:42 | INFO     | session_runner | [bridge:SPY] rsi_trend ready: sufficient bars
2026-10-02T10:41:42 | INFO     | session_runner | Stale signal: SPY/vwap_reclaim age=127 min > max 10 min — skipped
2026-10-02T10:41:42 | INFO     | session_runner | Stale signal: SPY/vwap_reclaim age=32 min > max 10 min — skipped
2026-10-02T10:42:12 | INFO     | session_runner | [cycle 140] 10:42:12 ET | positions=0 | entries=0
2026-10-02T10:42:12 | INFO     | session_runner | [bridge:SPY] rsi_trend ready: sufficient bars
2026-10-02T10:42:12 | INFO     | session_runner | Stale signal: SPY/vwap_reclaim age=127 min > max 10 min — skipped
2026-10-02T10:42:12 | INFO     | session_runner | Stale signal: SPY/vwap_reclaim age=32 min > max 10 min — skipped
2026-10-02T10:42:42 | INFO     | session_runner | [cycle 141] 10:42:42 ET | positions=0 | entries=0
2026-10-02T10:42:42 | INFO     | app.trading.reconciler | Reconciliation done: broker_pos=0 local_pos=0 broker_orders=0 local_pending=0 repaired=0 flagged=0 orders_confirmed=True positions_confirmed=True
2026-10-02T10:42:42 | INFO     | session_runner | Periodic universe re-scan …
2026-10-02T10:42:42 | INFO     | app.scanning.universe_loader | UniverseLoader: loaded 5 groups (13 flat symbols) from config/ticker_universe.yaml (blacklist=0)
2026-10-02T10:42:42 | INFO     | app.scanning.universe_loader | UniverseLoader: 38 symbols from 4 group(s) (blacklist=0)
2026-10-02T10:42:42 | INFO     | session_runner | Universe scan: 38 symbols from 4 group(s) | max_active=6
2026-10-02T10:42:47 | INFO     | session_runner | Scan: 19 passed, 19 rejected
2026-10-02T10:42:47 | INFO     | session_runner |   TSLA    score=95.0  signal=LONG     reasons: rvol=3.65x (high), atr=3.19% (wide-range), orb_breakout
2026-10-02T10:42:47 | INFO     | session_runner |   AVGO    score=87.0  signal=LONG     reasons: rvol=2.19x (high), atr=2.85% (wide-range), orb_breakout
2026-10-02T10:42:47 | INFO     | session_runner |   HOOD    score=75.0  signal=LONG     reasons: rvol=2.37x (high), atr=5.17% (wide-range), trend_up
2026-10-02T10:42:47 | INFO     | session_runner |   SPY     score=73.0  signal=LONG     reasons: rvol=1.49x (normal), atr=0.88% (good range), orb_breakout
2026-10-02T10:42:47 | INFO     | session_runner |   NVDA    score=73.0  signal=LONG     reasons: rvol=2.76x (high), atr=2.34% (wide-range), near_orb_level
2026-10-02T10:42:47 | WARNING  | app.scanning.alpaca_confirmer | AlpacaConfirmer: cannot fetch chain for TSLA 2026-10-05: Client error '401 Unauthorized' for url 'https://api.tradier.com/v1/markets/quotes?symbols=TSLA261005C00250000%2CTSLA261005C00255000%2CTSLA261005C00260000%2CTSLA261005C00265000%2CTSLA261005C00270000%2CTSLA261005C00275000%2CTSLA261005C00280000%2CTSLA261005C00285000%2CTSLA261005C00290000%2CTSLA261005C00295000%2CTSLA261005C00300000%2CTSLA261005C00305000%2CTSLA261005C00310000%2CTSLA261005C00315000%2CTSLA261005C00317500%2CTSLA261005C00320000%2CTSLA261005C00322500%2CTSLA261005C00325000%2CTSLA261005C00327500%2CTSLA261005C00330000%2CTSLA261005C00332500%2CTSLA261005C00335000%2CTSLA261005C00337500%2CTSLA261005C00340000%2CTSLA261005C00342500%2CTSLA261005C00345000%2CTSLA261005C00347500%2CTSLA261005C00350000%2CTSLA261005C00352500%2CTSLA261005C00355000%2CTSLA261005C00357500%2CTSLA261005C00360000%2CTSLA261005C00362500%2CTSLA261005C00365000%2CTSLA261005C00367500%2CTSLA261005C00370000%2CTSLA261005C00372500%2CTSLA261005C00375000%2CTSLA261005C00377500%2CTSLA261005C00380000%2CTSLA261005C00382500%2CTSLA261005C00385000%2CTSLA261005C00387500%2CTSLA261005C00390000%2CTSLA261005C00392500%2CTSLA261005C00395000%2CTSLA261005C00397500%2CTSLA261005C00400000%2CTSLA261005C00402500%2CTSLA261005C00405000&greeks=true'
For more information check: https://developer.mozilla.org/en-US/docs/Web/HTTP/Status/401
2026-10-02T10:42:47 | WARNING  | app.scanning.alpaca_confirmer | AlpacaConfirmer: cannot fetch chain for AAPL 2026-10-05: Client error '401 Unauthorized' for url 'https://api.tradier.com/v1/markets/quotes?symbols=AAPL261005C00245000%2CAAPL261005C00250000%2CAAPL261005C00255000%2CAAPL261005C00260000%2CAAPL261005C00265000%2CAAPL261005C00270000%2CAAPL261005C00275000%2CAAPL261005C00280000%2CAAPL261005C00285000%2CAAPL261005C00290000%2CAAPL261005C00295000%2CAAPL261005C00300000%2CAAPL261005C00302500%2CAAPL261005C00305000%2CAAPL261005C00307500%2CAAPL261005C00310000%2CAAPL261005C00312500%2CAAPL261005C00315000%2CAAPL261005C00317500%2CAAPL261005C00320000%2CAAPL261005C00322500%2CAAPL261005C00325000%2CAAPL261005C00327500%2CAAPL261005C00330000%2CAAPL261005C00332500%2CAAPL261005C00335000%2CAAPL261005C00337500%2CAAPL261005C00340000%2CAAPL261005C00342500%2CAAPL261005C00345000%2CAAPL261005C00347500%2CAAPL261005C00350000%2CAAPL261005C00352500%2CAAPL261005C00355000%2CAAPL261005C00357500%2CAAPL261005C00360000%2CAAPL261005C00362500%2CAAPL261005C00365000%2CAAPL261005C00367500%2CAAPL261005C00370000%2CAAPL261005C00372500%2CAAPL261005C00375000%2CAAPL261005C00380000%2CAAPL261005C00385000%2CAAPL261005C00390000%2CAAPL261005C00395000%2CAAPL261005C00400000%2CAAPL261005C00405000%2CAAPL261005P00245000%2CAAPL261005P00250000&greeks=true'
For more information check: https://developer.mozilla.org/en-US/docs/Web/HTTP/Status/401
2026-10-02T10:42:47 | WARNING  | app.scanning.alpaca_confirmer | AlpacaConfirmer: cannot fetch chain for AVGO 2026-10-05: Client error '401 Unauthorized' for url 'https://api.tradier.com/v1/markets/quotes?symbols=AVGO261005C00285000%2CAVGO261005C00290000%2CAVGO261005C00295000%2CAVGO261005C00300000%2CAVGO261005C00305000%2CAVGO261005C00310000%2CAVGO261005C00315000%2CAVGO261005C00317500%2CAVGO261005C00320000%2CAVGO261005C00322500%2CAVGO261005C00325000%2CAVGO261005C00327500%2CAVGO261005C00330000%2CAVGO261005C00332500%2CAVGO261005C00335000%2CAVGO261005C00337500%2CAVGO261005C00340000%2CAVGO261005C00342500%2CAVGO261005C00345000%2CAVGO261005C00347500%2CAVGO261005C00350000%2CAVGO261005C00352500%2CAVGO261005C00355000%2CAVGO261005C00357500%2CAVGO261005C00360000%2CAVGO261005C00362500%2CAVGO261005C00365000%2CAVGO261005C00367500%2CAVGO261005C00370000%2CAVGO261005C00372500%2CAVGO261005C00375000%2CAVGO261005C00377500%2CAVGO261005C00380000%2CAVGO261005C00382500%2CAVGO261005C00385000%2CAVGO261005C00387500%2CAVGO261005C00390000%2CAVGO261005C00392500%2CAVGO261005C00395000%2CAVGO261005C00397500%2CAVGO261005C00400000%2CAVGO261005C00402500%2CAVGO261005C00405000%2CAVGO261005C00407500%2CAVGO261005C00410000%2CAVGO261005C00412500%2CAVGO261005C00415000%2CAVGO261005C00417500%2CAVGO261005C00420000%2CAVGO261005C00422500&greeks=true'
For more information check: https://developer.mozilla.org/en-US/docs/Web/HTTP/Status/401
2026-10-02T10:42:47 | WARNING  | app.scanning.alpaca_confirmer | AlpacaConfirmer: cannot fetch chain for HOOD 2026-10-09: Client error '401 Unauthorized' for url 'https://api.tradier.com/v1/markets/quotes?symbols=HOOD261009C00025000%2CHOOD261009C00030000%2CHOOD261009C00035000%2CHOOD261009C00040000%2CHOOD261009C00045000%2CHOOD261009C00050000%2CHOOD261009C00055000%2CHOOD261009C00060000%2CHOOD261009C00065000%2CHOOD261009C00070000%2CHOOD261009C00075000%2CHOOD261009C00080000%2CHOOD261009C00085000%2CHOOD261009C00090000%2CHOOD261009C00091000%2CHOOD261009C00092000%2CHOOD261009C00093000%2CHOOD261009C00094000%2CHOOD261009C00095000%2CHOOD261009C00096000%2CHOOD261009C00097000%2CHOOD261009C00098000%2CHOOD261009C00099000%2CHOOD261009C00100000%2CHOOD261009C00101000%2CHOOD261009C00102000%2CHOOD261009C00103000%2CHOOD261009C00104000%2CHOOD261009C00105000%2CHOOD261009C00106000%2CHOOD261009C00107000%2CHOOD261009C00108000%2CHOOD261009C00109000%2CHOOD261009C00110000%2CHOOD261009C00111000%2CHOOD261009C00112000%2CHOOD261009C00113000%2CHOOD261009C00114000%2CHOOD261009C00115000%2CHOOD261009C00116000%2CHOOD261009C00117000%2CHOOD261009C00118000%2CHOOD261009C00119000%2CHOOD261009C00120000%2CHOOD261009C00121000%2CHOOD261009C00122000%2CHOOD261009C00123000%2CHOOD261009C00124000%2CHOOD261009C00125000%2CHOOD261009C00126000&greeks=true'
For more information check: https://developer.mozilla.org/en-US/docs/Web/HTTP/Status/401
2026-10-02T10:42:47 | WARNING  | app.scanning.alpaca_confirmer | AlpacaConfirmer: cannot fetch chain for RIOT 2026-10-09: Client error '401 Unauthorized' for url 'https://api.tradier.com/v1/markets/quotes?symbols=RIOT261009C00008000%2CRIOT261009C00009000%2CRIOT261009C00010000%2CRIOT261009C00011000%2CRIOT261009C00012000%2CRIOT261009C00013000%2CRIOT261009C00014000%2CRIOT261009C00015000%2CRIOT261009C00016000%2CRIOT261009C00017000%2CRIOT261009C00017500%2CRIOT261009C00018000%2CRIOT261009C00018500%2CRIOT261009C00019000%2CRIOT261009C00019500%2CRIOT261009C00020000%2CRIOT261009C00020500%2CRIOT261009C00021000%2CRIOT261009C00021500%2CRIOT261009C00022000%2CRIOT261009C00022500%2CRIOT261009C00023000%2CRIOT261009C00023500%2CRIOT261009C00024000%2CRIOT261009C00024500%2CRIOT261009C00025000%2CRIOT261009C00025500%2CRIOT261009C00026000%2CRIOT261009C00026500%2CRIOT261009C00027000%2CRIOT261009C00027500%2CRIOT261009C00028000%2CRIOT261009C00028500%2CRIOT261009C00029000%2CRIOT261009C00029500%2CRIOT261009C00030000%2CRIOT261009C00031000%2CRIOT261009C00032000%2CRIOT261009C00033000%2CRIOT261009C00034000%2CRIOT261009C00035000%2CRIOT261009P00008000%2CRIOT261009P00009000%2CRIOT261009P00010000%2CRIOT261009P00011000%2CRIOT261009P00012000%2CRIOT261009P00013000%2CRIOT261009P00014000%2CRIOT261009P00015000%2CRIOT261009P00016000&greeks=true'
For more information check: https://developer.mozilla.org/en-US/docs/Web/HTTP/Status/401
2026-10-02T10:42:47 | WARNING  | app.scanning.alpaca_confirmer | AlpacaConfirmer: cannot fetch chain for XLE 2026-10-05: Client error '401 Unauthorized' for url 'https://api.tradier.com/v1/markets/quotes?symbols=XLE261005C00048000%2CXLE261005C00049000%2CXLE261005C00050000%2CXLE261005C00051000%2CXLE261005C00052000%2CXLE261005C00053000%2CXLE261005C00054000%2CXLE261005C00055000%2CXLE261005C00056000%2CXLE261005C00057000%2CXLE261005C00058000%2CXLE261005C00059000%2CXLE261005C00060000%2CXLE261005C00061000%2CXLE261005C00062000%2CXLE261005C00063000%2CXLE261005C00064000%2CXLE261005C00065000%2CXLE261005C00066000%2CXLE261005C00067000%2CXLE261005C00068000%2CXLE261005C00069000%2CXLE261005C00070000%2CXLE261005C00071000%2CXLE261005C00072000%2CXLE261005C00073000%2CXLE261005C00074000%2CXLE261005C00075000%2CXLE261005C00076000%2CXLE261005C00077000%2CXLE261005C00078000%2CXLE261005C00079000%2CXLE261005P00048000%2CXLE261005P00049000%2CXLE261005P00050000%2CXLE261005P00051000%2CXLE261005P00052000%2CXLE261005P00053000%2CXLE261005P00054000%2CXLE261005P00055000%2CXLE261005P00056000%2CXLE261005P00057000%2CXLE261005P00058000%2CXLE261005P00059000%2CXLE261005P00060000%2CXLE261005P00061000%2CXLE261005P00062000%2CXLE261005P00063000%2CXLE261005P00064000%2CXLE261005P00065000&greeks=true'
For more information check: https://developer.mozilla.org/en-US/docs/Web/HTTP/Status/401
2026-10-02T10:42:47 | WARNING  | app.scanning.alpaca_confirmer | AlpacaConfirmer: cannot fetch chain for GOOGL 2026-10-05: Client error '401 Unauthorized' for url 'https://api.tradier.com/v1/markets/quotes?symbols=GOOGL261005C00265000%2CGOOGL261005C00270000%2CGOOGL261005C00275000%2CGOOGL261005C00280000%2CGOOGL261005C00285000%2CGOOGL261005C00290000%2CGOOGL261005C00295000%2CGOOGL261005C00300000%2CGOOGL261005C00305000%2CGOOGL261005C00307500%2CGOOGL261005C00310000%2CGOOGL261005C00312500%2CGOOGL261005C00315000%2CGOOGL261005C00317500%2CGOOGL261005C00320000%2CGOOGL261005C00322500%2CGOOGL261005C00325000%2CGOOGL261005C00327500%2CGOOGL261005C00330000%2CGOOGL261005C00332500%2CGOOGL261005C00335000%2CGOOGL261005C00337500%2CGOOGL261005C00340000%2CGOOGL261005C00342500%2CGOOGL261005C00345000%2CGOOGL261005C00347500%2CGOOGL261005C00350000%2CGOOGL261005C00352500%2CGOOGL261005C00355000%2CGOOGL261005C00357500%2CGOOGL261005C00360000%2CGOOGL261005C00362500%2CGOOGL261005C00365000%2CGOOGL261005C00367500%2CGOOGL261005C00370000%2CGOOGL261005C00372500%2CGOOGL261005C00375000%2CGOOGL261005C00377500%2CGOOGL261005C00380000%2CGOOGL261005C00382500%2CGOOGL261005C00385000%2CGOOGL261005C00387500%2CGOOGL261005C00390000%2CGOOGL261005C00392500%2CGOOGL261005C00395000%2CGOOGL261005C00397500%2CGOOGL261005C00400000%2CGOOGL261005C00402500%2CGOOGL261005C00405000%2CGOOGL261005C00407500&greeks=true'
For more information check: https://developer.mozilla.org/en-US/docs/Web/HTTP/Status/401
2026-10-02T10:42:47 | WARNING  | app.scanning.alpaca_confirmer | AlpacaConfirmer: cannot fetch chain for AMD 2026-10-05: Client error '401 Unauthorized' for url 'https://api.tradier.com/v1/markets/quotes?symbols=AMD261005C00310000%2CAMD261005C00315000%2CAMD261005C00320000%2CAMD261005C00325000%2CAMD261005C00330000%2CAMD261005C00335000%2CAMD261005C00340000%2CAMD261005C00345000%2CAMD261005C00350000%2CAMD261005C00355000%2CAMD261005C00360000%2CAMD261005C00365000%2CAMD261005C00370000%2CAMD261005C00375000%2CAMD261005C00380000%2CAMD261005C00385000%2CAMD261005C00390000%2CAMD261005C00395000%2CAMD261005C00400000%2CAMD261005C00405000%2CAMD261005C00410000%2CAMD261005C00415000%2CAMD261005C00420000%2CAMD261005C00425000%2CAMD261005C00430000%2CAMD261005C00435000%2CAMD261005C00440000%2CAMD261005C00445000%2CAMD261005C00450000%2CAMD261005C00455000%2CAMD261005C00460000%2CAMD261005C00465000%2CAMD261005C00470000%2CAMD261005C00475000%2CAMD261005C00480000%2CAMD261005C00485000%2CAMD261005C00490000%2CAMD261005C00495000%2CAMD261005C00500000%2CAMD261005C00505000%2CAMD261005C00507500%2CAMD261005C00510000%2CAMD261005C00512500%2CAMD261005C00515000%2CAMD261005C00517500%2CAMD261005C00520000%2CAMD261005C00522500%2CAMD261005C00525000%2CAMD261005C00527500%2CAMD261005C00530000&greeks=true'
For more information check: https://developer.mozilla.org/en-US/docs/Web/HTTP/Status/401
2026-10-02T10:42:47 | WARNING  | app.scanning.alpaca_confirmer | AlpacaConfirmer: cannot fetch chain for NVDA 2026-10-05: Client error '401 Unauthorized' for url 'https://api.tradier.com/v1/markets/quotes?symbols=NVDA261005C00115000%2CNVDA261005C00120000%2CNVDA261005C00125000%2CNVDA261005C00130000%2CNVDA261005C00135000%2CNVDA261005C00140000%2CNVDA261005C00145000%2CNVDA261005C00150000%2CNVDA261005C00155000%2CNVDA261005C00160000%2CNVDA261005C00165000%2CNVDA261005C00170000%2CNVDA261005C00175000%2CNVDA261005C00180000%2CNVDA261005C00185000%2CNVDA261005C00190000%2CNVDA261005C00195000%2CNVDA261005C00197500%2CNVDA261005C00200000%2CNVDA261005C00202500%2CNVDA261005C00205000%2CNVDA261005C00207500%2CNVDA261005C00210000%2CNVDA261005C00212500%2CNVDA261005C00215000%2CNVDA261005C00217500%2CNVDA261005C00220000%2CNVDA261005C00222500%2CNVDA261005C00225000%2CNVDA261005C00227500%2CNVDA261005C00230000%2CNVDA261005C00232500%2CNVDA261005C00235000%2CNVDA261005C00237500%2CNVDA261005C00240000%2CNVDA261005C00242500%2CNVDA261005C00245000%2CNVDA261005C00247500%2CNVDA261005C00250000%2CNVDA261005C00252500%2CNVDA261005C00255000%2CNVDA261005C00260000%2CNVDA261005C00265000%2CNVDA261005C00270000%2CNVDA261005C00275000%2CNVDA261005C00280000%2CNVDA261005C00285000%2CNVDA261005C00290000%2CNVDA261005C00295000%2CNVDA261005P00115000&greeks=true'
For more information check: https://developer.mozilla.org/en-US/docs/Web/HTTP/Status/401
2026-10-02T10:42:47 | WARNING  | app.scanning.alpaca_confirmer | AlpacaConfirmer: cannot fetch chain for SPY 2026-10-05: Client error '401 Unauthorized' for url 'https://api.tradier.com/v1/markets/quotes?symbols=SPY261005C00550000%2CSPY261005C00555000%2CSPY261005C00560000%2CSPY261005C00565000%2CSPY261005C00570000%2CSPY261005C00575000%2CSPY261005C00580000%2CSPY261005C00585000%2CSPY261005C00590000%2CSPY261005C00595000%2CSPY261005C00600000%2CSPY261005C00605000%2CSPY261005C00610000%2CSPY261005C00615000%2CSPY261005C00620000%2CSPY261005C00625000%2CSPY261005C00630000%2CSPY261005C00635000%2CSPY261005C00640000%2CSPY261005C00645000%2CSPY261005C00650000%2CSPY261005C00655000%2CSPY261005C00660000%2CSPY261005C00665000%2CSPY261005C00670000%2CSPY261005C00675000%2CSPY261005C00680000%2CSPY261005C00685000%2CSPY261005C00690000%2CSPY261005C00695000%2CSPY261005C00700000%2CSPY261005C00705000%2CSPY261005C00710000%2CSPY261005C00715000%2CSPY261005C00720000%2CSPY261005C00723000%2CSPY261005C00724000%2CSPY261005C00725000%2CSPY261005C00726000%2CSPY261005C00727000%2CSPY261005C00728000%2CSPY261005C00729000%2CSPY261005C00730000%2CSPY261005C00731000%2CSPY261005C00732000%2CSPY261005C00733000%2CSPY261005C00734000%2CSPY261005C00735000%2CSPY261005C00736000%2CSPY261005C00737000&greeks=true'
For more information check: https://developer.mozilla.org/en-US/docs/Web/HTTP/Status/401
2026-10-02T10:42:47 | WARNING  | app.scanning.alpaca_confirmer | AlpacaConfirmer: cannot fetch chain for MARA 2026-10-09: Client error '401 Unauthorized' for url 'https://api.tradier.com/v1/markets/quotes?symbols=MARA261009C00004000%2CMARA261009C00005000%2CMARA261009C00006000%2CMARA261009C00006500%2CMARA261009C00007000%2CMARA261009C00007500%2CMARA261009C00008000%2CMARA261009C00008500%2CMARA261009C00009000%2CMARA261009C00009500%2CMARA261009C00010000%2CMARA261009C00010500%2CMARA261009C00011000%2CMARA261009C00011500%2CMARA261009C00012000%2CMARA261009C00012500%2CMARA261009C00013000%2CMARA261009C00013500%2CMARA261009C00014000%2CMARA261009C00014500%2CMARA261009C00015000%2CMARA261009C00015500%2CMARA261009C00016000%2CMARA261009C00016500%2CMARA261009C00017000%2CMARA261009C00017500%2CMARA261009C00018000%2CMARA261009C00019000%2CMARA261009C00020000%2CMARA261009C00021000%2CMARA261009C00022000%2CMARA261009C00023000%2CMARA261009P00004000%2CMARA261009P00005000%2CMARA261009P00006000%2CMARA261009P00006500%2CMARA261009P00007000%2CMARA261009P00007500%2CMARA261009P00008000%2CMARA261009P00008500%2CMARA261009P00009000%2CMARA261009P00009500%2CMARA261009P00010000%2CMARA261009P00010500%2CMARA261009P00011000%2CMARA261009P00011500%2CMARA261009P00012000%2CMARA261009P00012500%2CMARA261009P00013000%2CMARA261009P00013500&greeks=true'
For more information check: https://developer.mozilla.org/en-US/docs/Web/HTTP/Status/401
2026-10-02T10:42:47 | WARNING  | app.scanning.alpaca_confirmer | AlpacaConfirmer: cannot fetch chain for QQQ 2026-10-05: Client error '401 Unauthorized' for url 'https://api.tradier.com/v1/markets/quotes?symbols=QQQ261005C00450000%2CQQQ261005C00455000%2CQQQ261005C00460000%2CQQQ261005C00465000%2CQQQ261005C00470000%2CQQQ261005C00475000%2CQQQ261005C00480000%2CQQQ261005C00485000%2CQQQ261005C00490000%2CQQQ261005C00495000%2CQQQ261005C00500000%2CQQQ261005C00505000%2CQQQ261005C00510000%2CQQQ261005C00515000%2CQQQ261005C00520000%2CQQQ261005C00525000%2CQQQ261005C00530000%2CQQQ261005C00535000%2CQQQ261005C00540000%2CQQQ261005C00545000%2CQQQ261005C00550000%2CQQQ261005C00555000%2CQQQ261005C00560000%2CQQQ261005C00565000%2CQQQ261005C00570000%2CQQQ261005C00575000%2CQQQ261005C00580000%2CQQQ261005C00585000%2CQQQ261005C00590000%2CQQQ261005C00595000%2CQQQ261005C00600000%2CQQQ261005C00605000%2CQQQ261005C00610000%2CQQQ261005C00615000%2CQQQ261005C00620000%2CQQQ261005C00625000%2CQQQ261005C00630000%2CQQQ261005C00635000%2CQQQ261005C00640000%2CQQQ261005C00645000%2CQQQ261005C00650000%2CQQQ261005C00655000%2CQQQ261005C00660000%2CQQQ261005C00665000%2CQQQ261005C00670000%2CQQQ261005C00675000%2CQQQ261005C00680000%2CQQQ261005C00685000%2CQQQ261005C00689000%2CQQQ261005C00690000&greeks=true'
For more information check: https://developer.mozilla.org/en-US/docs/Web/HTTP/Status/401
2026-10-02T10:42:47 | INFO     | session_runner | AlpacaConfirmer: 0 confirmed symbols: []
2026-10-02T10:42:47 | WARNING  | session_runner | Re-scan returned no confirmed symbols — falling back to ['SPY']
2026-10-02T10:42:47 | INFO     | session_runner | Broad-market regime | SPY=long
2026-10-02T10:42:48 | INFO     | session_runner | [bridge:SPY] rsi_trend ready: sufficient bars
2026-10-02T10:42:48 | INFO     | session_runner | Stale signal: SPY/vwap_reclaim age=128 min > max 10 min — skipped
2026-10-02T10:42:48 | INFO     | session_runner | Stale signal: SPY/vwap_reclaim age=33 min > max 10 min — skipped
2026-10-02T10:43:18 | INFO     | session_runner | [cycle 142] 10:43:18 ET | positions=0 | entries=0
2026-10-02T10:43:18 | INFO     | session_runner | [bridge:SPY] rsi_trend ready: sufficient bars
2026-10-02T10:43:18 | INFO     | session_runner | Stale signal: SPY/vwap_reclaim age=128 min > max 10 min — skipped
2026-10-02T10:43:18 | INFO     | session_runner | Stale signal: SPY/vwap_reclaim age=33 min > max 10 min — skipped
2026-10-02T10:43:48 | INFO     | session_runner | [cycle 143] 10:43:48 ET | positions=0 | entries=0
2026-10-02T10:43:48 | INFO     | session_runner | [bridge:SPY] rsi_trend ready: sufficient bars
2026-10-02T10:43:48 | INFO     | session_runner | Stale signal: SPY/vwap_reclaim age=129 min > max 10 min — skipped
2026-10-02T10:43:48 | INFO     | session_runner | Stale signal: SPY/vwap_reclaim age=34 min > max 10 min — skipped
2026-10-02T10:44:18 | INFO     | session_runner | [cycle 144] 10:44:18 ET | positions=0 | entries=0
2026-10-02T10:44:19 | INFO     | session_runner | [bridge:SPY] rsi_trend ready: sufficient bars
2026-10-02T10:44:19 | INFO     | session_runner | Stale signal: SPY/vwap_reclaim age=129 min > max 10 min — skipped
2026-10-02T10:44:19 | INFO     | session_runner | Stale signal: SPY/vwap_reclaim age=34 min > max 10 min — skipped
2026-10-02T10:44:49 | INFO     | session_runner | [cycle 145] 10:44:49 ET | positions=0 | entries=0
2026-10-02T10:44:49 | INFO     | session_runner | [bridge:SPY] rsi_trend ready: sufficient bars
2026-10-02T10:44:49 | INFO     | session_runner | Stale signal: SPY/vwap_reclaim age=130 min > max 10 min — skipped
2026-10-02T10:44:49 | INFO     | session_runner | Stale signal: SPY/vwap_reclaim age=35 min > max 10 min — skipped
2026-10-02T10:45:19 | INFO     | session_runner | [cycle 146] 10:45:19 ET | positions=0 | entries=0
2026-10-02T10:45:20 | INFO     | session_runner | [bridge:SPY] rsi_trend ready: sufficient bars
2026-10-02T10:45:20 | INFO     | session_runner | Stale signal: SPY/vwap_reclaim age=130 min > max 10 min — skipped
2026-10-02T10:45:20 | INFO     | session_runner | Stale signal: SPY/vwap_reclaim age=35 min > max 10 min — skipped
2026-10-02T10:45:50 | INFO     | session_runner | [cycle 147] 10:45:50 ET | positions=0 | entries=0
2026-10-02T10:45:50 | INFO     | session_runner | [bridge:SPY] rsi_trend ready: sufficient bars
2026-10-02T10:45:50 | INFO     | session_runner | Stale signal: SPY/vwap_reclaim age=131 min > max 10 min — skipped
2026-10-02T10:45:50 | INFO     | session_runner | Stale signal: SPY/vwap_reclaim age=36 min > max 10 min — skipped
2026-10-02T10:46:20 | INFO     | session_runner | [cycle 148] 10:46:20 ET | positions=0 | entries=0
2026-10-02T10:46:20 | INFO     | session_runner | [bridge:SPY] rsi_trend ready: sufficient bars
2026-10-02T10:46:20 | INFO     | session_runner | Stale signal: SPY/vwap_reclaim age=131 min > max 10 min — skipped
2026-10-02T10:46:20 | INFO     | session_runner | Stale signal: SPY/vwap_reclaim age=36 min > max 10 min — skipped
2026-10-02T10:46:51 | INFO     | session_runner | [cycle 149] 10:46:51 ET | positions=0 | entries=0
2026-10-02T10:46:51 | INFO     | session_runner | [bridge:SPY] rsi_trend ready: sufficient bars
2026-10-02T10:46:51 | INFO     | session_runner | Stale signal: SPY/vwap_reclaim age=132 min > max 10 min — skipped
2026-10-02T10:46:51 | INFO     | session_runner | Stale signal: SPY/vwap_reclaim age=37 min > max 10 min — skipped
2026-10-02T10:47:21 | INFO     | session_runner | [cycle 150] 10:47:21 ET | positions=0 | entries=0
2026-10-02T10:47:21 | INFO     | session_runner | [bridge:SPY] rsi_trend ready: sufficient bars
2026-10-02T10:47:21 | INFO     | session_runner | Stale signal: SPY/vwap_reclaim age=132 min > max 10 min — skipped
2026-10-02T10:47:21 | INFO     | session_runner | Stale signal: SPY/vwap_reclaim age=37 min > max 10 min — skipped
2026-10-02T10:47:51 | INFO     | session_runner | [cycle 151] 10:47:51 ET | positions=0 | entries=0
2026-10-02T10:47:51 | INFO     | session_runner | Periodic universe re-scan …
2026-10-02T10:47:51 | INFO     | app.scanning.universe_loader | UniverseLoader: loaded 5 groups (13 flat symbols) from config/ticker_universe.yaml (blacklist=0)
2026-10-02T10:47:51 | INFO     | app.scanning.universe_loader | UniverseLoader: 38 symbols from 4 group(s) (blacklist=0)
2026-10-02T10:47:51 | INFO     | session_runner | Universe scan: 38 symbols from 4 group(s) | max_active=6
2026-10-02T10:47:56 | INFO     | session_runner | Scan: 19 passed, 19 rejected
2026-10-02T10:47:56 | INFO     | session_runner |   TSLA    score=95.0  signal=LONG     reasons: rvol=3.50x (high), atr=3.19% (wide-range), orb_breakout
2026-10-02T10:47:56 | INFO     | session_runner |   AVGO    score=87.0  signal=LONG     reasons: rvol=2.12x (high), atr=2.86% (wide-range), orb_breakout
2026-10-02T10:47:56 | INFO     | session_runner |   HOOD    score=75.0  signal=LONG     reasons: rvol=2.28x (high), atr=5.20% (wide-range), trend_up
2026-10-02T10:47:56 | INFO     | session_runner |   SPY     score=73.0  signal=LONG     reasons: rvol=1.46x (normal), atr=0.88% (good range), orb_breakout
2026-10-02T10:47:56 | INFO     | session_runner |   GOOGL   score=72.0  signal=LONG     reasons: rvol=1.40x (normal), atr=2.66% (wide-range), orb_breakout
2026-10-02T10:47:56 | WARNING  | app.scanning.alpaca_confirmer | AlpacaConfirmer: cannot fetch chain for GOOGL 2026-10-05: Client error '401 Unauthorized' for url 'https://api.tradier.com/v1/markets/quotes?symbols=GOOGL261005C00265000%2CGOOGL261005C00270000%2CGOOGL261005C00275000%2CGOOGL261005C00280000%2CGOOGL261005C00285000%2CGOOGL261005C00290000%2CGOOGL261005C00295000%2CGOOGL261005C00300000%2CGOOGL261005C00305000%2CGOOGL261005C00307500%2CGOOGL261005C00310000%2CGOOGL261005C00312500%2CGOOGL261005C00315000%2CGOOGL261005C00317500%2CGOOGL261005C00320000%2CGOOGL261005C00322500%2CGOOGL261005C00325000%2CGOOGL261005C00327500%2CGOOGL261005C00330000%2CGOOGL261005C00332500%2CGOOGL261005C00335000%2CGOOGL261005C00337500%2CGOOGL261005C00340000%2CGOOGL261005C00342500%2CGOOGL261005C00345000%2CGOOGL261005C00347500%2CGOOGL261005C00350000%2CGOOGL261005C00352500%2CGOOGL261005C00355000%2CGOOGL261005C00357500%2CGOOGL261005C00360000%2CGOOGL261005C00362500%2CGOOGL261005C00365000%2CGOOGL261005C00367500%2CGOOGL261005C00370000%2CGOOGL261005C00372500%2CGOOGL261005C00375000%2CGOOGL261005C00377500%2CGOOGL261005C00380000%2CGOOGL261005C00382500%2CGOOGL261005C00385000%2CGOOGL261005C00387500%2CGOOGL261005C00390000%2CGOOGL261005C00392500%2CGOOGL261005C00395000%2CGOOGL261005C00397500%2CGOOGL261005C00400000%2CGOOGL261005C00402500%2CGOOGL261005C00405000%2CGOOGL261005C00407500&greeks=true'
For more information check: https://developer.mozilla.org/en-US/docs/Web/HTTP/Status/401
2026-10-02T10:47:56 | WARNING  | app.scanning.alpaca_confirmer | AlpacaConfirmer: cannot fetch chain for MARA 2026-10-09: Client error '401 Unauthorized' for url 'https://api.tradier.com/v1/markets/quotes?symbols=MARA261009C00004000%2CMARA261009C00005000%2CMARA261009C00006000%2CMARA261009C00006500%2CMARA261009C00007000%2CMARA261009C00007500%2CMARA261009C00008000%2CMARA261009C00008500%2CMARA261009C00009000%2CMARA261009C00009500%2CMARA261009C00010000%2CMARA261009C00010500%2CMARA261009C00011000%2CMARA261009C00011500%2CMARA261009C00012000%2CMARA261009C00012500%2CMARA261009C00013000%2CMARA261009C00013500%2CMARA261009C00014000%2CMARA261009C00014500%2CMARA261009C00015000%2CMARA261009C00015500%2CMARA261009C00016000%2CMARA261009C00016500%2CMARA261009C00017000%2CMARA261009C00017500%2CMARA261009C00018000%2CMARA261009C00019000%2CMARA261009C00020000%2CMARA261009C00021000%2CMARA261009C00022000%2CMARA261009C00023000%2CMARA261009P00004000%2CMARA261009P00005000%2CMARA261009P00006000%2CMARA261009P00006500%2CMARA261009P00007000%2CMARA261009P00007500%2CMARA261009P00008000%2CMARA261009P00008500%2CMARA261009P00009000%2CMARA261009P00009500%2CMARA261009P00010000%2CMARA261009P00010500%2CMARA261009P00011000%2CMARA261009P00011500%2CMARA261009P00012000%2CMARA261009P00012500%2CMARA261009P00013000%2CMARA261009P00013500&greeks=true'
For more information check: https://developer.mozilla.org/en-US/docs/Web/HTTP/Status/401
2026-10-02T10:47:56 | WARNING  | app.scanning.alpaca_confirmer | AlpacaConfirmer: cannot fetch chain for AAPL 2026-10-05: Client error '401 Unauthorized' for url 'https://api.tradier.com/v1/markets/quotes?symbols=AAPL261005C00245000%2CAAPL261005C00250000%2CAAPL261005C00255000%2CAAPL261005C00260000%2CAAPL261005C00265000%2CAAPL261005C00270000%2CAAPL261005C00275000%2CAAPL261005C00280000%2CAAPL261005C00285000%2CAAPL261005C00290000%2CAAPL261005C00295000%2CAAPL261005C00300000%2CAAPL261005C00302500%2CAAPL261005C00305000%2CAAPL261005C00307500%2CAAPL261005C00310000%2CAAPL261005C00312500%2CAAPL261005C00315000%2CAAPL261005C00317500%2CAAPL261005C00320000%2CAAPL261005C00322500%2CAAPL261005C00325000%2CAAPL261005C00327500%2CAAPL261005C00330000%2CAAPL261005C00332500%2CAAPL261005C00335000%2CAAPL261005C00337500%2CAAPL261005C00340000%2CAAPL261005C00342500%2CAAPL261005C00345000%2CAAPL261005C00347500%2CAAPL261005C00350000%2CAAPL261005C00352500%2CAAPL261005C00355000%2CAAPL261005C00357500%2CAAPL261005C00360000%2CAAPL261005C00362500%2CAAPL261005C00365000%2CAAPL261005C00367500%2CAAPL261005C00370000%2CAAPL261005C00372500%2CAAPL261005C00375000%2CAAPL261005C00380000%2CAAPL261005C00385000%2CAAPL261005C00390000%2CAAPL261005C00395000%2CAAPL261005C00400000%2CAAPL261005C00405000%2CAAPL261005P00245000%2CAAPL261005P00250000&greeks=true'
For more information check: https://developer.mozilla.org/en-US/docs/Web/HTTP/Status/401
2026-10-02T10:47:56 | WARNING  | app.scanning.alpaca_confirmer | AlpacaConfirmer: cannot fetch chain for TSLA 2026-10-05: Client error '401 Unauthorized' for url 'https://api.tradier.com/v1/markets/quotes?symbols=TSLA261005C00250000%2CTSLA261005C00255000%2CTSLA261005C00260000%2CTSLA261005C00265000%2CTSLA261005C00270000%2CTSLA261005C00275000%2CTSLA261005C00280000%2CTSLA261005C00285000%2CTSLA261005C00290000%2CTSLA261005C00295000%2CTSLA261005C00300000%2CTSLA261005C00305000%2CTSLA261005C00310000%2CTSLA261005C00315000%2CTSLA261005C00317500%2CTSLA261005C00320000%2CTSLA261005C00322500%2CTSLA261005C00325000%2CTSLA261005C00327500%2CTSLA261005C00330000%2CTSLA261005C00332500%2CTSLA261005C00335000%2CTSLA261005C00337500%2CTSLA261005C00340000%2CTSLA261005C00342500%2CTSLA261005C00345000%2CTSLA261005C00347500%2CTSLA261005C00350000%2CTSLA261005C00352500%2CTSLA261005C00355000%2CTSLA261005C00357500%2CTSLA261005C00360000%2CTSLA261005C00362500%2CTSLA261005C00365000%2CTSLA261005C00367500%2CTSLA261005C00370000%2CTSLA261005C00372500%2CTSLA261005C00375000%2CTSLA261005C00377500%2CTSLA261005C00380000%2CTSLA261005C00382500%2CTSLA261005C00385000%2CTSLA261005C00387500%2CTSLA261005C00390000%2CTSLA261005C00392500%2CTSLA261005C00395000%2CTSLA261005C00397500%2CTSLA261005C00400000%2CTSLA261005C00402500%2CTSLA261005C00405000&greeks=true'
For more information check: https://developer.mozilla.org/en-US/docs/Web/HTTP/Status/401
2026-10-02T10:47:56 | WARNING  | app.scanning.alpaca_confirmer | AlpacaConfirmer: cannot fetch chain for HOOD 2026-10-09: Client error '401 Unauthorized' for url 'https://api.tradier.com/v1/markets/quotes?symbols=HOOD261009C00025000%2CHOOD261009C00030000%2CHOOD261009C00035000%2CHOOD261009C00040000%2CHOOD261009C00045000%2CHOOD261009C00050000%2CHOOD261009C00055000%2CHOOD261009C00060000%2CHOOD261009C00065000%2CHOOD261009C00070000%2CHOOD261009C00075000%2CHOOD261009C00080000%2CHOOD261009C00085000%2CHOOD261009C00090000%2CHOOD261009C00091000%2CHOOD261009C00092000%2CHOOD261009C00093000%2CHOOD261009C00094000%2CHOOD261009C00095000%2CHOOD261009C00096000%2CHOOD261009C00097000%2CHOOD261009C00098000%2CHOOD261009C00099000%2CHOOD261009C00100000%2CHOOD261009C00101000%2CHOOD261009C00102000%2CHOOD261009C00103000%2CHOOD261009C00104000%2CHOOD261009C00105000%2CHOOD261009C00106000%2CHOOD261009C00107000%2CHOOD261009C00108000%2CHOOD261009C00109000%2CHOOD261009C00110000%2CHOOD261009C00111000%2CHOOD261009C00112000%2CHOOD261009C00113000%2CHOOD261009C00114000%2CHOOD261009C00115000%2CHOOD261009C00116000%2CHOOD261009C00117000%2CHOOD261009C00118000%2CHOOD261009C00119000%2CHOOD261009C00120000%2CHOOD261009C00121000%2CHOOD261009C00122000%2CHOOD261009C00123000%2CHOOD261009C00124000%2CHOOD261009C00125000%2CHOOD261009C00126000&greeks=true'
For more information check: https://developer.mozilla.org/en-US/docs/Web/HTTP/Status/401
2026-10-02T10:47:56 | WARNING  | app.scanning.alpaca_confirmer | AlpacaConfirmer: cannot fetch chain for QQQ 2026-10-05: Client error '401 Unauthorized' for url 'https://api.tradier.com/v1/markets/quotes?symbols=QQQ261005C00450000%2CQQQ261005C00455000%2CQQQ261005C00460000%2CQQQ261005C00465000%2CQQQ261005C00470000%2CQQQ261005C00475000%2CQQQ261005C00480000%2CQQQ261005C00485000%2CQQQ261005C00490000%2CQQQ261005C00495000%2CQQQ261005C00500000%2CQQQ261005C00505000%2CQQQ261005C00510000%2CQQQ261005C00515000%2CQQQ261005C00520000%2CQQQ261005C00525000%2CQQQ261005C00530000%2CQQQ261005C00535000%2CQQQ261005C00540000%2CQQQ261005C00545000%2CQQQ261005C00550000%2CQQQ261005C00555000%2CQQQ261005C00560000%2CQQQ261005C00565000%2CQQQ261005C00570000%2CQQQ261005C00575000%2CQQQ261005C00580000%2CQQQ261005C00585000%2CQQQ261005C00590000%2CQQQ261005C00595000%2CQQQ261005C00600000%2CQQQ261005C00605000%2CQQQ261005C00610000%2CQQQ261005C00615000%2CQQQ261005C00620000%2CQQQ261005C00625000%2CQQQ261005C00630000%2CQQQ261005C00635000%2CQQQ261005C00640000%2CQQQ261005C00645000%2CQQQ261005C00650000%2CQQQ261005C00655000%2CQQQ261005C00660000%2CQQQ261005C00665000%2CQQQ261005C00670000%2CQQQ261005C00675000%2CQQQ261005C00680000%2CQQQ261005C00685000%2CQQQ261005C00689000%2CQQQ261005C00690000&greeks=true'
For more information check: https://developer.mozilla.org/en-US/docs/Web/HTTP/Status/401
2026-10-02T10:47:56 | WARNING  | app.scanning.alpaca_confirmer | AlpacaConfirmer: cannot fetch chain for AVGO 2026-10-05: Client error '401 Unauthorized' for url 'https://api.tradier.com/v1/markets/quotes?symbols=AVGO261005C00285000%2CAVGO261005C00290000%2CAVGO261005C00295000%2CAVGO261005C00300000%2CAVGO261005C00305000%2CAVGO261005C00310000%2CAVGO261005C00315000%2CAVGO261005C00317500%2CAVGO261005C00320000%2CAVGO261005C00322500%2CAVGO261005C00325000%2CAVGO261005C00327500%2CAVGO261005C00330000%2CAVGO261005C00332500%2CAVGO261005C00335000%2CAVGO261005C00337500%2CAVGO261005C00340000%2CAVGO261005C00342500%2CAVGO261005C00345000%2CAVGO261005C00347500%2CAVGO261005C00350000%2CAVGO261005C00352500%2CAVGO261005C00355000%2CAVGO261005C00357500%2CAVGO261005C00360000%2CAVGO261005C00362500%2CAVGO261005C00365000%2CAVGO261005C00367500%2CAVGO261005C00370000%2CAVGO261005C00372500%2CAVGO261005C00375000%2CAVGO261005C00377500%2CAVGO261005C00380000%2CAVGO261005C00382500%2CAVGO261005C00385000%2CAVGO261005C00387500%2CAVGO261005C00390000%2CAVGO261005C00392500%2CAVGO261005C00395000%2CAVGO261005C00397500%2CAVGO261005C00400000%2CAVGO261005C00402500%2CAVGO261005C00405000%2CAVGO261005C00407500%2CAVGO261005C00410000%2CAVGO261005C00412500%2CAVGO261005C00415000%2CAVGO261005C00417500%2CAVGO261005C00420000%2CAVGO261005C00422500&greeks=true'
For more information check: https://developer.mozilla.org/en-US/docs/Web/HTTP/Status/401
2026-10-02T10:47:56 | WARNING  | app.scanning.alpaca_confirmer | AlpacaConfirmer: cannot fetch chain for AMD 2026-10-05: Client error '401 Unauthorized' for url 'https://api.tradier.com/v1/markets/quotes?symbols=AMD261005C00310000%2CAMD261005C00315000%2CAMD261005C00320000%2CAMD261005C00325000%2CAMD261005C00330000%2CAMD261005C00335000%2CAMD261005C00340000%2CAMD261005C00345000%2CAMD261005C00350000%2CAMD261005C00355000%2CAMD261005C00360000%2CAMD261005C00365000%2CAMD261005C00370000%2CAMD261005C00375000%2CAMD261005C00380000%2CAMD261005C00385000%2CAMD261005C00390000%2CAMD261005C00395000%2CAMD261005C00400000%2CAMD261005C00405000%2CAMD261005C00410000%2CAMD261005C00415000%2CAMD261005C00420000%2CAMD261005C00425000%2CAMD261005C00430000%2CAMD261005C00435000%2CAMD261005C00440000%2CAMD261005C00445000%2CAMD261005C00450000%2CAMD261005C00455000%2CAMD261005C00460000%2CAMD261005C00465000%2CAMD261005C00470000%2CAMD261005C00475000%2CAMD261005C00480000%2CAMD261005C00485000%2CAMD261005C00490000%2CAMD261005C00495000%2CAMD261005C00500000%2CAMD261005C00505000%2CAMD261005C00507500%2CAMD261005C00510000%2CAMD261005C00512500%2CAMD261005C00515000%2CAMD261005C00517500%2CAMD261005C00520000%2CAMD261005C00522500%2CAMD261005C00525000%2CAMD261005C00527500%2CAMD261005C00530000&greeks=true'
For more information check: https://developer.mozilla.org/en-US/docs/Web/HTTP/Status/401
2026-10-02T10:47:56 | WARNING  | app.scanning.alpaca_confirmer | AlpacaConfirmer: cannot fetch chain for META 2026-10-05: Client error '401 Unauthorized' for url 'https://api.tradier.com/v1/markets/quotes?symbols=META261005C00510000%2CMETA261005C00515000%2CMETA261005C00520000%2CMETA261005C00525000%2CMETA261005C00530000%2CMETA261005C00535000%2CMETA261005C00540000%2CMETA261005C00545000%2CMETA261005C00550000%2CMETA261005C00555000%2CMETA261005C00560000%2CMETA261005C00565000%2CMETA261005C00570000%2CMETA261005C00575000%2CMETA261005C00580000%2CMETA261005C00585000%2CMETA261005C00590000%2CMETA261005C00595000%2CMETA261005C00600000%2CMETA261005C00605000%2CMETA261005C00610000%2CMETA261005C00615000%2CMETA261005C00620000%2CMETA261005C00625000%2CMETA261005C00630000%2CMETA261005C00635000%2CMETA261005C00637500%2CMETA261005C00640000%2CMETA261005C00642500%2CMETA261005C00645000%2CMETA261005C00647500%2CMETA261005C00650000%2CMETA261005C00652500%2CMETA261005C00655000%2CMETA261005C00657500%2CMETA261005C00660000%2CMETA261005C00662500%2CMETA261005C00665000%2CMETA261005C00667500%2CMETA261005C00670000%2CMETA261005C00672500%2CMETA261005C00675000%2CMETA261005C00677500%2CMETA261005C00680000%2CMETA261005C00682500%2CMETA261005C00685000%2CMETA261005C00687500%2CMETA261005C00690000%2CMETA261005C00692500%2CMETA261005C00695000&greeks=true'
For more information check: https://developer.mozilla.org/en-US/docs/Web/HTTP/Status/401
2026-10-02T10:47:56 | WARNING  | app.scanning.alpaca_confirmer | AlpacaConfirmer: cannot fetch chain for NVDA 2026-10-05: Client error '401 Unauthorized' for url 'https://api.tradier.com/v1/markets/quotes?symbols=NVDA261005C00115000%2CNVDA261005C00120000%2CNVDA261005C00125000%2CNVDA261005C00130000%2CNVDA261005C00135000%2CNVDA261005C00140000%2CNVDA261005C00145000%2CNVDA261005C00150000%2CNVDA261005C00155000%2CNVDA261005C00160000%2CNVDA261005C00165000%2CNVDA261005C00170000%2CNVDA261005C00175000%2CNVDA261005C00180000%2CNVDA261005C00185000%2CNVDA261005C00190000%2CNVDA261005C00195000%2CNVDA261005C00197500%2CNVDA261005C00200000%2CNVDA261005C00202500%2CNVDA261005C00205000%2CNVDA261005C00207500%2CNVDA261005C00210000%2CNVDA261005C00212500%2CNVDA261005C00215000%2CNVDA261005C00217500%2CNVDA261005C00220000%2CNVDA261005C00222500%2CNVDA261005C00225000%2CNVDA261005C00227500%2CNVDA261005C00230000%2CNVDA261005C00232500%2CNVDA261005C00235000%2CNVDA261005C00237500%2CNVDA261005C00240000%2CNVDA261005C00242500%2CNVDA261005C00245000%2CNVDA261005C00247500%2CNVDA261005C00250000%2CNVDA261005C00252500%2CNVDA261005C00255000%2CNVDA261005C00260000%2CNVDA261005C00265000%2CNVDA261005C00270000%2CNVDA261005C00275000%2CNVDA261005C00280000%2CNVDA261005C00285000%2CNVDA261005C00290000%2CNVDA261005C00295000%2CNVDA261005P00115000&greeks=true'
For more information check: https://developer.mozilla.org/en-US/docs/Web/HTTP/Status/401
2026-10-02T10:47:56 | WARNING  | app.scanning.alpaca_confirmer | AlpacaConfirmer: cannot fetch chain for SPY 2026-10-05: Client error '401 Unauthorized' for url 'https://api.tradier.com/v1/markets/quotes?symbols=SPY261005C00550000%2CSPY261005C00555000%2CSPY261005C00560000%2CSPY261005C00565000%2CSPY261005C00570000%2CSPY261005C00575000%2CSPY261005C00580000%2CSPY261005C00585000%2CSPY261005C00590000%2CSPY261005C00595000%2CSPY261005C00600000%2CSPY261005C00605000%2CSPY261005C00610000%2CSPY261005C00615000%2CSPY261005C00620000%2CSPY261005C00625000%2CSPY261005C00630000%2CSPY261005C00635000%2CSPY261005C00640000%2CSPY261005C00645000%2CSPY261005C00650000%2CSPY261005C00655000%2CSPY261005C00660000%2CSPY261005C00665000%2CSPY261005C00670000%2CSPY261005C00675000%2CSPY261005C00680000%2CSPY261005C00685000%2CSPY261005C00690000%2CSPY261005C00695000%2CSPY261005C00700000%2CSPY261005C00705000%2CSPY261005C00710000%2CSPY261005C00715000%2CSPY261005C00720000%2CSPY261005C00723000%2CSPY261005C00724000%2CSPY261005C00725000%2CSPY261005C00726000%2CSPY261005C00727000%2CSPY261005C00728000%2CSPY261005C00729000%2CSPY261005C00730000%2CSPY261005C00731000%2CSPY261005C00732000%2CSPY261005C00733000%2CSPY261005C00734000%2CSPY261005C00735000%2CSPY261005C00736000%2CSPY261005C00737000&greeks=true'
For more information check: https://developer.mozilla.org/en-US/docs/Web/HTTP/Status/401
2026-10-02T10:47:56 | INFO     | session_runner | AlpacaConfirmer: 0 confirmed symbols: []
2026-10-02T10:47:56 | WARNING  | session_runner | Re-scan returned no confirmed symbols — falling back to ['SPY']
2026-10-02T10:47:57 | INFO     | session_runner | Broad-market regime | SPY=long
2026-10-02T10:47:57 | INFO     | session_runner | [bridge:SPY] rsi_trend ready: sufficient bars
2026-10-02T10:47:57 | INFO     | session_runner | Stale signal: SPY/vwap_reclaim age=133 min > max 10 min — skipped
2026-10-02T10:47:57 | INFO     | session_runner | Stale signal: SPY/vwap_reclaim age=38 min > max 10 min — skipped
2026-10-02T10:48:27 | INFO     | session_runner | [cycle 152] 10:48:27 ET | positions=0 | entries=0
2026-10-02T10:48:27 | INFO     | session_runner | [bridge:SPY] rsi_trend ready: sufficient bars
2026-10-02T10:48:27 | INFO     | session_runner | Stale signal: SPY/vwap_reclaim age=133 min > max 10 min — skipped
2026-10-02T10:48:27 | INFO     | session_runner | Stale signal: SPY/vwap_reclaim age=38 min > max 10 min — skipped
2026-10-02T10:48:57 | INFO     | session_runner | [cycle 153] 10:48:57 ET | positions=0 | entries=0
2026-10-02T10:48:58 | INFO     | session_runner | [bridge:SPY] rsi_trend ready: sufficient bars
2026-10-02T10:48:58 | INFO     | session_runner | Stale signal: SPY/vwap_reclaim age=134 min > max 10 min — skipped
2026-10-02T10:48:58 | INFO     | session_runner | Stale signal: SPY/vwap_reclaim age=39 min > max 10 min — skipped
2026-10-02T10:49:28 | INFO     | session_runner | [cycle 154] 10:49:28 ET | positions=0 | entries=0
2026-10-02T10:49:28 | INFO     | session_runner | [bridge:SPY] rsi_trend ready: sufficient bars
2026-10-02T10:49:28 | INFO     | session_runner | Stale signal: SPY/vwap_reclaim age=134 min > max 10 min — skipped
2026-10-02T10:49:28 | INFO     | session_runner | Stale signal: SPY/vwap_reclaim age=39 min > max 10 min — skipped
2026-10-02T10:49:58 | INFO     | session_runner | [cycle 155] 10:49:58 ET | positions=0 | entries=0
2026-10-02T10:49:58 | INFO     | session_runner | [bridge:SPY] rsi_trend ready: sufficient bars
2026-10-02T10:49:58 | INFO     | session_runner | Stale signal: SPY/vwap_reclaim age=135 min > max 10 min — skipped
2026-10-02T10:49:58 | INFO     | session_runner | Stale signal: SPY/vwap_reclaim age=40 min > max 10 min — skipped
2026-10-02T10:50:28 | INFO     | session_runner | [cycle 156] 10:50:28 ET | positions=0 | entries=0
2026-10-02T10:50:29 | INFO     | session_runner | [bridge:SPY] rsi_trend ready: sufficient bars
2026-10-02T10:50:29 | INFO     | session_runner | Stale signal: SPY/vwap_reclaim age=135 min > max 10 min — skipped
2026-10-02T10:50:29 | INFO     | session_runner | Stale signal: SPY/vwap_reclaim age=40 min > max 10 min — skipped
2026-10-02T10:50:59 | INFO     | session_runner | [cycle 157] 10:50:59 ET | positions=0 | entries=0
2026-10-02T10:50:59 | INFO     | session_runner | [bridge:SPY] rsi_trend ready: sufficient bars
2026-10-02T10:50:59 | INFO     | session_runner | Stale signal: SPY/vwap_reclaim age=136 min > max 10 min — skipped
2026-10-02T10:50:59 | INFO     | session_runner | Stale signal: SPY/vwap_reclaim age=41 min > max 10 min — skipped
2026-10-02T10:51:29 | INFO     | session_runner | [cycle 158] 10:51:29 ET | positions=0 | entries=0
2026-10-02T10:51:30 | INFO     | session_runner | [bridge:SPY] rsi_trend ready: sufficient bars
2026-10-02T10:51:30 | INFO     | session_runner | Stale signal: SPY/vwap_reclaim age=136 min > max 10 min — skipped
2026-10-02T10:51:30 | INFO     | session_runner | Stale signal: SPY/vwap_reclaim age=41 min > max 10 min — skipped
2026-10-02T10:52:00 | INFO     | session_runner | [cycle 159] 10:52:00 ET | positions=0 | entries=0
2026-10-02T10:52:00 | INFO     | session_runner | [bridge:SPY] rsi_trend ready: sufficient bars
2026-10-02T10:52:00 | INFO     | session_runner | Stale signal: SPY/vwap_reclaim age=137 min > max 10 min — skipped
2026-10-02T10:52:00 | INFO     | session_runner | Stale signal: SPY/vwap_reclaim age=42 min > max 10 min — skipped
2026-10-02T10:52:30 | INFO     | session_runner | [cycle 160] 10:52:30 ET | positions=0 | entries=0
2026-10-02T10:52:30 | INFO     | session_runner | [bridge:SPY] rsi_trend ready: sufficient bars
2026-10-02T10:52:30 | INFO     | session_runner | Stale signal: SPY/vwap_reclaim age=138 min > max 10 min — skipped
2026-10-02T10:52:30 | INFO     | session_runner | Stale signal: SPY/vwap_reclaim age=43 min > max 10 min — skipped
2026-10-02T10:53:00 | INFO     | session_runner | [cycle 161] 10:53:00 ET | positions=0 | entries=0
2026-10-02T10:53:00 | INFO     | app.trading.reconciler | Reconciliation done: broker_pos=0 local_pos=0 broker_orders=0 local_pending=0 repaired=0 flagged=0 orders_confirmed=True positions_confirmed=True
2026-10-02T10:53:00 | INFO     | session_runner | Periodic universe re-scan …
2026-10-02T10:53:00 | INFO     | app.scanning.universe_loader | UniverseLoader: loaded 5 groups (13 flat symbols) from config/ticker_universe.yaml (blacklist=0)
2026-10-02T10:53:00 | INFO     | app.scanning.universe_loader | UniverseLoader: 38 symbols from 4 group(s) (blacklist=0)
2026-10-02T10:53:00 | INFO     | session_runner | Universe scan: 38 symbols from 4 group(s) | max_active=6
2026-10-02T10:53:06 | INFO     | session_runner | Scan: 20 passed, 18 rejected
2026-10-02T10:53:06 | INFO     | session_runner |   TSLA    score=95.0  signal=LONG     reasons: rvol=3.39x (high), atr=3.20% (wide-range), orb_breakout
2026-10-02T10:53:06 | INFO     | session_runner |   AVGO    score=87.0  signal=LONG     reasons: rvol=2.04x (high), atr=2.87% (wide-range), orb_breakout
2026-10-02T10:53:06 | INFO     | session_runner |   GOOGL   score=72.0  signal=LONG     reasons: rvol=1.39x (normal), atr=2.66% (wide-range), orb_breakout
2026-10-02T10:53:06 | INFO     | session_runner |   AAPL    score=70.0  signal=LONG     reasons: atr=2.04% (wide-range), orb_breakout, trend_up
2026-10-02T10:53:06 | INFO     | session_runner |   HOOD    score=67.0  signal=SHORT    reasons: rvol=2.19x (high), atr=5.26% (wide-range), trend_sideways
2026-10-02T10:53:06 | WARNING  | app.scanning.alpaca_confirmer | AlpacaConfirmer: cannot fetch chain for HOOD 2026-10-09: Client error '401 Unauthorized' for url 'https://api.tradier.com/v1/markets/quotes?symbols=HOOD261009C00025000%2CHOOD261009C00030000%2CHOOD261009C00035000%2CHOOD261009C00040000%2CHOOD261009C00045000%2CHOOD261009C00050000%2CHOOD261009C00055000%2CHOOD261009C00060000%2CHOOD261009C00065000%2CHOOD261009C00070000%2CHOOD261009C00075000%2CHOOD261009C00080000%2CHOOD261009C00085000%2CHOOD261009C00090000%2CHOOD261009C00091000%2CHOOD261009C00092000%2CHOOD261009C00093000%2CHOOD261009C00094000%2CHOOD261009C00095000%2CHOOD261009C00096000%2CHOOD261009C00097000%2CHOOD261009C00098000%2CHOOD261009C00099000%2CHOOD261009C00100000%2CHOOD261009C00101000%2CHOOD261009C00102000%2CHOOD261009C00103000%2CHOOD261009C00104000%2CHOOD261009C00105000%2CHOOD261009C00106000%2CHOOD261009C00107000%2CHOOD261009C00108000%2CHOOD261009C00109000%2CHOOD261009C00110000%2CHOOD261009C00111000%2CHOOD261009C00112000%2CHOOD261009C00113000%2CHOOD261009C00114000%2CHOOD261009C00115000%2CHOOD261009C00116000%2CHOOD261009C00117000%2CHOOD261009C00118000%2CHOOD261009C00119000%2CHOOD261009C00120000%2CHOOD261009C00121000%2CHOOD261009C00122000%2CHOOD261009C00123000%2CHOOD261009C00124000%2CHOOD261009C00125000%2CHOOD261009C00126000&greeks=true'
For more information check: https://developer.mozilla.org/en-US/docs/Web/HTTP/Status/401
2026-10-02T10:53:06 | WARNING  | app.scanning.alpaca_confirmer | AlpacaConfirmer: cannot fetch chain for AVGO 2026-10-05: Client error '401 Unauthorized' for url 'https://api.tradier.com/v1/markets/quotes?symbols=AVGO261005C00285000%2CAVGO261005C00290000%2CAVGO261005C00295000%2CAVGO261005C00300000%2CAVGO261005C00305000%2CAVGO261005C00310000%2CAVGO261005C00315000%2CAVGO261005C00317500%2CAVGO261005C00320000%2CAVGO261005C00322500%2CAVGO261005C00325000%2CAVGO261005C00327500%2CAVGO261005C00330000%2CAVGO261005C00332500%2CAVGO261005C00335000%2CAVGO261005C00337500%2CAVGO261005C00340000%2CAVGO261005C00342500%2CAVGO261005C00345000%2CAVGO261005C00347500%2CAVGO261005C00350000%2CAVGO261005C00352500%2CAVGO261005C00355000%2CAVGO261005C00357500%2CAVGO261005C00360000%2CAVGO261005C00362500%2CAVGO261005C00365000%2CAVGO261005C00367500%2CAVGO261005C00370000%2CAVGO261005C00372500%2CAVGO261005C00375000%2CAVGO261005C00377500%2CAVGO261005C00380000%2CAVGO261005C00382500%2CAVGO261005C00385000%2CAVGO261005C00387500%2CAVGO261005C00390000%2CAVGO261005C00392500%2CAVGO261005C00395000%2CAVGO261005C00397500%2CAVGO261005C00400000%2CAVGO261005C00402500%2CAVGO261005C00405000%2CAVGO261005C00407500%2CAVGO261005C00410000%2CAVGO261005C00412500%2CAVGO261005C00415000%2CAVGO261005C00417500%2CAVGO261005C00420000%2CAVGO261005C00422500&greeks=true'
For more information check: https://developer.mozilla.org/en-US/docs/Web/HTTP/Status/401
2026-10-02T10:53:06 | WARNING  | app.scanning.alpaca_confirmer | AlpacaConfirmer: cannot fetch chain for AMD 2026-10-05: Client error '401 Unauthorized' for url 'https://api.tradier.com/v1/markets/quotes?symbols=AMD261005C00310000%2CAMD261005C00315000%2CAMD261005C00320000%2CAMD261005C00325000%2CAMD261005C00330000%2CAMD261005C00335000%2CAMD261005C00340000%2CAMD261005C00345000%2CAMD261005C00350000%2CAMD261005C00355000%2CAMD261005C00360000%2CAMD261005C00365000%2CAMD261005C00370000%2CAMD261005C00375000%2CAMD261005C00380000%2CAMD261005C00385000%2CAMD261005C00390000%2CAMD261005C00395000%2CAMD261005C00400000%2CAMD261005C00405000%2CAMD261005C00410000%2CAMD261005C00415000%2CAMD261005C00420000%2CAMD261005C00425000%2CAMD261005C00430000%2CAMD261005C00435000%2CAMD261005C00440000%2CAMD261005C00445000%2CAMD261005C00450000%2CAMD261005C00455000%2CAMD261005C00460000%2CAMD261005C00465000%2CAMD261005C00470000%2CAMD261005C00475000%2CAMD261005C00480000%2CAMD261005C00485000%2CAMD261005C00490000%2CAMD261005C00495000%2CAMD261005C00500000%2CAMD261005C00505000%2CAMD261005C00507500%2CAMD261005C00510000%2CAMD261005C00512500%2CAMD261005C00515000%2CAMD261005C00517500%2CAMD261005C00520000%2CAMD261005C00522500%2CAMD261005C00525000%2CAMD261005C00527500%2CAMD261005C00530000&greeks=true'
For more information check: https://developer.mozilla.org/en-US/docs/Web/HTTP/Status/401
2026-10-02T10:53:06 | WARNING  | app.scanning.alpaca_confirmer | AlpacaConfirmer: cannot fetch chain for SOFI 2026-10-09: Client error '401 Unauthorized' for url 'https://api.tradier.com/v1/markets/quotes?symbols=SOFI261009C00005000%2CSOFI261009C00009000%2CSOFI261009C00010000%2CSOFI261009C00011000%2CSOFI261009C00011500%2CSOFI261009C00012000%2CSOFI261009C00012500%2CSOFI261009C00013000%2CSOFI261009C00013500%2CSOFI261009C00014000%2CSOFI261009C00014500%2CSOFI261009C00015000%2CSOFI261009C00015500%2CSOFI261009C00016000%2CSOFI261009C00016500%2CSOFI261009C00017000%2CSOFI261009C00017500%2CSOFI261009C00018000%2CSOFI261009C00018500%2CSOFI261009C00019000%2CSOFI261009C00019500%2CSOFI261009C00020000%2CSOFI261009C00020500%2CSOFI261009C00021000%2CSOFI261009C00021500%2CSOFI261009C00022000%2CSOFI261009C00022500%2CSOFI261009C00023000%2CSOFI261009C00023500%2CSOFI261009C00024000%2CSOFI261009C00025000%2CSOFI261009C00030000%2CSOFI261009P00005000%2CSOFI261009P00009000%2CSOFI261009P00010000%2CSOFI261009P00011000%2CSOFI261009P00011500%2CSOFI261009P00012000%2CSOFI261009P00012500%2CSOFI261009P00013000%2CSOFI261009P00013500%2CSOFI261009P00014000%2CSOFI261009P00014500%2CSOFI261009P00015000%2CSOFI261009P00015500%2CSOFI261009P00016000%2CSOFI261009P00016500%2CSOFI261009P00017000%2CSOFI261009P00017500%2CSOFI261009P00018000&greeks=true'
For more information check: https://developer.mozilla.org/en-US/docs/Web/HTTP/Status/401
2026-10-02T10:53:06 | WARNING  | app.scanning.alpaca_confirmer | AlpacaConfirmer: cannot fetch chain for TSLA 2026-10-05: Client error '401 Unauthorized' for url 'https://api.tradier.com/v1/markets/quotes?symbols=TSLA261005C00250000%2CTSLA261005C00255000%2CTSLA261005C00260000%2CTSLA261005C00265000%2CTSLA261005C00270000%2CTSLA261005C00275000%2CTSLA261005C00280000%2CTSLA261005C00285000%2CTSLA261005C00290000%2CTSLA261005C00295000%2CTSLA261005C00300000%2CTSLA261005C00305000%2CTSLA261005C00310000%2CTSLA261005C00315000%2CTSLA261005C00317500%2CTSLA261005C00320000%2CTSLA261005C00322500%2CTSLA261005C00325000%2CTSLA261005C00327500%2CTSLA261005C00330000%2CTSLA261005C00332500%2CTSLA261005C00335000%2CTSLA261005C00337500%2CTSLA261005C00340000%2CTSLA261005C00342500%2CTSLA261005C00345000%2CTSLA261005C00347500%2CTSLA261005C00350000%2CTSLA261005C00352500%2CTSLA261005C00355000%2CTSLA261005C00357500%2CTSLA261005C00360000%2CTSLA261005C00362500%2CTSLA261005C00365000%2CTSLA261005C00367500%2CTSLA261005C00370000%2CTSLA261005C00372500%2CTSLA261005C00375000%2CTSLA261005C00377500%2CTSLA261005C00380000%2CTSLA261005C00382500%2CTSLA261005C00385000%2CTSLA261005C00387500%2CTSLA261005C00390000%2CTSLA261005C00392500%2CTSLA261005C00395000%2CTSLA261005C00397500%2CTSLA261005C00400000%2CTSLA261005C00402500%2CTSLA261005C00405000&greeks=true'
For more information check: https://developer.mozilla.org/en-US/docs/Web/HTTP/Status/401
2026-10-02T10:53:06 | WARNING  | app.scanning.alpaca_confirmer | AlpacaConfirmer: cannot fetch chain for GOOGL 2026-10-05: Client error '401 Unauthorized' for url 'https://api.tradier.com/v1/markets/quotes?symbols=GOOGL261005C00265000%2CGOOGL261005C00270000%2CGOOGL261005C00275000%2CGOOGL261005C00280000%2CGOOGL261005C00285000%2CGOOGL261005C00290000%2CGOOGL261005C00295000%2CGOOGL261005C00300000%2CGOOGL261005C00305000%2CGOOGL261005C00307500%2CGOOGL261005C00310000%2CGOOGL261005C00312500%2CGOOGL261005C00315000%2CGOOGL261005C00317500%2CGOOGL261005C00320000%2CGOOGL261005C00322500%2CGOOGL261005C00325000%2CGOOGL261005C00327500%2CGOOGL261005C00330000%2CGOOGL261005C00332500%2CGOOGL261005C00335000%2CGOOGL261005C00337500%2CGOOGL261005C00340000%2CGOOGL261005C00342500%2CGOOGL261005C00345000%2CGOOGL261005C00347500%2CGOOGL261005C00350000%2CGOOGL261005C00352500%2CGOOGL261005C00355000%2CGOOGL261005C00357500%2CGOOGL261005C00360000%2CGOOGL261005C00362500%2CGOOGL261005C00365000%2CGOOGL261005C00367500%2CGOOGL261005C00370000%2CGOOGL261005C00372500%2CGOOGL261005C00375000%2CGOOGL261005C00377500%2CGOOGL261005C00380000%2CGOOGL261005C00382500%2CGOOGL261005C00385000%2CGOOGL261005C00387500%2CGOOGL261005C00390000%2CGOOGL261005C00392500%2CGOOGL261005C00395000%2CGOOGL261005C00397500%2CGOOGL261005C00400000%2CGOOGL261005C00402500%2CGOOGL261005C00405000%2CGOOGL261005C00407500&greeks=true'
For more information check: https://developer.mozilla.org/en-US/docs/Web/HTTP/Status/401
2026-10-02T10:53:06 | WARNING  | app.scanning.alpaca_confirmer | AlpacaConfirmer: cannot fetch chain for SPY 2026-10-05: Client error '401 Unauthorized' for url 'https://api.tradier.com/v1/markets/quotes?symbols=SPY261005C00550000%2CSPY261005C00555000%2CSPY261005C00560000%2CSPY261005C00565000%2CSPY261005C00570000%2CSPY261005C00575000%2CSPY261005C00580000%2CSPY261005C00585000%2CSPY261005C00590000%2CSPY261005C00595000%2CSPY261005C00600000%2CSPY261005C00605000%2CSPY261005C00610000%2CSPY261005C00615000%2CSPY261005C00620000%2CSPY261005C00625000%2CSPY261005C00630000%2CSPY261005C00635000%2CSPY261005C00640000%2CSPY261005C00645000%2CSPY261005C00650000%2CSPY261005C00655000%2CSPY261005C00660000%2CSPY261005C00665000%2CSPY261005C00670000%2CSPY261005C00675000%2CSPY261005C00680000%2CSPY261005C00685000%2CSPY261005C00690000%2CSPY261005C00695000%2CSPY261005C00700000%2CSPY261005C00705000%2CSPY261005C00710000%2CSPY261005C00715000%2CSPY261005C00720000%2CSPY261005C00723000%2CSPY261005C00724000%2CSPY261005C00725000%2CSPY261005C00726000%2CSPY261005C00727000%2CSPY261005C00728000%2CSPY261005C00729000%2CSPY261005C00730000%2CSPY261005C00731000%2CSPY261005C00732000%2CSPY261005C00733000%2CSPY261005C00734000%2CSPY261005C00735000%2CSPY261005C00736000%2CSPY261005C00737000&greeks=true'
For more information check: https://developer.mozilla.org/en-US/docs/Web/HTTP/Status/401
2026-10-02T10:53:06 | WARNING  | app.scanning.alpaca_confirmer | AlpacaConfirmer: cannot fetch chain for AAPL 2026-10-05: Client error '401 Unauthorized' for url 'https://api.tradier.com/v1/markets/quotes?symbols=AAPL261005C00245000%2CAAPL261005C00250000%2CAAPL261005C00255000%2CAAPL261005C00260000%2CAAPL261005C00265000%2CAAPL261005C00270000%2CAAPL261005C00275000%2CAAPL261005C00280000%2CAAPL261005C00285000%2CAAPL261005C00290000%2CAAPL261005C00295000%2CAAPL261005C00300000%2CAAPL261005C00302500%2CAAPL261005C00305000%2CAAPL261005C00307500%2CAAPL261005C00310000%2CAAPL261005C00312500%2CAAPL261005C00315000%2CAAPL261005C00317500%2CAAPL261005C00320000%2CAAPL261005C00322500%2CAAPL261005C00325000%2CAAPL261005C00327500%2CAAPL261005C00330000%2CAAPL261005C00332500%2CAAPL261005C00335000%2CAAPL261005C00337500%2CAAPL261005C00340000%2CAAPL261005C00342500%2CAAPL261005C00345000%2CAAPL261005C00347500%2CAAPL261005C00350000%2CAAPL261005C00352500%2CAAPL261005C00355000%2CAAPL261005C00357500%2CAAPL261005C00360000%2CAAPL261005C00362500%2CAAPL261005C00365000%2CAAPL261005C00367500%2CAAPL261005C00370000%2CAAPL261005C00372500%2CAAPL261005C00375000%2CAAPL261005C00380000%2CAAPL261005C00385000%2CAAPL261005C00390000%2CAAPL261005C00395000%2CAAPL261005C00400000%2CAAPL261005C00405000%2CAAPL261005P00245000%2CAAPL261005P00250000&greeks=true'
For more information check: https://developer.mozilla.org/en-US/docs/Web/HTTP/Status/401
2026-10-02T10:53:06 | WARNING  | app.scanning.alpaca_confirmer | AlpacaConfirmer: cannot fetch chain for NVDA 2026-10-05: Client error '401 Unauthorized' for url 'https://api.tradier.com/v1/markets/quotes?symbols=NVDA261005C00115000%2CNVDA261005C00120000%2CNVDA261005C00125000%2CNVDA261005C00130000%2CNVDA261005C00135000%2CNVDA261005C00140000%2CNVDA261005C00145000%2CNVDA261005C00150000%2CNVDA261005C00155000%2CNVDA261005C00160000%2CNVDA261005C00165000%2CNVDA261005C00170000%2CNVDA261005C00175000%2CNVDA261005C00180000%2CNVDA261005C00185000%2CNVDA261005C00190000%2CNVDA261005C00195000%2CNVDA261005C00197500%2CNVDA261005C00200000%2CNVDA261005C00202500%2CNVDA261005C00205000%2CNVDA261005C00207500%2CNVDA261005C00210000%2CNVDA261005C00212500%2CNVDA261005C00215000%2CNVDA261005C00217500%2CNVDA261005C00220000%2CNVDA261005C00222500%2CNVDA261005C00225000%2CNVDA261005C00227500%2CNVDA261005C00230000%2CNVDA261005C00232500%2CNVDA261005C00235000%2CNVDA261005C00237500%2CNVDA261005C00240000%2CNVDA261005C00242500%2CNVDA261005C00245000%2CNVDA261005C00247500%2CNVDA261005C00250000%2CNVDA261005C00252500%2CNVDA261005C00255000%2CNVDA261005C00260000%2CNVDA261005C00265000%2CNVDA261005C00270000%2CNVDA261005C00275000%2CNVDA261005C00280000%2CNVDA261005C00285000%2CNVDA261005C00290000%2CNVDA261005C00295000%2CNVDA261005P00115000&greeks=true'
For more information check: https://developer.mozilla.org/en-US/docs/Web/HTTP/Status/401
2026-10-02T10:53:06 | WARNING  | app.scanning.alpaca_confirmer | AlpacaConfirmer: cannot fetch chain for XLE 2026-10-05: Client error '401 Unauthorized' for url 'https://api.tradier.com/v1/markets/quotes?symbols=XLE261005C00048000%2CXLE261005C00049000%2CXLE261005C00050000%2CXLE261005C00051000%2CXLE261005C00052000%2CXLE261005C00053000%2CXLE261005C00054000%2CXLE261005C00055000%2CXLE261005C00056000%2CXLE261005C00057000%2CXLE261005C00058000%2CXLE261005C00059000%2CXLE261005C00060000%2CXLE261005C00061000%2CXLE261005C00062000%2CXLE261005C00063000%2CXLE261005C00064000%2CXLE261005C00065000%2CXLE261005C00066000%2CXLE261005C00067000%2CXLE261005C00068000%2CXLE261005C00069000%2CXLE261005C00070000%2CXLE261005C00071000%2CXLE261005C00072000%2CXLE261005C00073000%2CXLE261005C00074000%2CXLE261005C00075000%2CXLE261005C00076000%2CXLE261005C00077000%2CXLE261005C00078000%2CXLE261005C00079000%2CXLE261005P00048000%2CXLE261005P00049000%2CXLE261005P00050000%2CXLE261005P00051000%2CXLE261005P00052000%2CXLE261005P00053000%2CXLE261005P00054000%2CXLE261005P00055000%2CXLE261005P00056000%2CXLE261005P00057000%2CXLE261005P00058000%2CXLE261005P00059000%2CXLE261005P00060000%2CXLE261005P00061000%2CXLE261005P00062000%2CXLE261005P00063000%2CXLE261005P00064000%2CXLE261005P00065000&greeks=true'
For more information check: https://developer.mozilla.org/en-US/docs/Web/HTTP/Status/401
2026-10-02T10:53:06 | WARNING  | app.scanning.alpaca_confirmer | AlpacaConfirmer: cannot fetch chain for AMZN 2026-10-05: Client error '401 Unauthorized' for url 'https://api.tradier.com/v1/markets/quotes?symbols=AMZN261005C00180000%2CAMZN261005C00185000%2CAMZN261005C00190000%2CAMZN261005C00195000%2CAMZN261005C00200000%2CAMZN261005C00205000%2CAMZN261005C00210000%2CAMZN261005C00215000%2CAMZN261005C00220000%2CAMZN261005C00222500%2CAMZN261005C00225000%2CAMZN261005C00227500%2CAMZN261005C00230000%2CAMZN261005C00232500%2CAMZN261005C00235000%2CAMZN261005C00237500%2CAMZN261005C00240000%2CAMZN261005C00242500%2CAMZN261005C00245000%2CAMZN261005C00247500%2CAMZN261005C00250000%2CAMZN261005C00252500%2CAMZN261005C00255000%2CAMZN261005C00257500%2CAMZN261005C00260000%2CAMZN261005C00262500%2CAMZN261005C00265000%2CAMZN261005C00267500%2CAMZN261005C00270000%2CAMZN261005C00272500%2CAMZN261005C00275000%2CAMZN261005C00277500%2CAMZN261005C00280000%2CAMZN261005C00282500%2CAMZN261005C00285000%2CAMZN261005C00290000%2CAMZN261005C00295000%2CAMZN261005C00300000%2CAMZN261005C00305000%2CAMZN261005C00310000%2CAMZN261005C00315000%2CAMZN261005C00320000%2CAMZN261005C00325000%2CAMZN261005C00330000%2CAMZN261005C00335000%2CAMZN261005P00180000%2CAMZN261005P00185000%2CAMZN261005P00190000%2CAMZN261005P00195000%2CAMZN261005P00200000&greeks=true'
For more information check: https://developer.mozilla.org/en-US/docs/Web/HTTP/Status/401
2026-10-02T10:53:06 | WARNING  | app.scanning.alpaca_confirmer | AlpacaConfirmer: cannot fetch chain for MARA 2026-10-09: Client error '401 Unauthorized' for url 'https://api.tradier.com/v1/markets/quotes?symbols=MARA261009C00004000%2CMARA261009C00005000%2CMARA261009C00006000%2CMARA261009C00006500%2CMARA261009C00007000%2CMARA261009C00007500%2CMARA261009C00008000%2CMARA261009C00008500%2CMARA261009C00009000%2CMARA261009C00009500%2CMARA261009C00010000%2CMARA261009C00010500%2CMARA261009C00011000%2CMARA261009C00011500%2CMARA261009C00012000%2CMARA261009C00012500%2CMARA261009C00013000%2CMARA261009C00013500%2CMARA261009C00014000%2CMARA261009C00014500%2CMARA261009C00015000%2CMARA261009C00015500%2CMARA261009C00016000%2CMARA261009C00016500%2CMARA261009C00017000%2CMARA261009C00017500%2CMARA261009C00018000%2CMARA261009C00019000%2CMARA261009C00020000%2CMARA261009C00021000%2CMARA261009C00022000%2CMARA261009C00023000%2CMARA261009P00004000%2CMARA261009P00005000%2CMARA261009P00006000%2CMARA261009P00006500%2CMARA261009P00007000%2CMARA261009P00007500%2CMARA261009P00008000%2CMARA261009P00008500%2CMARA261009P00009000%2CMARA261009P00009500%2CMARA261009P00010000%2CMARA261009P00010500%2CMARA261009P00011000%2CMARA261009P00011500%2CMARA261009P00012000%2CMARA261009P00012500%2CMARA261009P00013000%2CMARA261009P00013500&greeks=true'
For more information check: https://developer.mozilla.org/en-US/docs/Web/HTTP/Status/401
2026-10-02T10:53:06 | INFO     | session_runner | AlpacaConfirmer: 0 confirmed symbols: []
2026-10-02T10:53:06 | WARNING  | session_runner | Re-scan returned no confirmed symbols — falling back to ['SPY']
2026-10-02T10:53:06 | INFO     | session_runner | Broad-market regime | SPY=neutral
2026-10-02T10:53:07 | INFO     | session_runner | [bridge:SPY] rsi_trend ready: sufficient bars
2026-10-02T10:53:07 | INFO     | session_runner | Stale signal: SPY/vwap_reclaim age=138 min > max 10 min — skipped
2026-10-02T10:53:07 | INFO     | session_runner | Stale signal: SPY/vwap_reclaim age=43 min > max 10 min — skipped
2026-10-02T10:53:37 | INFO     | session_runner | [cycle 162] 10:53:37 ET | positions=0 | entries=0
2026-10-02T10:53:37 | INFO     | session_runner | [bridge:SPY] rsi_trend ready: sufficient bars
2026-10-02T10:53:37 | INFO     | session_runner | Stale signal: SPY/vwap_reclaim age=139 min > max 10 min — skipped
2026-10-02T10:53:37 | INFO     | session_runner | Stale signal: SPY/vwap_reclaim age=44 min > max 10 min — skipped
2026-10-02T10:54:07 | INFO     | session_runner | [cycle 163] 10:54:07 ET | positions=0 | entries=0
2026-10-02T10:54:07 | INFO     | session_runner | [bridge:SPY] rsi_trend ready: sufficient bars
2026-10-02T10:54:07 | INFO     | session_runner | Stale signal: SPY/vwap_reclaim age=139 min > max 10 min — skipped
2026-10-02T10:54:07 | INFO     | session_runner | Stale signal: SPY/vwap_reclaim age=44 min > max 10 min — skipped
2026-10-02T10:54:38 | INFO     | session_runner | [cycle 164] 10:54:38 ET | positions=0 | entries=0
2026-10-02T10:54:38 | INFO     | session_runner | [bridge:SPY] rsi_trend ready: sufficient bars
2026-10-02T10:54:38 | INFO     | session_runner | Stale signal: SPY/vwap_reclaim age=140 min > max 10 min — skipped
2026-10-02T10:54:38 | INFO     | session_runner | Stale signal: SPY/vwap_reclaim age=45 min > max 10 min — skipped
2026-10-02T10:55:08 | INFO     | session_runner | [cycle 165] 10:55:08 ET | positions=0 | entries=0
2026-10-02T10:55:08 | INFO     | session_runner | [bridge:SPY] rsi_trend ready: sufficient bars
2026-10-02T10:55:08 | INFO     | session_runner | Stale signal: SPY/vwap_reclaim age=140 min > max 10 min — skipped
2026-10-02T10:55:08 | INFO     | session_runner | Stale signal: SPY/vwap_reclaim age=45 min > max 10 min — skipped
2026-10-02T10:55:38 | INFO     | session_runner | [cycle 166] 10:55:38 ET | positions=0 | entries=0
2026-10-02T10:55:39 | INFO     | session_runner | [bridge:SPY] rsi_trend ready: sufficient bars
2026-10-02T10:55:39 | INFO     | session_runner | Stale signal: SPY/vwap_reclaim age=141 min > max 10 min — skipped
2026-10-02T10:55:39 | INFO     | session_runner | Stale signal: SPY/vwap_reclaim age=46 min > max 10 min — skipped
2026-10-02T10:56:09 | INFO     | session_runner | [cycle 167] 10:56:09 ET | positions=0 | entries=0
2026-10-02T10:56:09 | INFO     | session_runner | [bridge:SPY] rsi_trend ready: sufficient bars
2026-10-02T10:56:09 | INFO     | session_runner | Stale signal: SPY/vwap_reclaim age=141 min > max 10 min — skipped
2026-10-02T10:56:09 | INFO     | session_runner | Stale signal: SPY/vwap_reclaim age=46 min > max 10 min — skipped
2026-10-02T10:56:39 | INFO     | session_runner | [cycle 168] 10:56:39 ET | positions=0 | entries=0
2026-10-02T10:56:40 | INFO     | session_runner | [bridge:SPY] rsi_trend ready: sufficient bars
2026-10-02T10:56:40 | INFO     | session_runner | Stale signal: SPY/vwap_reclaim age=142 min > max 10 min — skipped
2026-10-02T10:56:40 | INFO     | session_runner | Stale signal: SPY/vwap_reclaim age=47 min > max 10 min — skipped
2026-10-02T10:57:10 | INFO     | session_runner | [cycle 169] 10:57:10 ET | positions=0 | entries=0
2026-10-02T10:57:10 | INFO     | session_runner | [bridge:SPY] rsi_trend ready: sufficient bars
2026-10-02T10:57:10 | INFO     | session_runner | Stale signal: SPY/vwap_reclaim age=142 min > max 10 min — skipped
2026-10-02T10:57:10 | INFO     | session_runner | Stale signal: SPY/vwap_reclaim age=47 min > max 10 min — skipped
2026-10-02T10:57:40 | INFO     | session_runner | [cycle 170] 10:57:40 ET | positions=0 | entries=0
2026-10-02T10:57:40 | INFO     | session_runner | [bridge:SPY] rsi_trend ready: sufficient bars
2026-10-02T10:57:40 | INFO     | session_runner | Stale signal: SPY/vwap_reclaim age=143 min > max 10 min — skipped
2026-10-02T10:57:40 | INFO     | session_runner | Stale signal: SPY/vwap_reclaim age=48 min > max 10 min — skipped
2026-10-02T10:58:10 | INFO     | session_runner | [cycle 171] 10:58:10 ET | positions=0 | entries=0
2026-10-02T10:58:10 | INFO     | session_runner | Periodic universe re-scan …
2026-10-02T10:58:10 | INFO     | app.scanning.universe_loader | UniverseLoader: loaded 5 groups (13 flat symbols) from config/ticker_universe.yaml (blacklist=0)
2026-10-02T10:58:10 | INFO     | app.scanning.universe_loader | UniverseLoader: 38 symbols from 4 group(s) (blacklist=0)
2026-10-02T10:58:10 | INFO     | session_runner | Universe scan: 38 symbols from 4 group(s) | max_active=6
2026-10-02T10:58:15 | INFO     | session_runner | Scan: 21 passed, 17 rejected
2026-10-02T10:58:15 | INFO     | session_runner |   TSLA    score=95.0  signal=LONG     reasons: rvol=3.31x (high), atr=3.20% (wide-range), orb_breakout
2026-10-02T10:58:15 | INFO     | session_runner |   AVGO    score=77.0  signal=LONG     reasons: rvol=1.98x (elevated), atr=2.87% (wide-range), orb_breakout
2026-10-02T10:58:15 | INFO     | session_runner |   MARA    score=77.0  signal=SHORT    reasons: rvol=1.75x (elevated), atr=6.88% (wide-range), orb_breakdown
2026-10-02T10:58:15 | INFO     | session_runner |   GOOGL   score=72.0  signal=LONG     reasons: rvol=1.35x (normal), atr=2.67% (wide-range), orb_breakout
2026-10-02T10:58:15 | INFO     | session_runner |   AAPL    score=70.0  signal=LONG     reasons: atr=2.04% (wide-range), orb_breakout, trend_up
2026-10-02T10:58:16 | WARNING  | app.scanning.alpaca_confirmer | AlpacaConfirmer: cannot fetch chain for AVGO 2026-10-05: Client error '401 Unauthorized' for url 'https://api.tradier.com/v1/markets/quotes?symbols=AVGO261005C00285000%2CAVGO261005C00290000%2CAVGO261005C00295000%2CAVGO261005C00300000%2CAVGO261005C00305000%2CAVGO261005C00310000%2CAVGO261005C00315000%2CAVGO261005C00317500%2CAVGO261005C00320000%2CAVGO261005C00322500%2CAVGO261005C00325000%2CAVGO261005C00327500%2CAVGO261005C00330000%2CAVGO261005C00332500%2CAVGO261005C00335000%2CAVGO261005C00337500%2CAVGO261005C00340000%2CAVGO261005C00342500%2CAVGO261005C00345000%2CAVGO261005C00347500%2CAVGO261005C00350000%2CAVGO261005C00352500%2CAVGO261005C00355000%2CAVGO261005C00357500%2CAVGO261005C00360000%2CAVGO261005C00362500%2CAVGO261005C00365000%2CAVGO261005C00367500%2CAVGO261005C00370000%2CAVGO261005C00372500%2CAVGO261005C00375000%2CAVGO261005C00377500%2CAVGO261005C00380000%2CAVGO261005C00382500%2CAVGO261005C00385000%2CAVGO261005C00387500%2CAVGO261005C00390000%2CAVGO261005C00392500%2CAVGO261005C00395000%2CAVGO261005C00397500%2CAVGO261005C00400000%2CAVGO261005C00402500%2CAVGO261005C00405000%2CAVGO261005C00407500%2CAVGO261005C00410000%2CAVGO261005C00412500%2CAVGO261005C00415000%2CAVGO261005C00417500%2CAVGO261005C00420000%2CAVGO261005C00422500&greeks=true'
For more information check: https://developer.mozilla.org/en-US/docs/Web/HTTP/Status/401
2026-10-02T10:58:16 | WARNING  | app.scanning.alpaca_confirmer | AlpacaConfirmer: cannot fetch chain for AAPL 2026-10-05: Client error '401 Unauthorized' for url 'https://api.tradier.com/v1/markets/quotes?symbols=AAPL261005C00245000%2CAAPL261005C00250000%2CAAPL261005C00255000%2CAAPL261005C00260000%2CAAPL261005C00265000%2CAAPL261005C00270000%2CAAPL261005C00275000%2CAAPL261005C00280000%2CAAPL261005C00285000%2CAAPL261005C00290000%2CAAPL261005C00295000%2CAAPL261005C00300000%2CAAPL261005C00302500%2CAAPL261005C00305000%2CAAPL261005C00307500%2CAAPL261005C00310000%2CAAPL261005C00312500%2CAAPL261005C00315000%2CAAPL261005C00317500%2CAAPL261005C00320000%2CAAPL261005C00322500%2CAAPL261005C00325000%2CAAPL261005C00327500%2CAAPL261005C00330000%2CAAPL261005C00332500%2CAAPL261005C00335000%2CAAPL261005C00337500%2CAAPL261005C00340000%2CAAPL261005C00342500%2CAAPL261005C00345000%2CAAPL261005C00347500%2CAAPL261005C00350000%2CAAPL261005C00352500%2CAAPL261005C00355000%2CAAPL261005C00357500%2CAAPL261005C00360000%2CAAPL261005C00362500%2CAAPL261005C00365000%2CAAPL261005C00367500%2CAAPL261005C00370000%2CAAPL261005C00372500%2CAAPL261005C00375000%2CAAPL261005C00380000%2CAAPL261005C00385000%2CAAPL261005C00390000%2CAAPL261005C00395000%2CAAPL261005C00400000%2CAAPL261005C00405000%2CAAPL261005P00245000%2CAAPL261005P00250000&greeks=true'
For more information check: https://developer.mozilla.org/en-US/docs/Web/HTTP/Status/401
2026-10-02T10:58:16 | WARNING  | app.scanning.alpaca_confirmer | AlpacaConfirmer: cannot fetch chain for HOOD 2026-10-09: Client error '401 Unauthorized' for url 'https://api.tradier.com/v1/markets/quotes?symbols=HOOD261009C00025000%2CHOOD261009C00030000%2CHOOD261009C00035000%2CHOOD261009C00040000%2CHOOD261009C00045000%2CHOOD261009C00050000%2CHOOD261009C00055000%2CHOOD261009C00060000%2CHOOD261009C00065000%2CHOOD261009C00070000%2CHOOD261009C00075000%2CHOOD261009C00080000%2CHOOD261009C00085000%2CHOOD261009C00090000%2CHOOD261009C00091000%2CHOOD261009C00092000%2CHOOD261009C00093000%2CHOOD261009C00094000%2CHOOD261009C00095000%2CHOOD261009C00096000%2CHOOD261009C00097000%2CHOOD261009C00098000%2CHOOD261009C00099000%2CHOOD261009C00100000%2CHOOD261009C00101000%2CHOOD261009C00102000%2CHOOD261009C00103000%2CHOOD261009C00104000%2CHOOD261009C00105000%2CHOOD261009C00106000%2CHOOD261009C00107000%2CHOOD261009C00108000%2CHOOD261009C00109000%2CHOOD261009C00110000%2CHOOD261009C00111000%2CHOOD261009C00112000%2CHOOD261009C00113000%2CHOOD261009C00114000%2CHOOD261009C00115000%2CHOOD261009C00116000%2CHOOD261009C00117000%2CHOOD261009C00118000%2CHOOD261009C00119000%2CHOOD261009C00120000%2CHOOD261009C00121000%2CHOOD261009C00122000%2CHOOD261009C00123000%2CHOOD261009C00124000%2CHOOD261009C00125000%2CHOOD261009C00126000&greeks=true'
For more information check: https://developer.mozilla.org/en-US/docs/Web/HTTP/Status/401
2026-10-02T10:58:16 | WARNING  | app.scanning.alpaca_confirmer | AlpacaConfirmer: cannot fetch chain for SOFI 2026-10-09: Client error '401 Unauthorized' for url 'https://api.tradier.com/v1/markets/quotes?symbols=SOFI261009C00005000%2CSOFI261009C00009000%2CSOFI261009C00010000%2CSOFI261009C00011000%2CSOFI261009C00011500%2CSOFI261009C00012000%2CSOFI261009C00012500%2CSOFI261009C00013000%2CSOFI261009C00013500%2CSOFI261009C00014000%2CSOFI261009C00014500%2CSOFI261009C00015000%2CSOFI261009C00015500%2CSOFI261009C00016000%2CSOFI261009C00016500%2CSOFI261009C00017000%2CSOFI261009C00017500%2CSOFI261009C00018000%2CSOFI261009C00018500%2CSOFI261009C00019000%2CSOFI261009C00019500%2CSOFI261009C00020000%2CSOFI261009C00020500%2CSOFI261009C00021000%2CSOFI261009C00021500%2CSOFI261009C00022000%2CSOFI261009C00022500%2CSOFI261009C00023000%2CSOFI261009C00023500%2CSOFI261009C00024000%2CSOFI261009C00025000%2CSOFI261009C00030000%2CSOFI261009P00005000%2CSOFI261009P00009000%2CSOFI261009P00010000%2CSOFI261009P00011000%2CSOFI261009P00011500%2CSOFI261009P00012000%2CSOFI261009P00012500%2CSOFI261009P00013000%2CSOFI261009P00013500%2CSOFI261009P00014000%2CSOFI261009P00014500%2CSOFI261009P00015000%2CSOFI261009P00015500%2CSOFI261009P00016000%2CSOFI261009P00016500%2CSOFI261009P00017000%2CSOFI261009P00017500%2CSOFI261009P00018000&greeks=true'
For more information check: https://developer.mozilla.org/en-US/docs/Web/HTTP/Status/401
2026-10-02T10:58:16 | WARNING  | app.scanning.alpaca_confirmer | AlpacaConfirmer: cannot fetch chain for XLE 2026-10-05: Client error '401 Unauthorized' for url 'https://api.tradier.com/v1/markets/quotes?symbols=XLE261005C00048000%2CXLE261005C00049000%2CXLE261005C00050000%2CXLE261005C00051000%2CXLE261005C00052000%2CXLE261005C00053000%2CXLE261005C00054000%2CXLE261005C00055000%2CXLE261005C00056000%2CXLE261005C00057000%2CXLE261005C00058000%2CXLE261005C00059000%2CXLE261005C00060000%2CXLE261005C00061000%2CXLE261005C00062000%2CXLE261005C00063000%2CXLE261005C00064000%2CXLE261005C00065000%2CXLE261005C00066000%2CXLE261005C00067000%2CXLE261005C00068000%2CXLE261005C00069000%2CXLE261005C00070000%2CXLE261005C00071000%2CXLE261005C00072000%2CXLE261005C00073000%2CXLE261005C00074000%2CXLE261005C00075000%2CXLE261005C00076000%2CXLE261005C00077000%2CXLE261005C00078000%2CXLE261005C00079000%2CXLE261005P00048000%2CXLE261005P00049000%2CXLE261005P00050000%2CXLE261005P00051000%2CXLE261005P00052000%2CXLE261005P00053000%2CXLE261005P00054000%2CXLE261005P00055000%2CXLE261005P00056000%2CXLE261005P00057000%2CXLE261005P00058000%2CXLE261005P00059000%2CXLE261005P00060000%2CXLE261005P00061000%2CXLE261005P00062000%2CXLE261005P00063000%2CXLE261005P00064000%2CXLE261005P00065000&greeks=true'
For more information check: https://developer.mozilla.org/en-US/docs/Web/HTTP/Status/401
2026-10-02T10:58:16 | WARNING  | app.scanning.alpaca_confirmer | AlpacaConfirmer: cannot fetch chain for NVDA 2026-10-05: Client error '401 Unauthorized' for url 'https://api.tradier.com/v1/markets/quotes?symbols=NVDA261005C00115000%2CNVDA261005C00120000%2CNVDA261005C00125000%2CNVDA261005C00130000%2CNVDA261005C00135000%2CNVDA261005C00140000%2CNVDA261005C00145000%2CNVDA261005C00150000%2CNVDA261005C00155000%2CNVDA261005C00160000%2CNVDA261005C00165000%2CNVDA261005C00170000%2CNVDA261005C00175000%2CNVDA261005C00180000%2CNVDA261005C00185000%2CNVDA261005C00190000%2CNVDA261005C00195000%2CNVDA261005C00197500%2CNVDA261005C00200000%2CNVDA261005C00202500%2CNVDA261005C00205000%2CNVDA261005C00207500%2CNVDA261005C00210000%2CNVDA261005C00212500%2CNVDA261005C00215000%2CNVDA261005C00217500%2CNVDA261005C00220000%2CNVDA261005C00222500%2CNVDA261005C00225000%2CNVDA261005C00227500%2CNVDA261005C00230000%2CNVDA261005C00232500%2CNVDA261005C00235000%2CNVDA261005C00237500%2CNVDA261005C00240000%2CNVDA261005C00242500%2CNVDA261005C00245000%2CNVDA261005C00247500%2CNVDA261005C00250000%2CNVDA261005C00252500%2CNVDA261005C00255000%2CNVDA261005C00260000%2CNVDA261005C00265000%2CNVDA261005C00270000%2CNVDA261005C00275000%2CNVDA261005C00280000%2CNVDA261005C00285000%2CNVDA261005C00290000%2CNVDA261005C00295000%2CNVDA261005P00115000&greeks=true'
For more information check: https://developer.mozilla.org/en-US/docs/Web/HTTP/Status/401
2026-10-02T10:58:16 | WARNING  | app.scanning.alpaca_confirmer | AlpacaConfirmer: cannot fetch chain for TSLA 2026-10-05: Client error '401 Unauthorized' for url 'https://api.tradier.com/v1/markets/quotes?symbols=TSLA261005C00250000%2CTSLA261005C00255000%2CTSLA261005C00260000%2CTSLA261005C00265000%2CTSLA261005C00270000%2CTSLA261005C00275000%2CTSLA261005C00280000%2CTSLA261005C00285000%2CTSLA261005C00290000%2CTSLA261005C00295000%2CTSLA261005C00300000%2CTSLA261005C00305000%2CTSLA261005C00310000%2CTSLA261005C00315000%2CTSLA261005C00317500%2CTSLA261005C00320000%2CTSLA261005C00322500%2CTSLA261005C00325000%2CTSLA261005C00327500%2CTSLA261005C00330000%2CTSLA261005C00332500%2CTSLA261005C00335000%2CTSLA261005C00337500%2CTSLA261005C00340000%2CTSLA261005C00342500%2CTSLA261005C00345000%2CTSLA261005C00347500%2CTSLA261005C00350000%2CTSLA261005C00352500%2CTSLA261005C00355000%2CTSLA261005C00357500%2CTSLA261005C00360000%2CTSLA261005C00362500%2CTSLA261005C00365000%2CTSLA261005C00367500%2CTSLA261005C00370000%2CTSLA261005C00372500%2CTSLA261005C00375000%2CTSLA261005C00377500%2CTSLA261005C00380000%2CTSLA261005C00382500%2CTSLA261005C00385000%2CTSLA261005C00387500%2CTSLA261005C00390000%2CTSLA261005C00392500%2CTSLA261005C00395000%2CTSLA261005C00397500%2CTSLA261005C00400000%2CTSLA261005C00402500%2CTSLA261005C00405000&greeks=true'
For more information check: https://developer.mozilla.org/en-US/docs/Web/HTTP/Status/401
2026-10-02T10:58:16 | WARNING  | app.scanning.alpaca_confirmer | AlpacaConfirmer: cannot fetch chain for GOOGL 2026-10-05: Client error '401 Unauthorized' for url 'https://api.tradier.com/v1/markets/quotes?symbols=GOOGL261005C00265000%2CGOOGL261005C00270000%2CGOOGL261005C00275000%2CGOOGL261005C00280000%2CGOOGL261005C00285000%2CGOOGL261005C00290000%2CGOOGL261005C00295000%2CGOOGL261005C00300000%2CGOOGL261005C00305000%2CGOOGL261005C00307500%2CGOOGL261005C00310000%2CGOOGL261005C00312500%2CGOOGL261005C00315000%2CGOOGL261005C00317500%2CGOOGL261005C00320000%2CGOOGL261005C00322500%2CGOOGL261005C00325000%2CGOOGL261005C00327500%2CGOOGL261005C00330000%2CGOOGL261005C00332500%2CGOOGL261005C00335000%2CGOOGL261005C00337500%2CGOOGL261005C00340000%2CGOOGL261005C00342500%2CGOOGL261005C00345000%2CGOOGL261005C00347500%2CGOOGL261005C00350000%2CGOOGL261005C00352500%2CGOOGL261005C00355000%2CGOOGL261005C00357500%2CGOOGL261005C00360000%2CGOOGL261005C00362500%2CGOOGL261005C00365000%2CGOOGL261005C00367500%2CGOOGL261005C00370000%2CGOOGL261005C00372500%2CGOOGL261005C00375000%2CGOOGL261005C00377500%2CGOOGL261005C00380000%2CGOOGL261005C00382500%2CGOOGL261005C00385000%2CGOOGL261005C00387500%2CGOOGL261005C00390000%2CGOOGL261005C00392500%2CGOOGL261005C00395000%2CGOOGL261005C00397500%2CGOOGL261005C00400000%2CGOOGL261005C00402500%2CGOOGL261005C00405000%2CGOOGL261005C00407500&greeks=true'
For more information check: https://developer.mozilla.org/en-US/docs/Web/HTTP/Status/401
2026-10-02T10:58:16 | WARNING  | app.scanning.alpaca_confirmer | AlpacaConfirmer: cannot fetch chain for MARA 2026-10-09: Client error '401 Unauthorized' for url 'https://api.tradier.com/v1/markets/quotes?symbols=MARA261009C00004000%2CMARA261009C00005000%2CMARA261009C00006000%2CMARA261009C00006500%2CMARA261009C00007000%2CMARA261009C00007500%2CMARA261009C00008000%2CMARA261009C00008500%2CMARA261009C00009000%2CMARA261009C00009500%2CMARA261009C00010000%2CMARA261009C00010500%2CMARA261009C00011000%2CMARA261009C00011500%2CMARA261009C00012000%2CMARA261009C00012500%2CMARA261009C00013000%2CMARA261009C00013500%2CMARA261009C00014000%2CMARA261009C00014500%2CMARA261009C00015000%2CMARA261009C00015500%2CMARA261009C00016000%2CMARA261009C00016500%2CMARA261009C00017000%2CMARA261009C00017500%2CMARA261009C00018000%2CMARA261009C00019000%2CMARA261009C00020000%2CMARA261009C00021000%2CMARA261009C00022000%2CMARA261009C00023000%2CMARA261009P00004000%2CMARA261009P00005000%2CMARA261009P00006000%2CMARA261009P00006500%2CMARA261009P00007000%2CMARA261009P00007500%2CMARA261009P00008000%2CMARA261009P00008500%2CMARA261009P00009000%2CMARA261009P00009500%2CMARA261009P00010000%2CMARA261009P00010500%2CMARA261009P00011000%2CMARA261009P00011500%2CMARA261009P00012000%2CMARA261009P00012500%2CMARA261009P00013000%2CMARA261009P00013500&greeks=true'
For more information check: https://developer.mozilla.org/en-US/docs/Web/HTTP/Status/401
2026-10-02T10:58:16 | WARNING  | app.scanning.alpaca_confirmer | AlpacaConfirmer: cannot fetch chain for DKNG 2026-10-09: Client error '401 Unauthorized' for url 'https://api.tradier.com/v1/markets/quotes?symbols=DKNG261009C00010000%2CDKNG261009C00011000%2CDKNG261009C00012000%2CDKNG261009C00013000%2CDKNG261009C00014000%2CDKNG261009C00015000%2CDKNG261009C00016000%2CDKNG261009C00017000%2CDKNG261009C00018000%2CDKNG261009C00019000%2CDKNG261009C00020000%2CDKNG261009C00020500%2CDKNG261009C00021000%2CDKNG261009C00021500%2CDKNG261009C00022000%2CDKNG261009C00022500%2CDKNG261009C00023000%2CDKNG261009C00023500%2CDKNG261009C00024000%2CDKNG261009C00024500%2CDKNG261009C00025000%2CDKNG261009C00025500%2CDKNG261009C00026000%2CDKNG261009C00026500%2CDKNG261009C00027000%2CDKNG261009C00027500%2CDKNG261009C00028000%2CDKNG261009C00028500%2CDKNG261009C00029000%2CDKNG261009C00030000%2CDKNG261009C00031000%2CDKNG261009C00032000%2CDKNG261009C00033000%2CDKNG261009C00034000%2CDKNG261009C00035000%2CDKNG261009P00010000%2CDKNG261009P00011000%2CDKNG261009P00012000%2CDKNG261009P00013000%2CDKNG261009P00014000%2CDKNG261009P00015000%2CDKNG261009P00016000%2CDKNG261009P00017000%2CDKNG261009P00018000%2CDKNG261009P00019000%2CDKNG261009P00020000%2CDKNG261009P00020500%2CDKNG261009P00021000%2CDKNG261009P00021500%2CDKNG261009P00022000&greeks=true'
For more information check: https://developer.mozilla.org/en-US/docs/Web/HTTP/Status/401
2026-10-02T10:58:16 | WARNING  | app.scanning.alpaca_confirmer | AlpacaConfirmer: cannot fetch chain for AMZN 2026-10-05: Client error '401 Unauthorized' for url 'https://api.tradier.com/v1/markets/quotes?symbols=AMZN261005C00180000%2CAMZN261005C00185000%2CAMZN261005C00190000%2CAMZN261005C00195000%2CAMZN261005C00200000%2CAMZN261005C00205000%2CAMZN261005C00210000%2CAMZN261005C00215000%2CAMZN261005C00220000%2CAMZN261005C00222500%2CAMZN261005C00225000%2CAMZN261005C00227500%2CAMZN261005C00230000%2CAMZN261005C00232500%2CAMZN261005C00235000%2CAMZN261005C00237500%2CAMZN261005C00240000%2CAMZN261005C00242500%2CAMZN261005C00245000%2CAMZN261005C00247500%2CAMZN261005C00250000%2CAMZN261005C00252500%2CAMZN261005C00255000%2CAMZN261005C00257500%2CAMZN261005C00260000%2CAMZN261005C00262500%2CAMZN261005C00265000%2CAMZN261005C00267500%2CAMZN261005C00270000%2CAMZN261005C00272500%2CAMZN261005C00275000%2CAMZN261005C00277500%2CAMZN261005C00280000%2CAMZN261005C00282500%2CAMZN261005C00285000%2CAMZN261005C00290000%2CAMZN261005C00295000%2CAMZN261005C00300000%2CAMZN261005C00305000%2CAMZN261005C00310000%2CAMZN261005C00315000%2CAMZN261005C00320000%2CAMZN261005C00325000%2CAMZN261005C00330000%2CAMZN261005C00335000%2CAMZN261005P00180000%2CAMZN261005P00185000%2CAMZN261005P00190000%2CAMZN261005P00195000%2CAMZN261005P00200000&greeks=true'
For more information check: https://developer.mozilla.org/en-US/docs/Web/HTTP/Status/401
2026-10-02T10:58:16 | WARNING  | app.scanning.alpaca_confirmer | AlpacaConfirmer: cannot fetch chain for AMD 2026-10-05: Client error '401 Unauthorized' for url 'https://api.tradier.com/v1/markets/quotes?symbols=AMD261005C00310000%2CAMD261005C00315000%2CAMD261005C00320000%2CAMD261005C00325000%2CAMD261005C00330000%2CAMD261005C00335000%2CAMD261005C00340000%2CAMD261005C00345000%2CAMD261005C00350000%2CAMD261005C00355000%2CAMD261005C00360000%2CAMD261005C00365000%2CAMD261005C00370000%2CAMD261005C00375000%2CAMD261005C00380000%2CAMD261005C00385000%2CAMD261005C00390000%2CAMD261005C00395000%2CAMD261005C00400000%2CAMD261005C00405000%2CAMD261005C00410000%2CAMD261005C00415000%2CAMD261005C00420000%2CAMD261005C00425000%2CAMD261005C00430000%2CAMD261005C00435000%2CAMD261005C00440000%2CAMD261005C00445000%2CAMD261005C00450000%2CAMD261005C00455000%2CAMD261005C00460000%2CAMD261005C00465000%2CAMD261005C00470000%2CAMD261005C00475000%2CAMD261005C00480000%2CAMD261005C00485000%2CAMD261005C00490000%2CAMD261005C00495000%2CAMD261005C00500000%2CAMD261005C00505000%2CAMD261005C00507500%2CAMD261005C00510000%2CAMD261005C00512500%2CAMD261005C00515000%2CAMD261005C00517500%2CAMD261005C00520000%2CAMD261005C00522500%2CAMD261005C00525000%2CAMD261005C00527500%2CAMD261005C00530000&greeks=true'
For more information check: https://developer.mozilla.org/en-US/docs/Web/HTTP/Status/401
2026-10-02T10:58:16 | INFO     | session_runner | AlpacaConfirmer: 0 confirmed symbols: []
2026-10-02T10:58:16 | WARNING  | session_runner | Re-scan returned no confirmed symbols — falling back to ['SPY']
2026-10-02T10:58:16 | INFO     | session_runner | Broad-market regime | SPY=long
2026-10-02T10:58:16 | INFO     | session_runner | [bridge:SPY] rsi_trend ready: sufficient bars
2026-10-02T10:58:16 | INFO     | session_runner | Stale signal: SPY/vwap_reclaim age=143 min > max 10 min — skipped
2026-10-02T10:58:16 | INFO     | session_runner | Stale signal: SPY/vwap_reclaim age=48 min > max 10 min — skipped
2026-10-02T10:58:46 | INFO     | session_runner | [cycle 172] 10:58:46 ET | positions=0 | entries=0
2026-10-02T10:58:47 | INFO     | session_runner | [bridge:SPY] rsi_trend ready: sufficient bars
2026-10-02T10:58:47 | INFO     | session_runner | Stale signal: SPY/vwap_reclaim age=144 min > max 10 min — skipped
2026-10-02T10:58:47 | INFO     | session_runner | Stale signal: SPY/vwap_reclaim age=49 min > max 10 min — skipped
2026-10-02T10:59:17 | INFO     | session_runner | [cycle 173] 10:59:17 ET | positions=0 | entries=0
2026-10-02T10:59:17 | INFO     | session_runner | [bridge:SPY] rsi_trend ready: sufficient bars
2026-10-02T10:59:17 | INFO     | session_runner | Stale signal: SPY/vwap_reclaim age=144 min > max 10 min — skipped
2026-10-02T10:59:17 | INFO     | session_runner | Stale signal: SPY/vwap_reclaim age=49 min > max 10 min — skipped
2026-10-02T10:59:47 | INFO     | session_runner | [cycle 174] 10:59:47 ET | positions=0 | entries=0
2026-10-02T10:59:47 | INFO     | session_runner | [bridge:SPY] rsi_trend ready: sufficient bars
2026-10-02T10:59:47 | INFO     | session_runner | Stale signal: SPY/vwap_reclaim age=145 min > max 10 min — skipped
2026-10-02T10:59:47 | INFO     | session_runner | Stale signal: SPY/vwap_reclaim age=50 min > max 10 min — skipped
2026-10-02T11:00:18 | INFO     | session_runner | [cycle 175] 11:00:18 ET | positions=0 | entries=0
2026-10-02T11:00:18 | INFO     | session_runner | [bridge:SPY] rsi_trend ready: sufficient bars
2026-10-02T11:00:18 | INFO     | session_runner | Stale signal: SPY/vwap_reclaim age=145 min > max 10 min — skipped
2026-10-02T11:00:18 | INFO     | session_runner | Stale signal: SPY/vwap_reclaim age=50 min > max 10 min — skipped
2026-10-02T11:00:48 | INFO     | session_runner | [cycle 176] 11:00:48 ET | positions=0 | entries=0
2026-10-02T11:00:48 | INFO     | session_runner | [bridge:SPY] rsi_trend ready: sufficient bars
2026-10-02T11:00:48 | INFO     | session_runner | Stale signal: SPY/vwap_reclaim age=146 min > max 10 min — skipped
2026-10-02T11:00:48 | INFO     | session_runner | Stale signal: SPY/vwap_reclaim age=51 min > max 10 min — skipped
2026-10-02T11:01:18 | INFO     | session_runner | [cycle 177] 11:01:18 ET | positions=0 | entries=0
2026-10-02T11:01:19 | INFO     | session_runner | [bridge:SPY] rsi_trend ready: sufficient bars
2026-10-02T11:01:19 | INFO     | session_runner | Stale signal: SPY/vwap_reclaim age=146 min > max 10 min — skipped
2026-10-02T11:01:19 | INFO     | session_runner | Stale signal: SPY/vwap_reclaim age=51 min > max 10 min — skipped
2026-10-02T11:01:49 | INFO     | session_runner | [cycle 178] 11:01:49 ET | positions=0 | entries=0
2026-10-02T11:01:49 | INFO     | session_runner | [bridge:SPY] rsi_trend ready: sufficient bars
2026-10-02T11:01:49 | INFO     | session_runner | Stale signal: SPY/vwap_reclaim age=147 min > max 10 min — skipped
2026-10-02T11:01:49 | INFO     | session_runner | Stale signal: SPY/vwap_reclaim age=52 min > max 10 min — skipped
2026-10-02T11:02:19 | INFO     | session_runner | [cycle 179] 11:02:19 ET | positions=0 | entries=0
2026-10-02T11:02:20 | INFO     | session_runner | [bridge:SPY] rsi_trend ready: sufficient bars
2026-10-02T11:02:20 | INFO     | session_runner | Stale signal: SPY/vwap_reclaim age=147 min > max 10 min — skipped
2026-10-02T11:02:20 | INFO     | session_runner | Stale signal: SPY/vwap_reclaim age=52 min > max 10 min — skipped
2026-10-02T11:02:50 | INFO     | session_runner | [cycle 180] 11:02:50 ET | positions=0 | entries=0
2026-10-02T11:02:50 | INFO     | session_runner | [bridge:SPY] rsi_trend ready: sufficient bars
2026-10-02T11:02:50 | INFO     | session_runner | Stale signal: SPY/vwap_reclaim age=148 min > max 10 min — skipped
2026-10-02T11:02:50 | INFO     | session_runner | Stale signal: SPY/vwap_reclaim age=53 min > max 10 min — skipped
2026-10-02T11:03:20 | INFO     | session_runner | [cycle 181] 11:03:20 ET | positions=0 | entries=0
2026-10-02T11:03:20 | INFO     | app.trading.reconciler | Reconciliation done: broker_pos=0 local_pos=0 broker_orders=0 local_pending=0 repaired=0 flagged=0 orders_confirmed=True positions_confirmed=True
2026-10-02T11:03:20 | INFO     | session_runner | Periodic universe re-scan …
2026-10-02T11:03:20 | INFO     | app.scanning.universe_loader | UniverseLoader: loaded 5 groups (13 flat symbols) from config/ticker_universe.yaml (blacklist=0)
2026-10-02T11:03:20 | INFO     | app.scanning.universe_loader | UniverseLoader: 38 symbols from 4 group(s) (blacklist=0)
2026-10-02T11:03:20 | INFO     | session_runner | Universe scan: 38 symbols from 4 group(s) | max_active=6
2026-10-02T11:03:28 | INFO     | session_runner | Scan: 21 passed, 17 rejected
2026-10-02T11:03:28 | INFO     | session_runner |   TSLA    score=95.0  signal=LONG     reasons: rvol=3.19x (high), atr=3.21% (wide-range), orb_breakout
2026-10-02T11:03:28 | INFO     | session_runner |   AVGO    score=77.0  signal=LONG     reasons: rvol=1.91x (elevated), atr=2.88% (wide-range), orb_breakout
2026-10-02T11:03:28 | INFO     | session_runner |   MARA    score=77.0  signal=SHORT    reasons: rvol=1.72x (elevated), atr=6.91% (wide-range), orb_breakdown
2026-10-02T11:03:28 | INFO     | session_runner |   IWM     score=76.0  signal=SHORT    reasons: rvol=2.60x (high), atr=1.31% (good range), near_orb_level
2026-10-02T11:03:28 | INFO     | session_runner |   SOFI    score=68.0  signal=SHORT    reasons: rvol=1.65x (elevated), atr=3.46% (wide-range), near_orb_level
2026-10-02T11:03:28 | WARNING  | app.scanning.alpaca_confirmer | AlpacaConfirmer: cannot fetch chain for SPY 2026-10-05: Client error '401 Unauthorized' for url 'https://api.tradier.com/v1/markets/quotes?symbols=SPY261005C00550000%2CSPY261005C00555000%2CSPY261005C00560000%2CSPY261005C00565000%2CSPY261005C00570000%2CSPY261005C00575000%2CSPY261005C00580000%2CSPY261005C00585000%2CSPY261005C00590000%2CSPY261005C00595000%2CSPY261005C00600000%2CSPY261005C00605000%2CSPY261005C00610000%2CSPY261005C00615000%2CSPY261005C00620000%2CSPY261005C00625000%2CSPY261005C00630000%2CSPY261005C00635000%2CSPY261005C00640000%2CSPY261005C00645000%2CSPY261005C00650000%2CSPY261005C00655000%2CSPY261005C00660000%2CSPY261005C00665000%2CSPY261005C00670000%2CSPY261005C00675000%2CSPY261005C00680000%2CSPY261005C00685000%2CSPY261005C00690000%2CSPY261005C00695000%2CSPY261005C00700000%2CSPY261005C00705000%2CSPY261005C00710000%2CSPY261005C00715000%2CSPY261005C00720000%2CSPY261005C00723000%2CSPY261005C00724000%2CSPY261005C00725000%2CSPY261005C00726000%2CSPY261005C00727000%2CSPY261005C00728000%2CSPY261005C00729000%2CSPY261005C00730000%2CSPY261005C00731000%2CSPY261005C00732000%2CSPY261005C00733000%2CSPY261005C00734000%2CSPY261005C00735000%2CSPY261005C00736000%2CSPY261005C00737000&greeks=true'
For more information check: https://developer.mozilla.org/en-US/docs/Web/HTTP/Status/401
2026-10-02T11:03:28 | WARNING  | app.scanning.alpaca_confirmer | AlpacaConfirmer: cannot fetch chain for AMZN 2026-10-05: Client error '401 Unauthorized' for url 'https://api.tradier.com/v1/markets/quotes?symbols=AMZN261005C00180000%2CAMZN261005C00185000%2CAMZN261005C00190000%2CAMZN261005C00195000%2CAMZN261005C00200000%2CAMZN261005C00205000%2CAMZN261005C00210000%2CAMZN261005C00215000%2CAMZN261005C00220000%2CAMZN261005C00222500%2CAMZN261005C00225000%2CAMZN261005C00227500%2CAMZN261005C00230000%2CAMZN261005C00232500%2CAMZN261005C00235000%2CAMZN261005C00237500%2CAMZN261005C00240000%2CAMZN261005C00242500%2CAMZN261005C00245000%2CAMZN261005C00247500%2CAMZN261005C00250000%2CAMZN261005C00252500%2CAMZN261005C00255000%2CAMZN261005C00257500%2CAMZN261005C00260000%2CAMZN261005C00262500%2CAMZN261005C00265000%2CAMZN261005C00267500%2CAMZN261005C00270000%2CAMZN261005C00272500%2CAMZN261005C00275000%2CAMZN261005C00277500%2CAMZN261005C00280000%2CAMZN261005C00282500%2CAMZN261005C00285000%2CAMZN261005C00290000%2CAMZN261005C00295000%2CAMZN261005C00300000%2CAMZN261005C00305000%2CAMZN261005C00310000%2CAMZN261005C00315000%2CAMZN261005C00320000%2CAMZN261005C00325000%2CAMZN261005C00330000%2CAMZN261005C00335000%2CAMZN261005P00180000%2CAMZN261005P00185000%2CAMZN261005P00190000%2CAMZN261005P00195000%2CAMZN261005P00200000&greeks=true'
For more information check: https://developer.mozilla.org/en-US/docs/Web/HTTP/Status/401
2026-10-02T11:03:28 | WARNING  | app.scanning.alpaca_confirmer | AlpacaConfirmer: cannot fetch chain for IWM 2026-10-05: Client error '401 Unauthorized' for url 'https://api.tradier.com/v1/markets/quotes?symbols=IWM261005C00180000%2CIWM261005C00190000%2CIWM261005C00200000%2CIWM261005C00205000%2CIWM261005C00210000%2CIWM261005C00215000%2CIWM261005C00220000%2CIWM261005C00225000%2CIWM261005C00230000%2CIWM261005C00235000%2CIWM261005C00240000%2CIWM261005C00245000%2CIWM261005C00250000%2CIWM261005C00255000%2CIWM261005C00260000%2CIWM261005C00261000%2CIWM261005C00262000%2CIWM261005C00263000%2CIWM261005C00264000%2CIWM261005C00265000%2CIWM261005C00266000%2CIWM261005C00267000%2CIWM261005C00268000%2CIWM261005C00269000%2CIWM261005C00270000%2CIWM261005C00271000%2CIWM261005C00272000%2CIWM261005C00273000%2CIWM261005C00274000%2CIWM261005C00275000%2CIWM261005C00276000%2CIWM261005C00277000%2CIWM261005C00278000%2CIWM261005C00279000%2CIWM261005C00280000%2CIWM261005C00281000%2CIWM261005C00282000%2CIWM261005C00283000%2CIWM261005C00284000%2CIWM261005C00285000%2CIWM261005C00286000%2CIWM261005C00287000%2CIWM261005C00288000%2CIWM261005C00289000%2CIWM261005C00290000%2CIWM261005C00291000%2CIWM261005C00292000%2CIWM261005C00293000%2CIWM261005C00294000%2CIWM261005C00295000&greeks=true'
For more information check: https://developer.mozilla.org/en-US/docs/Web/HTTP/Status/401
2026-10-02T11:03:28 | WARNING  | app.scanning.alpaca_confirmer | AlpacaConfirmer: cannot fetch chain for RIOT 2026-10-09: Client error '401 Unauthorized' for url 'https://api.tradier.com/v1/markets/quotes?symbols=RIOT261009C00008000%2CRIOT261009C00009000%2CRIOT261009C00010000%2CRIOT261009C00011000%2CRIOT261009C00012000%2CRIOT261009C00013000%2CRIOT261009C00014000%2CRIOT261009C00015000%2CRIOT261009C00016000%2CRIOT261009C00017000%2CRIOT261009C00017500%2CRIOT261009C00018000%2CRIOT261009C00018500%2CRIOT261009C00019000%2CRIOT261009C00019500%2CRIOT261009C00020000%2CRIOT261009C00020500%2CRIOT261009C00021000%2CRIOT261009C00021500%2CRIOT261009C00022000%2CRIOT261009C00022500%2CRIOT261009C00023000%2CRIOT261009C00023500%2CRIOT261009C00024000%2CRIOT261009C00024500%2CRIOT261009C00025000%2CRIOT261009C00025500%2CRIOT261009C00026000%2CRIOT261009C00026500%2CRIOT261009C00027000%2CRIOT261009C00027500%2CRIOT261009C00028000%2CRIOT261009C00028500%2CRIOT261009C00029000%2CRIOT261009C00029500%2CRIOT261009C00030000%2CRIOT261009C00031000%2CRIOT261009C00032000%2CRIOT261009C00033000%2CRIOT261009C00034000%2CRIOT261009C00035000%2CRIOT261009P00008000%2CRIOT261009P00009000%2CRIOT261009P00010000%2CRIOT261009P00011000%2CRIOT261009P00012000%2CRIOT261009P00013000%2CRIOT261009P00014000%2CRIOT261009P00015000%2CRIOT261009P00016000&greeks=true'
For more information check: https://developer.mozilla.org/en-US/docs/Web/HTTP/Status/401
2026-10-02T11:03:28 | WARNING  | app.scanning.alpaca_confirmer | AlpacaConfirmer: cannot fetch chain for HOOD 2026-10-09: Client error '401 Unauthorized' for url 'https://api.tradier.com/v1/markets/quotes?symbols=HOOD261009C00025000%2CHOOD261009C00030000%2CHOOD261009C00035000%2CHOOD261009C00040000%2CHOOD261009C00045000%2CHOOD261009C00050000%2CHOOD261009C00055000%2CHOOD261009C00060000%2CHOOD261009C00065000%2CHOOD261009C00070000%2CHOOD261009C00075000%2CHOOD261009C00080000%2CHOOD261009C00085000%2CHOOD261009C00090000%2CHOOD261009C00091000%2CHOOD261009C00092000%2CHOOD261009C00093000%2CHOOD261009C00094000%2CHOOD261009C00095000%2CHOOD261009C00096000%2CHOOD261009C00097000%2CHOOD261009C00098000%2CHOOD261009C00099000%2CHOOD261009C00100000%2CHOOD261009C00101000%2CHOOD261009C00102000%2CHOOD261009C00103000%2CHOOD261009C00104000%2CHOOD261009C00105000%2CHOOD261009C00106000%2CHOOD261009C00107000%2CHOOD261009C00108000%2CHOOD261009C00109000%2CHOOD261009C00110000%2CHOOD261009C00111000%2CHOOD261009C00112000%2CHOOD261009C00113000%2CHOOD261009C00114000%2CHOOD261009C00115000%2CHOOD261009C00116000%2CHOOD261009C00117000%2CHOOD261009C00118000%2CHOOD261009C00119000%2CHOOD261009C00120000%2CHOOD261009C00121000%2CHOOD261009C00122000%2CHOOD261009C00123000%2CHOOD261009C00124000%2CHOOD261009C00125000%2CHOOD261009C00126000&greeks=true'
For more information check: https://developer.mozilla.org/en-US/docs/Web/HTTP/Status/401
2026-10-02T11:03:28 | WARNING  | app.scanning.alpaca_confirmer | AlpacaConfirmer: cannot fetch chain for XLE 2026-10-05: Client error '401 Unauthorized' for url 'https://api.tradier.com/v1/markets/quotes?symbols=XLE261005C00048000%2CXLE261005C00049000%2CXLE261005C00050000%2CXLE261005C00051000%2CXLE261005C00052000%2CXLE261005C00053000%2CXLE261005C00054000%2CXLE261005C00055000%2CXLE261005C00056000%2CXLE261005C00057000%2CXLE261005C00058000%2CXLE261005C00059000%2CXLE261005C00060000%2CXLE261005C00061000%2CXLE261005C00062000%2CXLE261005C00063000%2CXLE261005C00064000%2CXLE261005C00065000%2CXLE261005C00066000%2CXLE261005C00067000%2CXLE261005C00068000%2CXLE261005C00069000%2CXLE261005C00070000%2CXLE261005C00071000%2CXLE261005C00072000%2CXLE261005C00073000%2CXLE261005C00074000%2CXLE261005C00075000%2CXLE261005C00076000%2CXLE261005C00077000%2CXLE261005C00078000%2CXLE261005C00079000%2CXLE261005P00048000%2CXLE261005P00049000%2CXLE261005P00050000%2CXLE261005P00051000%2CXLE261005P00052000%2CXLE261005P00053000%2CXLE261005P00054000%2CXLE261005P00055000%2CXLE261005P00056000%2CXLE261005P00057000%2CXLE261005P00058000%2CXLE261005P00059000%2CXLE261005P00060000%2CXLE261005P00061000%2CXLE261005P00062000%2CXLE261005P00063000%2CXLE261005P00064000%2CXLE261005P00065000&greeks=true'
For more information check: https://developer.mozilla.org/en-US/docs/Web/HTTP/Status/401
2026-10-02T11:03:28 | WARNING  | app.scanning.alpaca_confirmer | AlpacaConfirmer: cannot fetch chain for SOFI 2026-10-09: Client error '401 Unauthorized' for url 'https://api.tradier.com/v1/markets/quotes?symbols=SOFI261009C00005000%2CSOFI261009C00009000%2CSOFI261009C00010000%2CSOFI261009C00011000%2CSOFI261009C00011500%2CSOFI261009C00012000%2CSOFI261009C00012500%2CSOFI261009C00013000%2CSOFI261009C00013500%2CSOFI261009C00014000%2CSOFI261009C00014500%2CSOFI261009C00015000%2CSOFI261009C00015500%2CSOFI261009C00016000%2CSOFI261009C00016500%2CSOFI261009C00017000%2CSOFI261009C00017500%2CSOFI261009C00018000%2CSOFI261009C00018500%2CSOFI261009C00019000%2CSOFI261009C00019500%2CSOFI261009C00020000%2CSOFI261009C00020500%2CSOFI261009C00021000%2CSOFI261009C00021500%2CSOFI261009C00022000%2CSOFI261009C00022500%2CSOFI261009C00023000%2CSOFI261009C00023500%2CSOFI261009C00024000%2CSOFI261009C00025000%2CSOFI261009C00030000%2CSOFI261009P00005000%2CSOFI261009P00009000%2CSOFI261009P00010000%2CSOFI261009P00011000%2CSOFI261009P00011500%2CSOFI261009P00012000%2CSOFI261009P00012500%2CSOFI261009P00013000%2CSOFI261009P00013500%2CSOFI261009P00014000%2CSOFI261009P00014500%2CSOFI261009P00015000%2CSOFI261009P00015500%2CSOFI261009P00016000%2CSOFI261009P00016500%2CSOFI261009P00017000%2CSOFI261009P00017500%2CSOFI261009P00018000&greeks=true'
For more information check: https://developer.mozilla.org/en-US/docs/Web/HTTP/Status/401
2026-10-02T11:03:28 | WARNING  | app.scanning.alpaca_confirmer | AlpacaConfirmer: cannot fetch chain for AVGO 2026-10-05: Client error '401 Unauthorized' for url 'https://api.tradier.com/v1/markets/quotes?symbols=AVGO261005C00285000%2CAVGO261005C00290000%2CAVGO261005C00295000%2CAVGO261005C00300000%2CAVGO261005C00305000%2CAVGO261005C00310000%2CAVGO261005C00315000%2CAVGO261005C00317500%2CAVGO261005C00320000%2CAVGO261005C00322500%2CAVGO261005C00325000%2CAVGO261005C00327500%2CAVGO261005C00330000%2CAVGO261005C00332500%2CAVGO261005C00335000%2CAVGO261005C00337500%2CAVGO261005C00340000%2CAVGO261005C00342500%2CAVGO261005C00345000%2CAVGO261005C00347500%2CAVGO261005C00350000%2CAVGO261005C00352500%2CAVGO261005C00355000%2CAVGO261005C00357500%2CAVGO261005C00360000%2CAVGO261005C00362500%2CAVGO261005C00365000%2CAVGO261005C00367500%2CAVGO261005C00370000%2CAVGO261005C00372500%2CAVGO261005C00375000%2CAVGO261005C00377500%2CAVGO261005C00380000%2CAVGO261005C00382500%2CAVGO261005C00385000%2CAVGO261005C00387500%2CAVGO261005C00390000%2CAVGO261005C00392500%2CAVGO261005C00395000%2CAVGO261005C00397500%2CAVGO261005C00400000%2CAVGO261005C00402500%2CAVGO261005C00405000%2CAVGO261005C00407500%2CAVGO261005C00410000%2CAVGO261005C00412500%2CAVGO261005C00415000%2CAVGO261005C00417500%2CAVGO261005C00420000%2CAVGO261005C00422500&greeks=true'
For more information check: https://developer.mozilla.org/en-US/docs/Web/HTTP/Status/401
2026-10-02T11:03:28 | WARNING  | app.scanning.alpaca_confirmer | AlpacaConfirmer: cannot fetch chain for DKNG 2026-10-09: Client error '401 Unauthorized' for url 'https://api.tradier.com/v1/markets/quotes?symbols=DKNG261009C00010000%2CDKNG261009C00011000%2CDKNG261009C00012000%2CDKNG261009C00013000%2CDKNG261009C00014000%2CDKNG261009C00015000%2CDKNG261009C00016000%2CDKNG261009C00017000%2CDKNG261009C00018000%2CDKNG261009C00019000%2CDKNG261009C00020000%2CDKNG261009C00020500%2CDKNG261009C00021000%2CDKNG261009C00021500%2CDKNG261009C00022000%2CDKNG261009C00022500%2CDKNG261009C00023000%2CDKNG261009C00023500%2CDKNG261009C00024000%2CDKNG261009C00024500%2CDKNG261009C00025000%2CDKNG261009C00025500%2CDKNG261009C00026000%2CDKNG261009C00026500%2CDKNG261009C00027000%2CDKNG261009C00027500%2CDKNG261009C00028000%2CDKNG261009C00028500%2CDKNG261009C00029000%2CDKNG261009C00030000%2CDKNG261009C00031000%2CDKNG261009C00032000%2CDKNG261009C00033000%2CDKNG261009C00034000%2CDKNG261009C00035000%2CDKNG261009P00010000%2CDKNG261009P00011000%2CDKNG261009P00012000%2CDKNG261009P00013000%2CDKNG261009P00014000%2CDKNG261009P00015000%2CDKNG261009P00016000%2CDKNG261009P00017000%2CDKNG261009P00018000%2CDKNG261009P00019000%2CDKNG261009P00020000%2CDKNG261009P00020500%2CDKNG261009P00021000%2CDKNG261009P00021500%2CDKNG261009P00022000&greeks=true'
For more information check: https://developer.mozilla.org/en-US/docs/Web/HTTP/Status/401
2026-10-02T11:03:28 | WARNING  | app.scanning.alpaca_confirmer | AlpacaConfirmer: cannot fetch chain for MARA 2026-10-09: Client error '401 Unauthorized' for url 'https://api.tradier.com/v1/markets/quotes?symbols=MARA261009C00004000%2CMARA261009C00005000%2CMARA261009C00006000%2CMARA261009C00006500%2CMARA261009C00007000%2CMARA261009C00007500%2CMARA261009C00008000%2CMARA261009C00008500%2CMARA261009C00009000%2CMARA261009C00009500%2CMARA261009C00010000%2CMARA261009C00010500%2CMARA261009C00011000%2CMARA261009C00011500%2CMARA261009C00012000%2CMARA261009C00012500%2CMARA261009C00013000%2CMARA261009C00013500%2CMARA261009C00014000%2CMARA261009C00014500%2CMARA261009C00015000%2CMARA261009C00015500%2CMARA261009C00016000%2CMARA261009C00016500%2CMARA261009C00017000%2CMARA261009C00017500%2CMARA261009C00018000%2CMARA261009C00019000%2CMARA261009C00020000%2CMARA261009C00021000%2CMARA261009C00022000%2CMARA261009C00023000%2CMARA261009P00004000%2CMARA261009P00005000%2CMARA261009P00006000%2CMARA261009P00006500%2CMARA261009P00007000%2CMARA261009P00007500%2CMARA261009P00008000%2CMARA261009P00008500%2CMARA261009P00009000%2CMARA261009P00009500%2CMARA261009P00010000%2CMARA261009P00010500%2CMARA261009P00011000%2CMARA261009P00011500%2CMARA261009P00012000%2CMARA261009P00012500%2CMARA261009P00013000%2CMARA261009P00013500&greeks=true'
For more information check: https://developer.mozilla.org/en-US/docs/Web/HTTP/Status/401
2026-10-02T11:03:28 | WARNING  | app.scanning.alpaca_confirmer | AlpacaConfirmer: cannot fetch chain for TSLA 2026-10-05: Client error '401 Unauthorized' for url 'https://api.tradier.com/v1/markets/quotes?symbols=TSLA261005C00250000%2CTSLA261005C00255000%2CTSLA261005C00260000%2CTSLA261005C00265000%2CTSLA261005C00270000%2CTSLA261005C00275000%2CTSLA261005C00280000%2CTSLA261005C00285000%2CTSLA261005C00290000%2CTSLA261005C00295000%2CTSLA261005C00300000%2CTSLA261005C00305000%2CTSLA261005C00310000%2CTSLA261005C00315000%2CTSLA261005C00317500%2CTSLA261005C00320000%2CTSLA261005C00322500%2CTSLA261005C00325000%2CTSLA261005C00327500%2CTSLA261005C00330000%2CTSLA261005C00332500%2CTSLA261005C00335000%2CTSLA261005C00337500%2CTSLA261005C00340000%2CTSLA261005C00342500%2CTSLA261005C00345000%2CTSLA261005C00347500%2CTSLA261005C00350000%2CTSLA261005C00352500%2CTSLA261005C00355000%2CTSLA261005C00357500%2CTSLA261005C00360000%2CTSLA261005C00362500%2CTSLA261005C00365000%2CTSLA261005C00367500%2CTSLA261005C00370000%2CTSLA261005C00372500%2CTSLA261005C00375000%2CTSLA261005C00377500%2CTSLA261005C00380000%2CTSLA261005C00382500%2CTSLA261005C00385000%2CTSLA261005C00387500%2CTSLA261005C00390000%2CTSLA261005C00392500%2CTSLA261005C00395000%2CTSLA261005C00397500%2CTSLA261005C00400000%2CTSLA261005C00402500%2CTSLA261005C00405000&greeks=true'
For more information check: https://developer.mozilla.org/en-US/docs/Web/HTTP/Status/401
2026-10-02T11:03:28 | INFO     | session_runner | AlpacaConfirmer: 0 confirmed symbols: []
2026-10-02T11:03:28 | WARNING  | session_runner | Re-scan returned no confirmed symbols — falling back to ['SPY']
2026-10-02T11:03:28 | INFO     | session_runner | Broad-market regime | SPY=short
2026-10-02T11:03:28 | INFO     | session_runner | [bridge:SPY] rsi_trend ready: sufficient bars
2026-10-02T11:03:28 | INFO     | session_runner | Stale signal: SPY/vwap_reclaim age=148 min > max 10 min — skipped
2026-10-02T11:03:28 | INFO     | session_runner | Stale signal: SPY/vwap_reclaim age=53 min > max 10 min — skipped
2026-10-02T11:03:59 | INFO     | session_runner | [cycle 182] 11:03:59 ET | positions=0 | entries=0
2026-10-02T11:03:59 | INFO     | session_runner | [bridge:SPY] rsi_trend ready: sufficient bars
2026-10-02T11:03:59 | INFO     | session_runner | Stale signal: SPY/vwap_reclaim age=149 min > max 10 min — skipped
2026-10-02T11:03:59 | INFO     | session_runner | Stale signal: SPY/vwap_reclaim age=54 min > max 10 min — skipped
2026-10-02T11:04:29 | INFO     | session_runner | [cycle 183] 11:04:29 ET | positions=0 | entries=0
2026-10-02T11:04:29 | INFO     | session_runner | [bridge:SPY] rsi_trend ready: sufficient bars
2026-10-02T11:04:29 | INFO     | session_runner | Stale signal: SPY/vwap_reclaim age=149 min > max 10 min — skipped
2026-10-02T11:04:29 | INFO     | session_runner | Stale signal: SPY/vwap_reclaim age=54 min > max 10 min — skipped
2026-10-02T11:04:59 | INFO     | session_runner | [cycle 184] 11:04:59 ET | positions=0 | entries=0
2026-10-02T11:05:00 | INFO     | session_runner | [bridge:SPY] rsi_trend ready: sufficient bars
2026-10-02T11:05:00 | INFO     | session_runner | Stale signal: SPY/vwap_reclaim age=150 min > max 10 min — skipped
2026-10-02T11:05:00 | INFO     | session_runner | Stale signal: SPY/vwap_reclaim age=55 min > max 10 min — skipped
2026-10-02T11:05:30 | INFO     | session_runner | [cycle 185] 11:05:30 ET | positions=0 | entries=0
2026-10-02T11:05:30 | INFO     | session_runner | [bridge:SPY] rsi_trend ready: sufficient bars
2026-10-02T11:05:30 | INFO     | session_runner | Direction mismatch: scanner=LONG strategy=SHORT for SPY/vwap_reclaim — skipped
2026-10-02T11:05:30 | INFO     | session_runner | Stale signal: SPY/vwap_reclaim age=151 min > max 10 min — skipped
2026-10-02T11:05:30 | INFO     | session_runner | Stale signal: SPY/vwap_reclaim age=56 min > max 10 min — skipped
2026-10-02T11:06:00 | INFO     | session_runner | [cycle 186] 11:06:00 ET | positions=0 | entries=0
2026-10-02T11:06:00 | INFO     | session_runner | [bridge:SPY] rsi_trend ready: sufficient bars
2026-10-02T11:06:00 | INFO     | session_runner | Direction mismatch: scanner=LONG strategy=SHORT for SPY/vwap_reclaim — skipped
2026-10-02T11:06:00 | INFO     | session_runner | Stale signal: SPY/vwap_reclaim age=151 min > max 10 min — skipped
2026-10-02T11:06:00 | INFO     | session_runner | Stale signal: SPY/vwap_reclaim age=56 min > max 10 min — skipped
2026-10-02T11:06:30 | INFO     | session_runner | [cycle 187] 11:06:30 ET | positions=0 | entries=0
2026-10-02T11:06:31 | INFO     | session_runner | [bridge:SPY] rsi_trend ready: sufficient bars
2026-10-02T11:06:31 | INFO     | session_runner | Direction mismatch: scanner=LONG strategy=SHORT for SPY/vwap_reclaim — skipped
2026-10-02T11:06:31 | INFO     | session_runner | Stale signal: SPY/vwap_reclaim age=152 min > max 10 min — skipped
2026-10-02T11:06:31 | INFO     | session_runner | Stale signal: SPY/vwap_reclaim age=57 min > max 10 min — skipped
2026-10-02T11:07:01 | INFO     | session_runner | [cycle 188] 11:07:01 ET | positions=0 | entries=0
2026-10-02T11:07:01 | INFO     | session_runner | [bridge:SPY] rsi_trend ready: sufficient bars
2026-10-02T11:07:01 | INFO     | session_runner | Direction mismatch: scanner=LONG strategy=SHORT for SPY/vwap_reclaim — skipped
2026-10-02T11:07:01 | INFO     | session_runner | Stale signal: SPY/vwap_reclaim age=152 min > max 10 min — skipped
2026-10-02T11:07:01 | INFO     | session_runner | Stale signal: SPY/vwap_reclaim age=57 min > max 10 min — skipped
2026-10-02T11:07:31 | INFO     | session_runner | [cycle 189] 11:07:31 ET | positions=0 | entries=0
2026-10-02T11:07:32 | INFO     | session_runner | [bridge:SPY] rsi_trend ready: sufficient bars
2026-10-02T11:07:32 | INFO     | session_runner | Direction mismatch: scanner=LONG strategy=SHORT for SPY/vwap_reclaim — skipped
2026-10-02T11:07:32 | INFO     | session_runner | Stale signal: SPY/vwap_reclaim age=153 min > max 10 min — skipped
2026-10-02T11:07:32 | INFO     | session_runner | Stale signal: SPY/vwap_reclaim age=58 min > max 10 min — skipped
2026-10-02T11:08:02 | INFO     | session_runner | [cycle 190] 11:08:02 ET | positions=0 | entries=0
2026-10-02T11:08:02 | INFO     | session_runner | [bridge:SPY] rsi_trend ready: sufficient bars
2026-10-02T11:08:02 | INFO     | session_runner | Direction mismatch: scanner=LONG strategy=SHORT for SPY/vwap_reclaim — skipped
2026-10-02T11:08:02 | INFO     | session_runner | Stale signal: SPY/vwap_reclaim age=153 min > max 10 min — skipped
2026-10-02T11:08:02 | INFO     | session_runner | Stale signal: SPY/vwap_reclaim age=58 min > max 10 min — skipped
2026-10-02T11:08:32 | INFO     | session_runner | [cycle 191] 11:08:32 ET | positions=0 | entries=0
2026-10-02T11:08:32 | INFO     | session_runner | Periodic universe re-scan …
2026-10-02T11:08:32 | INFO     | app.scanning.universe_loader | UniverseLoader: loaded 5 groups (13 flat symbols) from config/ticker_universe.yaml (blacklist=0)
2026-10-02T11:08:32 | INFO     | app.scanning.universe_loader | UniverseLoader: 38 symbols from 4 group(s) (blacklist=0)
2026-10-02T11:08:32 | INFO     | session_runner | Universe scan: 38 symbols from 4 group(s) | max_active=6
2026-10-02T11:08:39 | INFO     | session_runner | Scan: 18 passed, 20 rejected
2026-10-02T11:08:39 | INFO     | session_runner |   IWM     score=88.0  signal=SHORT    reasons: rvol=2.66x (high), atr=1.31% (good range), orb_breakdown
2026-10-02T11:08:39 | INFO     | session_runner |   RIVN    score=85.0  signal=SHORT    reasons: rvol=4.62x (high), atr=4.80% (wide-range), orb_breakdown
2026-10-02T11:08:39 | INFO     | session_runner |   DKNG    score=85.0  signal=SHORT    reasons: rvol=2.23x (high), atr=5.68% (wide-range), orb_breakdown
2026-10-02T11:08:39 | INFO     | session_runner |   TSLA    score=83.0  signal=LONG     reasons: rvol=3.08x (high), atr=3.21% (wide-range), near_orb_level
2026-10-02T11:08:39 | INFO     | session_runner |   AVGO    score=77.0  signal=LONG     reasons: rvol=1.85x (elevated), atr=2.88% (wide-range), orb_breakout
2026-10-02T11:08:39 | WARNING  | app.scanning.alpaca_confirmer | AlpacaConfirmer: cannot fetch chain for AMZN 2026-10-05: Client error '401 Unauthorized' for url 'https://api.tradier.com/v1/markets/quotes?symbols=AMZN261005C00180000%2CAMZN261005C00185000%2CAMZN261005C00190000%2CAMZN261005C00195000%2CAMZN261005C00200000%2CAMZN261005C00205000%2CAMZN261005C00210000%2CAMZN261005C00215000%2CAMZN261005C00220000%2CAMZN261005C00222500%2CAMZN261005C00225000%2CAMZN261005C00227500%2CAMZN261005C00230000%2CAMZN261005C00232500%2CAMZN261005C00235000%2CAMZN261005C00237500%2CAMZN261005C00240000%2CAMZN261005C00242500%2CAMZN261005C00245000%2CAMZN261005C00247500%2CAMZN261005C00250000%2CAMZN261005C00252500%2CAMZN261005C00255000%2CAMZN261005C00257500%2CAMZN261005C00260000%2CAMZN261005C00262500%2CAMZN261005C00265000%2CAMZN261005C00267500%2CAMZN261005C00270000%2CAMZN261005C00272500%2CAMZN261005C00275000%2CAMZN261005C00277500%2CAMZN261005C00280000%2CAMZN261005C00282500%2CAMZN261005C00285000%2CAMZN261005C00290000%2CAMZN261005C00295000%2CAMZN261005C00300000%2CAMZN261005C00305000%2CAMZN261005C00310000%2CAMZN261005C00315000%2CAMZN261005C00320000%2CAMZN261005C00325000%2CAMZN261005C00330000%2CAMZN261005C00335000%2CAMZN261005P00180000%2CAMZN261005P00185000%2CAMZN261005P00190000%2CAMZN261005P00195000%2CAMZN261005P00200000&greeks=true'
For more information check: https://developer.mozilla.org/en-US/docs/Web/HTTP/Status/401
2026-10-02T11:08:39 | WARNING  | app.scanning.alpaca_confirmer | AlpacaConfirmer: cannot fetch chain for XLF 2026-10-05: Client error '401 Unauthorized' for url 'https://api.tradier.com/v1/markets/quotes?symbols=XLF261005C00041000%2CXLF261005C00042000%2CXLF261005C00043000%2CXLF261005C00044000%2CXLF261005C00045000%2CXLF261005C00046000%2CXLF261005C00047000%2CXLF261005C00048000%2CXLF261005C00049000%2CXLF261005C00050000%2CXLF261005C00050500%2CXLF261005C00051000%2CXLF261005C00051500%2CXLF261005C00052000%2CXLF261005C00052500%2CXLF261005C00053000%2CXLF261005C00053500%2CXLF261005C00054000%2CXLF261005C00054500%2CXLF261005C00055000%2CXLF261005C00055500%2CXLF261005C00056000%2CXLF261005C00056500%2CXLF261005C00057000%2CXLF261005C00057500%2CXLF261005C00058000%2CXLF261005C00058500%2CXLF261005C00059000%2CXLF261005C00059500%2CXLF261005C00060000%2CXLF261005C00060500%2CXLF261005C00061000%2CXLF261005C00061500%2CXLF261005C00062000%2CXLF261005C00062500%2CXLF261005C00063000%2CXLF261005C00063500%2CXLF261005C00064000%2CXLF261005C00064500%2CXLF261005C00065000%2CXLF261005C00066000%2CXLF261005C00067000%2CXLF261005C00068000%2CXLF261005C00069000%2CXLF261005C00070000%2CXLF261005C00071000%2CXLF261005C00072000%2CXLF261005C00073000%2CXLF261005C00074000%2CXLF261005P00041000&greeks=true'
For more information check: https://developer.mozilla.org/en-US/docs/Web/HTTP/Status/401
2026-10-02T11:08:39 | WARNING  | app.scanning.alpaca_confirmer | AlpacaConfirmer: cannot fetch chain for RIVN 2026-10-09: Client error '401 Unauthorized' for url 'https://api.tradier.com/v1/markets/quotes?symbols=RIVN261009C00005000%2CRIVN261009C00009000%2CRIVN261009C00010000%2CRIVN261009C00010500%2CRIVN261009C00011000%2CRIVN261009C00011500%2CRIVN261009C00012000%2CRIVN261009C00012500%2CRIVN261009C00013000%2CRIVN261009C00013500%2CRIVN261009C00014000%2CRIVN261009C00014500%2CRIVN261009C00015000%2CRIVN261009C00015500%2CRIVN261009C00016000%2CRIVN261009C00016500%2CRIVN261009C00017000%2CRIVN261009C00017500%2CRIVN261009C00018000%2CRIVN261009C00018500%2CRIVN261009C00019000%2CRIVN261009C00019500%2CRIVN261009C00020000%2CRIVN261009C00020500%2CRIVN261009C00021000%2CRIVN261009C00021500%2CRIVN261009C00022000%2CRIVN261009C00023000%2CRIVN261009C00024000%2CRIVN261009C00025000%2CRIVN261009C00030000%2CRIVN261009P00005000%2CRIVN261009P00009000%2CRIVN261009P00010000%2CRIVN261009P00010500%2CRIVN261009P00011000%2CRIVN261009P00011500%2CRIVN261009P00012000%2CRIVN261009P00012500%2CRIVN261009P00013000%2CRIVN261009P00013500%2CRIVN261009P00014000%2CRIVN261009P00014500%2CRIVN261009P00015000%2CRIVN261009P00015500%2CRIVN261009P00016000%2CRIVN261009P00016500%2CRIVN261009P00017000%2CRIVN261009P00017500%2CRIVN261009P00018000&greeks=true'
For more information check: https://developer.mozilla.org/en-US/docs/Web/HTTP/Status/401
2026-10-02T11:08:39 | WARNING  | app.scanning.alpaca_confirmer | AlpacaConfirmer: cannot fetch chain for HOOD 2026-10-09: Client error '401 Unauthorized' for url 'https://api.tradier.com/v1/markets/quotes?symbols=HOOD261009C00025000%2CHOOD261009C00030000%2CHOOD261009C00035000%2CHOOD261009C00040000%2CHOOD261009C00045000%2CHOOD261009C00050000%2CHOOD261009C00055000%2CHOOD261009C00060000%2CHOOD261009C00065000%2CHOOD261009C00070000%2CHOOD261009C00075000%2CHOOD261009C00080000%2CHOOD261009C00085000%2CHOOD261009C00090000%2CHOOD261009C00091000%2CHOOD261009C00092000%2CHOOD261009C00093000%2CHOOD261009C00094000%2CHOOD261009C00095000%2CHOOD261009C00096000%2CHOOD261009C00097000%2CHOOD261009C00098000%2CHOOD261009C00099000%2CHOOD261009C00100000%2CHOOD261009C00101000%2CHOOD261009C00102000%2CHOOD261009C00103000%2CHOOD261009C00104000%2CHOOD261009C00105000%2CHOOD261009C00106000%2CHOOD261009C00107000%2CHOOD261009C00108000%2CHOOD261009C00109000%2CHOOD261009C00110000%2CHOOD261009C00111000%2CHOOD261009C00112000%2CHOOD261009C00113000%2CHOOD261009C00114000%2CHOOD261009C00115000%2CHOOD261009C00116000%2CHOOD261009C00117000%2CHOOD261009C00118000%2CHOOD261009C00119000%2CHOOD261009C00120000%2CHOOD261009C00121000%2CHOOD261009C00122000%2CHOOD261009C00123000%2CHOOD261009C00124000%2CHOOD261009C00125000%2CHOOD261009C00126000&greeks=true'
For more information check: https://developer.mozilla.org/en-US/docs/Web/HTTP/Status/401
2026-10-02T11:08:39 | WARNING  | app.scanning.alpaca_confirmer | AlpacaConfirmer: cannot fetch chain for AVGO 2026-10-05: Client error '401 Unauthorized' for url 'https://api.tradier.com/v1/markets/quotes?symbols=AVGO261005C00285000%2CAVGO261005C00290000%2CAVGO261005C00295000%2CAVGO261005C00300000%2CAVGO261005C00305000%2CAVGO261005C00310000%2CAVGO261005C00315000%2CAVGO261005C00317500%2CAVGO261005C00320000%2CAVGO261005C00322500%2CAVGO261005C00325000%2CAVGO261005C00327500%2CAVGO261005C00330000%2CAVGO261005C00332500%2CAVGO261005C00335000%2CAVGO261005C00337500%2CAVGO261005C00340000%2CAVGO261005C00342500%2CAVGO261005C00345000%2CAVGO261005C00347500%2CAVGO261005C00350000%2CAVGO261005C00352500%2CAVGO261005C00355000%2CAVGO261005C00357500%2CAVGO261005C00360000%2CAVGO261005C00362500%2CAVGO261005C00365000%2CAVGO261005C00367500%2CAVGO261005C00370000%2CAVGO261005C00372500%2CAVGO261005C00375000%2CAVGO261005C00377500%2CAVGO261005C00380000%2CAVGO261005C00382500%2CAVGO261005C00385000%2CAVGO261005C00387500%2CAVGO261005C00390000%2CAVGO261005C00392500%2CAVGO261005C00395000%2CAVGO261005C00397500%2CAVGO261005C00400000%2CAVGO261005C00402500%2CAVGO261005C00405000%2CAVGO261005C00407500%2CAVGO261005C00410000%2CAVGO261005C00412500%2CAVGO261005C00415000%2CAVGO261005C00417500%2CAVGO261005C00420000%2CAVGO261005C00422500&greeks=true'
For more information check: https://developer.mozilla.org/en-US/docs/Web/HTTP/Status/401
2026-10-02T11:08:39 | WARNING  | app.scanning.alpaca_confirmer | AlpacaConfirmer: cannot fetch chain for DKNG 2026-10-09: Client error '401 Unauthorized' for url 'https://api.tradier.com/v1/markets/quotes?symbols=DKNG261009C00010000%2CDKNG261009C00011000%2CDKNG261009C00012000%2CDKNG261009C00013000%2CDKNG261009C00014000%2CDKNG261009C00015000%2CDKNG261009C00016000%2CDKNG261009C00017000%2CDKNG261009C00018000%2CDKNG261009C00019000%2CDKNG261009C00020000%2CDKNG261009C00020500%2CDKNG261009C00021000%2CDKNG261009C00021500%2CDKNG261009C00022000%2CDKNG261009C00022500%2CDKNG261009C00023000%2CDKNG261009C00023500%2CDKNG261009C00024000%2CDKNG261009C00024500%2CDKNG261009C00025000%2CDKNG261009C00025500%2CDKNG261009C00026000%2CDKNG261009C00026500%2CDKNG261009C00027000%2CDKNG261009C00027500%2CDKNG261009C00028000%2CDKNG261009C00028500%2CDKNG261009C00029000%2CDKNG261009C00030000%2CDKNG261009C00031000%2CDKNG261009C00032000%2CDKNG261009C00033000%2CDKNG261009C00034000%2CDKNG261009C00035000%2CDKNG261009P00010000%2CDKNG261009P00011000%2CDKNG261009P00012000%2CDKNG261009P00013000%2CDKNG261009P00014000%2CDKNG261009P00015000%2CDKNG261009P00016000%2CDKNG261009P00017000%2CDKNG261009P00018000%2CDKNG261009P00019000%2CDKNG261009P00020000%2CDKNG261009P00020500%2CDKNG261009P00021000%2CDKNG261009P00021500%2CDKNG261009P00022000&greeks=true'
For more information check: https://developer.mozilla.org/en-US/docs/Web/HTTP/Status/401
2026-10-02T11:08:39 | WARNING  | app.scanning.alpaca_confirmer | AlpacaConfirmer: cannot fetch chain for IWM 2026-10-05: Client error '401 Unauthorized' for url 'https://api.tradier.com/v1/markets/quotes?symbols=IWM261005C00180000%2CIWM261005C00190000%2CIWM261005C00200000%2CIWM261005C00205000%2CIWM261005C00210000%2CIWM261005C00215000%2CIWM261005C00220000%2CIWM261005C00225000%2CIWM261005C00230000%2CIWM261005C00235000%2CIWM261005C00240000%2CIWM261005C00245000%2CIWM261005C00250000%2CIWM261005C00255000%2CIWM261005C00260000%2CIWM261005C00261000%2CIWM261005C00262000%2CIWM261005C00263000%2CIWM261005C00264000%2CIWM261005C00265000%2CIWM261005C00266000%2CIWM261005C00267000%2CIWM261005C00268000%2CIWM261005C00269000%2CIWM261005C00270000%2CIWM261005C00271000%2CIWM261005C00272000%2CIWM261005C00273000%2CIWM261005C00274000%2CIWM261005C00275000%2CIWM261005C00276000%2CIWM261005C00277000%2CIWM261005C00278000%2CIWM261005C00279000%2CIWM261005C00280000%2CIWM261005C00281000%2CIWM261005C00282000%2CIWM261005C00283000%2CIWM261005C00284000%2CIWM261005C00285000%2CIWM261005C00286000%2CIWM261005C00287000%2CIWM261005C00288000%2CIWM261005C00289000%2CIWM261005C00290000%2CIWM261005C00291000%2CIWM261005C00292000%2CIWM261005C00293000%2CIWM261005C00294000%2CIWM261005C00295000&greeks=true'
For more information check: https://developer.mozilla.org/en-US/docs/Web/HTTP/Status/401
2026-10-02T11:08:39 | WARNING  | app.scanning.alpaca_confirmer | AlpacaConfirmer: cannot fetch chain for XLE 2026-10-05: Client error '401 Unauthorized' for url 'https://api.tradier.com/v1/markets/quotes?symbols=XLE261005C00048000%2CXLE261005C00049000%2CXLE261005C00050000%2CXLE261005C00051000%2CXLE261005C00052000%2CXLE261005C00053000%2CXLE261005C00054000%2CXLE261005C00055000%2CXLE261005C00056000%2CXLE261005C00057000%2CXLE261005C00058000%2CXLE261005C00059000%2CXLE261005C00060000%2CXLE261005C00061000%2CXLE261005C00062000%2CXLE261005C00063000%2CXLE261005C00064000%2CXLE261005C00065000%2CXLE261005C00066000%2CXLE261005C00067000%2CXLE261005C00068000%2CXLE261005C00069000%2CXLE261005C00070000%2CXLE261005C00071000%2CXLE261005C00072000%2CXLE261005C00073000%2CXLE261005C00074000%2CXLE261005C00075000%2CXLE261005C00076000%2CXLE261005C00077000%2CXLE261005C00078000%2CXLE261005C00079000%2CXLE261005P00048000%2CXLE261005P00049000%2CXLE261005P00050000%2CXLE261005P00051000%2CXLE261005P00052000%2CXLE261005P00053000%2CXLE261005P00054000%2CXLE261005P00055000%2CXLE261005P00056000%2CXLE261005P00057000%2CXLE261005P00058000%2CXLE261005P00059000%2CXLE261005P00060000%2CXLE261005P00061000%2CXLE261005P00062000%2CXLE261005P00063000%2CXLE261005P00064000%2CXLE261005P00065000&greeks=true'
For more information check: https://developer.mozilla.org/en-US/docs/Web/HTTP/Status/401
2026-10-02T11:08:39 | WARNING  | app.scanning.alpaca_confirmer | AlpacaConfirmer: cannot fetch chain for TSLA 2026-10-05: Client error '401 Unauthorized' for url 'https://api.tradier.com/v1/markets/quotes?symbols=TSLA261005C00250000%2CTSLA261005C00255000%2CTSLA261005C00260000%2CTSLA261005C00265000%2CTSLA261005C00270000%2CTSLA261005C00275000%2CTSLA261005C00280000%2CTSLA261005C00285000%2CTSLA261005C00290000%2CTSLA261005C00295000%2CTSLA261005C00300000%2CTSLA261005C00305000%2CTSLA261005C00310000%2CTSLA261005C00315000%2CTSLA261005C00317500%2CTSLA261005C00320000%2CTSLA261005C00322500%2CTSLA261005C00325000%2CTSLA261005C00327500%2CTSLA261005C00330000%2CTSLA261005C00332500%2CTSLA261005C00335000%2CTSLA261005C00337500%2CTSLA261005C00340000%2CTSLA261005C00342500%2CTSLA261005C00345000%2CTSLA261005C00347500%2CTSLA261005C00350000%2CTSLA261005C00352500%2CTSLA261005C00355000%2CTSLA261005C00357500%2CTSLA261005C00360000%2CTSLA261005C00362500%2CTSLA261005C00365000%2CTSLA261005C00367500%2CTSLA261005C00370000%2CTSLA261005C00372500%2CTSLA261005C00375000%2CTSLA261005C00377500%2CTSLA261005C00380000%2CTSLA261005C00382500%2CTSLA261005C00385000%2CTSLA261005C00387500%2CTSLA261005C00390000%2CTSLA261005C00392500%2CTSLA261005C00395000%2CTSLA261005C00397500%2CTSLA261005C00400000%2CTSLA261005C00402500%2CTSLA261005C00405000&greeks=true'
For more information check: https://developer.mozilla.org/en-US/docs/Web/HTTP/Status/401
2026-10-02T11:08:39 | WARNING  | app.scanning.alpaca_confirmer | AlpacaConfirmer: cannot fetch chain for RIOT 2026-10-09: Client error '401 Unauthorized' for url 'https://api.tradier.com/v1/markets/quotes?symbols=RIOT261009C00008000%2CRIOT261009C00009000%2CRIOT261009C00010000%2CRIOT261009C00011000%2CRIOT261009C00012000%2CRIOT261009C00013000%2CRIOT261009C00014000%2CRIOT261009C00015000%2CRIOT261009C00016000%2CRIOT261009C00017000%2CRIOT261009C00017500%2CRIOT261009C00018000%2CRIOT261009C00018500%2CRIOT261009C00019000%2CRIOT261009C00019500%2CRIOT261009C00020000%2CRIOT261009C00020500%2CRIOT261009C00021000%2CRIOT261009C00021500%2CRIOT261009C00022000%2CRIOT261009C00022500%2CRIOT261009C00023000%2CRIOT261009C00023500%2CRIOT261009C00024000%2CRIOT261009C00024500%2CRIOT261009C00025000%2CRIOT261009C00025500%2CRIOT261009C00026000%2CRIOT261009C00026500%2CRIOT261009C00027000%2CRIOT261009C00027500%2CRIOT261009C00028000%2CRIOT261009C00028500%2CRIOT261009C00029000%2CRIOT261009C00029500%2CRIOT261009C00030000%2CRIOT261009C00031000%2CRIOT261009C00032000%2CRIOT261009C00033000%2CRIOT261009C00034000%2CRIOT261009C00035000%2CRIOT261009P00008000%2CRIOT261009P00009000%2CRIOT261009P00010000%2CRIOT261009P00011000%2CRIOT261009P00012000%2CRIOT261009P00013000%2CRIOT261009P00014000%2CRIOT261009P00015000%2CRIOT261009P00016000&greeks=true'
For more information check: https://developer.mozilla.org/en-US/docs/Web/HTTP/Status/401
2026-10-02T11:08:39 | WARNING  | app.scanning.alpaca_confirmer | AlpacaConfirmer: cannot fetch chain for MARA 2026-10-09: Client error '401 Unauthorized' for url 'https://api.tradier.com/v1/markets/quotes?symbols=MARA261009C00004000%2CMARA261009C00005000%2CMARA261009C00006000%2CMARA261009C00006500%2CMARA261009C00007000%2CMARA261009C00007500%2CMARA261009C00008000%2CMARA261009C00008500%2CMARA261009C00009000%2CMARA261009C00009500%2CMARA261009C00010000%2CMARA261009C00010500%2CMARA261009C00011000%2CMARA261009C00011500%2CMARA261009C00012000%2CMARA261009C00012500%2CMARA261009C00013000%2CMARA261009C00013500%2CMARA261009C00014000%2CMARA261009C00014500%2CMARA261009C00015000%2CMARA261009C00015500%2CMARA261009C00016000%2CMARA261009C00016500%2CMARA261009C00017000%2CMARA261009C00017500%2CMARA261009C00018000%2CMARA261009C00019000%2CMARA261009C00020000%2CMARA261009C00021000%2CMARA261009C00022000%2CMARA261009C00023000%2CMARA261009P00004000%2CMARA261009P00005000%2CMARA261009P00006000%2CMARA261009P00006500%2CMARA261009P00007000%2CMARA261009P00007500%2CMARA261009P00008000%2CMARA261009P00008500%2CMARA261009P00009000%2CMARA261009P00009500%2CMARA261009P00010000%2CMARA261009P00010500%2CMARA261009P00011000%2CMARA261009P00011500%2CMARA261009P00012000%2CMARA261009P00012500%2CMARA261009P00013000%2CMARA261009P00013500&greeks=true'
For more information check: https://developer.mozilla.org/en-US/docs/Web/HTTP/Status/401
2026-10-02T11:08:39 | WARNING  | app.scanning.alpaca_confirmer | AlpacaConfirmer: cannot fetch chain for SOFI 2026-10-09: Client error '401 Unauthorized' for url 'https://api.tradier.com/v1/markets/quotes?symbols=SOFI261009C00005000%2CSOFI261009C00009000%2CSOFI261009C00010000%2CSOFI261009C00011000%2CSOFI261009C00011500%2CSOFI261009C00012000%2CSOFI261009C00012500%2CSOFI261009C00013000%2CSOFI261009C00013500%2CSOFI261009C00014000%2CSOFI261009C00014500%2CSOFI261009C00015000%2CSOFI261009C00015500%2CSOFI261009C00016000%2CSOFI261009C00016500%2CSOFI261009C00017000%2CSOFI261009C00017500%2CSOFI261009C00018000%2CSOFI261009C00018500%2CSOFI261009C00019000%2CSOFI261009C00019500%2CSOFI261009C00020000%2CSOFI261009C00020500%2CSOFI261009C00021000%2CSOFI261009C00021500%2CSOFI261009C00022000%2CSOFI261009C00022500%2CSOFI261009C00023000%2CSOFI261009C00023500%2CSOFI261009C00024000%2CSOFI261009C00025000%2CSOFI261009C00030000%2CSOFI261009P00005000%2CSOFI261009P00009000%2CSOFI261009P00010000%2CSOFI261009P00011000%2CSOFI261009P00011500%2CSOFI261009P00012000%2CSOFI261009P00012500%2CSOFI261009P00013000%2CSOFI261009P00013500%2CSOFI261009P00014000%2CSOFI261009P00014500%2CSOFI261009P00015000%2CSOFI261009P00015500%2CSOFI261009P00016000%2CSOFI261009P00016500%2CSOFI261009P00017000%2CSOFI261009P00017500%2CSOFI261009P00018000&greeks=true'
For more information check: https://developer.mozilla.org/en-US/docs/Web/HTTP/Status/401
2026-10-02T11:08:39 | INFO     | session_runner | AlpacaConfirmer: 0 confirmed symbols: []
2026-10-02T11:08:39 | WARNING  | session_runner | Re-scan returned no confirmed symbols — falling back to ['SPY']
2026-10-02T11:08:39 | INFO     | session_runner | Broad-market regime | SPY=short
2026-10-02T11:08:39 | INFO     | session_runner | [bridge:SPY] rsi_trend ready: sufficient bars
2026-10-02T11:08:39 | INFO     | session_runner | Scaled cohort broker entry blocked | SPY/vwap_reclaim | strategy_shadow_only
2026-10-02T11:08:39 | INFO     | app.evaluation.shadow_book | ShadowBook: v4-20261002-5939-SPY-vwap_reclaim blocked (strategy_shadow_only) but not priceable — signal logged, no simulation
2026-10-02T11:08:39 | INFO     | app.evaluation.shadow_book | ShadowBook: v4-20261002-5940-SPY-vwap_reclaim-inverted blocked (inverted_direction_counterfactual) but not priceable — signal logged, no simulation
2026-10-02T11:08:39 | INFO     | session_runner | Stale signal: SPY/vwap_reclaim age=154 min > max 10 min — skipped
2026-10-02T11:08:39 | INFO     | session_runner | Stale signal: SPY/vwap_reclaim age=59 min > max 10 min — skipped
2026-10-02T11:09:09 | INFO     | session_runner | [cycle 192] 11:09:09 ET | positions=0 | entries=0
2026-10-02T11:09:10 | INFO     | session_runner | [bridge:SPY] rsi_trend ready: sufficient bars
2026-10-02T11:09:10 | INFO     | session_runner | Scaled cohort broker entry blocked | SPY/vwap_reclaim | strategy_shadow_only
2026-10-02T11:09:10 | INFO     | app.evaluation.shadow_book | ShadowBook: v4-20261002-5941-SPY-vwap_reclaim blocked (strategy_shadow_only) but not priceable — signal logged, no simulation
2026-10-02T11:09:10 | INFO     | session_runner | Stale signal: SPY/vwap_reclaim age=154 min > max 10 min — skipped
2026-10-02T11:09:10 | INFO     | session_runner | Stale signal: SPY/vwap_reclaim age=59 min > max 10 min — skipped
2026-10-02T11:09:40 | INFO     | session_runner | [cycle 193] 11:09:40 ET | positions=0 | entries=0
2026-10-02T11:09:40 | INFO     | session_runner | [bridge:SPY] rsi_trend ready: sufficient bars
2026-10-02T11:09:40 | INFO     | session_runner | Scaled cohort broker entry blocked | SPY/vwap_reclaim | strategy_shadow_only
2026-10-02T11:09:40 | INFO     | app.evaluation.shadow_book | ShadowBook: v4-20261002-5942-SPY-vwap_reclaim blocked (strategy_shadow_only) but not priceable — signal logged, no simulation
2026-10-02T11:09:40 | INFO     | session_runner | Stale signal: SPY/vwap_reclaim age=155 min > max 10 min — skipped
2026-10-02T11:09:40 | INFO     | session_runner | Stale signal: SPY/vwap_reclaim age=60 min > max 10 min — skipped
2026-10-02T11:10:10 | INFO     | session_runner | [cycle 194] 11:10:10 ET | positions=0 | entries=0
2026-10-02T11:10:11 | INFO     | session_runner | [bridge:SPY] rsi_trend ready: sufficient bars
2026-10-02T11:10:11 | INFO     | session_runner | Stale signal: SPY/vwap_reclaim age=10 min > max 10 min — skipped
2026-10-02T11:10:11 | INFO     | session_runner | Stale signal: SPY/vwap_reclaim age=155 min > max 10 min — skipped
2026-10-02T11:10:11 | INFO     | session_runner | Stale signal: SPY/vwap_reclaim age=60 min > max 10 min — skipped
2026-10-02T11:10:41 | INFO     | session_runner | [cycle 195] 11:10:41 ET | positions=0 | entries=0
2026-10-02T11:10:41 | INFO     | session_runner | [bridge:SPY] rsi_trend ready: sufficient bars
2026-10-02T11:10:41 | INFO     | session_runner | Stale signal: SPY/vwap_reclaim age=11 min > max 10 min — skipped
2026-10-02T11:10:41 | INFO     | session_runner | Stale signal: SPY/vwap_reclaim age=156 min > max 10 min — skipped
2026-10-02T11:10:41 | INFO     | session_runner | Stale signal: SPY/vwap_reclaim age=61 min > max 10 min — skipped
2026-10-02T11:11:11 | INFO     | session_runner | [cycle 196] 11:11:11 ET | positions=0 | entries=0
2026-10-02T11:11:12 | INFO     | session_runner | [bridge:SPY] rsi_trend ready: sufficient bars
2026-10-02T11:11:12 | INFO     | session_runner | Stale signal: SPY/vwap_reclaim age=11 min > max 10 min — skipped
2026-10-02T11:11:12 | INFO     | session_runner | Stale signal: SPY/vwap_reclaim age=156 min > max 10 min — skipped
2026-10-02T11:11:12 | INFO     | session_runner | Stale signal: SPY/vwap_reclaim age=61 min > max 10 min — skipped
2026-10-02T11:11:42 | INFO     | session_runner | [cycle 197] 11:11:42 ET | positions=0 | entries=0
2026-10-02T11:11:42 | INFO     | session_runner | [bridge:SPY] rsi_trend ready: sufficient bars
2026-10-02T11:11:42 | INFO     | session_runner | Stale signal: SPY/vwap_reclaim age=12 min > max 10 min — skipped
2026-10-02T11:11:42 | INFO     | session_runner | Stale signal: SPY/vwap_reclaim age=157 min > max 10 min — skipped
2026-10-02T11:11:42 | INFO     | session_runner | Stale signal: SPY/vwap_reclaim age=62 min > max 10 min — skipped
2026-10-02T11:12:12 | INFO     | session_runner | [cycle 198] 11:12:12 ET | positions=0 | entries=0
2026-10-02T11:12:13 | INFO     | session_runner | [bridge:SPY] rsi_trend ready: sufficient bars
2026-10-02T11:12:13 | INFO     | session_runner | Stale signal: SPY/vwap_reclaim age=12 min > max 10 min — skipped
2026-10-02T11:12:13 | INFO     | session_runner | Stale signal: SPY/vwap_reclaim age=157 min > max 10 min — skipped
2026-10-02T11:12:13 | INFO     | session_runner | Stale signal: SPY/vwap_reclaim age=62 min > max 10 min — skipped
2026-10-02T11:12:43 | INFO     | session_runner | [cycle 199] 11:12:43 ET | positions=0 | entries=0
2026-10-02T11:12:43 | INFO     | session_runner | [bridge:SPY] rsi_trend ready: sufficient bars
2026-10-02T11:12:43 | INFO     | session_runner | Stale signal: SPY/vwap_reclaim age=13 min > max 10 min — skipped
2026-10-02T11:12:43 | INFO     | session_runner | Stale signal: SPY/vwap_reclaim age=158 min > max 10 min — skipped
2026-10-02T11:12:43 | INFO     | session_runner | Stale signal: SPY/vwap_reclaim age=63 min > max 10 min — skipped
2026-10-02T11:13:14 | INFO     | session_runner | [cycle 200] 11:13:14 ET | positions=0 | entries=0
2026-10-02T11:13:14 | INFO     | session_runner | [bridge:SPY] rsi_trend ready: sufficient bars
2026-10-02T11:13:14 | INFO     | session_runner | Stale signal: SPY/vwap_reclaim age=13 min > max 10 min — skipped
2026-10-02T11:13:14 | INFO     | session_runner | Stale signal: SPY/vwap_reclaim age=158 min > max 10 min — skipped
2026-10-02T11:13:14 | INFO     | session_runner | Stale signal: SPY/vwap_reclaim age=63 min > max 10 min — skipped
2026-10-02T11:13:44 | INFO     | session_runner | [cycle 201] 11:13:44 ET | positions=0 | entries=0
2026-10-02T11:13:44 | INFO     | app.trading.reconciler | Reconciliation done: broker_pos=0 local_pos=0 broker_orders=0 local_pending=0 repaired=0 flagged=0 orders_confirmed=True positions_confirmed=True
2026-10-02T11:13:44 | INFO     | session_runner | Periodic universe re-scan …
2026-10-02T11:13:44 | INFO     | app.scanning.universe_loader | UniverseLoader: loaded 5 groups (13 flat symbols) from config/ticker_universe.yaml (blacklist=0)
2026-10-02T11:13:44 | INFO     | app.scanning.universe_loader | UniverseLoader: 38 symbols from 4 group(s) (blacklist=0)
2026-10-02T11:13:44 | INFO     | session_runner | Universe scan: 38 symbols from 4 group(s) | max_active=6
2026-10-02T11:13:49 | INFO     | session_runner | Scan: 20 passed, 18 rejected
2026-10-02T11:13:49 | INFO     | session_runner |   IWM     score=88.0  signal=SHORT    reasons: rvol=2.61x (high), atr=1.32% (good range), orb_breakdown
2026-10-02T11:13:49 | INFO     | session_runner |   DKNG    score=85.0  signal=SHORT    reasons: rvol=2.23x (high), atr=5.71% (wide-range), orb_breakdown
2026-10-02T11:13:49 | INFO     | session_runner |   MARA    score=77.0  signal=SHORT    reasons: rvol=1.77x (elevated), atr=6.94% (wide-range), orb_breakdown
2026-10-02T11:13:49 | INFO     | session_runner |   AMZN    score=75.0  signal=SHORT    reasons: rvol=1.14x (normal), atr=2.11% (wide-range), orb_breakdown
2026-10-02T11:13:49 | INFO     | session_runner |   SOFI    score=75.0  signal=SHORT    reasons: rvol=1.65x (elevated), atr=3.54% (wide-range), orb_breakdown
2026-10-02T11:13:50 | WARNING  | app.scanning.alpaca_confirmer | AlpacaConfirmer: cannot fetch chain for MARA 2026-10-09: Client error '401 Unauthorized' for url 'https://api.tradier.com/v1/markets/quotes?symbols=MARA261009C00004000%2CMARA261009C00005000%2CMARA261009C00006000%2CMARA261009C00006500%2CMARA261009C00007000%2CMARA261009C00007500%2CMARA261009C00008000%2CMARA261009C00008500%2CMARA261009C00009000%2CMARA261009C00009500%2CMARA261009C00010000%2CMARA261009C00010500%2CMARA261009C00011000%2CMARA261009C00011500%2CMARA261009C00012000%2CMARA261009C00012500%2CMARA261009C00013000%2CMARA261009C00013500%2CMARA261009C00014000%2CMARA261009C00014500%2CMARA261009C00015000%2CMARA261009C00015500%2CMARA261009C00016000%2CMARA261009C00016500%2CMARA261009C00017000%2CMARA261009C00017500%2CMARA261009C00018000%2CMARA261009C00019000%2CMARA261009C00020000%2CMARA261009C00021000%2CMARA261009C00022000%2CMARA261009C00023000%2CMARA261009P00004000%2CMARA261009P00005000%2CMARA261009P00006000%2CMARA261009P00006500%2CMARA261009P00007000%2CMARA261009P00007500%2CMARA261009P00008000%2CMARA261009P00008500%2CMARA261009P00009000%2CMARA261009P00009500%2CMARA261009P00010000%2CMARA261009P00010500%2CMARA261009P00011000%2CMARA261009P00011500%2CMARA261009P00012000%2CMARA261009P00012500%2CMARA261009P00013000%2CMARA261009P00013500&greeks=true'
For more information check: https://developer.mozilla.org/en-US/docs/Web/HTTP/Status/401
2026-10-02T11:13:50 | WARNING  | app.scanning.alpaca_confirmer | AlpacaConfirmer: cannot fetch chain for AVGO 2026-10-05: Client error '401 Unauthorized' for url 'https://api.tradier.com/v1/markets/quotes?symbols=AVGO261005C00285000%2CAVGO261005C00290000%2CAVGO261005C00295000%2CAVGO261005C00300000%2CAVGO261005C00305000%2CAVGO261005C00310000%2CAVGO261005C00315000%2CAVGO261005C00317500%2CAVGO261005C00320000%2CAVGO261005C00322500%2CAVGO261005C00325000%2CAVGO261005C00327500%2CAVGO261005C00330000%2CAVGO261005C00332500%2CAVGO261005C00335000%2CAVGO261005C00337500%2CAVGO261005C00340000%2CAVGO261005C00342500%2CAVGO261005C00345000%2CAVGO261005C00347500%2CAVGO261005C00350000%2CAVGO261005C00352500%2CAVGO261005C00355000%2CAVGO261005C00357500%2CAVGO261005C00360000%2CAVGO261005C00362500%2CAVGO261005C00365000%2CAVGO261005C00367500%2CAVGO261005C00370000%2CAVGO261005C00372500%2CAVGO261005C00375000%2CAVGO261005C00377500%2CAVGO261005C00380000%2CAVGO261005C00382500%2CAVGO261005C00385000%2CAVGO261005C00387500%2CAVGO261005C00390000%2CAVGO261005C00392500%2CAVGO261005C00395000%2CAVGO261005C00397500%2CAVGO261005C00400000%2CAVGO261005C00402500%2CAVGO261005C00405000%2CAVGO261005C00407500%2CAVGO261005C00410000%2CAVGO261005C00412500%2CAVGO261005C00415000%2CAVGO261005C00417500%2CAVGO261005C00420000%2CAVGO261005C00422500&greeks=true'
For more information check: https://developer.mozilla.org/en-US/docs/Web/HTTP/Status/401
2026-10-02T11:13:50 | WARNING  | app.scanning.alpaca_confirmer | AlpacaConfirmer: cannot fetch chain for AMZN 2026-10-05: Client error '401 Unauthorized' for url 'https://api.tradier.com/v1/markets/quotes?symbols=AMZN261005C00180000%2CAMZN261005C00185000%2CAMZN261005C00190000%2CAMZN261005C00195000%2CAMZN261005C00200000%2CAMZN261005C00205000%2CAMZN261005C00210000%2CAMZN261005C00215000%2CAMZN261005C00220000%2CAMZN261005C00222500%2CAMZN261005C00225000%2CAMZN261005C00227500%2CAMZN261005C00230000%2CAMZN261005C00232500%2CAMZN261005C00235000%2CAMZN261005C00237500%2CAMZN261005C00240000%2CAMZN261005C00242500%2CAMZN261005C00245000%2CAMZN261005C00247500%2CAMZN261005C00250000%2CAMZN261005C00252500%2CAMZN261005C00255000%2CAMZN261005C00257500%2CAMZN261005C00260000%2CAMZN261005C00262500%2CAMZN261005C00265000%2CAMZN261005C00267500%2CAMZN261005C00270000%2CAMZN261005C00272500%2CAMZN261005C00275000%2CAMZN261005C00277500%2CAMZN261005C00280000%2CAMZN261005C00282500%2CAMZN261005C00285000%2CAMZN261005C00290000%2CAMZN261005C00295000%2CAMZN261005C00300000%2CAMZN261005C00305000%2CAMZN261005C00310000%2CAMZN261005C00315000%2CAMZN261005C00320000%2CAMZN261005C00325000%2CAMZN261005C00330000%2CAMZN261005C00335000%2CAMZN261005P00180000%2CAMZN261005P00185000%2CAMZN261005P00190000%2CAMZN261005P00195000%2CAMZN261005P00200000&greeks=true'
For more information check: https://developer.mozilla.org/en-US/docs/Web/HTTP/Status/401
2026-10-02T11:13:50 | WARNING  | app.scanning.alpaca_confirmer | AlpacaConfirmer: cannot fetch chain for SOFI 2026-10-09: Client error '401 Unauthorized' for url 'https://api.tradier.com/v1/markets/quotes?symbols=SOFI261009C00005000%2CSOFI261009C00009000%2CSOFI261009C00010000%2CSOFI261009C00011000%2CSOFI261009C00011500%2CSOFI261009C00012000%2CSOFI261009C00012500%2CSOFI261009C00013000%2CSOFI261009C00013500%2CSOFI261009C00014000%2CSOFI261009C00014500%2CSOFI261009C00015000%2CSOFI261009C00015500%2CSOFI261009C00016000%2CSOFI261009C00016500%2CSOFI261009C00017000%2CSOFI261009C00017500%2CSOFI261009C00018000%2CSOFI261009C00018500%2CSOFI261009C00019000%2CSOFI261009C00019500%2CSOFI261009C00020000%2CSOFI261009C00020500%2CSOFI261009C00021000%2CSOFI261009C00021500%2CSOFI261009C00022000%2CSOFI261009C00022500%2CSOFI261009C00023000%2CSOFI261009C00023500%2CSOFI261009C00024000%2CSOFI261009C00025000%2CSOFI261009C00030000%2CSOFI261009P00005000%2CSOFI261009P00009000%2CSOFI261009P00010000%2CSOFI261009P00011000%2CSOFI261009P00011500%2CSOFI261009P00012000%2CSOFI261009P00012500%2CSOFI261009P00013000%2CSOFI261009P00013500%2CSOFI261009P00014000%2CSOFI261009P00014500%2CSOFI261009P00015000%2CSOFI261009P00015500%2CSOFI261009P00016000%2CSOFI261009P00016500%2CSOFI261009P00017000%2CSOFI261009P00017500%2CSOFI261009P00018000&greeks=true'
For more information check: https://developer.mozilla.org/en-US/docs/Web/HTTP/Status/401
2026-10-02T11:13:50 | WARNING  | app.scanning.alpaca_confirmer | AlpacaConfirmer: cannot fetch chain for XLF 2026-10-05: Client error '401 Unauthorized' for url 'https://api.tradier.com/v1/markets/quotes?symbols=XLF261005C00041000%2CXLF261005C00042000%2CXLF261005C00043000%2CXLF261005C00044000%2CXLF261005C00045000%2CXLF261005C00046000%2CXLF261005C00047000%2CXLF261005C00048000%2CXLF261005C00049000%2CXLF261005C00050000%2CXLF261005C00050500%2CXLF261005C00051000%2CXLF261005C00051500%2CXLF261005C00052000%2CXLF261005C00052500%2CXLF261005C00053000%2CXLF261005C00053500%2CXLF261005C00054000%2CXLF261005C00054500%2CXLF261005C00055000%2CXLF261005C00055500%2CXLF261005C00056000%2CXLF261005C00056500%2CXLF261005C00057000%2CXLF261005C00057500%2CXLF261005C00058000%2CXLF261005C00058500%2CXLF261005C00059000%2CXLF261005C00059500%2CXLF261005C00060000%2CXLF261005C00060500%2CXLF261005C00061000%2CXLF261005C00061500%2CXLF261005C00062000%2CXLF261005C00062500%2CXLF261005C00063000%2CXLF261005C00063500%2CXLF261005C00064000%2CXLF261005C00064500%2CXLF261005C00065000%2CXLF261005C00066000%2CXLF261005C00067000%2CXLF261005C00068000%2CXLF261005C00069000%2CXLF261005C00070000%2CXLF261005C00071000%2CXLF261005C00072000%2CXLF261005C00073000%2CXLF261005C00074000%2CXLF261005P00041000&greeks=true'
For more information check: https://developer.mozilla.org/en-US/docs/Web/HTTP/Status/401
2026-10-02T11:13:50 | WARNING  | app.scanning.alpaca_confirmer | AlpacaConfirmer: cannot fetch chain for RIVN 2026-10-09: Client error '401 Unauthorized' for url 'https://api.tradier.com/v1/markets/quotes?symbols=RIVN261009C00005000%2CRIVN261009C00009000%2CRIVN261009C00010000%2CRIVN261009C00010500%2CRIVN261009C00011000%2CRIVN261009C00011500%2CRIVN261009C00012000%2CRIVN261009C00012500%2CRIVN261009C00013000%2CRIVN261009C00013500%2CRIVN261009C00014000%2CRIVN261009C00014500%2CRIVN261009C00015000%2CRIVN261009C00015500%2CRIVN261009C00016000%2CRIVN261009C00016500%2CRIVN261009C00017000%2CRIVN261009C00017500%2CRIVN261009C00018000%2CRIVN261009C00018500%2CRIVN261009C00019000%2CRIVN261009C00019500%2CRIVN261009C00020000%2CRIVN261009C00020500%2CRIVN261009C00021000%2CRIVN261009C00021500%2CRIVN261009C00022000%2CRIVN261009C00023000%2CRIVN261009C00024000%2CRIVN261009C00025000%2CRIVN261009C00030000%2CRIVN261009P00005000%2CRIVN261009P00009000%2CRIVN261009P00010000%2CRIVN261009P00010500%2CRIVN261009P00011000%2CRIVN261009P00011500%2CRIVN261009P00012000%2CRIVN261009P00012500%2CRIVN261009P00013000%2CRIVN261009P00013500%2CRIVN261009P00014000%2CRIVN261009P00014500%2CRIVN261009P00015000%2CRIVN261009P00015500%2CRIVN261009P00016000%2CRIVN261009P00016500%2CRIVN261009P00017000%2CRIVN261009P00017500%2CRIVN261009P00018000&greeks=true'
For more information check: https://developer.mozilla.org/en-US/docs/Web/HTTP/Status/401
2026-10-02T11:13:50 | WARNING  | app.scanning.alpaca_confirmer | AlpacaConfirmer: cannot fetch chain for SPY 2026-10-05: Client error '401 Unauthorized' for url 'https://api.tradier.com/v1/markets/quotes?symbols=SPY261005C00550000%2CSPY261005C00555000%2CSPY261005C00560000%2CSPY261005C00565000%2CSPY261005C00570000%2CSPY261005C00575000%2CSPY261005C00580000%2CSPY261005C00585000%2CSPY261005C00590000%2CSPY261005C00595000%2CSPY261005C00600000%2CSPY261005C00605000%2CSPY261005C00610000%2CSPY261005C00615000%2CSPY261005C00620000%2CSPY261005C00625000%2CSPY261005C00630000%2CSPY261005C00635000%2CSPY261005C00640000%2CSPY261005C00645000%2CSPY261005C00650000%2CSPY261005C00655000%2CSPY261005C00660000%2CSPY261005C00665000%2CSPY261005C00670000%2CSPY261005C00675000%2CSPY261005C00680000%2CSPY261005C00685000%2CSPY261005C00690000%2CSPY261005C00695000%2CSPY261005C00700000%2CSPY261005C00705000%2CSPY261005C00710000%2CSPY261005C00715000%2CSPY261005C00720000%2CSPY261005C00723000%2CSPY261005C00724000%2CSPY261005C00725000%2CSPY261005C00726000%2CSPY261005C00727000%2CSPY261005C00728000%2CSPY261005C00729000%2CSPY261005C00730000%2CSPY261005C00731000%2CSPY261005C00732000%2CSPY261005C00733000%2CSPY261005C00734000%2CSPY261005C00735000%2CSPY261005C00736000%2CSPY261005C00737000&greeks=true'
For more information check: https://developer.mozilla.org/en-US/docs/Web/HTTP/Status/401
2026-10-02T11:13:50 | WARNING  | app.scanning.alpaca_confirmer | AlpacaConfirmer: cannot fetch chain for MSFT 2026-10-05: Client error '401 Unauthorized' for url 'https://api.tradier.com/v1/markets/quotes?symbols=MSFT261005C00420000%2CMSFT261005C00425000%2CMSFT261005C00430000%2CMSFT261005C00435000%2CMSFT261005C00440000%2CMSFT261005C00445000%2CMSFT261005C00450000%2CMSFT261005C00452500%2CMSFT261005C00455000%2CMSFT261005C00457500%2CMSFT261005C00460000%2CMSFT261005C00462500%2CMSFT261005C00465000%2CMSFT261005C00467500%2CMSFT261005C00470000%2CMSFT261005C00472500%2CMSFT261005C00475000%2CMSFT261005C00477500%2CMSFT261005C00480000%2CMSFT261005C00482500%2CMSFT261005C00485000%2CMSFT261005C00487500%2CMSFT261005C00490000%2CMSFT261005C00492500%2CMSFT261005C00495000%2CMSFT261005C00497500%2CMSFT261005C00500000%2CMSFT261005C00502500%2CMSFT261005C00505000%2CMSFT261005C00507500%2CMSFT261005C00510000%2CMSFT261005C00512500%2CMSFT261005C00515000%2CMSFT261005C00517500%2CMSFT261005C00520000%2CMSFT261005C00522500%2CMSFT261005C00525000%2CMSFT261005C00527500%2CMSFT261005C00530000%2CMSFT261005C00532500%2CMSFT261005C00535000%2CMSFT261005C00537500%2CMSFT261005C00540000%2CMSFT261005C00542500%2CMSFT261005C00545000%2CMSFT261005C00547500%2CMSFT261005C00550000%2CMSFT261005C00552500%2CMSFT261005C00555000%2CMSFT261005C00557500&greeks=true'
For more information check: https://developer.mozilla.org/en-US/docs/Web/HTTP/Status/401
2026-10-02T11:13:50 | WARNING  | app.scanning.alpaca_confirmer | AlpacaConfirmer: cannot fetch chain for HOOD 2026-10-09: Client error '401 Unauthorized' for url 'https://api.tradier.com/v1/markets/quotes?symbols=HOOD261009C00025000%2CHOOD261009C00030000%2CHOOD261009C00035000%2CHOOD261009C00040000%2CHOOD261009C00045000%2CHOOD261009C00050000%2CHOOD261009C00055000%2CHOOD261009C00060000%2CHOOD261009C00065000%2CHOOD261009C00070000%2CHOOD261009C00075000%2CHOOD261009C00080000%2CHOOD261009C00085000%2CHOOD261009C00090000%2CHOOD261009C00091000%2CHOOD261009C00092000%2CHOOD261009C00093000%2CHOOD261009C00094000%2CHOOD261009C00095000%2CHOOD261009C00096000%2CHOOD261009C00097000%2CHOOD261009C00098000%2CHOOD261009C00099000%2CHOOD261009C00100000%2CHOOD261009C00101000%2CHOOD261009C00102000%2CHOOD261009C00103000%2CHOOD261009C00104000%2CHOOD261009C00105000%2CHOOD261009C00106000%2CHOOD261009C00107000%2CHOOD261009C00108000%2CHOOD261009C00109000%2CHOOD261009C00110000%2CHOOD261009C00111000%2CHOOD261009C00112000%2CHOOD261009C00113000%2CHOOD261009C00114000%2CHOOD261009C00115000%2CHOOD261009C00116000%2CHOOD261009C00117000%2CHOOD261009C00118000%2CHOOD261009C00119000%2CHOOD261009C00120000%2CHOOD261009C00121000%2CHOOD261009C00122000%2CHOOD261009C00123000%2CHOOD261009C00124000%2CHOOD261009C00125000%2CHOOD261009C00126000&greeks=true'
For more information check: https://developer.mozilla.org/en-US/docs/Web/HTTP/Status/401
2026-10-02T11:13:50 | WARNING  | app.scanning.alpaca_confirmer | AlpacaConfirmer: cannot fetch chain for IWM 2026-10-05: Client error '401 Unauthorized' for url 'https://api.tradier.com/v1/markets/quotes?symbols=IWM261005C00180000%2CIWM261005C00190000%2CIWM261005C00200000%2CIWM261005C00205000%2CIWM261005C00210000%2CIWM261005C00215000%2CIWM261005C00220000%2CIWM261005C00225000%2CIWM261005C00230000%2CIWM261005C00235000%2CIWM261005C00240000%2CIWM261005C00245000%2CIWM261005C00250000%2CIWM261005C00255000%2CIWM261005C00260000%2CIWM261005C00261000%2CIWM261005C00262000%2CIWM261005C00263000%2CIWM261005C00264000%2CIWM261005C00265000%2CIWM261005C00266000%2CIWM261005C00267000%2CIWM261005C00268000%2CIWM261005C00269000%2CIWM261005C00270000%2CIWM261005C00271000%2CIWM261005C00272000%2CIWM261005C00273000%2CIWM261005C00274000%2CIWM261005C00275000%2CIWM261005C00276000%2CIWM261005C00277000%2CIWM261005C00278000%2CIWM261005C00279000%2CIWM261005C00280000%2CIWM261005C00281000%2CIWM261005C00282000%2CIWM261005C00283000%2CIWM261005C00284000%2CIWM261005C00285000%2CIWM261005C00286000%2CIWM261005C00287000%2CIWM261005C00288000%2CIWM261005C00289000%2CIWM261005C00290000%2CIWM261005C00291000%2CIWM261005C00292000%2CIWM261005C00293000%2CIWM261005C00294000%2CIWM261005C00295000&greeks=true'
For more information check: https://developer.mozilla.org/en-US/docs/Web/HTTP/Status/401
2026-10-02T11:13:50 | WARNING  | app.scanning.alpaca_confirmer | AlpacaConfirmer: cannot fetch chain for DKNG 2026-10-09: Client error '401 Unauthorized' for url 'https://api.tradier.com/v1/markets/quotes?symbols=DKNG261009C00010000%2CDKNG261009C00011000%2CDKNG261009C00012000%2CDKNG261009C00013000%2CDKNG261009C00014000%2CDKNG261009C00015000%2CDKNG261009C00016000%2CDKNG261009C00017000%2CDKNG261009C00018000%2CDKNG261009C00019000%2CDKNG261009C00020000%2CDKNG261009C00020500%2CDKNG261009C00021000%2CDKNG261009C00021500%2CDKNG261009C00022000%2CDKNG261009C00022500%2CDKNG261009C00023000%2CDKNG261009C00023500%2CDKNG261009C00024000%2CDKNG261009C00024500%2CDKNG261009C00025000%2CDKNG261009C00025500%2CDKNG261009C00026000%2CDKNG261009C00026500%2CDKNG261009C00027000%2CDKNG261009C00027500%2CDKNG261009C00028000%2CDKNG261009C00028500%2CDKNG261009C00029000%2CDKNG261009C00030000%2CDKNG261009C00031000%2CDKNG261009C00032000%2CDKNG261009C00033000%2CDKNG261009C00034000%2CDKNG261009C00035000%2CDKNG261009P00010000%2CDKNG261009P00011000%2CDKNG261009P00012000%2CDKNG261009P00013000%2CDKNG261009P00014000%2CDKNG261009P00015000%2CDKNG261009P00016000%2CDKNG261009P00017000%2CDKNG261009P00018000%2CDKNG261009P00019000%2CDKNG261009P00020000%2CDKNG261009P00020500%2CDKNG261009P00021000%2CDKNG261009P00021500%2CDKNG261009P00022000&greeks=true'
For more information check: https://developer.mozilla.org/en-US/docs/Web/HTTP/Status/401
2026-10-02T11:13:50 | WARNING  | app.scanning.alpaca_confirmer | AlpacaConfirmer: cannot fetch chain for TSLA 2026-10-05: Client error '401 Unauthorized' for url 'https://api.tradier.com/v1/markets/quotes?symbols=TSLA261005C00250000%2CTSLA261005C00255000%2CTSLA261005C00260000%2CTSLA261005C00265000%2CTSLA261005C00270000%2CTSLA261005C00275000%2CTSLA261005C00280000%2CTSLA261005C00285000%2CTSLA261005C00290000%2CTSLA261005C00295000%2CTSLA261005C00300000%2CTSLA261005C00305000%2CTSLA261005C00310000%2CTSLA261005C00315000%2CTSLA261005C00317500%2CTSLA261005C00320000%2CTSLA261005C00322500%2CTSLA261005C00325000%2CTSLA261005C00327500%2CTSLA261005C00330000%2CTSLA261005C00332500%2CTSLA261005C00335000%2CTSLA261005C00337500%2CTSLA261005C00340000%2CTSLA261005C00342500%2CTSLA261005C00345000%2CTSLA261005C00347500%2CTSLA261005C00350000%2CTSLA261005C00352500%2CTSLA261005C00355000%2CTSLA261005C00357500%2CTSLA261005C00360000%2CTSLA261005C00362500%2CTSLA261005C00365000%2CTSLA261005C00367500%2CTSLA261005C00370000%2CTSLA261005C00372500%2CTSLA261005C00375000%2CTSLA261005C00377500%2CTSLA261005C00380000%2CTSLA261005C00382500%2CTSLA261005C00385000%2CTSLA261005C00387500%2CTSLA261005C00390000%2CTSLA261005C00392500%2CTSLA261005C00395000%2CTSLA261005C00397500%2CTSLA261005C00400000%2CTSLA261005C00402500%2CTSLA261005C00405000&greeks=true'
For more information check: https://developer.mozilla.org/en-US/docs/Web/HTTP/Status/401
2026-10-02T11:13:50 | INFO     | session_runner | AlpacaConfirmer: 0 confirmed symbols: []
2026-10-02T11:13:50 | WARNING  | session_runner | Re-scan returned no confirmed symbols — falling back to ['SPY']
2026-10-02T11:13:50 | INFO     | session_runner | Broad-market regime | SPY=short
2026-10-02T11:13:50 | INFO     | session_runner | [bridge:SPY] rsi_trend ready: sufficient bars
2026-10-02T11:13:50 | INFO     | session_runner | Stale signal: SPY/vwap_reclaim age=14 min > max 10 min — skipped
2026-10-02T11:13:50 | INFO     | session_runner | Stale signal: SPY/vwap_reclaim age=159 min > max 10 min — skipped
2026-10-02T11:13:50 | INFO     | session_runner | Stale signal: SPY/vwap_reclaim age=64 min > max 10 min — skipped
2026-10-02T11:14:20 | INFO     | session_runner | [cycle 202] 11:14:20 ET | positions=0 | entries=0
2026-10-02T11:14:20 | INFO     | session_runner | [bridge:SPY] rsi_trend ready: sufficient bars
2026-10-02T11:14:20 | INFO     | session_runner | Stale signal: SPY/vwap_reclaim age=14 min > max 10 min — skipped
2026-10-02T11:14:20 | INFO     | session_runner | Stale signal: SPY/vwap_reclaim age=159 min > max 10 min — skipped
2026-10-02T11:14:20 | INFO     | session_runner | Stale signal: SPY/vwap_reclaim age=64 min > max 10 min — skipped
2026-10-02T11:14:50 | INFO     | session_runner | [cycle 203] 11:14:50 ET | positions=0 | entries=0
2026-10-02T11:14:51 | INFO     | session_runner | [bridge:SPY] rsi_trend ready: sufficient bars
2026-10-02T11:14:51 | INFO     | session_runner | Stale signal: SPY/vwap_reclaim age=15 min > max 10 min — skipped
2026-10-02T11:14:51 | INFO     | session_runner | Stale signal: SPY/vwap_reclaim age=160 min > max 10 min — skipped
2026-10-02T11:14:51 | INFO     | session_runner | Stale signal: SPY/vwap_reclaim age=65 min > max 10 min — skipped
2026-10-02T11:15:21 | INFO     | session_runner | [cycle 204] 11:15:21 ET | positions=0 | entries=0
2026-10-02T11:15:21 | INFO     | session_runner | [bridge:SPY] rsi_trend ready: sufficient bars
2026-10-02T11:15:21 | INFO     | session_runner | Stale signal: SPY/vwap_reclaim age=15 min > max 10 min — skipped
2026-10-02T11:15:21 | INFO     | session_runner | Scaled cohort broker entry blocked | SPY/orb | strategy_shadow_only
2026-10-02T11:15:21 | INFO     | app.evaluation.shadow_book | ShadowBook: v4-20261002-5943-SPY-orb blocked (strategy_shadow_only) but not priceable — signal logged, no simulation
2026-10-02T11:15:21 | INFO     | app.evaluation.shadow_book | ShadowBook: v4-20261002-5944-SPY-orb-inverted blocked (inverted_direction_counterfactual) but not priceable — signal logged, no simulation
2026-10-02T11:15:21 | INFO     | session_runner | Stale signal: SPY/vwap_reclaim age=160 min > max 10 min — skipped
2026-10-02T11:15:21 | INFO     | session_runner | Stale signal: SPY/vwap_reclaim age=65 min > max 10 min — skipped
2026-10-02T11:15:51 | INFO     | session_runner | [cycle 205] 11:15:51 ET | positions=0 | entries=0
2026-10-02T11:15:52 | INFO     | session_runner | [bridge:SPY] rsi_trend ready: sufficient bars
2026-10-02T11:15:52 | INFO     | session_runner | Stale signal: SPY/vwap_reclaim age=16 min > max 10 min — skipped
2026-10-02T11:15:52 | INFO     | session_runner | Scaled cohort broker entry blocked | SPY/orb | strategy_shadow_only
2026-10-02T11:15:52 | INFO     | app.evaluation.shadow_book | ShadowBook: v4-20261002-5945-SPY-orb blocked (strategy_shadow_only) but not priceable — signal logged, no simulation
2026-10-02T11:15:52 | INFO     | session_runner | Stale signal: SPY/vwap_reclaim age=161 min > max 10 min — skipped
2026-10-02T11:15:52 | INFO     | session_runner | Stale signal: SPY/vwap_reclaim age=66 min > max 10 min — skipped
2026-10-02T11:16:22 | INFO     | session_runner | [cycle 206] 11:16:22 ET | positions=0 | entries=0
2026-10-02T11:16:22 | INFO     | session_runner | [bridge:SPY] rsi_trend ready: sufficient bars
2026-10-02T11:16:22 | INFO     | session_runner | Stale signal: SPY/vwap_reclaim age=16 min > max 10 min — skipped
2026-10-02T11:16:22 | INFO     | session_runner | Scaled cohort broker entry blocked | SPY/orb | strategy_shadow_only
2026-10-02T11:16:23 | INFO     | app.evaluation.shadow_book | ShadowBook: v4-20261002-5946-SPY-orb blocked (strategy_shadow_only) but not priceable — signal logged, no simulation
2026-10-02T11:16:23 | INFO     | session_runner | Stale signal: SPY/vwap_reclaim age=161 min > max 10 min — skipped
2026-10-02T11:16:23 | INFO     | session_runner | Stale signal: SPY/vwap_reclaim age=66 min > max 10 min — skipped
2026-10-02T11:16:53 | INFO     | session_runner | [cycle 207] 11:16:53 ET | positions=0 | entries=0
2026-10-02T11:16:53 | INFO     | session_runner | [bridge:SPY] rsi_trend ready: sufficient bars
2026-10-02T11:16:53 | INFO     | session_runner | Stale signal: SPY/vwap_reclaim age=17 min > max 10 min — skipped
2026-10-02T11:16:53 | INFO     | session_runner | Scaled cohort broker entry blocked | SPY/orb | strategy_shadow_only
2026-10-02T11:16:53 | INFO     | app.evaluation.shadow_book | ShadowBook: v4-20261002-5947-SPY-orb blocked (strategy_shadow_only) but not priceable — signal logged, no simulation
2026-10-02T11:16:53 | INFO     | session_runner | Stale signal: SPY/vwap_reclaim age=162 min > max 10 min — skipped
2026-10-02T11:16:53 | INFO     | session_runner | Stale signal: SPY/vwap_reclaim age=67 min > max 10 min — skipped
2026-10-02T11:17:23 | INFO     | session_runner | [cycle 208] 11:17:23 ET | positions=0 | entries=0
2026-10-02T11:17:23 | INFO     | session_runner | [bridge:SPY] rsi_trend ready: sufficient bars
2026-10-02T11:17:23 | INFO     | session_runner | Stale signal: SPY/vwap_reclaim age=17 min > max 10 min — skipped
2026-10-02T11:17:23 | INFO     | session_runner | Scaled cohort broker entry blocked | SPY/orb | strategy_shadow_only
2026-10-02T11:17:23 | INFO     | app.evaluation.shadow_book | ShadowBook: v4-20261002-5948-SPY-orb blocked (strategy_shadow_only) but not priceable — signal logged, no simulation
2026-10-02T11:17:23 | INFO     | session_runner | Stale signal: SPY/vwap_reclaim age=162 min > max 10 min — skipped
2026-10-02T11:17:23 | INFO     | session_runner | Stale signal: SPY/vwap_reclaim age=67 min > max 10 min — skipped
2026-10-02T11:17:54 | INFO     | session_runner | [cycle 209] 11:17:54 ET | positions=0 | entries=0
2026-10-02T11:17:54 | INFO     | session_runner | [bridge:SPY] rsi_trend ready: sufficient bars
2026-10-02T11:17:54 | INFO     | session_runner | Stale signal: SPY/vwap_reclaim age=18 min > max 10 min — skipped
2026-10-02T11:17:54 | INFO     | session_runner | Scaled cohort broker entry blocked | SPY/orb | strategy_shadow_only
2026-10-02T11:17:54 | INFO     | app.evaluation.shadow_book | ShadowBook: v4-20261002-5949-SPY-orb blocked (strategy_shadow_only) but not priceable — signal logged, no simulation
2026-10-02T11:17:54 | INFO     | session_runner | Stale signal: SPY/vwap_reclaim age=163 min > max 10 min — skipped
2026-10-02T11:17:54 | INFO     | session_runner | Stale signal: SPY/vwap_reclaim age=68 min > max 10 min — skipped
2026-10-02T11:18:24 | INFO     | session_runner | [cycle 210] 11:18:24 ET | positions=0 | entries=0
2026-10-02T11:18:24 | INFO     | session_runner | [bridge:SPY] rsi_trend ready: sufficient bars
2026-10-02T11:18:24 | INFO     | session_runner | Stale signal: SPY/vwap_reclaim age=18 min > max 10 min — skipped
2026-10-02T11:18:24 | INFO     | session_runner | Scaled cohort broker entry blocked | SPY/orb | strategy_shadow_only
2026-10-02T11:18:24 | INFO     | app.evaluation.shadow_book | ShadowBook: v4-20261002-5950-SPY-orb blocked (strategy_shadow_only) but not priceable — signal logged, no simulation
2026-10-02T11:18:24 | INFO     | session_runner | Stale signal: SPY/vwap_reclaim age=163 min > max 10 min — skipped
2026-10-02T11:18:24 | INFO     | session_runner | Stale signal: SPY/vwap_reclaim age=68 min > max 10 min — skipped
2026-10-02T11:18:54 | INFO     | session_runner | [cycle 211] 11:18:54 ET | positions=0 | entries=0
2026-10-02T11:18:54 | INFO     | session_runner | Periodic universe re-scan …
2026-10-02T11:18:54 | INFO     | app.scanning.universe_loader | UniverseLoader: loaded 5 groups (13 flat symbols) from config/ticker_universe.yaml (blacklist=0)
2026-10-02T11:18:54 | INFO     | app.scanning.universe_loader | UniverseLoader: 38 symbols from 4 group(s) (blacklist=0)
2026-10-02T11:18:54 | INFO     | session_runner | Universe scan: 38 symbols from 4 group(s) | max_active=6
2026-10-02T11:18:59 | INFO     | session_runner | Scan: 22 passed, 16 rejected
2026-10-02T11:18:59 | INFO     | session_runner |   TSLA    score=95.0  signal=LONG     reasons: rvol=2.87x (high), atr=3.21% (wide-range), orb_breakout
2026-10-02T11:18:59 | INFO     | session_runner |   IWM     score=88.0  signal=SHORT    reasons: rvol=2.55x (high), atr=1.32% (good range), orb_breakdown
2026-10-02T11:18:59 | INFO     | session_runner |   DKNG    score=85.0  signal=SHORT    reasons: rvol=2.18x (high), atr=5.80% (wide-range), orb_breakdown
2026-10-02T11:18:59 | INFO     | session_runner |   MARA    score=77.0  signal=SHORT    reasons: rvol=1.71x (elevated), atr=6.93% (wide-range), orb_breakdown
2026-10-02T11:18:59 | INFO     | session_runner |   AMZN    score=75.0  signal=SHORT    reasons: rvol=1.19x (normal), atr=2.11% (wide-range), orb_breakdown
2026-10-02T11:19:00 | WARNING  | app.scanning.alpaca_confirmer | AlpacaConfirmer: cannot fetch chain for IWM 2026-10-05: Client error '401 Unauthorized' for url 'https://api.tradier.com/v1/markets/quotes?symbols=IWM261005C00180000%2CIWM261005C00190000%2CIWM261005C00200000%2CIWM261005C00205000%2CIWM261005C00210000%2CIWM261005C00215000%2CIWM261005C00220000%2CIWM261005C00225000%2CIWM261005C00230000%2CIWM261005C00235000%2CIWM261005C00240000%2CIWM261005C00245000%2CIWM261005C00250000%2CIWM261005C00255000%2CIWM261005C00260000%2CIWM261005C00261000%2CIWM261005C00262000%2CIWM261005C00263000%2CIWM261005C00264000%2CIWM261005C00265000%2CIWM261005C00266000%2CIWM261005C00267000%2CIWM261005C00268000%2CIWM261005C00269000%2CIWM261005C00270000%2CIWM261005C00271000%2CIWM261005C00272000%2CIWM261005C00273000%2CIWM261005C00274000%2CIWM261005C00275000%2CIWM261005C00276000%2CIWM261005C00277000%2CIWM261005C00278000%2CIWM261005C00279000%2CIWM261005C00280000%2CIWM261005C00281000%2CIWM261005C00282000%2CIWM261005C00283000%2CIWM261005C00284000%2CIWM261005C00285000%2CIWM261005C00286000%2CIWM261005C00287000%2CIWM261005C00288000%2CIWM261005C00289000%2CIWM261005C00290000%2CIWM261005C00291000%2CIWM261005C00292000%2CIWM261005C00293000%2CIWM261005C00294000%2CIWM261005C00295000&greeks=true'
For more information check: https://developer.mozilla.org/en-US/docs/Web/HTTP/Status/401
2026-10-02T11:19:00 | WARNING  | app.scanning.alpaca_confirmer | AlpacaConfirmer: cannot fetch chain for DKNG 2026-10-09: Client error '401 Unauthorized' for url 'https://api.tradier.com/v1/markets/quotes?symbols=DKNG261009C00010000%2CDKNG261009C00011000%2CDKNG261009C00012000%2CDKNG261009C00013000%2CDKNG261009C00014000%2CDKNG261009C00015000%2CDKNG261009C00016000%2CDKNG261009C00017000%2CDKNG261009C00018000%2CDKNG261009C00019000%2CDKNG261009C00020000%2CDKNG261009C00020500%2CDKNG261009C00021000%2CDKNG261009C00021500%2CDKNG261009C00022000%2CDKNG261009C00022500%2CDKNG261009C00023000%2CDKNG261009C00023500%2CDKNG261009C00024000%2CDKNG261009C00024500%2CDKNG261009C00025000%2CDKNG261009C00025500%2CDKNG261009C00026000%2CDKNG261009C00026500%2CDKNG261009C00027000%2CDKNG261009C00027500%2CDKNG261009C00028000%2CDKNG261009C00028500%2CDKNG261009C00029000%2CDKNG261009C00030000%2CDKNG261009C00031000%2CDKNG261009C00032000%2CDKNG261009C00033000%2CDKNG261009C00034000%2CDKNG261009C00035000%2CDKNG261009P00010000%2CDKNG261009P00011000%2CDKNG261009P00012000%2CDKNG261009P00013000%2CDKNG261009P00014000%2CDKNG261009P00015000%2CDKNG261009P00016000%2CDKNG261009P00017000%2CDKNG261009P00018000%2CDKNG261009P00019000%2CDKNG261009P00020000%2CDKNG261009P00020500%2CDKNG261009P00021000%2CDKNG261009P00021500%2CDKNG261009P00022000&greeks=true'
For more information check: https://developer.mozilla.org/en-US/docs/Web/HTTP/Status/401
2026-10-02T11:19:00 | WARNING  | app.scanning.alpaca_confirmer | AlpacaConfirmer: cannot fetch chain for HOOD 2026-10-09: Client error '401 Unauthorized' for url 'https://api.tradier.com/v1/markets/quotes?symbols=HOOD261009C00025000%2CHOOD261009C00030000%2CHOOD261009C00035000%2CHOOD261009C00040000%2CHOOD261009C00045000%2CHOOD261009C00050000%2CHOOD261009C00055000%2CHOOD261009C00060000%2CHOOD261009C00065000%2CHOOD261009C00070000%2CHOOD261009C00075000%2CHOOD261009C00080000%2CHOOD261009C00085000%2CHOOD261009C00090000%2CHOOD261009C00091000%2CHOOD261009C00092000%2CHOOD261009C00093000%2CHOOD261009C00094000%2CHOOD261009C00095000%2CHOOD261009C00096000%2CHOOD261009C00097000%2CHOOD261009C00098000%2CHOOD261009C00099000%2CHOOD261009C00100000%2CHOOD261009C00101000%2CHOOD261009C00102000%2CHOOD261009C00103000%2CHOOD261009C00104000%2CHOOD261009C00105000%2CHOOD261009C00106000%2CHOOD261009C00107000%2CHOOD261009C00108000%2CHOOD261009C00109000%2CHOOD261009C00110000%2CHOOD261009C00111000%2CHOOD261009C00112000%2CHOOD261009C00113000%2CHOOD261009C00114000%2CHOOD261009C00115000%2CHOOD261009C00116000%2CHOOD261009C00117000%2CHOOD261009C00118000%2CHOOD261009C00119000%2CHOOD261009C00120000%2CHOOD261009C00121000%2CHOOD261009C00122000%2CHOOD261009C00123000%2CHOOD261009C00124000%2CHOOD261009C00125000%2CHOOD261009C00126000&greeks=true'
For more information check: https://developer.mozilla.org/en-US/docs/Web/HTTP/Status/401
2026-10-02T11:19:00 | WARNING  | app.scanning.alpaca_confirmer | AlpacaConfirmer: cannot fetch chain for MARA 2026-10-09: Client error '401 Unauthorized' for url 'https://api.tradier.com/v1/markets/quotes?symbols=MARA261009C00004000%2CMARA261009C00005000%2CMARA261009C00006000%2CMARA261009C00006500%2CMARA261009C00007000%2CMARA261009C00007500%2CMARA261009C00008000%2CMARA261009C00008500%2CMARA261009C00009000%2CMARA261009C00009500%2CMARA261009C00010000%2CMARA261009C00010500%2CMARA261009C00011000%2CMARA261009C00011500%2CMARA261009C00012000%2CMARA261009C00012500%2CMARA261009C00013000%2CMARA261009C00013500%2CMARA261009C00014000%2CMARA261009C00014500%2CMARA261009C00015000%2CMARA261009C00015500%2CMARA261009C00016000%2CMARA261009C00016500%2CMARA261009C00017000%2CMARA261009C00017500%2CMARA261009C00018000%2CMARA261009C00019000%2CMARA261009C00020000%2CMARA261009C00021000%2CMARA261009C00022000%2CMARA261009C00023000%2CMARA261009P00004000%2CMARA261009P00005000%2CMARA261009P00006000%2CMARA261009P00006500%2CMARA261009P00007000%2CMARA261009P00007500%2CMARA261009P00008000%2CMARA261009P00008500%2CMARA261009P00009000%2CMARA261009P00009500%2CMARA261009P00010000%2CMARA261009P00010500%2CMARA261009P00011000%2CMARA261009P00011500%2CMARA261009P00012000%2CMARA261009P00012500%2CMARA261009P00013000%2CMARA261009P00013500&greeks=true'
For more information check: https://developer.mozilla.org/en-US/docs/Web/HTTP/Status/401
2026-10-02T11:19:00 | WARNING  | app.scanning.alpaca_confirmer | AlpacaConfirmer: cannot fetch chain for RIVN 2026-10-09: Client error '401 Unauthorized' for url 'https://api.tradier.com/v1/markets/quotes?symbols=RIVN261009C00005000%2CRIVN261009C00009000%2CRIVN261009C00010000%2CRIVN261009C00010500%2CRIVN261009C00011000%2CRIVN261009C00011500%2CRIVN261009C00012000%2CRIVN261009C00012500%2CRIVN261009C00013000%2CRIVN261009C00013500%2CRIVN261009C00014000%2CRIVN261009C00014500%2CRIVN261009C00015000%2CRIVN261009C00015500%2CRIVN261009C00016000%2CRIVN261009C00016500%2CRIVN261009C00017000%2CRIVN261009C00017500%2CRIVN261009C00018000%2CRIVN261009C00018500%2CRIVN261009C00019000%2CRIVN261009C00019500%2CRIVN261009C00020000%2CRIVN261009C00020500%2CRIVN261009C00021000%2CRIVN261009C00021500%2CRIVN261009C00022000%2CRIVN261009C00023000%2CRIVN261009C00024000%2CRIVN261009C00025000%2CRIVN261009C00030000%2CRIVN261009P00005000%2CRIVN261009P00009000%2CRIVN261009P00010000%2CRIVN261009P00010500%2CRIVN261009P00011000%2CRIVN261009P00011500%2CRIVN261009P00012000%2CRIVN261009P00012500%2CRIVN261009P00013000%2CRIVN261009P00013500%2CRIVN261009P00014000%2CRIVN261009P00014500%2CRIVN261009P00015000%2CRIVN261009P00015500%2CRIVN261009P00016000%2CRIVN261009P00016500%2CRIVN261009P00017000%2CRIVN261009P00017500%2CRIVN261009P00018000&greeks=true'
For more information check: https://developer.mozilla.org/en-US/docs/Web/HTTP/Status/401
2026-10-02T11:19:00 | WARNING  | app.scanning.alpaca_confirmer | AlpacaConfirmer: cannot fetch chain for SOFI 2026-10-09: Client error '401 Unauthorized' for url 'https://api.tradier.com/v1/markets/quotes?symbols=SOFI261009C00005000%2CSOFI261009C00009000%2CSOFI261009C00010000%2CSOFI261009C00011000%2CSOFI261009C00011500%2CSOFI261009C00012000%2CSOFI261009C00012500%2CSOFI261009C00013000%2CSOFI261009C00013500%2CSOFI261009C00014000%2CSOFI261009C00014500%2CSOFI261009C00015000%2CSOFI261009C00015500%2CSOFI261009C00016000%2CSOFI261009C00016500%2CSOFI261009C00017000%2CSOFI261009C00017500%2CSOFI261009C00018000%2CSOFI261009C00018500%2CSOFI261009C00019000%2CSOFI261009C00019500%2CSOFI261009C00020000%2CSOFI261009C00020500%2CSOFI261009C00021000%2CSOFI261009C00021500%2CSOFI261009C00022000%2CSOFI261009C00022500%2CSOFI261009C00023000%2CSOFI261009C00023500%2CSOFI261009C00024000%2CSOFI261009C00025000%2CSOFI261009C00030000%2CSOFI261009P00005000%2CSOFI261009P00009000%2CSOFI261009P00010000%2CSOFI261009P00011000%2CSOFI261009P00011500%2CSOFI261009P00012000%2CSOFI261009P00012500%2CSOFI261009P00013000%2CSOFI261009P00013500%2CSOFI261009P00014000%2CSOFI261009P00014500%2CSOFI261009P00015000%2CSOFI261009P00015500%2CSOFI261009P00016000%2CSOFI261009P00016500%2CSOFI261009P00017000%2CSOFI261009P00017500%2CSOFI261009P00018000&greeks=true'
For more information check: https://developer.mozilla.org/en-US/docs/Web/HTTP/Status/401
2026-10-02T11:19:00 | WARNING  | app.scanning.alpaca_confirmer | AlpacaConfirmer: cannot fetch chain for AVGO 2026-10-05: Client error '401 Unauthorized' for url 'https://api.tradier.com/v1/markets/quotes?symbols=AVGO261005C00285000%2CAVGO261005C00290000%2CAVGO261005C00295000%2CAVGO261005C00300000%2CAVGO261005C00305000%2CAVGO261005C00310000%2CAVGO261005C00315000%2CAVGO261005C00317500%2CAVGO261005C00320000%2CAVGO261005C00322500%2CAVGO261005C00325000%2CAVGO261005C00327500%2CAVGO261005C00330000%2CAVGO261005C00332500%2CAVGO261005C00335000%2CAVGO261005C00337500%2CAVGO261005C00340000%2CAVGO261005C00342500%2CAVGO261005C00345000%2CAVGO261005C00347500%2CAVGO261005C00350000%2CAVGO261005C00352500%2CAVGO261005C00355000%2CAVGO261005C00357500%2CAVGO261005C00360000%2CAVGO261005C00362500%2CAVGO261005C00365000%2CAVGO261005C00367500%2CAVGO261005C00370000%2CAVGO261005C00372500%2CAVGO261005C00375000%2CAVGO261005C00377500%2CAVGO261005C00380000%2CAVGO261005C00382500%2CAVGO261005C00385000%2CAVGO261005C00387500%2CAVGO261005C00390000%2CAVGO261005C00392500%2CAVGO261005C00395000%2CAVGO261005C00397500%2CAVGO261005C00400000%2CAVGO261005C00402500%2CAVGO261005C00405000%2CAVGO261005C00407500%2CAVGO261005C00410000%2CAVGO261005C00412500%2CAVGO261005C00415000%2CAVGO261005C00417500%2CAVGO261005C00420000%2CAVGO261005C00422500&greeks=true'
For more information check: https://developer.mozilla.org/en-US/docs/Web/HTTP/Status/401
2026-10-02T11:19:00 | WARNING  | app.scanning.alpaca_confirmer | AlpacaConfirmer: cannot fetch chain for XLF 2026-10-05: Client error '401 Unauthorized' for url 'https://api.tradier.com/v1/markets/quotes?symbols=XLF261005C00041000%2CXLF261005C00042000%2CXLF261005C00043000%2CXLF261005C00044000%2CXLF261005C00045000%2CXLF261005C00046000%2CXLF261005C00047000%2CXLF261005C00048000%2CXLF261005C00049000%2CXLF261005C00050000%2CXLF261005C00050500%2CXLF261005C00051000%2CXLF261005C00051500%2CXLF261005C00052000%2CXLF261005C00052500%2CXLF261005C00053000%2CXLF261005C00053500%2CXLF261005C00054000%2CXLF261005C00054500%2CXLF261005C00055000%2CXLF261005C00055500%2CXLF261005C00056000%2CXLF261005C00056500%2CXLF261005C00057000%2CXLF261005C00057500%2CXLF261005C00058000%2CXLF261005C00058500%2CXLF261005C00059000%2CXLF261005C00059500%2CXLF261005C00060000%2CXLF261005C00060500%2CXLF261005C00061000%2CXLF261005C00061500%2CXLF261005C00062000%2CXLF261005C00062500%2CXLF261005C00063000%2CXLF261005C00063500%2CXLF261005C00064000%2CXLF261005C00064500%2CXLF261005C00065000%2CXLF261005C00066000%2CXLF261005C00067000%2CXLF261005C00068000%2CXLF261005C00069000%2CXLF261005C00070000%2CXLF261005C00071000%2CXLF261005C00072000%2CXLF261005C00073000%2CXLF261005C00074000%2CXLF261005P00041000&greeks=true'
For more information check: https://developer.mozilla.org/en-US/docs/Web/HTTP/Status/401
2026-10-02T11:19:00 | WARNING  | app.scanning.alpaca_confirmer | AlpacaConfirmer: cannot fetch chain for MSFT 2026-10-05: Client error '401 Unauthorized' for url 'https://api.tradier.com/v1/markets/quotes?symbols=MSFT261005C00420000%2CMSFT261005C00425000%2CMSFT261005C00430000%2CMSFT261005C00435000%2CMSFT261005C00440000%2CMSFT261005C00445000%2CMSFT261005C00450000%2CMSFT261005C00452500%2CMSFT261005C00455000%2CMSFT261005C00457500%2CMSFT261005C00460000%2CMSFT261005C00462500%2CMSFT261005C00465000%2CMSFT261005C00467500%2CMSFT261005C00470000%2CMSFT261005C00472500%2CMSFT261005C00475000%2CMSFT261005C00477500%2CMSFT261005C00480000%2CMSFT261005C00482500%2CMSFT261005C00485000%2CMSFT261005C00487500%2CMSFT261005C00490000%2CMSFT261005C00492500%2CMSFT261005C00495000%2CMSFT261005C00497500%2CMSFT261005C00500000%2CMSFT261005C00502500%2CMSFT261005C00505000%2CMSFT261005C00507500%2CMSFT261005C00510000%2CMSFT261005C00512500%2CMSFT261005C00515000%2CMSFT261005C00517500%2CMSFT261005C00520000%2CMSFT261005C00522500%2CMSFT261005C00525000%2CMSFT261005C00527500%2CMSFT261005C00530000%2CMSFT261005C00532500%2CMSFT261005C00535000%2CMSFT261005C00537500%2CMSFT261005C00540000%2CMSFT261005C00542500%2CMSFT261005C00545000%2CMSFT261005C00547500%2CMSFT261005C00550000%2CMSFT261005C00552500%2CMSFT261005C00555000%2CMSFT261005C00557500&greeks=true'
For more information check: https://developer.mozilla.org/en-US/docs/Web/HTTP/Status/401
2026-10-02T11:19:00 | WARNING  | app.scanning.alpaca_confirmer | AlpacaConfirmer: cannot fetch chain for SPY 2026-10-05: Client error '401 Unauthorized' for url 'https://api.tradier.com/v1/markets/quotes?symbols=SPY261005C00550000%2CSPY261005C00555000%2CSPY261005C00560000%2CSPY261005C00565000%2CSPY261005C00570000%2CSPY261005C00575000%2CSPY261005C00580000%2CSPY261005C00585000%2CSPY261005C00590000%2CSPY261005C00595000%2CSPY261005C00600000%2CSPY261005C00605000%2CSPY261005C00610000%2CSPY261005C00615000%2CSPY261005C00620000%2CSPY261005C00625000%2CSPY261005C00630000%2CSPY261005C00635000%2CSPY261005C00640000%2CSPY261005C00645000%2CSPY261005C00650000%2CSPY261005C00655000%2CSPY261005C00660000%2CSPY261005C00665000%2CSPY261005C00670000%2CSPY261005C00675000%2CSPY261005C00680000%2CSPY261005C00685000%2CSPY261005C00690000%2CSPY261005C00695000%2CSPY261005C00700000%2CSPY261005C00705000%2CSPY261005C00710000%2CSPY261005C00715000%2CSPY261005C00720000%2CSPY261005C00723000%2CSPY261005C00724000%2CSPY261005C00725000%2CSPY261005C00726000%2CSPY261005C00727000%2CSPY261005C00728000%2CSPY261005C00729000%2CSPY261005C00730000%2CSPY261005C00731000%2CSPY261005C00732000%2CSPY261005C00733000%2CSPY261005C00734000%2CSPY261005C00735000%2CSPY261005C00736000%2CSPY261005C00737000&greeks=true'
For more information check: https://developer.mozilla.org/en-US/docs/Web/HTTP/Status/401
2026-10-02T11:19:00 | WARNING  | app.scanning.alpaca_confirmer | AlpacaConfirmer: cannot fetch chain for TSLA 2026-10-05: Client error '401 Unauthorized' for url 'https://api.tradier.com/v1/markets/quotes?symbols=TSLA261005C00250000%2CTSLA261005C00255000%2CTSLA261005C00260000%2CTSLA261005C00265000%2CTSLA261005C00270000%2CTSLA261005C00275000%2CTSLA261005C00280000%2CTSLA261005C00285000%2CTSLA261005C00290000%2CTSLA261005C00295000%2CTSLA261005C00300000%2CTSLA261005C00305000%2CTSLA261005C00310000%2CTSLA261005C00315000%2CTSLA261005C00317500%2CTSLA261005C00320000%2CTSLA261005C00322500%2CTSLA261005C00325000%2CTSLA261005C00327500%2CTSLA261005C00330000%2CTSLA261005C00332500%2CTSLA261005C00335000%2CTSLA261005C00337500%2CTSLA261005C00340000%2CTSLA261005C00342500%2CTSLA261005C00345000%2CTSLA261005C00347500%2CTSLA261005C00350000%2CTSLA261005C00352500%2CTSLA261005C00355000%2CTSLA261005C00357500%2CTSLA261005C00360000%2CTSLA261005C00362500%2CTSLA261005C00365000%2CTSLA261005C00367500%2CTSLA261005C00370000%2CTSLA261005C00372500%2CTSLA261005C00375000%2CTSLA261005C00377500%2CTSLA261005C00380000%2CTSLA261005C00382500%2CTSLA261005C00385000%2CTSLA261005C00387500%2CTSLA261005C00390000%2CTSLA261005C00392500%2CTSLA261005C00395000%2CTSLA261005C00397500%2CTSLA261005C00400000%2CTSLA261005C00402500%2CTSLA261005C00405000&greeks=true'
For more information check: https://developer.mozilla.org/en-US/docs/Web/HTTP/Status/401
2026-10-02T11:19:00 | WARNING  | app.scanning.alpaca_confirmer | AlpacaConfirmer: cannot fetch chain for AMZN 2026-10-05: Client error '401 Unauthorized' for url 'https://api.tradier.com/v1/markets/quotes?symbols=AMZN261005C00180000%2CAMZN261005C00185000%2CAMZN261005C00190000%2CAMZN261005C00195000%2CAMZN261005C00200000%2CAMZN261005C00205000%2CAMZN261005C00210000%2CAMZN261005C00215000%2CAMZN261005C00220000%2CAMZN261005C00222500%2CAMZN261005C00225000%2CAMZN261005C00227500%2CAMZN261005C00230000%2CAMZN261005C00232500%2CAMZN261005C00235000%2CAMZN261005C00237500%2CAMZN261005C00240000%2CAMZN261005C00242500%2CAMZN261005C00245000%2CAMZN261005C00247500%2CAMZN261005C00250000%2CAMZN261005C00252500%2CAMZN261005C00255000%2CAMZN261005C00257500%2CAMZN261005C00260000%2CAMZN261005C00262500%2CAMZN261005C00265000%2CAMZN261005C00267500%2CAMZN261005C00270000%2CAMZN261005C00272500%2CAMZN261005C00275000%2CAMZN261005C00277500%2CAMZN261005C00280000%2CAMZN261005C00282500%2CAMZN261005C00285000%2CAMZN261005C00290000%2CAMZN261005C00295000%2CAMZN261005C00300000%2CAMZN261005C00305000%2CAMZN261005C00310000%2CAMZN261005C00315000%2CAMZN261005C00320000%2CAMZN261005C00325000%2CAMZN261005C00330000%2CAMZN261005C00335000%2CAMZN261005P00180000%2CAMZN261005P00185000%2CAMZN261005P00190000%2CAMZN261005P00195000%2CAMZN261005P00200000&greeks=true'
For more information check: https://developer.mozilla.org/en-US/docs/Web/HTTP/Status/401
2026-10-02T11:19:00 | INFO     | session_runner | AlpacaConfirmer: 0 confirmed symbols: []
2026-10-02T11:19:00 | WARNING  | session_runner | Re-scan returned no confirmed symbols — falling back to ['SPY']
2026-10-02T11:19:00 | INFO     | session_runner | Broad-market regime | SPY=short
2026-10-02T11:19:01 | INFO     | session_runner | [bridge:SPY] rsi_trend ready: sufficient bars
2026-10-02T11:19:01 | INFO     | session_runner | Stale signal: SPY/vwap_reclaim age=19 min > max 10 min — skipped
2026-10-02T11:19:01 | INFO     | session_runner | Scaled cohort broker entry blocked | SPY/orb | strategy_shadow_only
2026-10-02T11:19:01 | INFO     | app.evaluation.shadow_book | ShadowBook: v4-20261002-5951-SPY-orb blocked (strategy_shadow_only) but not priceable — signal logged, no simulation
2026-10-02T11:19:01 | INFO     | session_runner | Stale signal: SPY/vwap_reclaim age=164 min > max 10 min — skipped
2026-10-02T11:19:01 | INFO     | session_runner | Stale signal: SPY/vwap_reclaim age=69 min > max 10 min — skipped
2026-10-02T11:19:31 | INFO     | session_runner | [cycle 212] 11:19:31 ET | positions=0 | entries=0
2026-10-02T11:19:31 | INFO     | session_runner | [bridge:SPY] rsi_trend ready: sufficient bars
2026-10-02T11:19:31 | INFO     | session_runner | Stale signal: SPY/vwap_reclaim age=20 min > max 10 min — skipped
2026-10-02T11:19:31 | INFO     | session_runner | Scaled cohort broker entry blocked | SPY/orb | strategy_shadow_only
2026-10-02T11:19:31 | INFO     | app.evaluation.shadow_book | ShadowBook: v4-20261002-5952-SPY-orb blocked (strategy_shadow_only) but not priceable — signal logged, no simulation
2026-10-02T11:19:31 | INFO     | session_runner | Stale signal: SPY/vwap_reclaim age=165 min > max 10 min — skipped
2026-10-02T11:19:31 | INFO     | session_runner | Stale signal: SPY/vwap_reclaim age=70 min > max 10 min — skipped
2026-10-02T11:20:01 | INFO     | session_runner | [cycle 213] 11:20:01 ET | positions=0 | entries=0
2026-10-02T11:20:02 | INFO     | session_runner | [bridge:SPY] rsi_trend ready: sufficient bars
2026-10-02T11:20:02 | INFO     | session_runner | Stale signal: SPY/vwap_reclaim age=20 min > max 10 min — skipped
2026-10-02T11:20:02 | INFO     | session_runner | Stale signal: SPY/orb age=10 min > max 10 min — skipped
2026-10-02T11:20:02 | INFO     | session_runner | Stale signal: SPY/vwap_reclaim age=165 min > max 10 min — skipped
2026-10-02T11:20:02 | INFO     | session_runner | Stale signal: SPY/vwap_reclaim age=70 min > max 10 min — skipped
2026-10-02T11:20:32 | INFO     | session_runner | [cycle 214] 11:20:32 ET | positions=0 | entries=0
2026-10-02T11:20:32 | INFO     | session_runner | [bridge:SPY] rsi_trend ready: sufficient bars
2026-10-02T11:20:32 | INFO     | session_runner | Stale signal: SPY/vwap_reclaim age=21 min > max 10 min — skipped
2026-10-02T11:20:32 | INFO     | session_runner | Stale signal: SPY/orb age=11 min > max 10 min — skipped
2026-10-02T11:20:32 | INFO     | session_runner | Stale signal: SPY/vwap_reclaim age=166 min > max 10 min — skipped
2026-10-02T11:20:32 | INFO     | session_runner | Stale signal: SPY/vwap_reclaim age=71 min > max 10 min — skipped
2026-10-02T11:21:02 | INFO     | session_runner | [cycle 215] 11:21:02 ET | positions=0 | entries=0
2026-10-02T11:21:03 | INFO     | session_runner | [bridge:SPY] rsi_trend ready: sufficient bars
2026-10-02T11:21:03 | INFO     | session_runner | Stale signal: SPY/vwap_reclaim age=21 min > max 10 min — skipped
2026-10-02T11:21:03 | INFO     | session_runner | Stale signal: SPY/orb age=11 min > max 10 min — skipped
2026-10-02T11:21:03 | INFO     | session_runner | Stale signal: SPY/vwap_reclaim age=166 min > max 10 min — skipped
2026-10-02T11:21:03 | INFO     | session_runner | Stale signal: SPY/vwap_reclaim age=71 min > max 10 min — skipped
2026-10-02T11:21:33 | INFO     | session_runner | [cycle 216] 11:21:33 ET | positions=0 | entries=0
2026-10-02T11:21:33 | INFO     | session_runner | [bridge:SPY] rsi_trend ready: sufficient bars
2026-10-02T11:21:33 | INFO     | session_runner | Stale signal: SPY/vwap_reclaim age=22 min > max 10 min — skipped
2026-10-02T11:21:33 | INFO     | session_runner | Stale signal: SPY/orb age=12 min > max 10 min — skipped
2026-10-02T11:21:33 | INFO     | session_runner | Stale signal: SPY/vwap_reclaim age=167 min > max 10 min — skipped
2026-10-02T11:21:33 | INFO     | session_runner | Stale signal: SPY/vwap_reclaim age=72 min > max 10 min — skipped
2026-10-02T11:22:03 | INFO     | session_runner | [cycle 217] 11:22:03 ET | positions=0 | entries=0
2026-10-02T11:22:03 | INFO     | session_runner | [bridge:SPY] rsi_trend ready: sufficient bars
2026-10-02T11:22:03 | INFO     | session_runner | Stale signal: SPY/vwap_reclaim age=22 min > max 10 min — skipped
2026-10-02T11:22:03 | INFO     | session_runner | Stale signal: SPY/orb age=12 min > max 10 min — skipped
2026-10-02T11:22:03 | INFO     | session_runner | Stale signal: SPY/vwap_reclaim age=167 min > max 10 min — skipped
2026-10-02T11:22:03 | INFO     | session_runner | Stale signal: SPY/vwap_reclaim age=72 min > max 10 min — skipped
2026-10-02T11:22:33 | INFO     | session_runner | [cycle 218] 11:22:33 ET | positions=0 | entries=0
2026-10-02T11:22:34 | INFO     | session_runner | [bridge:SPY] rsi_trend ready: sufficient bars
2026-10-02T11:22:34 | INFO     | session_runner | Stale signal: SPY/vwap_reclaim age=23 min > max 10 min — skipped
2026-10-02T11:22:34 | INFO     | session_runner | Stale signal: SPY/orb age=13 min > max 10 min — skipped
2026-10-02T11:22:34 | INFO     | session_runner | Stale signal: SPY/vwap_reclaim age=168 min > max 10 min — skipped
2026-10-02T11:22:34 | INFO     | session_runner | Stale signal: SPY/vwap_reclaim age=73 min > max 10 min — skipped
2026-10-02T11:23:04 | INFO     | session_runner | [cycle 219] 11:23:04 ET | positions=0 | entries=0
2026-10-02T11:23:04 | INFO     | session_runner | [bridge:SPY] rsi_trend ready: sufficient bars
2026-10-02T11:23:04 | INFO     | session_runner | Stale signal: SPY/vwap_reclaim age=23 min > max 10 min — skipped
2026-10-02T11:23:04 | INFO     | session_runner | Stale signal: SPY/orb age=13 min > max 10 min — skipped
2026-10-02T11:23:04 | INFO     | session_runner | Stale signal: SPY/vwap_reclaim age=168 min > max 10 min — skipped
2026-10-02T11:23:04 | INFO     | session_runner | Stale signal: SPY/vwap_reclaim age=73 min > max 10 min — skipped
2026-10-02T11:23:34 | INFO     | session_runner | [cycle 220] 11:23:34 ET | positions=0 | entries=0
2026-10-02T11:23:35 | INFO     | session_runner | [bridge:SPY] rsi_trend ready: sufficient bars
2026-10-02T11:23:35 | INFO     | session_runner | Stale signal: SPY/vwap_reclaim age=24 min > max 10 min — skipped
2026-10-02T11:23:35 | INFO     | session_runner | Stale signal: SPY/orb age=14 min > max 10 min — skipped
2026-10-02T11:23:35 | INFO     | session_runner | Stale signal: SPY/vwap_reclaim age=169 min > max 10 min — skipped
2026-10-02T11:23:35 | INFO     | session_runner | Stale signal: SPY/vwap_reclaim age=74 min > max 10 min — skipped
2026-10-02T11:24:05 | INFO     | session_runner | [cycle 221] 11:24:05 ET | positions=0 | entries=0
2026-10-02T11:24:05 | INFO     | app.trading.reconciler | Reconciliation done: broker_pos=0 local_pos=0 broker_orders=0 local_pending=0 repaired=0 flagged=0 orders_confirmed=True positions_confirmed=True
2026-10-02T11:24:05 | INFO     | session_runner | Periodic universe re-scan …
2026-10-02T11:24:05 | INFO     | app.scanning.universe_loader | UniverseLoader: loaded 5 groups (13 flat symbols) from config/ticker_universe.yaml (blacklist=0)
2026-10-02T11:24:05 | INFO     | app.scanning.universe_loader | UniverseLoader: 38 symbols from 4 group(s) (blacklist=0)
2026-10-02T11:24:05 | INFO     | session_runner | Universe scan: 38 symbols from 4 group(s) | max_active=6
2026-10-02T11:24:10 | INFO     | session_runner | Scan: 22 passed, 16 rejected
2026-10-02T11:24:10 | INFO     | session_runner |   TSLA    score=95.0  signal=LONG     reasons: rvol=2.78x (high), atr=3.21% (wide-range), orb_breakout
2026-10-02T11:24:10 | INFO     | session_runner |   IWM     score=88.0  signal=SHORT    reasons: rvol=2.54x (high), atr=1.32% (good range), orb_breakdown
2026-10-02T11:24:10 | INFO     | session_runner |   DKNG    score=85.0  signal=SHORT    reasons: rvol=2.11x (high), atr=5.84% (wide-range), orb_breakdown
2026-10-02T11:24:10 | INFO     | session_runner |   MARA    score=77.0  signal=SHORT    reasons: rvol=1.66x (elevated), atr=6.97% (wide-range), orb_breakdown
2026-10-02T11:24:10 | INFO     | session_runner |   AMZN    score=75.0  signal=SHORT    reasons: rvol=1.34x (normal), atr=2.11% (wide-range), orb_breakdown
2026-10-02T11:24:10 | WARNING  | app.scanning.alpaca_confirmer | AlpacaConfirmer: cannot fetch chain for TSLA 2026-10-05: Client error '401 Unauthorized' for url 'https://api.tradier.com/v1/markets/quotes?symbols=TSLA261005C00250000%2CTSLA261005C00255000%2CTSLA261005C00260000%2CTSLA261005C00265000%2CTSLA261005C00270000%2CTSLA261005C00275000%2CTSLA261005C00280000%2CTSLA261005C00285000%2CTSLA261005C00290000%2CTSLA261005C00295000%2CTSLA261005C00300000%2CTSLA261005C00305000%2CTSLA261005C00310000%2CTSLA261005C00315000%2CTSLA261005C00317500%2CTSLA261005C00320000%2CTSLA261005C00322500%2CTSLA261005C00325000%2CTSLA261005C00327500%2CTSLA261005C00330000%2CTSLA261005C00332500%2CTSLA261005C00335000%2CTSLA261005C00337500%2CTSLA261005C00340000%2CTSLA261005C00342500%2CTSLA261005C00345000%2CTSLA261005C00347500%2CTSLA261005C00350000%2CTSLA261005C00352500%2CTSLA261005C00355000%2CTSLA261005C00357500%2CTSLA261005C00360000%2CTSLA261005C00362500%2CTSLA261005C00365000%2CTSLA261005C00367500%2CTSLA261005C00370000%2CTSLA261005C00372500%2CTSLA261005C00375000%2CTSLA261005C00377500%2CTSLA261005C00380000%2CTSLA261005C00382500%2CTSLA261005C00385000%2CTSLA261005C00387500%2CTSLA261005C00390000%2CTSLA261005C00392500%2CTSLA261005C00395000%2CTSLA261005C00397500%2CTSLA261005C00400000%2CTSLA261005C00402500%2CTSLA261005C00405000&greeks=true'
For more information check: https://developer.mozilla.org/en-US/docs/Web/HTTP/Status/401
2026-10-02T11:24:10 | WARNING  | app.scanning.alpaca_confirmer | AlpacaConfirmer: cannot fetch chain for DKNG 2026-10-09: Client error '401 Unauthorized' for url 'https://api.tradier.com/v1/markets/quotes?symbols=DKNG261009C00010000%2CDKNG261009C00011000%2CDKNG261009C00012000%2CDKNG261009C00013000%2CDKNG261009C00014000%2CDKNG261009C00015000%2CDKNG261009C00016000%2CDKNG261009C00017000%2CDKNG261009C00018000%2CDKNG261009C00019000%2CDKNG261009C00020000%2CDKNG261009C00020500%2CDKNG261009C00021000%2CDKNG261009C00021500%2CDKNG261009C00022000%2CDKNG261009C00022500%2CDKNG261009C00023000%2CDKNG261009C00023500%2CDKNG261009C00024000%2CDKNG261009C00024500%2CDKNG261009C00025000%2CDKNG261009C00025500%2CDKNG261009C00026000%2CDKNG261009C00026500%2CDKNG261009C00027000%2CDKNG261009C00027500%2CDKNG261009C00028000%2CDKNG261009C00028500%2CDKNG261009C00029000%2CDKNG261009C00030000%2CDKNG261009C00031000%2CDKNG261009C00032000%2CDKNG261009C00033000%2CDKNG261009C00034000%2CDKNG261009C00035000%2CDKNG261009P00010000%2CDKNG261009P00011000%2CDKNG261009P00012000%2CDKNG261009P00013000%2CDKNG261009P00014000%2CDKNG261009P00015000%2CDKNG261009P00016000%2CDKNG261009P00017000%2CDKNG261009P00018000%2CDKNG261009P00019000%2CDKNG261009P00020000%2CDKNG261009P00020500%2CDKNG261009P00021000%2CDKNG261009P00021500%2CDKNG261009P00022000&greeks=true'
For more information check: https://developer.mozilla.org/en-US/docs/Web/HTTP/Status/401
2026-10-02T11:24:10 | WARNING  | app.scanning.alpaca_confirmer | AlpacaConfirmer: cannot fetch chain for RIOT 2026-10-09: Client error '401 Unauthorized' for url 'https://api.tradier.com/v1/markets/quotes?symbols=RIOT261009C00008000%2CRIOT261009C00009000%2CRIOT261009C00010000%2CRIOT261009C00011000%2CRIOT261009C00012000%2CRIOT261009C00013000%2CRIOT261009C00014000%2CRIOT261009C00015000%2CRIOT261009C00016000%2CRIOT261009C00017000%2CRIOT261009C00017500%2CRIOT261009C00018000%2CRIOT261009C00018500%2CRIOT261009C00019000%2CRIOT261009C00019500%2CRIOT261009C00020000%2CRIOT261009C00020500%2CRIOT261009C00021000%2CRIOT261009C00021500%2CRIOT261009C00022000%2CRIOT261009C00022500%2CRIOT261009C00023000%2CRIOT261009C00023500%2CRIOT261009C00024000%2CRIOT261009C00024500%2CRIOT261009C00025000%2CRIOT261009C00025500%2CRIOT261009C00026000%2CRIOT261009C00026500%2CRIOT261009C00027000%2CRIOT261009C00027500%2CRIOT261009C00028000%2CRIOT261009C00028500%2CRIOT261009C00029000%2CRIOT261009C00029500%2CRIOT261009C00030000%2CRIOT261009C00031000%2CRIOT261009C00032000%2CRIOT261009C00033000%2CRIOT261009C00034000%2CRIOT261009C00035000%2CRIOT261009P00008000%2CRIOT261009P00009000%2CRIOT261009P00010000%2CRIOT261009P00011000%2CRIOT261009P00012000%2CRIOT261009P00013000%2CRIOT261009P00014000%2CRIOT261009P00015000%2CRIOT261009P00016000&greeks=true'
For more information check: https://developer.mozilla.org/en-US/docs/Web/HTTP/Status/401
2026-10-02T11:24:10 | WARNING  | app.scanning.alpaca_confirmer | AlpacaConfirmer: cannot fetch chain for MARA 2026-10-09: Client error '401 Unauthorized' for url 'https://api.tradier.com/v1/markets/quotes?symbols=MARA261009C00004000%2CMARA261009C00005000%2CMARA261009C00006000%2CMARA261009C00006500%2CMARA261009C00007000%2CMARA261009C00007500%2CMARA261009C00008000%2CMARA261009C00008500%2CMARA261009C00009000%2CMARA261009C00009500%2CMARA261009C00010000%2CMARA261009C00010500%2CMARA261009C00011000%2CMARA261009C00011500%2CMARA261009C00012000%2CMARA261009C00012500%2CMARA261009C00013000%2CMARA261009C00013500%2CMARA261009C00014000%2CMARA261009C00014500%2CMARA261009C00015000%2CMARA261009C00015500%2CMARA261009C00016000%2CMARA261009C00016500%2CMARA261009C00017000%2CMARA261009C00017500%2CMARA261009C00018000%2CMARA261009C00019000%2CMARA261009C00020000%2CMARA261009C00021000%2CMARA261009C00022000%2CMARA261009C00023000%2CMARA261009P00004000%2CMARA261009P00005000%2CMARA261009P00006000%2CMARA261009P00006500%2CMARA261009P00007000%2CMARA261009P00007500%2CMARA261009P00008000%2CMARA261009P00008500%2CMARA261009P00009000%2CMARA261009P00009500%2CMARA261009P00010000%2CMARA261009P00010500%2CMARA261009P00011000%2CMARA261009P00011500%2CMARA261009P00012000%2CMARA261009P00012500%2CMARA261009P00013000%2CMARA261009P00013500&greeks=true'
For more information check: https://developer.mozilla.org/en-US/docs/Web/HTTP/Status/401
2026-10-02T11:24:10 | WARNING  | app.scanning.alpaca_confirmer | AlpacaConfirmer: cannot fetch chain for AVGO 2026-10-05: Client error '401 Unauthorized' for url 'https://api.tradier.com/v1/markets/quotes?symbols=AVGO261005C00285000%2CAVGO261005C00290000%2CAVGO261005C00295000%2CAVGO261005C00300000%2CAVGO261005C00305000%2CAVGO261005C00310000%2CAVGO261005C00315000%2CAVGO261005C00317500%2CAVGO261005C00320000%2CAVGO261005C00322500%2CAVGO261005C00325000%2CAVGO261005C00327500%2CAVGO261005C00330000%2CAVGO261005C00332500%2CAVGO261005C00335000%2CAVGO261005C00337500%2CAVGO261005C00340000%2CAVGO261005C00342500%2CAVGO261005C00345000%2CAVGO261005C00347500%2CAVGO261005C00350000%2CAVGO261005C00352500%2CAVGO261005C00355000%2CAVGO261005C00357500%2CAVGO261005C00360000%2CAVGO261005C00362500%2CAVGO261005C00365000%2CAVGO261005C00367500%2CAVGO261005C00370000%2CAVGO261005C00372500%2CAVGO261005C00375000%2CAVGO261005C00377500%2CAVGO261005C00380000%2CAVGO261005C00382500%2CAVGO261005C00385000%2CAVGO261005C00387500%2CAVGO261005C00390000%2CAVGO261005C00392500%2CAVGO261005C00395000%2CAVGO261005C00397500%2CAVGO261005C00400000%2CAVGO261005C00402500%2CAVGO261005C00405000%2CAVGO261005C00407500%2CAVGO261005C00410000%2CAVGO261005C00412500%2CAVGO261005C00415000%2CAVGO261005C00417500%2CAVGO261005C00420000%2CAVGO261005C00422500&greeks=true'
For more information check: https://developer.mozilla.org/en-US/docs/Web/HTTP/Status/401
2026-10-02T11:24:10 | WARNING  | app.scanning.alpaca_confirmer | AlpacaConfirmer: cannot fetch chain for GOOGL 2026-10-05: Client error '401 Unauthorized' for url 'https://api.tradier.com/v1/markets/quotes?symbols=GOOGL261005C00265000%2CGOOGL261005C00270000%2CGOOGL261005C00275000%2CGOOGL261005C00280000%2CGOOGL261005C00285000%2CGOOGL261005C00290000%2CGOOGL261005C00295000%2CGOOGL261005C00300000%2CGOOGL261005C00305000%2CGOOGL261005C00307500%2CGOOGL261005C00310000%2CGOOGL261005C00312500%2CGOOGL261005C00315000%2CGOOGL261005C00317500%2CGOOGL261005C00320000%2CGOOGL261005C00322500%2CGOOGL261005C00325000%2CGOOGL261005C00327500%2CGOOGL261005C00330000%2CGOOGL261005C00332500%2CGOOGL261005C00335000%2CGOOGL261005C00337500%2CGOOGL261005C00340000%2CGOOGL261005C00342500%2CGOOGL261005C00345000%2CGOOGL261005C00347500%2CGOOGL261005C00350000%2CGOOGL261005C00352500%2CGOOGL261005C00355000%2CGOOGL261005C00357500%2CGOOGL261005C00360000%2CGOOGL261005C00362500%2CGOOGL261005C00365000%2CGOOGL261005C00367500%2CGOOGL261005C00370000%2CGOOGL261005C00372500%2CGOOGL261005C00375000%2CGOOGL261005C00377500%2CGOOGL261005C00380000%2CGOOGL261005C00382500%2CGOOGL261005C00385000%2CGOOGL261005C00387500%2CGOOGL261005C00390000%2CGOOGL261005C00392500%2CGOOGL261005C00395000%2CGOOGL261005C00397500%2CGOOGL261005C00400000%2CGOOGL261005C00402500%2CGOOGL261005C00405000%2CGOOGL261005C00407500&greeks=true'
For more information check: https://developer.mozilla.org/en-US/docs/Web/HTTP/Status/401
2026-10-02T11:24:10 | WARNING  | app.scanning.alpaca_confirmer | AlpacaConfirmer: cannot fetch chain for XLF 2026-10-05: Client error '401 Unauthorized' for url 'https://api.tradier.com/v1/markets/quotes?symbols=XLF261005C00041000%2CXLF261005C00042000%2CXLF261005C00043000%2CXLF261005C00044000%2CXLF261005C00045000%2CXLF261005C00046000%2CXLF261005C00047000%2CXLF261005C00048000%2CXLF261005C00049000%2CXLF261005C00050000%2CXLF261005C00050500%2CXLF261005C00051000%2CXLF261005C00051500%2CXLF261005C00052000%2CXLF261005C00052500%2CXLF261005C00053000%2CXLF261005C00053500%2CXLF261005C00054000%2CXLF261005C00054500%2CXLF261005C00055000%2CXLF261005C00055500%2CXLF261005C00056000%2CXLF261005C00056500%2CXLF261005C00057000%2CXLF261005C00057500%2CXLF261005C00058000%2CXLF261005C00058500%2CXLF261005C00059000%2CXLF261005C00059500%2CXLF261005C00060000%2CXLF261005C00060500%2CXLF261005C00061000%2CXLF261005C00061500%2CXLF261005C00062000%2CXLF261005C00062500%2CXLF261005C00063000%2CXLF261005C00063500%2CXLF261005C00064000%2CXLF261005C00064500%2CXLF261005C00065000%2CXLF261005C00066000%2CXLF261005C00067000%2CXLF261005C00068000%2CXLF261005C00069000%2CXLF261005C00070000%2CXLF261005C00071000%2CXLF261005C00072000%2CXLF261005C00073000%2CXLF261005C00074000%2CXLF261005P00041000&greeks=true'
For more information check: https://developer.mozilla.org/en-US/docs/Web/HTTP/Status/401
2026-10-02T11:24:10 | WARNING  | app.scanning.alpaca_confirmer | AlpacaConfirmer: cannot fetch chain for IWM 2026-10-05: Client error '401 Unauthorized' for url 'https://api.tradier.com/v1/markets/quotes?symbols=IWM261005C00180000%2CIWM261005C00190000%2CIWM261005C00200000%2CIWM261005C00205000%2CIWM261005C00210000%2CIWM261005C00215000%2CIWM261005C00220000%2CIWM261005C00225000%2CIWM261005C00230000%2CIWM261005C00235000%2CIWM261005C00240000%2CIWM261005C00245000%2CIWM261005C00250000%2CIWM261005C00255000%2CIWM261005C00260000%2CIWM261005C00261000%2CIWM261005C00262000%2CIWM261005C00263000%2CIWM261005C00264000%2CIWM261005C00265000%2CIWM261005C00266000%2CIWM261005C00267000%2CIWM261005C00268000%2CIWM261005C00269000%2CIWM261005C00270000%2CIWM261005C00271000%2CIWM261005C00272000%2CIWM261005C00273000%2CIWM261005C00274000%2CIWM261005C00275000%2CIWM261005C00276000%2CIWM261005C00277000%2CIWM261005C00278000%2CIWM261005C00279000%2CIWM261005C00280000%2CIWM261005C00281000%2CIWM261005C00282000%2CIWM261005C00283000%2CIWM261005C00284000%2CIWM261005C00285000%2CIWM261005C00286000%2CIWM261005C00287000%2CIWM261005C00288000%2CIWM261005C00289000%2CIWM261005C00290000%2CIWM261005C00291000%2CIWM261005C00292000%2CIWM261005C00293000%2CIWM261005C00294000%2CIWM261005C00295000&greeks=true'
For more information check: https://developer.mozilla.org/en-US/docs/Web/HTTP/Status/401
2026-10-02T11:24:10 | WARNING  | app.scanning.alpaca_confirmer | AlpacaConfirmer: cannot fetch chain for MSFT 2026-10-05: Client error '401 Unauthorized' for url 'https://api.tradier.com/v1/markets/quotes?symbols=MSFT261005C00420000%2CMSFT261005C00425000%2CMSFT261005C00430000%2CMSFT261005C00435000%2CMSFT261005C00440000%2CMSFT261005C00445000%2CMSFT261005C00450000%2CMSFT261005C00452500%2CMSFT261005C00455000%2CMSFT261005C00457500%2CMSFT261005C00460000%2CMSFT261005C00462500%2CMSFT261005C00465000%2CMSFT261005C00467500%2CMSFT261005C00470000%2CMSFT261005C00472500%2CMSFT261005C00475000%2CMSFT261005C00477500%2CMSFT261005C00480000%2CMSFT261005C00482500%2CMSFT261005C00485000%2CMSFT261005C00487500%2CMSFT261005C00490000%2CMSFT261005C00492500%2CMSFT261005C00495000%2CMSFT261005C00497500%2CMSFT261005C00500000%2CMSFT261005C00502500%2CMSFT261005C00505000%2CMSFT261005C00507500%2CMSFT261005C00510000%2CMSFT261005C00512500%2CMSFT261005C00515000%2CMSFT261005C00517500%2CMSFT261005C00520000%2CMSFT261005C00522500%2CMSFT261005C00525000%2CMSFT261005C00527500%2CMSFT261005C00530000%2CMSFT261005C00532500%2CMSFT261005C00535000%2CMSFT261005C00537500%2CMSFT261005C00540000%2CMSFT261005C00542500%2CMSFT261005C00545000%2CMSFT261005C00547500%2CMSFT261005C00550000%2CMSFT261005C00552500%2CMSFT261005C00555000%2CMSFT261005C00557500&greeks=true'
For more information check: https://developer.mozilla.org/en-US/docs/Web/HTTP/Status/401
2026-10-02T11:24:10 | WARNING  | app.scanning.alpaca_confirmer | AlpacaConfirmer: cannot fetch chain for SPY 2026-10-05: Client error '401 Unauthorized' for url 'https://api.tradier.com/v1/markets/quotes?symbols=SPY261005C00550000%2CSPY261005C00555000%2CSPY261005C00560000%2CSPY261005C00565000%2CSPY261005C00570000%2CSPY261005C00575000%2CSPY261005C00580000%2CSPY261005C00585000%2CSPY261005C00590000%2CSPY261005C00595000%2CSPY261005C00600000%2CSPY261005C00605000%2CSPY261005C00610000%2CSPY261005C00615000%2CSPY261005C00620000%2CSPY261005C00625000%2CSPY261005C00630000%2CSPY261005C00635000%2CSPY261005C00640000%2CSPY261005C00645000%2CSPY261005C00650000%2CSPY261005C00655000%2CSPY261005C00660000%2CSPY261005C00665000%2CSPY261005C00670000%2CSPY261005C00675000%2CSPY261005C00680000%2CSPY261005C00685000%2CSPY261005C00690000%2CSPY261005C00695000%2CSPY261005C00700000%2CSPY261005C00705000%2CSPY261005C00710000%2CSPY261005C00715000%2CSPY261005C00720000%2CSPY261005C00723000%2CSPY261005C00724000%2CSPY261005C00725000%2CSPY261005C00726000%2CSPY261005C00727000%2CSPY261005C00728000%2CSPY261005C00729000%2CSPY261005C00730000%2CSPY261005C00731000%2CSPY261005C00732000%2CSPY261005C00733000%2CSPY261005C00734000%2CSPY261005C00735000%2CSPY261005C00736000%2CSPY261005C00737000&greeks=true'
For more information check: https://developer.mozilla.org/en-US/docs/Web/HTTP/Status/401
2026-10-02T11:24:10 | WARNING  | app.scanning.alpaca_confirmer | AlpacaConfirmer: cannot fetch chain for AMZN 2026-10-05: Client error '401 Unauthorized' for url 'https://api.tradier.com/v1/markets/quotes?symbols=AMZN261005C00180000%2CAMZN261005C00185000%2CAMZN261005C00190000%2CAMZN261005C00195000%2CAMZN261005C00200000%2CAMZN261005C00205000%2CAMZN261005C00210000%2CAMZN261005C00215000%2CAMZN261005C00220000%2CAMZN261005C00222500%2CAMZN261005C00225000%2CAMZN261005C00227500%2CAMZN261005C00230000%2CAMZN261005C00232500%2CAMZN261005C00235000%2CAMZN261005C00237500%2CAMZN261005C00240000%2CAMZN261005C00242500%2CAMZN261005C00245000%2CAMZN261005C00247500%2CAMZN261005C00250000%2CAMZN261005C00252500%2CAMZN261005C00255000%2CAMZN261005C00257500%2CAMZN261005C00260000%2CAMZN261005C00262500%2CAMZN261005C00265000%2CAMZN261005C00267500%2CAMZN261005C00270000%2CAMZN261005C00272500%2CAMZN261005C00275000%2CAMZN261005C00277500%2CAMZN261005C00280000%2CAMZN261005C00282500%2CAMZN261005C00285000%2CAMZN261005C00290000%2CAMZN261005C00295000%2CAMZN261005C00300000%2CAMZN261005C00305000%2CAMZN261005C00310000%2CAMZN261005C00315000%2CAMZN261005C00320000%2CAMZN261005C00325000%2CAMZN261005C00330000%2CAMZN261005C00335000%2CAMZN261005P00180000%2CAMZN261005P00185000%2CAMZN261005P00190000%2CAMZN261005P00195000%2CAMZN261005P00200000&greeks=true'
For more information check: https://developer.mozilla.org/en-US/docs/Web/HTTP/Status/401
2026-10-02T11:24:10 | WARNING  | app.scanning.alpaca_confirmer | AlpacaConfirmer: cannot fetch chain for SOFI 2026-10-09: Client error '401 Unauthorized' for url 'https://api.tradier.com/v1/markets/quotes?symbols=SOFI261009C00005000%2CSOFI261009C00009000%2CSOFI261009C00010000%2CSOFI261009C00011000%2CSOFI261009C00011500%2CSOFI261009C00012000%2CSOFI261009C00012500%2CSOFI261009C00013000%2CSOFI261009C00013500%2CSOFI261009C00014000%2CSOFI261009C00014500%2CSOFI261009C00015000%2CSOFI261009C00015500%2CSOFI261009C00016000%2CSOFI261009C00016500%2CSOFI261009C00017000%2CSOFI261009C00017500%2CSOFI261009C00018000%2CSOFI261009C00018500%2CSOFI261009C00019000%2CSOFI261009C00019500%2CSOFI261009C00020000%2CSOFI261009C00020500%2CSOFI261009C00021000%2CSOFI261009C00021500%2CSOFI261009C00022000%2CSOFI261009C00022500%2CSOFI261009C00023000%2CSOFI261009C00023500%2CSOFI261009C00024000%2CSOFI261009C00025000%2CSOFI261009C00030000%2CSOFI261009P00005000%2CSOFI261009P00009000%2CSOFI261009P00010000%2CSOFI261009P00011000%2CSOFI261009P00011500%2CSOFI261009P00012000%2CSOFI261009P00012500%2CSOFI261009P00013000%2CSOFI261009P00013500%2CSOFI261009P00014000%2CSOFI261009P00014500%2CSOFI261009P00015000%2CSOFI261009P00015500%2CSOFI261009P00016000%2CSOFI261009P00016500%2CSOFI261009P00017000%2CSOFI261009P00017500%2CSOFI261009P00018000&greeks=true'
For more information check: https://developer.mozilla.org/en-US/docs/Web/HTTP/Status/401
2026-10-02T11:24:10 | INFO     | session_runner | AlpacaConfirmer: 0 confirmed symbols: []
2026-10-02T11:24:10 | WARNING  | session_runner | Re-scan returned no confirmed symbols — falling back to ['SPY']
2026-10-02T11:24:10 | INFO     | session_runner | Broad-market regime | SPY=short
2026-10-02T11:24:10 | INFO     | session_runner | [bridge:SPY] rsi_trend ready: sufficient bars
2026-10-02T11:24:10 | INFO     | session_runner | Stale signal: SPY/vwap_reclaim age=24 min > max 10 min — skipped
2026-10-02T11:24:10 | INFO     | session_runner | Stale signal: SPY/orb age=14 min > max 10 min — skipped
2026-10-02T11:24:10 | INFO     | session_runner | Stale signal: SPY/vwap_reclaim age=169 min > max 10 min — skipped
2026-10-02T11:24:10 | INFO     | session_runner | Stale signal: SPY/vwap_reclaim age=74 min > max 10 min — skipped
2026-10-02T11:24:40 | INFO     | session_runner | [cycle 222] 11:24:40 ET | positions=0 | entries=0
2026-10-02T11:24:40 | INFO     | session_runner | [bridge:SPY] rsi_trend ready: sufficient bars
2026-10-02T11:24:40 | INFO     | session_runner | Stale signal: SPY/vwap_reclaim age=25 min > max 10 min — skipped
2026-10-02T11:24:40 | INFO     | session_runner | Stale signal: SPY/orb age=15 min > max 10 min — skipped
2026-10-02T11:24:40 | INFO     | session_runner | Stale signal: SPY/vwap_reclaim age=170 min > max 10 min — skipped
2026-10-02T11:24:40 | INFO     | session_runner | Stale signal: SPY/vwap_reclaim age=75 min > max 10 min — skipped
2026-10-02T11:25:10 | INFO     | session_runner | [cycle 223] 11:25:10 ET | positions=0 | entries=0
2026-10-02T11:25:11 | INFO     | session_runner | [bridge:SPY] rsi_trend ready: sufficient bars
2026-10-02T11:25:11 | INFO     | session_runner | Stale signal: SPY/vwap_reclaim age=25 min > max 10 min — skipped
2026-10-02T11:25:11 | INFO     | session_runner | Stale signal: SPY/orb age=15 min > max 10 min — skipped
2026-10-02T11:25:11 | INFO     | session_runner | Stale signal: SPY/vwap_reclaim age=170 min > max 10 min — skipped
2026-10-02T11:25:11 | INFO     | session_runner | Stale signal: SPY/vwap_reclaim age=75 min > max 10 min — skipped
2026-10-02T11:25:41 | INFO     | session_runner | [cycle 224] 11:25:41 ET | positions=0 | entries=0
2026-10-02T11:25:41 | INFO     | session_runner | [bridge:SPY] rsi_trend ready: sufficient bars
2026-10-02T11:25:41 | INFO     | session_runner | Stale signal: SPY/vwap_reclaim age=26 min > max 10 min — skipped
2026-10-02T11:25:41 | INFO     | session_runner | Stale signal: SPY/orb age=16 min > max 10 min — skipped
2026-10-02T11:25:41 | INFO     | session_runner | Stale signal: SPY/vwap_reclaim age=171 min > max 10 min — skipped
2026-10-02T11:25:41 | INFO     | session_runner | Stale signal: SPY/vwap_reclaim age=76 min > max 10 min — skipped
2026-10-02T11:26:11 | INFO     | session_runner | [cycle 225] 11:26:11 ET | positions=0 | entries=0
2026-10-02T11:26:11 | INFO     | session_runner | [bridge:SPY] rsi_trend ready: sufficient bars
2026-10-02T11:26:11 | INFO     | session_runner | Stale signal: SPY/vwap_reclaim age=26 min > max 10 min — skipped
2026-10-02T11:26:11 | INFO     | session_runner | Stale signal: SPY/orb age=16 min > max 10 min — skipped
2026-10-02T11:26:11 | INFO     | session_runner | Stale signal: SPY/vwap_reclaim age=171 min > max 10 min — skipped
2026-10-02T11:26:11 | INFO     | session_runner | Stale signal: SPY/vwap_reclaim age=76 min > max 10 min — skipped
2026-10-02T11:26:41 | INFO     | session_runner | [cycle 226] 11:26:41 ET | positions=0 | entries=0
2026-10-02T11:26:42 | INFO     | session_runner | [bridge:SPY] rsi_trend ready: sufficient bars
2026-10-02T11:26:42 | INFO     | session_runner | Stale signal: SPY/vwap_reclaim age=27 min > max 10 min — skipped
2026-10-02T11:26:42 | INFO     | session_runner | Stale signal: SPY/orb age=17 min > max 10 min — skipped
2026-10-02T11:26:42 | INFO     | session_runner | Stale signal: SPY/vwap_reclaim age=172 min > max 10 min — skipped
2026-10-02T11:26:42 | INFO     | session_runner | Stale signal: SPY/vwap_reclaim age=77 min > max 10 min — skipped
2026-10-02T11:27:12 | INFO     | session_runner | [cycle 227] 11:27:12 ET | positions=0 | entries=0
2026-10-02T11:27:12 | INFO     | session_runner | [bridge:SPY] rsi_trend ready: sufficient bars
2026-10-02T11:27:12 | INFO     | session_runner | Stale signal: SPY/vwap_reclaim age=27 min > max 10 min — skipped
2026-10-02T11:27:12 | INFO     | session_runner | Stale signal: SPY/orb age=17 min > max 10 min — skipped
2026-10-02T11:27:12 | INFO     | session_runner | Stale signal: SPY/vwap_reclaim age=172 min > max 10 min — skipped
2026-10-02T11:27:12 | INFO     | session_runner | Stale signal: SPY/vwap_reclaim age=77 min > max 10 min — skipped
2026-10-02T11:27:42 | INFO     | session_runner | [cycle 228] 11:27:42 ET | positions=0 | entries=0
2026-10-02T11:27:42 | INFO     | session_runner | [bridge:SPY] rsi_trend ready: sufficient bars
2026-10-02T11:27:42 | INFO     | session_runner | Stale signal: SPY/vwap_reclaim age=28 min > max 10 min — skipped
2026-10-02T11:27:42 | INFO     | session_runner | Stale signal: SPY/orb age=18 min > max 10 min — skipped
2026-10-02T11:27:42 | INFO     | session_runner | Stale signal: SPY/vwap_reclaim age=173 min > max 10 min — skipped
2026-10-02T11:27:42 | INFO     | session_runner | Stale signal: SPY/vwap_reclaim age=78 min > max 10 min — skipped
2026-10-02T11:28:12 | INFO     | session_runner | [cycle 229] 11:28:12 ET | positions=0 | entries=0
2026-10-02T11:28:13 | INFO     | session_runner | [bridge:SPY] rsi_trend ready: sufficient bars
2026-10-02T11:28:13 | INFO     | session_runner | Stale signal: SPY/vwap_reclaim age=28 min > max 10 min — skipped
2026-10-02T11:28:13 | INFO     | session_runner | Stale signal: SPY/orb age=18 min > max 10 min — skipped
2026-10-02T11:28:13 | INFO     | session_runner | Stale signal: SPY/vwap_reclaim age=173 min > max 10 min — skipped
2026-10-02T11:28:13 | INFO     | session_runner | Stale signal: SPY/vwap_reclaim age=78 min > max 10 min — skipped
2026-10-02T11:28:43 | INFO     | session_runner | [cycle 230] 11:28:43 ET | positions=0 | entries=0
2026-10-02T11:28:43 | INFO     | session_runner | [bridge:SPY] rsi_trend ready: sufficient bars
2026-10-02T11:28:43 | INFO     | session_runner | Stale signal: SPY/vwap_reclaim age=29 min > max 10 min — skipped
2026-10-02T11:28:43 | INFO     | session_runner | Stale signal: SPY/orb age=19 min > max 10 min — skipped
2026-10-02T11:28:43 | INFO     | session_runner | Stale signal: SPY/vwap_reclaim age=174 min > max 10 min — skipped
2026-10-02T11:28:43 | INFO     | session_runner | Stale signal: SPY/vwap_reclaim age=79 min > max 10 min — skipped
2026-10-02T11:29:13 | INFO     | session_runner | [cycle 231] 11:29:13 ET | positions=0 | entries=0
2026-10-02T11:29:13 | INFO     | session_runner | Periodic universe re-scan …
2026-10-02T11:29:13 | INFO     | app.scanning.universe_loader | UniverseLoader: loaded 5 groups (13 flat symbols) from config/ticker_universe.yaml (blacklist=0)
2026-10-02T11:29:13 | INFO     | app.scanning.universe_loader | UniverseLoader: 38 symbols from 4 group(s) (blacklist=0)
2026-10-02T11:29:13 | INFO     | session_runner | Universe scan: 38 symbols from 4 group(s) | max_active=6
2026-10-02T11:29:17 | INFO     | session_runner | Scan: 19 passed, 19 rejected
2026-10-02T11:29:17 | INFO     | session_runner |   TSLA    score=95.0  signal=LONG     reasons: rvol=2.69x (high), atr=3.20% (wide-range), orb_breakout
2026-10-02T11:29:17 | INFO     | session_runner |   IWM     score=88.0  signal=SHORT    reasons: rvol=2.50x (high), atr=1.31% (good range), orb_breakdown
2026-10-02T11:29:17 | INFO     | session_runner |   DKNG    score=85.0  signal=SHORT    reasons: rvol=2.12x (high), atr=5.87% (wide-range), orb_breakdown
2026-10-02T11:29:17 | INFO     | session_runner |   MARA    score=77.0  signal=SHORT    reasons: rvol=1.62x (elevated), atr=6.97% (wide-range), orb_breakdown
2026-10-02T11:29:17 | INFO     | session_runner |   AMZN    score=75.0  signal=SHORT    reasons: rvol=1.33x (normal), atr=2.11% (wide-range), orb_breakdown
2026-10-02T11:29:17 | WARNING  | app.scanning.alpaca_confirmer | AlpacaConfirmer: cannot fetch chain for DKNG 2026-10-09: Client error '401 Unauthorized' for url 'https://api.tradier.com/v1/markets/quotes?symbols=DKNG261009C00010000%2CDKNG261009C00011000%2CDKNG261009C00012000%2CDKNG261009C00013000%2CDKNG261009C00014000%2CDKNG261009C00015000%2CDKNG261009C00016000%2CDKNG261009C00017000%2CDKNG261009C00018000%2CDKNG261009C00019000%2CDKNG261009C00020000%2CDKNG261009C00020500%2CDKNG261009C00021000%2CDKNG261009C00021500%2CDKNG261009C00022000%2CDKNG261009C00022500%2CDKNG261009C00023000%2CDKNG261009C00023500%2CDKNG261009C00024000%2CDKNG261009C00024500%2CDKNG261009C00025000%2CDKNG261009C00025500%2CDKNG261009C00026000%2CDKNG261009C00026500%2CDKNG261009C00027000%2CDKNG261009C00027500%2CDKNG261009C00028000%2CDKNG261009C00028500%2CDKNG261009C00029000%2CDKNG261009C00030000%2CDKNG261009C00031000%2CDKNG261009C00032000%2CDKNG261009C00033000%2CDKNG261009C00034000%2CDKNG261009C00035000%2CDKNG261009P00010000%2CDKNG261009P00011000%2CDKNG261009P00012000%2CDKNG261009P00013000%2CDKNG261009P00014000%2CDKNG261009P00015000%2CDKNG261009P00016000%2CDKNG261009P00017000%2CDKNG261009P00018000%2CDKNG261009P00019000%2CDKNG261009P00020000%2CDKNG261009P00020500%2CDKNG261009P00021000%2CDKNG261009P00021500%2CDKNG261009P00022000&greeks=true'
For more information check: https://developer.mozilla.org/en-US/docs/Web/HTTP/Status/401
2026-10-02T11:29:17 | WARNING  | app.scanning.alpaca_confirmer | AlpacaConfirmer: cannot fetch chain for XLF 2026-10-05: Client error '401 Unauthorized' for url 'https://api.tradier.com/v1/markets/quotes?symbols=XLF261005C00041000%2CXLF261005C00042000%2CXLF261005C00043000%2CXLF261005C00044000%2CXLF261005C00045000%2CXLF261005C00046000%2CXLF261005C00047000%2CXLF261005C00048000%2CXLF261005C00049000%2CXLF261005C00050000%2CXLF261005C00050500%2CXLF261005C00051000%2CXLF261005C00051500%2CXLF261005C00052000%2CXLF261005C00052500%2CXLF261005C00053000%2CXLF261005C00053500%2CXLF261005C00054000%2CXLF261005C00054500%2CXLF261005C00055000%2CXLF261005C00055500%2CXLF261005C00056000%2CXLF261005C00056500%2CXLF261005C00057000%2CXLF261005C00057500%2CXLF261005C00058000%2CXLF261005C00058500%2CXLF261005C00059000%2CXLF261005C00059500%2CXLF261005C00060000%2CXLF261005C00060500%2CXLF261005C00061000%2CXLF261005C00061500%2CXLF261005C00062000%2CXLF261005C00062500%2CXLF261005C00063000%2CXLF261005C00063500%2CXLF261005C00064000%2CXLF261005C00064500%2CXLF261005C00065000%2CXLF261005C00066000%2CXLF261005C00067000%2CXLF261005C00068000%2CXLF261005C00069000%2CXLF261005C00070000%2CXLF261005C00071000%2CXLF261005C00072000%2CXLF261005C00073000%2CXLF261005C00074000%2CXLF261005P00041000&greeks=true'
For more information check: https://developer.mozilla.org/en-US/docs/Web/HTTP/Status/401
2026-10-02T11:29:17 | WARNING  | app.scanning.alpaca_confirmer | AlpacaConfirmer: cannot fetch chain for MSFT 2026-10-05: Client error '401 Unauthorized' for url 'https://api.tradier.com/v1/markets/quotes?symbols=MSFT261005C00420000%2CMSFT261005C00425000%2CMSFT261005C00430000%2CMSFT261005C00435000%2CMSFT261005C00440000%2CMSFT261005C00445000%2CMSFT261005C00450000%2CMSFT261005C00452500%2CMSFT261005C00455000%2CMSFT261005C00457500%2CMSFT261005C00460000%2CMSFT261005C00462500%2CMSFT261005C00465000%2CMSFT261005C00467500%2CMSFT261005C00470000%2CMSFT261005C00472500%2CMSFT261005C00475000%2CMSFT261005C00477500%2CMSFT261005C00480000%2CMSFT261005C00482500%2CMSFT261005C00485000%2CMSFT261005C00487500%2CMSFT261005C00490000%2CMSFT261005C00492500%2CMSFT261005C00495000%2CMSFT261005C00497500%2CMSFT261005C00500000%2CMSFT261005C00502500%2CMSFT261005C00505000%2CMSFT261005C00507500%2CMSFT261005C00510000%2CMSFT261005C00512500%2CMSFT261005C00515000%2CMSFT261005C00517500%2CMSFT261005C00520000%2CMSFT261005C00522500%2CMSFT261005C00525000%2CMSFT261005C00527500%2CMSFT261005C00530000%2CMSFT261005C00532500%2CMSFT261005C00535000%2CMSFT261005C00537500%2CMSFT261005C00540000%2CMSFT261005C00542500%2CMSFT261005C00545000%2CMSFT261005C00547500%2CMSFT261005C00550000%2CMSFT261005C00552500%2CMSFT261005C00555000%2CMSFT261005C00557500&greeks=true'
For more information check: https://developer.mozilla.org/en-US/docs/Web/HTTP/Status/401
2026-10-02T11:29:17 | WARNING  | app.scanning.alpaca_confirmer | AlpacaConfirmer: cannot fetch chain for IWM 2026-10-05: Client error '401 Unauthorized' for url 'https://api.tradier.com/v1/markets/quotes?symbols=IWM261005C00180000%2CIWM261005C00190000%2CIWM261005C00200000%2CIWM261005C00205000%2CIWM261005C00210000%2CIWM261005C00215000%2CIWM261005C00220000%2CIWM261005C00225000%2CIWM261005C00230000%2CIWM261005C00235000%2CIWM261005C00240000%2CIWM261005C00245000%2CIWM261005C00250000%2CIWM261005C00255000%2CIWM261005C00260000%2CIWM261005C00261000%2CIWM261005C00262000%2CIWM261005C00263000%2CIWM261005C00264000%2CIWM261005C00265000%2CIWM261005C00266000%2CIWM261005C00267000%2CIWM261005C00268000%2CIWM261005C00269000%2CIWM261005C00270000%2CIWM261005C00271000%2CIWM261005C00272000%2CIWM261005C00273000%2CIWM261005C00274000%2CIWM261005C00275000%2CIWM261005C00276000%2CIWM261005C00277000%2CIWM261005C00278000%2CIWM261005C00279000%2CIWM261005C00280000%2CIWM261005C00281000%2CIWM261005C00282000%2CIWM261005C00283000%2CIWM261005C00284000%2CIWM261005C00285000%2CIWM261005C00286000%2CIWM261005C00287000%2CIWM261005C00288000%2CIWM261005C00289000%2CIWM261005C00290000%2CIWM261005C00291000%2CIWM261005C00292000%2CIWM261005C00293000%2CIWM261005C00294000%2CIWM261005C00295000&greeks=true'
For more information check: https://developer.mozilla.org/en-US/docs/Web/HTTP/Status/401
2026-10-02T11:29:17 | WARNING  | app.scanning.alpaca_confirmer | AlpacaConfirmer: cannot fetch chain for AVGO 2026-10-05: Client error '401 Unauthorized' for url 'https://api.tradier.com/v1/markets/quotes?symbols=AVGO261005C00285000%2CAVGO261005C00290000%2CAVGO261005C00295000%2CAVGO261005C00300000%2CAVGO261005C00305000%2CAVGO261005C00310000%2CAVGO261005C00315000%2CAVGO261005C00317500%2CAVGO261005C00320000%2CAVGO261005C00322500%2CAVGO261005C00325000%2CAVGO261005C00327500%2CAVGO261005C00330000%2CAVGO261005C00332500%2CAVGO261005C00335000%2CAVGO261005C00337500%2CAVGO261005C00340000%2CAVGO261005C00342500%2CAVGO261005C00345000%2CAVGO261005C00347500%2CAVGO261005C00350000%2CAVGO261005C00352500%2CAVGO261005C00355000%2CAVGO261005C00357500%2CAVGO261005C00360000%2CAVGO261005C00362500%2CAVGO261005C00365000%2CAVGO261005C00367500%2CAVGO261005C00370000%2CAVGO261005C00372500%2CAVGO261005C00375000%2CAVGO261005C00377500%2CAVGO261005C00380000%2CAVGO261005C00382500%2CAVGO261005C00385000%2CAVGO261005C00387500%2CAVGO261005C00390000%2CAVGO261005C00392500%2CAVGO261005C00395000%2CAVGO261005C00397500%2CAVGO261005C00400000%2CAVGO261005C00402500%2CAVGO261005C00405000%2CAVGO261005C00407500%2CAVGO261005C00410000%2CAVGO261005C00412500%2CAVGO261005C00415000%2CAVGO261005C00417500%2CAVGO261005C00420000%2CAVGO261005C00422500&greeks=true'
For more information check: https://developer.mozilla.org/en-US/docs/Web/HTTP/Status/401
2026-10-02T11:29:17 | WARNING  | app.scanning.alpaca_confirmer | AlpacaConfirmer: cannot fetch chain for GOOGL 2026-10-05: Client error '401 Unauthorized' for url 'https://api.tradier.com/v1/markets/quotes?symbols=GOOGL261005C00265000%2CGOOGL261005C00270000%2CGOOGL261005C00275000%2CGOOGL261005C00280000%2CGOOGL261005C00285000%2CGOOGL261005C00290000%2CGOOGL261005C00295000%2CGOOGL261005C00300000%2CGOOGL261005C00305000%2CGOOGL261005C00307500%2CGOOGL261005C00310000%2CGOOGL261005C00312500%2CGOOGL261005C00315000%2CGOOGL261005C00317500%2CGOOGL261005C00320000%2CGOOGL261005C00322500%2CGOOGL261005C00325000%2CGOOGL261005C00327500%2CGOOGL261005C00330000%2CGOOGL261005C00332500%2CGOOGL261005C00335000%2CGOOGL261005C00337500%2CGOOGL261005C00340000%2CGOOGL261005C00342500%2CGOOGL261005C00345000%2CGOOGL261005C00347500%2CGOOGL261005C00350000%2CGOOGL261005C00352500%2CGOOGL261005C00355000%2CGOOGL261005C00357500%2CGOOGL261005C00360000%2CGOOGL261005C00362500%2CGOOGL261005C00365000%2CGOOGL261005C00367500%2CGOOGL261005C00370000%2CGOOGL261005C00372500%2CGOOGL261005C00375000%2CGOOGL261005C00377500%2CGOOGL261005C00380000%2CGOOGL261005C00382500%2CGOOGL261005C00385000%2CGOOGL261005C00387500%2CGOOGL261005C00390000%2CGOOGL261005C00392500%2CGOOGL261005C00395000%2CGOOGL261005C00397500%2CGOOGL261005C00400000%2CGOOGL261005C00402500%2CGOOGL261005C00405000%2CGOOGL261005C00407500&greeks=true'
For more information check: https://developer.mozilla.org/en-US/docs/Web/HTTP/Status/401
2026-10-02T11:29:17 | WARNING  | app.scanning.alpaca_confirmer | AlpacaConfirmer: cannot fetch chain for AMZN 2026-10-05: Client error '401 Unauthorized' for url 'https://api.tradier.com/v1/markets/quotes?symbols=AMZN261005C00180000%2CAMZN261005C00185000%2CAMZN261005C00190000%2CAMZN261005C00195000%2CAMZN261005C00200000%2CAMZN261005C00205000%2CAMZN261005C00210000%2CAMZN261005C00215000%2CAMZN261005C00220000%2CAMZN261005C00222500%2CAMZN261005C00225000%2CAMZN261005C00227500%2CAMZN261005C00230000%2CAMZN261005C00232500%2CAMZN261005C00235000%2CAMZN261005C00237500%2CAMZN261005C00240000%2CAMZN261005C00242500%2CAMZN261005C00245000%2CAMZN261005C00247500%2CAMZN261005C00250000%2CAMZN261005C00252500%2CAMZN261005C00255000%2CAMZN261005C00257500%2CAMZN261005C00260000%2CAMZN261005C00262500%2CAMZN261005C00265000%2CAMZN261005C00267500%2CAMZN261005C00270000%2CAMZN261005C00272500%2CAMZN261005C00275000%2CAMZN261005C00277500%2CAMZN261005C00280000%2CAMZN261005C00282500%2CAMZN261005C00285000%2CAMZN261005C00290000%2CAMZN261005C00295000%2CAMZN261005C00300000%2CAMZN261005C00305000%2CAMZN261005C00310000%2CAMZN261005C00315000%2CAMZN261005C00320000%2CAMZN261005C00325000%2CAMZN261005C00330000%2CAMZN261005C00335000%2CAMZN261005P00180000%2CAMZN261005P00185000%2CAMZN261005P00190000%2CAMZN261005P00195000%2CAMZN261005P00200000&greeks=true'
For more information check: https://developer.mozilla.org/en-US/docs/Web/HTTP/Status/401
2026-10-02T11:29:17 | WARNING  | app.scanning.alpaca_confirmer | AlpacaConfirmer: cannot fetch chain for RIOT 2026-10-09: Client error '401 Unauthorized' for url 'https://api.tradier.com/v1/markets/quotes?symbols=RIOT261009C00008000%2CRIOT261009C00009000%2CRIOT261009C00010000%2CRIOT261009C00011000%2CRIOT261009C00012000%2CRIOT261009C00013000%2CRIOT261009C00014000%2CRIOT261009C00015000%2CRIOT261009C00016000%2CRIOT261009C00017000%2CRIOT261009C00017500%2CRIOT261009C00018000%2CRIOT261009C00018500%2CRIOT261009C00019000%2CRIOT261009C00019500%2CRIOT261009C00020000%2CRIOT261009C00020500%2CRIOT261009C00021000%2CRIOT261009C00021500%2CRIOT261009C00022000%2CRIOT261009C00022500%2CRIOT261009C00023000%2CRIOT261009C00023500%2CRIOT261009C00024000%2CRIOT261009C00024500%2CRIOT261009C00025000%2CRIOT261009C00025500%2CRIOT261009C00026000%2CRIOT261009C00026500%2CRIOT261009C00027000%2CRIOT261009C00027500%2CRIOT261009C00028000%2CRIOT261009C00028500%2CRIOT261009C00029000%2CRIOT261009C00029500%2CRIOT261009C00030000%2CRIOT261009C00031000%2CRIOT261009C00032000%2CRIOT261009C00033000%2CRIOT261009C00034000%2CRIOT261009C00035000%2CRIOT261009P00008000%2CRIOT261009P00009000%2CRIOT261009P00010000%2CRIOT261009P00011000%2CRIOT261009P00012000%2CRIOT261009P00013000%2CRIOT261009P00014000%2CRIOT261009P00015000%2CRIOT261009P00016000&greeks=true'
For more information check: https://developer.mozilla.org/en-US/docs/Web/HTTP/Status/401
2026-10-02T11:29:17 | WARNING  | app.scanning.alpaca_confirmer | AlpacaConfirmer: cannot fetch chain for TSLA 2026-10-05: Client error '401 Unauthorized' for url 'https://api.tradier.com/v1/markets/quotes?symbols=TSLA261005C00250000%2CTSLA261005C00255000%2CTSLA261005C00260000%2CTSLA261005C00265000%2CTSLA261005C00270000%2CTSLA261005C00275000%2CTSLA261005C00280000%2CTSLA261005C00285000%2CTSLA261005C00290000%2CTSLA261005C00295000%2CTSLA261005C00300000%2CTSLA261005C00305000%2CTSLA261005C00310000%2CTSLA261005C00315000%2CTSLA261005C00317500%2CTSLA261005C00320000%2CTSLA261005C00322500%2CTSLA261005C00325000%2CTSLA261005C00327500%2CTSLA261005C00330000%2CTSLA261005C00332500%2CTSLA261005C00335000%2CTSLA261005C00337500%2CTSLA261005C00340000%2CTSLA261005C00342500%2CTSLA261005C00345000%2CTSLA261005C00347500%2CTSLA261005C00350000%2CTSLA261005C00352500%2CTSLA261005C00355000%2CTSLA261005C00357500%2CTSLA261005C00360000%2CTSLA261005C00362500%2CTSLA261005C00365000%2CTSLA261005C00367500%2CTSLA261005C00370000%2CTSLA261005C00372500%2CTSLA261005C00375000%2CTSLA261005C00377500%2CTSLA261005C00380000%2CTSLA261005C00382500%2CTSLA261005C00385000%2CTSLA261005C00387500%2CTSLA261005C00390000%2CTSLA261005C00392500%2CTSLA261005C00395000%2CTSLA261005C00397500%2CTSLA261005C00400000%2CTSLA261005C00402500%2CTSLA261005C00405000&greeks=true'
For more information check: https://developer.mozilla.org/en-US/docs/Web/HTTP/Status/401
2026-10-02T11:29:17 | WARNING  | app.scanning.alpaca_confirmer | AlpacaConfirmer: cannot fetch chain for SOFI 2026-10-09: Client error '401 Unauthorized' for url 'https://api.tradier.com/v1/markets/quotes?symbols=SOFI261009C00005000%2CSOFI261009C00009000%2CSOFI261009C00010000%2CSOFI261009C00011000%2CSOFI261009C00011500%2CSOFI261009C00012000%2CSOFI261009C00012500%2CSOFI261009C00013000%2CSOFI261009C00013500%2CSOFI261009C00014000%2CSOFI261009C00014500%2CSOFI261009C00015000%2CSOFI261009C00015500%2CSOFI261009C00016000%2CSOFI261009C00016500%2CSOFI261009C00017000%2CSOFI261009C00017500%2CSOFI261009C00018000%2CSOFI261009C00018500%2CSOFI261009C00019000%2CSOFI261009C00019500%2CSOFI261009C00020000%2CSOFI261009C00020500%2CSOFI261009C00021000%2CSOFI261009C00021500%2CSOFI261009C00022000%2CSOFI261009C00022500%2CSOFI261009C00023000%2CSOFI261009C00023500%2CSOFI261009C00024000%2CSOFI261009C00025000%2CSOFI261009C00030000%2CSOFI261009P00005000%2CSOFI261009P00009000%2CSOFI261009P00010000%2CSOFI261009P00011000%2CSOFI261009P00011500%2CSOFI261009P00012000%2CSOFI261009P00012500%2CSOFI261009P00013000%2CSOFI261009P00013500%2CSOFI261009P00014000%2CSOFI261009P00014500%2CSOFI261009P00015000%2CSOFI261009P00015500%2CSOFI261009P00016000%2CSOFI261009P00016500%2CSOFI261009P00017000%2CSOFI261009P00017500%2CSOFI261009P00018000&greeks=true'
For more information check: https://developer.mozilla.org/en-US/docs/Web/HTTP/Status/401
2026-10-02T11:29:17 | WARNING  | app.scanning.alpaca_confirmer | AlpacaConfirmer: cannot fetch chain for SPY 2026-10-05: Client error '401 Unauthorized' for url 'https://api.tradier.com/v1/markets/quotes?symbols=SPY261005C00550000%2CSPY261005C00555000%2CSPY261005C00560000%2CSPY261005C00565000%2CSPY261005C00570000%2CSPY261005C00575000%2CSPY261005C00580000%2CSPY261005C00585000%2CSPY261005C00590000%2CSPY261005C00595000%2CSPY261005C00600000%2CSPY261005C00605000%2CSPY261005C00610000%2CSPY261005C00615000%2CSPY261005C00620000%2CSPY261005C00625000%2CSPY261005C00630000%2CSPY261005C00635000%2CSPY261005C00640000%2CSPY261005C00645000%2CSPY261005C00650000%2CSPY261005C00655000%2CSPY261005C00660000%2CSPY261005C00665000%2CSPY261005C00670000%2CSPY261005C00675000%2CSPY261005C00680000%2CSPY261005C00685000%2CSPY261005C00690000%2CSPY261005C00695000%2CSPY261005C00700000%2CSPY261005C00705000%2CSPY261005C00710000%2CSPY261005C00715000%2CSPY261005C00720000%2CSPY261005C00723000%2CSPY261005C00724000%2CSPY261005C00725000%2CSPY261005C00726000%2CSPY261005C00727000%2CSPY261005C00728000%2CSPY261005C00729000%2CSPY261005C00730000%2CSPY261005C00731000%2CSPY261005C00732000%2CSPY261005C00733000%2CSPY261005C00734000%2CSPY261005C00735000%2CSPY261005C00736000%2CSPY261005C00737000&greeks=true'
For more information check: https://developer.mozilla.org/en-US/docs/Web/HTTP/Status/401
2026-10-02T11:29:17 | WARNING  | app.scanning.alpaca_confirmer | AlpacaConfirmer: cannot fetch chain for MARA 2026-10-09: Client error '401 Unauthorized' for url 'https://api.tradier.com/v1/markets/quotes?symbols=MARA261009C00004000%2CMARA261009C00005000%2CMARA261009C00006000%2CMARA261009C00006500%2CMARA261009C00007000%2CMARA261009C00007500%2CMARA261009C00008000%2CMARA261009C00008500%2CMARA261009C00009000%2CMARA261009C00009500%2CMARA261009C00010000%2CMARA261009C00010500%2CMARA261009C00011000%2CMARA261009C00011500%2CMARA261009C00012000%2CMARA261009C00012500%2CMARA261009C00013000%2CMARA261009C00013500%2CMARA261009C00014000%2CMARA261009C00014500%2CMARA261009C00015000%2CMARA261009C00015500%2CMARA261009C00016000%2CMARA261009C00016500%2CMARA261009C00017000%2CMARA261009C00017500%2CMARA261009C00018000%2CMARA261009C00019000%2CMARA261009C00020000%2CMARA261009C00021000%2CMARA261009C00022000%2CMARA261009C00023000%2CMARA261009P00004000%2CMARA261009P00005000%2CMARA261009P00006000%2CMARA261009P00006500%2CMARA261009P00007000%2CMARA261009P00007500%2CMARA261009P00008000%2CMARA261009P00008500%2CMARA261009P00009000%2CMARA261009P00009500%2CMARA261009P00010000%2CMARA261009P00010500%2CMARA261009P00011000%2CMARA261009P00011500%2CMARA261009P00012000%2CMARA261009P00012500%2CMARA261009P00013000%2CMARA261009P00013500&greeks=true'
For more information check: https://developer.mozilla.org/en-US/docs/Web/HTTP/Status/401
2026-10-02T11:29:17 | INFO     | session_runner | AlpacaConfirmer: 0 confirmed symbols: []
2026-10-02T11:29:17 | WARNING  | session_runner | Re-scan returned no confirmed symbols — falling back to ['SPY']
2026-10-02T11:29:17 | INFO     | session_runner | Broad-market regime | SPY=short
2026-10-02T11:29:17 | INFO     | session_runner | [bridge:SPY] rsi_trend ready: sufficient bars
2026-10-02T11:29:17 | INFO     | session_runner | Stale signal: SPY/vwap_reclaim age=29 min > max 10 min — skipped
2026-10-02T11:29:17 | INFO     | session_runner | Stale signal: SPY/orb age=19 min > max 10 min — skipped
2026-10-02T11:29:17 | INFO     | session_runner | Stale signal: SPY/vwap_reclaim age=174 min > max 10 min — skipped
2026-10-02T11:29:17 | INFO     | session_runner | Stale signal: SPY/vwap_reclaim age=79 min > max 10 min — skipped
2026-10-02T11:29:47 | INFO     | session_runner | [cycle 232] 11:29:47 ET | positions=0 | entries=0
2026-10-02T11:29:48 | INFO     | session_runner | [bridge:SPY] rsi_trend ready: sufficient bars
2026-10-02T11:29:48 | INFO     | session_runner | Stale signal: SPY/vwap_reclaim age=30 min > max 10 min — skipped
2026-10-02T11:29:48 | INFO     | session_runner | Stale signal: SPY/orb age=20 min > max 10 min — skipped
2026-10-02T11:29:48 | INFO     | session_runner | Stale signal: SPY/vwap_reclaim age=175 min > max 10 min — skipped
2026-10-02T11:29:48 | INFO     | session_runner | Stale signal: SPY/vwap_reclaim age=80 min > max 10 min — skipped
2026-10-02T11:30:18 | INFO     | session_runner | [cycle 233] 11:30:18 ET | positions=0 | entries=0
2026-10-02T11:30:18 | INFO     | session_runner | [bridge:SPY] rsi_trend ready: sufficient bars
2026-10-02T11:30:18 | INFO     | session_runner | Stale signal: SPY/vwap_reclaim age=30 min > max 10 min — skipped
2026-10-02T11:30:18 | INFO     | session_runner | Stale signal: SPY/orb age=20 min > max 10 min — skipped
2026-10-02T11:30:18 | INFO     | session_runner | Stale signal: SPY/vwap_reclaim age=175 min > max 10 min — skipped
2026-10-02T11:30:18 | INFO     | session_runner | Stale signal: SPY/vwap_reclaim age=80 min > max 10 min — skipped
2026-10-02T11:30:48 | INFO     | session_runner | [cycle 234] 11:30:48 ET | positions=0 | entries=0
2026-10-02T11:30:48 | INFO     | session_runner | [bridge:SPY] rsi_trend ready: sufficient bars
2026-10-02T11:30:48 | INFO     | session_runner | Stale signal: SPY/vwap_reclaim age=31 min > max 10 min — skipped
2026-10-02T11:30:48 | INFO     | session_runner | Stale signal: SPY/orb age=21 min > max 10 min — skipped
2026-10-02T11:30:48 | INFO     | session_runner | Stale signal: SPY/vwap_reclaim age=176 min > max 10 min — skipped
2026-10-02T11:30:48 | INFO     | session_runner | Stale signal: SPY/vwap_reclaim age=81 min > max 10 min — skipped
2026-10-02T11:31:18 | INFO     | session_runner | [cycle 235] 11:31:18 ET | positions=0 | entries=0
2026-10-02T11:31:19 | INFO     | session_runner | [bridge:SPY] rsi_trend ready: sufficient bars
2026-10-02T11:31:19 | INFO     | session_runner | Stale signal: SPY/vwap_reclaim age=31 min > max 10 min — skipped
2026-10-02T11:31:19 | INFO     | session_runner | Stale signal: SPY/orb age=21 min > max 10 min — skipped
2026-10-02T11:31:19 | INFO     | session_runner | Stale signal: SPY/vwap_reclaim age=176 min > max 10 min — skipped
2026-10-02T11:31:19 | INFO     | session_runner | Stale signal: SPY/vwap_reclaim age=81 min > max 10 min — skipped
2026-10-02T11:31:49 | INFO     | session_runner | [cycle 236] 11:31:49 ET | positions=0 | entries=0
2026-10-02T11:31:49 | INFO     | session_runner | [bridge:SPY] rsi_trend ready: sufficient bars
2026-10-02T11:31:49 | INFO     | session_runner | Stale signal: SPY/vwap_reclaim age=32 min > max 10 min — skipped
2026-10-02T11:31:49 | INFO     | session_runner | Stale signal: SPY/orb age=22 min > max 10 min — skipped
2026-10-02T11:31:49 | INFO     | session_runner | Stale signal: SPY/vwap_reclaim age=177 min > max 10 min — skipped
2026-10-02T11:31:49 | INFO     | session_runner | Stale signal: SPY/vwap_reclaim age=82 min > max 10 min — skipped
2026-10-02T11:32:19 | INFO     | session_runner | [cycle 237] 11:32:19 ET | positions=0 | entries=0
2026-10-02T11:32:19 | INFO     | session_runner | [bridge:SPY] rsi_trend ready: sufficient bars
2026-10-02T11:32:19 | INFO     | session_runner | Stale signal: SPY/vwap_reclaim age=32 min > max 10 min — skipped
2026-10-02T11:32:19 | INFO     | session_runner | Stale signal: SPY/orb age=22 min > max 10 min — skipped
2026-10-02T11:32:19 | INFO     | session_runner | Stale signal: SPY/vwap_reclaim age=177 min > max 10 min — skipped
2026-10-02T11:32:19 | INFO     | session_runner | Stale signal: SPY/vwap_reclaim age=82 min > max 10 min — skipped
2026-10-02T11:32:49 | INFO     | session_runner | [cycle 238] 11:32:49 ET | positions=0 | entries=0
2026-10-02T11:32:50 | INFO     | session_runner | [bridge:SPY] rsi_trend ready: sufficient bars
2026-10-02T11:32:50 | INFO     | session_runner | Stale signal: SPY/vwap_reclaim age=33 min > max 10 min — skipped
2026-10-02T11:32:50 | INFO     | session_runner | Stale signal: SPY/orb age=23 min > max 10 min — skipped
2026-10-02T11:32:50 | INFO     | session_runner | Stale signal: SPY/vwap_reclaim age=178 min > max 10 min — skipped
2026-10-02T11:32:50 | INFO     | session_runner | Stale signal: SPY/vwap_reclaim age=83 min > max 10 min — skipped
2026-10-02T11:33:20 | INFO     | session_runner | [cycle 239] 11:33:20 ET | positions=0 | entries=0
2026-10-02T11:33:20 | INFO     | session_runner | [bridge:SPY] rsi_trend ready: sufficient bars
2026-10-02T11:33:20 | INFO     | session_runner | Stale signal: SPY/vwap_reclaim age=33 min > max 10 min — skipped
2026-10-02T11:33:20 | INFO     | session_runner | Stale signal: SPY/orb age=23 min > max 10 min — skipped
2026-10-02T11:33:20 | INFO     | session_runner | Stale signal: SPY/vwap_reclaim age=178 min > max 10 min — skipped
2026-10-02T11:33:20 | INFO     | session_runner | Stale signal: SPY/vwap_reclaim age=83 min > max 10 min — skipped
2026-10-02T11:33:50 | INFO     | session_runner | [cycle 240] 11:33:50 ET | positions=0 | entries=0
2026-10-02T11:33:50 | INFO     | session_runner | [bridge:SPY] rsi_trend ready: sufficient bars
2026-10-02T11:33:50 | INFO     | session_runner | Stale signal: SPY/vwap_reclaim age=34 min > max 10 min — skipped
2026-10-02T11:33:50 | INFO     | session_runner | Stale signal: SPY/orb age=24 min > max 10 min — skipped
2026-10-02T11:33:50 | INFO     | session_runner | Stale signal: SPY/vwap_reclaim age=179 min > max 10 min — skipped
2026-10-02T11:33:50 | INFO     | session_runner | Stale signal: SPY/vwap_reclaim age=84 min > max 10 min — skipped
2026-10-02T11:34:20 | INFO     | session_runner | [cycle 241] 11:34:20 ET | positions=0 | entries=0
2026-10-02T11:34:21 | INFO     | app.trading.reconciler | Reconciliation done: broker_pos=0 local_pos=0 broker_orders=0 local_pending=0 repaired=0 flagged=0 orders_confirmed=True positions_confirmed=True
2026-10-02T11:34:21 | INFO     | session_runner | Periodic universe re-scan …
2026-10-02T11:34:21 | INFO     | app.scanning.universe_loader | UniverseLoader: loaded 5 groups (13 flat symbols) from config/ticker_universe.yaml (blacklist=0)
2026-10-02T11:34:21 | INFO     | app.scanning.universe_loader | UniverseLoader: 38 symbols from 4 group(s) (blacklist=0)
2026-10-02T11:34:21 | INFO     | session_runner | Universe scan: 38 symbols from 4 group(s) | max_active=6
2026-10-02T11:34:26 | INFO     | session_runner | Scan: 20 passed, 18 rejected
2026-10-02T11:34:26 | INFO     | session_runner |   TSLA    score=95.0  signal=LONG     reasons: rvol=2.64x (high), atr=3.20% (wide-range), orb_breakout
2026-10-02T11:34:26 | INFO     | session_runner |   DKNG    score=85.0  signal=SHORT    reasons: rvol=2.08x (high), atr=5.87% (wide-range), orb_breakdown
2026-10-02T11:34:26 | INFO     | session_runner |   MARA    score=77.0  signal=SHORT    reasons: rvol=1.59x (elevated), atr=6.95% (wide-range), orb_breakdown
2026-10-02T11:34:26 | INFO     | session_runner |   IWM     score=76.0  signal=SHORT    reasons: rvol=2.49x (high), atr=1.31% (good range), near_orb_level
2026-10-02T11:34:26 | INFO     | session_runner |   AMZN    score=75.0  signal=SHORT    reasons: rvol=1.31x (normal), atr=2.11% (wide-range), orb_breakdown
2026-10-02T11:34:26 | WARNING  | app.scanning.alpaca_confirmer | AlpacaConfirmer: cannot fetch chain for MSFT 2026-10-05: Client error '401 Unauthorized' for url 'https://api.tradier.com/v1/markets/quotes?symbols=MSFT261005C00420000%2CMSFT261005C00425000%2CMSFT261005C00430000%2CMSFT261005C00435000%2CMSFT261005C00440000%2CMSFT261005C00445000%2CMSFT261005C00450000%2CMSFT261005C00452500%2CMSFT261005C00455000%2CMSFT261005C00457500%2CMSFT261005C00460000%2CMSFT261005C00462500%2CMSFT261005C00465000%2CMSFT261005C00467500%2CMSFT261005C00470000%2CMSFT261005C00472500%2CMSFT261005C00475000%2CMSFT261005C00477500%2CMSFT261005C00480000%2CMSFT261005C00482500%2CMSFT261005C00485000%2CMSFT261005C00487500%2CMSFT261005C00490000%2CMSFT261005C00492500%2CMSFT261005C00495000%2CMSFT261005C00497500%2CMSFT261005C00500000%2CMSFT261005C00502500%2CMSFT261005C00505000%2CMSFT261005C00507500%2CMSFT261005C00510000%2CMSFT261005C00512500%2CMSFT261005C00515000%2CMSFT261005C00517500%2CMSFT261005C00520000%2CMSFT261005C00522500%2CMSFT261005C00525000%2CMSFT261005C00527500%2CMSFT261005C00530000%2CMSFT261005C00532500%2CMSFT261005C00535000%2CMSFT261005C00537500%2CMSFT261005C00540000%2CMSFT261005C00542500%2CMSFT261005C00545000%2CMSFT261005C00547500%2CMSFT261005C00550000%2CMSFT261005C00552500%2CMSFT261005C00555000%2CMSFT261005C00557500&greeks=true'
For more information check: https://developer.mozilla.org/en-US/docs/Web/HTTP/Status/401
2026-10-02T11:34:26 | WARNING  | app.scanning.alpaca_confirmer | AlpacaConfirmer: cannot fetch chain for DKNG 2026-10-09: Client error '401 Unauthorized' for url 'https://api.tradier.com/v1/markets/quotes?symbols=DKNG261009C00010000%2CDKNG261009C00011000%2CDKNG261009C00012000%2CDKNG261009C00013000%2CDKNG261009C00014000%2CDKNG261009C00015000%2CDKNG261009C00016000%2CDKNG261009C00017000%2CDKNG261009C00018000%2CDKNG261009C00019000%2CDKNG261009C00020000%2CDKNG261009C00020500%2CDKNG261009C00021000%2CDKNG261009C00021500%2CDKNG261009C00022000%2CDKNG261009C00022500%2CDKNG261009C00023000%2CDKNG261009C00023500%2CDKNG261009C00024000%2CDKNG261009C00024500%2CDKNG261009C00025000%2CDKNG261009C00025500%2CDKNG261009C00026000%2CDKNG261009C00026500%2CDKNG261009C00027000%2CDKNG261009C00027500%2CDKNG261009C00028000%2CDKNG261009C00028500%2CDKNG261009C00029000%2CDKNG261009C00030000%2CDKNG261009C00031000%2CDKNG261009C00032000%2CDKNG261009C00033000%2CDKNG261009C00034000%2CDKNG261009C00035000%2CDKNG261009P00010000%2CDKNG261009P00011000%2CDKNG261009P00012000%2CDKNG261009P00013000%2CDKNG261009P00014000%2CDKNG261009P00015000%2CDKNG261009P00016000%2CDKNG261009P00017000%2CDKNG261009P00018000%2CDKNG261009P00019000%2CDKNG261009P00020000%2CDKNG261009P00020500%2CDKNG261009P00021000%2CDKNG261009P00021500%2CDKNG261009P00022000&greeks=true'
For more information check: https://developer.mozilla.org/en-US/docs/Web/HTTP/Status/401
2026-10-02T11:34:26 | WARNING  | app.scanning.alpaca_confirmer | AlpacaConfirmer: cannot fetch chain for SOFI 2026-10-09: Client error '401 Unauthorized' for url 'https://api.tradier.com/v1/markets/quotes?symbols=SOFI261009C00005000%2CSOFI261009C00009000%2CSOFI261009C00010000%2CSOFI261009C00011000%2CSOFI261009C00011500%2CSOFI261009C00012000%2CSOFI261009C00012500%2CSOFI261009C00013000%2CSOFI261009C00013500%2CSOFI261009C00014000%2CSOFI261009C00014500%2CSOFI261009C00015000%2CSOFI261009C00015500%2CSOFI261009C00016000%2CSOFI261009C00016500%2CSOFI261009C00017000%2CSOFI261009C00017500%2CSOFI261009C00018000%2CSOFI261009C00018500%2CSOFI261009C00019000%2CSOFI261009C00019500%2CSOFI261009C00020000%2CSOFI261009C00020500%2CSOFI261009C00021000%2CSOFI261009C00021500%2CSOFI261009C00022000%2CSOFI261009C00022500%2CSOFI261009C00023000%2CSOFI261009C00023500%2CSOFI261009C00024000%2CSOFI261009C00025000%2CSOFI261009C00030000%2CSOFI261009P00005000%2CSOFI261009P00009000%2CSOFI261009P00010000%2CSOFI261009P00011000%2CSOFI261009P00011500%2CSOFI261009P00012000%2CSOFI261009P00012500%2CSOFI261009P00013000%2CSOFI261009P00013500%2CSOFI261009P00014000%2CSOFI261009P00014500%2CSOFI261009P00015000%2CSOFI261009P00015500%2CSOFI261009P00016000%2CSOFI261009P00016500%2CSOFI261009P00017000%2CSOFI261009P00017500%2CSOFI261009P00018000&greeks=true'
For more information check: https://developer.mozilla.org/en-US/docs/Web/HTTP/Status/401
2026-10-02T11:34:26 | WARNING  | app.scanning.alpaca_confirmer | AlpacaConfirmer: cannot fetch chain for RIOT 2026-10-09: Client error '401 Unauthorized' for url 'https://api.tradier.com/v1/markets/quotes?symbols=RIOT261009C00008000%2CRIOT261009C00009000%2CRIOT261009C00010000%2CRIOT261009C00011000%2CRIOT261009C00012000%2CRIOT261009C00013000%2CRIOT261009C00014000%2CRIOT261009C00015000%2CRIOT261009C00016000%2CRIOT261009C00017000%2CRIOT261009C00017500%2CRIOT261009C00018000%2CRIOT261009C00018500%2CRIOT261009C00019000%2CRIOT261009C00019500%2CRIOT261009C00020000%2CRIOT261009C00020500%2CRIOT261009C00021000%2CRIOT261009C00021500%2CRIOT261009C00022000%2CRIOT261009C00022500%2CRIOT261009C00023000%2CRIOT261009C00023500%2CRIOT261009C00024000%2CRIOT261009C00024500%2CRIOT261009C00025000%2CRIOT261009C00025500%2CRIOT261009C00026000%2CRIOT261009C00026500%2CRIOT261009C00027000%2CRIOT261009C00027500%2CRIOT261009C00028000%2CRIOT261009C00028500%2CRIOT261009C00029000%2CRIOT261009C00029500%2CRIOT261009C00030000%2CRIOT261009C00031000%2CRIOT261009C00032000%2CRIOT261009C00033000%2CRIOT261009C00034000%2CRIOT261009C00035000%2CRIOT261009P00008000%2CRIOT261009P00009000%2CRIOT261009P00010000%2CRIOT261009P00011000%2CRIOT261009P00012000%2CRIOT261009P00013000%2CRIOT261009P00014000%2CRIOT261009P00015000%2CRIOT261009P00016000&greeks=true'
For more information check: https://developer.mozilla.org/en-US/docs/Web/HTTP/Status/401
2026-10-02T11:34:26 | WARNING  | app.scanning.alpaca_confirmer | AlpacaConfirmer: cannot fetch chain for AVGO 2026-10-05: Client error '401 Unauthorized' for url 'https://api.tradier.com/v1/markets/quotes?symbols=AVGO261005C00285000%2CAVGO261005C00290000%2CAVGO261005C00295000%2CAVGO261005C00300000%2CAVGO261005C00305000%2CAVGO261005C00310000%2CAVGO261005C00315000%2CAVGO261005C00317500%2CAVGO261005C00320000%2CAVGO261005C00322500%2CAVGO261005C00325000%2CAVGO261005C00327500%2CAVGO261005C00330000%2CAVGO261005C00332500%2CAVGO261005C00335000%2CAVGO261005C00337500%2CAVGO261005C00340000%2CAVGO261005C00342500%2CAVGO261005C00345000%2CAVGO261005C00347500%2CAVGO261005C00350000%2CAVGO261005C00352500%2CAVGO261005C00355000%2CAVGO261005C00357500%2CAVGO261005C00360000%2CAVGO261005C00362500%2CAVGO261005C00365000%2CAVGO261005C00367500%2CAVGO261005C00370000%2CAVGO261005C00372500%2CAVGO261005C00375000%2CAVGO261005C00377500%2CAVGO261005C00380000%2CAVGO261005C00382500%2CAVGO261005C00385000%2CAVGO261005C00387500%2CAVGO261005C00390000%2CAVGO261005C00392500%2CAVGO261005C00395000%2CAVGO261005C00397500%2CAVGO261005C00400000%2CAVGO261005C00402500%2CAVGO261005C00405000%2CAVGO261005C00407500%2CAVGO261005C00410000%2CAVGO261005C00412500%2CAVGO261005C00415000%2CAVGO261005C00417500%2CAVGO261005C00420000%2CAVGO261005C00422500&greeks=true'
For more information check: https://developer.mozilla.org/en-US/docs/Web/HTTP/Status/401
2026-10-02T11:34:26 | WARNING  | app.scanning.alpaca_confirmer | AlpacaConfirmer: cannot fetch chain for MARA 2026-10-09: Client error '401 Unauthorized' for url 'https://api.tradier.com/v1/markets/quotes?symbols=MARA261009C00004000%2CMARA261009C00005000%2CMARA261009C00006000%2CMARA261009C00006500%2CMARA261009C00007000%2CMARA261009C00007500%2CMARA261009C00008000%2CMARA261009C00008500%2CMARA261009C00009000%2CMARA261009C00009500%2CMARA261009C00010000%2CMARA261009C00010500%2CMARA261009C00011000%2CMARA261009C00011500%2CMARA261009C00012000%2CMARA261009C00012500%2CMARA261009C00013000%2CMARA261009C00013500%2CMARA261009C00014000%2CMARA261009C00014500%2CMARA261009C00015000%2CMARA261009C00015500%2CMARA261009C00016000%2CMARA261009C00016500%2CMARA261009C00017000%2CMARA261009C00017500%2CMARA261009C00018000%2CMARA261009C00019000%2CMARA261009C00020000%2CMARA261009C00021000%2CMARA261009C00022000%2CMARA261009C00023000%2CMARA261009P00004000%2CMARA261009P00005000%2CMARA261009P00006000%2CMARA261009P00006500%2CMARA261009P00007000%2CMARA261009P00007500%2CMARA261009P00008000%2CMARA261009P00008500%2CMARA261009P00009000%2CMARA261009P00009500%2CMARA261009P00010000%2CMARA261009P00010500%2CMARA261009P00011000%2CMARA261009P00011500%2CMARA261009P00012000%2CMARA261009P00012500%2CMARA261009P00013000%2CMARA261009P00013500&greeks=true'
For more information check: https://developer.mozilla.org/en-US/docs/Web/HTTP/Status/401
2026-10-02T11:34:26 | WARNING  | app.scanning.alpaca_confirmer | AlpacaConfirmer: cannot fetch chain for GOOGL 2026-10-05: Client error '401 Unauthorized' for url 'https://api.tradier.com/v1/markets/quotes?symbols=GOOGL261005C00265000%2CGOOGL261005C00270000%2CGOOGL261005C00275000%2CGOOGL261005C00280000%2CGOOGL261005C00285000%2CGOOGL261005C00290000%2CGOOGL261005C00295000%2CGOOGL261005C00300000%2CGOOGL261005C00305000%2CGOOGL261005C00307500%2CGOOGL261005C00310000%2CGOOGL261005C00312500%2CGOOGL261005C00315000%2CGOOGL261005C00317500%2CGOOGL261005C00320000%2CGOOGL261005C00322500%2CGOOGL261005C00325000%2CGOOGL261005C00327500%2CGOOGL261005C00330000%2CGOOGL261005C00332500%2CGOOGL261005C00335000%2CGOOGL261005C00337500%2CGOOGL261005C00340000%2CGOOGL261005C00342500%2CGOOGL261005C00345000%2CGOOGL261005C00347500%2CGOOGL261005C00350000%2CGOOGL261005C00352500%2CGOOGL261005C00355000%2CGOOGL261005C00357500%2CGOOGL261005C00360000%2CGOOGL261005C00362500%2CGOOGL261005C00365000%2CGOOGL261005C00367500%2CGOOGL261005C00370000%2CGOOGL261005C00372500%2CGOOGL261005C00375000%2CGOOGL261005C00377500%2CGOOGL261005C00380000%2CGOOGL261005C00382500%2CGOOGL261005C00385000%2CGOOGL261005C00387500%2CGOOGL261005C00390000%2CGOOGL261005C00392500%2CGOOGL261005C00395000%2CGOOGL261005C00397500%2CGOOGL261005C00400000%2CGOOGL261005C00402500%2CGOOGL261005C00405000%2CGOOGL261005C00407500&greeks=true'
For more information check: https://developer.mozilla.org/en-US/docs/Web/HTTP/Status/401
2026-10-02T11:34:26 | WARNING  | app.scanning.alpaca_confirmer | AlpacaConfirmer: cannot fetch chain for IWM 2026-10-05: Client error '401 Unauthorized' for url 'https://api.tradier.com/v1/markets/quotes?symbols=IWM261005C00180000%2CIWM261005C00190000%2CIWM261005C00200000%2CIWM261005C00205000%2CIWM261005C00210000%2CIWM261005C00215000%2CIWM261005C00220000%2CIWM261005C00225000%2CIWM261005C00230000%2CIWM261005C00235000%2CIWM261005C00240000%2CIWM261005C00245000%2CIWM261005C00250000%2CIWM261005C00255000%2CIWM261005C00260000%2CIWM261005C00261000%2CIWM261005C00262000%2CIWM261005C00263000%2CIWM261005C00264000%2CIWM261005C00265000%2CIWM261005C00266000%2CIWM261005C00267000%2CIWM261005C00268000%2CIWM261005C00269000%2CIWM261005C00270000%2CIWM261005C00271000%2CIWM261005C00272000%2CIWM261005C00273000%2CIWM261005C00274000%2CIWM261005C00275000%2CIWM261005C00276000%2CIWM261005C00277000%2CIWM261005C00278000%2CIWM261005C00279000%2CIWM261005C00280000%2CIWM261005C00281000%2CIWM261005C00282000%2CIWM261005C00283000%2CIWM261005C00284000%2CIWM261005C00285000%2CIWM261005C00286000%2CIWM261005C00287000%2CIWM261005C00288000%2CIWM261005C00289000%2CIWM261005C00290000%2CIWM261005C00291000%2CIWM261005C00292000%2CIWM261005C00293000%2CIWM261005C00294000%2CIWM261005C00295000&greeks=true'
For more information check: https://developer.mozilla.org/en-US/docs/Web/HTTP/Status/401
2026-10-02T11:34:26 | WARNING  | app.scanning.alpaca_confirmer | AlpacaConfirmer: cannot fetch chain for XLF 2026-10-05: Client error '401 Unauthorized' for url 'https://api.tradier.com/v1/markets/quotes?symbols=XLF261005C00041000%2CXLF261005C00042000%2CXLF261005C00043000%2CXLF261005C00044000%2CXLF261005C00045000%2CXLF261005C00046000%2CXLF261005C00047000%2CXLF261005C00048000%2CXLF261005C00049000%2CXLF261005C00050000%2CXLF261005C00050500%2CXLF261005C00051000%2CXLF261005C00051500%2CXLF261005C00052000%2CXLF261005C00052500%2CXLF261005C00053000%2CXLF261005C00053500%2CXLF261005C00054000%2CXLF261005C00054500%2CXLF261005C00055000%2CXLF261005C00055500%2CXLF261005C00056000%2CXLF261005C00056500%2CXLF261005C00057000%2CXLF261005C00057500%2CXLF261005C00058000%2CXLF261005C00058500%2CXLF261005C00059000%2CXLF261005C00059500%2CXLF261005C00060000%2CXLF261005C00060500%2CXLF261005C00061000%2CXLF261005C00061500%2CXLF261005C00062000%2CXLF261005C00062500%2CXLF261005C00063000%2CXLF261005C00063500%2CXLF261005C00064000%2CXLF261005C00064500%2CXLF261005C00065000%2CXLF261005C00066000%2CXLF261005C00067000%2CXLF261005C00068000%2CXLF261005C00069000%2CXLF261005C00070000%2CXLF261005C00071000%2CXLF261005C00072000%2CXLF261005C00073000%2CXLF261005C00074000%2CXLF261005P00041000&greeks=true'
For more information check: https://developer.mozilla.org/en-US/docs/Web/HTTP/Status/401
2026-10-02T11:34:26 | WARNING  | app.scanning.alpaca_confirmer | AlpacaConfirmer: cannot fetch chain for AMZN 2026-10-05: Client error '401 Unauthorized' for url 'https://api.tradier.com/v1/markets/quotes?symbols=AMZN261005C00180000%2CAMZN261005C00185000%2CAMZN261005C00190000%2CAMZN261005C00195000%2CAMZN261005C00200000%2CAMZN261005C00205000%2CAMZN261005C00210000%2CAMZN261005C00215000%2CAMZN261005C00220000%2CAMZN261005C00222500%2CAMZN261005C00225000%2CAMZN261005C00227500%2CAMZN261005C00230000%2CAMZN261005C00232500%2CAMZN261005C00235000%2CAMZN261005C00237500%2CAMZN261005C00240000%2CAMZN261005C00242500%2CAMZN261005C00245000%2CAMZN261005C00247500%2CAMZN261005C00250000%2CAMZN261005C00252500%2CAMZN261005C00255000%2CAMZN261005C00257500%2CAMZN261005C00260000%2CAMZN261005C00262500%2CAMZN261005C00265000%2CAMZN261005C00267500%2CAMZN261005C00270000%2CAMZN261005C00272500%2CAMZN261005C00275000%2CAMZN261005C00277500%2CAMZN261005C00280000%2CAMZN261005C00282500%2CAMZN261005C00285000%2CAMZN261005C00290000%2CAMZN261005C00295000%2CAMZN261005C00300000%2CAMZN261005C00305000%2CAMZN261005C00310000%2CAMZN261005C00315000%2CAMZN261005C00320000%2CAMZN261005C00325000%2CAMZN261005C00330000%2CAMZN261005C00335000%2CAMZN261005P00180000%2CAMZN261005P00185000%2CAMZN261005P00190000%2CAMZN261005P00195000%2CAMZN261005P00200000&greeks=true'
For more information check: https://developer.mozilla.org/en-US/docs/Web/HTTP/Status/401
2026-10-02T11:34:26 | WARNING  | app.scanning.alpaca_confirmer | AlpacaConfirmer: cannot fetch chain for SPY 2026-10-05: Client error '401 Unauthorized' for url 'https://api.tradier.com/v1/markets/quotes?symbols=SPY261005C00550000%2CSPY261005C00555000%2CSPY261005C00560000%2CSPY261005C00565000%2CSPY261005C00570000%2CSPY261005C00575000%2CSPY261005C00580000%2CSPY261005C00585000%2CSPY261005C00590000%2CSPY261005C00595000%2CSPY261005C00600000%2CSPY261005C00605000%2CSPY261005C00610000%2CSPY261005C00615000%2CSPY261005C00620000%2CSPY261005C00625000%2CSPY261005C00630000%2CSPY261005C00635000%2CSPY261005C00640000%2CSPY261005C00645000%2CSPY261005C00650000%2CSPY261005C00655000%2CSPY261005C00660000%2CSPY261005C00665000%2CSPY261005C00670000%2CSPY261005C00675000%2CSPY261005C00680000%2CSPY261005C00685000%2CSPY261005C00690000%2CSPY261005C00695000%2CSPY261005C00700000%2CSPY261005C00705000%2CSPY261005C00710000%2CSPY261005C00715000%2CSPY261005C00720000%2CSPY261005C00723000%2CSPY261005C00724000%2CSPY261005C00725000%2CSPY261005C00726000%2CSPY261005C00727000%2CSPY261005C00728000%2CSPY261005C00729000%2CSPY261005C00730000%2CSPY261005C00731000%2CSPY261005C00732000%2CSPY261005C00733000%2CSPY261005C00734000%2CSPY261005C00735000%2CSPY261005C00736000%2CSPY261005C00737000&greeks=true'
For more information check: https://developer.mozilla.org/en-US/docs/Web/HTTP/Status/401
2026-10-02T11:34:26 | WARNING  | app.scanning.alpaca_confirmer | AlpacaConfirmer: cannot fetch chain for TSLA 2026-10-05: Client error '401 Unauthorized' for url 'https://api.tradier.com/v1/markets/quotes?symbols=TSLA261005C00250000%2CTSLA261005C00255000%2CTSLA261005C00260000%2CTSLA261005C00265000%2CTSLA261005C00270000%2CTSLA261005C00275000%2CTSLA261005C00280000%2CTSLA261005C00285000%2CTSLA261005C00290000%2CTSLA261005C00295000%2CTSLA261005C00300000%2CTSLA261005C00305000%2CTSLA261005C00310000%2CTSLA261005C00315000%2CTSLA261005C00317500%2CTSLA261005C00320000%2CTSLA261005C00322500%2CTSLA261005C00325000%2CTSLA261005C00327500%2CTSLA261005C00330000%2CTSLA261005C00332500%2CTSLA261005C00335000%2CTSLA261005C00337500%2CTSLA261005C00340000%2CTSLA261005C00342500%2CTSLA261005C00345000%2CTSLA261005C00347500%2CTSLA261005C00350000%2CTSLA261005C00352500%2CTSLA261005C00355000%2CTSLA261005C00357500%2CTSLA261005C00360000%2CTSLA261005C00362500%2CTSLA261005C00365000%2CTSLA261005C00367500%2CTSLA261005C00370000%2CTSLA261005C00372500%2CTSLA261005C00375000%2CTSLA261005C00377500%2CTSLA261005C00380000%2CTSLA261005C00382500%2CTSLA261005C00385000%2CTSLA261005C00387500%2CTSLA261005C00390000%2CTSLA261005C00392500%2CTSLA261005C00395000%2CTSLA261005C00397500%2CTSLA261005C00400000%2CTSLA261005C00402500%2CTSLA261005C00405000&greeks=true'
For more information check: https://developer.mozilla.org/en-US/docs/Web/HTTP/Status/401
2026-10-02T11:34:26 | INFO     | session_runner | AlpacaConfirmer: 0 confirmed symbols: []
2026-10-02T11:34:26 | WARNING  | session_runner | Re-scan returned no confirmed symbols — falling back to ['SPY']
2026-10-02T11:34:26 | INFO     | session_runner | Broad-market regime | SPY=short
2026-10-02T11:34:26 | INFO     | session_runner | [bridge:SPY] rsi_trend ready: sufficient bars
2026-10-02T11:34:26 | INFO     | session_runner | Stale signal: SPY/vwap_reclaim age=34 min > max 10 min — skipped
2026-10-02T11:34:26 | INFO     | session_runner | Stale signal: SPY/orb age=24 min > max 10 min — skipped
2026-10-02T11:34:26 | INFO     | session_runner | Stale signal: SPY/vwap_reclaim age=179 min > max 10 min — skipped
2026-10-02T11:34:26 | INFO     | session_runner | Stale signal: SPY/vwap_reclaim age=84 min > max 10 min — skipped
2026-10-02T11:34:56 | INFO     | session_runner | [cycle 242] 11:34:56 ET | positions=0 | entries=0
2026-10-02T11:34:57 | INFO     | session_runner | [bridge:SPY] rsi_trend ready: sufficient bars
2026-10-02T11:34:57 | INFO     | session_runner | Stale signal: SPY/vwap_reclaim age=35 min > max 10 min — skipped
2026-10-02T11:34:57 | INFO     | session_runner | Stale signal: SPY/orb age=25 min > max 10 min — skipped
2026-10-02T11:34:57 | INFO     | session_runner | Stale signal: SPY/vwap_reclaim age=180 min > max 10 min — skipped
2026-10-02T11:34:57 | INFO     | session_runner | Stale signal: SPY/vwap_reclaim age=85 min > max 10 min — skipped
2026-10-02T11:35:27 | INFO     | session_runner | [cycle 243] 11:35:27 ET | positions=0 | entries=0
2026-10-02T11:35:27 | INFO     | session_runner | [bridge:SPY] rsi_trend ready: sufficient bars
2026-10-02T11:35:27 | INFO     | session_runner | Stale signal: SPY/vwap_reclaim age=35 min > max 10 min — skipped
2026-10-02T11:35:27 | INFO     | session_runner | Stale signal: SPY/orb age=25 min > max 10 min — skipped
2026-10-02T11:35:27 | INFO     | session_runner | Stale signal: SPY/vwap_reclaim age=180 min > max 10 min — skipped
2026-10-02T11:35:27 | INFO     | session_runner | Stale signal: SPY/vwap_reclaim age=85 min > max 10 min — skipped
2026-10-02T11:35:57 | INFO     | session_runner | [cycle 244] 11:35:57 ET | positions=0 | entries=0
2026-10-02T11:35:57 | INFO     | session_runner | [bridge:SPY] rsi_trend ready: sufficient bars
2026-10-02T11:35:57 | INFO     | session_runner | Stale signal: SPY/vwap_reclaim age=36 min > max 10 min — skipped
2026-10-02T11:35:57 | INFO     | session_runner | Stale signal: SPY/orb age=26 min > max 10 min — skipped
2026-10-02T11:35:57 | INFO     | session_runner | Stale signal: SPY/vwap_reclaim age=181 min > max 10 min — skipped
2026-10-02T11:35:57 | INFO     | session_runner | Stale signal: SPY/vwap_reclaim age=86 min > max 10 min — skipped
2026-10-02T11:36:27 | INFO     | session_runner | [cycle 245] 11:36:27 ET | positions=0 | entries=0
2026-10-02T11:36:28 | INFO     | session_runner | [bridge:SPY] rsi_trend ready: sufficient bars
2026-10-02T11:36:28 | INFO     | session_runner | Stale signal: SPY/vwap_reclaim age=36 min > max 10 min — skipped
2026-10-02T11:36:28 | INFO     | session_runner | Stale signal: SPY/orb age=26 min > max 10 min — skipped
2026-10-02T11:36:28 | INFO     | session_runner | Stale signal: SPY/vwap_reclaim age=181 min > max 10 min — skipped
2026-10-02T11:36:28 | INFO     | session_runner | Stale signal: SPY/vwap_reclaim age=86 min > max 10 min — skipped
2026-10-02T11:36:58 | INFO     | session_runner | [cycle 246] 11:36:58 ET | positions=0 | entries=0
2026-10-02T11:36:58 | INFO     | session_runner | [bridge:SPY] rsi_trend ready: sufficient bars
2026-10-02T11:36:58 | INFO     | session_runner | Stale signal: SPY/vwap_reclaim age=37 min > max 10 min — skipped
2026-10-02T11:36:58 | INFO     | session_runner | Stale signal: SPY/orb age=27 min > max 10 min — skipped
2026-10-02T11:36:58 | INFO     | session_runner | Stale signal: SPY/vwap_reclaim age=182 min > max 10 min — skipped
2026-10-02T11:36:58 | INFO     | session_runner | Stale signal: SPY/vwap_reclaim age=87 min > max 10 min — skipped
2026-10-02T11:37:28 | INFO     | session_runner | [cycle 247] 11:37:28 ET | positions=0 | entries=0
2026-10-02T11:37:28 | INFO     | session_runner | [bridge:SPY] rsi_trend ready: sufficient bars
2026-10-02T11:37:28 | INFO     | session_runner | Stale signal: SPY/vwap_reclaim age=37 min > max 10 min — skipped
2026-10-02T11:37:28 | INFO     | session_runner | Stale signal: SPY/orb age=27 min > max 10 min — skipped
2026-10-02T11:37:28 | INFO     | session_runner | Stale signal: SPY/vwap_reclaim age=182 min > max 10 min — skipped
2026-10-02T11:37:28 | INFO     | session_runner | Stale signal: SPY/vwap_reclaim age=87 min > max 10 min — skipped
2026-10-02T11:37:58 | INFO     | session_runner | [cycle 248] 11:37:58 ET | positions=0 | entries=0
2026-10-02T11:37:59 | INFO     | session_runner | [bridge:SPY] rsi_trend ready: sufficient bars
2026-10-02T11:37:59 | INFO     | session_runner | Stale signal: SPY/vwap_reclaim age=38 min > max 10 min — skipped
2026-10-02T11:37:59 | INFO     | session_runner | Stale signal: SPY/orb age=28 min > max 10 min — skipped
2026-10-02T11:37:59 | INFO     | session_runner | Stale signal: SPY/vwap_reclaim age=183 min > max 10 min — skipped
2026-10-02T11:37:59 | INFO     | session_runner | Stale signal: SPY/vwap_reclaim age=88 min > max 10 min — skipped
2026-10-02T11:38:29 | INFO     | session_runner | [cycle 249] 11:38:29 ET | positions=0 | entries=0
2026-10-02T11:38:29 | INFO     | session_runner | [bridge:SPY] rsi_trend ready: sufficient bars
2026-10-02T11:38:29 | INFO     | session_runner | Stale signal: SPY/vwap_reclaim age=38 min > max 10 min — skipped
2026-10-02T11:38:29 | INFO     | session_runner | Stale signal: SPY/orb age=28 min > max 10 min — skipped
2026-10-02T11:38:29 | INFO     | session_runner | Stale signal: SPY/vwap_reclaim age=183 min > max 10 min — skipped
2026-10-02T11:38:29 | INFO     | session_runner | Stale signal: SPY/vwap_reclaim age=88 min > max 10 min — skipped
2026-10-02T11:38:59 | INFO     | session_runner | [cycle 250] 11:38:59 ET | positions=0 | entries=0
2026-10-02T11:38:59 | INFO     | session_runner | [bridge:SPY] rsi_trend ready: sufficient bars
2026-10-02T11:38:59 | INFO     | session_runner | Stale signal: SPY/vwap_reclaim age=39 min > max 10 min — skipped
2026-10-02T11:38:59 | INFO     | session_runner | Stale signal: SPY/orb age=29 min > max 10 min — skipped
2026-10-02T11:38:59 | INFO     | session_runner | Stale signal: SPY/vwap_reclaim age=184 min > max 10 min — skipped
2026-10-02T11:38:59 | INFO     | session_runner | Stale signal: SPY/vwap_reclaim age=89 min > max 10 min — skipped
2026-10-02T11:39:29 | INFO     | session_runner | [cycle 251] 11:39:29 ET | positions=0 | entries=0
2026-10-02T11:39:29 | INFO     | session_runner | Periodic universe re-scan …
2026-10-02T11:39:29 | INFO     | app.scanning.universe_loader | UniverseLoader: loaded 5 groups (13 flat symbols) from config/ticker_universe.yaml (blacklist=0)
2026-10-02T11:39:29 | INFO     | app.scanning.universe_loader | UniverseLoader: 38 symbols from 4 group(s) (blacklist=0)
2026-10-02T11:39:29 | INFO     | session_runner | Universe scan: 38 symbols from 4 group(s) | max_active=6
2026-10-02T11:39:34 | INFO     | session_runner | Scan: 21 passed, 17 rejected
2026-10-02T11:39:34 | INFO     | session_runner |   TSLA    score=95.0  signal=LONG     reasons: rvol=2.56x (high), atr=3.19% (wide-range), orb_breakout
2026-10-02T11:39:34 | INFO     | session_runner |   RIVN    score=85.0  signal=SHORT    reasons: rvol=3.99x (high), atr=4.80% (wide-range), orb_breakdown
2026-10-02T11:39:34 | INFO     | session_runner |   DKNG    score=85.0  signal=SHORT    reasons: rvol=2.06x (high), atr=5.93% (wide-range), orb_breakdown
2026-10-02T11:39:34 | INFO     | session_runner |   MARA    score=77.0  signal=SHORT    reasons: rvol=1.55x (elevated), atr=6.99% (wide-range), orb_breakdown
2026-10-02T11:39:34 | INFO     | session_runner |   RIOT    score=77.0  signal=SHORT    reasons: rvol=1.60x (elevated), atr=6.95% (wide-range), orb_breakdown
2026-10-02T11:39:34 | WARNING  | app.scanning.alpaca_confirmer | AlpacaConfirmer: cannot fetch chain for MSFT 2026-10-05: Client error '401 Unauthorized' for url 'https://api.tradier.com/v1/markets/quotes?symbols=MSFT261005C00420000%2CMSFT261005C00425000%2CMSFT261005C00430000%2CMSFT261005C00435000%2CMSFT261005C00440000%2CMSFT261005C00445000%2CMSFT261005C00450000%2CMSFT261005C00452500%2CMSFT261005C00455000%2CMSFT261005C00457500%2CMSFT261005C00460000%2CMSFT261005C00462500%2CMSFT261005C00465000%2CMSFT261005C00467500%2CMSFT261005C00470000%2CMSFT261005C00472500%2CMSFT261005C00475000%2CMSFT261005C00477500%2CMSFT261005C00480000%2CMSFT261005C00482500%2CMSFT261005C00485000%2CMSFT261005C00487500%2CMSFT261005C00490000%2CMSFT261005C00492500%2CMSFT261005C00495000%2CMSFT261005C00497500%2CMSFT261005C00500000%2CMSFT261005C00502500%2CMSFT261005C00505000%2CMSFT261005C00507500%2CMSFT261005C00510000%2CMSFT261005C00512500%2CMSFT261005C00515000%2CMSFT261005C00517500%2CMSFT261005C00520000%2CMSFT261005C00522500%2CMSFT261005C00525000%2CMSFT261005C00527500%2CMSFT261005C00530000%2CMSFT261005C00532500%2CMSFT261005C00535000%2CMSFT261005C00537500%2CMSFT261005C00540000%2CMSFT261005C00542500%2CMSFT261005C00545000%2CMSFT261005C00547500%2CMSFT261005C00550000%2CMSFT261005C00552500%2CMSFT261005C00555000%2CMSFT261005C00557500&greeks=true'
For more information check: https://developer.mozilla.org/en-US/docs/Web/HTTP/Status/401
2026-10-02T11:39:34 | WARNING  | app.scanning.alpaca_confirmer | AlpacaConfirmer: cannot fetch chain for SOFI 2026-10-09: Client error '401 Unauthorized' for url 'https://api.tradier.com/v1/markets/quotes?symbols=SOFI261009C00005000%2CSOFI261009C00009000%2CSOFI261009C00010000%2CSOFI261009C00011000%2CSOFI261009C00011500%2CSOFI261009C00012000%2CSOFI261009C00012500%2CSOFI261009C00013000%2CSOFI261009C00013500%2CSOFI261009C00014000%2CSOFI261009C00014500%2CSOFI261009C00015000%2CSOFI261009C00015500%2CSOFI261009C00016000%2CSOFI261009C00016500%2CSOFI261009C00017000%2CSOFI261009C00017500%2CSOFI261009C00018000%2CSOFI261009C00018500%2CSOFI261009C00019000%2CSOFI261009C00019500%2CSOFI261009C00020000%2CSOFI261009C00020500%2CSOFI261009C00021000%2CSOFI261009C00021500%2CSOFI261009C00022000%2CSOFI261009C00022500%2CSOFI261009C00023000%2CSOFI261009C00023500%2CSOFI261009C00024000%2CSOFI261009C00025000%2CSOFI261009C00030000%2CSOFI261009P00005000%2CSOFI261009P00009000%2CSOFI261009P00010000%2CSOFI261009P00011000%2CSOFI261009P00011500%2CSOFI261009P00012000%2CSOFI261009P00012500%2CSOFI261009P00013000%2CSOFI261009P00013500%2CSOFI261009P00014000%2CSOFI261009P00014500%2CSOFI261009P00015000%2CSOFI261009P00015500%2CSOFI261009P00016000%2CSOFI261009P00016500%2CSOFI261009P00017000%2CSOFI261009P00017500%2CSOFI261009P00018000&greeks=true'
For more information check: https://developer.mozilla.org/en-US/docs/Web/HTTP/Status/401
2026-10-02T11:39:34 | WARNING  | app.scanning.alpaca_confirmer | AlpacaConfirmer: cannot fetch chain for MARA 2026-10-09: Client error '401 Unauthorized' for url 'https://api.tradier.com/v1/markets/quotes?symbols=MARA261009C00004000%2CMARA261009C00005000%2CMARA261009C00006000%2CMARA261009C00006500%2CMARA261009C00007000%2CMARA261009C00007500%2CMARA261009C00008000%2CMARA261009C00008500%2CMARA261009C00009000%2CMARA261009C00009500%2CMARA261009C00010000%2CMARA261009C00010500%2CMARA261009C00011000%2CMARA261009C00011500%2CMARA261009C00012000%2CMARA261009C00012500%2CMARA261009C00013000%2CMARA261009C00013500%2CMARA261009C00014000%2CMARA261009C00014500%2CMARA261009C00015000%2CMARA261009C00015500%2CMARA261009C00016000%2CMARA261009C00016500%2CMARA261009C00017000%2CMARA261009C00017500%2CMARA261009C00018000%2CMARA261009C00019000%2CMARA261009C00020000%2CMARA261009C00021000%2CMARA261009C00022000%2CMARA261009C00023000%2CMARA261009P00004000%2CMARA261009P00005000%2CMARA261009P00006000%2CMARA261009P00006500%2CMARA261009P00007000%2CMARA261009P00007500%2CMARA261009P00008000%2CMARA261009P00008500%2CMARA261009P00009000%2CMARA261009P00009500%2CMARA261009P00010000%2CMARA261009P00010500%2CMARA261009P00011000%2CMARA261009P00011500%2CMARA261009P00012000%2CMARA261009P00012500%2CMARA261009P00013000%2CMARA261009P00013500&greeks=true'
For more information check: https://developer.mozilla.org/en-US/docs/Web/HTTP/Status/401
2026-10-02T11:39:34 | WARNING  | app.scanning.alpaca_confirmer | AlpacaConfirmer: cannot fetch chain for GOOGL 2026-10-05: Client error '401 Unauthorized' for url 'https://api.tradier.com/v1/markets/quotes?symbols=GOOGL261005C00265000%2CGOOGL261005C00270000%2CGOOGL261005C00275000%2CGOOGL261005C00280000%2CGOOGL261005C00285000%2CGOOGL261005C00290000%2CGOOGL261005C00295000%2CGOOGL261005C00300000%2CGOOGL261005C00305000%2CGOOGL261005C00307500%2CGOOGL261005C00310000%2CGOOGL261005C00312500%2CGOOGL261005C00315000%2CGOOGL261005C00317500%2CGOOGL261005C00320000%2CGOOGL261005C00322500%2CGOOGL261005C00325000%2CGOOGL261005C00327500%2CGOOGL261005C00330000%2CGOOGL261005C00332500%2CGOOGL261005C00335000%2CGOOGL261005C00337500%2CGOOGL261005C00340000%2CGOOGL261005C00342500%2CGOOGL261005C00345000%2CGOOGL261005C00347500%2CGOOGL261005C00350000%2CGOOGL261005C00352500%2CGOOGL261005C00355000%2CGOOGL261005C00357500%2CGOOGL261005C00360000%2CGOOGL261005C00362500%2CGOOGL261005C00365000%2CGOOGL261005C00367500%2CGOOGL261005C00370000%2CGOOGL261005C00372500%2CGOOGL261005C00375000%2CGOOGL261005C00377500%2CGOOGL261005C00380000%2CGOOGL261005C00382500%2CGOOGL261005C00385000%2CGOOGL261005C00387500%2CGOOGL261005C00390000%2CGOOGL261005C00392500%2CGOOGL261005C00395000%2CGOOGL261005C00397500%2CGOOGL261005C00400000%2CGOOGL261005C00402500%2CGOOGL261005C00405000%2CGOOGL261005C00407500&greeks=true'
For more information check: https://developer.mozilla.org/en-US/docs/Web/HTTP/Status/401
2026-10-02T11:39:34 | WARNING  | app.scanning.alpaca_confirmer | AlpacaConfirmer: cannot fetch chain for RIVN 2026-10-09: Client error '401 Unauthorized' for url 'https://api.tradier.com/v1/markets/quotes?symbols=RIVN261009C00005000%2CRIVN261009C00009000%2CRIVN261009C00010000%2CRIVN261009C00010500%2CRIVN261009C00011000%2CRIVN261009C00011500%2CRIVN261009C00012000%2CRIVN261009C00012500%2CRIVN261009C00013000%2CRIVN261009C00013500%2CRIVN261009C00014000%2CRIVN261009C00014500%2CRIVN261009C00015000%2CRIVN261009C00015500%2CRIVN261009C00016000%2CRIVN261009C00016500%2CRIVN261009C00017000%2CRIVN261009C00017500%2CRIVN261009C00018000%2CRIVN261009C00018500%2CRIVN261009C00019000%2CRIVN261009C00019500%2CRIVN261009C00020000%2CRIVN261009C00020500%2CRIVN261009C00021000%2CRIVN261009C00021500%2CRIVN261009C00022000%2CRIVN261009C00023000%2CRIVN261009C00024000%2CRIVN261009C00025000%2CRIVN261009C00030000%2CRIVN261009P00005000%2CRIVN261009P00009000%2CRIVN261009P00010000%2CRIVN261009P00010500%2CRIVN261009P00011000%2CRIVN261009P00011500%2CRIVN261009P00012000%2CRIVN261009P00012500%2CRIVN261009P00013000%2CRIVN261009P00013500%2CRIVN261009P00014000%2CRIVN261009P00014500%2CRIVN261009P00015000%2CRIVN261009P00015500%2CRIVN261009P00016000%2CRIVN261009P00016500%2CRIVN261009P00017000%2CRIVN261009P00017500%2CRIVN261009P00018000&greeks=true'
For more information check: https://developer.mozilla.org/en-US/docs/Web/HTTP/Status/401
2026-10-02T11:39:34 | WARNING  | app.scanning.alpaca_confirmer | AlpacaConfirmer: cannot fetch chain for TSLA 2026-10-05: Client error '401 Unauthorized' for url 'https://api.tradier.com/v1/markets/quotes?symbols=TSLA261005C00250000%2CTSLA261005C00255000%2CTSLA261005C00260000%2CTSLA261005C00265000%2CTSLA261005C00270000%2CTSLA261005C00275000%2CTSLA261005C00280000%2CTSLA261005C00285000%2CTSLA261005C00290000%2CTSLA261005C00295000%2CTSLA261005C00300000%2CTSLA261005C00305000%2CTSLA261005C00310000%2CTSLA261005C00315000%2CTSLA261005C00317500%2CTSLA261005C00320000%2CTSLA261005C00322500%2CTSLA261005C00325000%2CTSLA261005C00327500%2CTSLA261005C00330000%2CTSLA261005C00332500%2CTSLA261005C00335000%2CTSLA261005C00337500%2CTSLA261005C00340000%2CTSLA261005C00342500%2CTSLA261005C00345000%2CTSLA261005C00347500%2CTSLA261005C00350000%2CTSLA261005C00352500%2CTSLA261005C00355000%2CTSLA261005C00357500%2CTSLA261005C00360000%2CTSLA261005C00362500%2CTSLA261005C00365000%2CTSLA261005C00367500%2CTSLA261005C00370000%2CTSLA261005C00372500%2CTSLA261005C00375000%2CTSLA261005C00377500%2CTSLA261005C00380000%2CTSLA261005C00382500%2CTSLA261005C00385000%2CTSLA261005C00387500%2CTSLA261005C00390000%2CTSLA261005C00392500%2CTSLA261005C00395000%2CTSLA261005C00397500%2CTSLA261005C00400000%2CTSLA261005C00402500%2CTSLA261005C00405000&greeks=true'
For more information check: https://developer.mozilla.org/en-US/docs/Web/HTTP/Status/401
2026-10-02T11:39:34 | WARNING  | app.scanning.alpaca_confirmer | AlpacaConfirmer: cannot fetch chain for IWM 2026-10-05: Client error '401 Unauthorized' for url 'https://api.tradier.com/v1/markets/quotes?symbols=IWM261005C00180000%2CIWM261005C00190000%2CIWM261005C00200000%2CIWM261005C00205000%2CIWM261005C00210000%2CIWM261005C00215000%2CIWM261005C00220000%2CIWM261005C00225000%2CIWM261005C00230000%2CIWM261005C00235000%2CIWM261005C00240000%2CIWM261005C00245000%2CIWM261005C00250000%2CIWM261005C00255000%2CIWM261005C00260000%2CIWM261005C00261000%2CIWM261005C00262000%2CIWM261005C00263000%2CIWM261005C00264000%2CIWM261005C00265000%2CIWM261005C00266000%2CIWM261005C00267000%2CIWM261005C00268000%2CIWM261005C00269000%2CIWM261005C00270000%2CIWM261005C00271000%2CIWM261005C00272000%2CIWM261005C00273000%2CIWM261005C00274000%2CIWM261005C00275000%2CIWM261005C00276000%2CIWM261005C00277000%2CIWM261005C00278000%2CIWM261005C00279000%2CIWM261005C00280000%2CIWM261005C00281000%2CIWM261005C00282000%2CIWM261005C00283000%2CIWM261005C00284000%2CIWM261005C00285000%2CIWM261005C00286000%2CIWM261005C00287000%2CIWM261005C00288000%2CIWM261005C00289000%2CIWM261005C00290000%2CIWM261005C00291000%2CIWM261005C00292000%2CIWM261005C00293000%2CIWM261005C00294000%2CIWM261005C00295000&greeks=true'
For more information check: https://developer.mozilla.org/en-US/docs/Web/HTTP/Status/401
2026-10-02T11:39:34 | WARNING  | app.scanning.alpaca_confirmer | AlpacaConfirmer: cannot fetch chain for SPY 2026-10-05: Client error '401 Unauthorized' for url 'https://api.tradier.com/v1/markets/quotes?symbols=SPY261005C00550000%2CSPY261005C00555000%2CSPY261005C00560000%2CSPY261005C00565000%2CSPY261005C00570000%2CSPY261005C00575000%2CSPY261005C00580000%2CSPY261005C00585000%2CSPY261005C00590000%2CSPY261005C00595000%2CSPY261005C00600000%2CSPY261005C00605000%2CSPY261005C00610000%2CSPY261005C00615000%2CSPY261005C00620000%2CSPY261005C00625000%2CSPY261005C00630000%2CSPY261005C00635000%2CSPY261005C00640000%2CSPY261005C00645000%2CSPY261005C00650000%2CSPY261005C00655000%2CSPY261005C00660000%2CSPY261005C00665000%2CSPY261005C00670000%2CSPY261005C00675000%2CSPY261005C00680000%2CSPY261005C00685000%2CSPY261005C00690000%2CSPY261005C00695000%2CSPY261005C00700000%2CSPY261005C00705000%2CSPY261005C00710000%2CSPY261005C00715000%2CSPY261005C00720000%2CSPY261005C00723000%2CSPY261005C00724000%2CSPY261005C00725000%2CSPY261005C00726000%2CSPY261005C00727000%2CSPY261005C00728000%2CSPY261005C00729000%2CSPY261005C00730000%2CSPY261005C00731000%2CSPY261005C00732000%2CSPY261005C00733000%2CSPY261005C00734000%2CSPY261005C00735000%2CSPY261005C00736000%2CSPY261005C00737000&greeks=true'
For more information check: https://developer.mozilla.org/en-US/docs/Web/HTTP/Status/401
2026-10-02T11:39:34 | WARNING  | app.scanning.alpaca_confirmer | AlpacaConfirmer: cannot fetch chain for RIOT 2026-10-09: Client error '401 Unauthorized' for url 'https://api.tradier.com/v1/markets/quotes?symbols=RIOT261009C00008000%2CRIOT261009C00009000%2CRIOT261009C00010000%2CRIOT261009C00011000%2CRIOT261009C00012000%2CRIOT261009C00013000%2CRIOT261009C00014000%2CRIOT261009C00015000%2CRIOT261009C00016000%2CRIOT261009C00017000%2CRIOT261009C00017500%2CRIOT261009C00018000%2CRIOT261009C00018500%2CRIOT261009C00019000%2CRIOT261009C00019500%2CRIOT261009C00020000%2CRIOT261009C00020500%2CRIOT261009C00021000%2CRIOT261009C00021500%2CRIOT261009C00022000%2CRIOT261009C00022500%2CRIOT261009C00023000%2CRIOT261009C00023500%2CRIOT261009C00024000%2CRIOT261009C00024500%2CRIOT261009C00025000%2CRIOT261009C00025500%2CRIOT261009C00026000%2CRIOT261009C00026500%2CRIOT261009C00027000%2CRIOT261009C00027500%2CRIOT261009C00028000%2CRIOT261009C00028500%2CRIOT261009C00029000%2CRIOT261009C00029500%2CRIOT261009C00030000%2CRIOT261009C00031000%2CRIOT261009C00032000%2CRIOT261009C00033000%2CRIOT261009C00034000%2CRIOT261009C00035000%2CRIOT261009P00008000%2CRIOT261009P00009000%2CRIOT261009P00010000%2CRIOT261009P00011000%2CRIOT261009P00012000%2CRIOT261009P00013000%2CRIOT261009P00014000%2CRIOT261009P00015000%2CRIOT261009P00016000&greeks=true'
For more information check: https://developer.mozilla.org/en-US/docs/Web/HTTP/Status/401
2026-10-02T11:39:34 | WARNING  | app.scanning.alpaca_confirmer | AlpacaConfirmer: cannot fetch chain for XLF 2026-10-05: Client error '401 Unauthorized' for url 'https://api.tradier.com/v1/markets/quotes?symbols=XLF261005C00041000%2CXLF261005C00042000%2CXLF261005C00043000%2CXLF261005C00044000%2CXLF261005C00045000%2CXLF261005C00046000%2CXLF261005C00047000%2CXLF261005C00048000%2CXLF261005C00049000%2CXLF261005C00050000%2CXLF261005C00050500%2CXLF261005C00051000%2CXLF261005C00051500%2CXLF261005C00052000%2CXLF261005C00052500%2CXLF261005C00053000%2CXLF261005C00053500%2CXLF261005C00054000%2CXLF261005C00054500%2CXLF261005C00055000%2CXLF261005C00055500%2CXLF261005C00056000%2CXLF261005C00056500%2CXLF261005C00057000%2CXLF261005C00057500%2CXLF261005C00058000%2CXLF261005C00058500%2CXLF261005C00059000%2CXLF261005C00059500%2CXLF261005C00060000%2CXLF261005C00060500%2CXLF261005C00061000%2CXLF261005C00061500%2CXLF261005C00062000%2CXLF261005C00062500%2CXLF261005C00063000%2CXLF261005C00063500%2CXLF261005C00064000%2CXLF261005C00064500%2CXLF261005C00065000%2CXLF261005C00066000%2CXLF261005C00067000%2CXLF261005C00068000%2CXLF261005C00069000%2CXLF261005C00070000%2CXLF261005C00071000%2CXLF261005C00072000%2CXLF261005C00073000%2CXLF261005C00074000%2CXLF261005P00041000&greeks=true'
For more information check: https://developer.mozilla.org/en-US/docs/Web/HTTP/Status/401
2026-10-02T11:39:34 | WARNING  | app.scanning.alpaca_confirmer | AlpacaConfirmer: cannot fetch chain for DKNG 2026-10-09: Client error '401 Unauthorized' for url 'https://api.tradier.com/v1/markets/quotes?symbols=DKNG261009C00010000%2CDKNG261009C00011000%2CDKNG261009C00012000%2CDKNG261009C00013000%2CDKNG261009C00014000%2CDKNG261009C00015000%2CDKNG261009C00016000%2CDKNG261009C00017000%2CDKNG261009C00018000%2CDKNG261009C00019000%2CDKNG261009C00020000%2CDKNG261009C00020500%2CDKNG261009C00021000%2CDKNG261009C00021500%2CDKNG261009C00022000%2CDKNG261009C00022500%2CDKNG261009C00023000%2CDKNG261009C00023500%2CDKNG261009C00024000%2CDKNG261009C00024500%2CDKNG261009C00025000%2CDKNG261009C00025500%2CDKNG261009C00026000%2CDKNG261009C00026500%2CDKNG261009C00027000%2CDKNG261009C00027500%2CDKNG261009C00028000%2CDKNG261009C00028500%2CDKNG261009C00029000%2CDKNG261009C00030000%2CDKNG261009C00031000%2CDKNG261009C00032000%2CDKNG261009C00033000%2CDKNG261009C00034000%2CDKNG261009C00035000%2CDKNG261009P00010000%2CDKNG261009P00011000%2CDKNG261009P00012000%2CDKNG261009P00013000%2CDKNG261009P00014000%2CDKNG261009P00015000%2CDKNG261009P00016000%2CDKNG261009P00017000%2CDKNG261009P00018000%2CDKNG261009P00019000%2CDKNG261009P00020000%2CDKNG261009P00020500%2CDKNG261009P00021000%2CDKNG261009P00021500%2CDKNG261009P00022000&greeks=true'
For more information check: https://developer.mozilla.org/en-US/docs/Web/HTTP/Status/401
2026-10-02T11:39:35 | WARNING  | app.scanning.alpaca_confirmer | AlpacaConfirmer: cannot fetch chain for AMZN 2026-10-05: Client error '401 Unauthorized' for url 'https://api.tradier.com/v1/markets/quotes?symbols=AMZN261005C00180000%2CAMZN261005C00185000%2CAMZN261005C00190000%2CAMZN261005C00195000%2CAMZN261005C00200000%2CAMZN261005C00205000%2CAMZN261005C00210000%2CAMZN261005C00215000%2CAMZN261005C00220000%2CAMZN261005C00222500%2CAMZN261005C00225000%2CAMZN261005C00227500%2CAMZN261005C00230000%2CAMZN261005C00232500%2CAMZN261005C00235000%2CAMZN261005C00237500%2CAMZN261005C00240000%2CAMZN261005C00242500%2CAMZN261005C00245000%2CAMZN261005C00247500%2CAMZN261005C00250000%2CAMZN261005C00252500%2CAMZN261005C00255000%2CAMZN261005C00257500%2CAMZN261005C00260000%2CAMZN261005C00262500%2CAMZN261005C00265000%2CAMZN261005C00267500%2CAMZN261005C00270000%2CAMZN261005C00272500%2CAMZN261005C00275000%2CAMZN261005C00277500%2CAMZN261005C00280000%2CAMZN261005C00282500%2CAMZN261005C00285000%2CAMZN261005C00290000%2CAMZN261005C00295000%2CAMZN261005C00300000%2CAMZN261005C00305000%2CAMZN261005C00310000%2CAMZN261005C00315000%2CAMZN261005C00320000%2CAMZN261005C00325000%2CAMZN261005C00330000%2CAMZN261005C00335000%2CAMZN261005P00180000%2CAMZN261005P00185000%2CAMZN261005P00190000%2CAMZN261005P00195000%2CAMZN261005P00200000&greeks=true'
For more information check: https://developer.mozilla.org/en-US/docs/Web/HTTP/Status/401
2026-10-02T11:39:35 | INFO     | session_runner | AlpacaConfirmer: 0 confirmed symbols: []
2026-10-02T11:39:35 | WARNING  | session_runner | Re-scan returned no confirmed symbols — falling back to ['SPY']
2026-10-02T11:39:35 | INFO     | session_runner | Broad-market regime | SPY=short
2026-10-02T11:39:35 | INFO     | session_runner | [bridge:SPY] rsi_trend ready: sufficient bars
2026-10-02T11:39:35 | INFO     | session_runner | Stale signal: SPY/vwap_reclaim age=39 min > max 10 min — skipped
2026-10-02T11:39:35 | INFO     | session_runner | Stale signal: SPY/orb age=29 min > max 10 min — skipped
2026-10-02T11:39:35 | INFO     | session_runner | Stale signal: SPY/vwap_reclaim age=184 min > max 10 min — skipped
2026-10-02T11:39:35 | INFO     | session_runner | Stale signal: SPY/vwap_reclaim age=89 min > max 10 min — skipped
2026-10-02T11:40:05 | INFO     | session_runner | [cycle 252] 11:40:05 ET | positions=0 | entries=0
2026-10-02T11:40:05 | INFO     | session_runner | [bridge:SPY] rsi_trend ready: sufficient bars
2026-10-02T11:40:05 | INFO     | session_runner | Stale signal: SPY/vwap_reclaim age=40 min > max 10 min — skipped
2026-10-02T11:40:05 | INFO     | session_runner | Stale signal: SPY/orb age=30 min > max 10 min — skipped
2026-10-02T11:40:05 | INFO     | session_runner | Stale signal: SPY/vwap_reclaim age=185 min > max 10 min — skipped
2026-10-02T11:40:05 | INFO     | session_runner | Stale signal: SPY/vwap_reclaim age=90 min > max 10 min — skipped
2026-10-02T11:40:35 | INFO     | session_runner | [cycle 253] 11:40:35 ET | positions=0 | entries=0
2026-10-02T11:40:36 | INFO     | session_runner | [bridge:SPY] rsi_trend ready: sufficient bars
2026-10-02T11:40:36 | INFO     | session_runner | Stale signal: SPY/vwap_reclaim age=41 min > max 10 min — skipped
2026-10-02T11:40:36 | INFO     | session_runner | Stale signal: SPY/orb age=31 min > max 10 min — skipped
2026-10-02T11:40:36 | INFO     | session_runner | Stale signal: SPY/vwap_reclaim age=186 min > max 10 min — skipped
2026-10-02T11:40:36 | INFO     | session_runner | Stale signal: SPY/vwap_reclaim age=91 min > max 10 min — skipped
2026-10-02T11:41:06 | INFO     | session_runner | [cycle 254] 11:41:06 ET | positions=0 | entries=0
2026-10-02T11:41:06 | INFO     | session_runner | [bridge:SPY] rsi_trend ready: sufficient bars
2026-10-02T11:41:06 | INFO     | session_runner | Stale signal: SPY/vwap_reclaim age=41 min > max 10 min — skipped
2026-10-02T11:41:06 | INFO     | session_runner | Stale signal: SPY/orb age=31 min > max 10 min — skipped
2026-10-02T11:41:06 | INFO     | session_runner | Stale signal: SPY/vwap_reclaim age=186 min > max 10 min — skipped
2026-10-02T11:41:06 | INFO     | session_runner | Stale signal: SPY/vwap_reclaim age=91 min > max 10 min — skipped
2026-10-02T11:41:36 | INFO     | session_runner | [cycle 255] 11:41:36 ET | positions=0 | entries=0
2026-10-02T11:41:36 | INFO     | session_runner | [bridge:SPY] rsi_trend ready: sufficient bars
2026-10-02T11:41:36 | INFO     | session_runner | Stale signal: SPY/vwap_reclaim age=42 min > max 10 min — skipped
2026-10-02T11:41:36 | INFO     | session_runner | Stale signal: SPY/orb age=32 min > max 10 min — skipped
2026-10-02T11:41:36 | INFO     | session_runner | Stale signal: SPY/vwap_reclaim age=187 min > max 10 min — skipped
2026-10-02T11:41:36 | INFO     | session_runner | Stale signal: SPY/vwap_reclaim age=92 min > max 10 min — skipped
2026-10-02T11:42:06 | INFO     | session_runner | [cycle 256] 11:42:06 ET | positions=0 | entries=0
2026-10-02T11:42:07 | INFO     | session_runner | [bridge:SPY] rsi_trend ready: sufficient bars
2026-10-02T11:42:07 | INFO     | session_runner | Stale signal: SPY/vwap_reclaim age=42 min > max 10 min — skipped
2026-10-02T11:42:07 | INFO     | session_runner | Stale signal: SPY/orb age=32 min > max 10 min — skipped
2026-10-02T11:42:07 | INFO     | session_runner | Stale signal: SPY/vwap_reclaim age=187 min > max 10 min — skipped
2026-10-02T11:42:07 | INFO     | session_runner | Stale signal: SPY/vwap_reclaim age=92 min > max 10 min — skipped
2026-10-02T11:42:37 | INFO     | session_runner | [cycle 257] 11:42:37 ET | positions=0 | entries=0
2026-10-02T11:42:37 | INFO     | session_runner | [bridge:SPY] rsi_trend ready: sufficient bars
2026-10-02T11:42:37 | INFO     | session_runner | Stale signal: SPY/vwap_reclaim age=43 min > max 10 min — skipped
2026-10-02T11:42:37 | INFO     | session_runner | Stale signal: SPY/orb age=33 min > max 10 min — skipped
2026-10-02T11:42:37 | INFO     | session_runner | Stale signal: SPY/vwap_reclaim age=188 min > max 10 min — skipped
2026-10-02T11:42:37 | INFO     | session_runner | Stale signal: SPY/vwap_reclaim age=93 min > max 10 min — skipped
2026-10-02T11:43:07 | INFO     | session_runner | [cycle 258] 11:43:07 ET | positions=0 | entries=0
2026-10-02T11:43:07 | INFO     | session_runner | [bridge:SPY] rsi_trend ready: sufficient bars
2026-10-02T11:43:07 | INFO     | session_runner | Stale signal: SPY/vwap_reclaim age=43 min > max 10 min — skipped
2026-10-02T11:43:07 | INFO     | session_runner | Stale signal: SPY/orb age=33 min > max 10 min — skipped
2026-10-02T11:43:07 | INFO     | session_runner | Stale signal: SPY/vwap_reclaim age=188 min > max 10 min — skipped
2026-10-02T11:43:07 | INFO     | session_runner | Stale signal: SPY/vwap_reclaim age=93 min > max 10 min — skipped
2026-10-02T11:43:37 | INFO     | session_runner | [cycle 259] 11:43:37 ET | positions=0 | entries=0
2026-10-02T11:43:38 | INFO     | session_runner | [bridge:SPY] rsi_trend ready: sufficient bars
2026-10-02T11:43:38 | INFO     | session_runner | Stale signal: SPY/vwap_reclaim age=44 min > max 10 min — skipped
2026-10-02T11:43:38 | INFO     | session_runner | Stale signal: SPY/orb age=34 min > max 10 min — skipped
2026-10-02T11:43:38 | INFO     | session_runner | Stale signal: SPY/vwap_reclaim age=189 min > max 10 min — skipped
2026-10-02T11:43:38 | INFO     | session_runner | Stale signal: SPY/vwap_reclaim age=94 min > max 10 min — skipped
2026-10-02T11:44:08 | INFO     | session_runner | [cycle 260] 11:44:08 ET | positions=0 | entries=0
2026-10-02T11:44:08 | INFO     | session_runner | [bridge:SPY] rsi_trend ready: sufficient bars
2026-10-02T11:44:08 | INFO     | session_runner | Stale signal: SPY/vwap_reclaim age=44 min > max 10 min — skipped
2026-10-02T11:44:08 | INFO     | session_runner | Stale signal: SPY/orb age=34 min > max 10 min — skipped
2026-10-02T11:44:08 | INFO     | session_runner | Stale signal: SPY/vwap_reclaim age=189 min > max 10 min — skipped
2026-10-02T11:44:08 | INFO     | session_runner | Stale signal: SPY/vwap_reclaim age=94 min > max 10 min — skipped
2026-10-02T11:44:38 | INFO     | session_runner | [cycle 261] 11:44:38 ET | positions=0 | entries=0
2026-10-02T11:44:38 | INFO     | app.trading.reconciler | Reconciliation done: broker_pos=0 local_pos=0 broker_orders=0 local_pending=0 repaired=0 flagged=0 orders_confirmed=True positions_confirmed=True
2026-10-02T11:44:38 | INFO     | session_runner | Periodic universe re-scan …
2026-10-02T11:44:38 | INFO     | app.scanning.universe_loader | UniverseLoader: loaded 5 groups (13 flat symbols) from config/ticker_universe.yaml (blacklist=0)
2026-10-02T11:44:38 | INFO     | app.scanning.universe_loader | UniverseLoader: 38 symbols from 4 group(s) (blacklist=0)
2026-10-02T11:44:38 | INFO     | session_runner | Universe scan: 38 symbols from 4 group(s) | max_active=6
2026-10-02T11:44:42 | INFO     | session_runner | Scan: 20 passed, 18 rejected
2026-10-02T11:44:42 | INFO     | session_runner |   TSLA    score=95.0  signal=LONG     reasons: rvol=2.50x (high), atr=3.19% (wide-range), orb_breakout
2026-10-02T11:44:42 | INFO     | session_runner |   IWM     score=88.0  signal=SHORT    reasons: rvol=2.36x (high), atr=1.31% (good range), orb_breakdown
2026-10-02T11:44:42 | INFO     | session_runner |   DKNG    score=85.0  signal=SHORT    reasons: rvol=2.03x (high), atr=6.01% (wide-range), orb_breakdown
2026-10-02T11:44:42 | INFO     | session_runner |   MARA    score=77.0  signal=SHORT    reasons: rvol=1.52x (elevated), atr=6.99% (wide-range), orb_breakdown
2026-10-02T11:44:42 | INFO     | session_runner |   AMZN    score=75.0  signal=SHORT    reasons: rvol=1.26x (normal), atr=2.11% (wide-range), orb_breakdown
2026-10-02T11:44:43 | WARNING  | app.scanning.alpaca_confirmer | AlpacaConfirmer: cannot fetch chain for TSLA 2026-10-05: Client error '401 Unauthorized' for url 'https://api.tradier.com/v1/markets/quotes?symbols=TSLA261005C00250000%2CTSLA261005C00255000%2CTSLA261005C00260000%2CTSLA261005C00265000%2CTSLA261005C00270000%2CTSLA261005C00275000%2CTSLA261005C00280000%2CTSLA261005C00285000%2CTSLA261005C00290000%2CTSLA261005C00295000%2CTSLA261005C00300000%2CTSLA261005C00305000%2CTSLA261005C00310000%2CTSLA261005C00315000%2CTSLA261005C00317500%2CTSLA261005C00320000%2CTSLA261005C00322500%2CTSLA261005C00325000%2CTSLA261005C00327500%2CTSLA261005C00330000%2CTSLA261005C00332500%2CTSLA261005C00335000%2CTSLA261005C00337500%2CTSLA261005C00340000%2CTSLA261005C00342500%2CTSLA261005C00345000%2CTSLA261005C00347500%2CTSLA261005C00350000%2CTSLA261005C00352500%2CTSLA261005C00355000%2CTSLA261005C00357500%2CTSLA261005C00360000%2CTSLA261005C00362500%2CTSLA261005C00365000%2CTSLA261005C00367500%2CTSLA261005C00370000%2CTSLA261005C00372500%2CTSLA261005C00375000%2CTSLA261005C00377500%2CTSLA261005C00380000%2CTSLA261005C00382500%2CTSLA261005C00385000%2CTSLA261005C00387500%2CTSLA261005C00390000%2CTSLA261005C00392500%2CTSLA261005C00395000%2CTSLA261005C00397500%2CTSLA261005C00400000%2CTSLA261005C00402500%2CTSLA261005C00405000&greeks=true'
For more information check: https://developer.mozilla.org/en-US/docs/Web/HTTP/Status/401
2026-10-02T11:44:43 | WARNING  | app.scanning.alpaca_confirmer | AlpacaConfirmer: cannot fetch chain for IWM 2026-10-05: Client error '401 Unauthorized' for url 'https://api.tradier.com/v1/markets/quotes?symbols=IWM261005C00180000%2CIWM261005C00190000%2CIWM261005C00200000%2CIWM261005C00205000%2CIWM261005C00210000%2CIWM261005C00215000%2CIWM261005C00220000%2CIWM261005C00225000%2CIWM261005C00230000%2CIWM261005C00235000%2CIWM261005C00240000%2CIWM261005C00245000%2CIWM261005C00250000%2CIWM261005C00255000%2CIWM261005C00260000%2CIWM261005C00261000%2CIWM261005C00262000%2CIWM261005C00263000%2CIWM261005C00264000%2CIWM261005C00265000%2CIWM261005C00266000%2CIWM261005C00267000%2CIWM261005C00268000%2CIWM261005C00269000%2CIWM261005C00270000%2CIWM261005C00271000%2CIWM261005C00272000%2CIWM261005C00273000%2CIWM261005C00274000%2CIWM261005C00275000%2CIWM261005C00276000%2CIWM261005C00277000%2CIWM261005C00278000%2CIWM261005C00279000%2CIWM261005C00280000%2CIWM261005C00281000%2CIWM261005C00282000%2CIWM261005C00283000%2CIWM261005C00284000%2CIWM261005C00285000%2CIWM261005C00286000%2CIWM261005C00287000%2CIWM261005C00288000%2CIWM261005C00289000%2CIWM261005C00290000%2CIWM261005C00291000%2CIWM261005C00292000%2CIWM261005C00293000%2CIWM261005C00294000%2CIWM261005C00295000&greeks=true'
For more information check: https://developer.mozilla.org/en-US/docs/Web/HTTP/Status/401
2026-10-02T11:44:43 | WARNING  | app.scanning.alpaca_confirmer | AlpacaConfirmer: cannot fetch chain for GOOGL 2026-10-05: Client error '401 Unauthorized' for url 'https://api.tradier.com/v1/markets/quotes?symbols=GOOGL261005C00265000%2CGOOGL261005C00270000%2CGOOGL261005C00275000%2CGOOGL261005C00280000%2CGOOGL261005C00285000%2CGOOGL261005C00290000%2CGOOGL261005C00295000%2CGOOGL261005C00300000%2CGOOGL261005C00305000%2CGOOGL261005C00307500%2CGOOGL261005C00310000%2CGOOGL261005C00312500%2CGOOGL261005C00315000%2CGOOGL261005C00317500%2CGOOGL261005C00320000%2CGOOGL261005C00322500%2CGOOGL261005C00325000%2CGOOGL261005C00327500%2CGOOGL261005C00330000%2CGOOGL261005C00332500%2CGOOGL261005C00335000%2CGOOGL261005C00337500%2CGOOGL261005C00340000%2CGOOGL261005C00342500%2CGOOGL261005C00345000%2CGOOGL261005C00347500%2CGOOGL261005C00350000%2CGOOGL261005C00352500%2CGOOGL261005C00355000%2CGOOGL261005C00357500%2CGOOGL261005C00360000%2CGOOGL261005C00362500%2CGOOGL261005C00365000%2CGOOGL261005C00367500%2CGOOGL261005C00370000%2CGOOGL261005C00372500%2CGOOGL261005C00375000%2CGOOGL261005C00377500%2CGOOGL261005C00380000%2CGOOGL261005C00382500%2CGOOGL261005C00385000%2CGOOGL261005C00387500%2CGOOGL261005C00390000%2CGOOGL261005C00392500%2CGOOGL261005C00395000%2CGOOGL261005C00397500%2CGOOGL261005C00400000%2CGOOGL261005C00402500%2CGOOGL261005C00405000%2CGOOGL261005C00407500&greeks=true'
For more information check: https://developer.mozilla.org/en-US/docs/Web/HTTP/Status/401
2026-10-02T11:44:43 | WARNING  | app.scanning.alpaca_confirmer | AlpacaConfirmer: cannot fetch chain for DKNG 2026-10-09: Client error '401 Unauthorized' for url 'https://api.tradier.com/v1/markets/quotes?symbols=DKNG261009C00010000%2CDKNG261009C00011000%2CDKNG261009C00012000%2CDKNG261009C00013000%2CDKNG261009C00014000%2CDKNG261009C00015000%2CDKNG261009C00016000%2CDKNG261009C00017000%2CDKNG261009C00018000%2CDKNG261009C00019000%2CDKNG261009C00020000%2CDKNG261009C00020500%2CDKNG261009C00021000%2CDKNG261009C00021500%2CDKNG261009C00022000%2CDKNG261009C00022500%2CDKNG261009C00023000%2CDKNG261009C00023500%2CDKNG261009C00024000%2CDKNG261009C00024500%2CDKNG261009C00025000%2CDKNG261009C00025500%2CDKNG261009C00026000%2CDKNG261009C00026500%2CDKNG261009C00027000%2CDKNG261009C00027500%2CDKNG261009C00028000%2CDKNG261009C00028500%2CDKNG261009C00029000%2CDKNG261009C00030000%2CDKNG261009C00031000%2CDKNG261009C00032000%2CDKNG261009C00033000%2CDKNG261009C00034000%2CDKNG261009C00035000%2CDKNG261009P00010000%2CDKNG261009P00011000%2CDKNG261009P00012000%2CDKNG261009P00013000%2CDKNG261009P00014000%2CDKNG261009P00015000%2CDKNG261009P00016000%2CDKNG261009P00017000%2CDKNG261009P00018000%2CDKNG261009P00019000%2CDKNG261009P00020000%2CDKNG261009P00020500%2CDKNG261009P00021000%2CDKNG261009P00021500%2CDKNG261009P00022000&greeks=true'
For more information check: https://developer.mozilla.org/en-US/docs/Web/HTTP/Status/401
2026-10-02T11:44:43 | WARNING  | app.scanning.alpaca_confirmer | AlpacaConfirmer: cannot fetch chain for MARA 2026-10-09: Client error '401 Unauthorized' for url 'https://api.tradier.com/v1/markets/quotes?symbols=MARA261009C00004000%2CMARA261009C00005000%2CMARA261009C00006000%2CMARA261009C00006500%2CMARA261009C00007000%2CMARA261009C00007500%2CMARA261009C00008000%2CMARA261009C00008500%2CMARA261009C00009000%2CMARA261009C00009500%2CMARA261009C00010000%2CMARA261009C00010500%2CMARA261009C00011000%2CMARA261009C00011500%2CMARA261009C00012000%2CMARA261009C00012500%2CMARA261009C00013000%2CMARA261009C00013500%2CMARA261009C00014000%2CMARA261009C00014500%2CMARA261009C00015000%2CMARA261009C00015500%2CMARA261009C00016000%2CMARA261009C00016500%2CMARA261009C00017000%2CMARA261009C00017500%2CMARA261009C00018000%2CMARA261009C00019000%2CMARA261009C00020000%2CMARA261009C00021000%2CMARA261009C00022000%2CMARA261009C00023000%2CMARA261009P00004000%2CMARA261009P00005000%2CMARA261009P00006000%2CMARA261009P00006500%2CMARA261009P00007000%2CMARA261009P00007500%2CMARA261009P00008000%2CMARA261009P00008500%2CMARA261009P00009000%2CMARA261009P00009500%2CMARA261009P00010000%2CMARA261009P00010500%2CMARA261009P00011000%2CMARA261009P00011500%2CMARA261009P00012000%2CMARA261009P00012500%2CMARA261009P00013000%2CMARA261009P00013500&greeks=true'
For more information check: https://developer.mozilla.org/en-US/docs/Web/HTTP/Status/401
2026-10-02T11:44:43 | WARNING  | app.scanning.alpaca_confirmer | AlpacaConfirmer: cannot fetch chain for MSFT 2026-10-05: Client error '401 Unauthorized' for url 'https://api.tradier.com/v1/markets/quotes?symbols=MSFT261005C00420000%2CMSFT261005C00425000%2CMSFT261005C00430000%2CMSFT261005C00435000%2CMSFT261005C00440000%2CMSFT261005C00445000%2CMSFT261005C00450000%2CMSFT261005C00452500%2CMSFT261005C00455000%2CMSFT261005C00457500%2CMSFT261005C00460000%2CMSFT261005C00462500%2CMSFT261005C00465000%2CMSFT261005C00467500%2CMSFT261005C00470000%2CMSFT261005C00472500%2CMSFT261005C00475000%2CMSFT261005C00477500%2CMSFT261005C00480000%2CMSFT261005C00482500%2CMSFT261005C00485000%2CMSFT261005C00487500%2CMSFT261005C00490000%2CMSFT261005C00492500%2CMSFT261005C00495000%2CMSFT261005C00497500%2CMSFT261005C00500000%2CMSFT261005C00502500%2CMSFT261005C00505000%2CMSFT261005C00507500%2CMSFT261005C00510000%2CMSFT261005C00512500%2CMSFT261005C00515000%2CMSFT261005C00517500%2CMSFT261005C00520000%2CMSFT261005C00522500%2CMSFT261005C00525000%2CMSFT261005C00527500%2CMSFT261005C00530000%2CMSFT261005C00532500%2CMSFT261005C00535000%2CMSFT261005C00537500%2CMSFT261005C00540000%2CMSFT261005C00542500%2CMSFT261005C00545000%2CMSFT261005C00547500%2CMSFT261005C00550000%2CMSFT261005C00552500%2CMSFT261005C00555000%2CMSFT261005C00557500&greeks=true'
For more information check: https://developer.mozilla.org/en-US/docs/Web/HTTP/Status/401
2026-10-02T11:44:43 | WARNING  | app.scanning.alpaca_confirmer | AlpacaConfirmer: cannot fetch chain for AMZN 2026-10-05: Client error '401 Unauthorized' for url 'https://api.tradier.com/v1/markets/quotes?symbols=AMZN261005C00180000%2CAMZN261005C00185000%2CAMZN261005C00190000%2CAMZN261005C00195000%2CAMZN261005C00200000%2CAMZN261005C00205000%2CAMZN261005C00210000%2CAMZN261005C00215000%2CAMZN261005C00220000%2CAMZN261005C00222500%2CAMZN261005C00225000%2CAMZN261005C00227500%2CAMZN261005C00230000%2CAMZN261005C00232500%2CAMZN261005C00235000%2CAMZN261005C00237500%2CAMZN261005C00240000%2CAMZN261005C00242500%2CAMZN261005C00245000%2CAMZN261005C00247500%2CAMZN261005C00250000%2CAMZN261005C00252500%2CAMZN261005C00255000%2CAMZN261005C00257500%2CAMZN261005C00260000%2CAMZN261005C00262500%2CAMZN261005C00265000%2CAMZN261005C00267500%2CAMZN261005C00270000%2CAMZN261005C00272500%2CAMZN261005C00275000%2CAMZN261005C00277500%2CAMZN261005C00280000%2CAMZN261005C00282500%2CAMZN261005C00285000%2CAMZN261005C00290000%2CAMZN261005C00295000%2CAMZN261005C00300000%2CAMZN261005C00305000%2CAMZN261005C00310000%2CAMZN261005C00315000%2CAMZN261005C00320000%2CAMZN261005C00325000%2CAMZN261005C00330000%2CAMZN261005C00335000%2CAMZN261005P00180000%2CAMZN261005P00185000%2CAMZN261005P00190000%2CAMZN261005P00195000%2CAMZN261005P00200000&greeks=true'
For more information check: https://developer.mozilla.org/en-US/docs/Web/HTTP/Status/401
2026-10-02T11:44:43 | WARNING  | app.scanning.alpaca_confirmer | AlpacaConfirmer: cannot fetch chain for RIVN 2026-10-09: Client error '401 Unauthorized' for url 'https://api.tradier.com/v1/markets/quotes?symbols=RIVN261009C00005000%2CRIVN261009C00009000%2CRIVN261009C00010000%2CRIVN261009C00010500%2CRIVN261009C00011000%2CRIVN261009C00011500%2CRIVN261009C00012000%2CRIVN261009C00012500%2CRIVN261009C00013000%2CRIVN261009C00013500%2CRIVN261009C00014000%2CRIVN261009C00014500%2CRIVN261009C00015000%2CRIVN261009C00015500%2CRIVN261009C00016000%2CRIVN261009C00016500%2CRIVN261009C00017000%2CRIVN261009C00017500%2CRIVN261009C00018000%2CRIVN261009C00018500%2CRIVN261009C00019000%2CRIVN261009C00019500%2CRIVN261009C00020000%2CRIVN261009C00020500%2CRIVN261009C00021000%2CRIVN261009C00021500%2CRIVN261009C00022000%2CRIVN261009C00023000%2CRIVN261009C00024000%2CRIVN261009C00025000%2CRIVN261009C00030000%2CRIVN261009P00005000%2CRIVN261009P00009000%2CRIVN261009P00010000%2CRIVN261009P00010500%2CRIVN261009P00011000%2CRIVN261009P00011500%2CRIVN261009P00012000%2CRIVN261009P00012500%2CRIVN261009P00013000%2CRIVN261009P00013500%2CRIVN261009P00014000%2CRIVN261009P00014500%2CRIVN261009P00015000%2CRIVN261009P00015500%2CRIVN261009P00016000%2CRIVN261009P00016500%2CRIVN261009P00017000%2CRIVN261009P00017500%2CRIVN261009P00018000&greeks=true'
For more information check: https://developer.mozilla.org/en-US/docs/Web/HTTP/Status/401
2026-10-02T11:44:43 | WARNING  | app.scanning.alpaca_confirmer | AlpacaConfirmer: cannot fetch chain for SPY 2026-10-05: Client error '401 Unauthorized' for url 'https://api.tradier.com/v1/markets/quotes?symbols=SPY261005C00550000%2CSPY261005C00555000%2CSPY261005C00560000%2CSPY261005C00565000%2CSPY261005C00570000%2CSPY261005C00575000%2CSPY261005C00580000%2CSPY261005C00585000%2CSPY261005C00590000%2CSPY261005C00595000%2CSPY261005C00600000%2CSPY261005C00605000%2CSPY261005C00610000%2CSPY261005C00615000%2CSPY261005C00620000%2CSPY261005C00625000%2CSPY261005C00630000%2CSPY261005C00635000%2CSPY261005C00640000%2CSPY261005C00645000%2CSPY261005C00650000%2CSPY261005C00655000%2CSPY261005C00660000%2CSPY261005C00665000%2CSPY261005C00670000%2CSPY261005C00675000%2CSPY261005C00680000%2CSPY261005C00685000%2CSPY261005C00690000%2CSPY261005C00695000%2CSPY261005C00700000%2CSPY261005C00705000%2CSPY261005C00710000%2CSPY261005C00715000%2CSPY261005C00720000%2CSPY261005C00723000%2CSPY261005C00724000%2CSPY261005C00725000%2CSPY261005C00726000%2CSPY261005C00727000%2CSPY261005C00728000%2CSPY261005C00729000%2CSPY261005C00730000%2CSPY261005C00731000%2CSPY261005C00732000%2CSPY261005C00733000%2CSPY261005C00734000%2CSPY261005C00735000%2CSPY261005C00736000%2CSPY261005C00737000&greeks=true'
For more information check: https://developer.mozilla.org/en-US/docs/Web/HTTP/Status/401
2026-10-02T11:44:43 | WARNING  | app.scanning.alpaca_confirmer | AlpacaConfirmer: cannot fetch chain for XLF 2026-10-05: Client error '401 Unauthorized' for url 'https://api.tradier.com/v1/markets/quotes?symbols=XLF261005C00041000%2CXLF261005C00042000%2CXLF261005C00043000%2CXLF261005C00044000%2CXLF261005C00045000%2CXLF261005C00046000%2CXLF261005C00047000%2CXLF261005C00048000%2CXLF261005C00049000%2CXLF261005C00050000%2CXLF261005C00050500%2CXLF261005C00051000%2CXLF261005C00051500%2CXLF261005C00052000%2CXLF261005C00052500%2CXLF261005C00053000%2CXLF261005C00053500%2CXLF261005C00054000%2CXLF261005C00054500%2CXLF261005C00055000%2CXLF261005C00055500%2CXLF261005C00056000%2CXLF261005C00056500%2CXLF261005C00057000%2CXLF261005C00057500%2CXLF261005C00058000%2CXLF261005C00058500%2CXLF261005C00059000%2CXLF261005C00059500%2CXLF261005C00060000%2CXLF261005C00060500%2CXLF261005C00061000%2CXLF261005C00061500%2CXLF261005C00062000%2CXLF261005C00062500%2CXLF261005C00063000%2CXLF261005C00063500%2CXLF261005C00064000%2CXLF261005C00064500%2CXLF261005C00065000%2CXLF261005C00066000%2CXLF261005C00067000%2CXLF261005C00068000%2CXLF261005C00069000%2CXLF261005C00070000%2CXLF261005C00071000%2CXLF261005C00072000%2CXLF261005C00073000%2CXLF261005C00074000%2CXLF261005P00041000&greeks=true'
For more information check: https://developer.mozilla.org/en-US/docs/Web/HTTP/Status/401
2026-10-02T11:44:43 | WARNING  | app.scanning.alpaca_confirmer | AlpacaConfirmer: cannot fetch chain for SOFI 2026-10-09: Client error '401 Unauthorized' for url 'https://api.tradier.com/v1/markets/quotes?symbols=SOFI261009C00005000%2CSOFI261009C00009000%2CSOFI261009C00010000%2CSOFI261009C00011000%2CSOFI261009C00011500%2CSOFI261009C00012000%2CSOFI261009C00012500%2CSOFI261009C00013000%2CSOFI261009C00013500%2CSOFI261009C00014000%2CSOFI261009C00014500%2CSOFI261009C00015000%2CSOFI261009C00015500%2CSOFI261009C00016000%2CSOFI261009C00016500%2CSOFI261009C00017000%2CSOFI261009C00017500%2CSOFI261009C00018000%2CSOFI261009C00018500%2CSOFI261009C00019000%2CSOFI261009C00019500%2CSOFI261009C00020000%2CSOFI261009C00020500%2CSOFI261009C00021000%2CSOFI261009C00021500%2CSOFI261009C00022000%2CSOFI261009C00022500%2CSOFI261009C00023000%2CSOFI261009C00023500%2CSOFI261009C00024000%2CSOFI261009C00025000%2CSOFI261009C00030000%2CSOFI261009P00005000%2CSOFI261009P00009000%2CSOFI261009P00010000%2CSOFI261009P00011000%2CSOFI261009P00011500%2CSOFI261009P00012000%2CSOFI261009P00012500%2CSOFI261009P00013000%2CSOFI261009P00013500%2CSOFI261009P00014000%2CSOFI261009P00014500%2CSOFI261009P00015000%2CSOFI261009P00015500%2CSOFI261009P00016000%2CSOFI261009P00016500%2CSOFI261009P00017000%2CSOFI261009P00017500%2CSOFI261009P00018000&greeks=true'
For more information check: https://developer.mozilla.org/en-US/docs/Web/HTTP/Status/401
2026-10-02T11:44:43 | WARNING  | app.scanning.alpaca_confirmer | AlpacaConfirmer: cannot fetch chain for RIOT 2026-10-09: Client error '401 Unauthorized' for url 'https://api.tradier.com/v1/markets/quotes?symbols=RIOT261009C00008000%2CRIOT261009C00009000%2CRIOT261009C00010000%2CRIOT261009C00011000%2CRIOT261009C00012000%2CRIOT261009C00013000%2CRIOT261009C00014000%2CRIOT261009C00015000%2CRIOT261009C00016000%2CRIOT261009C00017000%2CRIOT261009C00017500%2CRIOT261009C00018000%2CRIOT261009C00018500%2CRIOT261009C00019000%2CRIOT261009C00019500%2CRIOT261009C00020000%2CRIOT261009C00020500%2CRIOT261009C00021000%2CRIOT261009C00021500%2CRIOT261009C00022000%2CRIOT261009C00022500%2CRIOT261009C00023000%2CRIOT261009C00023500%2CRIOT261009C00024000%2CRIOT261009C00024500%2CRIOT261009C00025000%2CRIOT261009C00025500%2CRIOT261009C00026000%2CRIOT261009C00026500%2CRIOT261009C00027000%2CRIOT261009C00027500%2CRIOT261009C00028000%2CRIOT261009C00028500%2CRIOT261009C00029000%2CRIOT261009C00029500%2CRIOT261009C00030000%2CRIOT261009C00031000%2CRIOT261009C00032000%2CRIOT261009C00033000%2CRIOT261009C00034000%2CRIOT261009C00035000%2CRIOT261009P00008000%2CRIOT261009P00009000%2CRIOT261009P00010000%2CRIOT261009P00011000%2CRIOT261009P00012000%2CRIOT261009P00013000%2CRIOT261009P00014000%2CRIOT261009P00015000%2CRIOT261009P00016000&greeks=true'
For more information check: https://developer.mozilla.org/en-US/docs/Web/HTTP/Status/401
2026-10-02T11:44:43 | INFO     | session_runner | AlpacaConfirmer: 0 confirmed symbols: []
2026-10-02T11:44:43 | WARNING  | session_runner | Re-scan returned no confirmed symbols — falling back to ['SPY']
2026-10-02T11:44:43 | INFO     | session_runner | Broad-market regime | SPY=short
2026-10-02T11:44:43 | INFO     | session_runner | [bridge:SPY] rsi_trend ready: sufficient bars
2026-10-02T11:44:43 | INFO     | session_runner | Stale signal: SPY/vwap_reclaim age=45 min > max 10 min — skipped
2026-10-02T11:44:43 | INFO     | session_runner | Stale signal: SPY/orb age=35 min > max 10 min — skipped
2026-10-02T11:44:43 | INFO     | session_runner | Stale signal: SPY/vwap_reclaim age=190 min > max 10 min — skipped
2026-10-02T11:44:43 | INFO     | session_runner | Stale signal: SPY/vwap_reclaim age=95 min > max 10 min — skipped
2026-10-02T11:45:13 | INFO     | session_runner | [cycle 262] 11:45:13 ET | positions=0 | entries=0
2026-10-02T11:45:13 | INFO     | session_runner | [bridge:SPY] rsi_trend ready: sufficient bars
2026-10-02T11:45:13 | INFO     | session_runner | Stale signal: SPY/vwap_reclaim age=45 min > max 10 min — skipped
2026-10-02T11:45:13 | INFO     | session_runner | Stale signal: SPY/orb age=35 min > max 10 min — skipped
2026-10-02T11:45:13 | INFO     | session_runner | Stale signal: SPY/vwap_reclaim age=190 min > max 10 min — skipped
2026-10-02T11:45:13 | INFO     | session_runner | Stale signal: SPY/vwap_reclaim age=95 min > max 10 min — skipped
2026-10-02T11:45:43 | INFO     | session_runner | [cycle 263] 11:45:43 ET | positions=0 | entries=0
2026-10-02T11:45:44 | INFO     | session_runner | [bridge:SPY] rsi_trend ready: sufficient bars
2026-10-02T11:45:44 | INFO     | session_runner | Stale signal: SPY/vwap_reclaim age=46 min > max 10 min — skipped
2026-10-02T11:45:44 | INFO     | session_runner | Stale signal: SPY/orb age=36 min > max 10 min — skipped
2026-10-02T11:45:44 | INFO     | session_runner | Stale signal: SPY/vwap_reclaim age=191 min > max 10 min — skipped
2026-10-02T11:45:44 | INFO     | session_runner | Stale signal: SPY/vwap_reclaim age=96 min > max 10 min — skipped
2026-10-02T11:46:14 | INFO     | session_runner | [cycle 264] 11:46:14 ET | positions=0 | entries=0
2026-10-02T11:46:14 | INFO     | session_runner | [bridge:SPY] rsi_trend ready: sufficient bars
2026-10-02T11:46:14 | INFO     | session_runner | Stale signal: SPY/vwap_reclaim age=46 min > max 10 min — skipped
2026-10-02T11:46:14 | INFO     | session_runner | Stale signal: SPY/orb age=36 min > max 10 min — skipped
2026-10-02T11:46:14 | INFO     | session_runner | Stale signal: SPY/vwap_reclaim age=191 min > max 10 min — skipped
2026-10-02T11:46:14 | INFO     | session_runner | Stale signal: SPY/vwap_reclaim age=96 min > max 10 min — skipped
2026-10-02T11:46:44 | INFO     | session_runner | [cycle 265] 11:46:44 ET | positions=0 | entries=0
2026-10-02T11:46:44 | INFO     | session_runner | [bridge:SPY] rsi_trend ready: sufficient bars
2026-10-02T11:46:44 | INFO     | session_runner | Stale signal: SPY/vwap_reclaim age=47 min > max 10 min — skipped
2026-10-02T11:46:44 | INFO     | session_runner | Stale signal: SPY/orb age=37 min > max 10 min — skipped
2026-10-02T11:46:44 | INFO     | session_runner | Stale signal: SPY/vwap_reclaim age=192 min > max 10 min — skipped
2026-10-02T11:46:44 | INFO     | session_runner | Stale signal: SPY/vwap_reclaim age=97 min > max 10 min — skipped
2026-10-02T11:47:14 | INFO     | session_runner | [cycle 266] 11:47:14 ET | positions=0 | entries=0
2026-10-02T11:47:15 | INFO     | session_runner | [bridge:SPY] rsi_trend ready: sufficient bars
2026-10-02T11:47:15 | INFO     | session_runner | Stale signal: SPY/vwap_reclaim age=47 min > max 10 min — skipped
2026-10-02T11:47:15 | INFO     | session_runner | Stale signal: SPY/orb age=37 min > max 10 min — skipped
2026-10-02T11:47:15 | INFO     | session_runner | Stale signal: SPY/vwap_reclaim age=192 min > max 10 min — skipped
2026-10-02T11:47:15 | INFO     | session_runner | Stale signal: SPY/vwap_reclaim age=97 min > max 10 min — skipped
2026-10-02T11:47:45 | INFO     | session_runner | [cycle 267] 11:47:45 ET | positions=0 | entries=0
2026-10-02T11:47:45 | INFO     | session_runner | [bridge:SPY] rsi_trend ready: sufficient bars
2026-10-02T11:47:45 | INFO     | session_runner | Stale signal: SPY/vwap_reclaim age=48 min > max 10 min — skipped
2026-10-02T11:47:45 | INFO     | session_runner | Stale signal: SPY/orb age=38 min > max 10 min — skipped
2026-10-02T11:47:45 | INFO     | session_runner | Stale signal: SPY/vwap_reclaim age=193 min > max 10 min — skipped
2026-10-02T11:47:45 | INFO     | session_runner | Stale signal: SPY/vwap_reclaim age=98 min > max 10 min — skipped
2026-10-02T11:48:15 | INFO     | session_runner | [cycle 268] 11:48:15 ET | positions=0 | entries=0
2026-10-02T11:48:15 | INFO     | session_runner | [bridge:SPY] rsi_trend ready: sufficient bars
2026-10-02T11:48:15 | INFO     | session_runner | Stale signal: SPY/vwap_reclaim age=48 min > max 10 min — skipped
2026-10-02T11:48:15 | INFO     | session_runner | Stale signal: SPY/orb age=38 min > max 10 min — skipped
2026-10-02T11:48:15 | INFO     | session_runner | Stale signal: SPY/vwap_reclaim age=193 min > max 10 min — skipped
2026-10-02T11:48:15 | INFO     | session_runner | Stale signal: SPY/vwap_reclaim age=98 min > max 10 min — skipped
2026-10-02T11:48:45 | INFO     | session_runner | [cycle 269] 11:48:45 ET | positions=0 | entries=0
2026-10-02T11:48:46 | INFO     | session_runner | [bridge:SPY] rsi_trend ready: sufficient bars
2026-10-02T11:48:46 | INFO     | session_runner | Stale signal: SPY/vwap_reclaim age=49 min > max 10 min — skipped
2026-10-02T11:48:46 | INFO     | session_runner | Stale signal: SPY/orb age=39 min > max 10 min — skipped
2026-10-02T11:48:46 | INFO     | session_runner | Stale signal: SPY/vwap_reclaim age=194 min > max 10 min — skipped
2026-10-02T11:48:46 | INFO     | session_runner | Stale signal: SPY/vwap_reclaim age=99 min > max 10 min — skipped
2026-10-02T11:49:16 | INFO     | session_runner | [cycle 270] 11:49:16 ET | positions=0 | entries=0
2026-10-02T11:49:16 | INFO     | session_runner | [bridge:SPY] rsi_trend ready: sufficient bars
2026-10-02T11:49:16 | INFO     | session_runner | Stale signal: SPY/vwap_reclaim age=49 min > max 10 min — skipped
2026-10-02T11:49:16 | INFO     | session_runner | Stale signal: SPY/orb age=39 min > max 10 min — skipped
2026-10-02T11:49:16 | INFO     | session_runner | Stale signal: SPY/vwap_reclaim age=194 min > max 10 min — skipped
2026-10-02T11:49:16 | INFO     | session_runner | Stale signal: SPY/vwap_reclaim age=99 min > max 10 min — skipped
2026-10-02T11:49:46 | INFO     | session_runner | [cycle 271] 11:49:46 ET | positions=0 | entries=0
2026-10-02T11:49:46 | INFO     | session_runner | Periodic universe re-scan …
2026-10-02T11:49:46 | INFO     | app.scanning.universe_loader | UniverseLoader: loaded 5 groups (13 flat symbols) from config/ticker_universe.yaml (blacklist=0)
2026-10-02T11:49:46 | INFO     | app.scanning.universe_loader | UniverseLoader: 38 symbols from 4 group(s) (blacklist=0)
2026-10-02T11:49:46 | INFO     | session_runner | Universe scan: 38 symbols from 4 group(s) | max_active=6
2026-10-02T11:49:51 | INFO     | session_runner | Scan: 19 passed, 19 rejected
2026-10-02T11:49:51 | INFO     | session_runner |   TSLA    score=95.0  signal=LONG     reasons: rvol=2.45x (high), atr=3.19% (wide-range), orb_breakout
2026-10-02T11:49:51 | INFO     | session_runner |   RIVN    score=85.0  signal=SHORT    reasons: rvol=3.82x (high), atr=4.80% (wide-range), orb_breakdown
2026-10-02T11:49:51 | INFO     | session_runner |   AVGO    score=77.0  signal=LONG     reasons: rvol=1.69x (elevated), atr=2.88% (wide-range), orb_breakout
2026-10-02T11:49:51 | INFO     | session_runner |   HOOD    score=77.0  signal=SHORT    reasons: rvol=1.76x (elevated), atr=5.38% (wide-range), orb_breakdown
2026-10-02T11:49:51 | INFO     | session_runner |   IWM     score=76.0  signal=SHORT    reasons: rvol=2.31x (high), atr=1.31% (good range), near_orb_level
2026-10-02T11:49:51 | WARNING  | app.scanning.alpaca_confirmer | AlpacaConfirmer: cannot fetch chain for IWM 2026-10-05: Client error '401 Unauthorized' for url 'https://api.tradier.com/v1/markets/quotes?symbols=IWM261005C00180000%2CIWM261005C00190000%2CIWM261005C00200000%2CIWM261005C00205000%2CIWM261005C00210000%2CIWM261005C00215000%2CIWM261005C00220000%2CIWM261005C00225000%2CIWM261005C00230000%2CIWM261005C00235000%2CIWM261005C00240000%2CIWM261005C00245000%2CIWM261005C00250000%2CIWM261005C00255000%2CIWM261005C00260000%2CIWM261005C00261000%2CIWM261005C00262000%2CIWM261005C00263000%2CIWM261005C00264000%2CIWM261005C00265000%2CIWM261005C00266000%2CIWM261005C00267000%2CIWM261005C00268000%2CIWM261005C00269000%2CIWM261005C00270000%2CIWM261005C00271000%2CIWM261005C00272000%2CIWM261005C00273000%2CIWM261005C00274000%2CIWM261005C00275000%2CIWM261005C00276000%2CIWM261005C00277000%2CIWM261005C00278000%2CIWM261005C00279000%2CIWM261005C00280000%2CIWM261005C00281000%2CIWM261005C00282000%2CIWM261005C00283000%2CIWM261005C00284000%2CIWM261005C00285000%2CIWM261005C00286000%2CIWM261005C00287000%2CIWM261005C00288000%2CIWM261005C00289000%2CIWM261005C00290000%2CIWM261005C00291000%2CIWM261005C00292000%2CIWM261005C00293000%2CIWM261005C00294000%2CIWM261005C00295000&greeks=true'
For more information check: https://developer.mozilla.org/en-US/docs/Web/HTTP/Status/401
2026-10-02T11:49:51 | WARNING  | app.scanning.alpaca_confirmer | AlpacaConfirmer: cannot fetch chain for RIOT 2026-10-09: Client error '401 Unauthorized' for url 'https://api.tradier.com/v1/markets/quotes?symbols=RIOT261009C00008000%2CRIOT261009C00009000%2CRIOT261009C00010000%2CRIOT261009C00011000%2CRIOT261009C00012000%2CRIOT261009C00013000%2CRIOT261009C00014000%2CRIOT261009C00015000%2CRIOT261009C00016000%2CRIOT261009C00017000%2CRIOT261009C00017500%2CRIOT261009C00018000%2CRIOT261009C00018500%2CRIOT261009C00019000%2CRIOT261009C00019500%2CRIOT261009C00020000%2CRIOT261009C00020500%2CRIOT261009C00021000%2CRIOT261009C00021500%2CRIOT261009C00022000%2CRIOT261009C00022500%2CRIOT261009C00023000%2CRIOT261009C00023500%2CRIOT261009C00024000%2CRIOT261009C00024500%2CRIOT261009C00025000%2CRIOT261009C00025500%2CRIOT261009C00026000%2CRIOT261009C00026500%2CRIOT261009C00027000%2CRIOT261009C00027500%2CRIOT261009C00028000%2CRIOT261009C00028500%2CRIOT261009C00029000%2CRIOT261009C00029500%2CRIOT261009C00030000%2CRIOT261009C00031000%2CRIOT261009C00032000%2CRIOT261009C00033000%2CRIOT261009C00034000%2CRIOT261009C00035000%2CRIOT261009P00008000%2CRIOT261009P00009000%2CRIOT261009P00010000%2CRIOT261009P00011000%2CRIOT261009P00012000%2CRIOT261009P00013000%2CRIOT261009P00014000%2CRIOT261009P00015000%2CRIOT261009P00016000&greeks=true'
For more information check: https://developer.mozilla.org/en-US/docs/Web/HTTP/Status/401
2026-10-02T11:49:51 | WARNING  | app.scanning.alpaca_confirmer | AlpacaConfirmer: cannot fetch chain for AVGO 2026-10-05: Client error '401 Unauthorized' for url 'https://api.tradier.com/v1/markets/quotes?symbols=AVGO261005C00285000%2CAVGO261005C00290000%2CAVGO261005C00295000%2CAVGO261005C00300000%2CAVGO261005C00305000%2CAVGO261005C00310000%2CAVGO261005C00315000%2CAVGO261005C00317500%2CAVGO261005C00320000%2CAVGO261005C00322500%2CAVGO261005C00325000%2CAVGO261005C00327500%2CAVGO261005C00330000%2CAVGO261005C00332500%2CAVGO261005C00335000%2CAVGO261005C00337500%2CAVGO261005C00340000%2CAVGO261005C00342500%2CAVGO261005C00345000%2CAVGO261005C00347500%2CAVGO261005C00350000%2CAVGO261005C00352500%2CAVGO261005C00355000%2CAVGO261005C00357500%2CAVGO261005C00360000%2CAVGO261005C00362500%2CAVGO261005C00365000%2CAVGO261005C00367500%2CAVGO261005C00370000%2CAVGO261005C00372500%2CAVGO261005C00375000%2CAVGO261005C00377500%2CAVGO261005C00380000%2CAVGO261005C00382500%2CAVGO261005C00385000%2CAVGO261005C00387500%2CAVGO261005C00390000%2CAVGO261005C00392500%2CAVGO261005C00395000%2CAVGO261005C00397500%2CAVGO261005C00400000%2CAVGO261005C00402500%2CAVGO261005C00405000%2CAVGO261005C00407500%2CAVGO261005C00410000%2CAVGO261005C00412500%2CAVGO261005C00415000%2CAVGO261005C00417500%2CAVGO261005C00420000%2CAVGO261005C00422500&greeks=true'
For more information check: https://developer.mozilla.org/en-US/docs/Web/HTTP/Status/401
2026-10-02T11:49:51 | WARNING  | app.scanning.alpaca_confirmer | AlpacaConfirmer: cannot fetch chain for XLE 2026-10-05: Client error '401 Unauthorized' for url 'https://api.tradier.com/v1/markets/quotes?symbols=XLE261005C00048000%2CXLE261005C00049000%2CXLE261005C00050000%2CXLE261005C00051000%2CXLE261005C00052000%2CXLE261005C00053000%2CXLE261005C00054000%2CXLE261005C00055000%2CXLE261005C00056000%2CXLE261005C00057000%2CXLE261005C00058000%2CXLE261005C00059000%2CXLE261005C00060000%2CXLE261005C00061000%2CXLE261005C00062000%2CXLE261005C00063000%2CXLE261005C00064000%2CXLE261005C00065000%2CXLE261005C00066000%2CXLE261005C00067000%2CXLE261005C00068000%2CXLE261005C00069000%2CXLE261005C00070000%2CXLE261005C00071000%2CXLE261005C00072000%2CXLE261005C00073000%2CXLE261005C00074000%2CXLE261005C00075000%2CXLE261005C00076000%2CXLE261005C00077000%2CXLE261005C00078000%2CXLE261005C00079000%2CXLE261005P00048000%2CXLE261005P00049000%2CXLE261005P00050000%2CXLE261005P00051000%2CXLE261005P00052000%2CXLE261005P00053000%2CXLE261005P00054000%2CXLE261005P00055000%2CXLE261005P00056000%2CXLE261005P00057000%2CXLE261005P00058000%2CXLE261005P00059000%2CXLE261005P00060000%2CXLE261005P00061000%2CXLE261005P00062000%2CXLE261005P00063000%2CXLE261005P00064000%2CXLE261005P00065000&greeks=true'
For more information check: https://developer.mozilla.org/en-US/docs/Web/HTTP/Status/401
2026-10-02T11:49:51 | WARNING  | app.scanning.alpaca_confirmer | AlpacaConfirmer: cannot fetch chain for DKNG 2026-10-09: Client error '401 Unauthorized' for url 'https://api.tradier.com/v1/markets/quotes?symbols=DKNG261009C00010000%2CDKNG261009C00011000%2CDKNG261009C00012000%2CDKNG261009C00013000%2CDKNG261009C00014000%2CDKNG261009C00015000%2CDKNG261009C00016000%2CDKNG261009C00017000%2CDKNG261009C00018000%2CDKNG261009C00019000%2CDKNG261009C00020000%2CDKNG261009C00020500%2CDKNG261009C00021000%2CDKNG261009C00021500%2CDKNG261009C00022000%2CDKNG261009C00022500%2CDKNG261009C00023000%2CDKNG261009C00023500%2CDKNG261009C00024000%2CDKNG261009C00024500%2CDKNG261009C00025000%2CDKNG261009C00025500%2CDKNG261009C00026000%2CDKNG261009C00026500%2CDKNG261009C00027000%2CDKNG261009C00027500%2CDKNG261009C00028000%2CDKNG261009C00028500%2CDKNG261009C00029000%2CDKNG261009C00030000%2CDKNG261009C00031000%2CDKNG261009C00032000%2CDKNG261009C00033000%2CDKNG261009C00034000%2CDKNG261009C00035000%2CDKNG261009P00010000%2CDKNG261009P00011000%2CDKNG261009P00012000%2CDKNG261009P00013000%2CDKNG261009P00014000%2CDKNG261009P00015000%2CDKNG261009P00016000%2CDKNG261009P00017000%2CDKNG261009P00018000%2CDKNG261009P00019000%2CDKNG261009P00020000%2CDKNG261009P00020500%2CDKNG261009P00021000%2CDKNG261009P00021500%2CDKNG261009P00022000&greeks=true'
For more information check: https://developer.mozilla.org/en-US/docs/Web/HTTP/Status/401
2026-10-02T11:49:51 | WARNING  | app.scanning.alpaca_confirmer | AlpacaConfirmer: cannot fetch chain for MARA 2026-10-09: Client error '401 Unauthorized' for url 'https://api.tradier.com/v1/markets/quotes?symbols=MARA261009C00004000%2CMARA261009C00005000%2CMARA261009C00006000%2CMARA261009C00006500%2CMARA261009C00007000%2CMARA261009C00007500%2CMARA261009C00008000%2CMARA261009C00008500%2CMARA261009C00009000%2CMARA261009C00009500%2CMARA261009C00010000%2CMARA261009C00010500%2CMARA261009C00011000%2CMARA261009C00011500%2CMARA261009C00012000%2CMARA261009C00012500%2CMARA261009C00013000%2CMARA261009C00013500%2CMARA261009C00014000%2CMARA261009C00014500%2CMARA261009C00015000%2CMARA261009C00015500%2CMARA261009C00016000%2CMARA261009C00016500%2CMARA261009C00017000%2CMARA261009C00017500%2CMARA261009C00018000%2CMARA261009C00019000%2CMARA261009C00020000%2CMARA261009C00021000%2CMARA261009C00022000%2CMARA261009C00023000%2CMARA261009P00004000%2CMARA261009P00005000%2CMARA261009P00006000%2CMARA261009P00006500%2CMARA261009P00007000%2CMARA261009P00007500%2CMARA261009P00008000%2CMARA261009P00008500%2CMARA261009P00009000%2CMARA261009P00009500%2CMARA261009P00010000%2CMARA261009P00010500%2CMARA261009P00011000%2CMARA261009P00011500%2CMARA261009P00012000%2CMARA261009P00012500%2CMARA261009P00013000%2CMARA261009P00013500&greeks=true'
For more information check: https://developer.mozilla.org/en-US/docs/Web/HTTP/Status/401
2026-10-02T11:49:51 | WARNING  | app.scanning.alpaca_confirmer | AlpacaConfirmer: cannot fetch chain for RIVN 2026-10-09: Client error '401 Unauthorized' for url 'https://api.tradier.com/v1/markets/quotes?symbols=RIVN261009C00005000%2CRIVN261009C00009000%2CRIVN261009C00010000%2CRIVN261009C00010500%2CRIVN261009C00011000%2CRIVN261009C00011500%2CRIVN261009C00012000%2CRIVN261009C00012500%2CRIVN261009C00013000%2CRIVN261009C00013500%2CRIVN261009C00014000%2CRIVN261009C00014500%2CRIVN261009C00015000%2CRIVN261009C00015500%2CRIVN261009C00016000%2CRIVN261009C00016500%2CRIVN261009C00017000%2CRIVN261009C00017500%2CRIVN261009C00018000%2CRIVN261009C00018500%2CRIVN261009C00019000%2CRIVN261009C00019500%2CRIVN261009C00020000%2CRIVN261009C00020500%2CRIVN261009C00021000%2CRIVN261009C00021500%2CRIVN261009C00022000%2CRIVN261009C00023000%2CRIVN261009C00024000%2CRIVN261009C00025000%2CRIVN261009C00030000%2CRIVN261009P00005000%2CRIVN261009P00009000%2CRIVN261009P00010000%2CRIVN261009P00010500%2CRIVN261009P00011000%2CRIVN261009P00011500%2CRIVN261009P00012000%2CRIVN261009P00012500%2CRIVN261009P00013000%2CRIVN261009P00013500%2CRIVN261009P00014000%2CRIVN261009P00014500%2CRIVN261009P00015000%2CRIVN261009P00015500%2CRIVN261009P00016000%2CRIVN261009P00016500%2CRIVN261009P00017000%2CRIVN261009P00017500%2CRIVN261009P00018000&greeks=true'
For more information check: https://developer.mozilla.org/en-US/docs/Web/HTTP/Status/401
2026-10-02T11:49:51 | WARNING  | app.scanning.alpaca_confirmer | AlpacaConfirmer: cannot fetch chain for SOFI 2026-10-09: Client error '401 Unauthorized' for url 'https://api.tradier.com/v1/markets/quotes?symbols=SOFI261009C00005000%2CSOFI261009C00009000%2CSOFI261009C00010000%2CSOFI261009C00011000%2CSOFI261009C00011500%2CSOFI261009C00012000%2CSOFI261009C00012500%2CSOFI261009C00013000%2CSOFI261009C00013500%2CSOFI261009C00014000%2CSOFI261009C00014500%2CSOFI261009C00015000%2CSOFI261009C00015500%2CSOFI261009C00016000%2CSOFI261009C00016500%2CSOFI261009C00017000%2CSOFI261009C00017500%2CSOFI261009C00018000%2CSOFI261009C00018500%2CSOFI261009C00019000%2CSOFI261009C00019500%2CSOFI261009C00020000%2CSOFI261009C00020500%2CSOFI261009C00021000%2CSOFI261009C00021500%2CSOFI261009C00022000%2CSOFI261009C00022500%2CSOFI261009C00023000%2CSOFI261009C00023500%2CSOFI261009C00024000%2CSOFI261009C00025000%2CSOFI261009C00030000%2CSOFI261009P00005000%2CSOFI261009P00009000%2CSOFI261009P00010000%2CSOFI261009P00011000%2CSOFI261009P00011500%2CSOFI261009P00012000%2CSOFI261009P00012500%2CSOFI261009P00013000%2CSOFI261009P00013500%2CSOFI261009P00014000%2CSOFI261009P00014500%2CSOFI261009P00015000%2CSOFI261009P00015500%2CSOFI261009P00016000%2CSOFI261009P00016500%2CSOFI261009P00017000%2CSOFI261009P00017500%2CSOFI261009P00018000&greeks=true'
For more information check: https://developer.mozilla.org/en-US/docs/Web/HTTP/Status/401
2026-10-02T11:49:51 | WARNING  | app.scanning.alpaca_confirmer | AlpacaConfirmer: cannot fetch chain for HOOD 2026-10-09: Client error '401 Unauthorized' for url 'https://api.tradier.com/v1/markets/quotes?symbols=HOOD261009C00025000%2CHOOD261009C00030000%2CHOOD261009C00035000%2CHOOD261009C00040000%2CHOOD261009C00045000%2CHOOD261009C00050000%2CHOOD261009C00055000%2CHOOD261009C00060000%2CHOOD261009C00065000%2CHOOD261009C00070000%2CHOOD261009C00075000%2CHOOD261009C00080000%2CHOOD261009C00085000%2CHOOD261009C00090000%2CHOOD261009C00091000%2CHOOD261009C00092000%2CHOOD261009C00093000%2CHOOD261009C00094000%2CHOOD261009C00095000%2CHOOD261009C00096000%2CHOOD261009C00097000%2CHOOD261009C00098000%2CHOOD261009C00099000%2CHOOD261009C00100000%2CHOOD261009C00101000%2CHOOD261009C00102000%2CHOOD261009C00103000%2CHOOD261009C00104000%2CHOOD261009C00105000%2CHOOD261009C00106000%2CHOOD261009C00107000%2CHOOD261009C00108000%2CHOOD261009C00109000%2CHOOD261009C00110000%2CHOOD261009C00111000%2CHOOD261009C00112000%2CHOOD261009C00113000%2CHOOD261009C00114000%2CHOOD261009C00115000%2CHOOD261009C00116000%2CHOOD261009C00117000%2CHOOD261009C00118000%2CHOOD261009C00119000%2CHOOD261009C00120000%2CHOOD261009C00121000%2CHOOD261009C00122000%2CHOOD261009C00123000%2CHOOD261009C00124000%2CHOOD261009C00125000%2CHOOD261009C00126000&greeks=true'
For more information check: https://developer.mozilla.org/en-US/docs/Web/HTTP/Status/401
2026-10-02T11:49:51 | WARNING  | app.scanning.alpaca_confirmer | AlpacaConfirmer: cannot fetch chain for MSFT 2026-10-05: Client error '401 Unauthorized' for url 'https://api.tradier.com/v1/markets/quotes?symbols=MSFT261005C00420000%2CMSFT261005C00425000%2CMSFT261005C00430000%2CMSFT261005C00435000%2CMSFT261005C00440000%2CMSFT261005C00445000%2CMSFT261005C00450000%2CMSFT261005C00452500%2CMSFT261005C00455000%2CMSFT261005C00457500%2CMSFT261005C00460000%2CMSFT261005C00462500%2CMSFT261005C00465000%2CMSFT261005C00467500%2CMSFT261005C00470000%2CMSFT261005C00472500%2CMSFT261005C00475000%2CMSFT261005C00477500%2CMSFT261005C00480000%2CMSFT261005C00482500%2CMSFT261005C00485000%2CMSFT261005C00487500%2CMSFT261005C00490000%2CMSFT261005C00492500%2CMSFT261005C00495000%2CMSFT261005C00497500%2CMSFT261005C00500000%2CMSFT261005C00502500%2CMSFT261005C00505000%2CMSFT261005C00507500%2CMSFT261005C00510000%2CMSFT261005C00512500%2CMSFT261005C00515000%2CMSFT261005C00517500%2CMSFT261005C00520000%2CMSFT261005C00522500%2CMSFT261005C00525000%2CMSFT261005C00527500%2CMSFT261005C00530000%2CMSFT261005C00532500%2CMSFT261005C00535000%2CMSFT261005C00537500%2CMSFT261005C00540000%2CMSFT261005C00542500%2CMSFT261005C00545000%2CMSFT261005C00547500%2CMSFT261005C00550000%2CMSFT261005C00552500%2CMSFT261005C00555000%2CMSFT261005C00557500&greeks=true'
For more information check: https://developer.mozilla.org/en-US/docs/Web/HTTP/Status/401
2026-10-02T11:49:51 | WARNING  | app.scanning.alpaca_confirmer | AlpacaConfirmer: cannot fetch chain for AMZN 2026-10-05: Client error '401 Unauthorized' for url 'https://api.tradier.com/v1/markets/quotes?symbols=AMZN261005C00180000%2CAMZN261005C00185000%2CAMZN261005C00190000%2CAMZN261005C00195000%2CAMZN261005C00200000%2CAMZN261005C00205000%2CAMZN261005C00210000%2CAMZN261005C00215000%2CAMZN261005C00220000%2CAMZN261005C00222500%2CAMZN261005C00225000%2CAMZN261005C00227500%2CAMZN261005C00230000%2CAMZN261005C00232500%2CAMZN261005C00235000%2CAMZN261005C00237500%2CAMZN261005C00240000%2CAMZN261005C00242500%2CAMZN261005C00245000%2CAMZN261005C00247500%2CAMZN261005C00250000%2CAMZN261005C00252500%2CAMZN261005C00255000%2CAMZN261005C00257500%2CAMZN261005C00260000%2CAMZN261005C00262500%2CAMZN261005C00265000%2CAMZN261005C00267500%2CAMZN261005C00270000%2CAMZN261005C00272500%2CAMZN261005C00275000%2CAMZN261005C00277500%2CAMZN261005C00280000%2CAMZN261005C00282500%2CAMZN261005C00285000%2CAMZN261005C00290000%2CAMZN261005C00295000%2CAMZN261005C00300000%2CAMZN261005C00305000%2CAMZN261005C00310000%2CAMZN261005C00315000%2CAMZN261005C00320000%2CAMZN261005C00325000%2CAMZN261005C00330000%2CAMZN261005C00335000%2CAMZN261005P00180000%2CAMZN261005P00185000%2CAMZN261005P00190000%2CAMZN261005P00195000%2CAMZN261005P00200000&greeks=true'
For more information check: https://developer.mozilla.org/en-US/docs/Web/HTTP/Status/401
2026-10-02T11:49:51 | WARNING  | app.scanning.alpaca_confirmer | AlpacaConfirmer: cannot fetch chain for TSLA 2026-10-05: Client error '401 Unauthorized' for url 'https://api.tradier.com/v1/markets/quotes?symbols=TSLA261005C00250000%2CTSLA261005C00255000%2CTSLA261005C00260000%2CTSLA261005C00265000%2CTSLA261005C00270000%2CTSLA261005C00275000%2CTSLA261005C00280000%2CTSLA261005C00285000%2CTSLA261005C00290000%2CTSLA261005C00295000%2CTSLA261005C00300000%2CTSLA261005C00305000%2CTSLA261005C00310000%2CTSLA261005C00315000%2CTSLA261005C00317500%2CTSLA261005C00320000%2CTSLA261005C00322500%2CTSLA261005C00325000%2CTSLA261005C00327500%2CTSLA261005C00330000%2CTSLA261005C00332500%2CTSLA261005C00335000%2CTSLA261005C00337500%2CTSLA261005C00340000%2CTSLA261005C00342500%2CTSLA261005C00345000%2CTSLA261005C00347500%2CTSLA261005C00350000%2CTSLA261005C00352500%2CTSLA261005C00355000%2CTSLA261005C00357500%2CTSLA261005C00360000%2CTSLA261005C00362500%2CTSLA261005C00365000%2CTSLA261005C00367500%2CTSLA261005C00370000%2CTSLA261005C00372500%2CTSLA261005C00375000%2CTSLA261005C00377500%2CTSLA261005C00380000%2CTSLA261005C00382500%2CTSLA261005C00385000%2CTSLA261005C00387500%2CTSLA261005C00390000%2CTSLA261005C00392500%2CTSLA261005C00395000%2CTSLA261005C00397500%2CTSLA261005C00400000%2CTSLA261005C00402500%2CTSLA261005C00405000&greeks=true'
For more information check: https://developer.mozilla.org/en-US/docs/Web/HTTP/Status/401
2026-10-02T11:49:51 | INFO     | session_runner | AlpacaConfirmer: 0 confirmed symbols: []
2026-10-02T11:49:51 | WARNING  | session_runner | Re-scan returned no confirmed symbols — falling back to ['SPY']
2026-10-02T11:49:51 | INFO     | session_runner | Broad-market regime | SPY=short
2026-10-02T11:49:51 | INFO     | session_runner | [bridge:SPY] rsi_trend ready: sufficient bars
2026-10-02T11:49:51 | INFO     | session_runner | Stale signal: SPY/vwap_reclaim age=50 min > max 10 min — skipped
2026-10-02T11:49:51 | INFO     | session_runner | Stale signal: SPY/orb age=40 min > max 10 min — skipped
2026-10-02T11:49:51 | INFO     | session_runner | Stale signal: SPY/vwap_reclaim age=195 min > max 10 min — skipped
2026-10-02T11:49:51 | INFO     | session_runner | Stale signal: SPY/vwap_reclaim age=100 min > max 10 min — skipped
2026-10-02T11:50:21 | INFO     | session_runner | [cycle 272] 11:50:21 ET | positions=0 | entries=0
2026-10-02T11:50:22 | INFO     | session_runner | [bridge:SPY] rsi_trend ready: sufficient bars
2026-10-02T11:50:22 | INFO     | session_runner | Stale signal: SPY/vwap_reclaim age=50 min > max 10 min — skipped
2026-10-02T11:50:22 | INFO     | session_runner | Stale signal: SPY/orb age=40 min > max 10 min — skipped
2026-10-02T11:50:22 | INFO     | session_runner | Stale signal: SPY/vwap_reclaim age=195 min > max 10 min — skipped
2026-10-02T11:50:22 | INFO     | session_runner | Stale signal: SPY/vwap_reclaim age=100 min > max 10 min — skipped
2026-10-02T11:50:52 | INFO     | session_runner | [cycle 273] 11:50:52 ET | positions=0 | entries=0
2026-10-02T11:50:52 | INFO     | session_runner | [bridge:SPY] rsi_trend ready: sufficient bars
2026-10-02T11:50:52 | INFO     | session_runner | Stale signal: SPY/vwap_reclaim age=51 min > max 10 min — skipped
2026-10-02T11:50:52 | INFO     | session_runner | Stale signal: SPY/orb age=41 min > max 10 min — skipped
2026-10-02T11:50:52 | INFO     | session_runner | Stale signal: SPY/vwap_reclaim age=196 min > max 10 min — skipped
2026-10-02T11:50:52 | INFO     | session_runner | Stale signal: SPY/vwap_reclaim age=101 min > max 10 min — skipped
2026-10-02T11:51:22 | INFO     | session_runner | [cycle 274] 11:51:22 ET | positions=0 | entries=0
2026-10-02T11:51:22 | INFO     | session_runner | [bridge:SPY] rsi_trend ready: sufficient bars
2026-10-02T11:51:22 | INFO     | session_runner | Stale signal: SPY/vwap_reclaim age=51 min > max 10 min — skipped
2026-10-02T11:51:22 | INFO     | session_runner | Stale signal: SPY/orb age=41 min > max 10 min — skipped
2026-10-02T11:51:22 | INFO     | session_runner | Stale signal: SPY/vwap_reclaim age=196 min > max 10 min — skipped
2026-10-02T11:51:22 | INFO     | session_runner | Stale signal: SPY/vwap_reclaim age=101 min > max 10 min — skipped
2026-10-02T11:51:52 | INFO     | session_runner | [cycle 275] 11:51:52 ET | positions=0 | entries=0
2026-10-02T11:51:52 | INFO     | session_runner | [bridge:SPY] rsi_trend ready: sufficient bars
2026-10-02T11:51:52 | INFO     | session_runner | Stale signal: SPY/vwap_reclaim age=52 min > max 10 min — skipped
2026-10-02T11:51:52 | INFO     | session_runner | Stale signal: SPY/orb age=42 min > max 10 min — skipped
2026-10-02T11:51:52 | INFO     | session_runner | Stale signal: SPY/vwap_reclaim age=197 min > max 10 min — skipped
2026-10-02T11:51:52 | INFO     | session_runner | Stale signal: SPY/vwap_reclaim age=102 min > max 10 min — skipped
2026-10-02T11:52:22 | INFO     | session_runner | [cycle 276] 11:52:22 ET | positions=0 | entries=0
2026-10-02T11:52:23 | INFO     | session_runner | [bridge:SPY] rsi_trend ready: sufficient bars
2026-10-02T11:52:23 | INFO     | session_runner | Stale signal: SPY/vwap_reclaim age=52 min > max 10 min — skipped
2026-10-02T11:52:23 | INFO     | session_runner | Stale signal: SPY/orb age=42 min > max 10 min — skipped
2026-10-02T11:52:23 | INFO     | session_runner | Stale signal: SPY/vwap_reclaim age=197 min > max 10 min — skipped
2026-10-02T11:52:23 | INFO     | session_runner | Stale signal: SPY/vwap_reclaim age=102 min > max 10 min — skipped
2026-10-02T11:52:53 | INFO     | session_runner | [cycle 277] 11:52:53 ET | positions=0 | entries=0
2026-10-02T11:52:53 | INFO     | session_runner | [bridge:SPY] rsi_trend ready: sufficient bars
2026-10-02T11:52:53 | INFO     | session_runner | Stale signal: SPY/vwap_reclaim age=53 min > max 10 min — skipped
2026-10-02T11:52:53 | INFO     | session_runner | Stale signal: SPY/orb age=43 min > max 10 min — skipped
2026-10-02T11:52:53 | INFO     | session_runner | Stale signal: SPY/vwap_reclaim age=198 min > max 10 min — skipped
2026-10-02T11:52:53 | INFO     | session_runner | Stale signal: SPY/vwap_reclaim age=103 min > max 10 min — skipped
2026-10-02T11:53:23 | INFO     | session_runner | [cycle 278] 11:53:23 ET | positions=0 | entries=0
2026-10-02T11:53:23 | INFO     | session_runner | [bridge:SPY] rsi_trend ready: sufficient bars
2026-10-02T11:53:23 | INFO     | session_runner | Stale signal: SPY/vwap_reclaim age=53 min > max 10 min — skipped
2026-10-02T11:53:23 | INFO     | session_runner | Stale signal: SPY/orb age=43 min > max 10 min — skipped
2026-10-02T11:53:23 | INFO     | session_runner | Stale signal: SPY/vwap_reclaim age=198 min > max 10 min — skipped
2026-10-02T11:53:23 | INFO     | session_runner | Stale signal: SPY/vwap_reclaim age=103 min > max 10 min — skipped
2026-10-02T11:53:53 | INFO     | session_runner | [cycle 279] 11:53:53 ET | positions=0 | entries=0
2026-10-02T11:53:53 | INFO     | session_runner | [bridge:SPY] rsi_trend ready: sufficient bars
2026-10-02T11:53:53 | INFO     | session_runner | Stale signal: SPY/vwap_reclaim age=54 min > max 10 min — skipped
2026-10-02T11:53:53 | INFO     | session_runner | Stale signal: SPY/orb age=44 min > max 10 min — skipped
2026-10-02T11:53:53 | INFO     | session_runner | Stale signal: SPY/vwap_reclaim age=199 min > max 10 min — skipped
2026-10-02T11:53:53 | INFO     | session_runner | Stale signal: SPY/vwap_reclaim age=104 min > max 10 min — skipped
2026-10-02T11:54:24 | INFO     | session_runner | [cycle 280] 11:54:24 ET | positions=0 | entries=0
2026-10-02T11:54:24 | INFO     | session_runner | [bridge:SPY] rsi_trend ready: sufficient bars
2026-10-02T11:54:24 | INFO     | session_runner | Stale signal: SPY/vwap_reclaim age=54 min > max 10 min — skipped
2026-10-02T11:54:24 | INFO     | session_runner | Stale signal: SPY/orb age=44 min > max 10 min — skipped
2026-10-02T11:54:24 | INFO     | session_runner | Stale signal: SPY/vwap_reclaim age=199 min > max 10 min — skipped
2026-10-02T11:54:24 | INFO     | session_runner | Stale signal: SPY/vwap_reclaim age=104 min > max 10 min — skipped
2026-10-02T11:54:54 | INFO     | session_runner | [cycle 281] 11:54:54 ET | positions=0 | entries=0
2026-10-02T11:54:54 | INFO     | app.trading.reconciler | Reconciliation done: broker_pos=0 local_pos=0 broker_orders=0 local_pending=0 repaired=0 flagged=0 orders_confirmed=True positions_confirmed=True
2026-10-02T11:54:54 | INFO     | session_runner | Periodic universe re-scan …
2026-10-02T11:54:54 | INFO     | app.scanning.universe_loader | UniverseLoader: loaded 5 groups (13 flat symbols) from config/ticker_universe.yaml (blacklist=0)
2026-10-02T11:54:54 | INFO     | app.scanning.universe_loader | UniverseLoader: 38 symbols from 4 group(s) (blacklist=0)
2026-10-02T11:54:54 | INFO     | session_runner | Universe scan: 38 symbols from 4 group(s) | max_active=6
2026-10-02T11:54:57 | INFO     | session_runner | Scan: 20 passed, 18 rejected
2026-10-02T11:54:57 | INFO     | session_runner |   TSLA    score=95.0  signal=LONG     reasons: rvol=2.42x (high), atr=3.20% (wide-range), orb_breakout
2026-10-02T11:54:57 | INFO     | session_runner |   IWM     score=88.0  signal=SHORT    reasons: rvol=2.26x (high), atr=1.31% (good range), orb_breakdown
2026-10-02T11:54:57 | INFO     | session_runner |   RIVN    score=85.0  signal=SHORT    reasons: rvol=3.77x (high), atr=4.85% (wide-range), orb_breakdown
2026-10-02T11:54:57 | INFO     | session_runner |   AVGO    score=77.0  signal=LONG     reasons: rvol=1.65x (elevated), atr=2.88% (wide-range), orb_breakout
2026-10-02T11:54:57 | INFO     | session_runner |   HOOD    score=77.0  signal=SHORT    reasons: rvol=1.75x (elevated), atr=5.39% (wide-range), orb_breakdown
2026-10-02T11:54:58 | WARNING  | app.scanning.alpaca_confirmer | AlpacaConfirmer: cannot fetch chain for TSLA 2026-10-05: Client error '401 Unauthorized' for url 'https://api.tradier.com/v1/markets/quotes?symbols=TSLA261005C00250000%2CTSLA261005C00255000%2CTSLA261005C00260000%2CTSLA261005C00265000%2CTSLA261005C00270000%2CTSLA261005C00275000%2CTSLA261005C00280000%2CTSLA261005C00285000%2CTSLA261005C00290000%2CTSLA261005C00295000%2CTSLA261005C00300000%2CTSLA261005C00305000%2CTSLA261005C00310000%2CTSLA261005C00315000%2CTSLA261005C00317500%2CTSLA261005C00320000%2CTSLA261005C00322500%2CTSLA261005C00325000%2CTSLA261005C00327500%2CTSLA261005C00330000%2CTSLA261005C00332500%2CTSLA261005C00335000%2CTSLA261005C00337500%2CTSLA261005C00340000%2CTSLA261005C00342500%2CTSLA261005C00345000%2CTSLA261005C00347500%2CTSLA261005C00350000%2CTSLA261005C00352500%2CTSLA261005C00355000%2CTSLA261005C00357500%2CTSLA261005C00360000%2CTSLA261005C00362500%2CTSLA261005C00365000%2CTSLA261005C00367500%2CTSLA261005C00370000%2CTSLA261005C00372500%2CTSLA261005C00375000%2CTSLA261005C00377500%2CTSLA261005C00380000%2CTSLA261005C00382500%2CTSLA261005C00385000%2CTSLA261005C00387500%2CTSLA261005C00390000%2CTSLA261005C00392500%2CTSLA261005C00395000%2CTSLA261005C00397500%2CTSLA261005C00400000%2CTSLA261005C00402500%2CTSLA261005C00405000&greeks=true'
For more information check: https://developer.mozilla.org/en-US/docs/Web/HTTP/Status/401
2026-10-02T11:54:58 | WARNING  | app.scanning.alpaca_confirmer | AlpacaConfirmer: cannot fetch chain for HOOD 2026-10-09: Client error '401 Unauthorized' for url 'https://api.tradier.com/v1/markets/quotes?symbols=HOOD261009C00025000%2CHOOD261009C00030000%2CHOOD261009C00035000%2CHOOD261009C00040000%2CHOOD261009C00045000%2CHOOD261009C00050000%2CHOOD261009C00055000%2CHOOD261009C00060000%2CHOOD261009C00065000%2CHOOD261009C00070000%2CHOOD261009C00075000%2CHOOD261009C00080000%2CHOOD261009C00085000%2CHOOD261009C00090000%2CHOOD261009C00091000%2CHOOD261009C00092000%2CHOOD261009C00093000%2CHOOD261009C00094000%2CHOOD261009C00095000%2CHOOD261009C00096000%2CHOOD261009C00097000%2CHOOD261009C00098000%2CHOOD261009C00099000%2CHOOD261009C00100000%2CHOOD261009C00101000%2CHOOD261009C00102000%2CHOOD261009C00103000%2CHOOD261009C00104000%2CHOOD261009C00105000%2CHOOD261009C00106000%2CHOOD261009C00107000%2CHOOD261009C00108000%2CHOOD261009C00109000%2CHOOD261009C00110000%2CHOOD261009C00111000%2CHOOD261009C00112000%2CHOOD261009C00113000%2CHOOD261009C00114000%2CHOOD261009C00115000%2CHOOD261009C00116000%2CHOOD261009C00117000%2CHOOD261009C00118000%2CHOOD261009C00119000%2CHOOD261009C00120000%2CHOOD261009C00121000%2CHOOD261009C00122000%2CHOOD261009C00123000%2CHOOD261009C00124000%2CHOOD261009C00125000%2CHOOD261009C00126000&greeks=true'
For more information check: https://developer.mozilla.org/en-US/docs/Web/HTTP/Status/401
2026-10-02T11:54:58 | WARNING  | app.scanning.alpaca_confirmer | AlpacaConfirmer: cannot fetch chain for DKNG 2026-10-09: Client error '401 Unauthorized' for url 'https://api.tradier.com/v1/markets/quotes?symbols=DKNG261009C00010000%2CDKNG261009C00011000%2CDKNG261009C00012000%2CDKNG261009C00013000%2CDKNG261009C00014000%2CDKNG261009C00015000%2CDKNG261009C00016000%2CDKNG261009C00017000%2CDKNG261009C00018000%2CDKNG261009C00019000%2CDKNG261009C00020000%2CDKNG261009C00020500%2CDKNG261009C00021000%2CDKNG261009C00021500%2CDKNG261009C00022000%2CDKNG261009C00022500%2CDKNG261009C00023000%2CDKNG261009C00023500%2CDKNG261009C00024000%2CDKNG261009C00024500%2CDKNG261009C00025000%2CDKNG261009C00025500%2CDKNG261009C00026000%2CDKNG261009C00026500%2CDKNG261009C00027000%2CDKNG261009C00027500%2CDKNG261009C00028000%2CDKNG261009C00028500%2CDKNG261009C00029000%2CDKNG261009C00030000%2CDKNG261009C00031000%2CDKNG261009C00032000%2CDKNG261009C00033000%2CDKNG261009C00034000%2CDKNG261009C00035000%2CDKNG261009P00010000%2CDKNG261009P00011000%2CDKNG261009P00012000%2CDKNG261009P00013000%2CDKNG261009P00014000%2CDKNG261009P00015000%2CDKNG261009P00016000%2CDKNG261009P00017000%2CDKNG261009P00018000%2CDKNG261009P00019000%2CDKNG261009P00020000%2CDKNG261009P00020500%2CDKNG261009P00021000%2CDKNG261009P00021500%2CDKNG261009P00022000&greeks=true'
For more information check: https://developer.mozilla.org/en-US/docs/Web/HTTP/Status/401
2026-10-02T11:54:58 | WARNING  | app.scanning.alpaca_confirmer | AlpacaConfirmer: cannot fetch chain for RIVN 2026-10-09: Client error '401 Unauthorized' for url 'https://api.tradier.com/v1/markets/quotes?symbols=RIVN261009C00005000%2CRIVN261009C00009000%2CRIVN261009C00010000%2CRIVN261009C00010500%2CRIVN261009C00011000%2CRIVN261009C00011500%2CRIVN261009C00012000%2CRIVN261009C00012500%2CRIVN261009C00013000%2CRIVN261009C00013500%2CRIVN261009C00014000%2CRIVN261009C00014500%2CRIVN261009C00015000%2CRIVN261009C00015500%2CRIVN261009C00016000%2CRIVN261009C00016500%2CRIVN261009C00017000%2CRIVN261009C00017500%2CRIVN261009C00018000%2CRIVN261009C00018500%2CRIVN261009C00019000%2CRIVN261009C00019500%2CRIVN261009C00020000%2CRIVN261009C00020500%2CRIVN261009C00021000%2CRIVN261009C00021500%2CRIVN261009C00022000%2CRIVN261009C00023000%2CRIVN261009C00024000%2CRIVN261009C00025000%2CRIVN261009C00030000%2CRIVN261009P00005000%2CRIVN261009P00009000%2CRIVN261009P00010000%2CRIVN261009P00010500%2CRIVN261009P00011000%2CRIVN261009P00011500%2CRIVN261009P00012000%2CRIVN261009P00012500%2CRIVN261009P00013000%2CRIVN261009P00013500%2CRIVN261009P00014000%2CRIVN261009P00014500%2CRIVN261009P00015000%2CRIVN261009P00015500%2CRIVN261009P00016000%2CRIVN261009P00016500%2CRIVN261009P00017000%2CRIVN261009P00017500%2CRIVN261009P00018000&greeks=true'
For more information check: https://developer.mozilla.org/en-US/docs/Web/HTTP/Status/401
2026-10-02T11:54:58 | WARNING  | app.scanning.alpaca_confirmer | AlpacaConfirmer: cannot fetch chain for AMZN 2026-10-05: Client error '401 Unauthorized' for url 'https://api.tradier.com/v1/markets/quotes?symbols=AMZN261005C00180000%2CAMZN261005C00185000%2CAMZN261005C00190000%2CAMZN261005C00195000%2CAMZN261005C00200000%2CAMZN261005C00205000%2CAMZN261005C00210000%2CAMZN261005C00215000%2CAMZN261005C00220000%2CAMZN261005C00222500%2CAMZN261005C00225000%2CAMZN261005C00227500%2CAMZN261005C00230000%2CAMZN261005C00232500%2CAMZN261005C00235000%2CAMZN261005C00237500%2CAMZN261005C00240000%2CAMZN261005C00242500%2CAMZN261005C00245000%2CAMZN261005C00247500%2CAMZN261005C00250000%2CAMZN261005C00252500%2CAMZN261005C00255000%2CAMZN261005C00257500%2CAMZN261005C00260000%2CAMZN261005C00262500%2CAMZN261005C00265000%2CAMZN261005C00267500%2CAMZN261005C00270000%2CAMZN261005C00272500%2CAMZN261005C00275000%2CAMZN261005C00277500%2CAMZN261005C00280000%2CAMZN261005C00282500%2CAMZN261005C00285000%2CAMZN261005C00290000%2CAMZN261005C00295000%2CAMZN261005C00300000%2CAMZN261005C00305000%2CAMZN261005C00310000%2CAMZN261005C00315000%2CAMZN261005C00320000%2CAMZN261005C00325000%2CAMZN261005C00330000%2CAMZN261005C00335000%2CAMZN261005P00180000%2CAMZN261005P00185000%2CAMZN261005P00190000%2CAMZN261005P00195000%2CAMZN261005P00200000&greeks=true'
For more information check: https://developer.mozilla.org/en-US/docs/Web/HTTP/Status/401
2026-10-02T11:54:58 | WARNING  | app.scanning.alpaca_confirmer | AlpacaConfirmer: cannot fetch chain for RIOT 2026-10-09: Client error '401 Unauthorized' for url 'https://api.tradier.com/v1/markets/quotes?symbols=RIOT261009C00008000%2CRIOT261009C00009000%2CRIOT261009C00010000%2CRIOT261009C00011000%2CRIOT261009C00012000%2CRIOT261009C00013000%2CRIOT261009C00014000%2CRIOT261009C00015000%2CRIOT261009C00016000%2CRIOT261009C00017000%2CRIOT261009C00017500%2CRIOT261009C00018000%2CRIOT261009C00018500%2CRIOT261009C00019000%2CRIOT261009C00019500%2CRIOT261009C00020000%2CRIOT261009C00020500%2CRIOT261009C00021000%2CRIOT261009C00021500%2CRIOT261009C00022000%2CRIOT261009C00022500%2CRIOT261009C00023000%2CRIOT261009C00023500%2CRIOT261009C00024000%2CRIOT261009C00024500%2CRIOT261009C00025000%2CRIOT261009C00025500%2CRIOT261009C00026000%2CRIOT261009C00026500%2CRIOT261009C00027000%2CRIOT261009C00027500%2CRIOT261009C00028000%2CRIOT261009C00028500%2CRIOT261009C00029000%2CRIOT261009C00029500%2CRIOT261009C00030000%2CRIOT261009C00031000%2CRIOT261009C00032000%2CRIOT261009C00033000%2CRIOT261009C00034000%2CRIOT261009C00035000%2CRIOT261009P00008000%2CRIOT261009P00009000%2CRIOT261009P00010000%2CRIOT261009P00011000%2CRIOT261009P00012000%2CRIOT261009P00013000%2CRIOT261009P00014000%2CRIOT261009P00015000%2CRIOT261009P00016000&greeks=true'
For more information check: https://developer.mozilla.org/en-US/docs/Web/HTTP/Status/401
2026-10-02T11:54:58 | WARNING  | app.scanning.alpaca_confirmer | AlpacaConfirmer: cannot fetch chain for MSFT 2026-10-05: Client error '401 Unauthorized' for url 'https://api.tradier.com/v1/markets/quotes?symbols=MSFT261005C00420000%2CMSFT261005C00425000%2CMSFT261005C00430000%2CMSFT261005C00435000%2CMSFT261005C00440000%2CMSFT261005C00445000%2CMSFT261005C00450000%2CMSFT261005C00452500%2CMSFT261005C00455000%2CMSFT261005C00457500%2CMSFT261005C00460000%2CMSFT261005C00462500%2CMSFT261005C00465000%2CMSFT261005C00467500%2CMSFT261005C00470000%2CMSFT261005C00472500%2CMSFT261005C00475000%2CMSFT261005C00477500%2CMSFT261005C00480000%2CMSFT261005C00482500%2CMSFT261005C00485000%2CMSFT261005C00487500%2CMSFT261005C00490000%2CMSFT261005C00492500%2CMSFT261005C00495000%2CMSFT261005C00497500%2CMSFT261005C00500000%2CMSFT261005C00502500%2CMSFT261005C00505000%2CMSFT261005C00507500%2CMSFT261005C00510000%2CMSFT261005C00512500%2CMSFT261005C00515000%2CMSFT261005C00517500%2CMSFT261005C00520000%2CMSFT261005C00522500%2CMSFT261005C00525000%2CMSFT261005C00527500%2CMSFT261005C00530000%2CMSFT261005C00532500%2CMSFT261005C00535000%2CMSFT261005C00537500%2CMSFT261005C00540000%2CMSFT261005C00542500%2CMSFT261005C00545000%2CMSFT261005C00547500%2CMSFT261005C00550000%2CMSFT261005C00552500%2CMSFT261005C00555000%2CMSFT261005C00557500&greeks=true'
For more information check: https://developer.mozilla.org/en-US/docs/Web/HTTP/Status/401
2026-10-02T11:54:58 | WARNING  | app.scanning.alpaca_confirmer | AlpacaConfirmer: cannot fetch chain for SOFI 2026-10-09: Client error '401 Unauthorized' for url 'https://api.tradier.com/v1/markets/quotes?symbols=SOFI261009C00005000%2CSOFI261009C00009000%2CSOFI261009C00010000%2CSOFI261009C00011000%2CSOFI261009C00011500%2CSOFI261009C00012000%2CSOFI261009C00012500%2CSOFI261009C00013000%2CSOFI261009C00013500%2CSOFI261009C00014000%2CSOFI261009C00014500%2CSOFI261009C00015000%2CSOFI261009C00015500%2CSOFI261009C00016000%2CSOFI261009C00016500%2CSOFI261009C00017000%2CSOFI261009C00017500%2CSOFI261009C00018000%2CSOFI261009C00018500%2CSOFI261009C00019000%2CSOFI261009C00019500%2CSOFI261009C00020000%2CSOFI261009C00020500%2CSOFI261009C00021000%2CSOFI261009C00021500%2CSOFI261009C00022000%2CSOFI261009C00022500%2CSOFI261009C00023000%2CSOFI261009C00023500%2CSOFI261009C00024000%2CSOFI261009C00025000%2CSOFI261009C00030000%2CSOFI261009P00005000%2CSOFI261009P00009000%2CSOFI261009P00010000%2CSOFI261009P00011000%2CSOFI261009P00011500%2CSOFI261009P00012000%2CSOFI261009P00012500%2CSOFI261009P00013000%2CSOFI261009P00013500%2CSOFI261009P00014000%2CSOFI261009P00014500%2CSOFI261009P00015000%2CSOFI261009P00015500%2CSOFI261009P00016000%2CSOFI261009P00016500%2CSOFI261009P00017000%2CSOFI261009P00017500%2CSOFI261009P00018000&greeks=true'
For more information check: https://developer.mozilla.org/en-US/docs/Web/HTTP/Status/401
2026-10-02T11:54:58 | WARNING  | app.scanning.alpaca_confirmer | AlpacaConfirmer: cannot fetch chain for GOOGL 2026-10-05: Client error '401 Unauthorized' for url 'https://api.tradier.com/v1/markets/quotes?symbols=GOOGL261005C00265000%2CGOOGL261005C00270000%2CGOOGL261005C00275000%2CGOOGL261005C00280000%2CGOOGL261005C00285000%2CGOOGL261005C00290000%2CGOOGL261005C00295000%2CGOOGL261005C00300000%2CGOOGL261005C00305000%2CGOOGL261005C00307500%2CGOOGL261005C00310000%2CGOOGL261005C00312500%2CGOOGL261005C00315000%2CGOOGL261005C00317500%2CGOOGL261005C00320000%2CGOOGL261005C00322500%2CGOOGL261005C00325000%2CGOOGL261005C00327500%2CGOOGL261005C00330000%2CGOOGL261005C00332500%2CGOOGL261005C00335000%2CGOOGL261005C00337500%2CGOOGL261005C00340000%2CGOOGL261005C00342500%2CGOOGL261005C00345000%2CGOOGL261005C00347500%2CGOOGL261005C00350000%2CGOOGL261005C00352500%2CGOOGL261005C00355000%2CGOOGL261005C00357500%2CGOOGL261005C00360000%2CGOOGL261005C00362500%2CGOOGL261005C00365000%2CGOOGL261005C00367500%2CGOOGL261005C00370000%2CGOOGL261005C00372500%2CGOOGL261005C00375000%2CGOOGL261005C00377500%2CGOOGL261005C00380000%2CGOOGL261005C00382500%2CGOOGL261005C00385000%2CGOOGL261005C00387500%2CGOOGL261005C00390000%2CGOOGL261005C00392500%2CGOOGL261005C00395000%2CGOOGL261005C00397500%2CGOOGL261005C00400000%2CGOOGL261005C00402500%2CGOOGL261005C00405000%2CGOOGL261005C00407500&greeks=true'
For more information check: https://developer.mozilla.org/en-US/docs/Web/HTTP/Status/401
2026-10-02T11:54:58 | WARNING  | app.scanning.alpaca_confirmer | AlpacaConfirmer: cannot fetch chain for AVGO 2026-10-05: Client error '401 Unauthorized' for url 'https://api.tradier.com/v1/markets/quotes?symbols=AVGO261005C00285000%2CAVGO261005C00290000%2CAVGO261005C00295000%2CAVGO261005C00300000%2CAVGO261005C00305000%2CAVGO261005C00310000%2CAVGO261005C00315000%2CAVGO261005C00317500%2CAVGO261005C00320000%2CAVGO261005C00322500%2CAVGO261005C00325000%2CAVGO261005C00327500%2CAVGO261005C00330000%2CAVGO261005C00332500%2CAVGO261005C00335000%2CAVGO261005C00337500%2CAVGO261005C00340000%2CAVGO261005C00342500%2CAVGO261005C00345000%2CAVGO261005C00347500%2CAVGO261005C00350000%2CAVGO261005C00352500%2CAVGO261005C00355000%2CAVGO261005C00357500%2CAVGO261005C00360000%2CAVGO261005C00362500%2CAVGO261005C00365000%2CAVGO261005C00367500%2CAVGO261005C00370000%2CAVGO261005C00372500%2CAVGO261005C00375000%2CAVGO261005C00377500%2CAVGO261005C00380000%2CAVGO261005C00382500%2CAVGO261005C00385000%2CAVGO261005C00387500%2CAVGO261005C00390000%2CAVGO261005C00392500%2CAVGO261005C00395000%2CAVGO261005C00397500%2CAVGO261005C00400000%2CAVGO261005C00402500%2CAVGO261005C00405000%2CAVGO261005C00407500%2CAVGO261005C00410000%2CAVGO261005C00412500%2CAVGO261005C00415000%2CAVGO261005C00417500%2CAVGO261005C00420000%2CAVGO261005C00422500&greeks=true'
For more information check: https://developer.mozilla.org/en-US/docs/Web/HTTP/Status/401
2026-10-02T11:54:58 | WARNING  | app.scanning.alpaca_confirmer | AlpacaConfirmer: cannot fetch chain for MARA 2026-10-09: Client error '401 Unauthorized' for url 'https://api.tradier.com/v1/markets/quotes?symbols=MARA261009C00004000%2CMARA261009C00005000%2CMARA261009C00006000%2CMARA261009C00006500%2CMARA261009C00007000%2CMARA261009C00007500%2CMARA261009C00008000%2CMARA261009C00008500%2CMARA261009C00009000%2CMARA261009C00009500%2CMARA261009C00010000%2CMARA261009C00010500%2CMARA261009C00011000%2CMARA261009C00011500%2CMARA261009C00012000%2CMARA261009C00012500%2CMARA261009C00013000%2CMARA261009C00013500%2CMARA261009C00014000%2CMARA261009C00014500%2CMARA261009C00015000%2CMARA261009C00015500%2CMARA261009C00016000%2CMARA261009C00016500%2CMARA261009C00017000%2CMARA261009C00017500%2CMARA261009C00018000%2CMARA261009C00019000%2CMARA261009C00020000%2CMARA261009C00021000%2CMARA261009C00022000%2CMARA261009C00023000%2CMARA261009P00004000%2CMARA261009P00005000%2CMARA261009P00006000%2CMARA261009P00006500%2CMARA261009P00007000%2CMARA261009P00007500%2CMARA261009P00008000%2CMARA261009P00008500%2CMARA261009P00009000%2CMARA261009P00009500%2CMARA261009P00010000%2CMARA261009P00010500%2CMARA261009P00011000%2CMARA261009P00011500%2CMARA261009P00012000%2CMARA261009P00012500%2CMARA261009P00013000%2CMARA261009P00013500&greeks=true'
For more information check: https://developer.mozilla.org/en-US/docs/Web/HTTP/Status/401
2026-10-02T11:54:58 | WARNING  | app.scanning.alpaca_confirmer | AlpacaConfirmer: cannot fetch chain for IWM 2026-10-05: Client error '401 Unauthorized' for url 'https://api.tradier.com/v1/markets/quotes?symbols=IWM261005C00180000%2CIWM261005C00190000%2CIWM261005C00200000%2CIWM261005C00205000%2CIWM261005C00210000%2CIWM261005C00215000%2CIWM261005C00220000%2CIWM261005C00225000%2CIWM261005C00230000%2CIWM261005C00235000%2CIWM261005C00240000%2CIWM261005C00245000%2CIWM261005C00250000%2CIWM261005C00255000%2CIWM261005C00260000%2CIWM261005C00261000%2CIWM261005C00262000%2CIWM261005C00263000%2CIWM261005C00264000%2CIWM261005C00265000%2CIWM261005C00266000%2CIWM261005C00267000%2CIWM261005C00268000%2CIWM261005C00269000%2CIWM261005C00270000%2CIWM261005C00271000%2CIWM261005C00272000%2CIWM261005C00273000%2CIWM261005C00274000%2CIWM261005C00275000%2CIWM261005C00276000%2CIWM261005C00277000%2CIWM261005C00278000%2CIWM261005C00279000%2CIWM261005C00280000%2CIWM261005C00281000%2CIWM261005C00282000%2CIWM261005C00283000%2CIWM261005C00284000%2CIWM261005C00285000%2CIWM261005C00286000%2CIWM261005C00287000%2CIWM261005C00288000%2CIWM261005C00289000%2CIWM261005C00290000%2CIWM261005C00291000%2CIWM261005C00292000%2CIWM261005C00293000%2CIWM261005C00294000%2CIWM261005C00295000&greeks=true'
For more information check: https://developer.mozilla.org/en-US/docs/Web/HTTP/Status/401
2026-10-02T11:54:58 | INFO     | session_runner | AlpacaConfirmer: 0 confirmed symbols: []
2026-10-02T11:54:58 | WARNING  | session_runner | Re-scan returned no confirmed symbols — falling back to ['SPY']
2026-10-02T11:54:58 | INFO     | session_runner | Broad-market regime | SPY=short
2026-10-02T11:54:58 | INFO     | session_runner | [bridge:SPY] rsi_trend ready: sufficient bars
2026-10-02T11:54:58 | INFO     | session_runner | Stale signal: SPY/vwap_reclaim age=55 min > max 10 min — skipped
2026-10-02T11:54:58 | INFO     | session_runner | Stale signal: SPY/orb age=45 min > max 10 min — skipped
2026-10-02T11:54:58 | INFO     | session_runner | Stale signal: SPY/vwap_reclaim age=200 min > max 10 min — skipped
2026-10-02T11:54:58 | INFO     | session_runner | Stale signal: SPY/vwap_reclaim age=105 min > max 10 min — skipped
2026-10-02T11:55:29 | INFO     | session_runner | [cycle 282] 11:55:29 ET | positions=0 | entries=0
2026-10-02T11:55:29 | INFO     | session_runner | [bridge:SPY] rsi_trend ready: sufficient bars
2026-10-02T11:55:29 | INFO     | session_runner | Stale signal: SPY/vwap_reclaim age=55 min > max 10 min — skipped
2026-10-02T11:55:29 | INFO     | session_runner | Stale signal: SPY/orb age=45 min > max 10 min — skipped
2026-10-02T11:55:29 | INFO     | session_runner | Stale signal: SPY/vwap_reclaim age=200 min > max 10 min — skipped
2026-10-02T11:55:29 | INFO     | session_runner | Stale signal: SPY/vwap_reclaim age=105 min > max 10 min — skipped
2026-10-02T11:55:59 | INFO     | session_runner | [cycle 283] 11:55:59 ET | positions=0 | entries=0
2026-10-02T11:56:00 | INFO     | session_runner | [bridge:SPY] rsi_trend ready: sufficient bars
2026-10-02T11:56:00 | INFO     | session_runner | Stale signal: SPY/vwap_reclaim age=56 min > max 10 min — skipped
2026-10-02T11:56:00 | INFO     | session_runner | Stale signal: SPY/orb age=46 min > max 10 min — skipped
2026-10-02T11:56:00 | INFO     | session_runner | Stale signal: SPY/vwap_reclaim age=201 min > max 10 min — skipped
2026-10-02T11:56:00 | INFO     | session_runner | Stale signal: SPY/vwap_reclaim age=106 min > max 10 min — skipped
2026-10-02T11:56:30 | INFO     | session_runner | [cycle 284] 11:56:30 ET | positions=0 | entries=0
2026-10-02T11:56:30 | INFO     | session_runner | [bridge:SPY] rsi_trend ready: sufficient bars
2026-10-02T11:56:30 | INFO     | session_runner | Stale signal: SPY/vwap_reclaim age=57 min > max 10 min — skipped
2026-10-02T11:56:30 | INFO     | session_runner | Stale signal: SPY/orb age=47 min > max 10 min — skipped
2026-10-02T11:56:30 | INFO     | session_runner | Stale signal: SPY/vwap_reclaim age=202 min > max 10 min — skipped
2026-10-02T11:56:30 | INFO     | session_runner | Stale signal: SPY/vwap_reclaim age=107 min > max 10 min — skipped
2026-10-02T11:57:00 | INFO     | session_runner | [cycle 285] 11:57:00 ET | positions=0 | entries=0
2026-10-02T11:57:01 | INFO     | session_runner | [bridge:SPY] rsi_trend ready: sufficient bars
2026-10-02T11:57:01 | INFO     | session_runner | Stale signal: SPY/vwap_reclaim age=57 min > max 10 min — skipped
2026-10-02T11:57:01 | INFO     | session_runner | Stale signal: SPY/orb age=47 min > max 10 min — skipped
2026-10-02T11:57:01 | INFO     | session_runner | Stale signal: SPY/vwap_reclaim age=202 min > max 10 min — skipped
2026-10-02T11:57:01 | INFO     | session_runner | Stale signal: SPY/vwap_reclaim age=107 min > max 10 min — skipped
2026-10-02T11:57:31 | INFO     | session_runner | [cycle 286] 11:57:31 ET | positions=0 | entries=0
2026-10-02T11:57:31 | INFO     | session_runner | [bridge:SPY] rsi_trend ready: sufficient bars
2026-10-02T11:57:31 | INFO     | session_runner | Stale signal: SPY/vwap_reclaim age=58 min > max 10 min — skipped
2026-10-02T11:57:31 | INFO     | session_runner | Stale signal: SPY/orb age=48 min > max 10 min — skipped
2026-10-02T11:57:31 | INFO     | session_runner | Stale signal: SPY/vwap_reclaim age=203 min > max 10 min — skipped
2026-10-02T11:57:31 | INFO     | session_runner | Stale signal: SPY/vwap_reclaim age=108 min > max 10 min — skipped
2026-10-02T11:58:01 | INFO     | session_runner | [cycle 287] 11:58:01 ET | positions=0 | entries=0
2026-10-02T11:58:02 | INFO     | session_runner | [bridge:SPY] rsi_trend ready: sufficient bars
2026-10-02T11:58:02 | INFO     | session_runner | Stale signal: SPY/vwap_reclaim age=58 min > max 10 min — skipped
2026-10-02T11:58:02 | INFO     | session_runner | Stale signal: SPY/orb age=48 min > max 10 min — skipped
2026-10-02T11:58:02 | INFO     | session_runner | Stale signal: SPY/vwap_reclaim age=203 min > max 10 min — skipped
2026-10-02T11:58:02 | INFO     | session_runner | Stale signal: SPY/vwap_reclaim age=108 min > max 10 min — skipped
2026-10-02T11:58:32 | INFO     | session_runner | [cycle 288] 11:58:32 ET | positions=0 | entries=0
2026-10-02T11:58:32 | INFO     | session_runner | [bridge:SPY] rsi_trend ready: sufficient bars
2026-10-02T11:58:32 | INFO     | session_runner | Stale signal: SPY/vwap_reclaim age=59 min > max 10 min — skipped
2026-10-02T11:58:32 | INFO     | session_runner | Stale signal: SPY/orb age=49 min > max 10 min — skipped
2026-10-02T11:58:32 | INFO     | session_runner | Stale signal: SPY/vwap_reclaim age=204 min > max 10 min — skipped
2026-10-02T11:58:32 | INFO     | session_runner | Stale signal: SPY/vwap_reclaim age=109 min > max 10 min — skipped
2026-10-02T11:59:03 | INFO     | session_runner | [cycle 289] 11:59:03 ET | positions=0 | entries=0
2026-10-02T11:59:03 | INFO     | session_runner | [bridge:SPY] rsi_trend ready: sufficient bars
2026-10-02T11:59:03 | INFO     | session_runner | Stale signal: SPY/vwap_reclaim age=59 min > max 10 min — skipped
2026-10-02T11:59:03 | INFO     | session_runner | Stale signal: SPY/orb age=49 min > max 10 min — skipped
2026-10-02T11:59:03 | INFO     | session_runner | Stale signal: SPY/vwap_reclaim age=204 min > max 10 min — skipped
2026-10-02T11:59:03 | INFO     | session_runner | Stale signal: SPY/vwap_reclaim age=109 min > max 10 min — skipped
2026-10-02T11:59:33 | INFO     | session_runner | [cycle 290] 11:59:33 ET | positions=0 | entries=0
2026-10-02T11:59:33 | INFO     | session_runner | [bridge:SPY] rsi_trend ready: sufficient bars
2026-10-02T11:59:33 | INFO     | session_runner | Stale signal: SPY/vwap_reclaim age=60 min > max 10 min — skipped
2026-10-02T11:59:33 | INFO     | session_runner | Stale signal: SPY/orb age=50 min > max 10 min — skipped
2026-10-02T11:59:33 | INFO     | session_runner | Stale signal: SPY/vwap_reclaim age=205 min > max 10 min — skipped
2026-10-02T11:59:33 | INFO     | session_runner | Stale signal: SPY/vwap_reclaim age=110 min > max 10 min — skipped
2026-10-02T12:00:03 | INFO     | session_runner | [cycle 291] 12:00:03 ET | positions=0 | entries=0
2026-10-02T12:00:04 | INFO     | session_runner | Periodic universe re-scan …
2026-10-02T12:00:04 | INFO     | app.scanning.universe_loader | UniverseLoader: loaded 5 groups (13 flat symbols) from config/ticker_universe.yaml (blacklist=0)
2026-10-02T12:00:04 | INFO     | app.scanning.universe_loader | UniverseLoader: 38 symbols from 4 group(s) (blacklist=0)
2026-10-02T12:00:04 | INFO     | session_runner | Universe scan: 38 symbols from 4 group(s) | max_active=6
2026-10-02T12:00:13 | INFO     | session_runner | Scan: 21 passed, 17 rejected
2026-10-02T12:00:13 | INFO     | session_runner |   TSLA    score=95.0  signal=LONG     reasons: rvol=2.37x (high), atr=3.20% (wide-range), orb_breakout
2026-10-02T12:00:13 | INFO     | session_runner |   IWM     score=88.0  signal=SHORT    reasons: rvol=2.22x (high), atr=1.31% (good range), orb_breakdown
2026-10-02T12:00:13 | INFO     | session_runner |   RIVN    score=85.0  signal=SHORT    reasons: rvol=3.70x (high), atr=4.85% (wide-range), orb_breakdown
2026-10-02T12:00:13 | INFO     | session_runner |   AVGO    score=77.0  signal=LONG     reasons: rvol=1.64x (elevated), atr=2.88% (wide-range), orb_breakout
2026-10-02T12:00:13 | INFO     | session_runner |   HOOD    score=77.0  signal=SHORT    reasons: rvol=1.74x (elevated), atr=5.39% (wide-range), orb_breakdown
2026-10-02T12:00:14 | WARNING  | app.scanning.alpaca_confirmer | AlpacaConfirmer: cannot fetch chain for GOOGL 2026-10-05: Client error '401 Unauthorized' for url 'https://api.tradier.com/v1/markets/quotes?symbols=GOOGL261005C00265000%2CGOOGL261005C00270000%2CGOOGL261005C00275000%2CGOOGL261005C00280000%2CGOOGL261005C00285000%2CGOOGL261005C00290000%2CGOOGL261005C00295000%2CGOOGL261005C00300000%2CGOOGL261005C00305000%2CGOOGL261005C00307500%2CGOOGL261005C00310000%2CGOOGL261005C00312500%2CGOOGL261005C00315000%2CGOOGL261005C00317500%2CGOOGL261005C00320000%2CGOOGL261005C00322500%2CGOOGL261005C00325000%2CGOOGL261005C00327500%2CGOOGL261005C00330000%2CGOOGL261005C00332500%2CGOOGL261005C00335000%2CGOOGL261005C00337500%2CGOOGL261005C00340000%2CGOOGL261005C00342500%2CGOOGL261005C00345000%2CGOOGL261005C00347500%2CGOOGL261005C00350000%2CGOOGL261005C00352500%2CGOOGL261005C00355000%2CGOOGL261005C00357500%2CGOOGL261005C00360000%2CGOOGL261005C00362500%2CGOOGL261005C00365000%2CGOOGL261005C00367500%2CGOOGL261005C00370000%2CGOOGL261005C00372500%2CGOOGL261005C00375000%2CGOOGL261005C00377500%2CGOOGL261005C00380000%2CGOOGL261005C00382500%2CGOOGL261005C00385000%2CGOOGL261005C00387500%2CGOOGL261005C00390000%2CGOOGL261005C00392500%2CGOOGL261005C00395000%2CGOOGL261005C00397500%2CGOOGL261005C00400000%2CGOOGL261005C00402500%2CGOOGL261005C00405000%2CGOOGL261005C00407500&greeks=true'
For more information check: https://developer.mozilla.org/en-US/docs/Web/HTTP/Status/401
2026-10-02T12:00:14 | WARNING  | app.scanning.alpaca_confirmer | AlpacaConfirmer: cannot fetch chain for AMZN 2026-10-05: Client error '401 Unauthorized' for url 'https://api.tradier.com/v1/markets/quotes?symbols=AMZN261005C00180000%2CAMZN261005C00185000%2CAMZN261005C00190000%2CAMZN261005C00195000%2CAMZN261005C00200000%2CAMZN261005C00205000%2CAMZN261005C00210000%2CAMZN261005C00215000%2CAMZN261005C00220000%2CAMZN261005C00222500%2CAMZN261005C00225000%2CAMZN261005C00227500%2CAMZN261005C00230000%2CAMZN261005C00232500%2CAMZN261005C00235000%2CAMZN261005C00237500%2CAMZN261005C00240000%2CAMZN261005C00242500%2CAMZN261005C00245000%2CAMZN261005C00247500%2CAMZN261005C00250000%2CAMZN261005C00252500%2CAMZN261005C00255000%2CAMZN261005C00257500%2CAMZN261005C00260000%2CAMZN261005C00262500%2CAMZN261005C00265000%2CAMZN261005C00267500%2CAMZN261005C00270000%2CAMZN261005C00272500%2CAMZN261005C00275000%2CAMZN261005C00277500%2CAMZN261005C00280000%2CAMZN261005C00282500%2CAMZN261005C00285000%2CAMZN261005C00290000%2CAMZN261005C00295000%2CAMZN261005C00300000%2CAMZN261005C00305000%2CAMZN261005C00310000%2CAMZN261005C00315000%2CAMZN261005C00320000%2CAMZN261005C00325000%2CAMZN261005C00330000%2CAMZN261005C00335000%2CAMZN261005P00180000%2CAMZN261005P00185000%2CAMZN261005P00190000%2CAMZN261005P00195000%2CAMZN261005P00200000&greeks=true'
For more information check: https://developer.mozilla.org/en-US/docs/Web/HTTP/Status/401
2026-10-02T12:00:14 | WARNING  | app.scanning.alpaca_confirmer | AlpacaConfirmer: cannot fetch chain for IWM 2026-10-05: Client error '401 Unauthorized' for url 'https://api.tradier.com/v1/markets/quotes?symbols=IWM261005C00180000%2CIWM261005C00190000%2CIWM261005C00200000%2CIWM261005C00205000%2CIWM261005C00210000%2CIWM261005C00215000%2CIWM261005C00220000%2CIWM261005C00225000%2CIWM261005C00230000%2CIWM261005C00235000%2CIWM261005C00240000%2CIWM261005C00245000%2CIWM261005C00250000%2CIWM261005C00255000%2CIWM261005C00260000%2CIWM261005C00261000%2CIWM261005C00262000%2CIWM261005C00263000%2CIWM261005C00264000%2CIWM261005C00265000%2CIWM261005C00266000%2CIWM261005C00267000%2CIWM261005C00268000%2CIWM261005C00269000%2CIWM261005C00270000%2CIWM261005C00271000%2CIWM261005C00272000%2CIWM261005C00273000%2CIWM261005C00274000%2CIWM261005C00275000%2CIWM261005C00276000%2CIWM261005C00277000%2CIWM261005C00278000%2CIWM261005C00279000%2CIWM261005C00280000%2CIWM261005C00281000%2CIWM261005C00282000%2CIWM261005C00283000%2CIWM261005C00284000%2CIWM261005C00285000%2CIWM261005C00286000%2CIWM261005C00287000%2CIWM261005C00288000%2CIWM261005C00289000%2CIWM261005C00290000%2CIWM261005C00291000%2CIWM261005C00292000%2CIWM261005C00293000%2CIWM261005C00294000%2CIWM261005C00295000&greeks=true'
For more information check: https://developer.mozilla.org/en-US/docs/Web/HTTP/Status/401
2026-10-02T12:00:14 | WARNING  | app.scanning.alpaca_confirmer | AlpacaConfirmer: cannot fetch chain for HOOD 2026-10-09: Client error '401 Unauthorized' for url 'https://api.tradier.com/v1/markets/quotes?symbols=HOOD261009C00025000%2CHOOD261009C00030000%2CHOOD261009C00035000%2CHOOD261009C00040000%2CHOOD261009C00045000%2CHOOD261009C00050000%2CHOOD261009C00055000%2CHOOD261009C00060000%2CHOOD261009C00065000%2CHOOD261009C00070000%2CHOOD261009C00075000%2CHOOD261009C00080000%2CHOOD261009C00085000%2CHOOD261009C00090000%2CHOOD261009C00091000%2CHOOD261009C00092000%2CHOOD261009C00093000%2CHOOD261009C00094000%2CHOOD261009C00095000%2CHOOD261009C00096000%2CHOOD261009C00097000%2CHOOD261009C00098000%2CHOOD261009C00099000%2CHOOD261009C00100000%2CHOOD261009C00101000%2CHOOD261009C00102000%2CHOOD261009C00103000%2CHOOD261009C00104000%2CHOOD261009C00105000%2CHOOD261009C00106000%2CHOOD261009C00107000%2CHOOD261009C00108000%2CHOOD261009C00109000%2CHOOD261009C00110000%2CHOOD261009C00111000%2CHOOD261009C00112000%2CHOOD261009C00113000%2CHOOD261009C00114000%2CHOOD261009C00115000%2CHOOD261009C00116000%2CHOOD261009C00117000%2CHOOD261009C00118000%2CHOOD261009C00119000%2CHOOD261009C00120000%2CHOOD261009C00121000%2CHOOD261009C00122000%2CHOOD261009C00123000%2CHOOD261009C00124000%2CHOOD261009C00125000%2CHOOD261009C00126000&greeks=true'
For more information check: https://developer.mozilla.org/en-US/docs/Web/HTTP/Status/401
2026-10-02T12:00:14 | WARNING  | app.scanning.alpaca_confirmer | AlpacaConfirmer: cannot fetch chain for MARA 2026-10-09: Client error '401 Unauthorized' for url 'https://api.tradier.com/v1/markets/quotes?symbols=MARA261009C00004000%2CMARA261009C00005000%2CMARA261009C00006000%2CMARA261009C00006500%2CMARA261009C00007000%2CMARA261009C00007500%2CMARA261009C00008000%2CMARA261009C00008500%2CMARA261009C00009000%2CMARA261009C00009500%2CMARA261009C00010000%2CMARA261009C00010500%2CMARA261009C00011000%2CMARA261009C00011500%2CMARA261009C00012000%2CMARA261009C00012500%2CMARA261009C00013000%2CMARA261009C00013500%2CMARA261009C00014000%2CMARA261009C00014500%2CMARA261009C00015000%2CMARA261009C00015500%2CMARA261009C00016000%2CMARA261009C00016500%2CMARA261009C00017000%2CMARA261009C00017500%2CMARA261009C00018000%2CMARA261009C00019000%2CMARA261009C00020000%2CMARA261009C00021000%2CMARA261009C00022000%2CMARA261009C00023000%2CMARA261009P00004000%2CMARA261009P00005000%2CMARA261009P00006000%2CMARA261009P00006500%2CMARA261009P00007000%2CMARA261009P00007500%2CMARA261009P00008000%2CMARA261009P00008500%2CMARA261009P00009000%2CMARA261009P00009500%2CMARA261009P00010000%2CMARA261009P00010500%2CMARA261009P00011000%2CMARA261009P00011500%2CMARA261009P00012000%2CMARA261009P00012500%2CMARA261009P00013000%2CMARA261009P00013500&greeks=true'
For more information check: https://developer.mozilla.org/en-US/docs/Web/HTTP/Status/401
2026-10-02T12:00:14 | WARNING  | app.scanning.alpaca_confirmer | AlpacaConfirmer: cannot fetch chain for AVGO 2026-10-05: Client error '401 Unauthorized' for url 'https://api.tradier.com/v1/markets/quotes?symbols=AVGO261005C00285000%2CAVGO261005C00290000%2CAVGO261005C00295000%2CAVGO261005C00300000%2CAVGO261005C00305000%2CAVGO261005C00310000%2CAVGO261005C00315000%2CAVGO261005C00317500%2CAVGO261005C00320000%2CAVGO261005C00322500%2CAVGO261005C00325000%2CAVGO261005C00327500%2CAVGO261005C00330000%2CAVGO261005C00332500%2CAVGO261005C00335000%2CAVGO261005C00337500%2CAVGO261005C00340000%2CAVGO261005C00342500%2CAVGO261005C00345000%2CAVGO261005C00347500%2CAVGO261005C00350000%2CAVGO261005C00352500%2CAVGO261005C00355000%2CAVGO261005C00357500%2CAVGO261005C00360000%2CAVGO261005C00362500%2CAVGO261005C00365000%2CAVGO261005C00367500%2CAVGO261005C00370000%2CAVGO261005C00372500%2CAVGO261005C00375000%2CAVGO261005C00377500%2CAVGO261005C00380000%2CAVGO261005C00382500%2CAVGO261005C00385000%2CAVGO261005C00387500%2CAVGO261005C00390000%2CAVGO261005C00392500%2CAVGO261005C00395000%2CAVGO261005C00397500%2CAVGO261005C00400000%2CAVGO261005C00402500%2CAVGO261005C00405000%2CAVGO261005C00407500%2CAVGO261005C00410000%2CAVGO261005C00412500%2CAVGO261005C00415000%2CAVGO261005C00417500%2CAVGO261005C00420000%2CAVGO261005C00422500&greeks=true'
For more information check: https://developer.mozilla.org/en-US/docs/Web/HTTP/Status/401
2026-10-02T12:00:14 | WARNING  | app.scanning.alpaca_confirmer | AlpacaConfirmer: cannot fetch chain for SOFI 2026-10-09: Client error '401 Unauthorized' for url 'https://api.tradier.com/v1/markets/quotes?symbols=SOFI261009C00005000%2CSOFI261009C00009000%2CSOFI261009C00010000%2CSOFI261009C00011000%2CSOFI261009C00011500%2CSOFI261009C00012000%2CSOFI261009C00012500%2CSOFI261009C00013000%2CSOFI261009C00013500%2CSOFI261009C00014000%2CSOFI261009C00014500%2CSOFI261009C00015000%2CSOFI261009C00015500%2CSOFI261009C00016000%2CSOFI261009C00016500%2CSOFI261009C00017000%2CSOFI261009C00017500%2CSOFI261009C00018000%2CSOFI261009C00018500%2CSOFI261009C00019000%2CSOFI261009C00019500%2CSOFI261009C00020000%2CSOFI261009C00020500%2CSOFI261009C00021000%2CSOFI261009C00021500%2CSOFI261009C00022000%2CSOFI261009C00022500%2CSOFI261009C00023000%2CSOFI261009C00023500%2CSOFI261009C00024000%2CSOFI261009C00025000%2CSOFI261009C00030000%2CSOFI261009P00005000%2CSOFI261009P00009000%2CSOFI261009P00010000%2CSOFI261009P00011000%2CSOFI261009P00011500%2CSOFI261009P00012000%2CSOFI261009P00012500%2CSOFI261009P00013000%2CSOFI261009P00013500%2CSOFI261009P00014000%2CSOFI261009P00014500%2CSOFI261009P00015000%2CSOFI261009P00015500%2CSOFI261009P00016000%2CSOFI261009P00016500%2CSOFI261009P00017000%2CSOFI261009P00017500%2CSOFI261009P00018000&greeks=true'
For more information check: https://developer.mozilla.org/en-US/docs/Web/HTTP/Status/401
2026-10-02T12:00:14 | WARNING  | app.scanning.alpaca_confirmer | AlpacaConfirmer: cannot fetch chain for DKNG 2026-10-09: Client error '401 Unauthorized' for url 'https://api.tradier.com/v1/markets/quotes?symbols=DKNG261009C00010000%2CDKNG261009C00011000%2CDKNG261009C00012000%2CDKNG261009C00013000%2CDKNG261009C00014000%2CDKNG261009C00015000%2CDKNG261009C00016000%2CDKNG261009C00017000%2CDKNG261009C00018000%2CDKNG261009C00019000%2CDKNG261009C00020000%2CDKNG261009C00020500%2CDKNG261009C00021000%2CDKNG261009C00021500%2CDKNG261009C00022000%2CDKNG261009C00022500%2CDKNG261009C00023000%2CDKNG261009C00023500%2CDKNG261009C00024000%2CDKNG261009C00024500%2CDKNG261009C00025000%2CDKNG261009C00025500%2CDKNG261009C00026000%2CDKNG261009C00026500%2CDKNG261009C00027000%2CDKNG261009C00027500%2CDKNG261009C00028000%2CDKNG261009C00028500%2CDKNG261009C00029000%2CDKNG261009C00030000%2CDKNG261009C00031000%2CDKNG261009C00032000%2CDKNG261009C00033000%2CDKNG261009C00034000%2CDKNG261009C00035000%2CDKNG261009P00010000%2CDKNG261009P00011000%2CDKNG261009P00012000%2CDKNG261009P00013000%2CDKNG261009P00014000%2CDKNG261009P00015000%2CDKNG261009P00016000%2CDKNG261009P00017000%2CDKNG261009P00018000%2CDKNG261009P00019000%2CDKNG261009P00020000%2CDKNG261009P00020500%2CDKNG261009P00021000%2CDKNG261009P00021500%2CDKNG261009P00022000&greeks=true'
For more information check: https://developer.mozilla.org/en-US/docs/Web/HTTP/Status/401
2026-10-02T12:00:14 | WARNING  | app.scanning.alpaca_confirmer | AlpacaConfirmer: cannot fetch chain for RIVN 2026-10-09: Client error '401 Unauthorized' for url 'https://api.tradier.com/v1/markets/quotes?symbols=RIVN261009C00005000%2CRIVN261009C00009000%2CRIVN261009C00010000%2CRIVN261009C00010500%2CRIVN261009C00011000%2CRIVN261009C00011500%2CRIVN261009C00012000%2CRIVN261009C00012500%2CRIVN261009C00013000%2CRIVN261009C00013500%2CRIVN261009C00014000%2CRIVN261009C00014500%2CRIVN261009C00015000%2CRIVN261009C00015500%2CRIVN261009C00016000%2CRIVN261009C00016500%2CRIVN261009C00017000%2CRIVN261009C00017500%2CRIVN261009C00018000%2CRIVN261009C00018500%2CRIVN261009C00019000%2CRIVN261009C00019500%2CRIVN261009C00020000%2CRIVN261009C00020500%2CRIVN261009C00021000%2CRIVN261009C00021500%2CRIVN261009C00022000%2CRIVN261009C00023000%2CRIVN261009C00024000%2CRIVN261009C00025000%2CRIVN261009C00030000%2CRIVN261009P00005000%2CRIVN261009P00009000%2CRIVN261009P00010000%2CRIVN261009P00010500%2CRIVN261009P00011000%2CRIVN261009P00011500%2CRIVN261009P00012000%2CRIVN261009P00012500%2CRIVN261009P00013000%2CRIVN261009P00013500%2CRIVN261009P00014000%2CRIVN261009P00014500%2CRIVN261009P00015000%2CRIVN261009P00015500%2CRIVN261009P00016000%2CRIVN261009P00016500%2CRIVN261009P00017000%2CRIVN261009P00017500%2CRIVN261009P00018000&greeks=true'
For more information check: https://developer.mozilla.org/en-US/docs/Web/HTTP/Status/401
2026-10-02T12:00:14 | WARNING  | app.scanning.alpaca_confirmer | AlpacaConfirmer: cannot fetch chain for RIOT 2026-10-09: Client error '401 Unauthorized' for url 'https://api.tradier.com/v1/markets/quotes?symbols=RIOT261009C00008000%2CRIOT261009C00009000%2CRIOT261009C00010000%2CRIOT261009C00011000%2CRIOT261009C00012000%2CRIOT261009C00013000%2CRIOT261009C00014000%2CRIOT261009C00015000%2CRIOT261009C00016000%2CRIOT261009C00017000%2CRIOT261009C00017500%2CRIOT261009C00018000%2CRIOT261009C00018500%2CRIOT261009C00019000%2CRIOT261009C00019500%2CRIOT261009C00020000%2CRIOT261009C00020500%2CRIOT261009C00021000%2CRIOT261009C00021500%2CRIOT261009C00022000%2CRIOT261009C00022500%2CRIOT261009C00023000%2CRIOT261009C00023500%2CRIOT261009C00024000%2CRIOT261009C00024500%2CRIOT261009C00025000%2CRIOT261009C00025500%2CRIOT261009C00026000%2CRIOT261009C00026500%2CRIOT261009C00027000%2CRIOT261009C00027500%2CRIOT261009C00028000%2CRIOT261009C00028500%2CRIOT261009C00029000%2CRIOT261009C00029500%2CRIOT261009C00030000%2CRIOT261009C00031000%2CRIOT261009C00032000%2CRIOT261009C00033000%2CRIOT261009C00034000%2CRIOT261009C00035000%2CRIOT261009P00008000%2CRIOT261009P00009000%2CRIOT261009P00010000%2CRIOT261009P00011000%2CRIOT261009P00012000%2CRIOT261009P00013000%2CRIOT261009P00014000%2CRIOT261009P00015000%2CRIOT261009P00016000&greeks=true'
For more information check: https://developer.mozilla.org/en-US/docs/Web/HTTP/Status/401
2026-10-02T12:00:14 | WARNING  | app.scanning.alpaca_confirmer | AlpacaConfirmer: cannot fetch chain for MSFT 2026-10-05: Client error '401 Unauthorized' for url 'https://api.tradier.com/v1/markets/quotes?symbols=MSFT261005C00420000%2CMSFT261005C00425000%2CMSFT261005C00430000%2CMSFT261005C00435000%2CMSFT261005C00440000%2CMSFT261005C00445000%2CMSFT261005C00450000%2CMSFT261005C00452500%2CMSFT261005C00455000%2CMSFT261005C00457500%2CMSFT261005C00460000%2CMSFT261005C00462500%2CMSFT261005C00465000%2CMSFT261005C00467500%2CMSFT261005C00470000%2CMSFT261005C00472500%2CMSFT261005C00475000%2CMSFT261005C00477500%2CMSFT261005C00480000%2CMSFT261005C00482500%2CMSFT261005C00485000%2CMSFT261005C00487500%2CMSFT261005C00490000%2CMSFT261005C00492500%2CMSFT261005C00495000%2CMSFT261005C00497500%2CMSFT261005C00500000%2CMSFT261005C00502500%2CMSFT261005C00505000%2CMSFT261005C00507500%2CMSFT261005C00510000%2CMSFT261005C00512500%2CMSFT261005C00515000%2CMSFT261005C00517500%2CMSFT261005C00520000%2CMSFT261005C00522500%2CMSFT261005C00525000%2CMSFT261005C00527500%2CMSFT261005C00530000%2CMSFT261005C00532500%2CMSFT261005C00535000%2CMSFT261005C00537500%2CMSFT261005C00540000%2CMSFT261005C00542500%2CMSFT261005C00545000%2CMSFT261005C00547500%2CMSFT261005C00550000%2CMSFT261005C00552500%2CMSFT261005C00555000%2CMSFT261005C00557500&greeks=true'
For more information check: https://developer.mozilla.org/en-US/docs/Web/HTTP/Status/401
2026-10-02T12:00:14 | WARNING  | app.scanning.alpaca_confirmer | AlpacaConfirmer: cannot fetch chain for TSLA 2026-10-05: Client error '401 Unauthorized' for url 'https://api.tradier.com/v1/markets/quotes?symbols=TSLA261005C00250000%2CTSLA261005C00255000%2CTSLA261005C00260000%2CTSLA261005C00265000%2CTSLA261005C00270000%2CTSLA261005C00275000%2CTSLA261005C00280000%2CTSLA261005C00285000%2CTSLA261005C00290000%2CTSLA261005C00295000%2CTSLA261005C00300000%2CTSLA261005C00305000%2CTSLA261005C00310000%2CTSLA261005C00315000%2CTSLA261005C00317500%2CTSLA261005C00320000%2CTSLA261005C00322500%2CTSLA261005C00325000%2CTSLA261005C00327500%2CTSLA261005C00330000%2CTSLA261005C00332500%2CTSLA261005C00335000%2CTSLA261005C00337500%2CTSLA261005C00340000%2CTSLA261005C00342500%2CTSLA261005C00345000%2CTSLA261005C00347500%2CTSLA261005C00350000%2CTSLA261005C00352500%2CTSLA261005C00355000%2CTSLA261005C00357500%2CTSLA261005C00360000%2CTSLA261005C00362500%2CTSLA261005C00365000%2CTSLA261005C00367500%2CTSLA261005C00370000%2CTSLA261005C00372500%2CTSLA261005C00375000%2CTSLA261005C00377500%2CTSLA261005C00380000%2CTSLA261005C00382500%2CTSLA261005C00385000%2CTSLA261005C00387500%2CTSLA261005C00390000%2CTSLA261005C00392500%2CTSLA261005C00395000%2CTSLA261005C00397500%2CTSLA261005C00400000%2CTSLA261005C00402500%2CTSLA261005C00405000&greeks=true'
For more information check: https://developer.mozilla.org/en-US/docs/Web/HTTP/Status/401
2026-10-02T12:00:14 | INFO     | session_runner | AlpacaConfirmer: 0 confirmed symbols: []
2026-10-02T12:00:14 | WARNING  | session_runner | Re-scan returned no confirmed symbols — falling back to ['SPY']
2026-10-02T12:00:14 | INFO     | session_runner | Broad-market regime | SPY=short
2026-10-02T12:00:15 | INFO     | session_runner | [bridge:SPY] rsi_trend ready: sufficient bars
2026-10-02T12:00:15 | INFO     | session_runner | Stale signal: SPY/vwap_reclaim age=60 min > max 10 min — skipped
2026-10-02T12:00:15 | INFO     | session_runner | Stale signal: SPY/orb age=50 min > max 10 min — skipped
2026-10-02T12:00:15 | INFO     | session_runner | Stale signal: SPY/vwap_reclaim age=205 min > max 10 min — skipped
2026-10-02T12:00:15 | INFO     | session_runner | Stale signal: SPY/vwap_reclaim age=110 min > max 10 min — skipped
2026-10-02T12:00:45 | INFO     | session_runner | [cycle 292] 12:00:45 ET | positions=0 | entries=0
2026-10-02T12:00:45 | INFO     | session_runner | [bridge:SPY] rsi_trend ready: sufficient bars
2026-10-02T12:00:45 | INFO     | session_runner | Stale signal: SPY/vwap_reclaim age=61 min > max 10 min — skipped
2026-10-02T12:00:45 | INFO     | session_runner | Stale signal: SPY/orb age=51 min > max 10 min — skipped
2026-10-02T12:00:45 | INFO     | session_runner | Stale signal: SPY/vwap_reclaim age=206 min > max 10 min — skipped
2026-10-02T12:00:45 | INFO     | session_runner | Stale signal: SPY/vwap_reclaim age=111 min > max 10 min — skipped
2026-10-02T12:01:15 | INFO     | session_runner | [cycle 293] 12:01:15 ET | positions=0 | entries=0
2026-10-02T12:01:16 | INFO     | session_runner | [bridge:SPY] rsi_trend ready: sufficient bars
2026-10-02T12:01:16 | INFO     | session_runner | Stale signal: SPY/vwap_reclaim age=61 min > max 10 min — skipped
2026-10-02T12:01:16 | INFO     | session_runner | Stale signal: SPY/orb age=51 min > max 10 min — skipped
2026-10-02T12:01:16 | INFO     | session_runner | Stale signal: SPY/vwap_reclaim age=206 min > max 10 min — skipped
2026-10-02T12:01:16 | INFO     | session_runner | Stale signal: SPY/vwap_reclaim age=111 min > max 10 min — skipped
2026-10-02T12:01:46 | INFO     | session_runner | [cycle 294] 12:01:46 ET | positions=0 | entries=0
2026-10-02T12:01:46 | INFO     | session_runner | [bridge:SPY] rsi_trend ready: sufficient bars
2026-10-02T12:01:46 | INFO     | session_runner | Stale signal: SPY/vwap_reclaim age=62 min > max 10 min — skipped
2026-10-02T12:01:46 | INFO     | session_runner | Stale signal: SPY/orb age=52 min > max 10 min — skipped
2026-10-02T12:01:46 | INFO     | session_runner | Stale signal: SPY/vwap_reclaim age=207 min > max 10 min — skipped
2026-10-02T12:01:46 | INFO     | session_runner | Stale signal: SPY/vwap_reclaim age=112 min > max 10 min — skipped
2026-10-02T12:02:17 | INFO     | session_runner | [cycle 295] 12:02:17 ET | positions=0 | entries=0
2026-10-02T12:02:17 | INFO     | session_runner | [bridge:SPY] rsi_trend ready: sufficient bars
2026-10-02T12:02:17 | INFO     | session_runner | Stale signal: SPY/vwap_reclaim age=62 min > max 10 min — skipped
2026-10-02T12:02:17 | INFO     | session_runner | Stale signal: SPY/orb age=52 min > max 10 min — skipped
2026-10-02T12:02:17 | INFO     | session_runner | Stale signal: SPY/vwap_reclaim age=207 min > max 10 min — skipped
2026-10-02T12:02:17 | INFO     | session_runner | Stale signal: SPY/vwap_reclaim age=112 min > max 10 min — skipped
2026-10-02T12:02:47 | INFO     | session_runner | [cycle 296] 12:02:47 ET | positions=0 | entries=0
2026-10-02T12:02:48 | INFO     | session_runner | [bridge:SPY] rsi_trend ready: sufficient bars
2026-10-02T12:02:48 | INFO     | session_runner | Stale signal: SPY/vwap_reclaim age=63 min > max 10 min — skipped
2026-10-02T12:02:48 | INFO     | session_runner | Stale signal: SPY/orb age=53 min > max 10 min — skipped
2026-10-02T12:02:48 | INFO     | session_runner | Stale signal: SPY/vwap_reclaim age=208 min > max 10 min — skipped
2026-10-02T12:02:48 | INFO     | session_runner | Stale signal: SPY/vwap_reclaim age=113 min > max 10 min — skipped
2026-10-02T12:03:18 | INFO     | session_runner | [cycle 297] 12:03:18 ET | positions=0 | entries=0
2026-10-02T12:03:18 | INFO     | session_runner | [bridge:SPY] rsi_trend ready: sufficient bars
2026-10-02T12:03:18 | INFO     | session_runner | Stale signal: SPY/vwap_reclaim age=63 min > max 10 min — skipped
2026-10-02T12:03:18 | INFO     | session_runner | Stale signal: SPY/orb age=53 min > max 10 min — skipped
2026-10-02T12:03:18 | INFO     | session_runner | Stale signal: SPY/vwap_reclaim age=208 min > max 10 min — skipped
2026-10-02T12:03:18 | INFO     | session_runner | Stale signal: SPY/vwap_reclaim age=113 min > max 10 min — skipped
2026-10-02T12:03:48 | INFO     | session_runner | [cycle 298] 12:03:48 ET | positions=0 | entries=0
2026-10-02T12:03:49 | INFO     | session_runner | [bridge:SPY] rsi_trend ready: sufficient bars
2026-10-02T12:03:49 | INFO     | session_runner | Stale signal: SPY/vwap_reclaim age=64 min > max 10 min — skipped
2026-10-02T12:03:49 | INFO     | session_runner | Stale signal: SPY/orb age=54 min > max 10 min — skipped
2026-10-02T12:03:49 | INFO     | session_runner | Stale signal: SPY/vwap_reclaim age=209 min > max 10 min — skipped
2026-10-02T12:03:49 | INFO     | session_runner | Stale signal: SPY/vwap_reclaim age=114 min > max 10 min — skipped
2026-10-02T12:04:19 | INFO     | session_runner | [cycle 299] 12:04:19 ET | positions=0 | entries=0
2026-10-02T12:04:19 | INFO     | session_runner | [bridge:SPY] rsi_trend ready: sufficient bars
2026-10-02T12:04:19 | INFO     | session_runner | Stale signal: SPY/vwap_reclaim age=64 min > max 10 min — skipped
2026-10-02T12:04:19 | INFO     | session_runner | Stale signal: SPY/orb age=54 min > max 10 min — skipped
2026-10-02T12:04:19 | INFO     | session_runner | Stale signal: SPY/vwap_reclaim age=209 min > max 10 min — skipped
2026-10-02T12:04:19 | INFO     | session_runner | Stale signal: SPY/vwap_reclaim age=114 min > max 10 min — skipped
2026-10-02T12:04:49 | INFO     | session_runner | [cycle 300] 12:04:49 ET | positions=0 | entries=0
2026-10-02T12:04:50 | INFO     | session_runner | [bridge:SPY] rsi_trend ready: sufficient bars
2026-10-02T12:04:50 | INFO     | session_runner | Stale signal: SPY/vwap_reclaim age=65 min > max 10 min — skipped
2026-10-02T12:04:50 | INFO     | session_runner | Stale signal: SPY/orb age=55 min > max 10 min — skipped
2026-10-02T12:04:50 | INFO     | session_runner | Stale signal: SPY/vwap_reclaim age=210 min > max 10 min — skipped
2026-10-02T12:04:50 | INFO     | session_runner | Stale signal: SPY/vwap_reclaim age=115 min > max 10 min — skipped
2026-10-02T12:05:20 | INFO     | session_runner | [cycle 301] 12:05:20 ET | positions=0 | entries=0
2026-10-02T12:05:20 | INFO     | app.trading.reconciler | Reconciliation done: broker_pos=0 local_pos=0 broker_orders=0 local_pending=0 repaired=0 flagged=0 orders_confirmed=True positions_confirmed=True
2026-10-02T12:05:20 | INFO     | session_runner | Periodic universe re-scan …
2026-10-02T12:05:20 | INFO     | app.scanning.universe_loader | UniverseLoader: loaded 5 groups (13 flat symbols) from config/ticker_universe.yaml (blacklist=0)
2026-10-02T12:05:20 | INFO     | app.scanning.universe_loader | UniverseLoader: 38 symbols from 4 group(s) (blacklist=0)
2026-10-02T12:05:20 | INFO     | session_runner | Universe scan: 38 symbols from 4 group(s) | max_active=6
2026-10-02T12:05:27 | INFO     | session_runner | Scan: 20 passed, 18 rejected
2026-10-02T12:05:27 | INFO     | session_runner |   TSLA    score=95.0  signal=LONG     reasons: rvol=2.32x (high), atr=3.20% (wide-range), orb_breakout
2026-10-02T12:05:27 | INFO     | session_runner |   IWM     score=88.0  signal=SHORT    reasons: rvol=2.20x (high), atr=1.31% (good range), orb_breakdown
2026-10-02T12:05:27 | INFO     | session_runner |   RIVN    score=85.0  signal=SHORT    reasons: rvol=3.67x (high), atr=4.88% (wide-range), orb_breakdown
2026-10-02T12:05:27 | INFO     | session_runner |   AVGO    score=77.0  signal=LONG     reasons: rvol=1.60x (elevated), atr=2.87% (wide-range), orb_breakout
2026-10-02T12:05:27 | INFO     | session_runner |   HOOD    score=77.0  signal=SHORT    reasons: rvol=1.71x (elevated), atr=5.40% (wide-range), orb_breakdown
2026-10-02T12:05:28 | WARNING  | app.scanning.alpaca_confirmer | AlpacaConfirmer: cannot fetch chain for MARA 2026-10-09: Client error '401 Unauthorized' for url 'https://api.tradier.com/v1/markets/quotes?symbols=MARA261009C00004000%2CMARA261009C00005000%2CMARA261009C00006000%2CMARA261009C00006500%2CMARA261009C00007000%2CMARA261009C00007500%2CMARA261009C00008000%2CMARA261009C00008500%2CMARA261009C00009000%2CMARA261009C00009500%2CMARA261009C00010000%2CMARA261009C00010500%2CMARA261009C00011000%2CMARA261009C00011500%2CMARA261009C00012000%2CMARA261009C00012500%2CMARA261009C00013000%2CMARA261009C00013500%2CMARA261009C00014000%2CMARA261009C00014500%2CMARA261009C00015000%2CMARA261009C00015500%2CMARA261009C00016000%2CMARA261009C00016500%2CMARA261009C00017000%2CMARA261009C00017500%2CMARA261009C00018000%2CMARA261009C00019000%2CMARA261009C00020000%2CMARA261009C00021000%2CMARA261009C00022000%2CMARA261009C00023000%2CMARA261009P00004000%2CMARA261009P00005000%2CMARA261009P00006000%2CMARA261009P00006500%2CMARA261009P00007000%2CMARA261009P00007500%2CMARA261009P00008000%2CMARA261009P00008500%2CMARA261009P00009000%2CMARA261009P00009500%2CMARA261009P00010000%2CMARA261009P00010500%2CMARA261009P00011000%2CMARA261009P00011500%2CMARA261009P00012000%2CMARA261009P00012500%2CMARA261009P00013000%2CMARA261009P00013500&greeks=true'
For more information check: https://developer.mozilla.org/en-US/docs/Web/HTTP/Status/401
2026-10-02T12:05:28 | WARNING  | app.scanning.alpaca_confirmer | AlpacaConfirmer: cannot fetch chain for DKNG 2026-10-09: Client error '401 Unauthorized' for url 'https://api.tradier.com/v1/markets/quotes?symbols=DKNG261009C00010000%2CDKNG261009C00011000%2CDKNG261009C00012000%2CDKNG261009C00013000%2CDKNG261009C00014000%2CDKNG261009C00015000%2CDKNG261009C00016000%2CDKNG261009C00017000%2CDKNG261009C00018000%2CDKNG261009C00019000%2CDKNG261009C00020000%2CDKNG261009C00020500%2CDKNG261009C00021000%2CDKNG261009C00021500%2CDKNG261009C00022000%2CDKNG261009C00022500%2CDKNG261009C00023000%2CDKNG261009C00023500%2CDKNG261009C00024000%2CDKNG261009C00024500%2CDKNG261009C00025000%2CDKNG261009C00025500%2CDKNG261009C00026000%2CDKNG261009C00026500%2CDKNG261009C00027000%2CDKNG261009C00027500%2CDKNG261009C00028000%2CDKNG261009C00028500%2CDKNG261009C00029000%2CDKNG261009C00030000%2CDKNG261009C00031000%2CDKNG261009C00032000%2CDKNG261009C00033000%2CDKNG261009C00034000%2CDKNG261009C00035000%2CDKNG261009P00010000%2CDKNG261009P00011000%2CDKNG261009P00012000%2CDKNG261009P00013000%2CDKNG261009P00014000%2CDKNG261009P00015000%2CDKNG261009P00016000%2CDKNG261009P00017000%2CDKNG261009P00018000%2CDKNG261009P00019000%2CDKNG261009P00020000%2CDKNG261009P00020500%2CDKNG261009P00021000%2CDKNG261009P00021500%2CDKNG261009P00022000&greeks=true'
For more information check: https://developer.mozilla.org/en-US/docs/Web/HTTP/Status/401
2026-10-02T12:05:28 | WARNING  | app.scanning.alpaca_confirmer | AlpacaConfirmer: cannot fetch chain for RIOT 2026-10-09: Client error '401 Unauthorized' for url 'https://api.tradier.com/v1/markets/quotes?symbols=RIOT261009C00008000%2CRIOT261009C00009000%2CRIOT261009C00010000%2CRIOT261009C00011000%2CRIOT261009C00012000%2CRIOT261009C00013000%2CRIOT261009C00014000%2CRIOT261009C00015000%2CRIOT261009C00016000%2CRIOT261009C00017000%2CRIOT261009C00017500%2CRIOT261009C00018000%2CRIOT261009C00018500%2CRIOT261009C00019000%2CRIOT261009C00019500%2CRIOT261009C00020000%2CRIOT261009C00020500%2CRIOT261009C00021000%2CRIOT261009C00021500%2CRIOT261009C00022000%2CRIOT261009C00022500%2CRIOT261009C00023000%2CRIOT261009C00023500%2CRIOT261009C00024000%2CRIOT261009C00024500%2CRIOT261009C00025000%2CRIOT261009C00025500%2CRIOT261009C00026000%2CRIOT261009C00026500%2CRIOT261009C00027000%2CRIOT261009C00027500%2CRIOT261009C00028000%2CRIOT261009C00028500%2CRIOT261009C00029000%2CRIOT261009C00029500%2CRIOT261009C00030000%2CRIOT261009C00031000%2CRIOT261009C00032000%2CRIOT261009C00033000%2CRIOT261009C00034000%2CRIOT261009C00035000%2CRIOT261009P00008000%2CRIOT261009P00009000%2CRIOT261009P00010000%2CRIOT261009P00011000%2CRIOT261009P00012000%2CRIOT261009P00013000%2CRIOT261009P00014000%2CRIOT261009P00015000%2CRIOT261009P00016000&greeks=true'
For more information check: https://developer.mozilla.org/en-US/docs/Web/HTTP/Status/401
2026-10-02T12:05:28 | WARNING  | app.scanning.alpaca_confirmer | AlpacaConfirmer: cannot fetch chain for AVGO 2026-10-05: Client error '401 Unauthorized' for url 'https://api.tradier.com/v1/markets/quotes?symbols=AVGO261005C00285000%2CAVGO261005C00290000%2CAVGO261005C00295000%2CAVGO261005C00300000%2CAVGO261005C00305000%2CAVGO261005C00310000%2CAVGO261005C00315000%2CAVGO261005C00317500%2CAVGO261005C00320000%2CAVGO261005C00322500%2CAVGO261005C00325000%2CAVGO261005C00327500%2CAVGO261005C00330000%2CAVGO261005C00332500%2CAVGO261005C00335000%2CAVGO261005C00337500%2CAVGO261005C00340000%2CAVGO261005C00342500%2CAVGO261005C00345000%2CAVGO261005C00347500%2CAVGO261005C00350000%2CAVGO261005C00352500%2CAVGO261005C00355000%2CAVGO261005C00357500%2CAVGO261005C00360000%2CAVGO261005C00362500%2CAVGO261005C00365000%2CAVGO261005C00367500%2CAVGO261005C00370000%2CAVGO261005C00372500%2CAVGO261005C00375000%2CAVGO261005C00377500%2CAVGO261005C00380000%2CAVGO261005C00382500%2CAVGO261005C00385000%2CAVGO261005C00387500%2CAVGO261005C00390000%2CAVGO261005C00392500%2CAVGO261005C00395000%2CAVGO261005C00397500%2CAVGO261005C00400000%2CAVGO261005C00402500%2CAVGO261005C00405000%2CAVGO261005C00407500%2CAVGO261005C00410000%2CAVGO261005C00412500%2CAVGO261005C00415000%2CAVGO261005C00417500%2CAVGO261005C00420000%2CAVGO261005C00422500&greeks=true'
For more information check: https://developer.mozilla.org/en-US/docs/Web/HTTP/Status/401
2026-10-02T12:05:28 | WARNING  | app.scanning.alpaca_confirmer | AlpacaConfirmer: cannot fetch chain for MSFT 2026-10-05: Client error '401 Unauthorized' for url 'https://api.tradier.com/v1/markets/quotes?symbols=MSFT261005C00420000%2CMSFT261005C00425000%2CMSFT261005C00430000%2CMSFT261005C00435000%2CMSFT261005C00440000%2CMSFT261005C00445000%2CMSFT261005C00450000%2CMSFT261005C00452500%2CMSFT261005C00455000%2CMSFT261005C00457500%2CMSFT261005C00460000%2CMSFT261005C00462500%2CMSFT261005C00465000%2CMSFT261005C00467500%2CMSFT261005C00470000%2CMSFT261005C00472500%2CMSFT261005C00475000%2CMSFT261005C00477500%2CMSFT261005C00480000%2CMSFT261005C00482500%2CMSFT261005C00485000%2CMSFT261005C00487500%2CMSFT261005C00490000%2CMSFT261005C00492500%2CMSFT261005C00495000%2CMSFT261005C00497500%2CMSFT261005C00500000%2CMSFT261005C00502500%2CMSFT261005C00505000%2CMSFT261005C00507500%2CMSFT261005C00510000%2CMSFT261005C00512500%2CMSFT261005C00515000%2CMSFT261005C00517500%2CMSFT261005C00520000%2CMSFT261005C00522500%2CMSFT261005C00525000%2CMSFT261005C00527500%2CMSFT261005C00530000%2CMSFT261005C00532500%2CMSFT261005C00535000%2CMSFT261005C00537500%2CMSFT261005C00540000%2CMSFT261005C00542500%2CMSFT261005C00545000%2CMSFT261005C00547500%2CMSFT261005C00550000%2CMSFT261005C00552500%2CMSFT261005C00555000%2CMSFT261005C00557500&greeks=true'
For more information check: https://developer.mozilla.org/en-US/docs/Web/HTTP/Status/401
2026-10-02T12:05:28 | WARNING  | app.scanning.alpaca_confirmer | AlpacaConfirmer: cannot fetch chain for SOFI 2026-10-09: Client error '401 Unauthorized' for url 'https://api.tradier.com/v1/markets/quotes?symbols=SOFI261009C00005000%2CSOFI261009C00009000%2CSOFI261009C00010000%2CSOFI261009C00011000%2CSOFI261009C00011500%2CSOFI261009C00012000%2CSOFI261009C00012500%2CSOFI261009C00013000%2CSOFI261009C00013500%2CSOFI261009C00014000%2CSOFI261009C00014500%2CSOFI261009C00015000%2CSOFI261009C00015500%2CSOFI261009C00016000%2CSOFI261009C00016500%2CSOFI261009C00017000%2CSOFI261009C00017500%2CSOFI261009C00018000%2CSOFI261009C00018500%2CSOFI261009C00019000%2CSOFI261009C00019500%2CSOFI261009C00020000%2CSOFI261009C00020500%2CSOFI261009C00021000%2CSOFI261009C00021500%2CSOFI261009C00022000%2CSOFI261009C00022500%2CSOFI261009C00023000%2CSOFI261009C00023500%2CSOFI261009C00024000%2CSOFI261009C00025000%2CSOFI261009C00030000%2CSOFI261009P00005000%2CSOFI261009P00009000%2CSOFI261009P00010000%2CSOFI261009P00011000%2CSOFI261009P00011500%2CSOFI261009P00012000%2CSOFI261009P00012500%2CSOFI261009P00013000%2CSOFI261009P00013500%2CSOFI261009P00014000%2CSOFI261009P00014500%2CSOFI261009P00015000%2CSOFI261009P00015500%2CSOFI261009P00016000%2CSOFI261009P00016500%2CSOFI261009P00017000%2CSOFI261009P00017500%2CSOFI261009P00018000&greeks=true'
For more information check: https://developer.mozilla.org/en-US/docs/Web/HTTP/Status/401
2026-10-02T12:05:28 | WARNING  | app.scanning.alpaca_confirmer | AlpacaConfirmer: cannot fetch chain for IWM 2026-10-05: Client error '401 Unauthorized' for url 'https://api.tradier.com/v1/markets/quotes?symbols=IWM261005C00180000%2CIWM261005C00190000%2CIWM261005C00200000%2CIWM261005C00205000%2CIWM261005C00210000%2CIWM261005C00215000%2CIWM261005C00220000%2CIWM261005C00225000%2CIWM261005C00230000%2CIWM261005C00235000%2CIWM261005C00240000%2CIWM261005C00245000%2CIWM261005C00250000%2CIWM261005C00255000%2CIWM261005C00260000%2CIWM261005C00261000%2CIWM261005C00262000%2CIWM261005C00263000%2CIWM261005C00264000%2CIWM261005C00265000%2CIWM261005C00266000%2CIWM261005C00267000%2CIWM261005C00268000%2CIWM261005C00269000%2CIWM261005C00270000%2CIWM261005C00271000%2CIWM261005C00272000%2CIWM261005C00273000%2CIWM261005C00274000%2CIWM261005C00275000%2CIWM261005C00276000%2CIWM261005C00277000%2CIWM261005C00278000%2CIWM261005C00279000%2CIWM261005C00280000%2CIWM261005C00281000%2CIWM261005C00282000%2CIWM261005C00283000%2CIWM261005C00284000%2CIWM261005C00285000%2CIWM261005C00286000%2CIWM261005C00287000%2CIWM261005C00288000%2CIWM261005C00289000%2CIWM261005C00290000%2CIWM261005C00291000%2CIWM261005C00292000%2CIWM261005C00293000%2CIWM261005C00294000%2CIWM261005C00295000&greeks=true'
For more information check: https://developer.mozilla.org/en-US/docs/Web/HTTP/Status/401
2026-10-02T12:05:28 | WARNING  | app.scanning.alpaca_confirmer | AlpacaConfirmer: cannot fetch chain for TSLA 2026-10-05: Client error '401 Unauthorized' for url 'https://api.tradier.com/v1/markets/quotes?symbols=TSLA261005C00250000%2CTSLA261005C00255000%2CTSLA261005C00260000%2CTSLA261005C00265000%2CTSLA261005C00270000%2CTSLA261005C00275000%2CTSLA261005C00280000%2CTSLA261005C00285000%2CTSLA261005C00290000%2CTSLA261005C00295000%2CTSLA261005C00300000%2CTSLA261005C00305000%2CTSLA261005C00310000%2CTSLA261005C00315000%2CTSLA261005C00317500%2CTSLA261005C00320000%2CTSLA261005C00322500%2CTSLA261005C00325000%2CTSLA261005C00327500%2CTSLA261005C00330000%2CTSLA261005C00332500%2CTSLA261005C00335000%2CTSLA261005C00337500%2CTSLA261005C00340000%2CTSLA261005C00342500%2CTSLA261005C00345000%2CTSLA261005C00347500%2CTSLA261005C00350000%2CTSLA261005C00352500%2CTSLA261005C00355000%2CTSLA261005C00357500%2CTSLA261005C00360000%2CTSLA261005C00362500%2CTSLA261005C00365000%2CTSLA261005C00367500%2CTSLA261005C00370000%2CTSLA261005C00372500%2CTSLA261005C00375000%2CTSLA261005C00377500%2CTSLA261005C00380000%2CTSLA261005C00382500%2CTSLA261005C00385000%2CTSLA261005C00387500%2CTSLA261005C00390000%2CTSLA261005C00392500%2CTSLA261005C00395000%2CTSLA261005C00397500%2CTSLA261005C00400000%2CTSLA261005C00402500%2CTSLA261005C00405000&greeks=true'
For more information check: https://developer.mozilla.org/en-US/docs/Web/HTTP/Status/401
2026-10-02T12:05:28 | WARNING  | app.scanning.alpaca_confirmer | AlpacaConfirmer: cannot fetch chain for SPY 2026-10-05: Client error '401 Unauthorized' for url 'https://api.tradier.com/v1/markets/quotes?symbols=SPY261005C00550000%2CSPY261005C00555000%2CSPY261005C00560000%2CSPY261005C00565000%2CSPY261005C00570000%2CSPY261005C00575000%2CSPY261005C00580000%2CSPY261005C00585000%2CSPY261005C00590000%2CSPY261005C00595000%2CSPY261005C00600000%2CSPY261005C00605000%2CSPY261005C00610000%2CSPY261005C00615000%2CSPY261005C00620000%2CSPY261005C00625000%2CSPY261005C00630000%2CSPY261005C00635000%2CSPY261005C00640000%2CSPY261005C00645000%2CSPY261005C00650000%2CSPY261005C00655000%2CSPY261005C00660000%2CSPY261005C00665000%2CSPY261005C00670000%2CSPY261005C00675000%2CSPY261005C00680000%2CSPY261005C00685000%2CSPY261005C00690000%2CSPY261005C00695000%2CSPY261005C00700000%2CSPY261005C00705000%2CSPY261005C00710000%2CSPY261005C00715000%2CSPY261005C00720000%2CSPY261005C00723000%2CSPY261005C00724000%2CSPY261005C00725000%2CSPY261005C00726000%2CSPY261005C00727000%2CSPY261005C00728000%2CSPY261005C00729000%2CSPY261005C00730000%2CSPY261005C00731000%2CSPY261005C00732000%2CSPY261005C00733000%2CSPY261005C00734000%2CSPY261005C00735000%2CSPY261005C00736000%2CSPY261005C00737000&greeks=true'
For more information check: https://developer.mozilla.org/en-US/docs/Web/HTTP/Status/401
2026-10-02T12:05:28 | WARNING  | app.scanning.alpaca_confirmer | AlpacaConfirmer: cannot fetch chain for HOOD 2026-10-09: Client error '401 Unauthorized' for url 'https://api.tradier.com/v1/markets/quotes?symbols=HOOD261009C00025000%2CHOOD261009C00030000%2CHOOD261009C00035000%2CHOOD261009C00040000%2CHOOD261009C00045000%2CHOOD261009C00050000%2CHOOD261009C00055000%2CHOOD261009C00060000%2CHOOD261009C00065000%2CHOOD261009C00070000%2CHOOD261009C00075000%2CHOOD261009C00080000%2CHOOD261009C00085000%2CHOOD261009C00090000%2CHOOD261009C00091000%2CHOOD261009C00092000%2CHOOD261009C00093000%2CHOOD261009C00094000%2CHOOD261009C00095000%2CHOOD261009C00096000%2CHOOD261009C00097000%2CHOOD261009C00098000%2CHOOD261009C00099000%2CHOOD261009C00100000%2CHOOD261009C00101000%2CHOOD261009C00102000%2CHOOD261009C00103000%2CHOOD261009C00104000%2CHOOD261009C00105000%2CHOOD261009C00106000%2CHOOD261009C00107000%2CHOOD261009C00108000%2CHOOD261009C00109000%2CHOOD261009C00110000%2CHOOD261009C00111000%2CHOOD261009C00112000%2CHOOD261009C00113000%2CHOOD261009C00114000%2CHOOD261009C00115000%2CHOOD261009C00116000%2CHOOD261009C00117000%2CHOOD261009C00118000%2CHOOD261009C00119000%2CHOOD261009C00120000%2CHOOD261009C00121000%2CHOOD261009C00122000%2CHOOD261009C00123000%2CHOOD261009C00124000%2CHOOD261009C00125000%2CHOOD261009C00126000&greeks=true'
For more information check: https://developer.mozilla.org/en-US/docs/Web/HTTP/Status/401
2026-10-02T12:05:28 | WARNING  | app.scanning.alpaca_confirmer | AlpacaConfirmer: cannot fetch chain for AMZN 2026-10-05: Client error '401 Unauthorized' for url 'https://api.tradier.com/v1/markets/quotes?symbols=AMZN261005C00180000%2CAMZN261005C00185000%2CAMZN261005C00190000%2CAMZN261005C00195000%2CAMZN261005C00200000%2CAMZN261005C00205000%2CAMZN261005C00210000%2CAMZN261005C00215000%2CAMZN261005C00220000%2CAMZN261005C00222500%2CAMZN261005C00225000%2CAMZN261005C00227500%2CAMZN261005C00230000%2CAMZN261005C00232500%2CAMZN261005C00235000%2CAMZN261005C00237500%2CAMZN261005C00240000%2CAMZN261005C00242500%2CAMZN261005C00245000%2CAMZN261005C00247500%2CAMZN261005C00250000%2CAMZN261005C00252500%2CAMZN261005C00255000%2CAMZN261005C00257500%2CAMZN261005C00260000%2CAMZN261005C00262500%2CAMZN261005C00265000%2CAMZN261005C00267500%2CAMZN261005C00270000%2CAMZN261005C00272500%2CAMZN261005C00275000%2CAMZN261005C00277500%2CAMZN261005C00280000%2CAMZN261005C00282500%2CAMZN261005C00285000%2CAMZN261005C00290000%2CAMZN261005C00295000%2CAMZN261005C00300000%2CAMZN261005C00305000%2CAMZN261005C00310000%2CAMZN261005C00315000%2CAMZN261005C00320000%2CAMZN261005C00325000%2CAMZN261005C00330000%2CAMZN261005C00335000%2CAMZN261005P00180000%2CAMZN261005P00185000%2CAMZN261005P00190000%2CAMZN261005P00195000%2CAMZN261005P00200000&greeks=true'
For more information check: https://developer.mozilla.org/en-US/docs/Web/HTTP/Status/401
2026-10-02T12:05:28 | WARNING  | app.scanning.alpaca_confirmer | AlpacaConfirmer: cannot fetch chain for RIVN 2026-10-09: Client error '401 Unauthorized' for url 'https://api.tradier.com/v1/markets/quotes?symbols=RIVN261009C00005000%2CRIVN261009C00009000%2CRIVN261009C00010000%2CRIVN261009C00010500%2CRIVN261009C00011000%2CRIVN261009C00011500%2CRIVN261009C00012000%2CRIVN261009C00012500%2CRIVN261009C00013000%2CRIVN261009C00013500%2CRIVN261009C00014000%2CRIVN261009C00014500%2CRIVN261009C00015000%2CRIVN261009C00015500%2CRIVN261009C00016000%2CRIVN261009C00016500%2CRIVN261009C00017000%2CRIVN261009C00017500%2CRIVN261009C00018000%2CRIVN261009C00018500%2CRIVN261009C00019000%2CRIVN261009C00019500%2CRIVN261009C00020000%2CRIVN261009C00020500%2CRIVN261009C00021000%2CRIVN261009C00021500%2CRIVN261009C00022000%2CRIVN261009C00023000%2CRIVN261009C00024000%2CRIVN261009C00025000%2CRIVN261009C00030000%2CRIVN261009P00005000%2CRIVN261009P00009000%2CRIVN261009P00010000%2CRIVN261009P00010500%2CRIVN261009P00011000%2CRIVN261009P00011500%2CRIVN261009P00012000%2CRIVN261009P00012500%2CRIVN261009P00013000%2CRIVN261009P00013500%2CRIVN261009P00014000%2CRIVN261009P00014500%2CRIVN261009P00015000%2CRIVN261009P00015500%2CRIVN261009P00016000%2CRIVN261009P00016500%2CRIVN261009P00017000%2CRIVN261009P00017500%2CRIVN261009P00018000&greeks=true'
For more information check: https://developer.mozilla.org/en-US/docs/Web/HTTP/Status/401
2026-10-02T12:05:28 | INFO     | session_runner | AlpacaConfirmer: 0 confirmed symbols: []
2026-10-02T12:05:28 | WARNING  | session_runner | Re-scan returned no confirmed symbols — falling back to ['SPY']
2026-10-02T12:05:28 | INFO     | session_runner | Broad-market regime | SPY=short
2026-10-02T12:05:28 | INFO     | session_runner | [bridge:SPY] rsi_trend ready: sufficient bars
2026-10-02T12:05:28 | INFO     | session_runner | Stale signal: SPY/vwap_reclaim age=65 min > max 10 min — skipped
2026-10-02T12:05:28 | INFO     | session_runner | Stale signal: SPY/orb age=55 min > max 10 min — skipped
2026-10-02T12:05:28 | INFO     | session_runner | Stale signal: SPY/vwap_reclaim age=210 min > max 10 min — skipped
2026-10-02T12:05:28 | INFO     | session_runner | Stale signal: SPY/vwap_reclaim age=115 min > max 10 min — skipped
2026-10-02T12:05:58 | INFO     | session_runner | [cycle 302] 12:05:58 ET | positions=0 | entries=0
2026-10-02T12:05:59 | INFO     | session_runner | [bridge:SPY] rsi_trend ready: sufficient bars
2026-10-02T12:05:59 | INFO     | session_runner | Stale signal: SPY/vwap_reclaim age=66 min > max 10 min — skipped
2026-10-02T12:05:59 | INFO     | session_runner | Stale signal: SPY/orb age=56 min > max 10 min — skipped
2026-10-02T12:05:59 | INFO     | session_runner | Stale signal: SPY/vwap_reclaim age=211 min > max 10 min — skipped
2026-10-02T12:05:59 | INFO     | session_runner | Stale signal: SPY/vwap_reclaim age=116 min > max 10 min — skipped
2026-10-02T12:06:29 | INFO     | session_runner | [cycle 303] 12:06:29 ET | positions=0 | entries=0
2026-10-02T12:06:30 | INFO     | session_runner | [bridge:SPY] rsi_trend ready: sufficient bars
2026-10-02T12:06:30 | INFO     | session_runner | Stale signal: SPY/vwap_reclaim age=66 min > max 10 min — skipped
2026-10-02T12:06:30 | INFO     | session_runner | Stale signal: SPY/orb age=56 min > max 10 min — skipped
2026-10-02T12:06:30 | INFO     | session_runner | Stale signal: SPY/vwap_reclaim age=211 min > max 10 min — skipped
2026-10-02T12:06:30 | INFO     | session_runner | Stale signal: SPY/vwap_reclaim age=116 min > max 10 min — skipped
2026-10-02T12:07:00 | INFO     | session_runner | [cycle 304] 12:07:00 ET | positions=0 | entries=0
2026-10-02T12:07:00 | INFO     | session_runner | [bridge:SPY] rsi_trend ready: sufficient bars
2026-10-02T12:07:00 | INFO     | session_runner | Stale signal: SPY/vwap_reclaim age=67 min > max 10 min — skipped
2026-10-02T12:07:00 | INFO     | session_runner | Stale signal: SPY/orb age=57 min > max 10 min — skipped
2026-10-02T12:07:00 | INFO     | session_runner | Stale signal: SPY/vwap_reclaim age=212 min > max 10 min — skipped
2026-10-02T12:07:00 | INFO     | session_runner | Stale signal: SPY/vwap_reclaim age=117 min > max 10 min — skipped
2026-10-02T12:07:30 | INFO     | session_runner | [cycle 305] 12:07:30 ET | positions=0 | entries=0
2026-10-02T12:07:31 | INFO     | session_runner | [bridge:SPY] rsi_trend ready: sufficient bars
2026-10-02T12:07:31 | INFO     | session_runner | Stale signal: SPY/vwap_reclaim age=68 min > max 10 min — skipped
2026-10-02T12:07:31 | INFO     | session_runner | Stale signal: SPY/orb age=58 min > max 10 min — skipped
2026-10-02T12:07:31 | INFO     | session_runner | Stale signal: SPY/vwap_reclaim age=213 min > max 10 min — skipped
2026-10-02T12:07:31 | INFO     | session_runner | Stale signal: SPY/vwap_reclaim age=118 min > max 10 min — skipped
2026-10-02T12:08:01 | INFO     | session_runner | [cycle 306] 12:08:01 ET | positions=0 | entries=0
2026-10-02T12:08:01 | INFO     | session_runner | [bridge:SPY] rsi_trend ready: sufficient bars
2026-10-02T12:08:01 | INFO     | session_runner | Stale signal: SPY/vwap_reclaim age=68 min > max 10 min — skipped
2026-10-02T12:08:01 | INFO     | session_runner | Stale signal: SPY/orb age=58 min > max 10 min — skipped
2026-10-02T12:08:01 | INFO     | session_runner | Stale signal: SPY/vwap_reclaim age=213 min > max 10 min — skipped
2026-10-02T12:08:01 | INFO     | session_runner | Stale signal: SPY/vwap_reclaim age=118 min > max 10 min — skipped
2026-10-02T12:08:31 | INFO     | session_runner | [cycle 307] 12:08:31 ET | positions=0 | entries=0
2026-10-02T12:08:32 | INFO     | session_runner | [bridge:SPY] rsi_trend ready: sufficient bars
2026-10-02T12:08:32 | INFO     | session_runner | Stale signal: SPY/vwap_reclaim age=69 min > max 10 min — skipped
2026-10-02T12:08:32 | INFO     | session_runner | Stale signal: SPY/orb age=59 min > max 10 min — skipped
2026-10-02T12:08:32 | INFO     | session_runner | Stale signal: SPY/vwap_reclaim age=214 min > max 10 min — skipped
2026-10-02T12:08:32 | INFO     | session_runner | Stale signal: SPY/vwap_reclaim age=119 min > max 10 min — skipped
2026-10-02T12:09:02 | INFO     | session_runner | [cycle 308] 12:09:02 ET | positions=0 | entries=0
2026-10-02T12:09:02 | INFO     | session_runner | [bridge:SPY] rsi_trend ready: sufficient bars
2026-10-02T12:09:02 | INFO     | session_runner | Stale signal: SPY/vwap_reclaim age=69 min > max 10 min — skipped
2026-10-02T12:09:02 | INFO     | session_runner | Stale signal: SPY/orb age=59 min > max 10 min — skipped
2026-10-02T12:09:02 | INFO     | session_runner | Stale signal: SPY/vwap_reclaim age=214 min > max 10 min — skipped
2026-10-02T12:09:02 | INFO     | session_runner | Stale signal: SPY/vwap_reclaim age=119 min > max 10 min — skipped
2026-10-02T12:09:33 | INFO     | session_runner | [cycle 309] 12:09:33 ET | positions=0 | entries=0
2026-10-02T12:09:33 | INFO     | session_runner | [bridge:SPY] rsi_trend ready: sufficient bars
2026-10-02T12:09:33 | INFO     | session_runner | Stale signal: SPY/vwap_reclaim age=70 min > max 10 min — skipped
2026-10-02T12:09:33 | INFO     | session_runner | Stale signal: SPY/orb age=60 min > max 10 min — skipped
2026-10-02T12:09:33 | INFO     | session_runner | Stale signal: SPY/vwap_reclaim age=215 min > max 10 min — skipped
2026-10-02T12:09:33 | INFO     | session_runner | Stale signal: SPY/vwap_reclaim age=120 min > max 10 min — skipped
2026-10-02T12:10:03 | INFO     | session_runner | [cycle 310] 12:10:03 ET | positions=0 | entries=0
2026-10-02T12:10:04 | INFO     | session_runner | [bridge:SPY] rsi_trend ready: sufficient bars
2026-10-02T12:10:04 | INFO     | session_runner | Stale signal: SPY/vwap_reclaim age=70 min > max 10 min — skipped
2026-10-02T12:10:04 | INFO     | session_runner | Stale signal: SPY/orb age=60 min > max 10 min — skipped
2026-10-02T12:10:04 | INFO     | session_runner | Stale signal: SPY/vwap_reclaim age=215 min > max 10 min — skipped
2026-10-02T12:10:04 | INFO     | session_runner | Stale signal: SPY/vwap_reclaim age=120 min > max 10 min — skipped
2026-10-02T12:10:34 | INFO     | session_runner | [cycle 311] 12:10:34 ET | positions=0 | entries=0
2026-10-02T12:10:34 | INFO     | session_runner | Periodic universe re-scan …
2026-10-02T12:10:34 | INFO     | app.scanning.universe_loader | UniverseLoader: loaded 5 groups (13 flat symbols) from config/ticker_universe.yaml (blacklist=0)
2026-10-02T12:10:34 | INFO     | app.scanning.universe_loader | UniverseLoader: 38 symbols from 4 group(s) (blacklist=0)
2026-10-02T12:10:34 | INFO     | session_runner | Universe scan: 38 symbols from 4 group(s) | max_active=6
2026-10-02T12:10:40 | INFO     | session_runner | Scan: 20 passed, 18 rejected
2026-10-02T12:10:40 | INFO     | session_runner |   TSLA    score=95.0  signal=LONG     reasons: rvol=2.25x (high), atr=3.20% (wide-range), orb_breakout
2026-10-02T12:10:40 | INFO     | session_runner |   IWM     score=88.0  signal=SHORT    reasons: rvol=2.15x (high), atr=1.31% (good range), orb_breakdown
2026-10-02T12:10:40 | INFO     | session_runner |   RIVN    score=85.0  signal=SHORT    reasons: rvol=3.65x (high), atr=4.88% (wide-range), orb_breakdown
2026-10-02T12:10:40 | INFO     | session_runner |   AVGO    score=77.0  signal=LONG     reasons: rvol=1.58x (elevated), atr=2.86% (wide-range), orb_breakout
2026-10-02T12:10:40 | INFO     | session_runner |   HOOD    score=77.0  signal=SHORT    reasons: rvol=1.70x (elevated), atr=5.39% (wide-range), orb_breakdown
2026-10-02T12:10:41 | WARNING  | app.scanning.alpaca_confirmer | AlpacaConfirmer: cannot fetch chain for AVGO 2026-10-05: Client error '401 Unauthorized' for url 'https://api.tradier.com/v1/markets/quotes?symbols=AVGO261005C00285000%2CAVGO261005C00290000%2CAVGO261005C00295000%2CAVGO261005C00300000%2CAVGO261005C00305000%2CAVGO261005C00310000%2CAVGO261005C00315000%2CAVGO261005C00317500%2CAVGO261005C00320000%2CAVGO261005C00322500%2CAVGO261005C00325000%2CAVGO261005C00327500%2CAVGO261005C00330000%2CAVGO261005C00332500%2CAVGO261005C00335000%2CAVGO261005C00337500%2CAVGO261005C00340000%2CAVGO261005C00342500%2CAVGO261005C00345000%2CAVGO261005C00347500%2CAVGO261005C00350000%2CAVGO261005C00352500%2CAVGO261005C00355000%2CAVGO261005C00357500%2CAVGO261005C00360000%2CAVGO261005C00362500%2CAVGO261005C00365000%2CAVGO261005C00367500%2CAVGO261005C00370000%2CAVGO261005C00372500%2CAVGO261005C00375000%2CAVGO261005C00377500%2CAVGO261005C00380000%2CAVGO261005C00382500%2CAVGO261005C00385000%2CAVGO261005C00387500%2CAVGO261005C00390000%2CAVGO261005C00392500%2CAVGO261005C00395000%2CAVGO261005C00397500%2CAVGO261005C00400000%2CAVGO261005C00402500%2CAVGO261005C00405000%2CAVGO261005C00407500%2CAVGO261005C00410000%2CAVGO261005C00412500%2CAVGO261005C00415000%2CAVGO261005C00417500%2CAVGO261005C00420000%2CAVGO261005C00422500&greeks=true'
For more information check: https://developer.mozilla.org/en-US/docs/Web/HTTP/Status/401
2026-10-02T12:10:41 | WARNING  | app.scanning.alpaca_confirmer | AlpacaConfirmer: cannot fetch chain for RIVN 2026-10-09: Client error '401 Unauthorized' for url 'https://api.tradier.com/v1/markets/quotes?symbols=RIVN261009C00005000%2CRIVN261009C00009000%2CRIVN261009C00010000%2CRIVN261009C00010500%2CRIVN261009C00011000%2CRIVN261009C00011500%2CRIVN261009C00012000%2CRIVN261009C00012500%2CRIVN261009C00013000%2CRIVN261009C00013500%2CRIVN261009C00014000%2CRIVN261009C00014500%2CRIVN261009C00015000%2CRIVN261009C00015500%2CRIVN261009C00016000%2CRIVN261009C00016500%2CRIVN261009C00017000%2CRIVN261009C00017500%2CRIVN261009C00018000%2CRIVN261009C00018500%2CRIVN261009C00019000%2CRIVN261009C00019500%2CRIVN261009C00020000%2CRIVN261009C00020500%2CRIVN261009C00021000%2CRIVN261009C00021500%2CRIVN261009C00022000%2CRIVN261009C00023000%2CRIVN261009C00024000%2CRIVN261009C00025000%2CRIVN261009C00030000%2CRIVN261009P00005000%2CRIVN261009P00009000%2CRIVN261009P00010000%2CRIVN261009P00010500%2CRIVN261009P00011000%2CRIVN261009P00011500%2CRIVN261009P00012000%2CRIVN261009P00012500%2CRIVN261009P00013000%2CRIVN261009P00013500%2CRIVN261009P00014000%2CRIVN261009P00014500%2CRIVN261009P00015000%2CRIVN261009P00015500%2CRIVN261009P00016000%2CRIVN261009P00016500%2CRIVN261009P00017000%2CRIVN261009P00017500%2CRIVN261009P00018000&greeks=true'
For more information check: https://developer.mozilla.org/en-US/docs/Web/HTTP/Status/401
2026-10-02T12:10:41 | WARNING  | app.scanning.alpaca_confirmer | AlpacaConfirmer: cannot fetch chain for MSFT 2026-10-05: Client error '401 Unauthorized' for url 'https://api.tradier.com/v1/markets/quotes?symbols=MSFT261005C00420000%2CMSFT261005C00425000%2CMSFT261005C00430000%2CMSFT261005C00435000%2CMSFT261005C00440000%2CMSFT261005C00445000%2CMSFT261005C00450000%2CMSFT261005C00452500%2CMSFT261005C00455000%2CMSFT261005C00457500%2CMSFT261005C00460000%2CMSFT261005C00462500%2CMSFT261005C00465000%2CMSFT261005C00467500%2CMSFT261005C00470000%2CMSFT261005C00472500%2CMSFT261005C00475000%2CMSFT261005C00477500%2CMSFT261005C00480000%2CMSFT261005C00482500%2CMSFT261005C00485000%2CMSFT261005C00487500%2CMSFT261005C00490000%2CMSFT261005C00492500%2CMSFT261005C00495000%2CMSFT261005C00497500%2CMSFT261005C00500000%2CMSFT261005C00502500%2CMSFT261005C00505000%2CMSFT261005C00507500%2CMSFT261005C00510000%2CMSFT261005C00512500%2CMSFT261005C00515000%2CMSFT261005C00517500%2CMSFT261005C00520000%2CMSFT261005C00522500%2CMSFT261005C00525000%2CMSFT261005C00527500%2CMSFT261005C00530000%2CMSFT261005C00532500%2CMSFT261005C00535000%2CMSFT261005C00537500%2CMSFT261005C00540000%2CMSFT261005C00542500%2CMSFT261005C00545000%2CMSFT261005C00547500%2CMSFT261005C00550000%2CMSFT261005C00552500%2CMSFT261005C00555000%2CMSFT261005C00557500&greeks=true'
For more information check: https://developer.mozilla.org/en-US/docs/Web/HTTP/Status/401
2026-10-02T12:10:41 | WARNING  | app.scanning.alpaca_confirmer | AlpacaConfirmer: cannot fetch chain for AMZN 2026-10-05: Client error '401 Unauthorized' for url 'https://api.tradier.com/v1/markets/quotes?symbols=AMZN261005C00180000%2CAMZN261005C00185000%2CAMZN261005C00190000%2CAMZN261005C00195000%2CAMZN261005C00200000%2CAMZN261005C00205000%2CAMZN261005C00210000%2CAMZN261005C00215000%2CAMZN261005C00220000%2CAMZN261005C00222500%2CAMZN261005C00225000%2CAMZN261005C00227500%2CAMZN261005C00230000%2CAMZN261005C00232500%2CAMZN261005C00235000%2CAMZN261005C00237500%2CAMZN261005C00240000%2CAMZN261005C00242500%2CAMZN261005C00245000%2CAMZN261005C00247500%2CAMZN261005C00250000%2CAMZN261005C00252500%2CAMZN261005C00255000%2CAMZN261005C00257500%2CAMZN261005C00260000%2CAMZN261005C00262500%2CAMZN261005C00265000%2CAMZN261005C00267500%2CAMZN261005C00270000%2CAMZN261005C00272500%2CAMZN261005C00275000%2CAMZN261005C00277500%2CAMZN261005C00280000%2CAMZN261005C00282500%2CAMZN261005C00285000%2CAMZN261005C00290000%2CAMZN261005C00295000%2CAMZN261005C00300000%2CAMZN261005C00305000%2CAMZN261005C00310000%2CAMZN261005C00315000%2CAMZN261005C00320000%2CAMZN261005C00325000%2CAMZN261005C00330000%2CAMZN261005C00335000%2CAMZN261005P00180000%2CAMZN261005P00185000%2CAMZN261005P00190000%2CAMZN261005P00195000%2CAMZN261005P00200000&greeks=true'
For more information check: https://developer.mozilla.org/en-US/docs/Web/HTTP/Status/401
2026-10-02T12:10:41 | WARNING  | app.scanning.alpaca_confirmer | AlpacaConfirmer: cannot fetch chain for RIOT 2026-10-09: Client error '401 Unauthorized' for url 'https://api.tradier.com/v1/markets/quotes?symbols=RIOT261009C00008000%2CRIOT261009C00009000%2CRIOT261009C00010000%2CRIOT261009C00011000%2CRIOT261009C00012000%2CRIOT261009C00013000%2CRIOT261009C00014000%2CRIOT261009C00015000%2CRIOT261009C00016000%2CRIOT261009C00017000%2CRIOT261009C00017500%2CRIOT261009C00018000%2CRIOT261009C00018500%2CRIOT261009C00019000%2CRIOT261009C00019500%2CRIOT261009C00020000%2CRIOT261009C00020500%2CRIOT261009C00021000%2CRIOT261009C00021500%2CRIOT261009C00022000%2CRIOT261009C00022500%2CRIOT261009C00023000%2CRIOT261009C00023500%2CRIOT261009C00024000%2CRIOT261009C00024500%2CRIOT261009C00025000%2CRIOT261009C00025500%2CRIOT261009C00026000%2CRIOT261009C00026500%2CRIOT261009C00027000%2CRIOT261009C00027500%2CRIOT261009C00028000%2CRIOT261009C00028500%2CRIOT261009C00029000%2CRIOT261009C00029500%2CRIOT261009C00030000%2CRIOT261009C00031000%2CRIOT261009C00032000%2CRIOT261009C00033000%2CRIOT261009C00034000%2CRIOT261009C00035000%2CRIOT261009P00008000%2CRIOT261009P00009000%2CRIOT261009P00010000%2CRIOT261009P00011000%2CRIOT261009P00012000%2CRIOT261009P00013000%2CRIOT261009P00014000%2CRIOT261009P00015000%2CRIOT261009P00016000&greeks=true'
For more information check: https://developer.mozilla.org/en-US/docs/Web/HTTP/Status/401
2026-10-02T12:10:41 | WARNING  | app.scanning.alpaca_confirmer | AlpacaConfirmer: cannot fetch chain for XLF 2026-10-05: Client error '401 Unauthorized' for url 'https://api.tradier.com/v1/markets/quotes?symbols=XLF261005C00041000%2CXLF261005C00042000%2CXLF261005C00043000%2CXLF261005C00044000%2CXLF261005C00045000%2CXLF261005C00046000%2CXLF261005C00047000%2CXLF261005C00048000%2CXLF261005C00049000%2CXLF261005C00050000%2CXLF261005C00050500%2CXLF261005C00051000%2CXLF261005C00051500%2CXLF261005C00052000%2CXLF261005C00052500%2CXLF261005C00053000%2CXLF261005C00053500%2CXLF261005C00054000%2CXLF261005C00054500%2CXLF261005C00055000%2CXLF261005C00055500%2CXLF261005C00056000%2CXLF261005C00056500%2CXLF261005C00057000%2CXLF261005C00057500%2CXLF261005C00058000%2CXLF261005C00058500%2CXLF261005C00059000%2CXLF261005C00059500%2CXLF261005C00060000%2CXLF261005C00060500%2CXLF261005C00061000%2CXLF261005C00061500%2CXLF261005C00062000%2CXLF261005C00062500%2CXLF261005C00063000%2CXLF261005C00063500%2CXLF261005C00064000%2CXLF261005C00064500%2CXLF261005C00065000%2CXLF261005C00066000%2CXLF261005C00067000%2CXLF261005C00068000%2CXLF261005C00069000%2CXLF261005C00070000%2CXLF261005C00071000%2CXLF261005C00072000%2CXLF261005C00073000%2CXLF261005C00074000%2CXLF261005P00041000&greeks=true'
For more information check: https://developer.mozilla.org/en-US/docs/Web/HTTP/Status/401
2026-10-02T12:10:41 | WARNING  | app.scanning.alpaca_confirmer | AlpacaConfirmer: cannot fetch chain for HOOD 2026-10-09: Client error '401 Unauthorized' for url 'https://api.tradier.com/v1/markets/quotes?symbols=HOOD261009C00025000%2CHOOD261009C00030000%2CHOOD261009C00035000%2CHOOD261009C00040000%2CHOOD261009C00045000%2CHOOD261009C00050000%2CHOOD261009C00055000%2CHOOD261009C00060000%2CHOOD261009C00065000%2CHOOD261009C00070000%2CHOOD261009C00075000%2CHOOD261009C00080000%2CHOOD261009C00085000%2CHOOD261009C00090000%2CHOOD261009C00091000%2CHOOD261009C00092000%2CHOOD261009C00093000%2CHOOD261009C00094000%2CHOOD261009C00095000%2CHOOD261009C00096000%2CHOOD261009C00097000%2CHOOD261009C00098000%2CHOOD261009C00099000%2CHOOD261009C00100000%2CHOOD261009C00101000%2CHOOD261009C00102000%2CHOOD261009C00103000%2CHOOD261009C00104000%2CHOOD261009C00105000%2CHOOD261009C00106000%2CHOOD261009C00107000%2CHOOD261009C00108000%2CHOOD261009C00109000%2CHOOD261009C00110000%2CHOOD261009C00111000%2CHOOD261009C00112000%2CHOOD261009C00113000%2CHOOD261009C00114000%2CHOOD261009C00115000%2CHOOD261009C00116000%2CHOOD261009C00117000%2CHOOD261009C00118000%2CHOOD261009C00119000%2CHOOD261009C00120000%2CHOOD261009C00121000%2CHOOD261009C00122000%2CHOOD261009C00123000%2CHOOD261009C00124000%2CHOOD261009C00125000%2CHOOD261009C00126000&greeks=true'
For more information check: https://developer.mozilla.org/en-US/docs/Web/HTTP/Status/401
2026-10-02T12:10:41 | WARNING  | app.scanning.alpaca_confirmer | AlpacaConfirmer: cannot fetch chain for IWM 2026-10-05: Client error '401 Unauthorized' for url 'https://api.tradier.com/v1/markets/quotes?symbols=IWM261005C00180000%2CIWM261005C00190000%2CIWM261005C00200000%2CIWM261005C00205000%2CIWM261005C00210000%2CIWM261005C00215000%2CIWM261005C00220000%2CIWM261005C00225000%2CIWM261005C00230000%2CIWM261005C00235000%2CIWM261005C00240000%2CIWM261005C00245000%2CIWM261005C00250000%2CIWM261005C00255000%2CIWM261005C00260000%2CIWM261005C00261000%2CIWM261005C00262000%2CIWM261005C00263000%2CIWM261005C00264000%2CIWM261005C00265000%2CIWM261005C00266000%2CIWM261005C00267000%2CIWM261005C00268000%2CIWM261005C00269000%2CIWM261005C00270000%2CIWM261005C00271000%2CIWM261005C00272000%2CIWM261005C00273000%2CIWM261005C00274000%2CIWM261005C00275000%2CIWM261005C00276000%2CIWM261005C00277000%2CIWM261005C00278000%2CIWM261005C00279000%2CIWM261005C00280000%2CIWM261005C00281000%2CIWM261005C00282000%2CIWM261005C00283000%2CIWM261005C00284000%2CIWM261005C00285000%2CIWM261005C00286000%2CIWM261005C00287000%2CIWM261005C00288000%2CIWM261005C00289000%2CIWM261005C00290000%2CIWM261005C00291000%2CIWM261005C00292000%2CIWM261005C00293000%2CIWM261005C00294000%2CIWM261005C00295000&greeks=true'
For more information check: https://developer.mozilla.org/en-US/docs/Web/HTTP/Status/401
2026-10-02T12:10:41 | WARNING  | app.scanning.alpaca_confirmer | AlpacaConfirmer: cannot fetch chain for DKNG 2026-10-09: Client error '401 Unauthorized' for url 'https://api.tradier.com/v1/markets/quotes?symbols=DKNG261009C00010000%2CDKNG261009C00011000%2CDKNG261009C00012000%2CDKNG261009C00013000%2CDKNG261009C00014000%2CDKNG261009C00015000%2CDKNG261009C00016000%2CDKNG261009C00017000%2CDKNG261009C00018000%2CDKNG261009C00019000%2CDKNG261009C00020000%2CDKNG261009C00020500%2CDKNG261009C00021000%2CDKNG261009C00021500%2CDKNG261009C00022000%2CDKNG261009C00022500%2CDKNG261009C00023000%2CDKNG261009C00023500%2CDKNG261009C00024000%2CDKNG261009C00024500%2CDKNG261009C00025000%2CDKNG261009C00025500%2CDKNG261009C00026000%2CDKNG261009C00026500%2CDKNG261009C00027000%2CDKNG261009C00027500%2CDKNG261009C00028000%2CDKNG261009C00028500%2CDKNG261009C00029000%2CDKNG261009C00030000%2CDKNG261009C00031000%2CDKNG261009C00032000%2CDKNG261009C00033000%2CDKNG261009C00034000%2CDKNG261009C00035000%2CDKNG261009P00010000%2CDKNG261009P00011000%2CDKNG261009P00012000%2CDKNG261009P00013000%2CDKNG261009P00014000%2CDKNG261009P00015000%2CDKNG261009P00016000%2CDKNG261009P00017000%2CDKNG261009P00018000%2CDKNG261009P00019000%2CDKNG261009P00020000%2CDKNG261009P00020500%2CDKNG261009P00021000%2CDKNG261009P00021500%2CDKNG261009P00022000&greeks=true'
For more information check: https://developer.mozilla.org/en-US/docs/Web/HTTP/Status/401
2026-10-02T12:10:41 | WARNING  | app.scanning.alpaca_confirmer | AlpacaConfirmer: cannot fetch chain for TSLA 2026-10-05: Client error '401 Unauthorized' for url 'https://api.tradier.com/v1/markets/quotes?symbols=TSLA261005C00250000%2CTSLA261005C00255000%2CTSLA261005C00260000%2CTSLA261005C00265000%2CTSLA261005C00270000%2CTSLA261005C00275000%2CTSLA261005C00280000%2CTSLA261005C00285000%2CTSLA261005C00290000%2CTSLA261005C00295000%2CTSLA261005C00300000%2CTSLA261005C00305000%2CTSLA261005C00310000%2CTSLA261005C00315000%2CTSLA261005C00317500%2CTSLA261005C00320000%2CTSLA261005C00322500%2CTSLA261005C00325000%2CTSLA261005C00327500%2CTSLA261005C00330000%2CTSLA261005C00332500%2CTSLA261005C00335000%2CTSLA261005C00337500%2CTSLA261005C00340000%2CTSLA261005C00342500%2CTSLA261005C00345000%2CTSLA261005C00347500%2CTSLA261005C00350000%2CTSLA261005C00352500%2CTSLA261005C00355000%2CTSLA261005C00357500%2CTSLA261005C00360000%2CTSLA261005C00362500%2CTSLA261005C00365000%2CTSLA261005C00367500%2CTSLA261005C00370000%2CTSLA261005C00372500%2CTSLA261005C00375000%2CTSLA261005C00377500%2CTSLA261005C00380000%2CTSLA261005C00382500%2CTSLA261005C00385000%2CTSLA261005C00387500%2CTSLA261005C00390000%2CTSLA261005C00392500%2CTSLA261005C00395000%2CTSLA261005C00397500%2CTSLA261005C00400000%2CTSLA261005C00402500%2CTSLA261005C00405000&greeks=true'
For more information check: https://developer.mozilla.org/en-US/docs/Web/HTTP/Status/401
2026-10-02T12:10:41 | WARNING  | app.scanning.alpaca_confirmer | AlpacaConfirmer: cannot fetch chain for MARA 2026-10-09: Client error '401 Unauthorized' for url 'https://api.tradier.com/v1/markets/quotes?symbols=MARA261009C00004000%2CMARA261009C00005000%2CMARA261009C00006000%2CMARA261009C00006500%2CMARA261009C00007000%2CMARA261009C00007500%2CMARA261009C00008000%2CMARA261009C00008500%2CMARA261009C00009000%2CMARA261009C00009500%2CMARA261009C00010000%2CMARA261009C00010500%2CMARA261009C00011000%2CMARA261009C00011500%2CMARA261009C00012000%2CMARA261009C00012500%2CMARA261009C00013000%2CMARA261009C00013500%2CMARA261009C00014000%2CMARA261009C00014500%2CMARA261009C00015000%2CMARA261009C00015500%2CMARA261009C00016000%2CMARA261009C00016500%2CMARA261009C00017000%2CMARA261009C00017500%2CMARA261009C00018000%2CMARA261009C00019000%2CMARA261009C00020000%2CMARA261009C00021000%2CMARA261009C00022000%2CMARA261009C00023000%2CMARA261009P00004000%2CMARA261009P00005000%2CMARA261009P00006000%2CMARA261009P00006500%2CMARA261009P00007000%2CMARA261009P00007500%2CMARA261009P00008000%2CMARA261009P00008500%2CMARA261009P00009000%2CMARA261009P00009500%2CMARA261009P00010000%2CMARA261009P00010500%2CMARA261009P00011000%2CMARA261009P00011500%2CMARA261009P00012000%2CMARA261009P00012500%2CMARA261009P00013000%2CMARA261009P00013500&greeks=true'
For more information check: https://developer.mozilla.org/en-US/docs/Web/HTTP/Status/401
2026-10-02T12:10:41 | WARNING  | app.scanning.alpaca_confirmer | AlpacaConfirmer: cannot fetch chain for AAPL 2026-10-05: Client error '401 Unauthorized' for url 'https://api.tradier.com/v1/markets/quotes?symbols=AAPL261005C00245000%2CAAPL261005C00250000%2CAAPL261005C00255000%2CAAPL261005C00260000%2CAAPL261005C00265000%2CAAPL261005C00270000%2CAAPL261005C00275000%2CAAPL261005C00280000%2CAAPL261005C00285000%2CAAPL261005C00290000%2CAAPL261005C00295000%2CAAPL261005C00300000%2CAAPL261005C00302500%2CAAPL261005C00305000%2CAAPL261005C00307500%2CAAPL261005C00310000%2CAAPL261005C00312500%2CAAPL261005C00315000%2CAAPL261005C00317500%2CAAPL261005C00320000%2CAAPL261005C00322500%2CAAPL261005C00325000%2CAAPL261005C00327500%2CAAPL261005C00330000%2CAAPL261005C00332500%2CAAPL261005C00335000%2CAAPL261005C00337500%2CAAPL261005C00340000%2CAAPL261005C00342500%2CAAPL261005C00345000%2CAAPL261005C00347500%2CAAPL261005C00350000%2CAAPL261005C00352500%2CAAPL261005C00355000%2CAAPL261005C00357500%2CAAPL261005C00360000%2CAAPL261005C00362500%2CAAPL261005C00365000%2CAAPL261005C00367500%2CAAPL261005C00370000%2CAAPL261005C00372500%2CAAPL261005C00375000%2CAAPL261005C00380000%2CAAPL261005C00385000%2CAAPL261005C00390000%2CAAPL261005C00395000%2CAAPL261005C00400000%2CAAPL261005C00405000%2CAAPL261005P00245000%2CAAPL261005P00250000&greeks=true'
For more information check: https://developer.mozilla.org/en-US/docs/Web/HTTP/Status/401
2026-10-02T12:10:41 | INFO     | session_runner | AlpacaConfirmer: 0 confirmed symbols: []
2026-10-02T12:10:41 | WARNING  | session_runner | Re-scan returned no confirmed symbols — falling back to ['SPY']
2026-10-02T12:10:41 | INFO     | session_runner | Broad-market regime | SPY=neutral
2026-10-02T12:10:41 | INFO     | session_runner | [bridge:SPY] rsi_trend ready: sufficient bars
2026-10-02T12:10:41 | INFO     | session_runner | Stale signal: SPY/vwap_reclaim age=71 min > max 10 min — skipped
2026-10-02T12:10:41 | INFO     | session_runner | Stale signal: SPY/orb age=61 min > max 10 min — skipped
2026-10-02T12:10:41 | INFO     | session_runner | Stale signal: SPY/vwap_reclaim age=216 min > max 10 min — skipped
2026-10-02T12:10:41 | INFO     | session_runner | Stale signal: SPY/vwap_reclaim age=121 min > max 10 min — skipped
2026-10-02T12:11:11 | INFO     | session_runner | [cycle 312] 12:11:11 ET | positions=0 | entries=0
2026-10-02T12:11:12 | INFO     | session_runner | [bridge:SPY] rsi_trend ready: sufficient bars
2026-10-02T12:11:12 | INFO     | session_runner | Stale signal: SPY/vwap_reclaim age=71 min > max 10 min — skipped
2026-10-02T12:11:12 | INFO     | session_runner | Stale signal: SPY/orb age=61 min > max 10 min — skipped
2026-10-02T12:11:12 | INFO     | session_runner | Stale signal: SPY/vwap_reclaim age=216 min > max 10 min — skipped
2026-10-02T12:11:12 | INFO     | session_runner | Stale signal: SPY/vwap_reclaim age=121 min > max 10 min — skipped
2026-10-02T12:11:42 | INFO     | session_runner | [cycle 313] 12:11:42 ET | positions=0 | entries=0
2026-10-02T12:11:42 | INFO     | session_runner | [bridge:SPY] rsi_trend ready: sufficient bars
2026-10-02T12:11:42 | INFO     | session_runner | Stale signal: SPY/vwap_reclaim age=72 min > max 10 min — skipped
2026-10-02T12:11:42 | INFO     | session_runner | Stale signal: SPY/orb age=62 min > max 10 min — skipped
2026-10-02T12:11:42 | INFO     | session_runner | Stale signal: SPY/vwap_reclaim age=217 min > max 10 min — skipped
2026-10-02T12:11:42 | INFO     | session_runner | Stale signal: SPY/vwap_reclaim age=122 min > max 10 min — skipped
2026-10-02T12:12:12 | INFO     | session_runner | [cycle 314] 12:12:12 ET | positions=0 | entries=0
2026-10-02T12:12:13 | INFO     | session_runner | [bridge:SPY] rsi_trend ready: sufficient bars
2026-10-02T12:12:13 | INFO     | session_runner | Stale signal: SPY/vwap_reclaim age=72 min > max 10 min — skipped
2026-10-02T12:12:13 | INFO     | session_runner | Stale signal: SPY/orb age=62 min > max 10 min — skipped
2026-10-02T12:12:13 | INFO     | session_runner | Stale signal: SPY/vwap_reclaim age=217 min > max 10 min — skipped
2026-10-02T12:12:13 | INFO     | session_runner | Stale signal: SPY/vwap_reclaim age=122 min > max 10 min — skipped
2026-10-02T12:12:43 | INFO     | session_runner | [cycle 315] 12:12:43 ET | positions=0 | entries=0
2026-10-02T12:12:43 | INFO     | session_runner | [bridge:SPY] rsi_trend ready: sufficient bars
2026-10-02T12:12:43 | INFO     | session_runner | Stale signal: SPY/vwap_reclaim age=73 min > max 10 min — skipped
2026-10-02T12:12:43 | INFO     | session_runner | Stale signal: SPY/orb age=63 min > max 10 min — skipped
2026-10-02T12:12:43 | INFO     | session_runner | Stale signal: SPY/vwap_reclaim age=218 min > max 10 min — skipped
2026-10-02T12:12:43 | INFO     | session_runner | Stale signal: SPY/vwap_reclaim age=123 min > max 10 min — skipped
2026-10-02T12:13:13 | INFO     | session_runner | [cycle 316] 12:13:13 ET | positions=0 | entries=0
2026-10-02T12:13:14 | INFO     | session_runner | [bridge:SPY] rsi_trend ready: sufficient bars
2026-10-02T12:13:14 | INFO     | session_runner | Stale signal: SPY/vwap_reclaim age=73 min > max 10 min — skipped
2026-10-02T12:13:14 | INFO     | session_runner | Stale signal: SPY/orb age=63 min > max 10 min — skipped
2026-10-02T12:13:14 | INFO     | session_runner | Stale signal: SPY/vwap_reclaim age=218 min > max 10 min — skipped
2026-10-02T12:13:14 | INFO     | session_runner | Stale signal: SPY/vwap_reclaim age=123 min > max 10 min — skipped
2026-10-02T12:13:44 | INFO     | session_runner | [cycle 317] 12:13:44 ET | positions=0 | entries=0
2026-10-02T12:13:44 | INFO     | session_runner | [bridge:SPY] rsi_trend ready: sufficient bars
2026-10-02T12:13:44 | INFO     | session_runner | Stale signal: SPY/vwap_reclaim age=74 min > max 10 min — skipped
2026-10-02T12:13:44 | INFO     | session_runner | Stale signal: SPY/orb age=64 min > max 10 min — skipped
2026-10-02T12:13:44 | INFO     | session_runner | Stale signal: SPY/vwap_reclaim age=219 min > max 10 min — skipped
2026-10-02T12:13:44 | INFO     | session_runner | Stale signal: SPY/vwap_reclaim age=124 min > max 10 min — skipped
2026-10-02T12:14:14 | INFO     | session_runner | [cycle 318] 12:14:14 ET | positions=0 | entries=0
2026-10-02T12:14:15 | INFO     | session_runner | [bridge:SPY] rsi_trend ready: sufficient bars
2026-10-02T12:14:15 | INFO     | session_runner | Stale signal: SPY/vwap_reclaim age=74 min > max 10 min — skipped
2026-10-02T12:14:15 | INFO     | session_runner | Stale signal: SPY/orb age=64 min > max 10 min — skipped
2026-10-02T12:14:15 | INFO     | session_runner | Stale signal: SPY/vwap_reclaim age=219 min > max 10 min — skipped
2026-10-02T12:14:15 | INFO     | session_runner | Stale signal: SPY/vwap_reclaim age=124 min > max 10 min — skipped
2026-10-02T12:14:45 | INFO     | session_runner | [cycle 319] 12:14:45 ET | positions=0 | entries=0
2026-10-02T12:14:45 | INFO     | session_runner | [bridge:SPY] rsi_trend ready: sufficient bars
2026-10-02T12:14:45 | INFO     | session_runner | Stale signal: SPY/vwap_reclaim age=75 min > max 10 min — skipped
2026-10-02T12:14:45 | INFO     | session_runner | Stale signal: SPY/orb age=65 min > max 10 min — skipped
2026-10-02T12:14:45 | INFO     | session_runner | Stale signal: SPY/vwap_reclaim age=220 min > max 10 min — skipped
2026-10-02T12:14:45 | INFO     | session_runner | Stale signal: SPY/vwap_reclaim age=125 min > max 10 min — skipped
2026-10-02T12:15:15 | INFO     | session_runner | [cycle 320] 12:15:15 ET | positions=0 | entries=0
2026-10-02T12:15:16 | INFO     | session_runner | [bridge:SPY] rsi_trend ready: sufficient bars
2026-10-02T12:15:16 | INFO     | session_runner | Stale signal: SPY/vwap_reclaim age=75 min > max 10 min — skipped
2026-10-02T12:15:16 | INFO     | session_runner | Stale signal: SPY/orb age=65 min > max 10 min — skipped
2026-10-02T12:15:16 | INFO     | session_runner | Stale signal: SPY/vwap_reclaim age=220 min > max 10 min — skipped
2026-10-02T12:15:16 | INFO     | session_runner | Stale signal: SPY/vwap_reclaim age=125 min > max 10 min — skipped
2026-10-02T12:15:46 | INFO     | session_runner | [cycle 321] 12:15:46 ET | positions=0 | entries=0
2026-10-02T12:15:46 | INFO     | app.trading.reconciler | Reconciliation done: broker_pos=0 local_pos=0 broker_orders=0 local_pending=0 repaired=0 flagged=0 orders_confirmed=True positions_confirmed=True
2026-10-02T12:15:46 | INFO     | session_runner | Periodic universe re-scan …
2026-10-02T12:15:46 | INFO     | app.scanning.universe_loader | UniverseLoader: loaded 5 groups (13 flat symbols) from config/ticker_universe.yaml (blacklist=0)
2026-10-02T12:15:46 | INFO     | app.scanning.universe_loader | UniverseLoader: 38 symbols from 4 group(s) (blacklist=0)
2026-10-02T12:15:46 | INFO     | session_runner | Universe scan: 38 symbols from 4 group(s) | max_active=6
2026-10-02T12:15:53 | INFO     | session_runner | Scan: 20 passed, 18 rejected
2026-10-02T12:15:53 | INFO     | session_runner |   TSLA    score=95.0  signal=LONG     reasons: rvol=2.19x (high), atr=3.20% (wide-range), orb_breakout
2026-10-02T12:15:53 | INFO     | session_runner |   IWM     score=88.0  signal=SHORT    reasons: rvol=2.10x (high), atr=1.31% (good range), orb_breakdown
2026-10-02T12:15:53 | INFO     | session_runner |   RIVN    score=85.0  signal=SHORT    reasons: rvol=3.59x (high), atr=4.88% (wide-range), orb_breakdown
2026-10-02T12:15:53 | INFO     | session_runner |   AVGO    score=77.0  signal=LONG     reasons: rvol=1.54x (elevated), atr=2.87% (wide-range), orb_breakout
2026-10-02T12:15:53 | INFO     | session_runner |   HOOD    score=77.0  signal=SHORT    reasons: rvol=1.66x (elevated), atr=5.40% (wide-range), orb_breakdown
2026-10-02T12:15:53 | WARNING  | app.scanning.alpaca_confirmer | AlpacaConfirmer: cannot fetch chain for AVGO 2026-10-05: Client error '401 Unauthorized' for url 'https://api.tradier.com/v1/markets/quotes?symbols=AVGO261005C00285000%2CAVGO261005C00290000%2CAVGO261005C00295000%2CAVGO261005C00300000%2CAVGO261005C00305000%2CAVGO261005C00310000%2CAVGO261005C00315000%2CAVGO261005C00317500%2CAVGO261005C00320000%2CAVGO261005C00322500%2CAVGO261005C00325000%2CAVGO261005C00327500%2CAVGO261005C00330000%2CAVGO261005C00332500%2CAVGO261005C00335000%2CAVGO261005C00337500%2CAVGO261005C00340000%2CAVGO261005C00342500%2CAVGO261005C00345000%2CAVGO261005C00347500%2CAVGO261005C00350000%2CAVGO261005C00352500%2CAVGO261005C00355000%2CAVGO261005C00357500%2CAVGO261005C00360000%2CAVGO261005C00362500%2CAVGO261005C00365000%2CAVGO261005C00367500%2CAVGO261005C00370000%2CAVGO261005C00372500%2CAVGO261005C00375000%2CAVGO261005C00377500%2CAVGO261005C00380000%2CAVGO261005C00382500%2CAVGO261005C00385000%2CAVGO261005C00387500%2CAVGO261005C00390000%2CAVGO261005C00392500%2CAVGO261005C00395000%2CAVGO261005C00397500%2CAVGO261005C00400000%2CAVGO261005C00402500%2CAVGO261005C00405000%2CAVGO261005C00407500%2CAVGO261005C00410000%2CAVGO261005C00412500%2CAVGO261005C00415000%2CAVGO261005C00417500%2CAVGO261005C00420000%2CAVGO261005C00422500&greeks=true'
For more information check: https://developer.mozilla.org/en-US/docs/Web/HTTP/Status/401
2026-10-02T12:15:53 | WARNING  | app.scanning.alpaca_confirmer | AlpacaConfirmer: cannot fetch chain for IWM 2026-10-05: Client error '401 Unauthorized' for url 'https://api.tradier.com/v1/markets/quotes?symbols=IWM261005C00180000%2CIWM261005C00190000%2CIWM261005C00200000%2CIWM261005C00205000%2CIWM261005C00210000%2CIWM261005C00215000%2CIWM261005C00220000%2CIWM261005C00225000%2CIWM261005C00230000%2CIWM261005C00235000%2CIWM261005C00240000%2CIWM261005C00245000%2CIWM261005C00250000%2CIWM261005C00255000%2CIWM261005C00260000%2CIWM261005C00261000%2CIWM261005C00262000%2CIWM261005C00263000%2CIWM261005C00264000%2CIWM261005C00265000%2CIWM261005C00266000%2CIWM261005C00267000%2CIWM261005C00268000%2CIWM261005C00269000%2CIWM261005C00270000%2CIWM261005C00271000%2CIWM261005C00272000%2CIWM261005C00273000%2CIWM261005C00274000%2CIWM261005C00275000%2CIWM261005C00276000%2CIWM261005C00277000%2CIWM261005C00278000%2CIWM261005C00279000%2CIWM261005C00280000%2CIWM261005C00281000%2CIWM261005C00282000%2CIWM261005C00283000%2CIWM261005C00284000%2CIWM261005C00285000%2CIWM261005C00286000%2CIWM261005C00287000%2CIWM261005C00288000%2CIWM261005C00289000%2CIWM261005C00290000%2CIWM261005C00291000%2CIWM261005C00292000%2CIWM261005C00293000%2CIWM261005C00294000%2CIWM261005C00295000&greeks=true'
For more information check: https://developer.mozilla.org/en-US/docs/Web/HTTP/Status/401
2026-10-02T12:15:53 | WARNING  | app.scanning.alpaca_confirmer | AlpacaConfirmer: cannot fetch chain for DKNG 2026-10-09: Client error '401 Unauthorized' for url 'https://api.tradier.com/v1/markets/quotes?symbols=DKNG261009C00010000%2CDKNG261009C00011000%2CDKNG261009C00012000%2CDKNG261009C00013000%2CDKNG261009C00014000%2CDKNG261009C00015000%2CDKNG261009C00016000%2CDKNG261009C00017000%2CDKNG261009C00018000%2CDKNG261009C00019000%2CDKNG261009C00020000%2CDKNG261009C00020500%2CDKNG261009C00021000%2CDKNG261009C00021500%2CDKNG261009C00022000%2CDKNG261009C00022500%2CDKNG261009C00023000%2CDKNG261009C00023500%2CDKNG261009C00024000%2CDKNG261009C00024500%2CDKNG261009C00025000%2CDKNG261009C00025500%2CDKNG261009C00026000%2CDKNG261009C00026500%2CDKNG261009C00027000%2CDKNG261009C00027500%2CDKNG261009C00028000%2CDKNG261009C00028500%2CDKNG261009C00029000%2CDKNG261009C00030000%2CDKNG261009C00031000%2CDKNG261009C00032000%2CDKNG261009C00033000%2CDKNG261009C00034000%2CDKNG261009C00035000%2CDKNG261009P00010000%2CDKNG261009P00011000%2CDKNG261009P00012000%2CDKNG261009P00013000%2CDKNG261009P00014000%2CDKNG261009P00015000%2CDKNG261009P00016000%2CDKNG261009P00017000%2CDKNG261009P00018000%2CDKNG261009P00019000%2CDKNG261009P00020000%2CDKNG261009P00020500%2CDKNG261009P00021000%2CDKNG261009P00021500%2CDKNG261009P00022000&greeks=true'
For more information check: https://developer.mozilla.org/en-US/docs/Web/HTTP/Status/401
2026-10-02T12:15:53 | WARNING  | app.scanning.alpaca_confirmer | AlpacaConfirmer: cannot fetch chain for TSLA 2026-10-05: Client error '401 Unauthorized' for url 'https://api.tradier.com/v1/markets/quotes?symbols=TSLA261005C00250000%2CTSLA261005C00255000%2CTSLA261005C00260000%2CTSLA261005C00265000%2CTSLA261005C00270000%2CTSLA261005C00275000%2CTSLA261005C00280000%2CTSLA261005C00285000%2CTSLA261005C00290000%2CTSLA261005C00295000%2CTSLA261005C00300000%2CTSLA261005C00305000%2CTSLA261005C00310000%2CTSLA261005C00315000%2CTSLA261005C00317500%2CTSLA261005C00320000%2CTSLA261005C00322500%2CTSLA261005C00325000%2CTSLA261005C00327500%2CTSLA261005C00330000%2CTSLA261005C00332500%2CTSLA261005C00335000%2CTSLA261005C00337500%2CTSLA261005C00340000%2CTSLA261005C00342500%2CTSLA261005C00345000%2CTSLA261005C00347500%2CTSLA261005C00350000%2CTSLA261005C00352500%2CTSLA261005C00355000%2CTSLA261005C00357500%2CTSLA261005C00360000%2CTSLA261005C00362500%2CTSLA261005C00365000%2CTSLA261005C00367500%2CTSLA261005C00370000%2CTSLA261005C00372500%2CTSLA261005C00375000%2CTSLA261005C00377500%2CTSLA261005C00380000%2CTSLA261005C00382500%2CTSLA261005C00385000%2CTSLA261005C00387500%2CTSLA261005C00390000%2CTSLA261005C00392500%2CTSLA261005C00395000%2CTSLA261005C00397500%2CTSLA261005C00400000%2CTSLA261005C00402500%2CTSLA261005C00405000&greeks=true'
For more information check: https://developer.mozilla.org/en-US/docs/Web/HTTP/Status/401
2026-10-02T12:15:53 | WARNING  | app.scanning.alpaca_confirmer | AlpacaConfirmer: cannot fetch chain for RIOT 2026-10-09: Client error '401 Unauthorized' for url 'https://api.tradier.com/v1/markets/quotes?symbols=RIOT261009C00008000%2CRIOT261009C00009000%2CRIOT261009C00010000%2CRIOT261009C00011000%2CRIOT261009C00012000%2CRIOT261009C00013000%2CRIOT261009C00014000%2CRIOT261009C00015000%2CRIOT261009C00016000%2CRIOT261009C00017000%2CRIOT261009C00017500%2CRIOT261009C00018000%2CRIOT261009C00018500%2CRIOT261009C00019000%2CRIOT261009C00019500%2CRIOT261009C00020000%2CRIOT261009C00020500%2CRIOT261009C00021000%2CRIOT261009C00021500%2CRIOT261009C00022000%2CRIOT261009C00022500%2CRIOT261009C00023000%2CRIOT261009C00023500%2CRIOT261009C00024000%2CRIOT261009C00024500%2CRIOT261009C00025000%2CRIOT261009C00025500%2CRIOT261009C00026000%2CRIOT261009C00026500%2CRIOT261009C00027000%2CRIOT261009C00027500%2CRIOT261009C00028000%2CRIOT261009C00028500%2CRIOT261009C00029000%2CRIOT261009C00029500%2CRIOT261009C00030000%2CRIOT261009C00031000%2CRIOT261009C00032000%2CRIOT261009C00033000%2CRIOT261009C00034000%2CRIOT261009C00035000%2CRIOT261009P00008000%2CRIOT261009P00009000%2CRIOT261009P00010000%2CRIOT261009P00011000%2CRIOT261009P00012000%2CRIOT261009P00013000%2CRIOT261009P00014000%2CRIOT261009P00015000%2CRIOT261009P00016000&greeks=true'
For more information check: https://developer.mozilla.org/en-US/docs/Web/HTTP/Status/401
2026-10-02T12:15:53 | WARNING  | app.scanning.alpaca_confirmer | AlpacaConfirmer: cannot fetch chain for MSFT 2026-10-05: Client error '401 Unauthorized' for url 'https://api.tradier.com/v1/markets/quotes?symbols=MSFT261005C00420000%2CMSFT261005C00425000%2CMSFT261005C00430000%2CMSFT261005C00435000%2CMSFT261005C00440000%2CMSFT261005C00445000%2CMSFT261005C00450000%2CMSFT261005C00452500%2CMSFT261005C00455000%2CMSFT261005C00457500%2CMSFT261005C00460000%2CMSFT261005C00462500%2CMSFT261005C00465000%2CMSFT261005C00467500%2CMSFT261005C00470000%2CMSFT261005C00472500%2CMSFT261005C00475000%2CMSFT261005C00477500%2CMSFT261005C00480000%2CMSFT261005C00482500%2CMSFT261005C00485000%2CMSFT261005C00487500%2CMSFT261005C00490000%2CMSFT261005C00492500%2CMSFT261005C00495000%2CMSFT261005C00497500%2CMSFT261005C00500000%2CMSFT261005C00502500%2CMSFT261005C00505000%2CMSFT261005C00507500%2CMSFT261005C00510000%2CMSFT261005C00512500%2CMSFT261005C00515000%2CMSFT261005C00517500%2CMSFT261005C00520000%2CMSFT261005C00522500%2CMSFT261005C00525000%2CMSFT261005C00527500%2CMSFT261005C00530000%2CMSFT261005C00532500%2CMSFT261005C00535000%2CMSFT261005C00537500%2CMSFT261005C00540000%2CMSFT261005C00542500%2CMSFT261005C00545000%2CMSFT261005C00547500%2CMSFT261005C00550000%2CMSFT261005C00552500%2CMSFT261005C00555000%2CMSFT261005C00557500&greeks=true'
For more information check: https://developer.mozilla.org/en-US/docs/Web/HTTP/Status/401
2026-10-02T12:15:53 | WARNING  | app.scanning.alpaca_confirmer | AlpacaConfirmer: cannot fetch chain for RIVN 2026-10-09: Client error '401 Unauthorized' for url 'https://api.tradier.com/v1/markets/quotes?symbols=RIVN261009C00005000%2CRIVN261009C00009000%2CRIVN261009C00010000%2CRIVN261009C00010500%2CRIVN261009C00011000%2CRIVN261009C00011500%2CRIVN261009C00012000%2CRIVN261009C00012500%2CRIVN261009C00013000%2CRIVN261009C00013500%2CRIVN261009C00014000%2CRIVN261009C00014500%2CRIVN261009C00015000%2CRIVN261009C00015500%2CRIVN261009C00016000%2CRIVN261009C00016500%2CRIVN261009C00017000%2CRIVN261009C00017500%2CRIVN261009C00018000%2CRIVN261009C00018500%2CRIVN261009C00019000%2CRIVN261009C00019500%2CRIVN261009C00020000%2CRIVN261009C00020500%2CRIVN261009C00021000%2CRIVN261009C00021500%2CRIVN261009C00022000%2CRIVN261009C00023000%2CRIVN261009C00024000%2CRIVN261009C00025000%2CRIVN261009C00030000%2CRIVN261009P00005000%2CRIVN261009P00009000%2CRIVN261009P00010000%2CRIVN261009P00010500%2CRIVN261009P00011000%2CRIVN261009P00011500%2CRIVN261009P00012000%2CRIVN261009P00012500%2CRIVN261009P00013000%2CRIVN261009P00013500%2CRIVN261009P00014000%2CRIVN261009P00014500%2CRIVN261009P00015000%2CRIVN261009P00015500%2CRIVN261009P00016000%2CRIVN261009P00016500%2CRIVN261009P00017000%2CRIVN261009P00017500%2CRIVN261009P00018000&greeks=true'
For more information check: https://developer.mozilla.org/en-US/docs/Web/HTTP/Status/401
2026-10-02T12:15:53 | WARNING  | app.scanning.alpaca_confirmer | AlpacaConfirmer: cannot fetch chain for XLF 2026-10-05: Client error '401 Unauthorized' for url 'https://api.tradier.com/v1/markets/quotes?symbols=XLF261005C00041000%2CXLF261005C00042000%2CXLF261005C00043000%2CXLF261005C00044000%2CXLF261005C00045000%2CXLF261005C00046000%2CXLF261005C00047000%2CXLF261005C00048000%2CXLF261005C00049000%2CXLF261005C00050000%2CXLF261005C00050500%2CXLF261005C00051000%2CXLF261005C00051500%2CXLF261005C00052000%2CXLF261005C00052500%2CXLF261005C00053000%2CXLF261005C00053500%2CXLF261005C00054000%2CXLF261005C00054500%2CXLF261005C00055000%2CXLF261005C00055500%2CXLF261005C00056000%2CXLF261005C00056500%2CXLF261005C00057000%2CXLF261005C00057500%2CXLF261005C00058000%2CXLF261005C00058500%2CXLF261005C00059000%2CXLF261005C00059500%2CXLF261005C00060000%2CXLF261005C00060500%2CXLF261005C00061000%2CXLF261005C00061500%2CXLF261005C00062000%2CXLF261005C00062500%2CXLF261005C00063000%2CXLF261005C00063500%2CXLF261005C00064000%2CXLF261005C00064500%2CXLF261005C00065000%2CXLF261005C00066000%2CXLF261005C00067000%2CXLF261005C00068000%2CXLF261005C00069000%2CXLF261005C00070000%2CXLF261005C00071000%2CXLF261005C00072000%2CXLF261005C00073000%2CXLF261005C00074000%2CXLF261005P00041000&greeks=true'
For more information check: https://developer.mozilla.org/en-US/docs/Web/HTTP/Status/401
2026-10-02T12:15:53 | WARNING  | app.scanning.alpaca_confirmer | AlpacaConfirmer: cannot fetch chain for AMZN 2026-10-05: Client error '401 Unauthorized' for url 'https://api.tradier.com/v1/markets/quotes?symbols=AMZN261005C00180000%2CAMZN261005C00185000%2CAMZN261005C00190000%2CAMZN261005C00195000%2CAMZN261005C00200000%2CAMZN261005C00205000%2CAMZN261005C00210000%2CAMZN261005C00215000%2CAMZN261005C00220000%2CAMZN261005C00222500%2CAMZN261005C00225000%2CAMZN261005C00227500%2CAMZN261005C00230000%2CAMZN261005C00232500%2CAMZN261005C00235000%2CAMZN261005C00237500%2CAMZN261005C00240000%2CAMZN261005C00242500%2CAMZN261005C00245000%2CAMZN261005C00247500%2CAMZN261005C00250000%2CAMZN261005C00252500%2CAMZN261005C00255000%2CAMZN261005C00257500%2CAMZN261005C00260000%2CAMZN261005C00262500%2CAMZN261005C00265000%2CAMZN261005C00267500%2CAMZN261005C00270000%2CAMZN261005C00272500%2CAMZN261005C00275000%2CAMZN261005C00277500%2CAMZN261005C00280000%2CAMZN261005C00282500%2CAMZN261005C00285000%2CAMZN261005C00290000%2CAMZN261005C00295000%2CAMZN261005C00300000%2CAMZN261005C00305000%2CAMZN261005C00310000%2CAMZN261005C00315000%2CAMZN261005C00320000%2CAMZN261005C00325000%2CAMZN261005C00330000%2CAMZN261005C00335000%2CAMZN261005P00180000%2CAMZN261005P00185000%2CAMZN261005P00190000%2CAMZN261005P00195000%2CAMZN261005P00200000&greeks=true'
For more information check: https://developer.mozilla.org/en-US/docs/Web/HTTP/Status/401
2026-10-02T12:15:53 | WARNING  | app.scanning.alpaca_confirmer | AlpacaConfirmer: cannot fetch chain for MARA 2026-10-09: Client error '401 Unauthorized' for url 'https://api.tradier.com/v1/markets/quotes?symbols=MARA261009C00004000%2CMARA261009C00005000%2CMARA261009C00006000%2CMARA261009C00006500%2CMARA261009C00007000%2CMARA261009C00007500%2CMARA261009C00008000%2CMARA261009C00008500%2CMARA261009C00009000%2CMARA261009C00009500%2CMARA261009C00010000%2CMARA261009C00010500%2CMARA261009C00011000%2CMARA261009C00011500%2CMARA261009C00012000%2CMARA261009C00012500%2CMARA261009C00013000%2CMARA261009C00013500%2CMARA261009C00014000%2CMARA261009C00014500%2CMARA261009C00015000%2CMARA261009C00015500%2CMARA261009C00016000%2CMARA261009C00016500%2CMARA261009C00017000%2CMARA261009C00017500%2CMARA261009C00018000%2CMARA261009C00019000%2CMARA261009C00020000%2CMARA261009C00021000%2CMARA261009C00022000%2CMARA261009C00023000%2CMARA261009P00004000%2CMARA261009P00005000%2CMARA261009P00006000%2CMARA261009P00006500%2CMARA261009P00007000%2CMARA261009P00007500%2CMARA261009P00008000%2CMARA261009P00008500%2CMARA261009P00009000%2CMARA261009P00009500%2CMARA261009P00010000%2CMARA261009P00010500%2CMARA261009P00011000%2CMARA261009P00011500%2CMARA261009P00012000%2CMARA261009P00012500%2CMARA261009P00013000%2CMARA261009P00013500&greeks=true'
For more information check: https://developer.mozilla.org/en-US/docs/Web/HTTP/Status/401
2026-10-02T12:15:53 | WARNING  | app.scanning.alpaca_confirmer | AlpacaConfirmer: cannot fetch chain for HOOD 2026-10-09: Client error '401 Unauthorized' for url 'https://api.tradier.com/v1/markets/quotes?symbols=HOOD261009C00025000%2CHOOD261009C00030000%2CHOOD261009C00035000%2CHOOD261009C00040000%2CHOOD261009C00045000%2CHOOD261009C00050000%2CHOOD261009C00055000%2CHOOD261009C00060000%2CHOOD261009C00065000%2CHOOD261009C00070000%2CHOOD261009C00075000%2CHOOD261009C00080000%2CHOOD261009C00085000%2CHOOD261009C00090000%2CHOOD261009C00091000%2CHOOD261009C00092000%2CHOOD261009C00093000%2CHOOD261009C00094000%2CHOOD261009C00095000%2CHOOD261009C00096000%2CHOOD261009C00097000%2CHOOD261009C00098000%2CHOOD261009C00099000%2CHOOD261009C00100000%2CHOOD261009C00101000%2CHOOD261009C00102000%2CHOOD261009C00103000%2CHOOD261009C00104000%2CHOOD261009C00105000%2CHOOD261009C00106000%2CHOOD261009C00107000%2CHOOD261009C00108000%2CHOOD261009C00109000%2CHOOD261009C00110000%2CHOOD261009C00111000%2CHOOD261009C00112000%2CHOOD261009C00113000%2CHOOD261009C00114000%2CHOOD261009C00115000%2CHOOD261009C00116000%2CHOOD261009C00117000%2CHOOD261009C00118000%2CHOOD261009C00119000%2CHOOD261009C00120000%2CHOOD261009C00121000%2CHOOD261009C00122000%2CHOOD261009C00123000%2CHOOD261009C00124000%2CHOOD261009C00125000%2CHOOD261009C00126000&greeks=true'
For more information check: https://developer.mozilla.org/en-US/docs/Web/HTTP/Status/401
2026-10-02T12:15:53 | WARNING  | app.scanning.alpaca_confirmer | AlpacaConfirmer: cannot fetch chain for SOFI 2026-10-09: Client error '401 Unauthorized' for url 'https://api.tradier.com/v1/markets/quotes?symbols=SOFI261009C00005000%2CSOFI261009C00009000%2CSOFI261009C00010000%2CSOFI261009C00011000%2CSOFI261009C00011500%2CSOFI261009C00012000%2CSOFI261009C00012500%2CSOFI261009C00013000%2CSOFI261009C00013500%2CSOFI261009C00014000%2CSOFI261009C00014500%2CSOFI261009C00015000%2CSOFI261009C00015500%2CSOFI261009C00016000%2CSOFI261009C00016500%2CSOFI261009C00017000%2CSOFI261009C00017500%2CSOFI261009C00018000%2CSOFI261009C00018500%2CSOFI261009C00019000%2CSOFI261009C00019500%2CSOFI261009C00020000%2CSOFI261009C00020500%2CSOFI261009C00021000%2CSOFI261009C00021500%2CSOFI261009C00022000%2CSOFI261009C00022500%2CSOFI261009C00023000%2CSOFI261009C00023500%2CSOFI261009C00024000%2CSOFI261009C00025000%2CSOFI261009C00030000%2CSOFI261009P00005000%2CSOFI261009P00009000%2CSOFI261009P00010000%2CSOFI261009P00011000%2CSOFI261009P00011500%2CSOFI261009P00012000%2CSOFI261009P00012500%2CSOFI261009P00013000%2CSOFI261009P00013500%2CSOFI261009P00014000%2CSOFI261009P00014500%2CSOFI261009P00015000%2CSOFI261009P00015500%2CSOFI261009P00016000%2CSOFI261009P00016500%2CSOFI261009P00017000%2CSOFI261009P00017500%2CSOFI261009P00018000&greeks=true'
For more information check: https://developer.mozilla.org/en-US/docs/Web/HTTP/Status/401
2026-10-02T12:15:53 | INFO     | session_runner | AlpacaConfirmer: 0 confirmed symbols: []
2026-10-02T12:15:53 | WARNING  | session_runner | Re-scan returned no confirmed symbols — falling back to ['SPY']
2026-10-02T12:15:53 | INFO     | session_runner | Broad-market regime | SPY=neutral
2026-10-02T12:15:54 | INFO     | session_runner | [bridge:SPY] rsi_trend ready: sufficient bars
2026-10-02T12:15:54 | INFO     | session_runner | Stale signal: SPY/vwap_reclaim age=76 min > max 10 min — skipped
2026-10-02T12:15:54 | INFO     | session_runner | Stale signal: SPY/orb age=66 min > max 10 min — skipped
2026-10-02T12:15:54 | INFO     | session_runner | Stale signal: SPY/vwap_reclaim age=221 min > max 10 min — skipped
2026-10-02T12:15:54 | INFO     | session_runner | Stale signal: SPY/vwap_reclaim age=126 min > max 10 min — skipped
2026-10-02T12:16:24 | INFO     | session_runner | [cycle 322] 12:16:24 ET | positions=0 | entries=0
2026-10-02T12:16:24 | INFO     | session_runner | [bridge:SPY] rsi_trend ready: sufficient bars
2026-10-02T12:16:24 | INFO     | session_runner | Stale signal: SPY/vwap_reclaim age=76 min > max 10 min — skipped
2026-10-02T12:16:24 | INFO     | session_runner | Stale signal: SPY/orb age=66 min > max 10 min — skipped
2026-10-02T12:16:24 | INFO     | session_runner | Stale signal: SPY/vwap_reclaim age=221 min > max 10 min — skipped
2026-10-02T12:16:24 | INFO     | session_runner | Stale signal: SPY/vwap_reclaim age=126 min > max 10 min — skipped
2026-10-02T12:16:55 | INFO     | session_runner | [cycle 323] 12:16:55 ET | positions=0 | entries=0
2026-10-02T12:16:55 | INFO     | session_runner | [bridge:SPY] rsi_trend ready: sufficient bars
2026-10-02T12:16:55 | INFO     | session_runner | Stale signal: SPY/vwap_reclaim age=77 min > max 10 min — skipped
2026-10-02T12:16:55 | INFO     | session_runner | Stale signal: SPY/orb age=67 min > max 10 min — skipped
2026-10-02T12:16:55 | INFO     | session_runner | Stale signal: SPY/vwap_reclaim age=222 min > max 10 min — skipped
2026-10-02T12:16:55 | INFO     | session_runner | Stale signal: SPY/vwap_reclaim age=127 min > max 10 min — skipped
2026-10-02T12:17:25 | INFO     | session_runner | [cycle 324] 12:17:25 ET | positions=0 | entries=0
2026-10-02T12:17:26 | INFO     | session_runner | [bridge:SPY] rsi_trend ready: sufficient bars
2026-10-02T12:17:26 | INFO     | session_runner | Stale signal: SPY/vwap_reclaim age=77 min > max 10 min — skipped
2026-10-02T12:17:26 | INFO     | session_runner | Stale signal: SPY/orb age=67 min > max 10 min — skipped
2026-10-02T12:17:26 | INFO     | session_runner | Stale signal: SPY/vwap_reclaim age=222 min > max 10 min — skipped
2026-10-02T12:17:26 | INFO     | session_runner | Stale signal: SPY/vwap_reclaim age=127 min > max 10 min — skipped
2026-10-02T12:17:56 | INFO     | session_runner | [cycle 325] 12:17:56 ET | positions=0 | entries=0
2026-10-02T12:17:56 | INFO     | session_runner | [bridge:SPY] rsi_trend ready: sufficient bars
2026-10-02T12:17:56 | INFO     | session_runner | Stale signal: SPY/vwap_reclaim age=78 min > max 10 min — skipped
2026-10-02T12:17:56 | INFO     | session_runner | Stale signal: SPY/orb age=68 min > max 10 min — skipped
2026-10-02T12:17:56 | INFO     | session_runner | Stale signal: SPY/vwap_reclaim age=223 min > max 10 min — skipped
2026-10-02T12:17:56 | INFO     | session_runner | Stale signal: SPY/vwap_reclaim age=128 min > max 10 min — skipped
2026-10-02T12:18:26 | INFO     | session_runner | [cycle 326] 12:18:26 ET | positions=0 | entries=0
2026-10-02T12:18:27 | INFO     | session_runner | [bridge:SPY] rsi_trend ready: sufficient bars
2026-10-02T12:18:27 | INFO     | session_runner | Stale signal: SPY/vwap_reclaim age=78 min > max 10 min — skipped
2026-10-02T12:18:27 | INFO     | session_runner | Stale signal: SPY/orb age=68 min > max 10 min — skipped
2026-10-02T12:18:27 | INFO     | session_runner | Stale signal: SPY/vwap_reclaim age=223 min > max 10 min — skipped
2026-10-02T12:18:27 | INFO     | session_runner | Stale signal: SPY/vwap_reclaim age=128 min > max 10 min — skipped
2026-10-02T12:18:57 | INFO     | session_runner | [cycle 327] 12:18:57 ET | positions=0 | entries=0
2026-10-02T12:18:57 | INFO     | session_runner | [bridge:SPY] rsi_trend ready: sufficient bars
2026-10-02T12:18:57 | INFO     | session_runner | Stale signal: SPY/vwap_reclaim age=79 min > max 10 min — skipped
2026-10-02T12:18:57 | INFO     | session_runner | Stale signal: SPY/orb age=69 min > max 10 min — skipped
2026-10-02T12:18:57 | INFO     | session_runner | Stale signal: SPY/vwap_reclaim age=224 min > max 10 min — skipped
2026-10-02T12:18:57 | INFO     | session_runner | Stale signal: SPY/vwap_reclaim age=129 min > max 10 min — skipped
2026-10-02T12:19:27 | INFO     | session_runner | [cycle 328] 12:19:27 ET | positions=0 | entries=0
2026-10-02T12:19:28 | INFO     | session_runner | [bridge:SPY] rsi_trend ready: sufficient bars
2026-10-02T12:19:28 | INFO     | session_runner | Stale signal: SPY/vwap_reclaim age=79 min > max 10 min — skipped
2026-10-02T12:19:28 | INFO     | session_runner | Stale signal: SPY/orb age=69 min > max 10 min — skipped
2026-10-02T12:19:28 | INFO     | session_runner | Stale signal: SPY/vwap_reclaim age=224 min > max 10 min — skipped
2026-10-02T12:19:28 | INFO     | session_runner | Stale signal: SPY/vwap_reclaim age=129 min > max 10 min — skipped
2026-10-02T12:19:58 | INFO     | session_runner | [cycle 329] 12:19:58 ET | positions=0 | entries=0
2026-10-02T12:19:58 | INFO     | session_runner | [bridge:SPY] rsi_trend ready: sufficient bars
2026-10-02T12:19:58 | INFO     | session_runner | Stale signal: SPY/vwap_reclaim age=80 min > max 10 min — skipped
2026-10-02T12:19:58 | INFO     | session_runner | Stale signal: SPY/orb age=70 min > max 10 min — skipped
2026-10-02T12:19:58 | INFO     | session_runner | Stale signal: SPY/vwap_reclaim age=225 min > max 10 min — skipped
2026-10-02T12:19:58 | INFO     | session_runner | Stale signal: SPY/vwap_reclaim age=130 min > max 10 min — skipped
2026-10-02T12:20:28 | INFO     | session_runner | [cycle 330] 12:20:28 ET | positions=0 | entries=0
2026-10-02T12:20:29 | INFO     | session_runner | [bridge:SPY] rsi_trend ready: sufficient bars
2026-10-02T12:20:29 | INFO     | session_runner | Stale signal: SPY/vwap_reclaim age=80 min > max 10 min — skipped
2026-10-02T12:20:29 | INFO     | session_runner | Stale signal: SPY/orb age=70 min > max 10 min — skipped
2026-10-02T12:20:29 | INFO     | session_runner | Stale signal: SPY/vwap_reclaim age=225 min > max 10 min — skipped
2026-10-02T12:20:29 | INFO     | session_runner | Stale signal: SPY/vwap_reclaim age=130 min > max 10 min — skipped
2026-10-02T12:20:59 | INFO     | session_runner | [cycle 331] 12:20:59 ET | positions=0 | entries=0
2026-10-02T12:20:59 | INFO     | session_runner | Periodic universe re-scan …
2026-10-02T12:20:59 | INFO     | app.scanning.universe_loader | UniverseLoader: loaded 5 groups (13 flat symbols) from config/ticker_universe.yaml (blacklist=0)
2026-10-02T12:20:59 | INFO     | app.scanning.universe_loader | UniverseLoader: 38 symbols from 4 group(s) (blacklist=0)
2026-10-02T12:20:59 | INFO     | session_runner | Universe scan: 38 symbols from 4 group(s) | max_active=6
2026-10-02T12:21:04 | INFO     | session_runner | Scan: 20 passed, 18 rejected
2026-10-02T12:21:04 | INFO     | session_runner |   TSLA    score=95.0  signal=LONG     reasons: rvol=2.08x (high), atr=3.21% (wide-range), orb_breakout
2026-10-02T12:21:04 | INFO     | session_runner |   RIVN    score=85.0  signal=SHORT    reasons: rvol=3.48x (high), atr=4.86% (wide-range), orb_breakdown
2026-10-02T12:21:04 | INFO     | session_runner |   IWM     score=78.0  signal=SHORT    reasons: rvol=2.00x (elevated), atr=1.31% (good range), orb_breakdown
2026-10-02T12:21:04 | INFO     | session_runner |   HOOD    score=77.0  signal=SHORT    reasons: rvol=1.60x (elevated), atr=5.38% (wide-range), orb_breakdown
2026-10-02T12:21:04 | INFO     | session_runner |   AMZN    score=75.0  signal=SHORT    reasons: rvol=1.07x (normal), atr=2.11% (wide-range), orb_breakdown
2026-10-02T12:21:05 | WARNING  | app.scanning.alpaca_confirmer | AlpacaConfirmer: cannot fetch chain for AMZN 2026-10-05: Client error '401 Unauthorized' for url 'https://api.tradier.com/v1/markets/quotes?symbols=AMZN261005C00180000%2CAMZN261005C00185000%2CAMZN261005C00190000%2CAMZN261005C00195000%2CAMZN261005C00200000%2CAMZN261005C00205000%2CAMZN261005C00210000%2CAMZN261005C00215000%2CAMZN261005C00220000%2CAMZN261005C00222500%2CAMZN261005C00225000%2CAMZN261005C00227500%2CAMZN261005C00230000%2CAMZN261005C00232500%2CAMZN261005C00235000%2CAMZN261005C00237500%2CAMZN261005C00240000%2CAMZN261005C00242500%2CAMZN261005C00245000%2CAMZN261005C00247500%2CAMZN261005C00250000%2CAMZN261005C00252500%2CAMZN261005C00255000%2CAMZN261005C00257500%2CAMZN261005C00260000%2CAMZN261005C00262500%2CAMZN261005C00265000%2CAMZN261005C00267500%2CAMZN261005C00270000%2CAMZN261005C00272500%2CAMZN261005C00275000%2CAMZN261005C00277500%2CAMZN261005C00280000%2CAMZN261005C00282500%2CAMZN261005C00285000%2CAMZN261005C00290000%2CAMZN261005C00295000%2CAMZN261005C00300000%2CAMZN261005C00305000%2CAMZN261005C00310000%2CAMZN261005C00315000%2CAMZN261005C00320000%2CAMZN261005C00325000%2CAMZN261005C00330000%2CAMZN261005C00335000%2CAMZN261005P00180000%2CAMZN261005P00185000%2CAMZN261005P00190000%2CAMZN261005P00195000%2CAMZN261005P00200000&greeks=true'
For more information check: https://developer.mozilla.org/en-US/docs/Web/HTTP/Status/401
2026-10-02T12:21:05 | WARNING  | app.scanning.alpaca_confirmer | AlpacaConfirmer: cannot fetch chain for IWM 2026-10-05: Client error '401 Unauthorized' for url 'https://api.tradier.com/v1/markets/quotes?symbols=IWM261005C00180000%2CIWM261005C00190000%2CIWM261005C00200000%2CIWM261005C00205000%2CIWM261005C00210000%2CIWM261005C00215000%2CIWM261005C00220000%2CIWM261005C00225000%2CIWM261005C00230000%2CIWM261005C00235000%2CIWM261005C00240000%2CIWM261005C00245000%2CIWM261005C00250000%2CIWM261005C00255000%2CIWM261005C00260000%2CIWM261005C00261000%2CIWM261005C00262000%2CIWM261005C00263000%2CIWM261005C00264000%2CIWM261005C00265000%2CIWM261005C00266000%2CIWM261005C00267000%2CIWM261005C00268000%2CIWM261005C00269000%2CIWM261005C00270000%2CIWM261005C00271000%2CIWM261005C00272000%2CIWM261005C00273000%2CIWM261005C00274000%2CIWM261005C00275000%2CIWM261005C00276000%2CIWM261005C00277000%2CIWM261005C00278000%2CIWM261005C00279000%2CIWM261005C00280000%2CIWM261005C00281000%2CIWM261005C00282000%2CIWM261005C00283000%2CIWM261005C00284000%2CIWM261005C00285000%2CIWM261005C00286000%2CIWM261005C00287000%2CIWM261005C00288000%2CIWM261005C00289000%2CIWM261005C00290000%2CIWM261005C00291000%2CIWM261005C00292000%2CIWM261005C00293000%2CIWM261005C00294000%2CIWM261005C00295000&greeks=true'
For more information check: https://developer.mozilla.org/en-US/docs/Web/HTTP/Status/401
2026-10-02T12:21:05 | WARNING  | app.scanning.alpaca_confirmer | AlpacaConfirmer: cannot fetch chain for DKNG 2026-10-09: Client error '401 Unauthorized' for url 'https://api.tradier.com/v1/markets/quotes?symbols=DKNG261009C00010000%2CDKNG261009C00011000%2CDKNG261009C00012000%2CDKNG261009C00013000%2CDKNG261009C00014000%2CDKNG261009C00015000%2CDKNG261009C00016000%2CDKNG261009C00017000%2CDKNG261009C00018000%2CDKNG261009C00019000%2CDKNG261009C00020000%2CDKNG261009C00020500%2CDKNG261009C00021000%2CDKNG261009C00021500%2CDKNG261009C00022000%2CDKNG261009C00022500%2CDKNG261009C00023000%2CDKNG261009C00023500%2CDKNG261009C00024000%2CDKNG261009C00024500%2CDKNG261009C00025000%2CDKNG261009C00025500%2CDKNG261009C00026000%2CDKNG261009C00026500%2CDKNG261009C00027000%2CDKNG261009C00027500%2CDKNG261009C00028000%2CDKNG261009C00028500%2CDKNG261009C00029000%2CDKNG261009C00030000%2CDKNG261009C00031000%2CDKNG261009C00032000%2CDKNG261009C00033000%2CDKNG261009C00034000%2CDKNG261009C00035000%2CDKNG261009P00010000%2CDKNG261009P00011000%2CDKNG261009P00012000%2CDKNG261009P00013000%2CDKNG261009P00014000%2CDKNG261009P00015000%2CDKNG261009P00016000%2CDKNG261009P00017000%2CDKNG261009P00018000%2CDKNG261009P00019000%2CDKNG261009P00020000%2CDKNG261009P00020500%2CDKNG261009P00021000%2CDKNG261009P00021500%2CDKNG261009P00022000&greeks=true'
For more information check: https://developer.mozilla.org/en-US/docs/Web/HTTP/Status/401
2026-10-02T12:21:05 | WARNING  | app.scanning.alpaca_confirmer | AlpacaConfirmer: cannot fetch chain for MARA 2026-10-09: Client error '401 Unauthorized' for url 'https://api.tradier.com/v1/markets/quotes?symbols=MARA261009C00004000%2CMARA261009C00005000%2CMARA261009C00006000%2CMARA261009C00006500%2CMARA261009C00007000%2CMARA261009C00007500%2CMARA261009C00008000%2CMARA261009C00008500%2CMARA261009C00009000%2CMARA261009C00009500%2CMARA261009C00010000%2CMARA261009C00010500%2CMARA261009C00011000%2CMARA261009C00011500%2CMARA261009C00012000%2CMARA261009C00012500%2CMARA261009C00013000%2CMARA261009C00013500%2CMARA261009C00014000%2CMARA261009C00014500%2CMARA261009C00015000%2CMARA261009C00015500%2CMARA261009C00016000%2CMARA261009C00016500%2CMARA261009C00017000%2CMARA261009C00017500%2CMARA261009C00018000%2CMARA261009C00019000%2CMARA261009C00020000%2CMARA261009C00021000%2CMARA261009C00022000%2CMARA261009C00023000%2CMARA261009P00004000%2CMARA261009P00005000%2CMARA261009P00006000%2CMARA261009P00006500%2CMARA261009P00007000%2CMARA261009P00007500%2CMARA261009P00008000%2CMARA261009P00008500%2CMARA261009P00009000%2CMARA261009P00009500%2CMARA261009P00010000%2CMARA261009P00010500%2CMARA261009P00011000%2CMARA261009P00011500%2CMARA261009P00012000%2CMARA261009P00012500%2CMARA261009P00013000%2CMARA261009P00013500&greeks=true'
For more information check: https://developer.mozilla.org/en-US/docs/Web/HTTP/Status/401
2026-10-02T12:21:05 | WARNING  | app.scanning.alpaca_confirmer | AlpacaConfirmer: cannot fetch chain for MSFT 2026-10-05: Client error '401 Unauthorized' for url 'https://api.tradier.com/v1/markets/quotes?symbols=MSFT261005C00420000%2CMSFT261005C00425000%2CMSFT261005C00430000%2CMSFT261005C00435000%2CMSFT261005C00440000%2CMSFT261005C00445000%2CMSFT261005C00450000%2CMSFT261005C00452500%2CMSFT261005C00455000%2CMSFT261005C00457500%2CMSFT261005C00460000%2CMSFT261005C00462500%2CMSFT261005C00465000%2CMSFT261005C00467500%2CMSFT261005C00470000%2CMSFT261005C00472500%2CMSFT261005C00475000%2CMSFT261005C00477500%2CMSFT261005C00480000%2CMSFT261005C00482500%2CMSFT261005C00485000%2CMSFT261005C00487500%2CMSFT261005C00490000%2CMSFT261005C00492500%2CMSFT261005C00495000%2CMSFT261005C00497500%2CMSFT261005C00500000%2CMSFT261005C00502500%2CMSFT261005C00505000%2CMSFT261005C00507500%2CMSFT261005C00510000%2CMSFT261005C00512500%2CMSFT261005C00515000%2CMSFT261005C00517500%2CMSFT261005C00520000%2CMSFT261005C00522500%2CMSFT261005C00525000%2CMSFT261005C00527500%2CMSFT261005C00530000%2CMSFT261005C00532500%2CMSFT261005C00535000%2CMSFT261005C00537500%2CMSFT261005C00540000%2CMSFT261005C00542500%2CMSFT261005C00545000%2CMSFT261005C00547500%2CMSFT261005C00550000%2CMSFT261005C00552500%2CMSFT261005C00555000%2CMSFT261005C00557500&greeks=true'
For more information check: https://developer.mozilla.org/en-US/docs/Web/HTTP/Status/401
2026-10-02T12:21:05 | WARNING  | app.scanning.alpaca_confirmer | AlpacaConfirmer: cannot fetch chain for RIVN 2026-10-09: Client error '401 Unauthorized' for url 'https://api.tradier.com/v1/markets/quotes?symbols=RIVN261009C00005000%2CRIVN261009C00009000%2CRIVN261009C00010000%2CRIVN261009C00010500%2CRIVN261009C00011000%2CRIVN261009C00011500%2CRIVN261009C00012000%2CRIVN261009C00012500%2CRIVN261009C00013000%2CRIVN261009C00013500%2CRIVN261009C00014000%2CRIVN261009C00014500%2CRIVN261009C00015000%2CRIVN261009C00015500%2CRIVN261009C00016000%2CRIVN261009C00016500%2CRIVN261009C00017000%2CRIVN261009C00017500%2CRIVN261009C00018000%2CRIVN261009C00018500%2CRIVN261009C00019000%2CRIVN261009C00019500%2CRIVN261009C00020000%2CRIVN261009C00020500%2CRIVN261009C00021000%2CRIVN261009C00021500%2CRIVN261009C00022000%2CRIVN261009C00023000%2CRIVN261009C00024000%2CRIVN261009C00025000%2CRIVN261009C00030000%2CRIVN261009P00005000%2CRIVN261009P00009000%2CRIVN261009P00010000%2CRIVN261009P00010500%2CRIVN261009P00011000%2CRIVN261009P00011500%2CRIVN261009P00012000%2CRIVN261009P00012500%2CRIVN261009P00013000%2CRIVN261009P00013500%2CRIVN261009P00014000%2CRIVN261009P00014500%2CRIVN261009P00015000%2CRIVN261009P00015500%2CRIVN261009P00016000%2CRIVN261009P00016500%2CRIVN261009P00017000%2CRIVN261009P00017500%2CRIVN261009P00018000&greeks=true'
For more information check: https://developer.mozilla.org/en-US/docs/Web/HTTP/Status/401
2026-10-02T12:21:05 | WARNING  | app.scanning.alpaca_confirmer | AlpacaConfirmer: cannot fetch chain for TSLA 2026-10-05: Client error '401 Unauthorized' for url 'https://api.tradier.com/v1/markets/quotes?symbols=TSLA261005C00250000%2CTSLA261005C00255000%2CTSLA261005C00260000%2CTSLA261005C00265000%2CTSLA261005C00270000%2CTSLA261005C00275000%2CTSLA261005C00280000%2CTSLA261005C00285000%2CTSLA261005C00290000%2CTSLA261005C00295000%2CTSLA261005C00300000%2CTSLA261005C00305000%2CTSLA261005C00310000%2CTSLA261005C00315000%2CTSLA261005C00317500%2CTSLA261005C00320000%2CTSLA261005C00322500%2CTSLA261005C00325000%2CTSLA261005C00327500%2CTSLA261005C00330000%2CTSLA261005C00332500%2CTSLA261005C00335000%2CTSLA261005C00337500%2CTSLA261005C00340000%2CTSLA261005C00342500%2CTSLA261005C00345000%2CTSLA261005C00347500%2CTSLA261005C00350000%2CTSLA261005C00352500%2CTSLA261005C00355000%2CTSLA261005C00357500%2CTSLA261005C00360000%2CTSLA261005C00362500%2CTSLA261005C00365000%2CTSLA261005C00367500%2CTSLA261005C00370000%2CTSLA261005C00372500%2CTSLA261005C00375000%2CTSLA261005C00377500%2CTSLA261005C00380000%2CTSLA261005C00382500%2CTSLA261005C00385000%2CTSLA261005C00387500%2CTSLA261005C00390000%2CTSLA261005C00392500%2CTSLA261005C00395000%2CTSLA261005C00397500%2CTSLA261005C00400000%2CTSLA261005C00402500%2CTSLA261005C00405000&greeks=true'
For more information check: https://developer.mozilla.org/en-US/docs/Web/HTTP/Status/401
2026-10-02T12:21:05 | WARNING  | app.scanning.alpaca_confirmer | AlpacaConfirmer: cannot fetch chain for HOOD 2026-10-09: Client error '401 Unauthorized' for url 'https://api.tradier.com/v1/markets/quotes?symbols=HOOD261009C00025000%2CHOOD261009C00030000%2CHOOD261009C00035000%2CHOOD261009C00040000%2CHOOD261009C00045000%2CHOOD261009C00050000%2CHOOD261009C00055000%2CHOOD261009C00060000%2CHOOD261009C00065000%2CHOOD261009C00070000%2CHOOD261009C00075000%2CHOOD261009C00080000%2CHOOD261009C00085000%2CHOOD261009C00090000%2CHOOD261009C00091000%2CHOOD261009C00092000%2CHOOD261009C00093000%2CHOOD261009C00094000%2CHOOD261009C00095000%2CHOOD261009C00096000%2CHOOD261009C00097000%2CHOOD261009C00098000%2CHOOD261009C00099000%2CHOOD261009C00100000%2CHOOD261009C00101000%2CHOOD261009C00102000%2CHOOD261009C00103000%2CHOOD261009C00104000%2CHOOD261009C00105000%2CHOOD261009C00106000%2CHOOD261009C00107000%2CHOOD261009C00108000%2CHOOD261009C00109000%2CHOOD261009C00110000%2CHOOD261009C00111000%2CHOOD261009C00112000%2CHOOD261009C00113000%2CHOOD261009C00114000%2CHOOD261009C00115000%2CHOOD261009C00116000%2CHOOD261009C00117000%2CHOOD261009C00118000%2CHOOD261009C00119000%2CHOOD261009C00120000%2CHOOD261009C00121000%2CHOOD261009C00122000%2CHOOD261009C00123000%2CHOOD261009C00124000%2CHOOD261009C00125000%2CHOOD261009C00126000&greeks=true'
For more information check: https://developer.mozilla.org/en-US/docs/Web/HTTP/Status/401
2026-10-02T12:21:05 | WARNING  | app.scanning.alpaca_confirmer | AlpacaConfirmer: cannot fetch chain for XLF 2026-10-05: Client error '401 Unauthorized' for url 'https://api.tradier.com/v1/markets/quotes?symbols=XLF261005C00041000%2CXLF261005C00042000%2CXLF261005C00043000%2CXLF261005C00044000%2CXLF261005C00045000%2CXLF261005C00046000%2CXLF261005C00047000%2CXLF261005C00048000%2CXLF261005C00049000%2CXLF261005C00050000%2CXLF261005C00050500%2CXLF261005C00051000%2CXLF261005C00051500%2CXLF261005C00052000%2CXLF261005C00052500%2CXLF261005C00053000%2CXLF261005C00053500%2CXLF261005C00054000%2CXLF261005C00054500%2CXLF261005C00055000%2CXLF261005C00055500%2CXLF261005C00056000%2CXLF261005C00056500%2CXLF261005C00057000%2CXLF261005C00057500%2CXLF261005C00058000%2CXLF261005C00058500%2CXLF261005C00059000%2CXLF261005C00059500%2CXLF261005C00060000%2CXLF261005C00060500%2CXLF261005C00061000%2CXLF261005C00061500%2CXLF261005C00062000%2CXLF261005C00062500%2CXLF261005C00063000%2CXLF261005C00063500%2CXLF261005C00064000%2CXLF261005C00064500%2CXLF261005C00065000%2CXLF261005C00066000%2CXLF261005C00067000%2CXLF261005C00068000%2CXLF261005C00069000%2CXLF261005C00070000%2CXLF261005C00071000%2CXLF261005C00072000%2CXLF261005C00073000%2CXLF261005C00074000%2CXLF261005P00041000&greeks=true'
For more information check: https://developer.mozilla.org/en-US/docs/Web/HTTP/Status/401
2026-10-02T12:21:05 | WARNING  | app.scanning.alpaca_confirmer | AlpacaConfirmer: cannot fetch chain for RIOT 2026-10-09: Client error '401 Unauthorized' for url 'https://api.tradier.com/v1/markets/quotes?symbols=RIOT261009C00008000%2CRIOT261009C00009000%2CRIOT261009C00010000%2CRIOT261009C00011000%2CRIOT261009C00012000%2CRIOT261009C00013000%2CRIOT261009C00014000%2CRIOT261009C00015000%2CRIOT261009C00016000%2CRIOT261009C00017000%2CRIOT261009C00017500%2CRIOT261009C00018000%2CRIOT261009C00018500%2CRIOT261009C00019000%2CRIOT261009C00019500%2CRIOT261009C00020000%2CRIOT261009C00020500%2CRIOT261009C00021000%2CRIOT261009C00021500%2CRIOT261009C00022000%2CRIOT261009C00022500%2CRIOT261009C00023000%2CRIOT261009C00023500%2CRIOT261009C00024000%2CRIOT261009C00024500%2CRIOT261009C00025000%2CRIOT261009C00025500%2CRIOT261009C00026000%2CRIOT261009C00026500%2CRIOT261009C00027000%2CRIOT261009C00027500%2CRIOT261009C00028000%2CRIOT261009C00028500%2CRIOT261009C00029000%2CRIOT261009C00029500%2CRIOT261009C00030000%2CRIOT261009C00031000%2CRIOT261009C00032000%2CRIOT261009C00033000%2CRIOT261009C00034000%2CRIOT261009C00035000%2CRIOT261009P00008000%2CRIOT261009P00009000%2CRIOT261009P00010000%2CRIOT261009P00011000%2CRIOT261009P00012000%2CRIOT261009P00013000%2CRIOT261009P00014000%2CRIOT261009P00015000%2CRIOT261009P00016000&greeks=true'
For more information check: https://developer.mozilla.org/en-US/docs/Web/HTTP/Status/401
2026-10-02T12:21:05 | WARNING  | app.scanning.alpaca_confirmer | AlpacaConfirmer: cannot fetch chain for AVGO 2026-10-05: Client error '401 Unauthorized' for url 'https://api.tradier.com/v1/markets/quotes?symbols=AVGO261005C00285000%2CAVGO261005C00290000%2CAVGO261005C00295000%2CAVGO261005C00300000%2CAVGO261005C00305000%2CAVGO261005C00310000%2CAVGO261005C00315000%2CAVGO261005C00317500%2CAVGO261005C00320000%2CAVGO261005C00322500%2CAVGO261005C00325000%2CAVGO261005C00327500%2CAVGO261005C00330000%2CAVGO261005C00332500%2CAVGO261005C00335000%2CAVGO261005C00337500%2CAVGO261005C00340000%2CAVGO261005C00342500%2CAVGO261005C00345000%2CAVGO261005C00347500%2CAVGO261005C00350000%2CAVGO261005C00352500%2CAVGO261005C00355000%2CAVGO261005C00357500%2CAVGO261005C00360000%2CAVGO261005C00362500%2CAVGO261005C00365000%2CAVGO261005C00367500%2CAVGO261005C00370000%2CAVGO261005C00372500%2CAVGO261005C00375000%2CAVGO261005C00377500%2CAVGO261005C00380000%2CAVGO261005C00382500%2CAVGO261005C00385000%2CAVGO261005C00387500%2CAVGO261005C00390000%2CAVGO261005C00392500%2CAVGO261005C00395000%2CAVGO261005C00397500%2CAVGO261005C00400000%2CAVGO261005C00402500%2CAVGO261005C00405000%2CAVGO261005C00407500%2CAVGO261005C00410000%2CAVGO261005C00412500%2CAVGO261005C00415000%2CAVGO261005C00417500%2CAVGO261005C00420000%2CAVGO261005C00422500&greeks=true'
For more information check: https://developer.mozilla.org/en-US/docs/Web/HTTP/Status/401
2026-10-02T12:21:05 | WARNING  | app.scanning.alpaca_confirmer | AlpacaConfirmer: cannot fetch chain for AAPL 2026-10-05: Client error '401 Unauthorized' for url 'https://api.tradier.com/v1/markets/quotes?symbols=AAPL261005C00245000%2CAAPL261005C00250000%2CAAPL261005C00255000%2CAAPL261005C00260000%2CAAPL261005C00265000%2CAAPL261005C00270000%2CAAPL261005C00275000%2CAAPL261005C00280000%2CAAPL261005C00285000%2CAAPL261005C00290000%2CAAPL261005C00295000%2CAAPL261005C00300000%2CAAPL261005C00302500%2CAAPL261005C00305000%2CAAPL261005C00307500%2CAAPL261005C00310000%2CAAPL261005C00312500%2CAAPL261005C00315000%2CAAPL261005C00317500%2CAAPL261005C00320000%2CAAPL261005C00322500%2CAAPL261005C00325000%2CAAPL261005C00327500%2CAAPL261005C00330000%2CAAPL261005C00332500%2CAAPL261005C00335000%2CAAPL261005C00337500%2CAAPL261005C00340000%2CAAPL261005C00342500%2CAAPL261005C00345000%2CAAPL261005C00347500%2CAAPL261005C00350000%2CAAPL261005C00352500%2CAAPL261005C00355000%2CAAPL261005C00357500%2CAAPL261005C00360000%2CAAPL261005C00362500%2CAAPL261005C00365000%2CAAPL261005C00367500%2CAAPL261005C00370000%2CAAPL261005C00372500%2CAAPL261005C00375000%2CAAPL261005C00380000%2CAAPL261005C00385000%2CAAPL261005C00390000%2CAAPL261005C00395000%2CAAPL261005C00400000%2CAAPL261005C00405000%2CAAPL261005P00245000%2CAAPL261005P00250000&greeks=true'
For more information check: https://developer.mozilla.org/en-US/docs/Web/HTTP/Status/401
2026-10-02T12:21:05 | INFO     | session_runner | AlpacaConfirmer: 0 confirmed symbols: []
2026-10-02T12:21:05 | WARNING  | session_runner | Re-scan returned no confirmed symbols — falling back to ['SPY']
2026-10-02T12:21:05 | INFO     | session_runner | Broad-market regime | SPY=neutral
2026-10-02T12:21:05 | INFO     | session_runner | [bridge:SPY] rsi_trend ready: sufficient bars
2026-10-02T12:21:05 | INFO     | session_runner | Stale signal: SPY/vwap_reclaim age=81 min > max 10 min — skipped
2026-10-02T12:21:05 | INFO     | session_runner | Stale signal: SPY/orb age=71 min > max 10 min — skipped
2026-10-02T12:21:05 | INFO     | session_runner | Stale signal: SPY/vwap_reclaim age=226 min > max 10 min — skipped
2026-10-02T12:21:05 | INFO     | session_runner | Stale signal: SPY/vwap_reclaim age=131 min > max 10 min — skipped
2026-10-02T12:21:36 | INFO     | session_runner | [cycle 332] 12:21:36 ET | positions=0 | entries=0
2026-10-02T12:21:36 | INFO     | session_runner | [bridge:SPY] rsi_trend ready: sufficient bars
2026-10-02T12:21:36 | INFO     | session_runner | Stale signal: SPY/vwap_reclaim age=82 min > max 10 min — skipped
2026-10-02T12:21:36 | INFO     | session_runner | Stale signal: SPY/orb age=72 min > max 10 min — skipped
2026-10-02T12:21:36 | INFO     | session_runner | Stale signal: SPY/vwap_reclaim age=227 min > max 10 min — skipped
2026-10-02T12:21:36 | INFO     | session_runner | Stale signal: SPY/vwap_reclaim age=132 min > max 10 min — skipped
2026-10-02T12:22:06 | INFO     | session_runner | [cycle 333] 12:22:06 ET | positions=0 | entries=0
2026-10-02T12:22:07 | INFO     | session_runner | [bridge:SPY] rsi_trend ready: sufficient bars
2026-10-02T12:22:07 | INFO     | session_runner | Stale signal: SPY/vwap_reclaim age=82 min > max 10 min — skipped
2026-10-02T12:22:07 | INFO     | session_runner | Stale signal: SPY/orb age=72 min > max 10 min — skipped
2026-10-02T12:22:07 | INFO     | session_runner | Stale signal: SPY/vwap_reclaim age=227 min > max 10 min — skipped
2026-10-02T12:22:07 | INFO     | session_runner | Stale signal: SPY/vwap_reclaim age=132 min > max 10 min — skipped
2026-10-02T12:22:37 | INFO     | session_runner | [cycle 334] 12:22:37 ET | positions=0 | entries=0
2026-10-02T12:22:37 | INFO     | session_runner | [bridge:SPY] rsi_trend ready: sufficient bars
2026-10-02T12:22:37 | INFO     | session_runner | Stale signal: SPY/vwap_reclaim age=83 min > max 10 min — skipped
2026-10-02T12:22:37 | INFO     | session_runner | Stale signal: SPY/orb age=73 min > max 10 min — skipped
2026-10-02T12:22:37 | INFO     | session_runner | Stale signal: SPY/vwap_reclaim age=228 min > max 10 min — skipped
2026-10-02T12:22:37 | INFO     | session_runner | Stale signal: SPY/vwap_reclaim age=133 min > max 10 min — skipped
2026-10-02T12:23:07 | INFO     | session_runner | [cycle 335] 12:23:07 ET | positions=0 | entries=0
2026-10-02T12:23:08 | INFO     | session_runner | [bridge:SPY] rsi_trend ready: sufficient bars
2026-10-02T12:23:08 | INFO     | session_runner | Stale signal: SPY/vwap_reclaim age=83 min > max 10 min — skipped
2026-10-02T12:23:08 | INFO     | session_runner | Stale signal: SPY/orb age=73 min > max 10 min — skipped
2026-10-02T12:23:08 | INFO     | session_runner | Stale signal: SPY/vwap_reclaim age=228 min > max 10 min — skipped
2026-10-02T12:23:08 | INFO     | session_runner | Stale signal: SPY/vwap_reclaim age=133 min > max 10 min — skipped
2026-10-02T12:23:38 | INFO     | session_runner | [cycle 336] 12:23:38 ET | positions=0 | entries=0
2026-10-02T12:23:39 | INFO     | session_runner | [bridge:SPY] rsi_trend ready: sufficient bars
2026-10-02T12:23:39 | INFO     | session_runner | Stale signal: SPY/vwap_reclaim age=84 min > max 10 min — skipped
2026-10-02T12:23:39 | INFO     | session_runner | Stale signal: SPY/orb age=74 min > max 10 min — skipped
2026-10-02T12:23:39 | INFO     | session_runner | Stale signal: SPY/vwap_reclaim age=229 min > max 10 min — skipped
2026-10-02T12:23:39 | INFO     | session_runner | Stale signal: SPY/vwap_reclaim age=134 min > max 10 min — skipped
2026-10-02T12:24:09 | INFO     | session_runner | [cycle 337] 12:24:09 ET | positions=0 | entries=0
2026-10-02T12:24:09 | INFO     | session_runner | [bridge:SPY] rsi_trend ready: sufficient bars
2026-10-02T12:24:09 | INFO     | session_runner | Stale signal: SPY/vwap_reclaim age=84 min > max 10 min — skipped
2026-10-02T12:24:09 | INFO     | session_runner | Stale signal: SPY/orb age=74 min > max 10 min — skipped
2026-10-02T12:24:09 | INFO     | session_runner | Stale signal: SPY/vwap_reclaim age=229 min > max 10 min — skipped
2026-10-02T12:24:09 | INFO     | session_runner | Stale signal: SPY/vwap_reclaim age=134 min > max 10 min — skipped
2026-10-02T12:24:39 | INFO     | session_runner | [cycle 338] 12:24:39 ET | positions=0 | entries=0
2026-10-02T12:24:40 | INFO     | session_runner | [bridge:SPY] rsi_trend ready: sufficient bars
2026-10-02T12:24:40 | INFO     | session_runner | Stale signal: SPY/vwap_reclaim age=85 min > max 10 min — skipped
2026-10-02T12:24:40 | INFO     | session_runner | Stale signal: SPY/orb age=75 min > max 10 min — skipped
2026-10-02T12:24:40 | INFO     | session_runner | Stale signal: SPY/vwap_reclaim age=230 min > max 10 min — skipped
2026-10-02T12:24:40 | INFO     | session_runner | Stale signal: SPY/vwap_reclaim age=135 min > max 10 min — skipped
2026-10-02T12:25:10 | INFO     | session_runner | [cycle 339] 12:25:10 ET | positions=0 | entries=0
2026-10-02T12:25:10 | INFO     | session_runner | [bridge:SPY] rsi_trend ready: sufficient bars
2026-10-02T12:25:10 | INFO     | session_runner | Stale signal: SPY/vwap_reclaim age=85 min > max 10 min — skipped
2026-10-02T12:25:10 | INFO     | session_runner | Stale signal: SPY/orb age=75 min > max 10 min — skipped
2026-10-02T12:25:10 | INFO     | session_runner | Stale signal: SPY/vwap_reclaim age=230 min > max 10 min — skipped
2026-10-02T12:25:10 | INFO     | session_runner | Stale signal: SPY/vwap_reclaim age=135 min > max 10 min — skipped
2026-10-02T12:25:40 | INFO     | session_runner | [cycle 340] 12:25:40 ET | positions=0 | entries=0
2026-10-02T12:25:41 | INFO     | session_runner | [bridge:SPY] rsi_trend ready: sufficient bars
2026-10-02T12:25:41 | INFO     | session_runner | Stale signal: SPY/vwap_reclaim age=86 min > max 10 min — skipped
2026-10-02T12:25:41 | INFO     | session_runner | Stale signal: SPY/orb age=76 min > max 10 min — skipped
2026-10-02T12:25:41 | INFO     | session_runner | Stale signal: SPY/vwap_reclaim age=231 min > max 10 min — skipped
2026-10-02T12:25:41 | INFO     | session_runner | Stale signal: SPY/vwap_reclaim age=136 min > max 10 min — skipped
2026-10-02T12:26:11 | INFO     | session_runner | [cycle 341] 12:26:11 ET | positions=0 | entries=0
2026-10-02T12:26:11 | INFO     | app.trading.reconciler | Reconciliation done: broker_pos=0 local_pos=0 broker_orders=0 local_pending=0 repaired=0 flagged=0 orders_confirmed=True positions_confirmed=True
2026-10-02T12:26:11 | INFO     | session_runner | Periodic universe re-scan …
2026-10-02T12:26:11 | INFO     | app.scanning.universe_loader | UniverseLoader: loaded 5 groups (13 flat symbols) from config/ticker_universe.yaml (blacklist=0)
2026-10-02T12:26:11 | INFO     | app.scanning.universe_loader | UniverseLoader: 38 symbols from 4 group(s) (blacklist=0)
2026-10-02T12:26:11 | INFO     | session_runner | Universe scan: 38 symbols from 4 group(s) | max_active=6
2026-10-02T12:26:16 | INFO     | session_runner | Scan: 20 passed, 18 rejected
2026-10-02T12:26:16 | INFO     | session_runner |   TSLA    score=95.0  signal=LONG     reasons: rvol=2.04x (high), atr=3.21% (wide-range), orb_breakout
2026-10-02T12:26:16 | INFO     | session_runner |   RIVN    score=85.0  signal=SHORT    reasons: rvol=3.40x (high), atr=4.84% (wide-range), orb_breakdown
2026-10-02T12:26:16 | INFO     | session_runner |   IWM     score=78.0  signal=SHORT    reasons: rvol=1.96x (elevated), atr=1.31% (good range), orb_breakdown
2026-10-02T12:26:16 | INFO     | session_runner |   HOOD    score=77.0  signal=SHORT    reasons: rvol=1.59x (elevated), atr=5.38% (wide-range), orb_breakdown
2026-10-02T12:26:16 | INFO     | session_runner |   AMZN    score=75.0  signal=SHORT    reasons: rvol=1.07x (normal), atr=2.11% (wide-range), orb_breakdown
2026-10-02T12:26:16 | WARNING  | app.scanning.alpaca_confirmer | AlpacaConfirmer: cannot fetch chain for RIOT 2026-10-09: Client error '401 Unauthorized' for url 'https://api.tradier.com/v1/markets/quotes?symbols=RIOT261009C00008000%2CRIOT261009C00009000%2CRIOT261009C00010000%2CRIOT261009C00011000%2CRIOT261009C00012000%2CRIOT261009C00013000%2CRIOT261009C00014000%2CRIOT261009C00015000%2CRIOT261009C00016000%2CRIOT261009C00017000%2CRIOT261009C00017500%2CRIOT261009C00018000%2CRIOT261009C00018500%2CRIOT261009C00019000%2CRIOT261009C00019500%2CRIOT261009C00020000%2CRIOT261009C00020500%2CRIOT261009C00021000%2CRIOT261009C00021500%2CRIOT261009C00022000%2CRIOT261009C00022500%2CRIOT261009C00023000%2CRIOT261009C00023500%2CRIOT261009C00024000%2CRIOT261009C00024500%2CRIOT261009C00025000%2CRIOT261009C00025500%2CRIOT261009C00026000%2CRIOT261009C00026500%2CRIOT261009C00027000%2CRIOT261009C00027500%2CRIOT261009C00028000%2CRIOT261009C00028500%2CRIOT261009C00029000%2CRIOT261009C00029500%2CRIOT261009C00030000%2CRIOT261009C00031000%2CRIOT261009C00032000%2CRIOT261009C00033000%2CRIOT261009C00034000%2CRIOT261009C00035000%2CRIOT261009P00008000%2CRIOT261009P00009000%2CRIOT261009P00010000%2CRIOT261009P00011000%2CRIOT261009P00012000%2CRIOT261009P00013000%2CRIOT261009P00014000%2CRIOT261009P00015000%2CRIOT261009P00016000&greeks=true'
For more information check: https://developer.mozilla.org/en-US/docs/Web/HTTP/Status/401
2026-10-02T12:26:16 | WARNING  | app.scanning.alpaca_confirmer | AlpacaConfirmer: cannot fetch chain for TSLA 2026-10-05: Client error '401 Unauthorized' for url 'https://api.tradier.com/v1/markets/quotes?symbols=TSLA261005C00250000%2CTSLA261005C00255000%2CTSLA261005C00260000%2CTSLA261005C00265000%2CTSLA261005C00270000%2CTSLA261005C00275000%2CTSLA261005C00280000%2CTSLA261005C00285000%2CTSLA261005C00290000%2CTSLA261005C00295000%2CTSLA261005C00300000%2CTSLA261005C00305000%2CTSLA261005C00310000%2CTSLA261005C00315000%2CTSLA261005C00317500%2CTSLA261005C00320000%2CTSLA261005C00322500%2CTSLA261005C00325000%2CTSLA261005C00327500%2CTSLA261005C00330000%2CTSLA261005C00332500%2CTSLA261005C00335000%2CTSLA261005C00337500%2CTSLA261005C00340000%2CTSLA261005C00342500%2CTSLA261005C00345000%2CTSLA261005C00347500%2CTSLA261005C00350000%2CTSLA261005C00352500%2CTSLA261005C00355000%2CTSLA261005C00357500%2CTSLA261005C00360000%2CTSLA261005C00362500%2CTSLA261005C00365000%2CTSLA261005C00367500%2CTSLA261005C00370000%2CTSLA261005C00372500%2CTSLA261005C00375000%2CTSLA261005C00377500%2CTSLA261005C00380000%2CTSLA261005C00382500%2CTSLA261005C00385000%2CTSLA261005C00387500%2CTSLA261005C00390000%2CTSLA261005C00392500%2CTSLA261005C00395000%2CTSLA261005C00397500%2CTSLA261005C00400000%2CTSLA261005C00402500%2CTSLA261005C00405000&greeks=true'
For more information check: https://developer.mozilla.org/en-US/docs/Web/HTTP/Status/401
2026-10-02T12:26:16 | WARNING  | app.scanning.alpaca_confirmer | AlpacaConfirmer: cannot fetch chain for RIVN 2026-10-09: Client error '401 Unauthorized' for url 'https://api.tradier.com/v1/markets/quotes?symbols=RIVN261009C00005000%2CRIVN261009C00009000%2CRIVN261009C00010000%2CRIVN261009C00010500%2CRIVN261009C00011000%2CRIVN261009C00011500%2CRIVN261009C00012000%2CRIVN261009C00012500%2CRIVN261009C00013000%2CRIVN261009C00013500%2CRIVN261009C00014000%2CRIVN261009C00014500%2CRIVN261009C00015000%2CRIVN261009C00015500%2CRIVN261009C00016000%2CRIVN261009C00016500%2CRIVN261009C00017000%2CRIVN261009C00017500%2CRIVN261009C00018000%2CRIVN261009C00018500%2CRIVN261009C00019000%2CRIVN261009C00019500%2CRIVN261009C00020000%2CRIVN261009C00020500%2CRIVN261009C00021000%2CRIVN261009C00021500%2CRIVN261009C00022000%2CRIVN261009C00023000%2CRIVN261009C00024000%2CRIVN261009C00025000%2CRIVN261009C00030000%2CRIVN261009P00005000%2CRIVN261009P00009000%2CRIVN261009P00010000%2CRIVN261009P00010500%2CRIVN261009P00011000%2CRIVN261009P00011500%2CRIVN261009P00012000%2CRIVN261009P00012500%2CRIVN261009P00013000%2CRIVN261009P00013500%2CRIVN261009P00014000%2CRIVN261009P00014500%2CRIVN261009P00015000%2CRIVN261009P00015500%2CRIVN261009P00016000%2CRIVN261009P00016500%2CRIVN261009P00017000%2CRIVN261009P00017500%2CRIVN261009P00018000&greeks=true'
For more information check: https://developer.mozilla.org/en-US/docs/Web/HTTP/Status/401
2026-10-02T12:26:16 | WARNING  | app.scanning.alpaca_confirmer | AlpacaConfirmer: cannot fetch chain for AAPL 2026-10-05: Client error '401 Unauthorized' for url 'https://api.tradier.com/v1/markets/quotes?symbols=AAPL261005C00245000%2CAAPL261005C00250000%2CAAPL261005C00255000%2CAAPL261005C00260000%2CAAPL261005C00265000%2CAAPL261005C00270000%2CAAPL261005C00275000%2CAAPL261005C00280000%2CAAPL261005C00285000%2CAAPL261005C00290000%2CAAPL261005C00295000%2CAAPL261005C00300000%2CAAPL261005C00302500%2CAAPL261005C00305000%2CAAPL261005C00307500%2CAAPL261005C00310000%2CAAPL261005C00312500%2CAAPL261005C00315000%2CAAPL261005C00317500%2CAAPL261005C00320000%2CAAPL261005C00322500%2CAAPL261005C00325000%2CAAPL261005C00327500%2CAAPL261005C00330000%2CAAPL261005C00332500%2CAAPL261005C00335000%2CAAPL261005C00337500%2CAAPL261005C00340000%2CAAPL261005C00342500%2CAAPL261005C00345000%2CAAPL261005C00347500%2CAAPL261005C00350000%2CAAPL261005C00352500%2CAAPL261005C00355000%2CAAPL261005C00357500%2CAAPL261005C00360000%2CAAPL261005C00362500%2CAAPL261005C00365000%2CAAPL261005C00367500%2CAAPL261005C00370000%2CAAPL261005C00372500%2CAAPL261005C00375000%2CAAPL261005C00380000%2CAAPL261005C00385000%2CAAPL261005C00390000%2CAAPL261005C00395000%2CAAPL261005C00400000%2CAAPL261005C00405000%2CAAPL261005P00245000%2CAAPL261005P00250000&greeks=true'
For more information check: https://developer.mozilla.org/en-US/docs/Web/HTTP/Status/401
2026-10-02T12:26:16 | WARNING  | app.scanning.alpaca_confirmer | AlpacaConfirmer: cannot fetch chain for SPY 2026-10-05: Client error '401 Unauthorized' for url 'https://api.tradier.com/v1/markets/quotes?symbols=SPY261005C00550000%2CSPY261005C00555000%2CSPY261005C00560000%2CSPY261005C00565000%2CSPY261005C00570000%2CSPY261005C00575000%2CSPY261005C00580000%2CSPY261005C00585000%2CSPY261005C00590000%2CSPY261005C00595000%2CSPY261005C00600000%2CSPY261005C00605000%2CSPY261005C00610000%2CSPY261005C00615000%2CSPY261005C00620000%2CSPY261005C00625000%2CSPY261005C00630000%2CSPY261005C00635000%2CSPY261005C00640000%2CSPY261005C00645000%2CSPY261005C00650000%2CSPY261005C00655000%2CSPY261005C00660000%2CSPY261005C00665000%2CSPY261005C00670000%2CSPY261005C00675000%2CSPY261005C00680000%2CSPY261005C00685000%2CSPY261005C00690000%2CSPY261005C00695000%2CSPY261005C00700000%2CSPY261005C00705000%2CSPY261005C00710000%2CSPY261005C00715000%2CSPY261005C00720000%2CSPY261005C00723000%2CSPY261005C00724000%2CSPY261005C00725000%2CSPY261005C00726000%2CSPY261005C00727000%2CSPY261005C00728000%2CSPY261005C00729000%2CSPY261005C00730000%2CSPY261005C00731000%2CSPY261005C00732000%2CSPY261005C00733000%2CSPY261005C00734000%2CSPY261005C00735000%2CSPY261005C00736000%2CSPY261005C00737000&greeks=true'
For more information check: https://developer.mozilla.org/en-US/docs/Web/HTTP/Status/401
2026-10-02T12:26:16 | WARNING  | app.scanning.alpaca_confirmer | AlpacaConfirmer: cannot fetch chain for DKNG 2026-10-09: Client error '401 Unauthorized' for url 'https://api.tradier.com/v1/markets/quotes?symbols=DKNG261009C00010000%2CDKNG261009C00011000%2CDKNG261009C00012000%2CDKNG261009C00013000%2CDKNG261009C00014000%2CDKNG261009C00015000%2CDKNG261009C00016000%2CDKNG261009C00017000%2CDKNG261009C00018000%2CDKNG261009C00019000%2CDKNG261009C00020000%2CDKNG261009C00020500%2CDKNG261009C00021000%2CDKNG261009C00021500%2CDKNG261009C00022000%2CDKNG261009C00022500%2CDKNG261009C00023000%2CDKNG261009C00023500%2CDKNG261009C00024000%2CDKNG261009C00024500%2CDKNG261009C00025000%2CDKNG261009C00025500%2CDKNG261009C00026000%2CDKNG261009C00026500%2CDKNG261009C00027000%2CDKNG261009C00027500%2CDKNG261009C00028000%2CDKNG261009C00028500%2CDKNG261009C00029000%2CDKNG261009C00030000%2CDKNG261009C00031000%2CDKNG261009C00032000%2CDKNG261009C00033000%2CDKNG261009C00034000%2CDKNG261009C00035000%2CDKNG261009P00010000%2CDKNG261009P00011000%2CDKNG261009P00012000%2CDKNG261009P00013000%2CDKNG261009P00014000%2CDKNG261009P00015000%2CDKNG261009P00016000%2CDKNG261009P00017000%2CDKNG261009P00018000%2CDKNG261009P00019000%2CDKNG261009P00020000%2CDKNG261009P00020500%2CDKNG261009P00021000%2CDKNG261009P00021500%2CDKNG261009P00022000&greeks=true'
For more information check: https://developer.mozilla.org/en-US/docs/Web/HTTP/Status/401
2026-10-02T12:26:16 | WARNING  | app.scanning.alpaca_confirmer | AlpacaConfirmer: cannot fetch chain for MARA 2026-10-09: Client error '401 Unauthorized' for url 'https://api.tradier.com/v1/markets/quotes?symbols=MARA261009C00004000%2CMARA261009C00005000%2CMARA261009C00006000%2CMARA261009C00006500%2CMARA261009C00007000%2CMARA261009C00007500%2CMARA261009C00008000%2CMARA261009C00008500%2CMARA261009C00009000%2CMARA261009C00009500%2CMARA261009C00010000%2CMARA261009C00010500%2CMARA261009C00011000%2CMARA261009C00011500%2CMARA261009C00012000%2CMARA261009C00012500%2CMARA261009C00013000%2CMARA261009C00013500%2CMARA261009C00014000%2CMARA261009C00014500%2CMARA261009C00015000%2CMARA261009C00015500%2CMARA261009C00016000%2CMARA261009C00016500%2CMARA261009C00017000%2CMARA261009C00017500%2CMARA261009C00018000%2CMARA261009C00019000%2CMARA261009C00020000%2CMARA261009C00021000%2CMARA261009C00022000%2CMARA261009C00023000%2CMARA261009P00004000%2CMARA261009P00005000%2CMARA261009P00006000%2CMARA261009P00006500%2CMARA261009P00007000%2CMARA261009P00007500%2CMARA261009P00008000%2CMARA261009P00008500%2CMARA261009P00009000%2CMARA261009P00009500%2CMARA261009P00010000%2CMARA261009P00010500%2CMARA261009P00011000%2CMARA261009P00011500%2CMARA261009P00012000%2CMARA261009P00012500%2CMARA261009P00013000%2CMARA261009P00013500&greeks=true'
For more information check: https://developer.mozilla.org/en-US/docs/Web/HTTP/Status/401
2026-10-02T12:26:16 | WARNING  | app.scanning.alpaca_confirmer | AlpacaConfirmer: cannot fetch chain for MSFT 2026-10-05: Client error '401 Unauthorized' for url 'https://api.tradier.com/v1/markets/quotes?symbols=MSFT261005C00420000%2CMSFT261005C00425000%2CMSFT261005C00430000%2CMSFT261005C00435000%2CMSFT261005C00440000%2CMSFT261005C00445000%2CMSFT261005C00450000%2CMSFT261005C00452500%2CMSFT261005C00455000%2CMSFT261005C00457500%2CMSFT261005C00460000%2CMSFT261005C00462500%2CMSFT261005C00465000%2CMSFT261005C00467500%2CMSFT261005C00470000%2CMSFT261005C00472500%2CMSFT261005C00475000%2CMSFT261005C00477500%2CMSFT261005C00480000%2CMSFT261005C00482500%2CMSFT261005C00485000%2CMSFT261005C00487500%2CMSFT261005C00490000%2CMSFT261005C00492500%2CMSFT261005C00495000%2CMSFT261005C00497500%2CMSFT261005C00500000%2CMSFT261005C00502500%2CMSFT261005C00505000%2CMSFT261005C00507500%2CMSFT261005C00510000%2CMSFT261005C00512500%2CMSFT261005C00515000%2CMSFT261005C00517500%2CMSFT261005C00520000%2CMSFT261005C00522500%2CMSFT261005C00525000%2CMSFT261005C00527500%2CMSFT261005C00530000%2CMSFT261005C00532500%2CMSFT261005C00535000%2CMSFT261005C00537500%2CMSFT261005C00540000%2CMSFT261005C00542500%2CMSFT261005C00545000%2CMSFT261005C00547500%2CMSFT261005C00550000%2CMSFT261005C00552500%2CMSFT261005C00555000%2CMSFT261005C00557500&greeks=true'
For more information check: https://developer.mozilla.org/en-US/docs/Web/HTTP/Status/401
2026-10-02T12:26:16 | WARNING  | app.scanning.alpaca_confirmer | AlpacaConfirmer: cannot fetch chain for AMZN 2026-10-05: Client error '401 Unauthorized' for url 'https://api.tradier.com/v1/markets/quotes?symbols=AMZN261005C00180000%2CAMZN261005C00185000%2CAMZN261005C00190000%2CAMZN261005C00195000%2CAMZN261005C00200000%2CAMZN261005C00205000%2CAMZN261005C00210000%2CAMZN261005C00215000%2CAMZN261005C00220000%2CAMZN261005C00222500%2CAMZN261005C00225000%2CAMZN261005C00227500%2CAMZN261005C00230000%2CAMZN261005C00232500%2CAMZN261005C00235000%2CAMZN261005C00237500%2CAMZN261005C00240000%2CAMZN261005C00242500%2CAMZN261005C00245000%2CAMZN261005C00247500%2CAMZN261005C00250000%2CAMZN261005C00252500%2CAMZN261005C00255000%2CAMZN261005C00257500%2CAMZN261005C00260000%2CAMZN261005C00262500%2CAMZN261005C00265000%2CAMZN261005C00267500%2CAMZN261005C00270000%2CAMZN261005C00272500%2CAMZN261005C00275000%2CAMZN261005C00277500%2CAMZN261005C00280000%2CAMZN261005C00282500%2CAMZN261005C00285000%2CAMZN261005C00290000%2CAMZN261005C00295000%2CAMZN261005C00300000%2CAMZN261005C00305000%2CAMZN261005C00310000%2CAMZN261005C00315000%2CAMZN261005C00320000%2CAMZN261005C00325000%2CAMZN261005C00330000%2CAMZN261005C00335000%2CAMZN261005P00180000%2CAMZN261005P00185000%2CAMZN261005P00190000%2CAMZN261005P00195000%2CAMZN261005P00200000&greeks=true'
For more information check: https://developer.mozilla.org/en-US/docs/Web/HTTP/Status/401
2026-10-02T12:26:16 | WARNING  | app.scanning.alpaca_confirmer | AlpacaConfirmer: cannot fetch chain for HOOD 2026-10-09: Client error '401 Unauthorized' for url 'https://api.tradier.com/v1/markets/quotes?symbols=HOOD261009C00025000%2CHOOD261009C00030000%2CHOOD261009C00035000%2CHOOD261009C00040000%2CHOOD261009C00045000%2CHOOD261009C00050000%2CHOOD261009C00055000%2CHOOD261009C00060000%2CHOOD261009C00065000%2CHOOD261009C00070000%2CHOOD261009C00075000%2CHOOD261009C00080000%2CHOOD261009C00085000%2CHOOD261009C00090000%2CHOOD261009C00091000%2CHOOD261009C00092000%2CHOOD261009C00093000%2CHOOD261009C00094000%2CHOOD261009C00095000%2CHOOD261009C00096000%2CHOOD261009C00097000%2CHOOD261009C00098000%2CHOOD261009C00099000%2CHOOD261009C00100000%2CHOOD261009C00101000%2CHOOD261009C00102000%2CHOOD261009C00103000%2CHOOD261009C00104000%2CHOOD261009C00105000%2CHOOD261009C00106000%2CHOOD261009C00107000%2CHOOD261009C00108000%2CHOOD261009C00109000%2CHOOD261009C00110000%2CHOOD261009C00111000%2CHOOD261009C00112000%2CHOOD261009C00113000%2CHOOD261009C00114000%2CHOOD261009C00115000%2CHOOD261009C00116000%2CHOOD261009C00117000%2CHOOD261009C00118000%2CHOOD261009C00119000%2CHOOD261009C00120000%2CHOOD261009C00121000%2CHOOD261009C00122000%2CHOOD261009C00123000%2CHOOD261009C00124000%2CHOOD261009C00125000%2CHOOD261009C00126000&greeks=true'
For more information check: https://developer.mozilla.org/en-US/docs/Web/HTTP/Status/401
2026-10-02T12:26:16 | WARNING  | app.scanning.alpaca_confirmer | AlpacaConfirmer: cannot fetch chain for IWM 2026-10-05: Client error '401 Unauthorized' for url 'https://api.tradier.com/v1/markets/quotes?symbols=IWM261005C00180000%2CIWM261005C00190000%2CIWM261005C00200000%2CIWM261005C00205000%2CIWM261005C00210000%2CIWM261005C00215000%2CIWM261005C00220000%2CIWM261005C00225000%2CIWM261005C00230000%2CIWM261005C00235000%2CIWM261005C00240000%2CIWM261005C00245000%2CIWM261005C00250000%2CIWM261005C00255000%2CIWM261005C00260000%2CIWM261005C00261000%2CIWM261005C00262000%2CIWM261005C00263000%2CIWM261005C00264000%2CIWM261005C00265000%2CIWM261005C00266000%2CIWM261005C00267000%2CIWM261005C00268000%2CIWM261005C00269000%2CIWM261005C00270000%2CIWM261005C00271000%2CIWM261005C00272000%2CIWM261005C00273000%2CIWM261005C00274000%2CIWM261005C00275000%2CIWM261005C00276000%2CIWM261005C00277000%2CIWM261005C00278000%2CIWM261005C00279000%2CIWM261005C00280000%2CIWM261005C00281000%2CIWM261005C00282000%2CIWM261005C00283000%2CIWM261005C00284000%2CIWM261005C00285000%2CIWM261005C00286000%2CIWM261005C00287000%2CIWM261005C00288000%2CIWM261005C00289000%2CIWM261005C00290000%2CIWM261005C00291000%2CIWM261005C00292000%2CIWM261005C00293000%2CIWM261005C00294000%2CIWM261005C00295000&greeks=true'
For more information check: https://developer.mozilla.org/en-US/docs/Web/HTTP/Status/401
2026-10-02T12:26:16 | WARNING  | app.scanning.alpaca_confirmer | AlpacaConfirmer: cannot fetch chain for AVGO 2026-10-05: Client error '401 Unauthorized' for url 'https://api.tradier.com/v1/markets/quotes?symbols=AVGO261005C00285000%2CAVGO261005C00290000%2CAVGO261005C00295000%2CAVGO261005C00300000%2CAVGO261005C00305000%2CAVGO261005C00310000%2CAVGO261005C00315000%2CAVGO261005C00317500%2CAVGO261005C00320000%2CAVGO261005C00322500%2CAVGO261005C00325000%2CAVGO261005C00327500%2CAVGO261005C00330000%2CAVGO261005C00332500%2CAVGO261005C00335000%2CAVGO261005C00337500%2CAVGO261005C00340000%2CAVGO261005C00342500%2CAVGO261005C00345000%2CAVGO261005C00347500%2CAVGO261005C00350000%2CAVGO261005C00352500%2CAVGO261005C00355000%2CAVGO261005C00357500%2CAVGO261005C00360000%2CAVGO261005C00362500%2CAVGO261005C00365000%2CAVGO261005C00367500%2CAVGO261005C00370000%2CAVGO261005C00372500%2CAVGO261005C00375000%2CAVGO261005C00377500%2CAVGO261005C00380000%2CAVGO261005C00382500%2CAVGO261005C00385000%2CAVGO261005C00387500%2CAVGO261005C00390000%2CAVGO261005C00392500%2CAVGO261005C00395000%2CAVGO261005C00397500%2CAVGO261005C00400000%2CAVGO261005C00402500%2CAVGO261005C00405000%2CAVGO261005C00407500%2CAVGO261005C00410000%2CAVGO261005C00412500%2CAVGO261005C00415000%2CAVGO261005C00417500%2CAVGO261005C00420000%2CAVGO261005C00422500&greeks=true'
For more information check: https://developer.mozilla.org/en-US/docs/Web/HTTP/Status/401
2026-10-02T12:26:16 | INFO     | session_runner | AlpacaConfirmer: 0 confirmed symbols: []
2026-10-02T12:26:16 | WARNING  | session_runner | Re-scan returned no confirmed symbols — falling back to ['SPY']
2026-10-02T12:26:16 | INFO     | session_runner | Broad-market regime | SPY=short
2026-10-02T12:26:17 | INFO     | session_runner | [bridge:SPY] rsi_trend ready: sufficient bars
2026-10-02T12:26:17 | INFO     | session_runner | Stale signal: SPY/vwap_reclaim age=86 min > max 10 min — skipped
2026-10-02T12:26:17 | INFO     | session_runner | Stale signal: SPY/orb age=76 min > max 10 min — skipped
2026-10-02T12:26:17 | INFO     | session_runner | Stale signal: SPY/vwap_reclaim age=231 min > max 10 min — skipped
2026-10-02T12:26:17 | INFO     | session_runner | Stale signal: SPY/vwap_reclaim age=136 min > max 10 min — skipped
2026-10-02T12:26:47 | INFO     | session_runner | [cycle 342] 12:26:47 ET | positions=0 | entries=0
2026-10-02T12:26:47 | INFO     | session_runner | [bridge:SPY] rsi_trend ready: sufficient bars
2026-10-02T12:26:47 | INFO     | session_runner | Stale signal: SPY/vwap_reclaim age=87 min > max 10 min — skipped
2026-10-02T12:26:47 | INFO     | session_runner | Stale signal: SPY/orb age=77 min > max 10 min — skipped
2026-10-02T12:26:47 | INFO     | session_runner | Stale signal: SPY/vwap_reclaim age=232 min > max 10 min — skipped
2026-10-02T12:26:47 | INFO     | session_runner | Stale signal: SPY/vwap_reclaim age=137 min > max 10 min — skipped
2026-10-02T12:27:17 | INFO     | session_runner | [cycle 343] 12:27:17 ET | positions=0 | entries=0
2026-10-02T12:27:18 | INFO     | session_runner | [bridge:SPY] rsi_trend ready: sufficient bars
2026-10-02T12:27:18 | INFO     | session_runner | Stale signal: SPY/vwap_reclaim age=87 min > max 10 min — skipped
2026-10-02T12:27:18 | INFO     | session_runner | Stale signal: SPY/orb age=77 min > max 10 min — skipped
2026-10-02T12:27:18 | INFO     | session_runner | Stale signal: SPY/vwap_reclaim age=232 min > max 10 min — skipped
2026-10-02T12:27:18 | INFO     | session_runner | Stale signal: SPY/vwap_reclaim age=137 min > max 10 min — skipped
2026-10-02T12:27:48 | INFO     | session_runner | [cycle 344] 12:27:48 ET | positions=0 | entries=0
2026-10-02T12:27:48 | INFO     | session_runner | [bridge:SPY] rsi_trend ready: sufficient bars
2026-10-02T12:27:48 | INFO     | session_runner | Stale signal: SPY/vwap_reclaim age=88 min > max 10 min — skipped
2026-10-02T12:27:48 | INFO     | session_runner | Stale signal: SPY/orb age=78 min > max 10 min — skipped
2026-10-02T12:27:48 | INFO     | session_runner | Stale signal: SPY/vwap_reclaim age=233 min > max 10 min — skipped
2026-10-02T12:27:48 | INFO     | session_runner | Stale signal: SPY/vwap_reclaim age=138 min > max 10 min — skipped
2026-10-02T12:28:18 | INFO     | session_runner | [cycle 345] 12:28:18 ET | positions=0 | entries=0
2026-10-02T12:28:19 | INFO     | session_runner | [bridge:SPY] rsi_trend ready: sufficient bars
2026-10-02T12:28:19 | INFO     | session_runner | Stale signal: SPY/vwap_reclaim age=88 min > max 10 min — skipped
2026-10-02T12:28:19 | INFO     | session_runner | Stale signal: SPY/orb age=78 min > max 10 min — skipped
2026-10-02T12:28:19 | INFO     | session_runner | Stale signal: SPY/vwap_reclaim age=233 min > max 10 min — skipped
2026-10-02T12:28:19 | INFO     | session_runner | Stale signal: SPY/vwap_reclaim age=138 min > max 10 min — skipped
2026-10-02T12:28:49 | INFO     | session_runner | [cycle 346] 12:28:49 ET | positions=0 | entries=0
2026-10-02T12:28:49 | INFO     | session_runner | [bridge:SPY] rsi_trend ready: sufficient bars
2026-10-02T12:28:49 | INFO     | session_runner | Stale signal: SPY/vwap_reclaim age=89 min > max 10 min — skipped
2026-10-02T12:28:49 | INFO     | session_runner | Stale signal: SPY/orb age=79 min > max 10 min — skipped
2026-10-02T12:28:49 | INFO     | session_runner | Stale signal: SPY/vwap_reclaim age=234 min > max 10 min — skipped
2026-10-02T12:28:49 | INFO     | session_runner | Stale signal: SPY/vwap_reclaim age=139 min > max 10 min — skipped
2026-10-02T12:29:19 | INFO     | session_runner | [cycle 347] 12:29:19 ET | positions=0 | entries=0
2026-10-02T12:29:20 | INFO     | session_runner | [bridge:SPY] rsi_trend ready: sufficient bars
2026-10-02T12:29:20 | INFO     | session_runner | Stale signal: SPY/vwap_reclaim age=89 min > max 10 min — skipped
2026-10-02T12:29:20 | INFO     | session_runner | Stale signal: SPY/orb age=79 min > max 10 min — skipped
2026-10-02T12:29:20 | INFO     | session_runner | Stale signal: SPY/vwap_reclaim age=234 min > max 10 min — skipped
2026-10-02T12:29:20 | INFO     | session_runner | Stale signal: SPY/vwap_reclaim age=139 min > max 10 min — skipped
2026-10-02T12:29:50 | INFO     | session_runner | [cycle 348] 12:29:50 ET | positions=0 | entries=0
2026-10-02T12:29:50 | INFO     | session_runner | [bridge:SPY] rsi_trend ready: sufficient bars
2026-10-02T12:29:50 | INFO     | session_runner | Stale signal: SPY/vwap_reclaim age=90 min > max 10 min — skipped
2026-10-02T12:29:50 | INFO     | session_runner | Stale signal: SPY/orb age=80 min > max 10 min — skipped
2026-10-02T12:29:50 | INFO     | session_runner | Stale signal: SPY/vwap_reclaim age=235 min > max 10 min — skipped
2026-10-02T12:29:50 | INFO     | session_runner | Stale signal: SPY/vwap_reclaim age=140 min > max 10 min — skipped
2026-10-02T12:30:20 | INFO     | session_runner | [cycle 349] 12:30:20 ET | positions=0 | entries=0
2026-10-02T12:30:20 | WARNING  | session_runner | EOD time reached — cancelling pending orders and liquidating all positions
2026-10-02T12:30:20 | INFO     | session_runner | EOD complete — exiting session loop
2026-10-02T12:30:20 | INFO     | session_runner | Shutdown: 0 position(s) open, 0 order(s) pending
2026-10-02T12:30:20 | INFO     | session_runner | Health report: {"session_date": "2026-10-02", "generated_at": "2026-10-02T12:30:20.708949-04:00", "api_errors": 0, "data_feed_errors": 0, "reconciliation_warnings": [], "trades": {"total_closed": 0, "wins": 0, "losses": 0, "breakevens": 0, "missing_pnl": 0, "win_rate": 0.0, "still_open": 0, "rejected": 0, "cancelled": 0}, "realized_pnl": 0, "pnl_complete": true, "unrealized_pnl": 0, "avg_win": 0.0, "avg_loss": 0.0, "max_drawdown": 0.0, "orders": {"submitted": 0, "filled": 0, "partial_fills": 0, "cancelled": 0, "stale_cancels": 0, "rejected": 0, "status_breakdown": {}}, "by_strategy": {}}
2026-10-02T12:30:20 | INFO     | session_runner | Health report written to logs/session_2026-10-02.json
2026-10-02T12:30:20 | INFO     | app.evaluation.orb_forward_performance | ORB forward performance: updated 9/9 rows for 2026-10-02
2026-10-02T12:30:20 | INFO     | app.evaluation.post_session | Post-session: ORB forward performance: 9 rows updated
2026-10-02T12:30:21 | INFO     | app.evaluation.post_session | Post-session: evaluation report saved → evaluation/reports/2026-10-02.json
2026-10-02T12:30:21 | INFO     | app.evaluation.post_session | Post-session: using separate scaled-sizing ledger evaluation/ledger.options_tradier.guardrails_v3_tradier_options_2026_09_08.paper_scaled_250_cap_10.guardrails_v3_shadow_validation.json
2026-10-02T12:30:21 | INFO     | app.evaluation.ledger | Evaluation ledger saved to evaluation/ledger.options_tradier.guardrails_v3_tradier_options_2026_09_08.paper_scaled_250_cap_10.guardrails_v3_shadow_validation.json (16 session(s))
2026-10-02T12:30:21 | INFO     | app.evaluation.post_session | Post-session complete | date=2026-10-02 | cancelled=0 | report=evaluation/reports/2026-10-02.json | ledger=True
2026-10-02T12:30:21 | INFO     | session_runner | Post-session evaluation | report=evaluation/reports/2026-10-02.json | ledger_updated=True | errors=none
2026-10-02T12:30:21 | INFO     | session_runner | Session complete | cycles=349 | entry_orders_placed=0 | pnl=0.00

  Session complete — 349 cycles | 0 entry order(s) | P&L $0.00

